context,item_id,alternative_id,nudge_type,action,reward,algorithm,dwell_time_ms,is_exploration
"[0.15999999999999998, -0.15999999999999998, -0.18367346938775508, 0.3225806451612903, 0.0571428571428572, 0.0, 0.0, 0.0, 1.0, 0.659874950334628, 1.0, 0.0, 0.0, 0.0, 0.0, 0.0, 0.0, 0.0]",59417,152287,N1,dismiss,0.0,ts,2279,1
"[0.14, -0.14, -0.02666666666666673, 0.0625, -0.1, 0.0, 0.0, 0.0, 1.0, 0.7465385609804288, 1.0, 0.0, 0.0, 0.0, 0.0, 0.0, 0.0, 0.0]",141632,69993,N2,dismiss,-0.024999999999999998,ts,2699,1
"[0.24999999999999997, -0.24999999999999997, -0.3948, 0.0, 0.0, 0.0, 0.0, 0.0, 1.0, 0.7303946234902753, 1.0, 0.0, 0.0, 0.0, 0.0, 0.0, 0.0, 0.0]",69946,90167,N3,accept,0.07916666666666666,ts,2790,1
"[0.44, -0.44, -0.36727879799666113, 0.09333333333333334, -0.5545454545454546, 0.0, 0.0, 0.0, 1.0, 0.6644712254801234, 1.0, 0.0, 0.0, 0.0, 0.0, 0.0, 0.0, 0.0]",16729,49086,N4,dismiss,-0.075,ts,966,1
"[0.20000000000000007, -0.20000000000000007, 0.1919342793129201, -0.036619718309859155, 0.0, 0.0, 0.0, 0.0, 1.0, 0.7484790869243222, 1.0, 0.0, 0.0, 0.0, 0.0, 0.0, 0.0, 0.0]",123260,107170,N5,dismiss,-0.09999999999999999,ts,849,1
"[0.889795918367347, -0.889795918367347, -0.6873826903023983, 0.35185185185185186, -0.375, 0.0, 0.0, 0.0, 1.0, 0.6632451610251665, 1.0, 0.0, 0.0, 0.0, 0.0, 0.0, 0.0, 0.0]",55915,128284,N6,dismiss,-0.125,ts,2317,1
"[0.16666666666666666, -0.16666666666666666, -0.20834770610555362, -0.4076086956521739, -0.45454545454545453, 0.0, 0.0, 0.0, 1.0, 0.5698890166605731, 1.0, 0.0, 0.0, 0.0, 0.0, 0.0, 0.0, 0.0]",71447,164355,N3,accept,0.20833333333333331,ts,406,1
"[0.367741935483871, -0.367741935483871, -0.7515625, 0.0, 0.0285714285714286, 0.0, 0.0, 0.0, 1.0, 0.7115876821475319, 1.0, 0.0, 0.0, 0.0, 0.0, 0.0, 0.0, 0.0]",15686,105872,N3,accept,0.3251612903225806,ts,1891,1
"[0.06086956521739117, -0.06086956521739117, 0.1509433962264151, -0.002849002849002849, 0.07142857142857142, 0.0, 0.0, 0.0, 1.0, 0.6998266361785278, 1.0, 0.0, 0.0, 0.0, 0.0, 0.0, 0.0, 0.0]",39517,15687,N2,dismiss,-0.19999999999999998,ts,910,0
"[0.6875, -0.6875, 0.05571428571428579, 0.18461538461538463, -0.6592592592592593, 0.0, 0.0, 0.0, 1.0, 0.7663329371063949, 1.0, 0.0, 0.0, 0.0, 0.0, 0.0, 0.0, 0.0]",20014,140660,N1,dismiss,-0.22499999999999998,ts,2072,1
"[0.18831168831168835, -0.18831168831168835, 0.0, 0.15942028985507245, 0.18, 0.0, 0.0, 0.0, 1.0, 0.732496988669393, 1.0, 0.0, 0.0, 0.0, 0.0, 0.0, 0.0, 0.0]",151793,85224,N3,accept,0.35984848484848486,ts,2921,1
"[0.33888888888888896, -0.33888888888888896, 0.1111111111111111, 0.26, 0.12000000000000002, 0.0, 0.0, 0.0, 1.0, 0.7344811410346426, 1.0, 0.0, 0.0, 0.0, 0.0, 0.0, 0.0, 0.0]",63753,29449,N4,dismiss,-0.27499999999999997,ts,401,1
"[0.16666666666666663, -0.16666666666666663, 0.14139110604332955, 0.0, -0.020000000000000018, 0.0, 0.0, 0.0, 1.0, 0.7560848641204935, 1.0, 0.0, 0.0, 0.0, 0.0, 0.0, 0.0, 0.0]",87098,87100,N1,dismiss,-0.3,ts,547,0
"[0.36000000000000004, -0.36000000000000004, -0.4794794794794795, -0.5260869565217391, 0.3684210526315789, 0.0, 0.0, 0.0, 1.0, 0.5740754538673325, 1.0, 0.0, 0.0, 0.0, 0.0, 0.0, 0.0, 0.0]",191335,169893,N1,dismiss,-0.3,ts,770,0
"[0.5, -0.5, -0.03853564547206166, -0.02158273381294964, 0.0, 0.0, 0.0, 0.0, 1.0, 0.8876149427547736, 1.0, 0.0, 0.0, 0.0, 0.0, 0.0, 0.0, 0.0]",125880,81422,N1,dismiss,-0.3,ts,811,0
"[0.12499999999999993, -0.12499999999999993, -0.03034901365705625, -0.007194244604316547, 0.0, 0.0, 0.0, 0.0, 1.0, 0.7824119566580818, 1.0, 0.0, 0.0, 0.0, 0.0, 0.0, 0.0, 0.0]",19865,81462,N1,dismiss,-0.3,ts,588,1
"[0.050000000000000044, -0.050000000000000044, 0.23767935121646902, 0.28, -0.21999999999999997, 0.0, 0.0, 0.0, 1.0, 0.5753341503687988, 1.0, 0.0, 0.0, 0.0, 0.0, 0.0, 0.0, 0.0]",115984,94324,N1,dismiss,-0.3,ts,1935,0
"[0.14, -0.14, -0.12400000000000005, 0.05263157894736842, -0.1, 0.0, 0.0, 0.0, 1.0, 0.7156363704875062, 1.0, 0.0, 0.0, 0.0, 0.0, 0.0, 0.0, 0.0]",174942,69993,N1,dismiss,-0.3,ts,2718,0
"[0.41509433962264153, -0.41509433962264153, -0.16666666666666666, -0.11041009463722397, 0.08888888888888896, 0.0, 0.0, 0.0, 1.0, 0.7773957850157559, 1.0, 0.0, 0.0, 0.0, 0.0, 0.0, 0.0, 0.0]",91968,91957,N2,dismiss,-0.3,ts,2251,1
"[0.0555555555555556, -0.0555555555555556, -0.16666666666666666, 0.0, -0.10714285714285714, 0.0, 0.0, 0.0, 1.0, 0.6851591657739663, 1.0, 0.0, 0.0, 0.0, 0.0, 0.0, 0.0, 0.0]",111476,107052,N1,dismiss,-0.3,ts,2535,1
"[0.5636363636363637, -0.5636363636363637, -0.0625, -0.019662921348314606, 1.0, 0.0, 0.0, 0.0, 1.0, 0.7442973603952323, 1.0, 0.0, 0.0, 0.0, 0.0, 0.0, 0.0, 0.0]",109094,107563,N1,accept,0.6945454545454546,ts,2361,0
"[0.84375, -0.84375, 0.109375, 0.010050251256281407, -0.030303030303030304, 0.0, 0.0, 0.0, 1.0, 0.9120504957776355, 1.0, 0.0, 0.0, 0.0, 0.0, 0.0, 0.0, 0.0]",69111,170956,N1,dismiss,-0.3,ts,2408,1
"[0.5636363636363637, -0.5636363636363637, -0.45454545454545453, -0.005698005698005698, 0.42857142857142855, 0.0, 0.0, 0.0, 1.0, 0.7147061311168019, 1.0, 0.0, 0.0, 0.0, 0.0, 0.0, 0.0, 0.0]",74279,108839,N1,accept,0.6945454545454546,ts,730,1
"[0.5636363636363637, -0.5636363636363637, 0.07526881720430113, 0.3320610687022901, 1.0, 0.0, 0.0, 0.0, 1.0, 0.6825963651821862, 1.0, 0.0, 0.0, 0.0, 0.0, 0.0, 0.0, 0.0]",185575,107563,N1,dismiss,-0.3,ts,2797,0
"[0.3636363636363637, -0.3636363636363637, -0.17763157894736842, 0.057971014492753624, 0.25, 0.0, 0.0, 0.0, 1.0, 0.7390328509180709, 1.0, 0.0, 0.0, 0.0, 0.0, 0.0, 0.0, 0.0]",123021,123174,N1,dismiss,-0.3,ts,1106,1
"[0.20000000000000007, -0.20000000000000007, -0.44676616915422884, -0.037037037037037035, 0.0, 0.0, 0.0, 0.0, 1.0, 0.6939601363273359, 1.0, 0.0, 0.0, 0.0, 0.0, 0.0, 0.0, 0.0]",72081,108746,N1,dismiss,-0.3,ts,2546,1
"[0.14285714285714288, -0.14285714285714288, 0.06235565819861427, -0.13793103448275862, -0.047619047619047616, 0.0, 0.0, 0.0, 1.0, 0.7295276906658968, 1.0, 0.0, 0.0, 0.0, 0.0, 0.0, 0.0, 0.0]",144702,71136,N1,dismiss,-0.3,ts,1558,0
"[0.02631578947368412, -0.02631578947368412, -0.43, 0.019867549668874173, 0.0285714285714286, 0.0, 0.0, 0.0, 1.0, 0.6303211836867184, 1.0, 0.0, 0.0, 0.0, 0.0, 0.0, 0.0, 0.0]",41398,15200,N1,dismiss,-0.3,ts,614,0
"[0.27906976744186046, -0.27906976744186046, 0.0, -0.15060240963855423, -0.10909090909090903, 0.0, 0.0, 0.0, 1.0, 0.7805243872048664, 1.0, 0.0, 0.0, 0.0, 0.0, 0.0, 0.0, 0.0]",40740,91957,N2,accept,0.49534883720930234,ts,787,1
"[0.18181818181818185, -0.18181818181818185, -0.4273333333333333, -0.10185185185185185, -0.16666666666666666, 0.0, 0.0, 0.0, 1.0, 0.6314604801885487, 1.0, 0.0, 0.0, 0.0, 0.0, 0.0, 0.0, 0.0]",56406,139804,N1,dismiss,-0.3,ts,2868,0
"[0.47058823529411764, -0.47058823529411764, 0.0, 0.0, 0.0, 0.0, 0.0, 0.0, 1.0, 0.902022067439656, 1.0, 0.0, 0.0, 0.0, 0.0, 0.0, 0.0, 0.0]",71734,18616,N1,accept,0.6294117647058823,ts,1309,0
"[0.20000000000000007, -0.20000000000000007, -0.20398009950248752, -0.03064066852367688, -0.04, 0.0, 0.0, 0.0, 1.0, 0.7353804625909484, 1.0, 0.0, 0.0, 0.0, 0.0, 0.0, 0.0, 0.0]",43347,31966,N1,dismiss,-0.3,ts,2099,1
"[0.8944444444444444, -0.8944444444444444, 0.0, -0.02, 0.0, 0.0, 0.0, 0.0, 1.0, 0.962136410518863, 1.0, 0.0, 0.0, 0.0, 0.0, 0.0, 0.0, 0.0]",89731,83441,N1,dismiss,-0.3,ts,1981,0
"[0.7, -0.7, -0.1010222489476849, 0.09236947791164658, -0.9722222222222222, 0.0, 0.0, 0.0, 1.0, 0.755021495830498, 1.0, 0.0, 0.0, 0.0, 0.0, 0.0, 0.0, 0.0]",52481,134921,N1,dismiss,-0.3,ts,1705,1
"[0.25000000000000006, -0.25000000000000006, -0.0625, -0.34, 0.039999999999999994, 0.0, 0.0, 0.0, 1.0, 0.7305487309174494, 1.0, 0.0, 0.0, 0.0, 0.0, 0.0, 0.0, 0.0]",40998,50997,N1,dismiss,-0.3,ts,963,1
"[0.8109243697478992, -0.8109243697478992, 0.1629802095459837, 0.44483985765124556, 0.5, 0.0, 0.0, 0.0, 1.0, 0.7208130226157157, 1.0, 0.0, 0.0, 0.0, 0.0, 0.0, 0.0, 0.0]",84577,47180,N1,dismiss,-0.3,ts,968,1
"[0.7576530612244898, -0.7576530612244898, -0.04534606205250594, -0.6666666666666666, -0.33999999999999997, 0.0, 0.0, 0.0, 1.0, 0.7514982057090797, 1.0, 0.0, 0.0, 0.0, 0.0, 0.0, 0.0, 0.0]",33277,174927,N1,dismiss,-0.3,ts,1814,0
"[0.18367346938775517, -0.18367346938775517, 0.1798355380765106, 0.04938271604938271, -0.2, 0.0, 0.0, 0.0, 1.0, 0.6932086053533111, 1.0, 0.0, 0.0, 0.0, 0.0, 0.0, 0.0, 0.0]",135547,72620,N1,dismiss,-0.3,ts,2509,1
"[0.7576530612244898, -0.7576530612244898, -0.04534606205250594, -0.6666666666666666, -0.33999999999999997, 0.0, 0.0, 0.0, 1.0, 0.7514982057090797, 1.0, 0.0, 0.0, 0.0, 0.0, 0.0, 0.0, 0.0]",33277,174927,N1,dismiss,-0.3,ts,901,0
"[0.5170454545454546, -0.5170454545454546, -0.2654424040066778, -0.05, 0.05999999999999996, 0.0, 0.0, 0.0, 1.0, 0.7989194564644488, 1.0, 0.0, 0.0, 0.0, 0.0, 0.0, 0.0, 0.0]",17805,87407,N1,accept,0.6619318181818181,ts,607,1
"[0.25, -0.25, 0.22714285714285723, -0.08766233766233766, 0.0, 0.0, 0.0, 0.0, 1.0, 0.7424472880831784, 1.0, 0.0, 0.0, 0.0, 0.0, 0.0, 0.0, 0.0]",55744,21089,N1,dismiss,-0.3,ts,2112,1
"[0.6136363636363636, -0.6136363636363636, -0.56, -0.7424242424242424, -0.07999999999999999, 0.0, 0.0, 0.0, 1.0, 0.6585861208071657, 1.0, 0.0, 0.0, 0.0, 0.0, 0.0, 0.0, 0.0]",30710,66862,N1,accept,0.7295454545454545,ts,1052,1
"[0.03508771929824565, -0.03508771929824565, -0.593103448275862, 0.038461538461538464, 0.0, 0.0, 0.0, 0.0, 1.0, 0.6131154001077068, 1.0, 0.0, 0.0, 0.0, 0.0, 0.0, 0.0, 0.0]",87131,183161,N1,dismiss,-0.3,ts,1828,1
"[0.6333333333333333, -0.6333333333333333, -0.214248297537978, -0.5579631635969664, 1.0, 0.0, 0.0, 0.0, 1.0, 0.616062279127061, 1.0, 0.0, 0.0, 0.0, 0.0, 0.0, 0.0, 0.0]",185512,89764,N2,dismiss,-0.3,ts,2748,1
"[0.02500000000000002, -0.02500000000000002, -0.33110367892976583, -0.18, -0.039999999999999994, 0.0, 0.0, 0.0, 1.0, 0.6056318521821138, 1.0, 0.0, 0.0, 0.0, 0.0, 0.0, 0.0, 0.0]",54434,62503,N1,dismiss,-0.3,ts,2016,0
"[0.6000000000000001, -0.6000000000000001, 0.23277737490935468, 0.0, 0.0, 0.0, 0.0, 0.0, 1.0, 0.8546318163476566, 1.0, 0.0, 0.0, 0.0, 0.0, 0.0, 0.0, 0.0]",141750,115238,N1,dismiss,-0.3,ts,1578,0
"[0.7215909090909091, -0.7215909090909091, -0.2159090909090909, 0.21153846153846154, 0.1, 0.0, 0.0, 0.0, 1.0, 0.7994499274939781, 1.0, 0.0, 0.0, 0.0, 0.0, 0.0, 0.0, 0.0]",74187,82101,N2,dismiss,-0.3,ts,2362,1
"[0.12499999999999988, -0.12499999999999988, 0.0, -0.011299435028248588, -0.05555555555555555, 0.0, 0.0, 0.0, 1.0, 0.777207383246993, 1.0, 0.0, 0.0, 0.0, 0.0, 0.0, 0.0, 0.0]",185391,78003,N1,dismiss,-0.3,ts,1512,1
"[0.3333333333333333, -0.3333333333333333, 0.14285714285714285, -0.4918032786885246, -0.1, 0.0, 0.0, 0.0, 1.0, 0.6947283542604353, 1.0, 0.0, 0.0, 0.0, 0.0, 0.0, 0.0, 0.0]",118798,40998,N3,accept,0.5333333333333333,ts,1018,1
"[0.5151515151515151, -0.5151515151515151, -0.060150375939849676, 0.1076923076923077, -0.07142857142857142, 0.0, 0.0, 0.0, 1.0, 0.8404252540200962, 1.0, 0.0, 0.0, 0.0, 0.0, 0.0, 0.0, 0.0]",90175,90182,N1,dismiss,-0.3,ts,647,0
"[0.3000000000000001, -0.3000000000000001, -0.5036615134255492, 0.0, 0.0, 0.0, 0.0, 0.0, 1.0, 0.7285138093516589, 1.0, 0.0, 0.0, 0.0, 0.0, 0.0, 0.0, 0.0]",85447,85446,N1,dismiss,-0.3,ts,464,0
"[0.16326530612244894, -0.16326530612244894, 0.0, -0.02601156069364162, -0.4117647058823529, 0.0, 0.0, 0.0, 1.0, 0.7182572044369081, 1.0, 0.0, 0.0, 0.0, 0.0, 0.0, 0.0, 0.0]",63901,63915,N2,accept,0.41428571428571426,ts,2568,1
"[0.4, -0.4, -0.4794794794794795, -0.49130434782608695, 0.3157894736842105, 0.0, 0.0, 0.0, 1.0, 0.5968334567710198, 1.0, 0.0, 0.0, 0.0, 0.0, 0.0, 0.0, 0.0]",191334,183357,N3,accept,0.58,ts,470,1
"[0.5636363636363637, -0.5636363636363637, -0.22954545454545458, -0.011396011396011397, 0.5714285714285714, 0.0, 0.0, 0.0, 1.0, 0.7429992451003153, 1.0, 0.0, 0.0, 0.0, 0.0, 0.0, 0.0, 0.0]",70000,108828,N1,dismiss,-0.3,ts,1134,1
"[0.09090909090909098, -0.09090909090909098, 0.0, -0.06666666666666667, -0.15384615384615385, 0.0, 0.0, 0.0, 1.0, 0.7254283817143667, 1.0, 0.0, 0.0, 0.0, 0.0, 0.0, 0.0, 0.0]",43134,43089,N1,accept,0.36363636363636365,ts,2190,1
"[0.16666666666666666, -0.16666666666666666, 0.20401337792642146, -0.3468354430379747, -0.608, 0.0, 0.0, 0.0, 1.0, 0.5636446332549387, 1.0, 0.0, 0.0, 0.0, 0.0, 0.0, 0.0, 0.0]",121907,145578,N1,dismiss,-0.3,ts,2914,1
"[0.11999999999999993, -0.11999999999999993, -0.36231884057971014, 0.3215547703180212, 1.0, 0.0, 0.0, 0.0, 1.0, 0.48054425728233213, 1.0, 0.0, 0.0, 0.0, 0.0, 0.0, 0.0, 0.0]",185510,89763,N1,dismiss,-0.3,ts,2245,1
"[0.65, -0.65, 0.0333889816360601, -0.02158273381294964, 0.02500000000000006, 0.0, 0.0, 0.0, 1.0, 0.9111512439745767, 1.0, 0.0, 0.0, 0.0, 0.0, 0.0, 0.0, 0.0]",53365,39280,N2,dismiss,-0.3,ts,2799,1
"[0.3636363636363637, -0.3636363636363637, 0.0, 0.061046511627906974, 0.0, 0.0, 0.0, 0.0, 1.0, 0.8570363402900383, 1.0, 0.0, 0.0, 0.0, 0.0, 0.0, 0.0, 0.0]",123043,123174,N2,dismiss,-0.3,ts,1609,1
"[0.7929411764705883, -0.7929411764705883, 0.17056856187290975, -0.2, -0.14285714285714285, 0.0, 0.0, 0.0, 1.0, 0.8130609694396912, 1.0, 0.0, 0.0, 0.0, 0.0, 0.0, 0.0, 0.0]",121055,92135,N1,accept,0.8550588235294116,ts,1031,1
"[0.4, -0.28, -0.29684601113172543, 0.0, 0.0, 0.0, 0.0, 0.0, 1.0, 0.759689501888925, 1.0, 0.0, 0.0, 0.0, 0.0, 0.0, 0.0, 0.0]",63873,42569,N1,dismiss,-0.3,ts,970,0
"[0.20000000000000007, -0.20000000000000007, -0.00663349917081258, -0.011049723756906077, -0.36363636363636365, 0.0, 0.0, 0.0, 1.0, 0.7393974828154807, 1.0, 0.0, 0.0, 0.0, 0.0, 0.0, 0.0, 0.0]",174793,135481,N1,dismiss,-0.3,ts,1031,1
"[0.09999999999999991, -0.09999999999999991, -0.665546218487395, 0.0, 0.0, 0.0, 0.0, 0.0, 1.0, 0.6400589572696636, 1.0, 0.0, 0.0, 0.0, 0.0, 0.0, 0.0, 0.0]",54201,16809,N6,accept,0.36999999999999994,ts,2849,1
"[0.5, -0.5, -0.3972809667673716, 0.792, 0.3333333333333333, 0.0, 0.0, 0.0, 1.0, 0.6069285526352075, 1.0, 0.0, 0.0, 0.0, 0.0, 0.0, 0.0, 0.0]",61306,86748,N2,dismiss,-0.3,ts,2113,1
"[0.04895104895104884, -0.04895104895104884, -0.7835593220338983, -0.14285714285714285, -0.08333333333333333, 0.0, 0.0, 0.0, 1.0, 0.5497466771336185, 1.0, 0.0, 0.0, 0.0, 0.0, 0.0, 0.0, 0.0]",48548,115323,N2,dismiss,-0.3,ts,2599,1
"[0.3636363636363637, -0.3636363636363637, 0.0, 0.0, 0.0, 0.0, 0.0, 0.0, 1.0, 0.8742764353476687, 1.0, 0.0, 0.0, 0.0, 0.0, 0.0, 0.0, 0.0]",123031,123174,N1,accept,0.5545454545454546,ts,1416,0
"[0.2, -0.2, -0.1442857142857143, -0.6038961038961039, 0.35714285714285715, 0.0, 0.0, 0.0, 1.0, 0.5909545125854885, 1.0, 0.0, 0.0, 0.0, 0.0, 0.0, 0.0, 0.0]",55744,185524,N1,dismiss,-0.3,ts,2470,1
"[0.4, -0.28, -0.29684601113172543, 0.0, 0.0, 0.0, 0.0, 0.0, 1.0, 0.759689501888925, 1.0, 0.0, 0.0, 0.0, 0.0, 0.0, 0.0, 0.0]",63873,42569,N5,dismiss,-0.3,ts,2102,1
"[0.20000000000000007, -0.20000000000000007, -0.2488262910798122, -0.011363636363636364, 0.0, 0.0, 0.0, 0.0, 1.0, 0.7410487326541809, 1.0, 0.0, 0.0, 0.0, 0.0, 0.0, 0.0, 0.0]",74280,32065,N1,dismiss,-0.3,ts,738,1
"[0.21428571428571425, -0.21428571428571425, -0.28709055876685935, 0.06333333333333334, 0.2727272727272727, 0.0, 0.0, 0.0, 1.0, 0.6594235239518802, 1.0, 0.0, 0.0, 0.0, 0.0, 0.0, 0.0, 0.0]",16734,130294,N1,dismiss,-0.3,ts,1525,1
"[0.10714285714285708, -0.10714285714285708, -0.4600811907983762, -0.43316831683168316, -0.36, 0.0, 0.0, 0.0, 1.0, 0.5056132589882691, 1.0, 0.0, 0.0, 0.0, 0.0, 0.0, 0.0, 0.0]",81395,185375,N1,dismiss,-0.3,ts,2428,1
"[0.6818181818181819, -0.6818181818181819, 0.024324324324324288, 0.02821316614420063, -0.65, 0.0, 0.0, 0.0, 1.0, 0.8158970926015877, 1.0, 0.0, 0.0, 0.0, 0.0, 0.0, 0.0, 0.0]",130294,49086,N1,dismiss,-0.3,ts,1497,0
"[0.08333333333333326, -0.08333333333333326, 0.0, 0.1125, 0.18181818181818182, 0.0, 0.0, 0.0, 1.0, 0.7051372725166374, 1.0, 0.0, 0.0, 0.0, 0.0, 0.0, 0.0, 0.0]",73738,73736,N1,dismiss,-0.3,ts,2141,0
"[0.3636363636363637, -0.3636363636363637, 0.0, 0.0, 0.0, 0.0, 0.0, 0.0, 1.0, 0.8742764353476687, 1.0, 0.0, 0.0, 0.0, 0.0, 0.0, 0.0, 0.0]",123141,123174,N1,dismiss,-0.3,ts,880,0
"[0.65, -0.65, -0.43505477308294205, -0.06775067750677506, 0.9333333333333333, 0.0, 0.0, 0.0, 1.0, 0.6756918889773915, 1.0, 0.0, 0.0, 0.0, 0.0, 0.0, 0.0, 0.0]",43370,123439,N1,dismiss,-0.3,ts,2899,1
"[0.75, -0.75, -0.3192552225249773, 0.3162393162393162, -0.7294117647058824, 0.0, 0.0, 0.0, 1.0, 0.672508404269123, 1.0, 0.0, 0.0, 0.0, 0.0, 0.0, 0.0, 0.0]",146728,115951,N1,dismiss,-0.3,ts,1246,1
"[0.12280701754385964, -0.12280701754385964, -0.6153846153846154, 0.5263157894736842, -0.4, 0.0, 0.0, 0.0, 1.0, 0.47370431702429144, 1.0, 0.0, 0.0, 0.0, 0.0, 0.0, 0.0, 0.0]",187197,167155,N2,dismiss,-0.3,ts,1089,1
"[0.5, -0.5, 0.08803088803088809, -0.5691489361702128, 0.4, 0.0, 0.0, 0.0, 1.0, 0.6919543971253405, 1.0, 0.0, 0.0, 0.0, 0.0, 0.0, 0.0, 0.0]",19611,154734,N1,dismiss,-0.3,ts,1495,0
"[0.18367346938775517, -0.18367346938775517, 0.14408294601358604, 0.018518518518518517, -0.2, 0.0, 0.0, 0.0, 1.0, 0.7122076687095614, 1.0, 0.0, 0.0, 0.0, 0.0, 0.0, 0.0, 0.0]",135547,130086,N1,dismiss,-0.3,ts,1126,1
"[0.85, -0.85, -0.005000000000000071, 0.0, 0.0, 0.0, 0.0, 0.0, 1.0, 0.9617967240690748, 1.0, 0.0, 0.0, 0.0, 0.0, 0.0, 0.0, 0.0]",38018,174748,N1,accept,0.895,ts,1005,0
"[0.39999999999999997, -0.39999999999999997, -0.7121401752190238, -0.13307984790874525, -0.26666666666666666, 0.0, 0.0, 0.0, 1.0, 0.6353431571611287, 1.0, 0.0, 0.0, 0.0, 0.0, 0.0, 0.0, 0.0]",120829,178949,N3,accept,0.58,ts,1930,1
"[0.15999999999999998, -0.15999999999999998, -0.07235621521335804, 0.41935483870967744, -0.014285714285714235, 0.0, 0.0, 0.0, 1.0, 0.6925432745548783, 1.0, 0.0, 0.0, 0.0, 0.0, 0.0, 0.0, 0.0]",59417,15171,N1,dismiss,-0.3,ts,1778,1
"[0.2777777777777778, -0.2777777777777778, -0.02328288707799767, 0.1134020618556701, 0.05, 0.0, 0.0, 0.0, 1.0, 0.7947171443990272, 1.0, 0.0, 0.0, 0.0, 0.0, 0.0, 0.0, 0.0]",139804,78130,N1,dismiss,-0.3,ts,2189,1
"[0.10714285714285708, -0.10714285714285708, -0.15250637213254037, -0.3164179104477612, -0.36, 0.0, 0.0, 0.0, 1.0, 0.5899343585197165, 1.0, 0.0, 0.0, 0.0, 0.0, 0.0, 0.0, 0.0]",87090,185375,N1,dismiss,-0.3,ts,1113,1
"[0.44999999999999996, -0.44999999999999996, -0.3712200208550574, -0.024456521739130436, -0.16666666666666666, 0.0, 0.0, 0.0, 1.0, 0.7425743318009286, 1.0, 0.0, 0.0, 0.0, 0.0, 0.0, 0.0, 0.0]",43346,30201,N1,dismiss,-0.3,ts,1293,1
"[0.5098039215686274, -0.5098039215686274, -0.5043819885161681, 1.0, -0.36666666666666664, 0.0, 0.0, 0.0, 1.0, 0.5746793312127757, 1.0, 0.0, 0.0, 0.0, 0.0, 0.0, 0.0, 0.0]",104691,155668,N6,dismiss,-0.3,ts,1932,1
"[0.56, -0.56, -0.2823913043478261, -0.5638977635782748, 0.9166666666666666, 0.0, 0.0, 0.0, 1.0, 0.6076928948121372, 1.0, 0.0, 0.0, 0.0, 0.0, 0.0, 0.0, 0.0]",128295,86743,N6,dismiss,-0.3,ts,1777,1
"[0.20000000000000007, -0.20000000000000007, -0.23388888888888892, 0.0, 0.0, 0.0, 0.0, 0.0, 1.0, 0.7481066944271884, 1.0, 0.0, 0.0, 0.0, 0.0, 0.0, 0.0, 0.0]",38176,141744,N6,dismiss,-0.3,ts,1469,1
"[0.07692307692307684, -0.07692307692307684, -0.1872881355932203, 0.4411764705882353, -0.2916666666666667, 0.0, 0.0, 0.0, 1.0, 0.5620114161518501, 1.0, 0.0, 0.0, 0.0, 0.0, 0.0, 0.0, 0.0]",92709,115240,N1,dismiss,-0.3,ts,632,0
"[0.25000000000000006, -0.25000000000000006, 0.1111111111111111, 0.0, 0.0, 0.0, 0.0, 0.0, 1.0, 0.7997368301710582, 1.0, 0.0, 0.0, 0.0, 0.0, 0.0, 0.0, 0.0]",62598,18364,N1,dismiss,-0.3,ts,973,0
"[0.2941176470588236, -0.2941176470588236, 0.0, 1.0, 0.48, 0.0, 0.0, 0.0, 1.0, 0.6188615559348754, 1.0, 0.0, 0.0, 0.0, 0.0, 0.0, 0.0, 0.0]",51575,50956,N1,dismiss,-0.3,ts,1604,0
"[0.45, -0.45, 0.0003029385034839478, 0.5421245421245421, 0.21739130434782608, 0.0, 0.0, 0.0, 1.0, 0.7447778267558439, 1.0, 0.0, 0.0, 0.0, 0.0, 0.0, 0.0, 0.0]",120787,61314,N6,dismiss,-0.3,ts,1196,1
"[0.2, -0.07, -0.29684601113172543, 0.0, 0.0, 0.0, 0.0, 0.0, 1.0, 0.6866108486748183, 1.0, 0.0, 0.0, 0.0, 0.0, 0.0, 0.0, 0.0]",63919,48992,N1,accept,0.43999999999999995,ts,1017,0
"[0.8714285714285714, -0.8714285714285714, -0.17521902377972465, 0.10526315789473684, 0.631578947368421, 0.0, 0.0, 0.0, 1.0, 0.7707011798032538, 1.0, 0.0, 0.0, 0.0, 0.0, 0.0, 0.0, 0.0]",158639,170138,N6,dismiss,-0.3,ts,2732,1
"[0.7, -0.7, -0.24665503199534622, 0.5596330275229358, -0.5235294117647059, 0.0, 0.0, 0.0, 1.0, 0.6691951492273828, 1.0, 0.0, 0.0, 0.0, 0.0, 0.0, 0.0, 0.0]",81396,145532,N1,accept,0.7899999999999999,ts,1138,0
"[0.16666666666666663, -0.16666666666666663, 0.1783402001177164, -0.022598870056497175, -0.020000000000000018, 0.0, 0.0, 0.0, 1.0, 0.738718586815135, 1.0, 0.0, 0.0, 0.0, 0.0, 0.0, 0.0, 0.0]",87097,87100,N1,dismiss,-0.3,ts,1124,1
"[0.8603174603174604, -0.8603174603174604, -0.3191489361702128, 0.37777777777777777, -0.6911764705882352, 0.0, 0.0, 0.0, 1.0, 0.6785614724747844, 1.0, 0.0, 0.0, 0.0, 0.0, 0.0, 0.0, 0.0]",48746,59423,N1,dismiss,-0.3,ts,1680,1
"[0.02500000000000002, -0.02500000000000002, -0.1863303498779495, 0.02, -0.07999999999999999, 0.0, 0.0, 0.0, 1.0, 0.6690903795112921, 1.0, 0.0, 0.0, 0.0, 0.0, 0.0, 0.0, 0.0]",130430,62539,N1,accept,0.3175,ts,587,0
"[0.20000000000000007, -0.20000000000000007, -0.00663349917081258, 0.019943019943019943, -0.4166666666666667, 0.0, 0.0, 0.0, 1.0, 0.7295168490235155, 1.0, 0.0, 0.0, 0.0, 0.0, 0.0, 0.0, 0.0]",72081,135482,N1,dismiss,-0.3,ts,1498,1
"[0.5599999999999999, -0.5599999999999999, -0.1689750692520776, 0.18604651162790697, -0.13793103448275862, 0.0, 0.0, 0.0, 1.0, 0.7813295937154683, 1.0, 0.0, 0.0, 0.0, 0.0, 0.0, 0.0, 0.0]",123511,89764,N3,accept,0.692,ts,1926,1
"[0.047619047619047596, -0.047619047619047596, -0.37539103232533894, 0.007246376811594203, -0.02439024390243908, 0.0, 0.0, 0.0, 1.0, 0.6529265799369026, 1.0, 0.0, 0.0, 0.0, 0.0, 0.0, 0.0, 0.0]",154624,53365,N1,accept,0.3333333333333333,ts,2039,1
"[0.5599999999999999, -0.5599999999999999, 0.0009099181073703173, 0.34532374100719426, 1.0, 0.0, 0.0, 0.0, 1.0, 0.709884034192077, 1.0, 0.0, 0.0, 0.0, 0.0, 0.0, 0.0, 0.0]",185410,89763,N1,dismiss,-0.3,ts,2358,1
"[0.6375, -0.6375, 0.0, -0.02158273381294964, 0.0, 0.0, 0.0, 0.0, 1.0, 0.9293128096864788, 1.0, 0.0, 0.0, 0.0, 0.0, 0.0, 0.0, 0.0]",85325,40258,N1,dismiss,-0.3,ts,2109,0
"[0.5576036866359447, -0.5576036866359447, -0.4044073853484217, 0.15579710144927536, 0.4, 0.0, 0.0, 0.0, 1.0, 0.6872933901369873, 1.0, 0.0, 0.0, 0.0, 0.0, 0.0, 0.0, 0.0]",64515,63925,N1,dismiss,-0.3,ts,2541,1
"[0.33333333333333326, -0.33333333333333326, -0.6798550724637681, 0.17475728155339806, 0.0, 0.0, 0.0, 0.0, 1.0, 0.672630863901695, 1.0, 0.0, 0.0, 0.0, 0.0, 0.0, 0.0, 0.0]",54732,110166,N1,accept,0.5333333333333332,ts,631,1
"[0.6153846153846154, -0.6153846153846154, 0.11299709020368566, -0.04, -0.020000000000000018, 0.0, 0.0, 0.0, 1.0, 0.8739678605030003, 1.0, 0.0, 0.0, 0.0, 0.0, 0.0, 0.0, 0.0]",145085,113027,N1,dismiss,-0.3,ts,1426,1
"[0.2307692307692307, -0.2307692307692307, -0.16666666666666666, 1.0, 0.44000000000000006, 0.0, 0.0, 0.0, 1.0, 0.5428623010478525, 1.0, 0.0, 0.0, 0.0, 0.0, 0.0, 0.0, 0.0]",79461,133969,N1,accept,0.46153846153846145,ts,2701,1
"[0.1250000000000001, -0.1250000000000001, 0.16218749999999993, 0.0, 0.0, 0.0, 0.0, 0.0, 1.0, 0.7409291148542603, 1.0, 0.0, 0.0, 0.0, 0.0, 0.0, 0.0, 0.0]",57061,55412,N6,dismiss,-0.3,ts,1578,1
"[0.8151260504201681, -0.8151260504201681, -0.05657142857142848, 0.6068702290076335, 0.12, 0.0, 0.0, 0.0, 1.0, 0.8012727928417634, 1.0, 0.0, 0.0, 0.0, 0.0, 0.0, 0.0, 0.0]",104682,61314,N6,dismiss,-0.3,ts,1034,1
"[0.1666666666666667, -0.1666666666666667, 0.0, 1.0, 1.0, 0.0, 0.0, 0.0, 1.0, 0.5151700224508992, 1.0, 0.0, 0.0, 0.0, 0.0, 0.0, 0.0, 0.0]",37985,126074,N6,dismiss,-0.3,ts,2961,1
"[0.583011583011583, -0.583011583011583, -0.6460176991150443, -0.057057057057057055, -0.4166666666666667, 0.0, 0.0, 0.0, 1.0, 0.6798708732176819, 1.0, 0.0, 0.0, 0.0, 0.0, 0.0, 0.0, 0.0]",20071,145523,N1,dismiss,-0.3,ts,2745,0
"[0.2647058823529412, -0.2647058823529412, -0.032448377581120985, 0.9029850746268657, -0.42424242424242425, 0.0, 0.0, 0.0, 1.0, 0.6206469340650453, 1.0, 0.0, 0.0, 0.0, 0.0, 0.0, 0.0, 0.0]",120916,155668,N1,dismiss,-0.3,ts,1701,0
"[0.27999999999999997, -0.27999999999999997, -0.07452093683463454, 1.0, -0.78, 0.0, 0.0, 0.0, 1.0, 0.5645640780394282, 1.0, 0.0, 0.0, 0.0, 0.0, 0.0, 0.0, 0.0]",154734,128279,N1,dismiss,-0.3,ts,2469,0
"[0.25, -0.25, -0.5447647951441579, -0.011428571428571429, 0.10619469026548665, 0.0, 0.0, 0.0, 1.0, 0.6747720676390024, 1.0, 0.0, 0.0, 0.0, 0.0, 0.0, 0.0, 0.0]",16901,117045,N1,dismiss,-0.3,ts,1759,0
"[0.4444444444444445, -0.4444444444444445, 0.22284122562674097, -0.7678571428571429, -0.58, 0.0, 0.0, 0.0, 1.0, 0.6030913596283243, 1.0, 0.0, 0.0, 0.0, 0.0, 0.0, 0.0, 0.0]",63093,110076,N1,dismiss,-0.3,ts,469,0
"[0.2307692307692307, -0.2307692307692307, 0.06666666666666667, 0.0, 0.0, 0.0, 0.0, 0.0, 1.0, 0.8082747076223531, 1.0, 0.0, 0.0, 0.0, 0.0, 0.0, 0.0, 0.0]",131606,18616,N1,dismiss,-0.3,ts,2932,0
"[0.24999999999999992, -0.24999999999999992, -0.18808777429467086, -0.007194244604316547, -0.02439024390243908, 0.0, 0.0, 0.0, 1.0, 0.7676014166610969, 1.0, 0.0, 0.0, 0.0, 0.0, 0.0, 0.0, 0.0]",113424,125887,N6,dismiss,-0.3,ts,697,1
"[0.20000000000000007, -0.20000000000000007, 0.17909090909090916, -0.10160427807486631, 0.36363636363636365, 0.0, 0.0, 0.0, 1.0, 0.6575173146638584, 1.0, 0.0, 0.0, 0.0, 0.0, 0.0, 0.0, 0.0]",89763,107554,N1,accept,0.44000000000000006,ts,1634,0
"[0.20000000000000007, -0.20000000000000007, -0.0719734660033167, 0.005698005698005698, 0.25, 0.0, 0.0, 0.0, 1.0, 0.7352947936872589, 1.0, 0.0, 0.0, 0.0, 0.0, 0.0, 0.0, 0.0]",72081,88669,N1,dismiss,-0.3,ts,526,1
"[0.33333333333333337, -0.33333333333333337, -0.3220035778175313, 0.09333333333333334, -0.5545454545454546, 0.0, 0.0, 0.0, 1.0, 0.6445028751316437, 1.0, 0.0, 0.0, 0.0, 0.0, 0.0, 0.0, 0.0]",16731,49086,N1,accept,0.5333333333333333,ts,2001,0
"[0.10714285714285708, -0.10714285714285708, -0.26975361087510613, -0.3492537313432836, -0.32, 0.0, 0.0, 0.0, 1.0, 0.5601361989812771, 1.0, 0.0, 0.0, 0.0, 0.0, 0.0, 0.0, 0.0]",87090,81396,N1,dismiss,-0.3,ts,2874,1
"[0.375, -0.375, -0.0977443609022556, -0.2298507462686567, -0.6230769230769231, 0.0, 0.0, 0.0, 1.0, 0.6798061637582271, 1.0, 0.0, 0.0, 0.0, 0.0, 0.0, 0.0, 0.0]",140787,145578,N1,dismiss,-0.3,ts,1342,1
"[0.12280701754385964, -0.12280701754385964, -0.6153846153846154, 0.5263157894736842, -0.4, 0.0, 0.0, 0.0, 1.0, 0.47370431702429144, 1.0, 0.0, 0.0, 0.0, 0.0, 0.0, 0.0, 0.0]",187197,167155,N6,dismiss,-0.3,ts,1165,1
"[0.2307692307692307, -0.2307692307692307, 0.06666666666666667, 0.0, 0.0, 0.0, 0.0, 0.0, 1.0, 0.8082747076223531, 1.0, 0.0, 0.0, 0.0, 0.0, 0.0, 0.0, 0.0]",131606,18616,N1,dismiss,-0.3,ts,2098,0
"[0.9545945945945946, -0.9545945945945946, -0.5372405372405373, 0.19708029197080293, -0.5916666666666667, 0.0, 0.0, 0.0, 1.0, 0.6883836883343892, 1.0, 0.0, 0.0, 0.0, 0.0, 0.0, 0.0, 0.0]",130295,49086,N1,dismiss,-0.3,ts,2361,0
"[0.10857142857142851, -0.10857142857142851, -0.6289424860853432, 0.06007067137809187, 0.1, 0.0, 0.0, 0.0, 1.0, 0.6030379116505689, 1.0, 0.0, 0.0, 0.0, 0.0, 0.0, 0.0, 0.0]",63899,93861,N1,accept,0.37599999999999995,ts,576,1
"[0.0555555555555556, -0.0555555555555556, -0.16666666666666666, 0.0, -0.10714285714285714, 0.0, 0.0, 0.0, 1.0, 0.6851591657739663, 1.0, 0.0, 0.0, 0.0, 0.0, 0.0, 0.0, 0.0]",111476,105724,N1,dismiss,-0.3,ts,2157,0
"[0.3000000000000001, -0.3000000000000001, -0.528957528957529, 0.0, 0.0, 0.0, 0.0, 0.0, 1.0, 0.7249105321469098, 1.0, 0.0, 0.0, 0.0, 0.0, 0.0, 0.0, 0.0]",85444,85446,N1,dismiss,-0.3,ts,1961,0
"[0.56, -0.56, -0.0009990009990009777, 0.5495049504950495, -0.4, 0.0, 0.0, 0.0, 1.0, 0.7384325320464852, 1.0, 0.0, 0.0, 0.0, 0.0, 0.0, 0.0, 0.0]",170191,169349,N1,dismiss,-0.3,ts,743,0
"[0.25999999999999995, -0.25999999999999995, -0.5504587155963302, 0.09, 0.2727272727272727, 0.0, 0.0, 0.0, 1.0, 0.6215804979836184, 1.0, 0.0, 0.0, 0.0, 0.0, 0.0, 0.0, 0.0]",63869,63923,N3,accept,0.482,ts,1455,1
"[0.26666666666666666, -0.26666666666666666, 0.05772136597159252, 0.09554140127388536, 0.125, 0.0, 0.0, 0.0, 1.0, 0.7639113047871336, 1.0, 0.0, 0.0, 0.0, 0.0, 0.0, 0.0, 0.0]",104690,169335,N6,dismiss,-0.3,ts,882,1
"[0.3, -0.3, 0.0667779632721202, -0.007194244604316547, 0.02500000000000006, 0.0, 0.0, 0.0, 1.0, 0.8210120511660425, 1.0, 0.0, 0.0, 0.0, 0.0, 0.0, 0.0, 0.0]",53365,81462,N1,dismiss,-0.3,ts,1693,1
"[0.25, -0.25, 0.0, 0.07453416149068323, 0.13636363636363635, 0.0, 0.0, 0.0, 1.0, 0.7830109453831142, 1.0, 0.0, 0.0, 0.0, 0.0, 0.0, 0.0, 0.0]",43090,117045,N6,dismiss,-0.3,ts,2591,1
"[0.5599999999999999, -0.5599999999999999, -0.22531512605042014, -0.02717391304347826, -0.14285714285714285, 0.0, 0.0, 0.0, 1.0, 0.803684535199569, 1.0, 0.0, 0.0, 0.0, 0.0, 0.0, 0.0, 0.0]",87447,87446,N6,dismiss,-0.3,ts,2354,1
"[0.09090909090909098, -0.09090909090909098, -0.18181818181818182, 0.07122507122507123, 0.0, 0.0, 0.0, 0.0, 1.0, 0.7029945661314697, 1.0, 0.0, 0.0, 0.0, 0.0, 0.0, 0.0, 0.0]",70000,151841,N6,dismiss,-0.3,ts,2845,1
"[0.26666666666666666, -0.26666666666666666, 0.05772136597159252, 0.09554140127388536, 0.125, 0.0, 0.0, 0.0, 1.0, 0.7639113047871336, 1.0, 0.0, 0.0, 0.0, 0.0, 0.0, 0.0, 0.0]",104690,169335,N1,dismiss,-0.3,ts,1172,1
"[0.31176470588235294, -0.31176470588235294, 0.0, 0.0, 0.0, 0.0, 0.0, 0.0, 1.0, 0.8590740558839789, 1.0, 0.0, 0.0, 0.0, 0.0, 0.0, 0.0, 0.0]",71734,57385,N6,dismiss,-0.3,ts,1068,1
"[0.1200000000000001, -0.1200000000000001, 0.1455847255369929, -0.10979228486646884, -0.040000000000000036, 0.0, 0.0, 0.0, 1.0, 0.7028933119434595, 1.0, 0.0, 0.0, 0.0, 0.0, 0.0, 0.0, 0.0]",57278,59424,N6,dismiss,-0.3,ts,1303,1
"[0.9586734693877551, -0.9586734693877551, -0.6665276329509906, 0.23148148148148148, -0.4583333333333333, 0.0, 0.0, 0.0, 1.0, 0.6804480438233301, 1.0, 0.0, 0.0, 0.0, 0.0, 0.0, 0.0, 0.0]",55915,128247,N6,dismiss,-0.3,ts,2214,1
"[0.24242424242424238, -0.24242424242424238, -0.129287598944591, 0.14634146341463414, -0.019999999999999973, 0.0, 0.0, 0.0, 1.0, 0.7475906702273, 1.0, 0.0, 0.0, 0.0, 0.0, 0.0, 0.0, 0.0]",110035,19599,N6,accept,0.4696969696969696,ts,784,1
"[0.25, -0.25, 0.09090909090909091, 0.06944444444444445, -0.005555555555555635, 0.0, 0.0, 0.0, 1.0, 0.7852312004718296, 1.0, 0.0, 0.0, 0.0, 0.0, 0.0, 0.0, 0.0]",164892,165914,N1,dismiss,-0.3,ts,1678,0
"[0.20000000000000004, -0.20000000000000004, -0.6334862385321101, 1.0, -0.375, 0.0, 0.0, 0.0, 1.0, 0.4619288527237778, 1.0, 0.0, 0.0, 0.0, 0.0, 0.0, 0.0, 0.0]",143384,139806,N6,dismiss,-0.3,ts,572,1
"[0.24999999999999994, -0.24999999999999994, -0.6473282442748092, -0.1, 0.25999999999999995, 0.0, 0.0, 0.0, 1.0, 0.6063754382541067, 1.0, 0.0, 0.0, 0.0, 0.0, 0.0, 0.0, 0.0]",85441,128341,N1,dismiss,-0.3,ts,1213,1
"[0.2, -0.2, -0.425, -0.1678832116788321, -0.26666666666666666, 0.0, 0.0, 0.0, 1.0, 0.603526579115756, 1.0, 0.0, 0.0, 0.0, 0.0, 0.0, 0.0, 0.0]",115289,178949,N6,dismiss,-0.3,ts,1292,1
"[0.04545454545454549, -0.04545454545454549, -0.0646666666666667, -0.008264462809917356, -0.22727272727272727, 0.0, 0.0, 0.0, 1.0, 0.6855067967400382, 1.0, 0.0, 0.0, 0.0, 0.0, 0.0, 0.0, 0.0]",138639,127487,N6,dismiss,-0.3,ts,561,1
"[0.20000000000000007, -0.20000000000000007, -0.0719734660033167, 0.005698005698005698, 0.25, 0.0, 0.0, 0.0, 1.0, 0.7352947936872589, 1.0, 0.0, 0.0, 0.0, 0.0, 0.0, 0.0, 0.0]",72081,88669,N1,dismiss,-0.3,ts,2623,1
"[0.3333333333333333, -0.3333333333333333, 0.1646341463414636, -0.09803921568627451, 0.05263157894736842, 0.0, 0.0, 0.0, 1.0, 0.7677245916395002, 1.0, 0.0, 0.0, 0.0, 0.0, 0.0, 0.0, 0.0]",155668,146668,N6,dismiss,-0.3,ts,2626,1
"[0.13333333333333328, -0.13333333333333328, -0.09600443951165374, -0.13846153846153847, -0.07999999999999999, 0.0, 0.0, 0.0, 1.0, 0.7059422282078749, 1.0, 0.0, 0.0, 0.0, 0.0, 0.0, 0.0, 0.0]",83435,143094,N1,dismiss,-0.3,ts,2852,0
"[0.35999999999999993, -0.35999999999999993, 0.125, 1.0, 1.0, 0.0, 0.0, 0.0, 1.0, 0.5327936544339077, 1.0, 0.0, 0.0, 0.0, 0.0, 0.0, 0.0, 0.0]",18355,51061,N6,dismiss,-0.3,ts,2259,1
"[0.20000000000000007, -0.20000000000000007, -0.20398009950248752, -0.019943019943019943, -0.17857142857142858, 0.0, 0.0, 0.0, 1.0, 0.7049149435130062, 1.0, 0.0, 0.0, 0.0, 0.0, 0.0, 0.0, 0.0]",15531,31972,N1,dismiss,-0.3,ts,2938,1
"[0.6029411764705882, -0.6029411764705882, 0.1, 0.0, 0.0, 0.0, 0.0, 0.0, 1.0, 0.8933559641322879, 1.0, 0.0, 0.0, 0.0, 0.0, 0.0, 0.0, 0.0]",107697,18239,N6,dismiss,-0.3,ts,1530,1
"[0.10000000000000009, -0.10000000000000009, -0.2588235294117647, -0.975, -0.52, 0.0, 0.0, 0.0, 1.0, 0.48076478481180795, 1.0, 0.0, 0.0, 0.0, 0.0, 0.0, 0.0, 0.0]",91074,16650,N6,dismiss,-0.3,ts,2741,0
"[0.7942857142857144, -0.7942857142857144, -0.3214124038026256, 0.2066115702479339, -0.375, 0.0, 0.0, 0.0, 1.0, 0.7329985361225249, 1.0, 0.0, 0.0, 0.0, 0.0, 0.0, 0.0, 0.0]",110166,128284,N6,dismiss,-0.3,ts,1039,0
"[0.9333333333333335, -0.9333333333333335, 0.11470588235294113, -0.13398692810457516, -0.18181818181818182, 0.0, 0.0, 0.0, 1.0, 0.8493488906934371, 1.0, 0.0, 0.0, 0.0, 0.0, 0.0, 0.0, 0.0]",50818,48992,N3,accept,0.9533333333333334,ts,2784,1
"[0.8482142857142858, -0.8482142857142858, -0.16666666666666666, -0.9, -0.8363636363636363, 0.0, 0.0, 0.0, 1.0, 0.6598676457571655, 1.0, 0.0, 0.0, 0.0, 0.0, 0.0, 0.0, 0.0]",18218,77920,N3,accept,0.89375,ts,1630,1
"[0.4, -0.28, -0.2697495183044316, -0.18333333333333332, 1.0, 0.0, 0.0, 0.0, 1.0, 0.586722181322074, 1.0, 0.0, 0.0, 0.0, 0.0, 0.0, 0.0, 0.0]",16718,42569,N3,accept,0.58,ts,716,1
"[0.25, -0.25, 0.0, 0.0, 0.0, 0.0, 0.0, 0.0, 1.0, 0.8395893495876965, 1.0, 0.0, 0.0, 0.0, 0.0, 0.0, 0.0, 0.0]",116939,117045,N6,dismiss,-0.3,ts,2931,0
"[0.0624999999999999, -0.0624999999999999, -0.4134375, -0.25838926174496646, -0.29411764705882354, 0.0, 0.0, 0.0, 1.0, 0.5336136768150922, 1.0, 0.0, 0.0, 0.0, 0.0, 0.0, 0.0, 0.0]",104963,104466,N6,accept,0.3437499999999999,ts,1511,0
"[0.8603174603174604, -0.8603174603174604, -0.3191489361702128, 0.37777777777777777, -0.6911764705882352, 0.0, 0.0, 0.0, 1.0, 0.6785614724747844, 1.0, 0.0, 0.0, 0.0, 0.0, 0.0, 0.0, 0.0]",48746,59423,N6,dismiss,-0.3,ts,478,0
"[0.27272727272727276, -0.27272727272727276, -0.36066666666666664, 0.6388888888888888, -0.25, 0.0, 0.0, 0.0, 1.0, 0.5769238404291309, 1.0, 0.0, 0.0, 0.0, 0.0, 0.0, 0.0, 0.0]",56406,185391,N6,dismiss,-0.3,ts,1959,1
"[0.12500000000000006, -0.12500000000000006, 0.0, -0.2896825396825397, -0.08695652173913043, 0.0, 0.0, 0.0, 1.0, 0.7064268910671658, 1.0, 0.0, 0.0, 0.0, 0.0, 0.0, 0.0, 0.0]",125913,128281,N6,dismiss,-0.3,ts,2385,0
"[0.217741935483871, -0.217741935483871, -0.3216708318457694, -0.02, 0.04, 0.0, 0.0, 0.0, 1.0, 0.7165610450886484, 1.0, 0.0, 0.0, 0.0, 0.0, 0.0, 0.0, 0.0]",89602,104962,N1,dismiss,-0.3,ts,2696,1
"[0.2, -0.2, -0.1442857142857143, -0.5430711610486891, 0.26666666666666666, 0.0, 0.0, 0.0, 1.0, 0.6113191439651465, 1.0, 0.0, 0.0, 0.0, 0.0, 0.0, 0.0, 0.0]",57653,185524,N1,dismiss,-0.3,ts,759,1
"[0.4444444444444445, -0.4444444444444445, 0.18241042345276867, -0.34, -0.6, 0.0, 0.0, 0.0, 1.0, 0.6557316228780911, 1.0, 0.0, 0.0, 0.0, 0.0, 0.0, 0.0, 0.0]",169354,132873,N1,dismiss,-0.3,ts,2746,1
"[0.755, -0.755, -0.041666666666666664, 0.54, 0.07999999999999999, 0.0, 0.0, 0.0, 1.0, 0.8157380672216334, 1.0, 0.0, 0.0, 0.0, 0.0, 0.0, 0.0, 0.0]",30621,82101,N6,dismiss,-0.3,ts,1748,1
"[0.75, -0.75, -0.4357298474945534, -0.03409090909090909, 0.82, 0.0, 0.0, 0.0, 1.0, 0.7052039581928611, 1.0, 0.0, 0.0, 0.0, 0.0, 0.0, 0.0, 0.0]",135617,145532,N6,dismiss,-0.3,ts,967,0
"[0.20000000000000007, -0.20000000000000007, 0.026363636363636287, -0.008547008547008548, -0.14285714285714285, 0.0, 0.0, 0.0, 1.0, 0.7727351749443683, 1.0, 0.0, 0.0, 0.0, 0.0, 0.0, 0.0, 0.0]",162723,31973,N6,dismiss,-0.3,ts,1665,1
"[0.16666666666666663, -0.16666666666666663, -0.5250181290790428, 0.0, 0.0, 0.0, 0.0, 0.0, 1.0, 0.6812146778495171, 1.0, 0.0, 0.0, 0.0, 0.0, 0.0, 0.0, 0.0]",141748,63863,N6,dismiss,-0.3,ts,2713,1
"[0.7794117647058824, -0.7794117647058824, -0.08635097493036216, 1.0, 0.11764705882352941, 0.0, 0.0, 0.0, 1.0, 0.7432593506547958, 1.0, 0.0, 0.0, 0.0, 0.0, 0.0, 0.0, 0.0]",110152,155668,N1,accept,0.8455882352941175,ts,532,0
"[0.3636363636363637, -0.3636363636363637, 0.0, 0.0, 0.0, 0.0, 0.0, 0.0, 1.0, 0.8742764353476687, 1.0, 0.0, 0.0, 0.0, 0.0, 0.0, 0.0, 0.0]",123143,123174,N6,accept,0.5545454545454546,ts,2107,1
"[0.8730158730158731, -0.8730158730158731, 0.14184397163120568, 0.1288888888888889, -0.23529411764705876, 0.0, 0.0, 0.0, 1.0, 0.826249285934507, 1.0, 0.0, 0.0, 0.0, 0.0, 0.0, 0.0, 0.0]",48746,91067,N6,dismiss,-0.3,ts,781,1
"[0.28571428571428575, -0.28571428571428575, 0.0, 0.0, 0.0, 0.0, 0.0, 0.0, 1.0, 0.8510316849394648, 1.0, 0.0, 0.0, 0.0, 0.0, 0.0, 0.0, 0.0]",37993,60782,N3,accept,0.5,ts,1909,1
"[0.25, -0.25, 0.0, -0.005747126436781609, -0.16666666666666666, 0.0, 0.0, 0.0, 1.0, 0.7953547792253595, 1.0, 0.0, 0.0, 0.0, 0.0, 0.0, 0.0, 0.0]",117105,117045,N3,accept,0.475,ts,1599,1
"[0.6848739495798319, -0.6848739495798319, -0.17794486215538852, 1.0, 0.0, 0.0, 0.0, 0.0, 1.0, 0.7335761080901412, 1.0, 0.0, 0.0, 0.0, 0.0, 0.0, 0.0, 0.0]",185563,155668,N6,dismiss,-0.3,ts,2094,1
"[0.5636363636363637, -0.5636363636363637, -0.3181818181818182, -0.005698005698005698, 0.42857142857142855, 0.0, 0.0, 0.0, 1.0, 0.7399707351109854, 1.0, 0.0, 0.0, 0.0, 0.0, 0.0, 0.0, 0.0]",162722,107563,N6,dismiss,-0.3,ts,2217,0
"[0.5, -0.5, -0.18852459016393436, 0.0, 0.0, 0.0, 0.0, 0.0, 1.0, 0.8459637063264451, 1.0, 0.0, 0.0, 0.0, 0.0, 0.0, 0.0, 0.0]",85446,122732,N3,accept,0.6499999999999999,ts,2448,1
"[0.5, -0.5, -0.3, 0.0, 0.0, 0.0, 0.0, 0.0, 1.0, 0.8185495653156272, 1.0, 0.0, 0.0, 0.0, 0.0, 0.0, 0.0, 0.0]",38636,18374,N3,accept,0.6499999999999999,ts,986,1
"[0.41666666666666663, -0.41666666666666663, 0.1926782273603083, -0.02158273381294964, 0.0, 0.0, 0.0, 0.0, 1.0, 0.8183544914832085, 1.0, 0.0, 0.0, 0.0, 0.0, 0.0, 0.0, 0.0]",125880,39280,N6,dismiss,-0.3,ts,2514,0
"[0.37500000000000006, -0.37500000000000006, 0.0, -0.3611111111111111, 0.043478260869565216, 0.0, 0.0, 0.0, 1.0, 0.7878158040247939, 1.0, 0.0, 0.0, 0.0, 0.0, 0.0, 0.0, 0.0]",110121,51122,N3,accept,0.5625,ts,2281,1
"[0.25, -0.25, -0.7965986394557822, -0.32338308457711445, -0.984375, 0.0, 0.0, 0.0, 1.0, 0.4797494792776246, 1.0, 0.0, 0.0, 0.0, 0.0, 0.0, 0.0, 0.0]",30574,134921,N6,dismiss,-0.3,ts,2834,1
"[0.8571428571428571, -0.8571428571428571, 0.0, 0.08362369337979095, 0.19999999999999993, 0.0, 0.0, 0.0, 1.0, 0.8919465421273026, 1.0, 0.0, 0.0, 0.0, 0.0, 0.0, 0.0, 0.0]",91072,91068,N6,dismiss,-0.3,ts,922,1
"[0.788235294117647, -0.788235294117647, 0.0, 0.624, -0.3, 0.0, 0.0, 0.0, 1.0, 0.7824315289821677, 1.0, 0.0, 0.0, 0.0, 0.0, 0.0, 0.0, 0.0]",47181,47180,N1,accept,0.851764705882353,ts,1555,1
"[0.1764705882352941, -0.1764705882352941, 0.0, 0.05045871559633028, 0.0, 0.0, 0.0, 0.0, 1.0, 0.8002741033846621, 1.0, 0.0, 0.0, 0.0, 0.0, 0.0, 0.0, 0.0]",173998,173997,N3,accept,0.4235294117647058,ts,2168,1
"[0.28571428571428564, -0.28571428571428564, 0.23883928571428578, 0.0, 0.0, 0.0, 0.0, 0.0, 1.0, 0.7750759893121976, 1.0, 0.0, 0.0, 0.0, 0.0, 0.0, 0.0, 0.0]",55348,93922,N6,dismiss,-0.3,ts,2182,1
"[0.5833333333333333, -0.5833333333333333, -0.014175257731958841, 0.0, 0.1, 0.0, 0.0, 0.0, 1.0, 0.8931955318196763, 1.0, 0.0, 0.0, 0.0, 0.0, 0.0, 0.0, 0.0]",151790,113027,N1,dismiss,-0.3,ts,1170,1
"[0.8603174603174604, -0.8603174603174604, -0.3191489361702128, 0.3333333333333333, -0.338235294117647, 0.0, 0.0, 0.0, 1.0, 0.7237247416033036, 1.0, 0.0, 0.0, 0.0, 0.0, 0.0, 0.0, 0.0]",48746,59424,N1,dismiss,-0.3,ts,1031,1
"[0.06666666666666672, -0.06666666666666672, -0.17888888888888882, 0.01507537688442211, -0.24242424242424243, 0.0, 0.0, 0.0, 1.0, 0.6526761476554204, 1.0, 0.0, 0.0, 0.0, 0.0, 0.0, 0.0, 0.0]",69112,81395,N3,accept,0.3466666666666667,ts,1724,1
"[0.7794117647058824, -0.7794117647058824, 0.09698996655518391, 0.9245283018867925, 0.35714285714285715, 0.0, 0.0, 0.0, 1.0, 0.7177712474350142, 1.0, 0.0, 0.0, 0.0, 0.0, 0.0, 0.0, 0.0]",121068,155668,N3,accept,0.8455882352941175,ts,1535,1
"[0.28571428571428564, -0.28571428571428564, -0.20634920634920637, -0.029411764705882353, 0.0, 0.0, 0.0, 0.0, 1.0, 0.7748350288905015, 1.0, 0.0, 0.0, 0.0, 0.0, 0.0, 0.0, 0.0]",55348,106755,N1,dismiss,-0.3,ts,646,1
"[0.1666666666666667, -0.1666666666666667, 0.2, 0.0, 0.0, 0.0, 0.0, 0.0, 1.0, 0.7452936748080553, 1.0, 0.0, 0.0, 0.0, 0.0, 0.0, 0.0, 0.0]",18364,61090,N3,accept,0.4166666666666667,ts,1128,1
"[0.5599999999999999, -0.5599999999999999, -0.1018907563025209, -0.059782608695652176, -0.07142857142857142, 0.0, 0.0, 0.0, 1.0, 0.8477079830211879, 1.0, 0.0, 0.0, 0.0, 0.0, 0.0, 0.0, 0.0]",87447,85283,N6,dismiss,-0.3,ts,1221,1
"[0.18831168831168835, -0.18831168831168835, 0.20250120250120254, 0.1111111111111111, -0.07999999999999999, 0.0, 0.0, 0.0, 1.0, 0.7001240443089605, 1.0, 0.0, 0.0, 0.0, 0.0, 0.0, 0.0, 0.0]",128341,85224,N3,accept,0.4318181818181818,ts,989,1
"[0.07692307692307684, -0.07692307692307684, -0.1872881355932203, 0.3867924528301887, -0.22727272727272727, 0.0, 0.0, 0.0, 1.0, 0.5806488195218563, 1.0, 0.0, 0.0, 0.0, 0.0, 0.0, 0.0, 0.0]",169794,115240,N3,accept,0.35384615384615375,ts,754,1
"[0.625, -0.625, 0.04833333333333339, -0.48333333333333334, -0.58, 0.0, 0.0, 0.0, 1.0, 0.7191648355673378, 1.0, 0.0, 0.0, 0.0, 0.0, 0.0, 0.0, 0.0]",167076,79359,N6,dismiss,-0.3,ts,2295,1
"[0.20000000000000004, -0.20000000000000004, -0.32, -0.75, -0.44000000000000006, 0.0, 0.0, 0.0, 1.0, 0.5239735986960091, 1.0, 0.0, 0.0, 0.0, 0.0, 0.0, 0.0, 0.0]",69485,18334,N1,dismiss,-0.3,ts,1410,1
"[0.5, -0.5, -0.10344827586206896, 0.0, 0.0, 0.0, 0.0, 0.0, 1.0, 0.8714079900606294, 1.0, 0.0, 0.0, 0.0, 0.0, 0.0, 0.0, 0.0]",70828,129946,N3,accept,0.6499999999999999,ts,2773,1
"[0.34, -0.34, -0.2748368382886149, 0.0, 0.0, 0.0, 0.0, 0.0, 1.0, 0.7829139224011672, 1.0, 0.0, 0.0, 0.0, 0.0, 0.0, 0.0, 0.0]",141766,93864,N3,accept,0.538,ts,2749,1
"[0.33333333333333337, -0.33333333333333337, -0.03710575139146568, 0.05263157894736842, 0.20879120879120883, 0.0, 0.0, 0.0, 1.0, 0.7850330737942559, 1.0, 0.0, 0.0, 0.0, 0.0, 0.0, 0.0, 0.0]",63943,49082,N6,dismiss,-0.3,ts,564,0
"[0.6228571428571429, -0.6228571428571429, -0.0726817042606516, 0.06333333333333334, 0.2727272727272727, 0.0, 0.0, 0.0, 1.0, 0.825178882130852, 1.0, 0.0, 0.0, 0.0, 0.0, 0.0, 0.0, 0.0]",174761,130294,N3,accept,0.736,ts,2610,1
"[0.20000000000000007, -0.20000000000000007, -0.11234705228031143, -0.04201680672268908, -0.08333333333333333, 0.0, 0.0, 0.0, 1.0, 0.7474625682692565, 1.0, 0.0, 0.0, 0.0, 0.0, 0.0, 0.0, 0.0]",166050,107170,N3,accept,0.44000000000000006,ts,1323,1
"[0.1111111111111112, -0.1111111111111112, -0.09008189262966337, 0.15579710144927536, 0.4, 0.0, 0.0, 0.0, 1.0, 0.6355529250549651, 1.0, 0.0, 0.0, 0.0, 0.0, 0.0, 0.0, 0.0]",64516,63925,N6,dismiss,-0.3,ts,659,0
"[0.2307692307692307, -0.2307692307692307, -0.2222222222222222, 1.0, 0.44000000000000006, 0.0, 0.0, 0.0, 1.0, 0.5277921166190855, 1.0, 0.0, 0.0, 0.0, 0.0, 0.0, 0.0, 0.0]",79461,39150,N3,accept,0.46153846153846145,ts,2391,1
"[0.1111111111111111, -0.1111111111111111, -0.034482758620689655, -0.10954063604240283, 0.3333333333333333, 0.0, 0.0, 0.0, 1.0, 0.6754579089247579, 1.0, 0.0, 0.0, 0.0, 0.0, 0.0, 0.0, 0.0]",134111,115390,N3,accept,0.37777777777777777,ts,2325,1
"[0.375, -0.375, 0.024727272727272716, -0.4527027027027027, 0.33999999999999997, 0.0, 0.0, 0.0, 1.0, 0.7044564132089861, 1.0, 0.0, 0.0, 0.0, 0.0, 0.0, 0.0, 0.0]",19607,154734,N3,accept,0.5625,ts,2251,1
"[0.25, -0.25, -0.25925925925925924, 0.048484848484848485, 0.041666666666666664, 0.0, 0.0, 0.0, 1.0, 0.7328139323987184, 1.0, 0.0, 0.0, 0.0, 0.0, 0.0, 0.0, 0.0]",142494,117045,N1,accept,0.475,ts,2637,1
"[0.5, -0.5, -0.35778175313059035, -0.4148936170212766, 0.08000000000000007, 0.0, 0.0, 0.0, 1.0, 0.6998134226636865, 1.0, 0.0, 0.0, 0.0, 0.0, 0.0, 0.0, 0.0]",19596,84107,N3,accept,0.6499999999999999,ts,2749,1
"[0.5170454545454546, -0.5170454545454546, 0.0, -0.21153846153846154, 0.07999999999999999, 0.0, 0.0, 0.0, 1.0, 0.8386147037299572, 1.0, 0.0, 0.0, 0.0, 0.0, 0.0, 0.0, 0.0]",74187,87406,N1,dismiss,-0.3,ts,860,1
"[0.72, -0.72, -0.20040080160320642, 0.0, 0.0, 0.0, 0.0, 0.0, 1.0, 0.8822563603994524, 1.0, 0.0, 0.0, 0.0, 0.0, 0.0, 0.0, 0.0]",130669,30620,N6,dismiss,-0.3,ts,2045,1
"[0.625, -0.625, 0.07707129094412332, 0.0, 0.0, 0.0, 0.0, 0.0, 1.0, 0.904947839553394, 1.0, 0.0, 0.0, 0.0, 0.0, 0.0, 0.0, 0.0]",16734,16731,N6,dismiss,-0.3,ts,778,0
"[0.25, -0.25, -0.46332737030411447, -0.10824742268041238, 0.19047619047619047, 0.0, 0.0, 0.0, 1.0, 0.6420465769124615, 1.0, 0.0, 0.0, 0.0, 0.0, 0.0, 0.0, 0.0]",16906,117045,N6,dismiss,-0.3,ts,1538,0
"[0.09090909090909098, -0.09090909090909098, 0.0, 0.06515580736543909, 0.0, 0.0, 0.0, 0.0, 1.0, 0.7655544386808594, 1.0, 0.0, 0.0, 0.0, 0.0, 0.0, 0.0, 0.0]",87720,151841,N3,accept,0.36363636363636365,ts,673,1
"[0.16666666666666666, -0.16666666666666666, -0.3118316660917558, -0.37771739130434784, -0.5151515151515151, 0.0, 0.0, 0.0, 1.0, 0.5424309052873024, 1.0, 0.0, 0.0, 0.0, 0.0, 0.0, 0.0, 0.0]",71447,185375,N1,dismiss,-0.3,ts,2972,1
"[0.5, -0.5, 0.10367892976588634, -0.45664739884393063, -0.08000000000000003, 0.0, 0.0, 0.0, 1.0, 0.7593345830725144, 1.0, 0.0, 0.0, 0.0, 0.0, 0.0, 0.0, 0.0]",132804,19599,N1,dismiss,-0.3,ts,2756,1
"[0.24999999999999997, -0.24999999999999997, 0.16666666666666666, 0.0, 0.0, 0.0, 0.0, 0.0, 1.0, 0.7828956117024544, 1.0, 0.0, 0.0, 0.0, 0.0, 0.0, 0.0, 0.0]",18305,18309,N6,accept,0.475,ts,639,0
"[0.20000000000000004, -0.20000000000000004, 0.052700922266139656, 0.1377245508982036, -0.05, 0.0, 0.0, 0.0, 1.0, 0.7524309879658798, 1.0, 0.0, 0.0, 0.0, 0.0, 0.0, 0.0, 0.0]",81498,158639,N6,dismiss,-0.3,ts,954,1
"[0.6, -0.6, -0.16636363636363638, 0.28, 0.06000000000000001, 0.0, 0.0, 0.0, 1.0, 0.7911870333536699, 1.0, 0.0, 0.0, 0.0, 0.0, 0.0, 0.0, 0.0]",122718,82102,N6,dismiss,-0.3,ts,2972,1
"[0.04494382022471914, -0.04494382022471914, -0.2535714285714286, -0.08064516129032258, 0.0, 0.0, 0.0, 0.0, 1.0, 0.6649279362905083, 1.0, 0.0, 0.0, 0.0, 0.0, 0.0, 0.0, 0.0]",79360,18005,N6,dismiss,-0.3,ts,946,0
"[0.5, -0.5, -0.3, 0.0, 0.0, 0.0, 0.0, 0.0, 1.0, 0.8185495653156272, 1.0, 0.0, 0.0, 0.0, 0.0, 0.0, 0.0, 0.0]",38636,18374,N6,dismiss,-0.3,ts,1213,0
"[0.09999999999999991, -0.09999999999999991, -0.665546218487395, 0.0, 0.0, 0.0, 0.0, 0.0, 1.0, 0.6400589572696636, 1.0, 0.0, 0.0, 0.0, 0.0, 0.0, 0.0, 0.0]",54201,16809,N1,dismiss,-0.3,ts,2736,1
"[0.7794117647058824, -0.7794117647058824, -0.18122815776335507, 1.0, 0.11764705882352941, 0.0, 0.0, 0.0, 1.0, 0.7149754356537524, 1.0, 0.0, 0.0, 0.0, 0.0, 0.0, 0.0, 0.0]",107861,155668,N6,dismiss,-0.3,ts,2906,1
"[0.5833333333333334, -0.5833333333333334, -0.10370370370370366, -0.1894150417827298, 1.0, 0.0, 0.0, 0.0, 1.0, 0.6914955644422529, 1.0, 0.0, 0.0, 0.0, 0.0, 0.0, 0.0, 0.0]",158412,29663,N6,dismiss,-0.3,ts,1091,1
"[0.7999999999999999, -0.7999999999999999, -0.24200000000000002, -0.11666666666666667, -0.18181818181818182, 0.0, 0.0, 0.0, 1.0, 0.8047313163458458, 1.0, 0.0, 0.0, 0.0, 0.0, 0.0, 0.0, 0.0]",69947,48992,N1,dismiss,-0.3,ts,1011,1
"[0.4444444444444445, -0.4444444444444445, 0.17096774193548378, -0.18, -0.58, 0.0, 0.0, 0.0, 1.0, 0.6894489194008218, 1.0, 0.0, 0.0, 0.0, 0.0, 0.0, 0.0, 0.0]",81420,132873,N6,accept,0.6111111111111112,ts,2320,0
"[0.85, -0.85, -0.005000000000000071, 0.0, 0.0, 0.0, 0.0, 0.0, 1.0, 0.9617967240690748, 1.0, 0.0, 0.0, 0.0, 0.0, 0.0, 0.0, 0.0]",38018,174748,N6,dismiss,-0.3,ts,2028,0
"[0.28571428571428564, -0.28571428571428564, -0.12987362194138205, 0.0, 0.0, 0.0, 0.0, 0.0, 1.0, 0.80528098462751, 1.0, 0.0, 0.0, 0.0, 0.0, 0.0, 0.0, 0.0]",55412,74215,N6,dismiss,-0.3,ts,2846,1
"[0.2222222222222223, -0.2222222222222223, 0.11131725417439703, 0.08529411764705883, 0.10400000000000005, 0.0, 0.0, 0.0, 1.0, 0.7387660108640149, 1.0, 0.0, 0.0, 0.0, 0.0, 0.0, 0.0, 0.0]",123848,76847,N1,dismiss,-0.3,ts,613,1
"[0.09090909090909098, -0.09090909090909098, -0.44372594303310237, 0.0, 0.0, 0.0, 0.0, 0.0, 1.0, 0.666221858709415, 1.0, 0.0, 0.0, 0.0, 0.0, 0.0, 0.0, 0.0]",43671,142277,N6,dismiss,-0.3,ts,2850,1
"[0.24999999999999992, -0.24999999999999992, -0.18808777429467086, -0.007194244604316547, -0.02439024390243908, 0.0, 0.0, 0.0, 1.0, 0.7676014166610969, 1.0, 0.0, 0.0, 0.0, 0.0, 0.0, 0.0, 0.0]",113424,125887,N6,accept,0.4749999999999999,ts,2466,0
"[0.13333333333333328, -0.13333333333333328, -0.09600443951165374, -0.13846153846153847, -0.07999999999999999, 0.0, 0.0, 0.0, 1.0, 0.7059422282078749, 1.0, 0.0, 0.0, 0.0, 0.0, 0.0, 0.0, 0.0]",83435,143094,N6,accept,0.39333333333333326,ts,1601,0
"[0.1200000000000001, -0.1200000000000001, 0.1455847255369929, -0.04024767801857585, -0.33999999999999997, 0.0, 0.0, 0.0, 1.0, 0.6583894484224873, 1.0, 0.0, 0.0, 0.0, 0.0, 0.0, 0.0, 0.0]",57279,59423,N3,accept,0.38400000000000006,ts,2107,1
"[0.8412698412698413, -0.8412698412698413, -0.40567375886524826, 0.43555555555555553, -0.4411764705882353, 0.0, 0.0, 0.0, 1.0, 0.6765930596253358, 1.0, 0.0, 0.0, 0.0, 0.0, 0.0, 0.0, 0.0]",48746,57279,N6,dismiss,-0.3,ts,1063,1
"[0.3636363636363637, -0.3636363636363637, 0.0, 0.0, 0.0, 0.0, 0.0, 0.0, 1.0, 0.8742764353476687, 1.0, 0.0, 0.0, 0.0, 0.0, 0.0, 0.0, 0.0]",123054,123174,N6,dismiss,-0.3,ts,928,0
"[0.52, -0.52, 0.11648223645894, 0.0, 0.0, 0.0, 0.0, 0.0, 1.0, 0.8716130198763568, 1.0, 0.0, 0.0, 0.0, 0.0, 0.0, 0.0, 0.0]",142501,54196,N6,dismiss,-0.3,ts,813,0
"[0.1250000000000001, -0.1250000000000001, 0.18112094395280237, -0.014044943820224719, -0.6272727272727273, 0.0, 0.0, 0.0, 1.0, 0.6241820565587829, 1.0, 0.0, 0.0, 0.0, 0.0, 0.0, 0.0, 0.0]",87724,117054,N6,dismiss,-0.3,ts,1257,0
"[0.03508771929824565, -0.03508771929824565, -0.593103448275862, 0.038461538461538464, 0.0, 0.0, 0.0, 0.0, 1.0, 0.6131154001077068, 1.0, 0.0, 0.0, 0.0, 0.0, 0.0, 0.0, 0.0]",87131,183161,N6,accept,0.32456140350877194,ts,2642,1
"[0.33333333333333337, -0.33333333333333337, -0.5833333333333334, 0.0, 0.0, 0.0, 0.0, 0.0, 1.0, 0.727809934097922, 1.0, 0.0, 0.0, 0.0, 0.0, 0.0, 0.0, 0.0]",112487,38636,N6,dismiss,-0.3,ts,2747,0
"[0.2307692307692307, -0.2307692307692307, -0.16666666666666666, 1.0, 0.44000000000000006, 0.0, 0.0, 0.0, 1.0, 0.5428623010478525, 1.0, 0.0, 0.0, 0.0, 0.0, 0.0, 0.0, 0.0]",79461,133969,N6,dismiss,-0.3,ts,1945,1
"[0.14285714285714288, -0.14285714285714288, 0.2002503128911139, 0.9813084112149533, -0.15, 0.0, 0.0, 0.0, 1.0, 0.5689594320135174, 1.0, 0.0, 0.0, 0.0, 0.0, 0.0, 0.0, 0.0]",78135,55882,N6,dismiss,-0.3,ts,1010,1
"[0.15999999999999998, -0.15999999999999998, -0.30025445292620867, 0.7263157894736842, 0.39622641509433976, 0.0, 0.0, 0.0, 1.0, 0.5215834348101834, 1.0, 0.0, 0.0, 0.0, 0.0, 0.0, 0.0, 0.0]",59416,152287,N6,dismiss,-0.3,ts,587,1
"[0.3142857142857143, -0.3142857142857143, -0.45454545454545453, -0.005698005698005698, 0.42857142857142855, 0.0, 0.0, 0.0, 1.0, 0.6523725054895647, 1.0, 0.0, 0.0, 0.0, 0.0, 0.0, 0.0, 0.0]",74278,108839,N6,dismiss,-0.3,ts,762,1
"[0.0285714285714286, -0.0285714285714286, 0.0, -0.4375, -0.039999999999999994, 0.0, 0.0, 0.0, 1.0, 0.6617044856731337, 1.0, 0.0, 0.0, 0.0, 0.0, 0.0, 0.0, 0.0]",125786,189308,N6,accept,0.32,ts,2169,0
"[0.7916666666666666, -0.7916666666666666, 0.19799999999999998, 0.0, 0.0, 0.0, 0.0, 0.0, 1.0, 0.8920518166839673, 1.0, 0.0, 0.0, 0.0, 0.0, 0.0, 0.0, 0.0]",40487,16729,N6,dismiss,-0.3,ts,1412,1
"[0.14285714285714296, -0.14285714285714296, 0.0, -0.056666666666666664, -0.09090909090909091, 0.0, 0.0, 0.0, 1.0, 0.7617571302480617, 1.0, 0.0, 0.0, 0.0, 0.0, 0.0, 0.0, 0.0]",174761,49000,N6,dismiss,-0.3,ts,622,1
"[0.076923076923077, -0.076923076923077, 0.0, 0.0, 0.0, 0.0, 0.0, 0.0, 1.0, 0.7787188164556538, 1.0, 0.0, 0.0, 0.0, 0.0, 0.0, 0.0, 0.0]",93850,174745,N6,dismiss,-0.3,ts,698,0
"[0.14, -0.14, -0.44627054361567636, 0.0, 0.0, 0.0, 0.0, 0.0, 1.0, 0.6836643380059366, 1.0, 0.0, 0.0, 0.0, 0.0, 0.0, 0.0, 0.0]",72622,69993,N6,dismiss,-0.3,ts,2961,1
"[0.25, -0.25, 0.0, 0.0, 0.0, 0.0, 0.0, 0.0, 1.0, 0.8395893495876965, 1.0, 0.0, 0.0, 0.0, 0.0, 0.0, 0.0, 0.0]",116977,117045,N6,dismiss,-0.3,ts,1945,0
"[0.17010309278350508, -0.17010309278350508, -0.2631578947368421, 0.11370262390670553, -0.2692307692307692, 0.0, 0.0, 0.0, 1.0, 0.6376314959661844, 1.0, 0.0, 0.0, 0.0, 0.0, 0.0, 0.0, 0.0]",104962,103705,N6,dismiss,-0.3,ts,992,0
"[0.5, -0.5, -0.4592875318066158, 0.0, 0.0, 0.0, 0.0, 0.0, 1.0, 0.7886047001257124, 1.0, 0.0, 0.0, 0.0, 0.0, 0.0, 0.0, 0.0]",90179,56398,N6,dismiss,-0.3,ts,2691,0
"[0.8714285714285714, -0.8714285714285714, -0.17521902377972465, 0.10526315789473684, 0.631578947368421, 0.0, 0.0, 0.0, 1.0, 0.7707011798032538, 1.0, 0.0, 0.0, 0.0, 0.0, 0.0, 0.0, 0.0]",158639,170138,N6,dismiss,-0.3,ts,1224,1
"[0.4705882352941177, -0.4705882352941177, 0.0, -0.75, -0.44000000000000006, 0.0, 0.0, 0.0, 1.0, 0.6977090282141576, 1.0, 0.0, 0.0, 0.0, 0.0, 0.0, 0.0, 0.0]",41870,18334,N6,accept,0.6294117647058823,ts,2348,1
"[0.9215686274509803, -0.9215686274509803, -0.08178025034770528, 0.02247191011235955, 0.5333333333333333, 0.0, 0.0, 0.0, 1.0, 0.8352230365765551, 1.0, 0.0, 0.0, 0.0, 0.0, 0.0, 0.0, 0.0]",128242,120787,N6,dismiss,-0.3,ts,572,1
"[0.5601851851851852, -0.5601851851851852, -0.09818181818181819, -0.73224043715847, -0.28, 0.0, 0.0, 0.0, 1.0, 0.7061927727509902, 1.0, 0.0, 0.0, 0.0, 0.0, 0.0, 0.0, 0.0]",104492,94324,N6,dismiss,-0.3,ts,1343,1
"[0.20000000000000007, -0.20000000000000007, -0.12425665101721436, 0.002840909090909091, 0.25, 0.0, 0.0, 0.0, 1.0, 0.7189497931363428, 1.0, 0.0, 0.0, 0.0, 0.0, 0.0, 0.0, 0.0]",74281,88669,N6,dismiss,-0.3,ts,1342,1
"[0.47058823529411764, -0.47058823529411764, -0.23529411764705882, -0.8244897959183674, -0.22000000000000003, 0.0, 0.0, 0.0, 1.0, 0.6523913728922244, 1.0, 0.0, 0.0, 0.0, 0.0, 0.0, 0.0, 0.0]",41169,37953,N6,dismiss,-0.3,ts,2315,1
"[0.16666666666666666, -0.16666666666666666, 0.20401337792642146, -0.4050632911392405, -0.6, 0.0, 0.0, 0.0, 1.0, 0.5561212785803112, 1.0, 0.0, 0.0, 0.0, 0.0, 0.0, 0.0, 0.0]",121907,145577,N6,dismiss,-0.3,ts,737,1
"[0.7531428571428572, -0.7531428571428572, -0.05604534005037787, 0.028169014084507043, -0.21052631578947367, 0.0, 0.0, 0.0, 1.0, 0.8717592703986687, 1.0, 0.0, 0.0, 0.0, 0.0, 0.0, 0.0, 0.0]",89666,128284,N6,dismiss,-0.3,ts,720,0
"[0.7066666666666667, -0.7066666666666667, -0.26660742057320597, 0.0, 0.0, 0.0, 0.0, 0.0, 1.0, 0.8637591120811493, 1.0, 0.0, 0.0, 0.0, 0.0, 0.0, 0.0, 0.0]",120796,86743,N6,dismiss,-0.3,ts,2636,1
"[0.17647058823529416, -0.17647058823529416, -0.3436065573770492, -0.027700831024930747, -0.5444444444444445, 0.0, 0.0, 0.0, 1.0, 0.6076724230641033, 1.0, 0.0, 0.0, 0.0, 0.0, 0.0, 0.0, 0.0]",15685,117054,N6,dismiss,-0.3,ts,1424,1
"[0.6897727272727272, -0.6897727272727272, -0.375, -0.23076923076923078, 0.0, 0.0, 0.0, 0.0, 1.0, 0.7829628423887912, 1.0, 0.0, 0.0, 0.0, 0.0, 0.0, 0.0, 0.0]",74187,81568,N6,dismiss,-0.3,ts,664,1
"[0.2, -0.2, -0.425, -0.1678832116788321, -0.26666666666666666, 0.0, 0.0, 0.0, 1.0, 0.603526579115756, 1.0, 0.0, 0.0, 0.0, 0.0, 0.0, 0.0, 0.0]",115289,178949,N6,dismiss,-0.3,ts,979,0
"[0.4962962962962963, -0.4962962962962963, -0.15, 0.0, 0.0, 0.0, 0.0, 0.0, 1.0, 0.8561193652923813, 1.0, 0.0, 0.0, 0.0, 0.0, 0.0, 0.0, 0.0]",135207,18279,N6,accept,0.6474074074074074,ts,2827,1
"[0.09090909090909098, -0.09090909090909098, -0.19, -0.0641399416909621, 0.0, 0.0, 0.0, 0.0, 1.0, 0.7025945172011838, 1.0, 0.0, 0.0, 0.0, 0.0, 0.0, 0.0, 0.0]",162866,142493,N6,dismiss,-0.3,ts,720,1
"[0.25, -0.25, -0.24812030075187969, 0.0581039755351682, 0.32978723404255317, 0.0, 0.0, 0.0, 1.0, 0.6724565857057285, 1.0, 0.0, 0.0, 0.0, 0.0, 0.0, 0.0, 0.0]",82380,117045,N6,dismiss,-0.3,ts,1209,0
"[0.25333333333333335, -0.25333333333333335, 0.0, 0.0, 0.0, 0.0, 0.0, 0.0, 1.0, 0.8406768668945128, 1.0, 0.0, 0.0, 0.0, 0.0, 0.0, 0.0, 0.0]",21089,84577,N6,dismiss,-0.3,ts,2236,1
"[0.1666666666666666, -0.1666666666666666, 0.0, 0.0, 0.0, 0.0, 0.0, 0.0, 1.0, 0.8112296656009272, 1.0, 0.0, 0.0, 0.0, 0.0, 0.0, 0.0, 0.0]",60788,60783,N6,dismiss,-0.3,ts,634,0
"[0.1478260869565217, -0.1478260869565217, -0.7000000000000001, 0.0, 0.0285714285714286, 0.0, 0.0, 0.0, 1.0, 0.6455320222776031, 1.0, 0.0, 0.0, 0.0, 0.0, 0.0, 0.0, 0.0]",39517,105872,N6,dismiss,-0.3,ts,412,1
"[0.8151260504201681, -0.8151260504201681, -0.309153713298791, 1.0, -0.52, 0.0, 0.0, 0.0, 1.0, 0.6302193207132403, 1.0, 0.0, 0.0, 0.0, 0.0, 0.0, 0.0, 0.0]",61358,169349,N6,dismiss,-0.3,ts,968,1
"[0.06666666666666661, -0.06666666666666661, -0.008551724137931097, -0.4169611307420495, 0.08333333333333333, 0.0, 0.0, 0.0, 1.0, 0.6636490049761106, 1.0, 0.0, 0.0, 0.0, 0.0, 0.0, 0.0, 0.0]",134111,179649,N6,dismiss,-0.3,ts,1544,1
"[0.47058823529411764, -0.47058823529411764, 0.0, 0.14, 0.18000000000000002, 0.0, 0.0, 0.0, 1.0, 0.8200410775686694, 1.0, 0.0, 0.0, 0.0, 0.0, 0.0, 0.0, 0.0]",37982,37953,N6,accept,0.6294117647058823,ts,1875,0
"[0.583011583011583, -0.583011583011583, -0.5876288659793815, -0.05421686746987952, -0.391304347826087, 0.0, 0.0, 0.0, 1.0, 0.6908308980646058, 1.0, 0.0, 0.0, 0.0, 0.0, 0.0, 0.0, 0.0]",61096,145523,N6,dismiss,-0.3,ts,733,0
"[0.20000000000000004, -0.20000000000000004, 0.13355592654424053, -0.007194244604316547, 0.02500000000000006, 0.0, 0.0, 0.0, 1.0, 0.7664872330211412, 1.0, 0.0, 0.0, 0.0, 0.0, 0.0, 0.0, 0.0]",53365,108507,N6,dismiss,-0.3,ts,767,1
"[0.20000000000000007, -0.20000000000000007, -0.06259780907668232, 0.017045454545454544, -0.4166666666666667, 0.0, 0.0, 0.0, 1.0, 0.7094552875739797, 1.0, 0.0, 0.0, 0.0, 0.0, 0.0, 0.0, 0.0]",74282,135483,N6,dismiss,-0.3,ts,891,1
"[0.367741935483871, -0.367741935483871, -0.40836727138097, -0.022284122562674095, -0.19999999999999998, 0.0, 0.0, 0.0, 1.0, 0.7078160174800597, 1.0, 0.0, 0.0, 0.0, 0.0, 0.0, 0.0, 0.0]",85287,105910,N6,dismiss,-0.3,ts,787,1
"[0.13333333333333344, -0.13333333333333344, -0.1, -0.75, -0.44000000000000006, 0.0, 0.0, 0.0, 1.0, 0.5587769414463242, 1.0, 0.0, 0.0, 0.0, 0.0, 0.0, 0.0, 0.0]",70105,79461,N6,dismiss,-0.3,ts,912,0
"[0.02857142857142844, -0.02857142857142844, -0.3211788211788212, -0.022792022792022793, 0.5200000000000001, 0.0, 0.0, 0.0, 1.0, 0.5622519721506657, 1.0, 0.0, 0.0, 0.0, 0.0, 0.0, 0.0, 0.0]",117054,185707,N6,dismiss,-0.3,ts,2601,1
"[0.11458333333333333, -0.11458333333333333, 0.0, -0.5587392550143266, -0.77, 0.0, 0.0, 0.0, 1.0, 0.5737732739088267, 1.0, 0.0, 0.0, 0.0, 0.0, 0.0, 0.0, 0.0]",107563,142262,N6,dismiss,-0.3,ts,2597,0
"[0.18831168831168835, -0.18831168831168835, 0.20250120250120254, 0.1111111111111111, -0.07999999999999999, 0.0, 0.0, 0.0, 1.0, 0.7001240443089605, 1.0, 0.0, 0.0, 0.0, 0.0, 0.0, 0.0, 0.0]",128341,85224,N6,dismiss,-0.3,ts,2199,0
"[0.22602739726027393, -0.22602739726027393, -0.43941286695815124, 0.0, 0.125, 0.0, 0.0, 0.0, 1.0, 0.6815294341939637, 1.0, 0.0, 0.0, 0.0, 0.0, 0.0, 0.0, 0.0]",43388,143110,N6,dismiss,-0.3,ts,423,1
"[0.6875, -0.6875, -0.34684095860566444, -0.14206128133704735, 0.5862068965517241, 0.0, 0.0, 0.0, 1.0, 0.7028927983455574, 1.0, 0.0, 0.0, 0.0, 0.0, 0.0, 0.0, 0.0]",158412,115951,N6,accept,0.78125,ts,1566,1
"[0.15999999999999998, -0.15999999999999998, 0.03777501037775011, 0.7087378640776699, 0.2105263157894737, 0.0, 0.0, 0.0, 1.0, 0.629122681326625, 1.0, 0.0, 0.0, 0.0, 0.0, 0.0, 0.0, 0.0]",59415,15171,N6,dismiss,-0.3,ts,1756,0
"[0.03508771929824565, -0.03508771929824565, -0.593103448275862, 0.038461538461538464, 0.0, 0.0, 0.0, 0.0, 1.0, 0.6131154001077068, 1.0, 0.0, 0.0, 0.0, 0.0, 0.0, 0.0, 0.0]",87131,183161,N6,dismiss,-0.3,ts,921,1
"[0.1250000000000001, -0.1250000000000001, 0.16218749999999993, 0.0, 0.0, 0.0, 0.0, 0.0, 1.0, 0.7409291148542603, 1.0, 0.0, 0.0, 0.0, 0.0, 0.0, 0.0, 0.0]",57061,55412,N6,accept,0.38750000000000007,ts,841,0
"[0.3, -0.3, -0.6, 0.0, 0.0, 0.0, 0.0, 0.0, 1.0, 0.7157135936949424, 1.0, 0.0, 0.0, 0.0, 0.0, 0.0, 0.0, 0.0]",77920,29449,N6,dismiss,-0.3,ts,880,1
"[0.5588235294117647, -0.5588235294117647, 0.05627198124267297, 1.0, 1.0, 0.0, 0.0, 0.0, 1.0, 0.6003413844904111, 1.0, 0.0, 0.0, 0.0, 0.0, 0.0, 0.0, 0.0]",147129,155692,N6,dismiss,-0.3,ts,928,1
"[0.25, -0.25, 0.0, 0.0, 0.0, 0.0, 0.0, 0.0, 1.0, 0.8395893495876965, 1.0, 0.0, 0.0, 0.0, 0.0, 0.0, 0.0, 0.0]",116977,117045,N6,dismiss,-0.3,ts,1179,0
"[0.5, -0.5, 0.0, 0.0, 0.0, 0.0, 0.0, 0.0, 1.0, 0.9087872380968218, 1.0, 0.0, 0.0, 0.0, 0.0, 0.0, 0.0, 0.0]",60782,60783,N6,dismiss,-0.3,ts,2580,0
"[0.1200000000000001, -0.1200000000000001, 0.1455847255369929, -0.04024767801857585, -0.33999999999999997, 0.0, 0.0, 0.0, 1.0, 0.6583894484224873, 1.0, 0.0, 0.0, 0.0, 0.0, 0.0, 0.0, 0.0]",57279,59423,N6,dismiss,-0.3,ts,1512,0
"[0.5601851851851852, -0.5601851851851852, -0.09818181818181819, -0.73224043715847, -0.28, 0.0, 0.0, 0.0, 1.0, 0.7061927727509902, 1.0, 0.0, 0.0, 0.0, 0.0, 0.0, 0.0, 0.0]",104492,94324,N6,accept,0.6921296296296297,ts,1292,1
"[0.12499999999999988, -0.12499999999999988, -0.06666666666666667, 0.4132231404958678, 0.0, 0.0, 0.0, 0.0, 1.0, 0.6870082097314609, 1.0, 0.0, 0.0, 0.0, 0.0, 0.0, 0.0, 0.0]",63222,114737,N6,accept,0.3874999999999999,ts,2249,0
"[0.12499999999999988, -0.12499999999999988, -0.2814901047729919, -0.047058823529411764, 0.2, 0.0, 0.0, 0.0, 1.0, 0.6473095134029654, 1.0, 0.0, 0.0, 0.0, 0.0, 0.0, 0.0, 0.0]",93923,135548,N6,dismiss,-0.3,ts,1462,1
"[0.20000000000000004, -0.20000000000000004, -0.08571428571428572, 0.18253968253968253, 0.0625, 0.0, 0.0, 0.0, 1.0, 0.7278160105377319, 1.0, 0.0, 0.0, 0.0, 0.0, 0.0, 0.0, 0.0]",115390,104963,N6,accept,0.44,ts,2155,0
"[0.3636363636363637, -0.3636363636363637, -0.0003316749585405642, -0.022284122562674095, 0.12, 0.0, 0.0, 0.0, 1.0, 0.8355995376463724, 1.0, 0.0, 0.0, 0.0, 0.0, 0.0, 0.0, 0.0]",43347,74278,N6,dismiss,-0.3,ts,2372,0
"[0.6153846153846154, -0.6153846153846154, 0.11299709020368566, -0.04, -0.020000000000000018, 0.0, 0.0, 0.0, 1.0, 0.8739678605030003, 1.0, 0.0, 0.0, 0.0, 0.0, 0.0, 0.0, 0.0]",145085,113027,N6,dismiss,-0.3,ts,2189,0
"[0.415625, -0.415625, 0.1312500000000001, 0.0, 0.0, 0.0, 0.0, 0.0, 1.0, 0.8422044928641546, 1.0, 0.0, 0.0, 0.0, 0.0, 0.0, 0.0, 0.0]",57061,15139,N6,dismiss,-0.3,ts,2697,0
"[0.9189189189189189, -0.9189189189189189, -0.3174603174603175, 0.0948905109489051, -0.08333333333333333, 0.0, 0.0, 0.0, 1.0, 0.8271857112323229, 1.0, 0.0, 0.0, 0.0, 0.0, 0.0, 0.0, 0.0]",130295,16728,N6,dismiss,-0.3,ts,2279,1
"[0.7, -0.7, -0.2805555555555556, 0.44680851063829785, -0.19000000000000003, 0.0, 0.0, 0.0, 1.0, 0.7235217114788834, 1.0, 0.0, 0.0, 0.0, 0.0, 0.0, 0.0, 0.0]",145577,145532,N6,dismiss,-0.3,ts,1962,0
"[0.5288235294117647, -0.5288235294117647, -0.125, -0.48333333333333334, -0.58, 0.0, 0.0, 0.0, 1.0, 0.6748948772215447, 1.0, 0.0, 0.0, 0.0, 0.0, 0.0, 0.0, 0.0]",71734,79360,N6,dismiss,-0.3,ts,2941,0
"[0.37500000000000006, -0.37500000000000006, 0.0, -0.3611111111111111, 0.043478260869565216, 0.0, 0.0, 0.0, 1.0, 0.7878158040247939, 1.0, 0.0, 0.0, 0.0, 0.0, 0.0, 0.0, 0.0]",125913,51122,N6,dismiss,-0.3,ts,825,1
"[0.16326530612244894, -0.16326530612244894, 0.0, -0.02601156069364162, -0.4117647058823529, 0.0, 0.0, 0.0, 1.0, 0.7182572044369081, 1.0, 0.0, 0.0, 0.0, 0.0, 0.0, 0.0, 0.0]",63901,63915,N6,accept,0.41428571428571426,ts,2955,0
"[0.19999999999999993, -0.19999999999999993, -0.25, -0.8833333333333333, -0.7454545454545454, 0.0, 0.0, 0.0, 1.0, 0.5035447216368699, 1.0, 0.0, 0.0, 0.0, 0.0, 0.0, 0.0, 0.0]",126074,18330,N6,dismiss,-0.3,ts,2461,0
"[0.3333333333333333, -0.3333333333333333, 0.14285714285714285, 0.02, -0.16, 0.0, 0.0, 0.0, 1.0, 0.7688655193639619, 1.0, 0.0, 0.0, 0.0, 0.0, 0.0, 0.0, 0.0]",51616,40998,N6,dismiss,-0.3,ts,663,0
"[0.26470588235294124, -0.26470588235294124, -0.5676126878130218, -0.24, -0.019999999999999973, 0.0, 0.0, 0.0, 1.0, 0.6455632547610937, 1.0, 0.0, 0.0, 0.0, 0.0, 0.0, 0.0, 0.0]",18053,189203,N6,dismiss,-0.3,ts,1602,0
"[0.1666666666666667, -0.1666666666666667, 0.1, 1.0, 1.0, 0.0, 0.0, 0.0, 1.0, 0.4789161730664955, 1.0, 0.0, 0.0, 0.0, 0.0, 0.0, 0.0, 0.0]",37985,41688,N6,dismiss,-0.3,ts,1161,0
"[0.24999999999999997, -0.24999999999999997, -0.4993742177722153, 0.04182509505703422, 0.0, 0.0, 0.0, 0.0, 1.0, 0.7012203212124449, 1.0, 0.0, 0.0, 0.0, 0.0, 0.0, 0.0, 0.0]",120829,115289,N6,dismiss,-0.3,ts,1922,1
"[0.7576530612244898, -0.7576530612244898, -0.04534606205250594, -0.6555555555555556, -0.6199999999999999, 0.0, 0.0, 0.0, 1.0, 0.7198017822501334, 1.0, 0.0, 0.0, 0.0, 0.0, 0.0, 0.0, 0.0]",33276,174927,N6,dismiss,-0.3,ts,1747,0
"[0.25, -0.25, -0.24812030075187969, 0.01764705882352941, 0.13636363636363635, 0.0, 0.0, 0.0, 1.0, 0.7203456543782418, 1.0, 0.0, 0.0, 0.0, 0.0, 0.0, 0.0, 0.0]",117159,117045,N6,dismiss,-0.3,ts,2864,0
"[0.5599999999999999, -0.5599999999999999, -0.04264577893820715, 0.34532374100719426, 1.0, 0.0, 0.0, 0.0, 1.0, 0.6938965752446645, 1.0, 0.0, 0.0, 0.0, 0.0, 0.0, 0.0, 0.0]",185577,89763,N6,dismiss,-0.3,ts,2421,1
"[0.44, -0.44, -0.36727879799666113, 0.09333333333333334, -0.5545454545454546, 0.0, 0.0, 0.0, 1.0, 0.6644712254801234, 1.0, 0.0, 0.0, 0.0, 0.0, 0.0, 0.0, 0.0]",16729,49086,N6,accept,0.608,ts,546,0
"[0.88, -0.88, -0.050125313283208024, 0.09333333333333334, -0.5545454545454546, 0.0, 0.0, 0.0, 1.0, 0.8215549602541744, 1.0, 0.0, 0.0, 0.0, 0.0, 0.0, 0.0, 0.0]",174761,49086,N6,accept,0.9159999999999999,ts,813,0
"[0.4444444444444445, -0.4444444444444445, 0.011142061281337007, -0.6607142857142857, -0.5599999999999999, 0.0, 0.0, 0.0, 1.0, 0.6802432652968127, 1.0, 0.0, 0.0, 0.0, 0.0, 0.0, 0.0, 0.0]",63093,132873,N6,dismiss,-0.3,ts,814,1
"[0.20000000000000004, -0.20000000000000004, -0.6972222222222223, -0.02, -0.059999999999999984, 0.0, 0.0, 0.0, 1.0, 0.6495787864213909, 1.0, 0.0, 0.0, 0.0, 0.0, 0.0, 0.0, 0.0]",18484,18528,N6,dismiss,-0.3,ts,1100,0
"[0.64, -0.64, -0.3215400624349636, 0.6818181818181818, -0.4600000000000001, 0.0, 0.0, 0.0, 1.0, 0.6393406062349359, 1.0, 0.0, 0.0, 0.0, 0.0, 0.0, 0.0, 0.0]",191662,128279,N6,dismiss,-0.3,ts,786,1
"[0.4105263157894737, -0.4105263157894737, 0.047499999999999966, 1.0, 0.18, 0.0, 0.0, 0.0, 1.0, 0.6807486729796697, 1.0, 0.0, 0.0, 0.0, 0.0, 0.0, 0.0, 0.0]",174924,33277,N6,dismiss,-0.3,ts,1928,1
"[0.5, -0.5, 0.18279569892473124, 0.7247706422018348, -0.31999999999999995, 0.0, 0.0, 0.0, 1.0, 0.6618400339463731, 1.0, 0.0, 0.0, 0.0, 0.0, 0.0, 0.0, 0.0]",19612,19599,N6,accept,0.6499999999999999,ts,2008,1
"[0.56, -0.56, 0.0, 1.0, -0.3333333333333333, 0.0, 0.0, 0.0, 1.0, 0.7152978852370033, 1.0, 0.0, 0.0, 0.0, 0.0, 0.0, 0.0, 0.0]",104684,169349,N6,dismiss,-0.3,ts,2521,0
"[0.604, -0.604, -0.49629629629629635, -0.4588235294117647, -0.3684210526315789, 0.0, 0.0, 0.0, 1.0, 0.6356367491076025, 1.0, 0.0, 0.0, 0.0, 0.0, 0.0, 0.0, 0.0]",115396,108025,N6,accept,0.7227999999999999,ts,1506,0
"[0.2571428571428572, -0.2571428571428572, 0.0, -0.1005586592178771, 0.14285714285714285, 0.0, 0.0, 0.0, 1.0, 0.777308986794629, 1.0, 0.0, 0.0, 0.0, 0.0, 0.0, 0.0, 0.0]",128281,48548,N6,dismiss,-0.3,ts,798,0
"[0.5367647058823529, -0.5367647058823529, -0.08070175438596489, 0.66, 0.18000000000000002, 0.0, 0.0, 0.0, 1.0, 0.7316375799157532, 1.0, 0.0, 0.0, 0.0, 0.0, 0.0, 0.0, 0.0]",85443,122721,N6,dismiss,-0.3,ts,649,0
"[0.18831168831168835, -0.18831168831168835, 0.0, 0.15942028985507245, 0.18, 0.0, 0.0, 0.0, 1.0, 0.732496988669393, 1.0, 0.0, 0.0, 0.0, 0.0, 0.0, 0.0, 0.0]",151793,85224,N6,dismiss,-0.3,ts,1973,0
"[0.6311475409836066, -0.6311475409836066, -0.4529558701082431, 0.005714285714285714, -0.13333333333333336, 0.0, 0.0, 0.0, 1.0, 0.77859314604578, 1.0, 0.0, 0.0, 0.0, 0.0, 0.0, 0.0, 0.0]",64290,111012,N6,dismiss,-0.3,ts,653,1
"[0.7843137254901961, -0.7843137254901961, 0.17994100294985255, 1.0, -0.6363636363636364, 0.0, 0.0, 0.0, 1.0, 0.6485163998686077, 1.0, 0.0, 0.0, 0.0, 0.0, 0.0, 0.0, 0.0]",120916,169349,N6,dismiss,-0.3,ts,1933,0
"[0.11458333333333333, -0.11458333333333333, -0.11504424778761058, -0.5561959654178674, -0.7909090909090909, 0.0, 0.0, 0.0, 1.0, 0.5315991195502442, 1.0, 0.0, 0.0, 0.0, 0.0, 0.0, 0.0, 0.0]",108828,142262,N6,dismiss,-0.3,ts,1715,0
"[0.8417582417582418, -0.8417582417582418, -0.3337306317044101, -0.37962962962962965, -0.6476190476190476, 0.0, 0.0, 0.0, 1.0, 0.6768261027426546, 1.0, 0.0, 0.0, 0.0, 0.0, 0.0, 0.0, 0.0]",78130,54927,N6,dismiss,-0.3,ts,2750,0
"[0.7794117647058824, -0.7794117647058824, -0.2552225249772934, 1.0, 0.35714285714285715, 0.0, 0.0, 0.0, 1.0, 0.6639172009279912, 1.0, 0.0, 0.0, 0.0, 0.0, 0.0, 0.0, 0.0]",156584,155668,N6,dismiss,-0.3,ts,2192,0
"[0.10714285714285703, -0.10714285714285703, -0.15714899098325463, 0.0, 0.0, 0.0, 0.0, 0.0, 1.0, 0.7358964590411524, 1.0, 0.0, 0.0, 0.0, 0.0, 0.0, 0.0, 0.0]",141736,90181,N6,accept,0.3749999999999999,ts,2886,1
"[0.2058823529411765, -0.2058823529411765, -0.0625, -0.02, 0.16, 0.0, 0.0, 0.0, 1.0, 0.7543817618859714, 1.0, 0.0, 0.0, 0.0, 0.0, 0.0, 0.0, 0.0]",40998,70937,N6,dismiss,-0.3,ts,1934,0
"[0.20000000000000004, -0.20000000000000004, -0.634703196347032, 0.07407407407407407, -0.74, 0.0, 0.0, 0.0, 1.0, 0.5425189848892313, 1.0, 0.0, 0.0, 0.0, 0.0, 0.0, 0.0, 0.0]",19598,106004,N6,dismiss,-0.3,ts,2821,0
"[0.8571428571428572, -0.8571428571428572, 0.0, -0.04, 0.0, 0.0, 0.0, 0.0, 1.0, 0.9529674423825959, 1.0, 0.0, 0.0, 0.0, 0.0, 0.0, 0.0, 0.0]",16648,16650,N6,dismiss,-0.3,ts,2492,0
"[0.25, -0.25, 0.0, 0.07453416149068323, 0.13636363636363635, 0.0, 0.0, 0.0, 1.0, 0.7830109453831142, 1.0, 0.0, 0.0, 0.0, 0.0, 0.0, 0.0, 0.0]",43090,117045,N6,dismiss,-0.3,ts,1951,0
"[0.7600000000000001, -0.7600000000000001, 0.0, 0.0, 0.0, 0.0, 0.0, 0.0, 1.0, 0.9536035234414215, 1.0, 0.0, 0.0, 0.0, 0.0, 0.0, 0.0, 0.0]",141772,141753,N6,dismiss,-0.3,ts,721,0
"[0.16666666666666666, -0.16666666666666666, -0.46320054017555706, -0.219435736677116, -0.28, 0.0, 0.0, 0.0, 1.0, 0.5728208188630387, 1.0, 0.0, 0.0, 0.0, 0.0, 0.0, 0.0, 0.0]",128276,41685,N6,dismiss,-0.3,ts,1541,1
"[0.7, -0.7, -0.3485838779956427, 0.24770642201834864, -0.9722222222222222, 0.0, 0.0, 0.0, 1.0, 0.6579082366698619, 1.0, 0.0, 0.0, 0.0, 0.0, 0.0, 0.0, 0.0]",164354,134921,N6,dismiss,-0.3,ts,2483,1
"[0.4545454545454546, -0.4545454545454546, -0.10071942446043164, 0.03254437869822485, 0.6666666666666666, 0.0, 0.0, 0.0, 1.0, 0.7417729623391699, 1.0, 0.0, 0.0, 0.0, 0.0, 0.0, 0.0, 0.0]",108746,107563,N6,dismiss,-0.3,ts,562,0
"[0.12499999999999993, -0.12499999999999993, -0.05891016200294561, 0.0, 0.0, 0.0, 0.0, 0.0, 1.0, 0.7741044488384916, 1.0, 0.0, 0.0, 0.0, 0.0, 0.0, 0.0, 0.0]",108507,81462,N6,dismiss,-0.3,ts,1554,1
"[0.84375, -0.84375, 0.109375, 0.010050251256281407, -0.030303030303030304, 0.0, 0.0, 0.0, 1.0, 0.9120504957776355, 1.0, 0.0, 0.0, 0.0, 0.0, 0.0, 0.0, 0.0]",69111,170956,N6,dismiss,-0.3,ts,2533,0
"[0.27536231884057966, -0.27536231884057966, -0.519358407079646, -0.22, -0.07999999999999999, 0.0, 0.0, 0.0, 1.0, 0.6429721868325091, 1.0, 0.0, 0.0, 0.0, 0.0, 0.0, 0.0, 0.0]",79808,81996,N6,dismiss,-0.3,ts,848,1
"[0.55, -0.55, -0.051636363636363695, 0.25, -0.44000000000000006, 0.0, 0.0, 0.0, 1.0, 0.753018755400742, 1.0, 0.0, 0.0, 0.0, 0.0, 0.0, 0.0, 0.0]",19607,128279,N6,dismiss,-0.3,ts,2407,0
"[0.1200000000000001, -0.1200000000000001, 0.1455847255369929, -0.08536585365853659, -0.625, 0.0, 0.0, 0.0, 1.0, 0.6134308998417168, 1.0, 0.0, 0.0, 0.0, 0.0, 0.0, 0.0, 0.0]",57551,59424,N6,dismiss,-0.3,ts,2625,0
"[0.0555555555555556, -0.0555555555555556, -0.16666666666666666, 0.01764705882352941, 0.13636363636363635, 0.0, 0.0, 0.0, 1.0, 0.6730847801914981, 1.0, 0.0, 0.0, 0.0, 0.0, 0.0, 0.0, 0.0]",123856,105724,N6,dismiss,-0.3,ts,1576,0
"[0.21428571428571416, -0.21428571428571416, -0.16527545909849747, -0.12195121951219512, -0.27536231884057977, 0.0, 0.0, 0.0, 1.0, 0.6754194664635634, 1.0, 0.0, 0.0, 0.0, 0.0, 0.0, 0.0, 0.0]",76847,162891,N6,dismiss,-0.3,ts,2140,1
"[0.7291666666666666, -0.7291666666666666, 0.14333210195788693, 0.09, 0.09090909090909091, 0.0, 0.0, 0.0, 1.0, 0.8500669160689385, 1.0, 0.0, 0.0, 0.0, 0.0, 0.0, 0.0, 0.0]",82038,63891,N6,dismiss,-0.3,ts,865,1
"[0.24999999999999997, -0.24999999999999997, -0.07773386034255607, 1.0, 0.22727272727272727, 0.0, 0.0, 0.0, 1.0, 0.6172933326580574, 1.0, 0.0, 0.0, 0.0, 0.0, 0.0, 0.0, 0.0]",85794,169335,N6,dismiss,-0.3,ts,2403,0
"[0.6699999999999999, -0.6699999999999999, -0.2391304347826087, -0.4504792332268371, 1.0, 0.0, 0.0, 0.0, 1.0, 0.6381333799777587, 1.0, 0.0, 0.0, 0.0, 0.0, 0.0, 0.0, 0.0]",128295,169335,N6,dismiss,-0.3,ts,2766,1
"[0.21428571428571416, -0.21428571428571416, 0.0016694490818030287, -0.1111111111111111, -0.1304347826086957, 0.0, 0.0, 0.0, 1.0, 0.7627006719136229, 1.0, 0.0, 0.0, 0.0, 0.0, 0.0, 0.0, 0.0]",76847,162867,N6,dismiss,-0.3,ts,2706,1
"[0.25, -0.25, -0.7965986394557822, -0.32338308457711445, -0.984375, 0.0, 0.0, 0.0, 1.0, 0.4797494792776246, 1.0, 0.0, 0.0, 0.0, 0.0, 0.0, 0.0, 0.0]",30574,134921,N6,dismiss,-0.3,ts,2980,1
"[0.2222222222222223, -0.2222222222222223, 0.11131725417439703, 0.08529411764705883, 0.10400000000000005, 0.0, 0.0, 0.0, 1.0, 0.7387660108640149, 1.0, 0.0, 0.0, 0.0, 0.0, 0.0, 0.0, 0.0]",123848,76847,N6,dismiss,-0.3,ts,1250,0
"[0.5, -0.5, -0.8650904033379694, -0.20474777448071216, -0.2800000000000001, 0.0, 0.0, 0.0, 1.0, 0.6295168364539148, 1.0, 0.0, 0.0, 0.0, 0.0, 0.0, 0.0, 0.0]",87402,117029,N6,dismiss,-0.3,ts,743,1
"[0.12499999999999988, -0.12499999999999988, -0.5701990317374933, 0.01904761904761905, -0.13043478260869565, 0.0, 0.0, 0.0, 1.0, 0.6202220461384375, 1.0, 0.0, 0.0, 0.0, 0.0, 0.0, 0.0, 0.0]",84737,78135,N6,dismiss,-0.3,ts,2720,1
"[0.9598214285714286, -0.9598214285714286, 0.2222222222222222, -0.6, -0.6363636363636364, 0.0, 0.0, 0.0, 1.0, 0.6888361719661423, 1.0, 0.0, 0.0, 0.0, 0.0, 0.0, 0.0, 0.0]",51061,50956,N6,dismiss,-0.3,ts,2459,1
"[0.11999999999999993, -0.11999999999999993, 0.043478260869565216, 0.24028268551236748, -0.17021276595744686, 0.0, 0.0, 0.0, 1.0, 0.6773487806379803, 1.0, 0.0, 0.0, 0.0, 0.0, 0.0, 0.0, 0.0]",185510,30103,N6,accept,0.38399999999999995,ts,1526,1
"[0.26470588235294124, -0.26470588235294124, -0.7098497495826377, -0.22, -0.07999999999999999, 0.0, 0.0, 0.0, 1.0, 0.6171417564827884, 1.0, 0.0, 0.0, 0.0, 0.0, 0.0, 0.0, 0.0]",18053,81996,N6,dismiss,-0.3,ts,634,1
"[0.20000000000000007, -0.20000000000000007, 0.12899999999999992, -0.01694915254237288, -0.07692307692307693, 0.0, 0.0, 0.0, 1.0, 0.7509582581647994, 1.0, 0.0, 0.0, 0.0, 0.0, 0.0, 0.0, 0.0]",108842,31973,N6,dismiss,-0.3,ts,2328,1
"[0.3636363636363637, -0.3636363636363637, -0.6721311475409836, 1.0, 1.0, 0.0, 0.0, 0.0, 1.0, 0.4377984245192624, 1.0, 0.0, 0.0, 0.0, 0.0, 0.0, 0.0, 0.0]",79856,123174,N6,dismiss,-0.3,ts,2339,0
"[0.20000000000000004, -0.20000000000000004, -0.5272727272727272, 0.1978021978021978, 0.3, 0.0, 0.0, 0.0, 1.0, 0.5758109939927043, 1.0, 0.0, 0.0, 0.0, 0.0, 0.0, 0.0, 0.0]",127600,169893,N6,accept,0.44,ts,518,1
"[0.09090909090909098, -0.09090909090909098, -0.3736951983298538, -0.017045454545454544, 0.041666666666666664, 0.0, 0.0, 0.0, 1.0, 0.6615805401157776, 1.0, 0.0, 0.0, 0.0, 0.0, 0.0, 0.0, 0.0]",110877,117053,N6,accept,0.36363636363636365,ts,2405,1
"[0.25000000000000006, -0.25000000000000006, 0.24608967674661097, -0.17687074829931973, 0.4117647058823529, 0.0, 0.0, 0.0, 1.0, 0.6329883469407463, 1.0, 0.0, 0.0, 0.0, 0.0, 0.0, 0.0, 0.0]",115240,86760,N6,dismiss,-0.3,ts,1912,0
"[0.47058823529411764, -0.47058823529411764, -0.4, -0.9, -0.8363636363636363, 0.0, 0.0, 0.0, 1.0, 0.5448428480973911, 1.0, 0.0, 0.0, 0.0, 0.0, 0.0, 0.0, 0.0]",41388,70937,N6,dismiss,-0.3,ts,496,1
"[0.415625, -0.415625, 0.1312500000000001, 0.0, 0.0, 0.0, 0.0, 0.0, 1.0, 0.8422044928641546, 1.0, 0.0, 0.0, 0.0, 0.0, 0.0, 0.0, 0.0]",152421,15139,N6,dismiss,-0.3,ts,2108,0
"[0.20000000000000007, -0.20000000000000007, -0.23388888888888892, 1.0, 1.0, 0.0, 0.0, 0.0, 1.0, 0.45422491495165007, 1.0, 0.0, 0.0, 0.0, 0.0, 0.0, 0.0, 0.0]",38174,141744,N6,dismiss,-0.3,ts,545,0
"[0.35714285714285715, -0.35714285714285715, -0.474457429048414, 0.19161676646706588, 0.18, 0.0, 0.0, 0.0, 1.0, 0.6567659345869298, 1.0, 0.0, 0.0, 0.0, 0.0, 0.0, 0.0, 0.0]",44189,130324,N6,dismiss,-0.3,ts,2576,0
"[0.25, -0.25, -0.2712688381137579, 0.058419243986254296, -0.6166666666666667, 0.0, 0.0, 0.0, 1.0, 0.6330009259374624, 1.0, 0.0, 0.0, 0.0, 0.0, 0.0, 0.0, 0.0]",29663,115951,N6,dismiss,-0.3,ts,2201,1
"[0.20000000000000007, -0.20000000000000007, 0.06400000000000006, 1.0, 1.0, 0.0, 0.0, 0.0, 1.0, 0.5209741066595128, 1.0, 0.0, 0.0, 0.0, 0.0, 0.0, 0.0, 0.0]",142264,107170,N6,dismiss,-0.3,ts,926,1
"[0.55, -0.55, -0.051636363636363695, 0.25, -0.44000000000000006, 0.0, 0.0, 0.0, 1.0, 0.753018755400742, 1.0, 0.0, 0.0, 0.0, 0.0, 0.0, 0.0, 0.0]",19607,128279,N6,dismiss,-0.3,ts,1453,1
"[0.11999999999999993, -0.11999999999999993, -0.5, -0.02824858757062147, 0.15384615384615385, 0.0, 0.0, 0.0, 1.0, 0.6201277004791115, 1.0, 0.0, 0.0, 0.0, 0.0, 0.0, 0.0, 0.0]",108784,123043,N6,dismiss,-0.3,ts,2788,1
"[0.043062200956937836, -0.043062200956937836, -0.7251084934903905, 0.0, 0.0, 0.0, 0.0, 0.0, 1.0, 0.6130297832369747, 1.0, 0.0, 0.0, 0.0, 0.0, 0.0, 0.0, 0.0]",90708,54194,N6,dismiss,-0.3,ts,2516,1
"[0.25, -0.25, -0.25925925925925924, 0.048484848484848485, 0.041666666666666664, 0.0, 0.0, 0.0, 1.0, 0.7328139323987184, 1.0, 0.0, 0.0, 0.0, 0.0, 0.0, 0.0, 0.0]",142494,117045,N6,dismiss,-0.3,ts,2452,0
"[0.4218289085545723, -0.4218289085545723, -0.10974930362116986, -0.011267605633802818, -0.19999999999999998, 0.0, 0.0, 0.0, 1.0, 0.7977743690443887, 1.0, 0.0, 0.0, 0.0, 0.0, 0.0, 0.0, 0.0]",143110,105910,N6,dismiss,-0.3,ts,1043,1
"[0.7491525423728813, -0.7491525423728813, -0.34188034188034194, 0.2644927536231884, 0.5, 0.0, 0.0, 0.0, 1.0, 0.6967208509697118, 1.0, 0.0, 0.0, 0.0, 0.0, 0.0, 0.0, 0.0]",63936,63922,N6,dismiss,-0.3,ts,1503,1
"[0.1666666666666667, -0.1666666666666667, 0.0, 0.3, 0.22000000000000003, 0.0, 0.0, 0.0, 1.0, 0.6901568741775026, 1.0, 0.0, 0.0, 0.0, 0.0, 0.0, 0.0, 0.0]",29439,61090,N6,dismiss,-0.3,ts,1654,0
"[0.2922374429223744, -0.2922374429223744, -0.4840724547158027, -0.0028169014084507044, -0.16249999999999998, 0.0, 0.0, 0.0, 1.0, 0.6865640294156614, 1.0, 0.0, 0.0, 0.0, 0.0, 0.0, 0.0, 0.0]",43388,43382,N6,dismiss,-0.3,ts,1691,1
"[0.20000000000000007, -0.20000000000000007, -0.14720956719817763, -0.002785515320334262, -0.4166666666666667, 0.0, 0.0, 0.0, 1.0, 0.6861773903818374, 1.0, 0.0, 0.0, 0.0, 0.0, 0.0, 0.0, 0.0]",67082,135481,N6,dismiss,-0.3,ts,2108,1
"[0.1250000000000001, -0.1250000000000001, 0.1111111111111111, 0.0, 0.0, 0.0, 0.0, 0.0, 1.0, 0.7564807805603966, 1.0, 0.0, 0.0, 0.0, 0.0, 0.0, 0.0, 0.0]",62598,29449,N6,accept,0.38750000000000007,ts,2074,1
"[0.19999999999999993, -0.19999999999999993, 0.125, 0.0, 0.0, 0.0, 0.0, 0.0, 1.0, 0.7785883097271787, 1.0, 0.0, 0.0, 0.0, 0.0, 0.0, 0.0, 0.0]",75387,18219,N6,dismiss,-0.3,ts,1279,0
"[0.13333333333333328, -0.13333333333333328, -0.09600443951165374, -0.13846153846153847, -0.07999999999999999, 0.0, 0.0, 0.0, 1.0, 0.7059422282078749, 1.0, 0.0, 0.0, 0.0, 0.0, 0.0, 0.0, 0.0]",83435,143094,N6,dismiss,-0.3,ts,1883,0
"[0.7794117647058824, -0.7794117647058824, -0.18122815776335507, 1.0, 0.11764705882352941, 0.0, 0.0, 0.0, 1.0, 0.7149754356537524, 1.0, 0.0, 0.0, 0.0, 0.0, 0.0, 0.0, 0.0]",107861,155668,N6,accept,0.8455882352941175,ts,2082,0
"[0.2000000000000001, -0.2000000000000001, -0.12562313060817545, 0.10897435897435898, 0.020000000000000018, 0.0, 0.0, 0.0, 1.0, 0.743137730657233, 1.0, 0.0, 0.0, 0.0, 0.0, 0.0, 0.0, 0.0]",86978,87098,N6,dismiss,-0.3,ts,2564,1
"[0.09999999999999996, -0.09999999999999996, -0.06312499999999999, -0.3333333333333333, -0.42000000000000004, 0.0, 0.0, 0.0, 1.0, 0.605269298899058, 1.0, 0.0, 0.0, 0.0, 0.0, 0.0, 0.0, 0.0]",71734,169362,N6,dismiss,-0.3,ts,2465,1
"[0.75, -0.75, 0.0, 0.0, 0.0, 0.0, 0.0, 0.0, 1.0, 0.9523252675504453, 1.0, 0.0, 0.0, 0.0, 0.0, 0.0, 0.0, 0.0]",38239,56398,N6,dismiss,-0.3,ts,2415,0
"[0.25, -0.25, -0.316628701594533, -0.011428571428571429, 0.13636363636363635, 0.0, 0.0, 0.0, 1.0, 0.7065666744509789, 1.0, 0.0, 0.0, 0.0, 0.0, 0.0, 0.0, 0.0]",117111,117045,N6,dismiss,-0.3,ts,1631,0
"[0.5636363636363637, -0.5636363636363637, 0.23355263157894735, 0.005797101449275362, 0.8333333333333334, 0.0, 0.0, 0.0, 1.0, 0.7241369127393539, 1.0, 0.0, 0.0, 0.0, 0.0, 0.0, 0.0, 0.0]",123021,107659,N6,dismiss,-0.3,ts,1996,0
"[0.25, -0.25, 0.15830115830115837, 0.02976190476190476, 0.13636363636363635, 0.0, 0.0, 0.0, 1.0, 0.7408404640993043, 1.0, 0.0, 0.0, 0.0, 0.0, 0.0, 0.0, 0.0]",106979,117045,N6,dismiss,-0.3,ts,1525,0
"[0.85, -0.85, -0.005000000000000071, 0.0, 0.0, 0.0, 0.0, 0.0, 1.0, 0.9617967240690748, 1.0, 0.0, 0.0, 0.0, 0.0, 0.0, 0.0, 0.0]",38018,174748,N6,accept,0.895,ts,1419,0
"[0.14285714285714282, -0.14285714285714282, 0.21108179419525067, 0.2422145328719723, -0.7583333333333333, 0.0, 0.0, 0.0, 1.0, 0.5592152435602589, 1.0, 0.0, 0.0, 0.0, 0.0, 0.0, 0.0, 0.0]",105432,158412,N6,accept,0.39999999999999997,ts,1037,1
"[0.5, -0.5, -0.052770448548812667, -0.4148936170212766, 0.08000000000000007, 0.0, 0.0, 0.0, 1.0, 0.7819976516061806, 1.0, 0.0, 0.0, 0.0, 0.0, 0.0, 0.0, 0.0]",84106,84107,N6,dismiss,-0.3,ts,650,1
"[0.889795918367347, -0.889795918367347, -0.6873826903023983, 0.35185185185185186, -0.375, 0.0, 0.0, 0.0, 1.0, 0.6632451610251665, 1.0, 0.0, 0.0, 0.0, 0.0, 0.0, 0.0, 0.0]",55915,128284,N6,accept,0.9228571428571428,ts,1603,1
"[0.3636363636363637, -0.3636363636363637, 0.14285714285714285, 0.028169014084507043, 0.36363636363636365, 0.0, 0.0, 0.0, 1.0, 0.7388385917974343, 1.0, 0.0, 0.0, 0.0, 0.0, 0.0, 0.0, 0.0]",123011,123174,N6,dismiss,-0.3,ts,1320,0
"[0.6333333333333333, -0.6333333333333333, -0.05709795704557359, -0.6197183098591549, 0.012987012987012941, 0.0, 0.0, 0.0, 1.0, 0.8029485504247237, 1.0, 0.0, 0.0, 0.0, 0.0, 0.0, 0.0, 0.0]",185512,30103,N6,accept,0.7433333333333333,ts,1319,1
"[0.15999999999999998, -0.15999999999999998, 0.0, 0.0, 0.0, 0.0, 0.0, 0.0, 1.0, 0.8088739373846245, 1.0, 0.0, 0.0, 0.0, 0.0, 0.0, 0.0, 0.0]",16728,16731,N6,dismiss,-0.3,ts,1325,0
"[0.3000000000000001, -0.3000000000000001, -0.5036615134255492, 0.0, 0.0, 0.0, 0.0, 0.0, 1.0, 0.7285138093516589, 1.0, 0.0, 0.0, 0.0, 0.0, 0.0, 0.0, 0.0]",85447,85446,N6,dismiss,-0.3,ts,2097,0
"[0.01111111111111112, -0.01111111111111112, -0.3, -0.32608695652173914, -0.15999999999999998, 0.0, 0.0, 0.0, 1.0, 0.5509877827836802, 1.0, 0.0, 0.0, 0.0, 0.0, 0.0, 0.0, 0.0]",155815,79360,N6,dismiss,-0.3,ts,2524,1
"[0.25, -0.25, -0.316628701594533, -0.011428571428571429, 0.13636363636363635, 0.0, 0.0, 0.0, 1.0, 0.7065666744509789, 1.0, 0.0, 0.0, 0.0, 0.0, 0.0, 0.0, 0.0]",117111,117045,N6,dismiss,-0.3,ts,1530,0
"[0.4545454545454546, -0.4545454545454546, -0.10071942446043164, 0.03254437869822485, 0.6666666666666666, 0.0, 0.0, 0.0, 1.0, 0.7417729623391699, 1.0, 0.0, 0.0, 0.0, 0.0, 0.0, 0.0, 0.0]",108746,107563,N6,dismiss,-0.3,ts,2410,0
"[0.8705882352941177, -0.8705882352941177, 0.10566666666666673, -0.3342696629213483, 0.3888888888888889, 0.0, 0.0, 0.0, 1.0, 0.773490649971651, 1.0, 0.0, 0.0, 0.0, 0.0, 0.0, 0.0, 0.0]",138519,117335,N6,dismiss,-0.3,ts,1281,1
"[0.25, -0.25, 0.2124062031015508, 0.001215066828675577, 0.0, 0.0, 0.0, 0.0, 1.0, 0.7700037600548302, 1.0, 0.0, 0.0, 0.0, 0.0, 0.0, 0.0, 0.0]",30337,15457,N6,dismiss,-0.3,ts,1647,0
"[0.24324324324324328, -0.24324324324324328, -0.6781002638522428, -0.2677165354330709, -0.1578947368421053, 0.0, 0.0, 0.0, 1.0, 0.5860948410844389, 1.0, 0.0, 0.0, 0.0, 0.0, 0.0, 0.0, 0.0]",31679,85446,N6,dismiss,-0.3,ts,2896,1
"[0.45, -0.45, -0.3941229930324144, 1.0, -0.4782608695652174, 0.0, 0.0, 0.0, 1.0, 0.556924371559757, 1.0, 0.0, 0.0, 0.0, 0.0, 0.0, 0.0, 0.0]",120787,169349,N6,dismiss,-0.3,ts,2569,0
"[0.3230769230769231, -0.3230769230769231, -0.39503932244404116, 1.0, -0.6470588235294118, 0.0, 0.0, 0.0, 1.0, 0.49503773927859074, 1.0, 0.0, 0.0, 0.0, 0.0, 0.0, 0.0, 0.0]",61360,169349,N6,accept,0.5261538461538462,ts,2966,0
"[0.43333333333333335, -0.43333333333333335, 0.1111111111111111, 0.26, 0.12000000000000002, 0.0, 0.0, 0.0, 1.0, 0.760237233460153, 1.0, 0.0, 0.0, 0.0, 0.0, 0.0, 0.0, 0.0]",63753,18364,N6,dismiss,-0.3,ts,2111,0
"[0.2307692307692307, -0.2307692307692307, 0.0, 1.0, 0.44000000000000006, 0.0, 0.0, 0.0, 1.0, 0.5995560389330946, 1.0, 0.0, 0.0, 0.0, 0.0, 0.0, 0.0, 0.0]",79461,68609,N6,dismiss,-0.3,ts,1991,0
"[0.47058823529411764, -0.47058823529411764, -0.4, -0.9, -0.8363636363636363, 0.0, 0.0, 0.0, 1.0, 0.5448428480973911, 1.0, 0.0, 0.0, 0.0, 0.0, 0.0, 0.0, 0.0]",41388,70937,N6,dismiss,-0.3,ts,2033,1
"[0.09090909090909098, -0.09090909090909098, -0.4, 0.08125, 1.0, 0.0, 0.0, 0.0, 1.0, 0.5204062933284588, 1.0, 0.0, 0.0, 0.0, 0.0, 0.0, 0.0, 0.0]",162892,43098,N6,dismiss,-0.3,ts,1182,1
"[0.44, -0.44, -0.567139282735613, 0.0, 0.0, 0.0, 0.0, 0.0, 1.0, 0.7589216712643427, 1.0, 0.0, 0.0, 0.0, 0.0, 0.0, 0.0, 0.0]",63869,16734,N6,dismiss,-0.3,ts,1657,1
"[0.2000000000000001, -0.2000000000000001, -0.10169491525423725, 0.25, 0.020000000000000018, 0.0, 0.0, 0.0, 1.0, 0.7211181865985721, 1.0, 0.0, 0.0, 0.0, 0.0, 0.0, 0.0, 0.0]",86978,83435,N6,dismiss,-0.3,ts,2908,1
"[0.20000000000000004, -0.20000000000000004, 0.027816411682892905, 0.027989821882951654, -0.16666666666666666, 0.0, 0.0, 0.0, 1.0, 0.7613188831570714, 1.0, 0.0, 0.0, 0.0, 0.0, 0.0, 0.0, 0.0]",110096,81395,N6,dismiss,-0.3,ts,667,0
"[0.0624999999999999, -0.0624999999999999, -0.4134375, -0.25838926174496646, -0.29411764705882354, 0.0, 0.0, 0.0, 1.0, 0.5336136768150922, 1.0, 0.0, 0.0, 0.0, 0.0, 0.0, 0.0, 0.0]",104963,104466,N6,dismiss,-0.3,ts,616,0
"[0.3636363636363637, -0.3636363636363637, 0.0, 0.061046511627906974, 0.0, 0.0, 0.0, 0.0, 1.0, 0.8570363402900383, 1.0, 0.0, 0.0, 0.0, 0.0, 0.0, 0.0, 0.0]",123210,123174,N6,dismiss,-0.3,ts,1861,0
"[0.14285714285714288, -0.14285714285714288, 0.08411892675852069, 0.0, 0.0, 0.0, 0.0, 0.0, 1.0, 0.7717968012528305, 1.0, 0.0, 0.0, 0.0, 0.0, 0.0, 0.0, 0.0]",141774,174759,N6,dismiss,-0.3,ts,1659,0
"[0.1666666666666666, -0.1666666666666666, -0.3087719298245614, 0.06007067137809187, 0.1, 0.0, 0.0, 0.0, 1.0, 0.6749120071466402, 1.0, 0.0, 0.0, 0.0, 0.0, 0.0, 0.0, 0.0]",49000,141765,N6,dismiss,-0.3,ts,1692,1
"[0.20000000000000007, -0.20000000000000007, -0.06259780907668232, 0.017045454545454544, -0.4166666666666667, 0.0, 0.0, 0.0, 1.0, 0.7094552875739797, 1.0, 0.0, 0.0, 0.0, 0.0, 0.0, 0.0, 0.0]",57376,135483,N6,dismiss,-0.3,ts,1509,1
"[0.47058823529411764, -0.47058823529411764, 0.0, 0.0, 0.0, 0.0, 0.0, 0.0, 1.0, 0.902022067439656, 1.0, 0.0, 0.0, 0.0, 0.0, 0.0, 0.0, 0.0]",107697,51138,N6,dismiss,-0.3,ts,1048,1
"[0.2000000000000001, -0.2000000000000001, 0.17148554336989041, 0.17307692307692307, 0.020000000000000018, 0.0, 0.0, 0.0, 1.0, 0.7149888620585764, 1.0, 0.0, 0.0, 0.0, 0.0, 0.0, 0.0, 0.0]",86978,83437,N6,dismiss,-0.3,ts,2444,1
"[0.75, -0.75, -0.12559081701553013, 0.06583072100313479, -0.6759999999999999, 0.0, 0.0, 0.0, 1.0, 0.7782054867335635, 1.0, 0.0, 0.0, 0.0, 0.0, 0.0, 0.0, 0.0]",128276,145532,N6,accept,0.825,ts,1724,1
"[0.5, -0.5, -0.033333333333333375, -0.744927536231884, -0.23999999999999994, 0.0, 0.0, 0.0, 1.0, 0.722516941965584, 1.0, 0.0, 0.0, 0.0, 0.0, 0.0, 0.0, 0.0]",19594,19600,N6,accept,0.6499999999999999,ts,2524,1
"[0.42647058823529416, -0.42647058823529416, -0.3333333333333333, 0.0, 0.0, 0.0, 0.0, 0.0, 1.0, 0.7938582383694067, 1.0, 0.0, 0.0, 0.0, 0.0, 0.0, 0.0, 0.0]",167076,51654,N6,dismiss,-0.3,ts,453,1
"[0.5599999999999999, -0.5599999999999999, 0.052291801162040054, 0.29454545454545455, -0.2448979591836735, 0.0, 0.0, 0.0, 1.0, 0.7767295963695724, 1.0, 0.0, 0.0, 0.0, 0.0, 0.0, 0.0, 0.0]",185412,87718,N6,dismiss,-0.3,ts,2385,0
"[0.25, -0.25, 0.12640801001251556, 1.0, 1.0, 0.0, 0.0, 0.0, 1.0, 0.508248495351599, 1.0, 0.0, 0.0, 0.0, 0.0, 0.0, 0.0, 0.0]",158428,69112,N6,dismiss,-0.3,ts,1170,0
"[0.25, -0.25, 0.0, 0.0, 0.0, 0.0, 0.0, 0.0, 1.0, 0.8395893495876965, 1.0, 0.0, 0.0, 0.0, 0.0, 0.0, 0.0, 0.0]",116977,117045,N6,dismiss,-0.3,ts,1198,0
"[0.09090909090909098, -0.09090909090909098, -0.4, 0.014577259475218658, 0.36363636363636365, 0.0, 0.0, 0.0, 1.0, 0.5919206728426353, 1.0, 0.0, 0.0, 0.0, 0.0, 0.0, 0.0, 0.0]",162866,117105,N6,accept,0.36363636363636365,ts,503,1
"[0.31034482758620696, -0.31034482758620696, -0.7581317764804003, -0.9132947976878613, -0.8941176470588235, 0.0, 0.0, 0.0, 1.0, 0.45178117677251567, 1.0, 0.0, 0.0, 0.0, 0.0, 0.0, 0.0, 0.0]",64502,70828,N6,accept,0.5172413793103449,ts,2304,1
"[0.5636363636363637, -0.5636363636363637, -0.5305164319248826, -0.008522727272727272, 0.6666666666666666, 0.0, 0.0, 0.0, 1.0, 0.6783958893723203, 1.0, 0.0, 0.0, 0.0, 0.0, 0.0, 0.0, 0.0]",74280,107563,N6,dismiss,-0.3,ts,841,0
"[0.1111111111111112, -0.1111111111111112, -0.09008189262966337, 0.15579710144927536, 0.4, 0.0, 0.0, 0.0, 1.0, 0.6355529250549651, 1.0, 0.0, 0.0, 0.0, 0.0, 0.0, 0.0, 0.0]",64516,63925,N6,dismiss,-0.3,ts,1927,0
"[0.33333333333333337, -0.33333333333333337, -0.03710575139146568, 0.05263157894736842, 0.20879120879120883, 0.0, 0.0, 0.0, 1.0, 0.7850330737942559, 1.0, 0.0, 0.0, 0.0, 0.0, 0.0, 0.0, 0.0]",63943,49082,N6,dismiss,-0.3,ts,1618,0
"[0.09090909090909098, -0.09090909090909098, -0.335, 0.036585365853658534, -0.08333333333333333, 0.0, 0.0, 0.0, 1.0, 0.6526114557455928, 1.0, 0.0, 0.0, 0.0, 0.0, 0.0, 0.0, 0.0]",162867,117159,N6,accept,0.36363636363636365,ts,524,1
"[0.55, -0.55, -0.2548571428571429, -0.48467966573816157, -0.24000000000000005, 0.0, 0.0, 0.0, 1.0, 0.689295366053959, 1.0, 0.0, 0.0, 0.0, 0.0, 0.0, 0.0, 0.0]",85164,128279,N3,accept,0.685,ts,1115,1
"[0.3636363636363637, -0.3636363636363637, 0.0, 0.0, 0.0, 0.0, 0.0, 0.0, 1.0, 0.8742764353476687, 1.0, 0.0, 0.0, 0.0, 0.0, 0.0, 0.0, 0.0]",123054,123174,N6,dismiss,-0.3,ts,2264,0
"[0.11999999999999993, -0.11999999999999993, -0.36231884057971014, 0.3215547703180212, 1.0, 0.0, 0.0, 0.0, 1.0, 0.48054425728233213, 1.0, 0.0, 0.0, 0.0, 0.0, 0.0, 0.0, 0.0]",185510,89763,N6,dismiss,-0.3,ts,2706,1
"[0.32919254658385094, -0.32919254658385094, 0.0, -0.17801047120418848, -0.2631578947368421, 0.0, 0.0, 0.0, 1.0, 0.757989917414392, 1.0, 0.0, 0.0, 0.0, 0.0, 0.0, 0.0, 0.0]",103705,145523,N6,dismiss,-0.3,ts,2466,0
"[0.09999999999999996, -0.09999999999999996, 0.1838998211091236, -0.29577464788732394, 0.7647058823529411, 0.0, 0.0, 0.0, 1.0, 0.5411922634537899, 1.0, 0.0, 0.0, 0.0, 0.0, 0.0, 0.0, 0.0]",88157,104691,N6,accept,0.36999999999999994,ts,695,1
"[0.09090909090909098, -0.09090909090909098, -0.6495263870094723, -0.1227154046997389, -0.15384615384615385, 0.0, 0.0, 0.0, 1.0, 0.5660655089229754, 1.0, 0.0, 0.0, 0.0, 0.0, 0.0, 0.0, 0.0]",30022,106979,N6,dismiss,-0.3,ts,2063,1
"[0.0555555555555556, -0.0555555555555556, -0.16666666666666666, 0.01764705882352941, 0.13636363636363635, 0.0, 0.0, 0.0, 1.0, 0.6730847801914981, 1.0, 0.0, 0.0, 0.0, 0.0, 0.0, 0.0, 0.0]",123856,105724,N6,dismiss,-0.3,ts,1182,0
"[0.20000000000000007, -0.20000000000000007, 0.04249999999999998, -0.05056179775280899, 1.0, 0.0, 0.0, 0.0, 1.0, 0.6624041001381072, 1.0, 0.0, 0.0, 0.0, 0.0, 0.0, 0.0, 0.0]",109094,108746,N6,dismiss,-0.3,ts,1248,1
"[0.7066666666666667, -0.7066666666666667, -0.15685403243723606, -0.45054945054945056, -0.043478260869565216, 0.0, 0.0, 0.0, 1.0, 0.790988441045057, 1.0, 0.0, 0.0, 0.0, 0.0, 0.0, 0.0, 0.0]",120796,85795,N6,accept,0.7946666666666666,ts,2253,1
"[0.10714285714285708, -0.10714285714285708, 0.21108179419525067, -0.24567474048442905, -0.25, 0.0, 0.0, 0.0, 1.0, 0.6037111713328339, 1.0, 0.0, 0.0, 0.0, 0.0, 0.0, 0.0, 0.0]",105432,164355,N6,dismiss,-0.3,ts,961,1
"[0.10714285714285723, -0.10714285714285723, -0.12190237797246568, 0.0, 0.0, 0.0, 0.0, 0.0, 1.0, 0.746564307322715, 1.0, 0.0, 0.0, 0.0, 0.0, 0.0, 0.0, 0.0]",16679,147381,N6,accept,0.37500000000000006,ts,2344,1
"[0.85, -0.85, -0.4171011470281544, 0.08695652173913043, 0.1, 0.0, 0.0, 0.0, 1.0, 0.7994960105539869, 1.0, 0.0, 0.0, 0.0, 0.0, 0.0, 0.0, 0.0]",16680,16731,N6,accept,0.895,ts,1988,0
"[0.17500000000000002, -0.17500000000000002, 0.06028476219327483, 0.2600732600732601, 0.17391304347826086, 0.0, 0.0, 0.0, 1.0, 0.6865394554618305, 1.0, 0.0, 0.0, 0.0, 0.0, 0.0, 0.0, 0.0]",120787,169335,N6,accept,0.4225,ts,920,1
"[0.16666666666666663, -0.16666666666666663, -0.5250181290790428, 0.0, 0.0, 0.0, 0.0, 0.0, 1.0, 0.6812146778495171, 1.0, 0.0, 0.0, 0.0, 0.0, 0.0, 0.0, 0.0]",141748,63863,N6,dismiss,-0.3,ts,678,1
"[0.24999999999999997, -0.24999999999999997, -0.4993742177722153, 0.04182509505703422, 0.0, 0.0, 0.0, 0.0, 1.0, 0.7012203212124449, 1.0, 0.0, 0.0, 0.0, 0.0, 0.0, 0.0, 0.0]",120829,115289,N6,dismiss,-0.3,ts,1411,0
"[0.1250000000000001, -0.1250000000000001, -0.041666666666666664, -0.015625, 0.07999999999999999, 0.0, 0.0, 0.0, 1.0, 0.753548736419283, 1.0, 0.0, 0.0, 0.0, 0.0, 0.0, 0.0, 0.0]",30711,82101,N6,dismiss,-0.3,ts,1727,1
"[0.6173469387755102, -0.6173469387755102, -0.0899001109877914, 0.2911392405063291, 0.26666666666666666, 0.0, 0.0, 0.0, 1.0, 0.7710612375153414, 1.0, 0.0, 0.0, 0.0, 0.0, 0.0, 0.0, 0.0]",155693,155668,N6,dismiss,-0.3,ts,1654,0
"[0.2058823529411765, -0.2058823529411765, -0.0625, -0.02, 0.16, 0.0, 0.0, 0.0, 1.0, 0.7543817618859714, 1.0, 0.0, 0.0, 0.0, 0.0, 0.0, 0.0, 0.0]",40998,70937,N6,dismiss,-0.3,ts,2085,0
"[0.3, -0.3, 0.05868118572292794, -0.1353135313531353, 0.041666666666666664, 0.0, 0.0, 0.0, 1.0, 0.7857691354016331, 1.0, 0.0, 0.0, 0.0, 0.0, 0.0, 0.0, 0.0]",65211,104682,N6,dismiss,-0.3,ts,1171,1
"[0.14, -0.14, -0.02666666666666673, 0.0625, -0.1, 0.0, 0.0, 0.0, 1.0, 0.7465385609804288, 1.0, 0.0, 0.0, 0.0, 0.0, 0.0, 0.0, 0.0]",141632,69993,N6,dismiss,-0.3,ts,1608,0
"[0.55, -0.55, -0.18882352941176475, 0.0, 0.0, 0.0, 0.0, 0.0, 1.0, 0.8565400030934407, 1.0, 0.0, 0.0, 0.0, 0.0, 0.0, 0.0, 0.0]",37946,141749,N6,dismiss,-0.3,ts,2295,1
"[0.09090909090909098, -0.09090909090909098, -0.12200000000000003, 0.08024691358024691, 0.1, 0.0, 0.0, 0.0, 1.0, 0.6911467637492826, 1.0, 0.0, 0.0, 0.0, 0.0, 0.0, 0.0, 0.0]",162891,117111,N6,dismiss,-0.3,ts,2413,1
"[0.14, -0.14, -0.5615615615615616, 0.0, 0.0, 0.0, 0.0, 0.0, 1.0, 0.6667940993816643, 1.0, 0.0, 0.0, 0.0, 0.0, 0.0, 0.0, 0.0]",93922,69993,N6,dismiss,-0.3,ts,484,1
"[0.41176470588235287, -0.41176470588235287, -0.15164369034994696, 0.12, 0.24, 0.0, 0.0, 0.0, 1.0, 0.7458609741032868, 1.0, 0.0, 0.0, 0.0, 0.0, 0.0, 0.0, 0.0]",56971,58615,N6,dismiss,-0.3,ts,2884,0
"[0.5454545454545455, -0.5454545454545455, -0.01848519548503194, 0.0, 0.0, 0.0, 0.0, 0.0, 1.0, 0.9112606985062438, 1.0, 0.0, 0.0, 0.0, 0.0, 0.0, 0.0, 0.0]",54334,189219,N6,accept,0.6818181818181819,ts,2054,0
"[0.25000000000000006, -0.25000000000000006, 0.0, 1.0, -0.3157894736842105, 0.0, 0.0, 0.0, 1.0, 0.6210881403621081, 1.0, 0.0, 0.0, 0.0, 0.0, 0.0, 0.0, 0.0]",185524,92082,N6,dismiss,-0.3,ts,1590,1
"[0.02500000000000002, -0.02500000000000002, -0.33110367892976583, -0.14, -0.039999999999999994, 0.0, 0.0, 0.0, 1.0, 0.614347964489818, 1.0, 0.0, 0.0, 0.0, 0.0, 0.0, 0.0, 0.0]",54434,62540,N6,dismiss,-0.3,ts,2323,0
"[0.026315789473684233, -0.026315789473684233, 0.2, -0.0812720848056537, -0.040000000000000036, 0.0, 0.0, 0.0, 1.0, 0.6598915417715314, 1.0, 0.0, 0.0, 0.0, 0.0, 0.0, 0.0, 0.0]",38840,91969,N6,dismiss,-0.3,ts,1631,1
"[0.4444444444444445, -0.4444444444444445, 0.22284122562674097, -0.7678571428571429, -0.58, 0.0, 0.0, 0.0, 1.0, 0.6030913596283243, 1.0, 0.0, 0.0, 0.0, 0.0, 0.0, 0.0, 0.0]",63093,110076,N6,accept,0.6111111111111112,ts,2823,0
"[0.25000000000000006, -0.25000000000000006, 0.17647058823529413, -0.1, 0.019999999999999973, 0.0, 0.0, 0.0, 1.0, 0.7470410829548414, 1.0, 0.0, 0.0, 0.0, 0.0, 0.0, 0.0, 0.0]",18279,37985,N6,accept,0.475,ts,1006,0
"[0.15999999999999998, -0.15999999999999998, 0.0, 0.0, 0.0, 0.0, 0.0, 0.0, 1.0, 0.8088739373846245, 1.0, 0.0, 0.0, 0.0, 0.0, 0.0, 0.0, 0.0]",16728,16731,N6,dismiss,-0.3,ts,1418,1
"[0.06666666666666654, -0.06666666666666654, -0.026350461133069828, -0.14246575342465753, -0.13636363636363635, 0.0, 0.0, 0.0, 1.0, 0.6916546600964453, 1.0, 0.0, 0.0, 0.0, 0.0, 0.0, 0.0, 0.0]",141844,16911,N6,dismiss,-0.3,ts,2620,0
"[0.20000000000000004, -0.20000000000000004, -0.23282887077997672, -0.007142857142857143, -0.015999999999999945, 0.0, 0.0, 0.0, 1.0, 0.741520934871449, 1.0, 0.0, 0.0, 0.0, 0.0, 0.0, 0.0, 0.0]",19856,19865,N6,accept,0.44,ts,1065,1
"[0.4714285714285714, -0.4714285714285714, 0.05000000000000007, 1.0, 1.0, 0.0, 0.0, 0.0, 1.0, 0.5844250698519827, 1.0, 0.0, 0.0, 0.0, 0.0, 0.0, 0.0, 0.0]",174937,130295,N6,dismiss,-0.3,ts,1075,1
"[0.5, -0.5, -0.4117647058823529, 0.0, 0.0, 0.0, 0.0, 0.0, 1.0, 0.7965632240551328, 1.0, 0.0, 0.0, 0.0, 0.0, 0.0, 0.0, 0.0]",38239,93860,N6,dismiss,-0.3,ts,739,1
"[0.3636363636363637, -0.3636363636363637, 0.14285714285714285, 0.028169014084507043, 0.36363636363636365, 0.0, 0.0, 0.0, 1.0, 0.7388385917974343, 1.0, 0.0, 0.0, 0.0, 0.0, 0.0, 0.0, 0.0]",123011,123174,N6,dismiss,-0.3,ts,434,0
"[0.24999999999999997, -0.24999999999999997, -0.3948, 0.0, 0.0, 0.0, 0.0, 0.0, 1.0, 0.7303946234902753, 1.0, 0.0, 0.0, 0.0, 0.0, 0.0, 0.0, 0.0]",69946,90167,N6,dismiss,-0.3,ts,778,1
"[0.9333333333333335, -0.9333333333333335, 0.11470588235294113, -0.13398692810457516, -0.18181818181818182, 0.0, 0.0, 0.0, 1.0, 0.8493488906934371, 1.0, 0.0, 0.0, 0.0, 0.0, 0.0, 0.0, 0.0]",50818,48992,N6,dismiss,-0.3,ts,1863,0
"[0.3636363636363637, -0.3636363636363637, 0.0, 0.0, 0.0, 0.0, 0.0, 0.0, 1.0, 0.8742764353476687, 1.0, 0.0, 0.0, 0.0, 0.0, 0.0, 0.0, 0.0]",123143,123174,N6,accept,0.5545454545454546,ts,1668,0
"[0.1764705882352941, -0.1764705882352941, 0.0, 0.05045871559633028, 0.0, 0.0, 0.0, 0.0, 1.0, 0.8002741033846621, 1.0, 0.0, 0.0, 0.0, 0.0, 0.0, 0.0, 0.0]",173998,173997,N6,dismiss,-0.3,ts,1666,0
"[0.040000000000000036, -0.040000000000000036, 0.0, 0.0, 0.0, 0.0, 0.0, 0.0, 1.0, 0.7649820258822859, 1.0, 0.0, 0.0, 0.0, 0.0, 0.0, 0.0, 0.0]",141765,141753,N6,dismiss,-0.3,ts,550,0
"[0.14285714285714288, -0.14285714285714288, 0.0, -0.4, 0.4117647058823529, 0.0, 0.0, 0.0, 1.0, 0.6359975776966094, 1.0, 0.0, 0.0, 0.0, 0.0, 0.0, 0.0, 0.0]",78003,56248,N3,accept,0.4,ts,916,1
"[0.6, -0.6, 0.13377926421404682, -0.2, 1.0, 0.0, 0.0, 0.0, 1.0, 0.6926094214666402, 1.0, 0.0, 0.0, 0.0, 0.0, 0.0, 0.0, 0.0]",121055,120916,N6,dismiss,-0.3,ts,1762,1
"[0.136, -0.136, 0.16741854636591477, 0.0, 0.0, 0.0, 0.0, 0.0, 1.0, 0.7433950356993654, 1.0, 0.0, 0.0, 0.0, 0.0, 0.0, 0.0, 0.0]",174763,141734,N6,dismiss,-0.3,ts,2183,1
"[0.6136363636363636, -0.6136363636363636, -0.16573971078976643, -0.5686274509803921, -0.6166666666666667, 0.0, 0.0, 0.0, 1.0, 0.6669029880120972, 1.0, 0.0, 0.0, 0.0, 0.0, 0.0, 0.0, 0.0]",166050,142262,N6,dismiss,-0.3,ts,538,1
"[0.1250000000000001, -0.1250000000000001, 0.16218749999999993, 0.0, 0.0, 0.0, 0.0, 0.0, 1.0, 0.7409291148542603, 1.0, 0.0, 0.0, 0.0, 0.0, 0.0, 0.0, 0.0]",152421,55412,N6,accept,0.38750000000000007,ts,2248,0
"[0.217741935483871, -0.217741935483871, -0.3216708318457694, 0.03003003003003003, 0.0, 0.0, 0.0, 0.0, 1.0, 0.7252313731850552, 1.0, 0.0, 0.0, 0.0, 0.0, 0.0, 0.0, 0.0]",89601,104962,N6,dismiss,-0.3,ts,2589,1
"[0.20000000000000004, -0.20000000000000004, 0.13333333333333333, -0.75, -0.44000000000000006, 0.0, 0.0, 0.0, 1.0, 0.5717007815603291, 1.0, 0.0, 0.0, 0.0, 0.0, 0.0, 0.0, 0.0]",133969,18334,N6,dismiss,-0.3,ts,2916,1
"[0.3636363636363637, -0.3636363636363637, 0.0, 0.016713091922005572, 0.25, 0.0, 0.0, 0.0, 1.0, 0.8103249790259089, 1.0, 0.0, 0.0, 0.0, 0.0, 0.0, 0.0, 0.0]",123014,123174,N6,dismiss,-0.3,ts,776,0
"[0.41176470588235287, -0.41176470588235287, -0.15164369034994696, 0.12, 0.24, 0.0, 0.0, 0.0, 1.0, 0.7458609741032868, 1.0, 0.0, 0.0, 0.0, 0.0, 0.0, 0.0, 0.0]",56971,58615,N6,dismiss,-0.3,ts,2633,0
"[0.7954545454545455, -0.7954545454545455, -0.29375, 0.02702702702702703, 0.7037037037037037, 0.0, 0.0, 0.0, 1.0, 0.7478574292274299, 1.0, 0.0, 0.0, 0.0, 0.0, 0.0, 0.0, 0.0]",107308,89765,N6,dismiss,-0.3,ts,2940,0
"[0.3333333333333334, -0.3333333333333334, -0.37421777221526914, 0.2604166666666667, 0.10909090909090903, 0.0, 0.0, 0.0, 1.0, 0.6698512004658328, 1.0, 0.0, 0.0, 0.0, 0.0, 0.0, 0.0, 0.0]",139805,81542,N6,dismiss,-0.3,ts,1954,0
"[0.15, -0.15, -0.34687500000000004, -0.525, -0.58, 0.0, 0.0, 0.0, 1.0, 0.504772942695583, 1.0, 0.0, 0.0, 0.0, 0.0, 0.0, 0.0, 0.0]",18616,18005,N6,dismiss,-0.3,ts,2087,1
"[0.1, -0.07, -0.2697495183044316, -0.05, -0.17272727272727276, 0.0, 0.0, 0.0, 1.0, 0.63467239594446, 1.0, 0.0, 0.0, 0.0, 0.0, 0.0, 0.0, 0.0]",49082,49005,N6,accept,0.37,ts,1663,0
"[0.25, -0.25, -0.5708154506437768, -0.008595988538681949, 1.0, 0.0, 0.0, 0.0, 1.0, 0.5525921765486778, 1.0, 0.0, 0.0, 0.0, 0.0, 0.0, 0.0, 0.0]",189369,117045,N6,dismiss,-0.3,ts,781,0
"[0.5170454545454546, -0.5170454545454546, -0.6264009962640099, -0.5698324022346368, -0.2923076923076924, 0.0, 0.0, 0.0, 1.0, 0.6012664883989073, 1.0, 0.0, 0.0, 0.0, 0.0, 0.0, 0.0, 0.0]",93935,142262,N6,dismiss,-0.3,ts,810,1
"[0.431578947368421, -0.431578947368421, 0.1, -0.21794871794871795, -0.490566037735849, 0.0, 0.0, 0.0, 1.0, 0.7094556616298944, 1.0, 0.0, 0.0, 0.0, 0.0, 0.0, 0.0, 0.0]",123829,104492,N6,dismiss,-0.3,ts,1767,0
"[0.5599999999999999, -0.5599999999999999, 0.0009099181073703173, 0.34532374100719426, 1.0, 0.0, 0.0, 0.0, 1.0, 0.709884034192077, 1.0, 0.0, 0.0, 0.0, 0.0, 0.0, 0.0, 0.0]",185410,89763,N6,dismiss,-0.3,ts,2975,0
"[0.23076923076923078, -0.23076923076923078, 0.16725978647686818, 0.46153846153846156, 0.3389830508474576, 0.0, 0.0, 0.0, 1.0, 0.6121178853886537, 1.0, 0.0, 0.0, 0.0, 0.0, 0.0, 0.0, 0.0]",43763,15178,N3,accept,0.46153846153846156,ts,793,1
"[0.294478527607362, -0.294478527607362, 0.22798887859128833, -0.025, -0.11392405063291143, 0.0, 0.0, 0.0, 1.0, 0.7426536066065215, 1.0, 0.0, 0.0, 0.0, 0.0, 0.0, 0.0, 0.0]",15663,39517,N6,dismiss,-0.3,ts,1730,0
"[0.47058823529411764, -0.47058823529411764, -0.11764705882352941, -0.5102040816326531, 0.25999999999999995, 0.0, 0.0, 0.0, 1.0, 0.7033349905211578, 1.0, 0.0, 0.0, 0.0, 0.0, 0.0, 0.0, 0.0]",41169,133969,N6,dismiss,-0.3,ts,1387,1
"[0.5636363636363637, -0.5636363636363637, -0.058333333333333376, -0.0169971671388102, 0.5714285714285714, 0.0, 0.0, 0.0, 1.0, 0.7929707233257425, 1.0, 0.0, 0.0, 0.0, 0.0, 0.0, 0.0, 0.0]",87720,108828,N6,dismiss,-0.3,ts,2703,0
"[0.06666666666666672, -0.06666666666666672, 0.2002503128911139, 0.125, 0.09090909090909091, 0.0, 0.0, 0.0, 1.0, 0.6507969639330484, 1.0, 0.0, 0.0, 0.0, 0.0, 0.0, 0.0, 0.0]",139805,55915,N6,dismiss,-0.3,ts,579,1
"[0.9137254901960783, -0.9137254901960783, 0.10751252086811361, -0.39847715736040606, 0.9230769230769231, 0.0, 0.0, 0.0, 1.0, 0.7222921924828956, 1.0, 0.0, 0.0, 0.0, 0.0, 0.0, 0.0, 0.0]",92082,117335,N6,dismiss,-0.3,ts,1014,1
"[0.06666666666666661, -0.06666666666666661, -0.008551724137931097, -0.4169611307420495, 0.08333333333333333, 0.0, 0.0, 0.0, 1.0, 0.6636490049761106, 1.0, 0.0, 0.0, 0.0, 0.0, 0.0, 0.0, 0.0]",134111,179649,N6,dismiss,-0.3,ts,1011,0
"[0.10000000000000009, -0.10000000000000009, -0.2588235294117647, -0.975, -0.52, 0.0, 0.0, 0.0, 1.0, 0.48076478481180795, 1.0, 0.0, 0.0, 0.0, 0.0, 0.0, 0.0, 0.0]",91074,16650,N6,dismiss,-0.3,ts,1717,0
"[0.023255813953488292, -0.023255813953488292, 0.1956001912960306, 0.16556291390728478, -0.014285714285714235, 0.0, 0.0, 0.0, 1.0, 0.6474584734267568, 1.0, 0.0, 0.0, 0.0, 0.0, 0.0, 0.0, 0.0]",115226,15171,N6,dismiss,-0.3,ts,1097,0
"[0.20000000000000004, -0.20000000000000004, 0.13355592654424053, -0.007194244604316547, 0.02500000000000006, 0.0, 0.0, 0.0, 1.0, 0.7664872330211412, 1.0, 0.0, 0.0, 0.0, 0.0, 0.0, 0.0, 0.0]",53365,108507,N6,dismiss,-0.3,ts,2663,0
"[0.5, -0.5, -0.052770448548812667, -0.4148936170212766, 0.08000000000000007, 0.0, 0.0, 0.0, 1.0, 0.7819976516061806, 1.0, 0.0, 0.0, 0.0, 0.0, 0.0, 0.0, 0.0]",84106,84107,N3,accept,0.6499999999999999,ts,617,1
"[0.5428571428571428, -0.5428571428571428, 0.0, 0.04, -0.019999999999999973, 0.0, 0.0, 0.0, 1.0, 0.9005727902401358, 1.0, 0.0, 0.0, 0.0, 0.0, 0.0, 0.0, 0.0]",122718,130670,N6,dismiss,-0.3,ts,2906,1
"[0.4545454545454546, -0.4545454545454546, -0.4639027877055039, 0.10198300283286119, 0.6, 0.0, 0.0, 0.0, 1.0, 0.6447617748329869, 1.0, 0.0, 0.0, 0.0, 0.0, 0.0, 0.0, 0.0]",88669,107588,N6,dismiss,-0.3,ts,1741,1
"[0.2222222222222223, -0.2222222222222223, 0.11131725417439703, 0.08529411764705883, 0.10400000000000005, 0.0, 0.0, 0.0, 1.0, 0.7387660108640149, 1.0, 0.0, 0.0, 0.0, 0.0, 0.0, 0.0, 0.0]",123848,76847,N6,dismiss,-0.3,ts,2450,0
"[0.3321428571428571, -0.3321428571428571, -0.15715948777648428, 0.0, 0.0, 0.0, 0.0, 0.0, 1.0, 0.8112351165082288, 1.0, 0.0, 0.0, 0.0, 0.0, 0.0, 0.0, 0.0]",93923,15139,N6,dismiss,-0.3,ts,443,1
"[0.3333333333333333, -0.3333333333333333, -0.08333333333333333, 0.18181818181818182, 0.11731843575419003, 0.0, 0.0, 0.0, 1.0, 0.7577259206367224, 1.0, 0.0, 0.0, 0.0, 0.0, 0.0, 0.0, 0.0]",165914,127600,N6,dismiss,-0.3,ts,520,0
"[0.13953488372093023, -0.13953488372093023, 0.2, -0.21686746987951808, -0.12727272727272732, 0.0, 0.0, 0.0, 1.0, 0.6491415867196744, 1.0, 0.0, 0.0, 0.0, 0.0, 0.0, 0.0, 0.0]",40740,91969,N6,dismiss,-0.3,ts,858,1
"[0.2, -0.2, 0.043256997455470604, 0.8, 0.49056603773584917, 0.0, 0.0, 0.0, 1.0, 0.5927701423564039, 1.0, 0.0, 0.0, 0.0, 0.0, 0.0, 0.0, 0.0]",59416,15178,N6,dismiss,-0.3,ts,589,0
"[0.0555555555555556, -0.0555555555555556, -0.16666666666666666, 0.01764705882352941, 0.0, 0.0, 0.0, 0.0, 1.0, 0.7088897221869671, 1.0, 0.0, 0.0, 0.0, 0.0, 0.0, 0.0, 0.0]",123852,105724,N6,accept,0.3388888888888889,ts,927,1
"[0.11999999999999993, -0.11999999999999993, 0.1111111111111111, 0.014164305949008499, -0.9071428571428571, 0.0, 0.0, 0.0, 1.0, 0.6249211691591156, 1.0, 0.0, 0.0, 0.0, 0.0, 0.0, 0.0, 0.0]",107307,106065,N6,dismiss,-0.3,ts,1190,1
"[0.4000000000000001, -0.4000000000000001, 0.0, 0.0, 0.0, 0.0, 0.0, 0.0, 1.0, 0.8842623917495089, 1.0, 0.0, 0.0, 0.0, 0.0, 0.0, 0.0, 0.0]",60782,60788,N6,dismiss,-0.3,ts,762,1
"[0.20000000000000007, -0.20000000000000007, -0.2747826086956522, -0.03428571428571429, 0.0, 0.0, 0.0, 0.0, 1.0, 0.7283273100886375, 1.0, 0.0, 0.0, 0.0, 0.0, 0.0, 0.0, 0.0]",108745,108746,N6,dismiss,-0.3,ts,2266,1
"[0.5636363636363637, -0.5636363636363637, -0.4547263681592039, -0.005698005698005698, 0.42857142857142855, 0.0, 0.0, 0.0, 1.0, 0.7146769810531584, 1.0, 0.0, 0.0, 0.0, 0.0, 0.0, 0.0, 0.0]",151840,108839,N3,accept,0.6945454545454546,ts,1295,1
"[0.56, -0.56, 0.047120418848167464, 0.36086956521739133, -0.4, 0.0, 0.0, 0.0, 1.0, 0.7437502917188107, 1.0, 0.0, 0.0, 0.0, 0.0, 0.0, 0.0, 0.0]",146668,169349,N6,dismiss,-0.3,ts,1316,0
"[0.16216216216216217, -0.16216216216216217, -0.16666666666666666, 0.08461538461538462, 0.020833333333333447, 0.0, 0.0, 0.0, 1.0, 0.7234709814458078, 1.0, 0.0, 0.0, 0.0, 0.0, 0.0, 0.0, 0.0]",91969,91957,N6,dismiss,-0.3,ts,2000,0
"[0.25, -0.25, 0.0, -0.008595988538681949, 0.08695652173913043, 0.0, 0.0, 0.0, 1.0, 0.8130880893622596, 1.0, 0.0, 0.0, 0.0, 0.0, 0.0, 0.0, 0.0]",57106,117045,N6,accept,0.475,ts,625,0
"[0.8714285714285714, -0.8714285714285714, -0.31282586027111575, 0.7355371900826446, 0.55, 0.0, 0.0, 0.0, 1.0, 0.6572526633932373, 1.0, 0.0, 0.0, 0.0, 0.0, 0.0, 0.0, 0.0]",56538,170138,N6,dismiss,-0.3,ts,707,0
"[0.13846153846153844, -0.13846153846153844, -0.0039890301670405534, 0.0380952380952381, 0.043478260869565216, 0.0, 0.0, 0.0, 1.0, 0.7761033833741405, 1.0, 0.0, 0.0, 0.0, 0.0, 0.0, 0.0, 0.0]",155844,115245,N6,dismiss,-0.3,ts,1771,0
"[0.24999999999999994, -0.24999999999999994, -0.11782032400589111, 0.014492753623188406, 0.01626016260162596, 0.0, 0.0, 0.0, 1.0, 0.7885172541022555, 1.0, 0.0, 0.0, 0.0, 0.0, 0.0, 0.0, 0.0]",108507,19869,N6,accept,0.475,ts,671,1
"[0.14, -0.14, -0.31562500000000004, 0.030303030303030304, 0.0, 0.0, 0.0, 0.0, 1.0, 0.6993060113850216, 1.0, 0.0, 0.0, 0.0, 0.0, 0.0, 0.0, 0.0]",106755,69993,N6,dismiss,-0.3,ts,2608,0
"[0.9137254901960783, -0.9137254901960783, 0.05563282336578581, -0.43820224719101125, 0.4666666666666667, 0.0, 0.0, 0.0, 1.0, 0.7700744049956784, 1.0, 0.0, 0.0, 0.0, 0.0, 0.0, 0.0, 0.0]",128242,85795,N6,dismiss,-0.3,ts,2058,1
"[0.7843137254901961, -0.7843137254901961, 0.17994100294985255, 1.0, -0.6363636363636364, 0.0, 0.0, 0.0, 1.0, 0.6485163998686077, 1.0, 0.0, 0.0, 0.0, 0.0, 0.0, 0.0, 0.0]",120916,169349,N6,dismiss,-0.3,ts,1113,0
"[0.30000000000000004, -0.30000000000000004, 0.1799498746867168, 0.0, -0.038461538461538464, 0.0, 0.0, 0.0, 1.0, 0.7839181675220227, 1.0, 0.0, 0.0, 0.0, 0.0, 0.0, 0.0, 0.0]",140787,87090,N6,dismiss,-0.3,ts,2029,1
"[0.46153846153846156, -0.46153846153846156, -0.7849624060150376, -0.256, 0.33999999999999997, 0.0, 0.0, 0.0, 1.0, 0.6073646963417112, 1.0, 0.0, 0.0, 0.0, 0.0, 0.0, 0.0, 0.0]",110599,85230,N6,dismiss,-0.3,ts,2588,1
"[0.20000000000000004, -0.20000000000000004, -0.6972222222222223, -0.02, -0.059999999999999984, 0.0, 0.0, 0.0, 1.0, 0.6495787864213909, 1.0, 0.0, 0.0, 0.0, 0.0, 0.0, 0.0, 0.0]",18484,18528,N3,accept,0.44,ts,1363,1
"[0.40540540540540543, -0.40540540540540543, -0.22755741127348642, 0.0, 0.0, 0.0, 0.0, 0.0, 1.0, 0.812573518830717, 1.0, 0.0, 0.0, 0.0, 0.0, 0.0, 0.0, 0.0]",63924,130294,N6,dismiss,-0.3,ts,738,1
"[0.3333333333333333, -0.3333333333333333, -0.21108179419525067, -0.3024193548387097, -0.2857142857142857, 0.0, 0.0, 0.0, 1.0, 0.6632867396938785, 1.0, 0.0, 0.0, 0.0, 0.0, 0.0, 0.0, 0.0]",89593,158410,N6,accept,0.5333333333333333,ts,871,1
"[0.23076923076923073, -0.23076923076923073, -0.4578571428571428, -0.2409090909090909, 0.1111111111111111, 0.0, 0.0, 0.0, 1.0, 0.6260456862267325, 1.0, 0.0, 0.0, 0.0, 0.0, 0.0, 0.0, 0.0]",114738,81498,N6,dismiss,-0.3,ts,1021,1
"[0.0384615384615385, -0.0384615384615385, 0.22897483118477596, 0.02976190476190476, 0.05999999999999996, 0.0, 0.0, 0.0, 1.0, 0.6652929903136966, 1.0, 0.0, 0.0, 0.0, 0.0, 0.0, 0.0, 0.0]",143094,87100,N6,accept,0.3269230769230769,ts,2285,0
"[0.14, -0.14, -0.02666666666666673, 0.0625, -0.1, 0.0, 0.0, 0.0, 1.0, 0.7465385609804288, 1.0, 0.0, 0.0, 0.0, 0.0, 0.0, 0.0, 0.0]",141632,69993,N6,accept,0.398,ts,2881,0
"[0.28571428571428564, -0.28571428571428564, -0.20634920634920637, -0.029411764705882353, 0.0, 0.0, 0.0, 0.0, 1.0, 0.7748350288905015, 1.0, 0.0, 0.0, 0.0, 0.0, 0.0, 0.0, 0.0]",55348,106755,N6,dismiss,-0.3,ts,930,1
"[0.19999999999999993, -0.19999999999999993, 0.125, 0.0, 0.0, 0.0, 0.0, 0.0, 1.0, 0.7785883097271787, 1.0, 0.0, 0.0, 0.0, 0.0, 0.0, 0.0, 0.0]",75387,18219,N6,dismiss,-0.3,ts,674,0
"[0.25, -0.25, -0.24050632911392406, 0.0, -0.005555555555555635, 0.0, 0.0, 0.0, 1.0, 0.7615633265577997, 1.0, 0.0, 0.0, 0.0, 0.0, 0.0, 0.0, 0.0]",183583,165914,N6,accept,0.475,ts,2164,0
"[0.14, -0.14, -0.02666666666666673, 0.0625, -0.1, 0.0, 0.0, 0.0, 1.0, 0.7465385609804288, 1.0, 0.0, 0.0, 0.0, 0.0, 0.0, 0.0, 0.0]",141632,69993,N6,accept,0.398,ts,2313,0
"[0.5, -0.5, -0.03129890453834116, -0.014492753623188406, 0.0, 0.0, 0.0, 0.0, 1.0, 0.8923660563935448, 1.0, 0.0, 0.0, 0.0, 0.0, 0.0, 0.0, 0.0]",81462,39280,N6,dismiss,-0.3,ts,2614,0
"[0.7066666666666667, -0.7066666666666667, -0.08883826879271067, 1.0, -0.25, 0.0, 0.0, 0.0, 1.0, 0.7175078175163225, 1.0, 0.0, 0.0, 0.0, 0.0, 0.0, 0.0, 0.0]",128254,169349,N6,accept,0.7946666666666666,ts,624,0
"[0.4545454545454546, -0.4545454545454546, -0.014388489208633, 0.03254437869822485, 0.6666666666666666, 0.0, 0.0, 0.0, 1.0, 0.7725888753691011, 1.0, 0.0, 0.0, 0.0, 0.0, 0.0, 0.0, 0.0]",108746,108839,N6,dismiss,-0.3,ts,2971,0
"[0.08554572271386432, -0.08554572271386432, -0.03466761972837737, 0.011267605633802818, 0.0, 0.0, 0.0, 0.0, 1.0, 0.7651650175603291, 1.0, 0.0, 0.0, 0.0, 0.0, 0.0, 0.0, 0.0]",146721,85287,N6,dismiss,-0.3,ts,2134,0
"[0.1200000000000001, -0.1200000000000001, 0.1455847255369929, -0.08536585365853659, -0.625, 0.0, 0.0, 0.0, 1.0, 0.6134308998417168, 1.0, 0.0, 0.0, 0.0, 0.0, 0.0, 0.0, 0.0]",57551,59424,N6,dismiss,-0.3,ts,2354,1
"[0.25000000000000006, -0.25000000000000006, 0.24608967674661097, -0.17687074829931973, 0.4117647058823529, 0.0, 0.0, 0.0, 1.0, 0.6329883469407463, 1.0, 0.0, 0.0, 0.0, 0.0, 0.0, 0.0, 0.0]",115240,86760,N6,dismiss,-0.3,ts,2811,0
"[0.06666666666666672, -0.06666666666666672, -0.4768888888888889, -0.15829145728643215, -0.24242424242424243, 0.0, 0.0, 0.0, 1.0, 0.5536373131526611, 1.0, 0.0, 0.0, 0.0, 0.0, 0.0, 0.0, 0.0]",69112,87090,N6,accept,0.3466666666666667,ts,2660,1
"[0.5636363636363637, -0.5636363636363637, -0.24849699398797598, 1.0, 1.0, 0.0, 0.0, 0.0, 1.0, 0.5534581352903608, 1.0, 0.0, 0.0, 0.0, 0.0, 0.0, 0.0, 0.0]",169305,107563,N6,dismiss,-0.3,ts,1945,1
"[0.2727272727272727, -0.2727272727272727, -0.27048634243837444, 0.0, 0.0, 0.0, 0.0, 0.0, 1.0, 0.7633614666745693, 1.0, 0.0, 0.0, 0.0, 0.0, 0.0, 0.0, 0.0]",81453,81452,N6,dismiss,-0.3,ts,2030,1
"[0.9400000000000001, -0.9400000000000001, 0.11470588235294113, -0.18333333333333332, 1.0, 0.0, 0.0, 0.0, 1.0, 0.7517552768639826, 1.0, 0.0, 0.0, 0.0, 0.0, 0.0, 0.0, 0.0]",37946,42569,N6,dismiss,-0.3,ts,786,0
"[0.47058823529411764, -0.47058823529411764, 0.0, 0.0, 0.0, 0.0, 0.0, 0.0, 1.0, 0.902022067439656, 1.0, 0.0, 0.0, 0.0, 0.0, 0.0, 0.0, 0.0]",107697,51138,N6,dismiss,-0.3,ts,1875,0
"[0.2794117647058824, -0.2794117647058824, -0.4150110375275938, 0.023323615160349854, 0.07462686567164178, 0.0, 0.0, 0.0, 1.0, 0.7086208261787135, 1.0, 0.0, 0.0, 0.0, 0.0, 0.0, 0.0, 0.0]",185707,105872,N6,dismiss,-0.3,ts,2429,1
"[0.75, -0.75, 0.07799999999999997, -0.11666666666666667, -0.18181818181818182, 0.0, 0.0, 0.0, 1.0, 0.8464921298349981, 1.0, 0.0, 0.0, 0.0, 0.0, 0.0, 0.0, 0.0]",69947,63919,N6,dismiss,-0.3,ts,529,0
"[0.5, -0.5, 0.0, -0.45507246376811594, -0.09999999999999995, 0.0, 0.0, 0.0, 1.0, 0.7919667347710206, 1.0, 0.0, 0.0, 0.0, 0.0, 0.0, 0.0, 0.0]",19594,19599,N6,dismiss,-0.3,ts,2723,0
"[0.25, -0.25, 0.0, 0.0, 0.0, 0.0, 0.0, 0.0, 1.0, 0.8395893495876965, 1.0, 0.0, 0.0, 0.0, 0.0, 0.0, 0.0, 0.0]",117053,117045,N6,dismiss,-0.3,ts,2383,0
"[0.25, -0.25, 0.2005012531328321, 0.19471947194719472, 0.28, 0.0, 0.0, 0.0, 1.0, 0.6608159129050403, 1.0, 0.0, 0.0, 0.0, 0.0, 0.0, 0.0, 0.0]",169373,129198,N6,dismiss,-0.3,ts,2360,1
"[0.07142857142857154, -0.07142857142857154, 0.0, 0.28654970760233917, -0.1, 0.0, 0.0, 0.0, 1.0, 0.6840596024730199, 1.0, 0.0, 0.0, 0.0, 0.0, 0.0, 0.0, 0.0]",114737,114738,N6,dismiss,-0.3,ts,1835,0
"[0.08333333333333323, -0.08333333333333323, -0.17103762827822122, 0.0, 0.0, 0.0, 0.0, 0.0, 1.0, 0.7231472001150814, 1.0, 0.0, 0.0, 0.0, 0.0, 0.0, 0.0, 0.0]",147381,85069,N6,dismiss,-0.3,ts,1484,1
"[0.11999999999999993, -0.11999999999999993, -0.3181818181818182, 0.1623931623931624, 0.7857142857142857, 0.0, 0.0, 0.0, 1.0, 0.5399273768495086, 1.0, 0.0, 0.0, 0.0, 0.0, 0.0, 0.0, 0.0]",151839,89764,N6,dismiss,-0.3,ts,905,1
"[0.56, -0.56, -0.0009990009990009777, 0.5495049504950495, -0.4, 0.0, 0.0, 0.0, 1.0, 0.7384325320464852, 1.0, 0.0, 0.0, 0.0, 0.0, 0.0, 0.0, 0.0]",170191,169349,N6,dismiss,-0.3,ts,1437,0
"[0.20000000000000004, -0.20000000000000004, -0.6972222222222223, -0.02, -0.059999999999999984, 0.0, 0.0, 0.0, 1.0, 0.6495787864213909, 1.0, 0.0, 0.0, 0.0, 0.0, 0.0, 0.0, 0.0]",18484,18528,N6,accept,0.44,ts,2158,0
"[0.5636363636363637, -0.5636363636363637, -0.25, -0.030726256983240222, 1.0, 0.0, 0.0, 0.0, 1.0, 0.6845756409699241, 1.0, 0.0, 0.0, 0.0, 0.0, 0.0, 0.0, 0.0]",106065,107659,N6,dismiss,-0.3,ts,648,1
"[0.5, -0.5, -0.3970455230630088, 1.0, -0.52, 0.0, 0.0, 0.0, 1.0, 0.5578328352552592, 1.0, 0.0, 0.0, 0.0, 0.0, 0.0, 0.0, 0.0]",117335,169349,N6,dismiss,-0.3,ts,1985,0
"[0.47058823529411764, -0.47058823529411764, 0.15384615384615385, 0.0, 0.0, 0.0, 0.0, 0.0, 1.0, 0.8490503635579928, 1.0, 0.0, 0.0, 0.0, 0.0, 0.0, 0.0, 0.0]",156353,18570,N6,accept,0.6294117647058823,ts,2893,0
"[0.07692307692307684, -0.07692307692307684, -0.1872881355932203, 0.3867924528301887, -0.22727272727272727, 0.0, 0.0, 0.0, 1.0, 0.5806488195218563, 1.0, 0.0, 0.0, 0.0, 0.0, 0.0, 0.0, 0.0]",169794,115240,N6,dismiss,-0.3,ts,2633,0
"[0.24999999999999997, -0.24999999999999997, -0.27846265409717186, 0.0, 0.0, 0.0, 0.0, 0.0, 1.0, 0.7541829612825312, 1.0, 0.0, 0.0, 0.0, 0.0, 0.0, 0.0, 0.0]",141746,174748,N6,dismiss,-0.3,ts,1339,0
"[0.07692307692307684, -0.07692307692307684, -0.1872881355932203, 1.0, -0.22727272727272727, 0.0, 0.0, 0.0, 1.0, 0.5317456847362717, 1.0, 0.0, 0.0, 0.0, 0.0, 0.0, 0.0, 0.0]",169794,55882,N6,dismiss,-0.3,ts,448,1
"[0.14285714285714288, -0.14285714285714288, -0.1938610662358643, 0.0, 0.0, 0.0, 0.0, 0.0, 1.0, 0.7384864192538396, 1.0, 0.0, 0.0, 0.0, 0.0, 0.0, 0.0, 0.0]",39280,81422,N6,dismiss,-0.3,ts,2809,0
"[0.1200000000000001, -0.1200000000000001, 0.1455847255369929, -0.08011869436201781, -0.52, 0.0, 0.0, 0.0, 1.0, 0.6248074521533694, 1.0, 0.0, 0.0, 0.0, 0.0, 0.0, 0.0, 0.0]",57278,59423,N6,dismiss,-0.3,ts,776,0
"[0.8835294117647059, -0.8835294117647059, -0.28114285714285714, 0.033707865168539325, -0.2, 0.0, 0.0, 0.0, 1.0, 0.8217735861101357, 1.0, 0.0, 0.0, 0.0, 0.0, 0.0, 0.0, 0.0]",57653,108025,N6,dismiss,-0.3,ts,1625,1
"[0.3636363636363637, -0.3636363636363637, 0.0, 0.061046511627906974, 0.0, 0.0, 0.0, 0.0, 1.0, 0.8570363402900383, 1.0, 0.0, 0.0, 0.0, 0.0, 0.0, 0.0, 0.0]",123210,123174,N6,dismiss,-0.3,ts,1320,0
"[0.32, -0.32, -0.4735294117647059, -0.24, -0.020000000000000018, 0.0, 0.0, 0.0, 1.0, 0.6760728614958348, 1.0, 0.0, 0.0, 0.0, 0.0, 0.0, 0.0, 0.0]",104417,63626,N6,dismiss,-0.3,ts,2618,1
"[0.1666666666666666, -0.1666666666666666, 0.0, 0.0, 0.0, 0.0, 0.0, 0.0, 1.0, 0.8112296656009272, 1.0, 0.0, 0.0, 0.0, 0.0, 0.0, 0.0, 0.0]",60788,60783,N6,dismiss,-0.3,ts,2822,0
"[0.4444444444444445, -0.4444444444444445, 0.21404682274247488, -0.6984126984126984, -0.58, 0.0, 0.0, 0.0, 1.0, 0.610175897468082, 1.0, 0.0, 0.0, 0.0, 0.0, 0.0, 0.0, 0.0]",19676,132873,N6,dismiss,-0.3,ts,585,0
"[0.030303030303030328, -0.030303030303030328, -0.3734335839598998, 0.06153846153846154, -0.14285714285714285, 0.0, 0.0, 0.0, 1.0, 0.6014765009872357, 1.0, 0.0, 0.0, 0.0, 0.0, 0.0, 0.0, 0.0]",90175,93854,N6,accept,0.3212121212121212,ts,2767,1
"[0.9333333333333335, -0.9333333333333335, 0.11470588235294113, -0.13398692810457516, -0.18181818181818182, 0.0, 0.0, 0.0, 1.0, 0.8493488906934371, 1.0, 0.0, 0.0, 0.0, 0.0, 0.0, 0.0, 0.0]",50818,48992,N6,dismiss,-0.3,ts,400,1
"[0.11999999999999993, -0.11999999999999993, 0.2222222222222222, -0.0056657223796034, 0.0, 0.0, 0.0, 0.0, 1.0, 0.7210661718528755, 1.0, 0.0, 0.0, 0.0, 0.0, 0.0, 0.0, 0.0]",107307,162723,N6,dismiss,-0.3,ts,603,1
"[0.8964705882352941, -0.8964705882352941, 0.002506265664160437, 1.0, -0.14285714285714285, 0.0, 0.0, 0.0, 1.0, 0.7927939099583732, 1.0, 0.0, 0.0, 0.0, 0.0, 0.0, 0.0, 0.0]",60954,169349,N6,dismiss,-0.3,ts,1801,0
"[0.04761904761904766, -0.04761904761904766, -0.39722724532851117, 0.15162454873646208, 0.4, 0.0, 0.0, 0.0, 1.0, 0.5363539792335147, 1.0, 0.0, 0.0, 0.0, 0.0, 0.0, 0.0, 0.0]",16646,63925,N6,dismiss,-0.3,ts,1540,0
"[0.6000000000000001, -0.6000000000000001, 0.1111111111111111, 1.0, 1.0, 0.0, 0.0, 0.0, 1.0, 0.5953401686575794, 1.0, 0.0, 0.0, 0.0, 0.0, 0.0, 0.0, 0.0]",38174,112477,N6,accept,0.72,ts,2420,0
"[0.20000000000000007, -0.20000000000000007, -0.0710491367861886, -0.016713091922005572, 0.2, 0.0, 0.0, 0.0, 1.0, 0.7419523040265974, 1.0, 0.0, 0.0, 0.0, 0.0, 0.0, 0.0, 0.0]",30202,88669,N3,accept,0.44000000000000006,ts,512,1
"[0.29999999999999993, -0.29999999999999993, -0.48148148148148145, -0.3020408163265306, 0.1111111111111111, 0.0, 0.0, 0.0, 1.0, 0.6339237983594747, 1.0, 0.0, 0.0, 0.0, 0.0, 0.0, 0.0, 0.0]",127333,114737,N6,dismiss,-0.3,ts,808,1
"[0.8380952380952381, -0.8380952380952381, -0.64, -0.8172043010752689, -0.2, 0.0, 0.0, 0.0, 1.0, 0.6479842485759726, 1.0, 0.0, 0.0, 0.0, 0.0, 0.0, 0.0, 0.0]",126323,66862,N6,dismiss,-0.3,ts,2478,1
"[0.431578947368421, -0.431578947368421, 0.1, -0.21794871794871795, -0.490566037735849, 0.0, 0.0, 0.0, 1.0, 0.7094556616298944, 1.0, 0.0, 0.0, 0.0, 0.0, 0.0, 0.0, 0.0]",123829,104492,N6,dismiss,-0.3,ts,478,0
"[0.20000000000000007, -0.20000000000000007, -0.5004694835680751, -0.028409090909090908, -0.08333333333333333, 0.0, 0.0, 0.0, 1.0, 0.6650221215675229, 1.0, 0.0, 0.0, 0.0, 0.0, 0.0, 0.0, 0.0]",74282,107170,N6,dismiss,-0.3,ts,621,1
"[0.3636363636363637, -0.3636363636363637, 0.0, 0.016713091922005572, 0.15384615384615385, 0.0, 0.0, 0.0, 1.0, 0.8296166021577667, 1.0, 0.0, 0.0, 0.0, 0.0, 0.0, 0.0, 0.0]",123551,123174,N6,dismiss,-0.3,ts,1779,0
"[0.18831168831168835, -0.18831168831168835, 0.0, 0.15942028985507245, 0.18, 0.0, 0.0, 0.0, 1.0, 0.732496988669393, 1.0, 0.0, 0.0, 0.0, 0.0, 0.0, 0.0, 0.0]",151793,85224,N6,dismiss,-0.3,ts,1871,0
"[0.6571428571428571, -0.6571428571428571, -0.832820512820513, 1.0, 1.0, 0.0, 0.0, 0.0, 1.0, 0.4785386433038919, 1.0, 0.0, 0.0, 0.0, 0.0, 0.0, 0.0, 0.0]",174937,63864,N6,dismiss,-0.3,ts,2722,1
"[0.24999999999999992, -0.24999999999999992, -0.18808777429467086, -0.007194244604316547, -0.02439024390243908, 0.0, 0.0, 0.0, 1.0, 0.7676014166610969, 1.0, 0.0, 0.0, 0.0, 0.0, 0.0, 0.0, 0.0]",113424,125887,N6,dismiss,-0.3,ts,689,0
"[0.4000000000000001, -0.4000000000000001, 0.0, 0.0, 0.0, 0.0, 0.0, 0.0, 1.0, 0.8842623917495089, 1.0, 0.0, 0.0, 0.0, 0.0, 0.0, 0.0, 0.0]",60782,60788,N6,dismiss,-0.3,ts,2642,1
"[0.8714285714285714, -0.8714285714285714, -0.31282586027111575, 0.7355371900826446, 0.55, 0.0, 0.0, 0.0, 1.0, 0.6572526633932373, 1.0, 0.0, 0.0, 0.0, 0.0, 0.0, 0.0, 0.0]",56538,170138,N6,dismiss,-0.3,ts,2355,0
"[0.0624999999999999, -0.0624999999999999, -0.4134375, -0.25838926174496646, -0.29411764705882354, 0.0, 0.0, 0.0, 1.0, 0.5336136768150922, 1.0, 0.0, 0.0, 0.0, 0.0, 0.0, 0.0, 0.0]",104963,104466,N6,dismiss,-0.3,ts,979,0
"[0.589041095890411, -0.589041095890411, -0.5896314803247971, -0.008450704225352112, -0.025000000000000022, 0.0, 0.0, 0.0, 1.0, 0.7787213457066963, 1.0, 0.0, 0.0, 0.0, 0.0, 0.0, 0.0, 0.0]",43388,111012,N6,dismiss,-0.3,ts,718,1
"[0.72, -0.72, 0.14583333333333334, 0.02, 0.06000000000000001, 0.0, 0.0, 0.0, 1.0, 0.8748597557133838, 1.0, 0.0, 0.0, 0.0, 0.0, 0.0, 0.0, 0.0]",135298,81568,N6,accept,0.804,ts,2222,0
"[0.5636363636363637, -0.5636363636363637, -0.5447647951441579, -0.008571428571428572, 1.0, 0.0, 0.0, 0.0, 1.0, 0.6402883879117802, 1.0, 0.0, 0.0, 0.0, 0.0, 0.0, 0.0, 0.0]",43097,107659,N6,dismiss,-0.3,ts,1324,1
"[0.56, -0.56, 0.0, 1.0, -0.3333333333333333, 0.0, 0.0, 0.0, 1.0, 0.7152978852370033, 1.0, 0.0, 0.0, 0.0, 0.0, 0.0, 0.0, 0.0]",104684,169349,N6,accept,0.692,ts,2167,0
"[0.33090909090909093, -0.33090909090909093, 0.0, 0.0, 0.0, 0.0, 0.0, 0.0, 1.0, 0.8648131365453284, 1.0, 0.0, 0.0, 0.0, 0.0, 0.0, 0.0, 0.0]",147380,63876,N6,accept,0.5316363636363637,ts,2890,0
"[0.16000000000000003, -0.16000000000000003, -0.18225255972696255, -0.4230769230769231, -0.07142857142857142, 0.0, 0.0, 0.0, 1.0, 0.6421729785518976, 1.0, 0.0, 0.0, 0.0, 0.0, 0.0, 0.0, 0.0]",115366,179649,N6,dismiss,-0.3,ts,2504,1
"[0.164, -0.164, -0.6836, -0.1, 0.088, 0.0, 0.0, 0.0, 1.0, 0.6098549356396384, 1.0, 0.0, 0.0, 0.0, 0.0, 0.0, 0.0, 0.0]",85224,134716,N6,accept,0.4148,ts,621,0
"[0.18154761904761904, -0.18154761904761904, -0.2720901126408011, 0.0, 0.0, 0.0, 0.0, 0.0, 1.0, 0.7325093646379542, 1.0, 0.0, 0.0, 0.0, 0.0, 0.0, 0.0, 0.0]",16679,85069,N6,dismiss,-0.3,ts,2598,1
"[0.25, -0.25, 0.006516290726816993, 0.039603960396039604, 0.04, 0.0, 0.0, 0.0, 1.0, 0.8140443691229832, 1.0, 0.0, 0.0, 0.0, 0.0, 0.0, 0.0, 0.0]",169373,170958,N6,accept,0.475,ts,1036,1
"[0.10714285714285708, -0.10714285714285708, -0.26975361087510613, -0.3492537313432836, -0.32, 0.0, 0.0, 0.0, 1.0, 0.5601361989812771, 1.0, 0.0, 0.0, 0.0, 0.0, 0.0, 0.0, 0.0]",87090,81396,N6,dismiss,-0.3,ts,1265,1
"[0.28571428571428564, -0.28571428571428564, 0.1629802095459837, 0.0, 0.0, 0.0, 0.0, 0.0, 1.0, 0.7953984364798392, 1.0, 0.0, 0.0, 0.0, 0.0, 0.0, 0.0, 0.0]",93923,93922,N6,dismiss,-0.3,ts,670,0
"[0.8, -0.8, 0.0, 1.0, 1.0, 0.0, 0.0, 0.0, 1.0, 0.6626816974221303, 1.0, 0.0, 0.0, 0.0, 0.0, 0.0, 0.0, 0.0]",51128,51605,N6,dismiss,-0.3,ts,1999,0
"[0.1666666666666667, -0.1666666666666667, -0.13333333333333333, -0.3, -0.16, 0.0, 0.0, 0.0, 1.0, 0.6556594342490147, 1.0, 0.0, 0.0, 0.0, 0.0, 0.0, 0.0, 0.0]",18490,156539,N6,dismiss,-0.3,ts,2257,0
"[0.20000000000000004, -0.20000000000000004, -0.6972222222222223, -0.02, -0.059999999999999984, 0.0, 0.0, 0.0, 1.0, 0.6495787864213909, 1.0, 0.0, 0.0, 0.0, 0.0, 0.0, 0.0, 0.0]",18484,18528,N6,dismiss,-0.3,ts,1774,0
"[0.39999999999999997, -0.39999999999999997, 0.0, -0.32, -0.12000000000000002, 0.0, 0.0, 0.0, 1.0, 0.7813504345159491, 1.0, 0.0, 0.0, 0.0, 0.0, 0.0, 0.0, 0.0]",71728,50997,N6,dismiss,-0.3,ts,2334,0
"[0.6, -0.6, 0.031077694235589023, 0.27074235807860264, 0.5, 0.0, 0.0, 0.0, 1.0, 0.7594863057515381, 1.0, 0.0, 0.0, 0.0, 0.0, 0.0, 0.0, 0.0]",185375,29663,N6,dismiss,-0.3,ts,2835,1
"[0.02857142857142844, -0.02857142857142844, -0.3211788211788212, -0.022792022792022793, 0.5200000000000001, 0.0, 0.0, 0.0, 1.0, 0.5622519721506657, 1.0, 0.0, 0.0, 0.0, 0.0, 0.0, 0.0, 0.0]",117054,185707,N6,dismiss,-0.3,ts,1548,0
"[0.1250000000000001, -0.1250000000000001, 0.1772262773722628, 0.0625, -0.1, 0.0, 0.0, 0.0, 1.0, 0.6918289288008301, 1.0, 0.0, 0.0, 0.0, 0.0, 0.0, 0.0, 0.0]",141833,55348,N6,dismiss,-0.3,ts,2599,0
"[0.24999999999999992, -0.24999999999999992, -0.18808777429467086, -0.007194244604316547, -0.02439024390243908, 0.0, 0.0, 0.0, 1.0, 0.7676014166610969, 1.0, 0.0, 0.0, 0.0, 0.0, 0.0, 0.0, 0.0]",113424,125887,N6,accept,0.4749999999999999,ts,1022,0
"[0.19709090909090918, -0.19709090909090918, 0.0, 0.0, 0.0, 0.0, 0.0, 0.0, 1.0, 0.8218285575581613, 1.0, 0.0, 0.0, 0.0, 0.0, 0.0, 0.0, 0.0]",152267,63876,N6,dismiss,-0.3,ts,669,0
"[0.14514285714285716, -0.14514285714285716, -0.2654424040066778, 0.6111111111111112, 0.14000000000000004, 0.0, 0.0, 0.0, 1.0, 0.578755271677504, 1.0, 0.0, 0.0, 0.0, 0.0, 0.0, 0.0, 0.0]",33289,151787,N6,dismiss,-0.3,ts,1198,1
"[0.20000000000000007, -0.20000000000000007, 0.2, -0.01694915254237288, -0.07692307692307693, 0.0, 0.0, 0.0, 1.0, 0.7305032209505417, 1.0, 0.0, 0.0, 0.0, 0.0, 0.0, 0.0, 0.0]",108743,32065,N6,dismiss,-0.3,ts,1328,1
"[0.20000000000000007, -0.20000000000000007, 0.03275302449100028, -0.10954063604240283, 0.3333333333333333, 0.0, 0.0, 0.0, 1.0, 0.7076478622053513, 1.0, 0.0, 0.0, 0.0, 0.0, 0.0, 0.0, 0.0]",134112,115390,N6,dismiss,-0.3,ts,1291,0
"[0.8964705882352941, -0.8964705882352941, 0.002506265664160437, 1.0, -0.14285714285714285, 0.0, 0.0, 0.0, 1.0, 0.7927939099583732, 1.0, 0.0, 0.0, 0.0, 0.0, 0.0, 0.0, 0.0]",60954,169349,N6,dismiss,-0.3,ts,2339,0
"[0.648, -0.648, -0.07290922087205143, 0.20430107526881722, 1.0, 0.0, 0.0, 0.0, 1.0, 0.7122272102350174, 1.0, 0.0, 0.0, 0.0, 0.0, 0.0, 0.0, 0.0]",185581,107554,N6,dismiss,-0.3,ts,584,1
"[0.18831168831168835, -0.18831168831168835, 0.0, 0.15942028985507245, 0.18, 0.0, 0.0, 0.0, 1.0, 0.732496988669393, 1.0, 0.0, 0.0, 0.0, 0.0, 0.0, 0.0, 0.0]",151793,85224,N6,dismiss,-0.3,ts,675,0
"[0.20000000000000004, -0.20000000000000004, -0.32, -0.75, -0.44000000000000006, 0.0, 0.0, 0.0, 1.0, 0.5239735986960091, 1.0, 0.0, 0.0, 0.0, 0.0, 0.0, 0.0, 0.0]",69485,18334,N6,dismiss,-0.3,ts,1496,0
"[0.5599999999999999, -0.5599999999999999, 0.0009099181073703173, 0.34532374100719426, 1.0, 0.0, 0.0, 0.0, 1.0, 0.709884034192077, 1.0, 0.0, 0.0, 0.0, 0.0, 0.0, 0.0, 0.0]",185410,89763,N6,accept,0.692,ts,774,0
"[0.5166666666666667, -0.5166666666666667, -0.4993742177722153, -0.014492753623188406, 0.02500000000000006, 0.0, 0.0, 0.0, 1.0, 0.7745238919032764, 1.0, 0.0, 0.0, 0.0, 0.0, 0.0, 0.0, 0.0]",53366,40258,N6,dismiss,-0.3,ts,1266,1
"[0.36000000000000004, -0.36000000000000004, -0.4222222222222222, -0.5219298245614035, 0.625, 0.0, 0.0, 0.0, 1.0, 0.5549958897272307, 1.0, 0.0, 0.0, 0.0, 0.0, 0.0, 0.0, 0.0]",118876,169893,N6,dismiss,-0.3,ts,1876,1
"[0.5592592592592593, -0.5592592592592593, -0.04576760719840025, 0.029304029304029304, -0.391304347826087, 0.0, 0.0, 0.0, 1.0, 0.813854068580522, 1.0, 0.0, 0.0, 0.0, 0.0, 0.0, 0.0, 0.0]",155648,84577,N6,dismiss,-0.3,ts,1740,1
"[0.25, -0.25, -0.5447647951441579, -0.011428571428571429, 0.10619469026548665, 0.0, 0.0, 0.0, 1.0, 0.6747720676390024, 1.0, 0.0, 0.0, 0.0, 0.0, 0.0, 0.0, 0.0]",16901,117045,N6,accept,0.475,ts,1312,0
"[0.20000000000000004, -0.20000000000000004, -0.6972222222222223, -0.46153846153846156, -0.059999999999999984, 0.0, 0.0, 0.0, 1.0, 0.565054577528199, 1.0, 0.0, 0.0, 0.0, 0.0, 0.0, 0.0, 0.0]",51193,18528,N6,accept,0.44,ts,1238,0
"[0.28571428571428575, -0.28571428571428575, 0.23592419664927214, 0.4583333333333333, -0.1, 0.0, 0.0, 0.0, 1.0, 0.658588363112707, 1.0, 0.0, 0.0, 0.0, 0.0, 0.0, 0.0, 0.0]",139086,127333,N6,accept,0.5,ts,1418,0
"[0.14285714285714282, -0.14285714285714282, -0.37889039242219225, -0.11138613861386139, -0.768, 0.0, 0.0, 0.0, 1.0, 0.5488379426266948, 1.0, 0.0, 0.0, 0.0, 0.0, 0.0, 0.0, 0.0]",81395,158412,N6,dismiss,-0.3,ts,1485,1
"[0.13333333333333333, -0.13333333333333333, 0.0, 0.0, 0.0, 0.0, 0.0, 0.0, 1.0, 0.799343830056226, 1.0, 0.0, 0.0, 0.0, 0.0, 0.0, 0.0, 0.0]",93851,93856,N6,dismiss,-0.3,ts,2954,0
"[0.04545454545454549, -0.04545454545454549, -0.0646666666666667, -0.008264462809917356, -0.22727272727272727, 0.0, 0.0, 0.0, 1.0, 0.6855067967400382, 1.0, 0.0, 0.0, 0.0, 0.0, 0.0, 0.0, 0.0]",138639,127487,N6,dismiss,-0.3,ts,2749,0
"[0.2, -0.2, -0.861516452074392, 0.0, 0.0, 0.0, 0.0, 0.0, 1.0, 0.6585329291503521, 1.0, 0.0, 0.0, 0.0, 0.0, 0.0, 0.0, 0.0]",16689,110501,N6,dismiss,-0.3,ts,440,0
"[0.15999999999999998, -0.15999999999999998, -0.0667779632721202, 0.0, 0.0, 0.0, 0.0, 0.0, 1.0, 0.7838696440013408, 1.0, 0.0, 0.0, 0.0, 0.0, 0.0, 0.0, 0.0]",16729,16731,N6,accept,0.412,ts,2072,1
"[0.1111111111111111, -0.1111111111111111, -0.034482758620689655, -0.10954063604240283, 0.3333333333333333, 0.0, 0.0, 0.0, 1.0, 0.6754579089247579, 1.0, 0.0, 0.0, 0.0, 0.0, 0.0, 0.0, 0.0]",134111,115390,N6,dismiss,-0.3,ts,2152,1
"[0.5599999999999999, -0.5599999999999999, -0.6336853807670928, 0.0, 0.0, 0.0, 0.0, 0.0, 1.0, 0.7777664588796329, 1.0, 0.0, 0.0, 0.0, 0.0, 0.0, 0.0, 0.0]",49130,49870,N6,dismiss,-0.3,ts,443,1
"[0.16666666666666666, -0.16666666666666666, -0.5024964336661911, -0.38372093023255816, -0.25, 0.0, 0.0, 0.0, 1.0, 0.5450485691908178, 1.0, 0.0, 0.0, 0.0, 0.0, 0.0, 0.0, 0.0]",116466,84871,N6,dismiss,-0.3,ts,2094,1
"[0.1666666666666667, -0.1666666666666667, -0.20120724346076452, 0.17355371900826447, -0.20833333333333334, 0.0, 0.0, 0.0, 1.0, 0.6498658731927112, 1.0, 0.0, 0.0, 0.0, 0.0, 0.0, 0.0, 0.0]",81543,89666,N6,dismiss,-0.3,ts,816,1
"[0.375, -0.375, -0.19485714285714287, -0.7743732590529248, 0.5399999999999999, 0.0, 0.0, 0.0, 1.0, 0.5957240201168404, 1.0, 0.0, 0.0, 0.0, 0.0, 0.0, 0.0, 0.0]",85164,154734,N6,dismiss,-0.3,ts,2428,0
"[0.047619047619047596, -0.047619047619047596, -0.10427528675703858, 0.014492753623188406, 0.01626016260162596, 0.0, 0.0, 0.0, 1.0, 0.7210938291158605, 1.0, 0.0, 0.0, 0.0, 0.0, 0.0, 0.0, 0.0]",154624,19856,N6,dismiss,-0.3,ts,604,1
"[0.4444444444444445, -0.4444444444444445, 0.18241042345276867, -0.34, -0.6, 0.0, 0.0, 0.0, 1.0, 0.6557316228780911, 1.0, 0.0, 0.0, 0.0, 0.0, 0.0, 0.0, 0.0]",169354,132873,N6,dismiss,-0.3,ts,2205,0
"[0.16666666666666663, -0.16666666666666663, 0.0612765957446809, -0.11475409836065574, -0.45999999999999996, 0.0, 0.0, 0.0, 1.0, 0.6671779591632033, 1.0, 0.0, 0.0, 0.0, 0.0, 0.0, 0.0, 0.0]",83437,185708,N6,dismiss,-0.3,ts,1790,0
"[0.3939393939393939, -0.3939393939393939, -0.24582967515364354, -0.0948509485094851, -0.75, 0.0, 0.0, 0.0, 1.0, 0.6625097926397022, 1.0, 0.0, 0.0, 0.0, 0.0, 0.0, 0.0, 0.0]",141852,64439,N6,accept,0.5757575757575757,ts,729,0
"[0.20000000000000007, -0.20000000000000007, -0.20398009950248752, -0.04178272980501393, -0.08, 0.0, 0.0, 0.0, 1.0, 0.7216254216313975, 1.0, 0.0, 0.0, 0.0, 0.0, 0.0, 0.0, 0.0]",43347,31972,N6,dismiss,-0.3,ts,980,1
"[0.11688311688311692, -0.11688311688311692, -0.6257822277847309, 0.28640776699029125, -0.48148148148148145, 0.0, 0.0, 0.0, 1.0, 0.4924532260483863, 1.0, 0.0, 0.0, 0.0, 0.0, 0.0, 0.0, 0.0]",138627,121068,N6,accept,0.38181818181818183,ts,1910,1
"[0.0384615384615385, -0.0384615384615385, 0.22897483118477596, 0.02976190476190476, 0.05999999999999996, 0.0, 0.0, 0.0, 1.0, 0.6652929903136966, 1.0, 0.0, 0.0, 0.0, 0.0, 0.0, 0.0, 0.0]",143094,87100,N6,accept,0.3269230769230769,ts,1570,0
"[0.1666666666666667, -0.1666666666666667, 0.1, 1.0, 1.0, 0.0, 0.0, 0.0, 1.0, 0.4789161730664955, 1.0, 0.0, 0.0, 0.0, 0.0, 0.0, 0.0, 0.0]",37985,41688,N6,dismiss,-0.3,ts,2081,0
"[0.5833333333333333, -0.5833333333333333, -0.04175365344467641, -0.2, -0.06000000000000005, 0.0, 0.0, 0.0, 1.0, 0.8435393464277561, 1.0, 0.0, 0.0, 0.0, 0.0, 0.0, 0.0, 0.0]",141805,113027,N6,dismiss,-0.3,ts,1693,0
"[0.3636363636363637, -0.3636363636363637, 0.146788990825688, 0.0110803324099723, 0.36363636363636365, 0.0, 0.0, 0.0, 1.0, 0.7425908749935993, 1.0, 0.0, 0.0, 0.0, 0.0, 0.0, 0.0, 0.0]",93938,123174,N6,accept,0.5545454545454546,ts,1058,0
"[0.2, -0.2, -0.2992992992992993, -0.1419141914191419, 0.08, 0.0, 0.0, 0.0, 1.0, 0.6735003541088107, 1.0, 0.0, 0.0, 0.0, 0.0, 0.0, 0.0, 0.0]",158417,20014,N6,accept,0.43999999999999995,ts,2650,1
"[0.44, -0.44, -0.36727879799666113, 0.09333333333333334, -0.5545454545454546, 0.0, 0.0, 0.0, 1.0, 0.6644712254801234, 1.0, 0.0, 0.0, 0.0, 0.0, 0.0, 0.0, 0.0]",16729,49086,N6,dismiss,-0.3,ts,2129,1
"[0.16666666666666663, -0.16666666666666663, 0.0, 0.0, 0.0, 0.0, 0.0, 0.0, 1.0, 0.8112296656009272, 1.0, 0.0, 0.0, 0.0, 0.0, 0.0, 0.0, 0.0]",147380,152267,N6,dismiss,-0.3,ts,655,1
"[0.08823529411764701, -0.08823529411764701, 0.04918032786885246, -0.027700831024930747, -0.2222222222222222, 0.0, 0.0, 0.0, 1.0, 0.7022535857628591, 1.0, 0.0, 0.0, 0.0, 0.0, 0.0, 0.0, 0.0]",15685,15686,N6,dismiss,-0.3,ts,2608,1
"[0.0555555555555556, -0.0555555555555556, -0.16666666666666666, 0.01764705882352941, 0.13636363636363635, 0.0, 0.0, 0.0, 1.0, 0.6730847801914981, 1.0, 0.0, 0.0, 0.0, 0.0, 0.0, 0.0, 0.0]",123856,107052,N6,accept,0.3388888888888889,ts,2987,1
"[0.5555555555555556, -0.5555555555555556, -0.33913913913913923, -0.3275862068965517, 0.09523809523809523, 0.0, 0.0, 0.0, 1.0, 0.7239511393360022, 1.0, 0.0, 0.0, 0.0, 0.0, 0.0, 0.0, 0.0]",47180,120787,N6,dismiss,-0.3,ts,1307,1
"[0.39999999999999997, -0.39999999999999997, -0.35933147632311974, -0.3006134969325153, -0.26666666666666666, 0.0, 0.0, 0.0, 1.0, 0.651960824166897, 1.0, 0.0, 0.0, 0.0, 0.0, 0.0, 0.0, 0.0]",155669,178949,N6,dismiss,-0.3,ts,568,1
"[0.25, -0.25, -0.3704423918327662, 0.16838487972508592, -0.6625, 0.0, 0.0, 0.0, 1.0, 0.5819091698134675, 1.0, 0.0, 0.0, 0.0, 0.0, 0.0, 0.0, 0.0]",29663,145532,N6,dismiss,-0.3,ts,2615,0
"[0.25, -0.25, 0.06112469437652812, 0.1686046511627907, 0.041666666666666664, 0.0, 0.0, 0.0, 1.0, 0.7616454566915106, 1.0, 0.0, 0.0, 0.0, 0.0, 0.0, 0.0, 0.0]",84869,116359,N6,dismiss,-0.3,ts,834,1
"[0.40540540540540543, -0.40540540540540543, -0.22755741127348642, 0.0, 0.0, 0.0, 0.0, 0.0, 1.0, 0.812573518830717, 1.0, 0.0, 0.0, 0.0, 0.0, 0.0, 0.0, 0.0]",63924,130294,N6,dismiss,-0.3,ts,1368,1
"[0.28571428571428564, -0.28571428571428564, -0.4991652754590985, -0.12737127371273713, -0.20289855072463772, 0.0, 0.0, 0.0, 1.0, 0.6409647173201884, 1.0, 0.0, 0.0, 0.0, 0.0, 0.0, 0.0, 0.0]",76847,43090,N6,dismiss,-0.3,ts,452,1
"[0.8530612244897959, -0.8530612244897959, -0.4003639672429481, 0.4482758620689655, 0.47619047619047616, 0.0, 0.0, 0.0, 1.0, 0.6729637351096623, 1.0, 0.0, 0.0, 0.0, 0.0, 0.0, 0.0, 0.0]",180522,170138,N6,accept,0.897142857142857,ts,2838,0
"[0.25, -0.25, 0.0, -0.008595988538681949, 0.13636363636363635, 0.0, 0.0, 0.0, 1.0, 0.8012276518471559, 1.0, 0.0, 0.0, 0.0, 0.0, 0.0, 0.0, 0.0]",43088,117045,N6,dismiss,-0.3,ts,2688,0
"[0.4235294117647059, -0.4235294117647059, 0.057401812688821705, 0.488, -0.03333333333333333, 0.0, 0.0, 0.0, 1.0, 0.7655783045055141, 1.0, 0.0, 0.0, 0.0, 0.0, 0.0, 0.0, 0.0]",61306,169065,N6,dismiss,-0.3,ts,1932,1
"[0.30000000000000004, -0.30000000000000004, -0.3508771929824562, -0.08, 0.059999999999999984, 0.0, 0.0, 0.0, 1.0, 0.7154773582189826, 1.0, 0.0, 0.0, 0.0, 0.0, 0.0, 0.0, 0.0]",110598,141822,N6,dismiss,-0.3,ts,916,0
"[0.25, -0.25, 0.0, 0.07453416149068323, 0.13636363636363635, 0.0, 0.0, 0.0, 1.0, 0.7830109453831142, 1.0, 0.0, 0.0, 0.0, 0.0, 0.0, 0.0, 0.0]",43090,117045,N6,dismiss,-0.3,ts,2186,0
"[0.3333333333333334, -0.3333333333333334, -0.37421777221526914, 0.2604166666666667, 0.10909090909090903, 0.0, 0.0, 0.0, 1.0, 0.6698512004658328, 1.0, 0.0, 0.0, 0.0, 0.0, 0.0, 0.0, 0.0]",139805,81542,N6,dismiss,-0.3,ts,2142,1
"[0.06666666666666672, -0.06666666666666672, -0.5788888888888889, -0.27386934673366836, -0.2727272727272727, 0.0, 0.0, 0.0, 1.0, 0.5114288508127258, 1.0, 0.0, 0.0, 0.0, 0.0, 0.0, 0.0, 0.0]",69112,105432,N6,dismiss,-0.3,ts,2501,1
"[0.11999999999999993, -0.11999999999999993, 0.09090909090909091, 0.05413105413105413, -0.03571428571428571, 0.0, 0.0, 0.0, 1.0, 0.7355390703478111, 1.0, 0.0, 0.0, 0.0, 0.0, 0.0, 0.0, 0.0]",151839,107308,N6,dismiss,-0.3,ts,2680,0
"[0.18831168831168835, -0.18831168831168835, 0.0, 0.15942028985507245, 0.18, 0.0, 0.0, 0.0, 1.0, 0.732496988669393, 1.0, 0.0, 0.0, 0.0, 0.0, 0.0, 0.0, 0.0]",151793,85224,N6,dismiss,-0.3,ts,2346,0
"[0.8, -0.8, 0.13333333333333333, 0.0, 0.0, 0.0, 0.0, 0.0, 1.0, 0.9115993194259686, 1.0, 0.0, 0.0, 0.0, 0.0, 0.0, 0.0, 0.0]",190833,51605,N6,dismiss,-0.3,ts,2180,0
"[0.20000000000000004, -0.20000000000000004, 0.13333333333333333, -0.75, -0.44000000000000006, 0.0, 0.0, 0.0, 1.0, 0.5717007815603291, 1.0, 0.0, 0.0, 0.0, 0.0, 0.0, 0.0, 0.0]",133969,18334,N6,dismiss,-0.3,ts,1652,0
"[0.4444444444444445, -0.4444444444444445, 0.07079646017699111, -0.703125, -0.58, 0.0, 0.0, 0.0, 1.0, 0.6530726482238095, 1.0, 0.0, 0.0, 0.0, 0.0, 0.0, 0.0, 0.0]",169352,132873,N6,dismiss,-0.3,ts,2496,0
"[0.09090909090909098, -0.09090909090909098, -0.4, -0.061224489795918366, 0.0, 0.0, 0.0, 0.0, 1.0, 0.6564596112153199, 1.0, 0.0, 0.0, 0.0, 0.0, 0.0, 0.0, 0.0]",162866,43089,N6,dismiss,-0.3,ts,1959,1
"[0.41176470588235287, -0.41176470588235287, -0.4265232974910394, 0.08, 0.12000000000000002, 0.0, 0.0, 0.0, 1.0, 0.7184106107941747, 1.0, 0.0, 0.0, 0.0, 0.0, 0.0, 0.0, 0.0]",88339,58615,N6,accept,0.588235294117647,ts,891,0
"[0.02500000000000002, -0.02500000000000002, 0.0, -0.12, -0.039999999999999994, 0.0, 0.0, 0.0, 1.0, 0.715832239057246, 1.0, 0.0, 0.0, 0.0, 0.0, 0.0, 0.0, 0.0]",18064,62503,N6,dismiss,-0.3,ts,1544,1
"[0.14, -0.14, -0.31562500000000004, 0.030303030303030304, 0.0, 0.0, 0.0, 0.0, 1.0, 0.6993060113850216, 1.0, 0.0, 0.0, 0.0, 0.0, 0.0, 0.0, 0.0]",130086,69993,N6,dismiss,-0.3,ts,2641,0
"[0.4, -0.4, -0.4222222222222222, -0.4868421052631579, 0.5625, 0.0, 0.0, 0.0, 1.0, 0.5755728232439214, 1.0, 0.0, 0.0, 0.0, 0.0, 0.0, 0.0, 0.0]",118876,183357,N6,dismiss,-0.3,ts,425,0
"[0.09090909090909098, -0.09090909090909098, -0.4600811907983762, -0.1462140992167102, -0.2769230769230769, 0.0, 0.0, 0.0, 1.0, 0.5617496096857657, 1.0, 0.0, 0.0, 0.0, 0.0, 0.0, 0.0, 0.0]",30022,82380,N6,dismiss,-0.3,ts,620,1
"[0.047619047619047596, -0.047619047619047596, -0.16684045881126172, 0.0, -0.02439024390243908, 0.0, 0.0, 0.0, 1.0, 0.7039418203838728, 1.0, 0.0, 0.0, 0.0, 0.0, 0.0, 0.0, 0.0]",154624,53366,N6,dismiss,-0.3,ts,2962,1
"[0.25, -0.25, 0.09090909090909091, -0.32456140350877194, -0.10500000000000007, 0.0, 0.0, 0.0, 1.0, 0.706303156982304, 1.0, 0.0, 0.0, 0.0, 0.0, 0.0, 0.0, 0.0]",123778,165914,N6,dismiss,-0.3,ts,934,0
"[0.41666666666666663, -0.41666666666666663, 0.0333889816360601, -0.02857142857142857, -0.015999999999999945, 0.0, 0.0, 0.0, 1.0, 0.8626753628631801, 1.0, 0.0, 0.0, 0.0, 0.0, 0.0, 0.0, 0.0]",19869,39280,N6,dismiss,-0.3,ts,498,1
"[0.11688311688311692, -0.11688311688311692, -0.44881101376720905, 0.1407766990291262, -0.48148148148148145, 0.0, 0.0, 0.0, 1.0, 0.5453506453957153, 1.0, 0.0, 0.0, 0.0, 0.0, 0.0, 0.0, 0.0]",138627,156584,N6,dismiss,-0.3,ts,1812,1
"[0.2, -0.2, -0.7007007007007007, 0.06, -0.5333333333333333, 0.0, 0.0, 0.0, 1.0, 0.5567396115796355, 1.0, 0.0, 0.0, 0.0, 0.0, 0.0, 0.0, 0.0]",47181,121068,N6,dismiss,-0.3,ts,1836,1
"[0.8529411764705882, -0.8529411764705882, 0.11532033426183846, 1.0, 0.17647058823529413, 0.0, 0.0, 0.0, 1.0, 0.7304947488631501, 1.0, 0.0, 0.0, 0.0, 0.0, 0.0, 0.0, 0.0]",110152,170191,N6,accept,0.8970588235294117,ts,835,1
"[0.1764705882352941, -0.1764705882352941, 0.0, 0.05045871559633028, 0.0, 0.0, 0.0, 0.0, 1.0, 0.8002741033846621, 1.0, 0.0, 0.0, 0.0, 0.0, 0.0, 0.0, 0.0]",173998,173997,N6,accept,0.4235294117647058,ts,2425,0
"[0.33333333333333337, -0.33333333333333337, -0.5833333333333334, 0.0, 0.0, 0.0, 0.0, 0.0, 1.0, 0.727809934097922, 1.0, 0.0, 0.0, 0.0, 0.0, 0.0, 0.0, 0.0]",112487,38636,N6,dismiss,-0.3,ts,2619,0
"[0.1666666666666667, -0.1666666666666667, 0.0, 0.3, 0.22000000000000003, 0.0, 0.0, 0.0, 1.0, 0.6901568741775026, 1.0, 0.0, 0.0, 0.0, 0.0, 0.0, 0.0, 0.0]",41286,61090,N6,dismiss,-0.3,ts,736,0
"[0.24242424242424238, -0.24242424242424238, -0.12539184952978058, 0.0, 0.05999999999999996, 0.0, 0.0, 0.0, 1.0, 0.7757794539884737, 1.0, 0.0, 0.0, 0.0, 0.0, 0.0, 0.0, 0.0]",182863,19612,N6,dismiss,-0.3,ts,566,1
"[0.44, -0.44, -0.3220035778175313, 0.09333333333333334, -0.5545454545454546, 0.0, 0.0, 0.0, 1.0, 0.6735644390777678, 1.0, 0.0, 0.0, 0.0, 0.0, 0.0, 0.0, 0.0]",16728,49086,N6,dismiss,-0.3,ts,886,1
"[0.14, -0.14, -0.12400000000000005, 0.05263157894736842, -0.1, 0.0, 0.0, 0.0, 1.0, 0.7156363704875062, 1.0, 0.0, 0.0, 0.0, 0.0, 0.0, 0.0, 0.0]",174942,69993,N6,dismiss,-0.3,ts,737,0
"[0.31034482758620696, -0.31034482758620696, -0.7581317764804003, -0.9132947976878613, -0.8941176470588235, 0.0, 0.0, 0.0, 1.0, 0.45178117677251567, 1.0, 0.0, 0.0, 0.0, 0.0, 0.0, 0.0, 0.0]",64502,70828,N6,accept,0.5172413793103449,ts,2078,1
"[0.2, -0.2, -0.16944444444444448, -0.32945736434108525, 1.0, 0.0, 0.0, 0.0, 1.0, 0.5616613228277293, 1.0, 0.0, 0.0, 0.0, 0.0, 0.0, 0.0, 0.0]",145578,158410,N6,dismiss,-0.3,ts,815,0
"[0.72, -0.72, 0.14583333333333334, 0.02, 0.06000000000000001, 0.0, 0.0, 0.0, 1.0, 0.8748597557133838, 1.0, 0.0, 0.0, 0.0, 0.0, 0.0, 0.0, 0.0]",135298,81568,N6,dismiss,-0.3,ts,1150,0
"[0.03240740740740754, -0.03240740740740754, -0.09090909090909091, 0.6775956284153005, 0.21999999999999992, 0.0, 0.0, 0.0, 1.0, 0.5641839558423116, 1.0, 0.0, 0.0, 0.0, 0.0, 0.0, 0.0, 0.0]",104492,69980,N6,dismiss,-0.3,ts,2113,1
"[0.05882352941176463, -0.05882352941176463, 0.0, 0.0, 0.0, 0.0, 0.0, 0.0, 1.0, 0.7720017551625592, 1.0, 0.0, 0.0, 0.0, 0.0, 0.0, 0.0, 0.0]",56819,152421,N6,dismiss,-0.3,ts,2039,1
"[0.7954545454545455, -0.7954545454545455, -0.41470994475138123, 0.13095238095238096, -0.23333333333333334, 0.0, 0.0, 0.0, 1.0, 0.7546522405081744, 1.0, 0.0, 0.0, 0.0, 0.0, 0.0, 0.0, 0.0]",135543,89765,N6,dismiss,-0.3,ts,713,0
"[0.5599999999999999, -0.5599999999999999, 0.0009099181073703173, 0.34532374100719426, 1.0, 0.0, 0.0, 0.0, 1.0, 0.709884034192077, 1.0, 0.0, 0.0, 0.0, 0.0, 0.0, 0.0, 0.0]",185410,89763,N6,dismiss,-0.3,ts,1659,1
"[0.19999999999999993, -0.19999999999999993, 0.0, -0.5102040816326531, 0.25999999999999995, 0.0, 0.0, 0.0, 1.0, 0.6660734035981001, 1.0, 0.0, 0.0, 0.0, 0.0, 0.0, 0.0, 0.0]",41169,41870,N3,accept,0.43999999999999995,ts,2172,1
"[0.5599999999999999, -0.5599999999999999, 0.07219442458899213, 0.46236559139784944, 1.0, 0.0, 0.0, 0.0, 1.0, 0.6604562608065969, 1.0, 0.0, 0.0, 0.0, 0.0, 0.0, 0.0, 0.0]",185581,89764,N6,dismiss,-0.3,ts,760,1
"[0.6136363636363636, -0.6136363636363636, -0.16666666666666666, -0.5637393767705382, -0.6714285714285715, 0.0, 0.0, 0.0, 1.0, 0.6625764568237918, 1.0, 0.0, 0.0, 0.0, 0.0, 0.0, 0.0, 0.0]",87720,142262,N6,dismiss,-0.3,ts,2639,1
"[0.33333333333333337, -0.33333333333333337, -0.2748368382886149, 0.0, 0.0, 0.0, 0.0, 0.0, 1.0, 0.7809569119829103, 1.0, 0.0, 0.0, 0.0, 0.0, 0.0, 0.0, 0.0]",141751,93860,N6,dismiss,-0.3,ts,410,0
"[0.75, -0.75, 0.07799999999999997, -0.11666666666666667, -0.18181818181818182, 0.0, 0.0, 0.0, 1.0, 0.8464921298349981, 1.0, 0.0, 0.0, 0.0, 0.0, 0.0, 0.0, 0.0]",69947,63919,N6,dismiss,-0.3,ts,1323,0
"[0.4, -0.4, -0.38916591115140525, 0.0, 0.0, 0.0, 0.0, 0.0, 1.0, 0.7760966621843771, 1.0, 0.0, 0.0, 0.0, 0.0, 0.0, 0.0, 0.0]",16660,147380,N6,dismiss,-0.3,ts,1162,1
"[0.19999999999999993, -0.19999999999999993, 0.0, 0.0, 0.0, 0.0, 0.0, 0.0, 1.0, 0.8228281531128978, 1.0, 0.0, 0.0, 0.0, 0.0, 0.0, 0.0, 0.0]",133283,82419,N6,dismiss,-0.3,ts,555,1
"[0.25000000000000006, -0.25000000000000006, 0.24608967674661097, -0.42924528301886794, 0.4117647058823529, 0.0, 0.0, 0.0, 1.0, 0.5912500777360127, 1.0, 0.0, 0.0, 0.0, 0.0, 0.0, 0.0, 0.0]",55882,86760,N6,dismiss,-0.3,ts,1966,1
"[0.14, -0.14, -0.323238566131026, 0.0, 0.0, 0.0, 0.0, 0.0, 1.0, 0.7065192485809642, 1.0, 0.0, 0.0, 0.0, 0.0, 0.0, 0.0, 0.0]",74215,69993,N6,dismiss,-0.3,ts,1860,0
"[0.2307692307692307, -0.2307692307692307, 0.06666666666666667, 0.0, 0.0, 0.0, 0.0, 0.0, 1.0, 0.8082747076223531, 1.0, 0.0, 0.0, 0.0, 0.0, 0.0, 0.0, 0.0]",131606,18616,N6,dismiss,-0.3,ts,1893,1
"[0.16666666666666663, -0.16666666666666663, -0.5250181290790428, 0.0, 0.0, 0.0, 0.0, 0.0, 1.0, 0.6812146778495171, 1.0, 0.0, 0.0, 0.0, 0.0, 0.0, 0.0, 0.0]",141748,63863,N6,dismiss,-0.3,ts,418,1
"[0.3, -0.3, -0.003994008986520312, -0.18666666666666668, 0.11764705882352941, 0.0, 0.0, 0.0, 1.0, 0.7756996234552015, 1.0, 0.0, 0.0, 0.0, 0.0, 0.0, 0.0, 0.0]",107861,185563,N3,accept,0.51,ts,2254,1
"[0.5151515151515151, -0.5151515151515151, -0.060150375939849676, 0.1076923076923077, -0.07142857142857142, 0.0, 0.0, 0.0, 1.0, 0.8404252540200962, 1.0, 0.0, 0.0, 0.0, 0.0, 0.0, 0.0, 0.0]",90175,90182,N6,dismiss,-0.3,ts,2181,0
"[0.33333333333333337, -0.33333333333333337, -0.04368673415023976, 0.4751131221719457, 0.25, 0.0, 0.0, 0.0, 1.0, 0.6977738805226098, 1.0, 0.0, 0.0, 0.0, 0.0, 0.0, 0.0, 0.0]",104466,155669,N3,accept,0.5333333333333333,ts,2114,1
"[0.47058823529411764, -0.47058823529411764, 0.0, 0.0, 0.0, 0.0, 0.0, 0.0, 1.0, 0.902022067439656, 1.0, 0.0, 0.0, 0.0, 0.0, 0.0, 0.0, 0.0]",107697,51138,N6,accept,0.6294117647058823,ts,2634,1
"[0.09999999999999996, -0.09999999999999996, 0.0, -0.1005586592178771, 0.0, 0.0, 0.0, 0.0, 1.0, 0.7598937305521247, 1.0, 0.0, 0.0, 0.0, 0.0, 0.0, 0.0, 0.0]",127521,108202,N6,dismiss,-0.3,ts,1103,0
"[0.16666666666666666, -0.16666666666666666, -0.6389645776566758, 0.0641025641025641, -0.47058823529411764, 0.0, 0.0, 0.0, 1.0, 0.5574286181707274, 1.0, 0.0, 0.0, 0.0, 0.0, 0.0, 0.0, 0.0]",146728,41685,N6,accept,0.41666666666666663,ts,718,1
"[0.09999999999999996, -0.09999999999999996, -0.2505, -0.3416666666666667, -0.44000000000000006, 0.0, 0.0, 0.0, 1.0, 0.5463632436722876, 1.0, 0.0, 0.0, 0.0, 0.0, 0.0, 0.0, 0.0]",18598,155616,N1,dismiss,-0.3,ts,2744,1
"[0.25, -0.25, -0.022753128555176336, 0.8733333333333333, -0.17647058823529413, 0.0, 0.0, 0.0, 1.0, 0.6622379762089057, 1.0, 0.0, 0.0, 0.0, 0.0, 0.0, 0.0, 0.0]",169345,21089,N6,accept,0.475,ts,1042,1
"[0.0555555555555556, -0.0555555555555556, -0.05649999999999995, -0.3541666666666667, -0.13999999999999999, 0.0, 0.0, 0.0, 1.0, 0.6366525780012734, 1.0, 0.0, 0.0, 0.0, 0.0, 0.0, 0.0, 0.0]",155816,79359,N6,dismiss,-0.3,ts,1109,0
"[0.5888888888888888, -0.5888888888888888, -0.20431893687707647, 1.0, 1.0, 0.0, 0.0, 0.0, 1.0, 0.560487403152656, 1.0, 0.0, 0.0, 0.0, 0.0, 0.0, 0.0, 0.0]",147349,63924,N3,accept,0.7122222222222221,ts,1402,1
"[0.4444444444444445, -0.4444444444444445, 0.07079646017699111, -0.703125, -0.58, 0.0, 0.0, 0.0, 1.0, 0.6530726482238095, 1.0, 0.0, 0.0, 0.0, 0.0, 0.0, 0.0, 0.0]",169352,132873,N6,dismiss,-0.3,ts,1561,0
"[0.24242424242424238, -0.24242424242424238, -0.158311345646438, -0.4634146341463415, -0.15999999999999998, 0.0, 0.0, 0.0, 1.0, 0.6511177391618957, 1.0, 0.0, 0.0, 0.0, 0.0, 0.0, 0.0, 0.0]",110035,19600,N6,dismiss,-0.3,ts,2058,0
"[0.20000000000000007, -0.20000000000000007, 0.09090909090909091, -0.008547008547008548, -0.14285714285714285, 0.0, 0.0, 0.0, 1.0, 0.7497580191893745, 1.0, 0.0, 0.0, 0.0, 0.0, 0.0, 0.0, 0.0]",70000,31966,N3,accept,0.44000000000000006,ts,1195,1
"[0.02500000000000002, -0.02500000000000002, -0.49874686716791977, -0.08, -0.039999999999999994, 0.0, 0.0, 0.0, 1.0, 0.5994201484706434, 1.0, 0.0, 0.0, 0.0, 0.0, 0.0, 0.0, 0.0]",85228,62540,N6,dismiss,-0.3,ts,561,1
"[0.3333333333333333, -0.3333333333333333, -0.48406676783004554, -0.44761904761904764, -0.6129032258064516, 0.0, 0.0, 0.0, 1.0, 0.546792220645576, 1.0, 0.0, 0.0, 0.0, 0.0, 0.0, 0.0, 0.0]",170138,175100,N6,dismiss,-0.3,ts,604,0
"[0.5636363636363637, -0.5636363636363637, 0.23355263157894735, 0.12753623188405797, 1.0, 0.0, 0.0, 0.0, 1.0, 0.6840640041636011, 1.0, 0.0, 0.0, 0.0, 0.0, 0.0, 0.0, 0.0]",123021,107588,N6,dismiss,-0.3,ts,1406,0
"[0.3636363636363637, -0.3636363636363637, 0.0, 0.0, 0.0, 0.0, 0.0, 0.0, 1.0, 0.8742764353476687, 1.0, 0.0, 0.0, 0.0, 0.0, 0.0, 0.0, 0.0]",123548,123174,N6,accept,0.5545454545454546,ts,2824,0
"[0.5798319327731092, -0.5798319327731092, 0.0, -0.3015267175572519, 0.28, 0.0, 0.0, 0.0, 1.0, 0.7930636298360115, 1.0, 0.0, 0.0, 0.0, 0.0, 0.0, 0.0, 0.0]",104682,104681,N6,dismiss,-0.3,ts,2119,1
"[0.2380952380952381, -0.2380952380952381, -0.31282586027111575, 0.007246376811594203, 0.0, 0.0, 0.0, 0.0, 1.0, 0.7404980311243222, 1.0, 0.0, 0.0, 0.0, 0.0, 0.0, 0.0, 0.0]",154624,19865,N6,accept,0.4666666666666667,ts,1090,1
"[0.44, -0.44, -0.3220035778175313, 0.09333333333333334, -0.5545454545454546, 0.0, 0.0, 0.0, 1.0, 0.6735644390777678, 1.0, 0.0, 0.0, 0.0, 0.0, 0.0, 0.0, 0.0]",16728,49086,N1,dismiss,-0.3,ts,1492,1
"[0.8380952380952381, -0.8380952380952381, -0.64, -0.8210526315789474, -0.38, 0.0, 0.0, 0.0, 1.0, 0.6173618646742403, 1.0, 0.0, 0.0, 0.0, 0.0, 0.0, 0.0, 0.0]",122720,66862,N6,dismiss,-0.3,ts,1089,0
"[0.09090909090909098, -0.09090909090909098, 0.0, 0.005763688760806916, -0.08333333333333333, 0.0, 0.0, 0.0, 1.0, 0.7591342417229922, 1.0, 0.0, 0.0, 0.0, 0.0, 0.0, 0.0, 0.0]",43107,43088,N6,dismiss,-0.3,ts,1773,1
"[0.3333333333333333, -0.3333333333333333, 0.23745819397993317, -0.22, 0.058823529411764705, 0.0, 0.0, 0.0, 1.0, 0.7198736284313243, 1.0, 0.0, 0.0, 0.0, 0.0, 0.0, 0.0, 0.0]",89664,115299,N6,dismiss,-0.3,ts,2745,0
"[0.5, -0.5, 0.14336917562724016, 0.3761467889908257, -0.5199999999999999, 0.0, 0.0, 0.0, 1.0, 0.6826397230933525, 1.0, 0.0, 0.0, 0.0, 0.0, 0.0, 0.0, 0.0]",19612,19597,N6,dismiss,-0.3,ts,1914,1
"[0.5636363636363637, -0.5636363636363637, -0.22954545454545458, -0.011396011396011397, 0.5714285714285714, 0.0, 0.0, 0.0, 1.0, 0.7429992451003153, 1.0, 0.0, 0.0, 0.0, 0.0, 0.0, 0.0, 0.0]",151838,108828,N6,accept,0.6945454545454546,ts,1540,0
"[0.25, -0.25, 0.15830115830115837, 0.02976190476190476, 0.13636363636363635, 0.0, 0.0, 0.0, 1.0, 0.7408404640993043, 1.0, 0.0, 0.0, 0.0, 0.0, 0.0, 0.0, 0.0]",106979,117045,N3,accept,0.475,ts,533,1
"[0.5535714285714286, -0.5535714285714286, 0.15414258188824664, 0.0, 0.0, 0.0, 0.0, 0.0, 1.0, 0.8671080873886962, 1.0, 0.0, 0.0, 0.0, 0.0, 0.0, 0.0, 0.0]",16734,16729,N6,dismiss,-0.3,ts,718,1
"[0.7415384615384616, -0.7415384615384616, -0.3877221324717286, 0.0030581039755351682, -0.5916666666666667, 0.0, 0.0, 0.0, 1.0, 0.7383427789570002, 1.0, 0.0, 0.0, 0.0, 0.0, 0.0, 0.0, 0.0]",63891,49086,N6,dismiss,-0.3,ts,1602,0
"[0.076923076923077, -0.076923076923077, 0.0, 0.0, 0.0, 0.0, 0.0, 0.0, 1.0, 0.7787188164556538, 1.0, 0.0, 0.0, 0.0, 0.0, 0.0, 0.0, 0.0]",93861,174758,N6,dismiss,-0.3,ts,1269,0
"[0.3636363636363637, -0.3636363636363637, 0.14285714285714285, 0.028169014084507043, 0.36363636363636365, 0.0, 0.0, 0.0, 1.0, 0.7388385917974343, 1.0, 0.0, 0.0, 0.0, 0.0, 0.0, 0.0, 0.0]",123011,123174,N6,dismiss,-0.3,ts,2248,0
"[0.8705882352941177, -0.8705882352941177, -0.0009990009990009777, 1.0, -0.6666666666666666, 0.0, 0.0, 0.0, 1.0, 0.7123563777849677, 1.0, 0.0, 0.0, 0.0, 0.0, 0.0, 0.0, 0.0]",170190,169349,N1,dismiss,-0.3,ts,2499,1
"[0.23076923076923075, -0.23076923076923075, -0.8652232746955345, 0.4540540540540541, 0.33999999999999997, 0.0, 0.0, 0.0, 1.0, 0.5051666165239942, 1.0, 0.0, 0.0, 0.0, 0.0, 0.0, 0.0, 0.0]",175208,117003,N6,dismiss,-0.3,ts,1000,1
"[0.8944444444444444, -0.8944444444444444, 0.0, -0.02, 0.0, 0.0, 0.0, 0.0, 1.0, 0.962136410518863, 1.0, 0.0, 0.0, 0.0, 0.0, 0.0, 0.0, 0.0]",89731,83441,N6,dismiss,-0.3,ts,422,0
"[0.24999999999999992, -0.24999999999999992, 0.0, -0.4067796610169492, 0.3333333333333333, 0.0, 0.0, 0.0, 1.0, 0.6830935405928722, 1.0, 0.0, 0.0, 0.0, 0.0, 0.0, 0.0, 0.0]",185391,56248,N3,accept,0.4749999999999999,ts,1308,1
"[0.25, -0.25, 0.0, 0.07453416149068323, 0.13636363636363635, 0.0, 0.0, 0.0, 1.0, 0.7830109453831142, 1.0, 0.0, 0.0, 0.0, 0.0, 0.0, 0.0, 0.0]",43089,117045,N6,dismiss,-0.3,ts,2561,0
"[0.2, -0.2, -0.425, -0.1678832116788321, -0.26666666666666666, 0.0, 0.0, 0.0, 1.0, 0.603526579115756, 1.0, 0.0, 0.0, 0.0, 0.0, 0.0, 0.0, 0.0]",115289,178949,N6,accept,0.43999999999999995,ts,1434,0
"[0.583011583011583, -0.583011583011583, -0.5876288659793815, -0.05421686746987952, -0.391304347826087, 0.0, 0.0, 0.0, 1.0, 0.6908308980646058, 1.0, 0.0, 0.0, 0.0, 0.0, 0.0, 0.0, 0.0]",61096,145523,N6,dismiss,-0.3,ts,1514,1
"[0.8571428571428572, -0.8571428571428572, 0.0, -0.23809523809523808, -0.5810810810810811, 0.0, 0.0, 0.0, 1.0, 0.8045931298411383, 1.0, 0.0, 0.0, 0.0, 0.0, 0.0, 0.0, 0.0]",91071,91074,N6,dismiss,-0.3,ts,886,1
"[0.5, -0.5, 0.23302358827734093, 0.014336917562724014, -0.030927835051546285, 0.0, 0.0, 0.0, 1.0, 0.821045560497703, 1.0, 0.0, 0.0, 0.0, 0.0, 0.0, 0.0, 0.0]",185581,185510,N6,dismiss,-0.3,ts,2038,1
"[0.1666666666666667, -0.1666666666666667, -0.7180327868852459, 0.005714285714285714, 0.03999999999999997, 0.0, 0.0, 0.0, 1.0, 0.6455649444844354, 1.0, 0.0, 0.0, 0.0, 0.0, 0.0, 0.0, 0.0]",15687,105899,N6,dismiss,-0.3,ts,1345,1
"[0.7714285714285714, -0.7714285714285714, -0.594927536231884, -0.34951456310679613, -0.6916666666666668, 0.0, 0.0, 0.0, 1.0, 0.6280510660329364, 1.0, 0.0, 0.0, 0.0, 0.0, 0.0, 0.0, 0.0]",54732,54927,N6,dismiss,-0.3,ts,2298,1
"[0.2313725490196078, -0.2313725490196078, 0.2053511705685619, 0.1791044776119403, 0.07142857142857142, 0.0, 0.0, 0.0, 1.0, 0.7009487437368673, 1.0, 0.0, 0.0, 0.0, 0.0, 0.0, 0.0, 0.0]",121055,155693,N6,accept,0.46196078431372545,ts,2781,1
"[0.2307692307692307, -0.2307692307692307, 0.0, -0.48333333333333334, -0.38, 0.0, 0.0, 0.0, 1.0, 0.6604423213536388, 1.0, 0.0, 0.0, 0.0, 0.0, 0.0, 0.0, 0.0]",131606,41650,N1,accept,0.46153846153846145,ts,2515,1
"[0.41176470588235287, -0.41176470588235287, -0.4265232974910394, 0.08, 0.12000000000000002, 0.0, 0.0, 0.0, 1.0, 0.7184106107941747, 1.0, 0.0, 0.0, 0.0, 0.0, 0.0, 0.0, 0.0]",88339,58615,N6,dismiss,-0.3,ts,2626,0
"[0.25, -0.25, 0.09090909090909091, 0.1, 0.49166666666666653, 0.0, 0.0, 0.0, 1.0, 0.6852588678547423, 1.0, 0.0, 0.0, 0.0, 0.0, 0.0, 0.0, 0.0]",110001,165914,N6,dismiss,-0.3,ts,2612,0
"[0.5, -0.5, -0.3, 0.0, 0.0, 0.0, 0.0, 0.0, 1.0, 0.8185495653156272, 1.0, 0.0, 0.0, 0.0, 0.0, 0.0, 0.0, 0.0]",38636,18374,N6,dismiss,-0.3,ts,1971,0
"[0.28571428571428575, -0.28571428571428575, 0.23592419664927214, 0.4583333333333333, -0.1, 0.0, 0.0, 0.0, 1.0, 0.658588363112707, 1.0, 0.0, 0.0, 0.0, 0.0, 0.0, 0.0, 0.0]",139086,127333,N6,dismiss,-0.3,ts,446,0
"[0.928, -0.928, 0.20008587376556464, 0.0, 0.0, 0.0, 0.0, 0.0, 1.0, 0.9049435187317112, 1.0, 0.0, 0.0, 0.0, 0.0, 0.0, 0.0, 0.0]",141777,16731,N6,accept,0.9496,ts,1148,0
"[0.5636363636363637, -0.5636363636363637, -0.16666666666666666, -0.0113314447592068, 0.42857142857142855, 0.0, 0.0, 0.0, 1.0, 0.7757728250593904, 1.0, 0.0, 0.0, 0.0, 0.0, 0.0, 0.0, 0.0]",87721,107563,N1,dismiss,-0.3,ts,2218,1
"[0.2432432432432433, -0.2432432432432433, 0.20876826722338204, -0.05956112852664577, -0.21428571428571427, 0.0, 0.0, 0.0, 1.0, 0.6999772145110154, 1.0, 0.0, 0.0, 0.0, 0.0, 0.0, 0.0, 0.0]",63924,16725,N6,dismiss,-0.3,ts,1323,1
"[0.25, -0.25, -0.316628701594533, 0.02976190476190476, 0.20192307692307687, 0.0, 0.0, 0.0, 1.0, 0.6872552925450732, 1.0, 0.0, 0.0, 0.0, 0.0, 0.0, 0.0, 0.0]",117146,117045,N1,dismiss,-0.3,ts,421,1
"[0.27999999999999997, -0.27999999999999997, 0.22005571030640667, -0.2636363636363636, 0.31999999999999995, 0.0, 0.0, 0.0, 1.0, 0.6456512718839392, 1.0, 0.0, 0.0, 0.0, 0.0, 0.0, 0.0, 0.0]",84107,19598,N6,dismiss,-0.3,ts,712,0
"[0.7066666666666667, -0.7066666666666667, -0.15685403243723606, -0.45054945054945056, -0.043478260869565216, 0.0, 0.0, 0.0, 1.0, 0.790988441045057, 1.0, 0.0, 0.0, 0.0, 0.0, 0.0, 0.0, 0.0]",120796,85794,N6,dismiss,-0.3,ts,2979,1
"[0.35714285714285715, -0.35714285714285715, -0.7011686143572621, 0.19161676646706588, 0.18, 0.0, 0.0, 0.0, 1.0, 0.6285380072509015, 1.0, 0.0, 0.0, 0.0, 0.0, 0.0, 0.0, 0.0]",44189,130323,N6,accept,0.55,ts,1378,1
"[0.1200000000000001, -0.1200000000000001, 0.1455847255369929, -0.054878048780487805, -0.8250000000000001, 0.0, 0.0, 0.0, 1.0, 0.6072134063167107, 1.0, 0.0, 0.0, 0.0, 0.0, 0.0, 0.0, 0.0]",57551,59423,N1,accept,0.38400000000000006,ts,2952,1
"[0.20000000000000007, -0.20000000000000007, 0.09090909090909091, -0.008547008547008548, -0.14285714285714285, 0.0, 0.0, 0.0, 1.0, 0.7497580191893745, 1.0, 0.0, 0.0, 0.0, 0.0, 0.0, 0.0, 0.0]",70000,31966,N6,accept,0.44000000000000006,ts,2298,1
"[0.5636363636363637, -0.5636363636363637, -0.16666666666666666, -0.0169971671388102, 0.5714285714285714, 0.0, 0.0, 0.0, 1.0, 0.7583006312428955, 1.0, 0.0, 0.0, 0.0, 0.0, 0.0, 0.0, 0.0]",87720,107659,N3,accept,0.6945454545454546,ts,1609,1
"[0.25000000000000006, -0.25000000000000006, 0.17647058823529413, -0.1, 0.019999999999999973, 0.0, 0.0, 0.0, 1.0, 0.7470410829548414, 1.0, 0.0, 0.0, 0.0, 0.0, 0.0, 0.0, 0.0]",18279,37985,N1,dismiss,-0.3,ts,2981,0
"[0.06666666666666672, -0.06666666666666672, 0.0, 0.13541666666666666, 0.09090909090909091, 0.0, 0.0, 0.0, 1.0, 0.7143914778295586, 1.0, 0.0, 0.0, 0.0, 0.0, 0.0, 0.0, 0.0]",139805,115245,N1,accept,0.3466666666666667,ts,1570,0
"[0.14285714285714288, -0.14285714285714288, -0.1938610662358643, 0.0, 0.0, 0.0, 0.0, 0.0, 1.0, 0.7384864192538396, 1.0, 0.0, 0.0, 0.0, 0.0, 0.0, 0.0, 0.0]",39280,81422,N6,dismiss,-0.3,ts,770,1
"[0.29999999999999993, -0.29999999999999993, 0.24505928853754932, 0.1377245508982036, -0.05, 0.0, 0.0, 0.0, 1.0, 0.7275957762182046, 1.0, 0.0, 0.0, 0.0, 0.0, 0.0, 0.0, 0.0]",81498,180524,N3,accept,0.5099999999999999,ts,2464,1
"[0.2, -0.2, 0.21706864564007414, 0.6601941747572816, 0.5490196078431374, 0.0, 0.0, 0.0, 1.0, 0.5424762137879036, 1.0, 0.0, 0.0, 0.0, 0.0, 0.0, 0.0, 0.0]",117087,15178,N6,dismiss,-0.3,ts,2452,1
"[0.2045454545454546, -0.2045454545454546, -0.24931506849315063, -0.019553072625698324, 1.0, 0.0, 0.0, 0.0, 1.0, 0.605028229497204, 1.0, 0.0, 0.0, 0.0, 0.0, 0.0, 0.0, 0.0]",93936,74278,N3,accept,0.44318181818181823,ts,2636,1
"[0.16666666666666666, -0.16666666666666666, -0.17958067456700097, -0.14285714285714285, -0.5916666666666667, 0.0, 0.0, 0.0, 1.0, 0.6095420224333973, 1.0, 0.0, 0.0, 0.0, 0.0, 0.0, 0.0, 0.0]",116369,145578,N1,dismiss,-0.3,ts,2639,1
"[0.4805194805194805, -0.4805194805194805, -0.18181818181818182, -0.26, -0.019999999999999973, 0.0, 0.0, 0.0, 1.0, 0.776673218266372, 1.0, 0.0, 0.0, 0.0, 0.0, 0.0, 0.0, 0.0]",122718,30621,N1,dismiss,-0.3,ts,1218,1
"[0.19999999999999993, -0.19999999999999993, 0.041666666666666664, 0.0, 0.0, 0.0, 0.0, 0.0, 1.0, 0.8068370360387624, 1.0, 0.0, 0.0, 0.0, 0.0, 0.0, 0.0, 0.0]",18185,82489,N1,dismiss,-0.3,ts,1915,0
"[0.8417582417582418, -0.8417582417582418, -0.3337306317044101, -0.37962962962962965, -0.6476190476190476, 0.0, 0.0, 0.0, 1.0, 0.6768261027426546, 1.0, 0.0, 0.0, 0.0, 0.0, 0.0, 0.0, 0.0]",78130,54927,N1,dismiss,-0.3,ts,2064,1
"[0.06086956521739117, -0.06086956521739117, 0.1509433962264151, -0.002849002849002849, 0.07142857142857142, 0.0, 0.0, 0.0, 1.0, 0.6998266361785278, 1.0, 0.0, 0.0, 0.0, 0.0, 0.0, 0.0, 0.0]",39517,15687,N1,dismiss,-0.3,ts,2541,0
"[0.1666666666666667, -0.1666666666666667, 0.0, 1.0, 1.0, 0.0, 0.0, 0.0, 1.0, 0.5151700224508992, 1.0, 0.0, 0.0, 0.0, 0.0, 0.0, 0.0, 0.0]",37985,126074,N3,accept,0.4166666666666667,ts,1742,1
"[0.5555555555555556, -0.5555555555555556, -0.33913913913913923, -0.3275862068965517, 0.09523809523809523, 0.0, 0.0, 0.0, 1.0, 0.7239511393360022, 1.0, 0.0, 0.0, 0.0, 0.0, 0.0, 0.0, 0.0]",47180,120787,N1,dismiss,-0.3,ts,1842,1
"[0.11999999999999993, -0.11999999999999993, -0.09090909090909091, 0.008547008547008548, -0.07142857142857142, 0.0, 0.0, 0.0, 1.0, 0.7387601741070436, 1.0, 0.0, 0.0, 0.0, 0.0, 0.0, 0.0, 0.0]",70001,108842,N1,dismiss,-0.3,ts,428,1
"[0.5945945945945946, -0.5945945945945946, 0.03710575139146568, -0.14040114613180515, -0.26666666666666666, 0.0, 0.0, 0.0, 1.0, 0.8150503653023362, 1.0, 0.0, 0.0, 0.0, 0.0, 0.0, 0.0, 0.0]",63922,16728,N1,dismiss,-0.3,ts,943,1
"[0.7058823529411765, -0.7058823529411765, -0.04595404595404586, 0.84, -0.4444444444444444, 0.0, 0.0, 0.0, 1.0, 0.7183640289709969, 1.0, 0.0, 0.0, 0.0, 0.0, 0.0, 0.0, 0.0]",170190,146668,N1,dismiss,-0.3,ts,2804,1
"[0.52, -0.52, -0.16666666666666666, 0.034574468085106384, 0.7142857142857143, 0.0, 0.0, 0.0, 1.0, 0.7324087467207093, 1.0, 0.0, 0.0, 0.0, 0.0, 0.0, 0.0, 0.0]",151841,107588,N1,accept,0.6639999999999999,ts,1947,1
"[0.4545454545454546, -0.4545454545454546, -0.014388489208633, 0.03254437869822485, 0.6666666666666666, 0.0, 0.0, 0.0, 1.0, 0.7725888753691011, 1.0, 0.0, 0.0, 0.0, 0.0, 0.0, 0.0, 0.0]",108746,108839,N1,accept,0.6181818181818182,ts,2914,1
"[0.8482142857142858, -0.8482142857142858, -0.42857142857142855, 0.0, 0.0, 0.0, 0.0, 0.0, 1.0, 0.8484809649435068, 1.0, 0.0, 0.0, 0.0, 0.0, 0.0, 0.0, 0.0]",164512,75387,N1,dismiss,-0.3,ts,1656,1
"[0.18831168831168835, -0.18831168831168835, 0.0, 0.15942028985507245, 0.18, 0.0, 0.0, 0.0, 1.0, 0.732496988669393, 1.0, 0.0, 0.0, 0.0, 0.0, 0.0, 0.0, 0.0]",151793,85224,N1,dismiss,-0.3,ts,2517,0
"[0.19999999999999996, -0.19999999999999996, -0.20040080160320642, 0.0, 0.0, 0.0, 0.0, 0.0, 1.0, 0.7567847392414749, 1.0, 0.0, 0.0, 0.0, 0.0, 0.0, 0.0, 0.0]",130669,30619,N1,dismiss,-0.3,ts,1048,0
"[0.8705882352941177, -0.8705882352941177, 0.002506265664160437, 1.0, -0.2, 0.0, 0.0, 0.0, 1.0, 0.7853971569635171, 1.0, 0.0, 0.0, 0.0, 0.0, 0.0, 0.0, 0.0]",58951,169349,N3,accept,0.9094117647058824,ts,2178,1
"[0.10999999999999997, -0.10999999999999997, -0.06666666666666667, 0.0, -0.2, 0.0, 0.0, 0.0, 1.0, 0.7164623591348536, 1.0, 0.0, 0.0, 0.0, 0.0, 0.0, 0.0, 0.0]",41650,79360,N1,dismiss,-0.3,ts,1031,1
"[0.06666666666666672, -0.06666666666666672, -0.38461538461538464, -0.1, 0.12000000000000002, 0.0, 0.0, 0.0, 1.0, 0.6083946646241543, 1.0, 0.0, 0.0, 0.0, 0.0, 0.0, 0.0, 0.0]",57043,135467,N1,dismiss,-0.3,ts,2826,1
"[0.09999999999999996, -0.09999999999999996, 0.0, -0.1005586592178771, 0.0, 0.0, 0.0, 0.0, 1.0, 0.7598937305521247, 1.0, 0.0, 0.0, 0.0, 0.0, 0.0, 0.0, 0.0]",127521,108202,N1,dismiss,-0.3,ts,735,0
"[0.6, -0.6, 0.19662594531704472, 0.3348623853211009, 0.4117647058823529, 0.0, 0.0, 0.0, 1.0, 0.7066556192934125, 1.0, 0.0, 0.0, 0.0, 0.0, 0.0, 0.0, 0.0]",81396,29663,N1,dismiss,-0.3,ts,2113,1
"[0.6136363636363636, -0.6136363636363636, -0.24849699398797598, 0.0547945205479452, 0.0, 0.0, 0.0, 0.0, 1.0, 0.8376297768120005, 1.0, 0.0, 0.0, 0.0, 0.0, 0.0, 0.0, 0.0]",169305,142262,N1,dismiss,-0.3,ts,1270,1
"[0.24242424242424238, -0.24242424242424238, -0.06269592476489029, 1.0, -0.18, 0.0, 0.0, 0.0, 1.0, 0.6201236228830029, 1.0, 0.0, 0.0, 0.0, 0.0, 0.0, 0.0, 0.0]",182863,132804,N1,dismiss,-0.3,ts,1748,1
"[0.72, -0.72, 0.003335186214563773, 0.14666666666666667, 1.0, 0.0, 0.0, 0.0, 1.0, 0.7645216026691897, 1.0, 0.0, 0.0, 0.0, 0.0, 0.0, 0.0, 0.0]",183166,123439,N1,dismiss,-0.3,ts,645,1
"[0.1666666666666667, -0.1666666666666667, -0.7180327868852459, 0.005714285714285714, 0.03999999999999997, 0.0, 0.0, 0.0, 1.0, 0.6455649444844354, 1.0, 0.0, 0.0, 0.0, 0.0, 0.0, 0.0, 0.0]",15687,105899,N1,accept,0.4166666666666667,ts,651,0
"[0.0555555555555556, -0.0555555555555556, -0.16666666666666666, 0.01764705882352941, 0.0, 0.0, 0.0, 0.0, 1.0, 0.7088897221869671, 1.0, 0.0, 0.0, 0.0, 0.0, 0.0, 0.0, 0.0]",123852,107052,N1,dismiss,-0.3,ts,2823,1
"[0.15000000000000013, -0.15000000000000013, -0.2657894736842106, -0.2, 0.09999999999999995, 0.0, 0.0, 0.0, 1.0, 0.6462125021901608, 1.0, 0.0, 0.0, 0.0, 0.0, 0.0, 0.0, 0.0]",38124,88339,N1,dismiss,-0.3,ts,805,0
"[0.3636363636363637, -0.3636363636363637, 0.0, 0.0, 0.0, 0.0, 0.0, 0.0, 1.0, 0.8742764353476687, 1.0, 0.0, 0.0, 0.0, 0.0, 0.0, 0.0, 0.0]",123054,123174,N1,dismiss,-0.3,ts,875,0
"[0.7066666666666667, -0.7066666666666667, -0.2630526549655631, -0.13186813186813187, 0.08695652173913043, 0.0, 0.0, 0.0, 1.0, 0.80587825131621, 1.0, 0.0, 0.0, 0.0, 0.0, 0.0, 0.0, 0.0]",120796,117335,N1,dismiss,-0.3,ts,726,1
"[0.3913043478260869, -0.3913043478260869, 0.20678513731825532, -0.08333333333333333, 0.0, 0.0, 0.0, 0.0, 1.0, 0.7911550651055083, 1.0, 0.0, 0.0, 0.0, 0.0, 0.0, 0.0, 0.0]",89552,20077,N1,dismiss,-0.3,ts,855,0
"[0.4583333333333333, -0.4583333333333333, -0.3461377870563674, 0.02, 0.07999999999999999, 0.0, 0.0, 0.0, 1.0, 0.7711205717282401, 1.0, 0.0, 0.0, 0.0, 0.0, 0.0, 0.0, 0.0]",141805,123325,N1,accept,0.6208333333333333,ts,1563,1
"[0.75, -0.75, -0.13377926421404682, -0.13924050632911392, -0.6759999999999999, 0.0, 0.0, 0.0, 1.0, 0.7577226163909189, 1.0, 0.0, 0.0, 0.0, 0.0, 0.0, 0.0, 0.0]",121907,145532,N1,dismiss,-0.3,ts,737,0
"[0.65, -0.65, 0.07707129094412332, 0.0, 0.0, 0.0, 0.0, 0.0, 1.0, 0.9091532805586005, 1.0, 0.0, 0.0, 0.0, 0.0, 0.0, 0.0, 0.0]",16722,16731,N1,dismiss,-0.3,ts,2083,0
"[0.5636363636363637, -0.5636363636363637, -0.5024875621890547, 0.10826210826210826, 0.7142857142857143, 0.0, 0.0, 0.0, 1.0, 0.6521271968706209, 1.0, 0.0, 0.0, 0.0, 0.0, 0.0, 0.0, 0.0]",15531,107588,N6,dismiss,-0.3,ts,2065,1
"[0.5, -0.5, -0.3, 0.0, 0.0, 0.0, 0.0, 0.0, 1.0, 0.8185495653156272, 1.0, 0.0, 0.0, 0.0, 0.0, 0.0, 0.0, 0.0]",38636,18374,N1,dismiss,-0.3,ts,1691,0
"[0.11111111111111106, -0.11111111111111106, 0.21052631578947367, 0.22440944881889763, 0.86, 0.0, 0.0, 0.0, 1.0, 0.5451733916109797, 1.0, 0.0, 0.0, 0.0, 0.0, 0.0, 0.0, 0.0]",54392,91068,N1,accept,0.3777777777777777,ts,1536,1
"[0.2307692307692307, -0.2307692307692307, -0.2222222222222222, 1.0, 0.44000000000000006, 0.0, 0.0, 0.0, 1.0, 0.5277921166190855, 1.0, 0.0, 0.0, 0.0, 0.0, 0.0, 0.0, 0.0]",79461,39150,N1,accept,0.46153846153846145,ts,1272,1
"[0.02631578947368412, -0.02631578947368412, -0.43, 0.019867549668874173, 0.0285714285714286, 0.0, 0.0, 0.0, 1.0, 0.6303211836867184, 1.0, 0.0, 0.0, 0.0, 0.0, 0.0, 0.0, 0.0]",41398,15200,N1,dismiss,-0.3,ts,1592,0
"[0.0555555555555556, -0.0555555555555556, 0.0, -0.42290748898678415, 0.13636363636363635, 0.0, 0.0, 0.0, 1.0, 0.6493614127689797, 1.0, 0.0, 0.0, 0.0, 0.0, 0.0, 0.0, 0.0]",169062,104682,N1,dismiss,-0.3,ts,1719,1
"[0.14, -0.14, -0.02666666666666673, 0.0625, -0.1, 0.0, 0.0, 0.0, 1.0, 0.7465385609804288, 1.0, 0.0, 0.0, 0.0, 0.0, 0.0, 0.0, 0.0]",141632,69993,N1,dismiss,-0.3,ts,1327,0
"[0.1666666666666667, -0.1666666666666667, -0.14285714285714285, 0.0, 0.0, 0.0, 0.0, 0.0, 1.0, 0.7615251242159846, 1.0, 0.0, 0.0, 0.0, 0.0, 0.0, 0.0, 0.0]",51616,61090,N1,dismiss,-0.3,ts,2404,1
"[0.5636363636363637, -0.5636363636363637, 0.22448979591836735, -0.016901408450704224, 0.8181818181818182, 0.0, 0.0, 0.0, 1.0, 0.724044986814595, 1.0, 0.0, 0.0, 0.0, 0.0, 0.0, 0.0, 0.0]",123023,107563,N1,dismiss,-0.3,ts,408,1
"[0.6029411764705882, -0.6029411764705882, 0.0, 0.0, 0.0, 0.0, 0.0, 0.0, 1.0, 0.9296098135166916, 1.0, 0.0, 0.0, 0.0, 0.0, 0.0, 0.0, 0.0]",107697,70105,N3,accept,0.7220588235294116,ts,1152,1
"[0.25000000000000006, -0.25000000000000006, 0.058823529411764705, 0.0, 0.0, 0.0, 0.0, 0.0, 1.0, 0.8173913026682518, 1.0, 0.0, 0.0, 0.0, 0.0, 0.0, 0.0, 0.0]",41870,167076,N1,dismiss,-0.3,ts,1943,0
"[0.3, -0.3, -0.5454545454545454, -0.9, -0.8363636363636363, 0.0, 0.0, 0.0, 1.0, 0.4756119353946255, 1.0, 0.0, 0.0, 0.0, 0.0, 0.0, 0.0, 0.0]",41688,29449,N1,dismiss,-0.3,ts,1550,0
"[0.2, -0.2, 0.21706864564007414, 0.6601941747572816, 0.5490196078431374, 0.0, 0.0, 0.0, 1.0, 0.5424762137879036, 1.0, 0.0, 0.0, 0.0, 0.0, 0.0, 0.0, 0.0]",117087,15178,N1,dismiss,-0.3,ts,1909,0
"[0.2307692307692307, -0.2307692307692307, 0.0, -0.48333333333333334, -0.38, 0.0, 0.0, 0.0, 1.0, 0.6604423213536388, 1.0, 0.0, 0.0, 0.0, 0.0, 0.0, 0.0, 0.0]",131606,41650,N1,dismiss,-0.3,ts,1844,1
"[0.0666666666666666, -0.0666666666666666, 0.23592419664927214, 0.0045662100456621, 0.0, 0.0, 0.0, 0.0, 1.0, 0.6983229887866603, 1.0, 0.0, 0.0, 0.0, 0.0, 0.0, 0.0, 0.0]",127690,170134,N1,dismiss,-0.3,ts,2248,0
"[0.3, -0.3, -0.28, 0.0, 0.0, 0.0, 0.0, 0.0, 1.0, 0.769716564082265, 1.0, 0.0, 0.0, 0.0, 0.0, 0.0, 0.0, 0.0]",69485,50807,N1,dismiss,-0.3,ts,2153,0
"[0.20000000000000007, -0.20000000000000007, -0.2716236722306526, -0.005714285714285714, 0.5789473684210527, 0.0, 0.0, 0.0, 1.0, 0.6344174406237146, 1.0, 0.0, 0.0, 0.0, 0.0, 0.0, 0.0, 0.0]",43097,32065,N1,accept,0.44000000000000006,ts,2328,1
"[0.6909090909090908, -0.6909090909090908, -0.41158989598811296, -0.4, -0.1, 0.0, 0.0, 0.0, 1.0, 0.7221276459564802, 1.0, 0.0, 0.0, 0.0, 0.0, 0.0, 0.0, 0.0]",63997,66862,N1,accept,0.7836363636363635,ts,508,1
"[0.55, -0.55, -0.18882352941176475, 0.0, 0.0, 0.0, 0.0, 0.0, 1.0, 0.8565400030934407, 1.0, 0.0, 0.0, 0.0, 0.0, 0.0, 0.0, 0.0]",37946,141749,N1,dismiss,-0.3,ts,625,1
"[0.2, -0.2, -0.425, -0.1678832116788321, -0.26666666666666666, 0.0, 0.0, 0.0, 1.0, 0.603526579115756, 1.0, 0.0, 0.0, 0.0, 0.0, 0.0, 0.0, 0.0]",115289,178949,N1,dismiss,-0.3,ts,1233,0
"[0.8857142857142857, -0.8857142857142857, -0.16971214017521905, 0.15048543689320387, -0.07407407407407407, 0.0, 0.0, 0.0, 1.0, 0.8500213841209034, 1.0, 0.0, 0.0, 0.0, 0.0, 0.0, 0.0, 0.0]",138627,117335,N6,accept,0.9199999999999999,ts,2254,1
"[0.6363636363636364, -0.6363636363636364, -0.2700729927007299, 0.0, 0.0, 0.0, 0.0, 0.0, 1.0, 0.8519911280552436, 1.0, 0.0, 0.0, 0.0, 0.0, 0.0, 0.0, 0.0]",141743,51605,N1,dismiss,-0.3,ts,1190,0
"[0.25, -0.25, -0.25925925925925924, 0.048484848484848485, 0.041666666666666664, 0.0, 0.0, 0.0, 1.0, 0.7328139323987184, 1.0, 0.0, 0.0, 0.0, 0.0, 0.0, 0.0, 0.0]",142494,117045,N1,dismiss,-0.3,ts,2724,0
"[0.15999999999999998, -0.15999999999999998, 0.03777501037775011, 0.7087378640776699, 0.2105263157894737, 0.0, 0.0, 0.0, 1.0, 0.629122681326625, 1.0, 0.0, 0.0, 0.0, 0.0, 0.0, 0.0, 0.0]",59415,15171,N1,dismiss,-0.3,ts,2223,0
"[0.3032258064516129, -0.3032258064516129, -0.046875, -0.002849002849002849, 0.07142857142857142, 0.0, 0.0, 0.0, 1.0, 0.817748560930307, 1.0, 0.0, 0.0, 0.0, 0.0, 0.0, 0.0, 0.0]",15686,15687,N1,dismiss,-0.3,ts,1299,0
"[0.75, -0.75, -0.2602602602602602, 0.0165016501650165, -0.632, 0.0, 0.0, 0.0, 1.0, 0.7586760576708721, 1.0, 0.0, 0.0, 0.0, 0.0, 0.0, 0.0, 0.0]",158417,140660,N1,accept,0.825,ts,668,0
"[0.296, -0.296, 0.2, -0.01694915254237288, -0.07692307692307693, 0.0, 0.0, 0.0, 1.0, 0.7619137030425129, 1.0, 0.0, 0.0, 0.0, 0.0, 0.0, 0.0, 0.0]",108784,31966,N1,dismiss,-0.3,ts,2596,1
"[0.3333333333333333, -0.3333333333333333, 0.22073170731707326, -0.20784313725490197, 0.05263157894736842, 0.0, 0.0, 0.0, 1.0, 0.7281444460834263, 1.0, 0.0, 0.0, 0.0, 0.0, 0.0, 0.0, 0.0]",155668,170191,N1,dismiss,-0.3,ts,2608,1
"[0.19999999999999993, -0.19999999999999993, -0.1875, 0.0, 0.0, 0.0, 0.0, 0.0, 1.0, 0.7602860088710922, 1.0, 0.0, 0.0, 0.0, 0.0, 0.0, 0.0, 0.0]",73358,117926,N1,dismiss,-0.3,ts,2634,0
"[0.12499999999999988, -0.12499999999999988, 0.03177124702144559, -0.23684210526315788, 0.10526315789473684, 0.0, 0.0, 0.0, 1.0, 0.6989493880617605, 1.0, 0.0, 0.0, 0.0, 0.0, 0.0, 0.0, 0.0]",144703,144702,N1,dismiss,-0.3,ts,981,1
"[0.3000000000000001, -0.3000000000000001, -0.528957528957529, 0.0, 0.0, 0.0, 0.0, 0.0, 1.0, 0.7249105321469098, 1.0, 0.0, 0.0, 0.0, 0.0, 0.0, 0.0, 0.0]",85444,85446,N1,dismiss,-0.3,ts,577,0
"[0.28571428571428575, -0.28571428571428575, 0.14285714285714285, 0.0, 0.0, 0.0, 0.0, 0.0, 1.0, 0.8013271435545221, 1.0, 0.0, 0.0, 0.0, 0.0, 0.0, 0.0, 0.0]",18468,60782,N1,dismiss,-0.3,ts,2152,0
"[0.25, -0.25, 0.09090909090909091, 0.06944444444444445, -0.005555555555555635, 0.0, 0.0, 0.0, 1.0, 0.7852312004718296, 1.0, 0.0, 0.0, 0.0, 0.0, 0.0, 0.0, 0.0]",164892,165914,N1,accept,0.475,ts,1229,0
"[0.19999999999999993, -0.19999999999999993, 0.07526881720430113, 0.4137055837563452, 1.0, 0.0, 0.0, 0.0, 1.0, 0.580754457616193, 1.0, 0.0, 0.0, 0.0, 0.0, 0.0, 0.0, 0.0]",92081,29970,N1,dismiss,-0.3,ts,1045,1
"[0.7428571428571429, -0.7428571428571429, 0.11799999999999997, -0.4462809917355372, -0.6967213114754098, 0.0, 0.0, 0.0, 1.0, 0.7080228091104681, 1.0, 0.0, 0.0, 0.0, 0.0, 0.0, 0.0, 0.0]",81542,54927,N1,accept,0.8200000000000001,ts,1973,1
"[0.25, -0.25, -0.46332737030411447, -0.10824742268041238, 0.19047619047619047, 0.0, 0.0, 0.0, 1.0, 0.6420465769124615, 1.0, 0.0, 0.0, 0.0, 0.0, 0.0, 0.0, 0.0]",16906,117045,N1,dismiss,-0.3,ts,685,0
"[0.8571428571428572, -0.8571428571428572, 0.03199999999999985, 0.050980392156862744, -0.12000000000000002, 0.0, 0.0, 0.0, 1.0, 0.9055549142837571, 1.0, 0.0, 0.0, 0.0, 0.0, 0.0, 0.0, 0.0]",116982,117029,N1,accept,0.8999999999999999,ts,915,1
"[0.5, -0.5, -0.10344827586206896, 0.0, 0.0, 0.0, 0.0, 0.0, 1.0, 0.8714079900606294, 1.0, 0.0, 0.0, 0.0, 0.0, 0.0, 0.0, 0.0]",70828,129946,N6,dismiss,-0.3,ts,1627,1
"[0.25, -0.25, -0.24812030075187969, 0.005813953488372093, 0.041666666666666664, 0.0, 0.0, 0.0, 1.0, 0.7476249554836153, 1.0, 0.0, 0.0, 0.0, 0.0, 0.0, 0.0, 0.0]",174772,117045,N1,accept,0.475,ts,2287,0
"[0.28571428571428564, -0.28571428571428564, -0.41792782305005827, -0.05, 0.1, 0.0, 0.0, 0.0, 1.0, 0.6962675900477637, 1.0, 0.0, 0.0, 0.0, 0.0, 0.0, 0.0, 0.0]",93923,174942,N6,dismiss,-0.3,ts,2480,1
"[0.20000000000000004, -0.20000000000000004, -0.634703196347032, 0.07407407407407407, -0.74, 0.0, 0.0, 0.0, 1.0, 0.5425189848892313, 1.0, 0.0, 0.0, 0.0, 0.0, 0.0, 0.0, 0.0]",19598,106004,N1,dismiss,-0.3,ts,2073,0
"[0.5535714285714286, -0.5535714285714286, -0.03454231433506045, 0.0, 0.0, 0.0, 0.0, 0.0, 1.0, 0.9068164715016619, 1.0, 0.0, 0.0, 0.0, 0.0, 0.0, 0.0, 0.0]",16725,16728,N1,dismiss,-0.3,ts,1431,1
"[0.20000000000000007, -0.20000000000000007, 0.09090909090909091, -0.019943019943019943, -0.14285714285714285, 0.0, 0.0, 0.0, 1.0, 0.7464351712490337, 1.0, 0.0, 0.0, 0.0, 0.0, 0.0, 0.0, 0.0]",70000,31975,N1,dismiss,-0.3,ts,1781,1
"[0.20000000000000007, -0.20000000000000007, 0.19142857142857142, -0.04788732394366197, 0.09090909090909091, 0.0, 0.0, 0.0, 1.0, 0.7205734669549364, 1.0, 0.0, 0.0, 0.0, 0.0, 0.0, 0.0, 0.0]",123018,108746,N1,dismiss,-0.3,ts,2167,1
"[0.1764705882352941, -0.1764705882352941, 0.0, 0.05045871559633028, 0.0, 0.0, 0.0, 0.0, 1.0, 0.8002741033846621, 1.0, 0.0, 0.0, 0.0, 0.0, 0.0, 0.0, 0.0]",173998,173997,N1,dismiss,-0.3,ts,2848,0
"[0.4235294117647059, -0.4235294117647059, 0.2053511705685619, 0.49056603773584906, 0.07142857142857142, 0.0, 0.0, 0.0, 1.0, 0.7093232284924638, 1.0, 0.0, 0.0, 0.0, 0.0, 0.0, 0.0, 0.0]",121068,155693,N1,dismiss,-0.3,ts,2423,1
"[0.25, -0.25, -0.8238095238095238, -0.15422885572139303, -0.746875, 0.0, 0.0, 0.0, 1.0, 0.5219571085949904, 1.0, 0.0, 0.0, 0.0, 0.0, 0.0, 0.0, 0.0]",30574,145532,N1,dismiss,-0.3,ts,1751,0
"[0.33333333333333337, -0.33333333333333337, -0.446543580936024, 0.0, 0.0, 0.0, 0.0, 0.0, 1.0, 0.747407278684821, 1.0, 0.0, 0.0, 0.0, 0.0, 0.0, 0.0, 0.0]",141734,90178,N1,dismiss,-0.3,ts,912,1
"[0.19999999999999993, -0.19999999999999993, -0.25, -0.8833333333333333, -0.7454545454545454, 0.0, 0.0, 0.0, 1.0, 0.5035447216368699, 1.0, 0.0, 0.0, 0.0, 0.0, 0.0, 0.0, 0.0]",126074,18330,N1,dismiss,-0.3,ts,1281,0
"[0.20000000000000007, -0.20000000000000007, -0.13533333333333328, -0.17647058823529413, 0.2, 0.0, 0.0, 0.0, 1.0, 0.6813430872729247, 1.0, 0.0, 0.0, 0.0, 0.0, 0.0, 0.0, 0.0]",89764,107458,N1,dismiss,-0.3,ts,2024,1
"[0.09090909090909098, -0.09090909090909098, -0.4, 0.06875, 0.4492753623188405, 0.0, 0.0, 0.0, 1.0, 0.5655510048397611, 1.0, 0.0, 0.0, 0.0, 0.0, 0.0, 0.0, 0.0]",162892,43087,N1,dismiss,-0.3,ts,2281,1
"[0.19999999999999998, -0.19999999999999998, -0.08869814020028616, 0.001579778830963665, 0.0, 0.0, 0.0, 0.0, 1.0, 0.7898445383035263, 1.0, 0.0, 0.0, 0.0, 0.0, 0.0, 0.0, 0.0]",19708,19715,N1,dismiss,-0.3,ts,2597,0
"[0.6000000000000001, -0.6000000000000001, 0.23277737490935468, 0.0, 0.0, 0.0, 0.0, 0.0, 1.0, 0.8546318163476566, 1.0, 0.0, 0.0, 0.0, 0.0, 0.0, 0.0, 0.0]",141750,115238,N1,dismiss,-0.3,ts,2136,0
"[0.0555555555555556, -0.0555555555555556, -0.16666666666666666, 0.01764705882352941, 0.13636363636363635, 0.0, 0.0, 0.0, 1.0, 0.6730847801914981, 1.0, 0.0, 0.0, 0.0, 0.0, 0.0, 0.0, 0.0]",123856,105724,N1,accept,0.3388888888888889,ts,1397,0
"[0.5, -0.5, -0.3333333333333333, 0.0, 0.0, 0.0, 0.0, 0.0, 1.0, 0.8114706619033403, 1.0, 0.0, 0.0, 0.0, 0.0, 0.0, 0.0, 0.0]",135728,38178,N1,dismiss,-0.3,ts,693,1
"[0.1666666666666667, -0.1666666666666667, 0.1, 1.0, 1.0, 0.0, 0.0, 0.0, 1.0, 0.4789161730664955, 1.0, 0.0, 0.0, 0.0, 0.0, 0.0, 0.0, 0.0]",37985,41688,N1,dismiss,-0.3,ts,673,0
"[0.25000000000000006, -0.25000000000000006, -0.11641443538998836, 0.09281437125748503, 1.0, 0.0, 0.0, 0.0, 1.0, 0.6227095310764252, 1.0, 0.0, 0.0, 0.0, 0.0, 0.0, 0.0, 0.0]",64439,141844,N1,dismiss,-0.3,ts,835,1
"[0.43333333333333335, -0.43333333333333335, 0.1111111111111111, 0.26, 0.12000000000000002, 0.0, 0.0, 0.0, 1.0, 0.760237233460153, 1.0, 0.0, 0.0, 0.0, 0.0, 0.0, 0.0, 0.0]",63753,18364,N1,dismiss,-0.3,ts,897,0
"[0.15999999999999998, -0.15999999999999998, -0.30025445292620867, 0.7263157894736842, 0.39622641509433976, 0.0, 0.0, 0.0, 1.0, 0.5215834348101834, 1.0, 0.0, 0.0, 0.0, 0.0, 0.0, 0.0, 0.0]",59416,152287,N1,dismiss,-0.3,ts,2850,1
"[0.5, -0.5, 0.18808777429467086, 0.5045871559633027, -0.24000000000000005, 0.0, 0.0, 0.0, 1.0, 0.6935790844320542, 1.0, 0.0, 0.0, 0.0, 0.0, 0.0, 0.0, 0.0]",182863,110035,N1,accept,0.6499999999999999,ts,1251,1
"[0.12499999999999988, -0.12499999999999988, 0.22662889518413595, -0.23684210526315788, 0.10526315789473684, 0.0, 0.0, 0.0, 1.0, 0.6383733944913446, 1.0, 0.0, 0.0, 0.0, 0.0, 0.0, 0.0, 0.0]",180520,144702,N1,dismiss,-0.3,ts,784,1
"[0.625, -0.625, 0.066711140760507, -0.08904109589041095, -0.13333333333333333, 0.0, 0.0, 0.0, 1.0, 0.8489572716197578, 1.0, 0.0, 0.0, 0.0, 0.0, 0.0, 0.0, 0.0]",128284,128247,N1,dismiss,-0.3,ts,1170,0
"[0.5599999999999999, -0.5599999999999999, 0.08310249307479224, 0.01744186046511628, -0.7413793103448276, 0.0, 0.0, 0.0, 1.0, 0.7697360329343724, 1.0, 0.0, 0.0, 0.0, 0.0, 0.0, 0.0, 0.0]",123511,88363,N1,dismiss,-0.3,ts,2481,1
"[0.09090909090909098, -0.09090909090909098, 0.23166666666666677, 0.10240963855421686, -0.8615384615384615, 0.0, 0.0, 0.0, 1.0, 0.5587143223141534, 1.0, 0.0, 0.0, 0.0, 0.0, 0.0, 0.0, 0.0]",162894,189368,N1,dismiss,-0.3,ts,2946,0
"[0.24999999999999997, -0.24999999999999997, -0.6068, 0.0, 0.0, 0.0, 0.0, 0.0, 1.0, 0.6990144894328193, 1.0, 0.0, 0.0, 0.0, 0.0, 0.0, 0.0, 0.0]",69947,90177,N1,dismiss,-0.3,ts,2358,1
"[0.4444444444444445, -0.4444444444444445, 0.07079646017699111, -0.703125, -0.58, 0.0, 0.0, 0.0, 1.0, 0.6530726482238095, 1.0, 0.0, 0.0, 0.0, 0.0, 0.0, 0.0, 0.0]",169352,132873,N1,dismiss,-0.3,ts,445,0
"[0.02500000000000002, -0.02500000000000002, 0.20627261761158033, -0.1, -0.039999999999999994, 0.0, 0.0, 0.0, 1.0, 0.653040323250587, 1.0, 0.0, 0.0, 0.0, 0.0, 0.0, 0.0, 0.0]",151774,62503,N1,dismiss,-0.3,ts,1507,0
"[0.8857142857142857, -0.8857142857142857, -0.05006257822277847, -0.27184466019417475, -0.18518518518518517, 0.0, 0.0, 0.0, 1.0, 0.8388318957168887, 1.0, 0.0, 0.0, 0.0, 0.0, 0.0, 0.0, 0.0]",138627,85795,N1,dismiss,-0.3,ts,1730,1
"[0.050000000000000044, -0.050000000000000044, 0.23767935121646902, 0.28, -0.21999999999999997, 0.0, 0.0, 0.0, 1.0, 0.5753341503687988, 1.0, 0.0, 0.0, 0.0, 0.0, 0.0, 0.0, 0.0]",115984,94324,N1,dismiss,-0.3,ts,1133,0
"[0.16666666666666666, -0.16666666666666666, 0.20401337792642146, -0.4050632911392405, -0.6, 0.0, 0.0, 0.0, 1.0, 0.5561212785803112, 1.0, 0.0, 0.0, 0.0, 0.0, 0.0, 0.0, 0.0]",121907,145577,N1,dismiss,-0.3,ts,689,0
"[0.22959183673469385, -0.22959183673469385, -0.6495619524405507, -0.0243161094224924, -0.04, 0.0, 0.0, 0.0, 1.0, 0.6687485312831922, 1.0, 0.0, 0.0, 0.0, 0.0, 0.0, 0.0, 0.0]",158420,103704,N1,dismiss,-0.3,ts,1708,1
"[0.25, -0.25, -0.5784649062799289, -0.0024271844660194173, 0.0, 0.0, 0.0, 0.0, 1.0, 0.7017529829987413, 1.0, 0.0, 0.0, 0.0, 0.0, 0.0, 0.0, 0.0]",15456,189231,N1,dismiss,-0.3,ts,2831,1
"[0.2857142857142857, -0.2857142857142857, -0.36161335187760785, -0.44529262086513993, -0.4, 0.0, 0.0, 0.0, 1.0, 0.5770301894530394, 1.0, 0.0, 0.0, 0.0, 0.0, 0.0, 0.0, 0.0]",110096,164354,N1,dismiss,-0.3,ts,1114,1
"[0.16666666666666666, -0.16666666666666666, -0.16749999999999995, 1.0, 0.06145251396648053, 0.0, 0.0, 0.0, 1.0, 0.5897690701959244, 1.0, 0.0, 0.0, 0.0, 0.0, 0.0, 0.0, 0.0]",165914,191334,N1,dismiss,-0.3,ts,819,1
"[0.3636363636363637, -0.3636363636363637, 0.146788990825688, 0.0110803324099723, 0.36363636363636365, 0.0, 0.0, 0.0, 1.0, 0.7425908749935993, 1.0, 0.0, 0.0, 0.0, 0.0, 0.0, 0.0, 0.0]",93938,123174,N1,dismiss,-0.3,ts,2907,0
"[0.3142857142857143, -0.3142857142857143, -0.5006513243595311, -0.21107266435986158, 0.0, 0.0, 0.0, 0.0, 1.0, 0.6816641322507467, 1.0, 0.0, 0.0, 0.0, 0.0, 0.0, 0.0, 0.0]",110153,178949,N1,dismiss,-0.3,ts,1882,1
"[0.20000000000000007, -0.20000000000000007, -0.0719734660033167, 0.005698005698005698, 0.07142857142857142, 0.0, 0.0, 0.0, 1.0, 0.7743468796928912, 1.0, 0.0, 0.0, 0.0, 0.0, 0.0, 0.0, 0.0]",151840,88669,N1,dismiss,-0.3,ts,2702,1
"[0.8529411764705882, -0.8529411764705882, -0.3633333333333333, 0.29213483146067415, 0.1111111111111111, 0.0, 0.0, 0.0, 1.0, 0.7645231777018904, 1.0, 0.0, 0.0, 0.0, 0.0, 0.0, 0.0, 0.0]",138519,146668,N1,dismiss,-0.3,ts,1807,1
"[0.1666666666666667, -0.1666666666666667, -0.13333333333333333, -0.3, -0.16, 0.0, 0.0, 0.0, 1.0, 0.6556594342490147, 1.0, 0.0, 0.0, 0.0, 0.0, 0.0, 0.0, 0.0]",18490,156539,N1,dismiss,-0.3,ts,488,0
"[0.09090909090909098, -0.09090909090909098, -0.19, -0.037900874635568516, 0.09090909090909091, 0.0, 0.0, 0.0, 1.0, 0.6847663763373026, 1.0, 0.0, 0.0, 0.0, 0.0, 0.0, 0.0, 0.0]",162866,142494,N1,dismiss,-0.3,ts,1249,1
"[0.5, -0.5, -0.26666666666666666, 0.64, 0.08000000000000003, 0.0, 0.0, 0.0, 1.0, 0.695643645411739, 1.0, 0.0, 0.0, 0.0, 0.0, 0.0, 0.0, 0.0]",50997,51575,N1,dismiss,-0.3,ts,2181,1
"[0.3, -0.3, -0.09090909090909091, 0.46, -0.08000000000000003, 0.0, 0.0, 0.0, 1.0, 0.709824759435147, 1.0, 0.0, 0.0, 0.0, 0.0, 0.0, 0.0, 0.0]",38740,41068,N1,accept,0.51,ts,1539,0
"[0.4, -0.28, -0.29684601113172543, 0.0, 0.0, 0.0, 0.0, 0.0, 1.0, 0.759689501888925, 1.0, 0.0, 0.0, 0.0, 0.0, 0.0, 0.0, 0.0]",63873,42569,N1,dismiss,-0.3,ts,2761,0
"[0.19999999999999996, -0.19999999999999996, -0.18088012139605475, -0.01662049861495845, 0.5942028985507245, 0.0, 0.0, 0.0, 1.0, 0.6529198266549806, 1.0, 0.0, 0.0, 0.0, 0.0, 0.0, 0.0, 0.0]",16971,110893,N1,dismiss,-0.3,ts,1673,0
"[0.9271428571428572, -0.9271428571428572, 0.2222222222222222, -0.14, 0.21999999999999997, 0.0, 0.0, 0.0, 1.0, 0.8090410868744287, 1.0, 0.0, 0.0, 0.0, 0.0, 0.0, 0.0, 0.0]",18359,51572,N1,dismiss,-0.3,ts,2697,1
"[0.16564417177914098, -0.16564417177914098, -0.3702502316960148, -0.04722222222222222, -0.1518987341772152, 0.0, 0.0, 0.0, 1.0, 0.6534274253056699, 1.0, 0.0, 0.0, 0.0, 0.0, 0.0, 0.0, 0.0]",15663,185707,N1,dismiss,-0.3,ts,2201,1
"[0.33333333333333337, -0.33333333333333337, -0.3220035778175313, 0.09333333333333334, -0.5545454545454546, 0.0, 0.0, 0.0, 1.0, 0.6445028751316437, 1.0, 0.0, 0.0, 0.0, 0.0, 0.0, 0.0, 0.0]",16731,49086,N1,dismiss,-0.3,ts,2228,0
"[0.35714285714285715, -0.35714285714285715, -0.7011686143572621, 0.19161676646706588, 0.18, 0.0, 0.0, 0.0, 1.0, 0.6285380072509015, 1.0, 0.0, 0.0, 0.0, 0.0, 0.0, 0.0, 0.0]",44189,130323,N1,dismiss,-0.3,ts,2153,1
"[0.2, -0.07, -0.29684601113172543, 0.0, 0.0, 0.0, 0.0, 0.0, 1.0, 0.6866108486748183, 1.0, 0.0, 0.0, 0.0, 0.0, 0.0, 0.0, 0.0]",63919,48992,N1,dismiss,-0.3,ts,1989,0
"[0.1200000000000001, -0.1200000000000001, 0.1455847255369929, -0.08536585365853659, -0.625, 0.0, 0.0, 0.0, 1.0, 0.6134308998417168, 1.0, 0.0, 0.0, 0.0, 0.0, 0.0, 0.0, 0.0]",57551,59424,N1,dismiss,-0.3,ts,1682,0
"[0.1666666666666667, -0.1666666666666667, 0.2, 0.0, 0.0, 0.0, 0.0, 0.0, 1.0, 0.7452936748080553, 1.0, 0.0, 0.0, 0.0, 0.0, 0.0, 0.0, 0.0]",18364,61090,N1,dismiss,-0.3,ts,1933,0
"[0.5636363636363637, -0.5636363636363637, 0.21071428571428566, -0.022535211267605635, 1.0, 0.0, 0.0, 0.0, 1.0, 0.7170834252613659, 1.0, 0.0, 0.0, 0.0, 0.0, 0.0, 0.0, 0.0]",123005,108828,N1,dismiss,-0.3,ts,2223,0
"[0.8482142857142858, -0.8482142857142858, -0.42857142857142855, 0.0, 0.0, 0.0, 0.0, 0.0, 1.0, 0.8484809649435068, 1.0, 0.0, 0.0, 0.0, 0.0, 0.0, 0.0, 0.0]",164512,75387,N1,dismiss,-0.3,ts,1251,1
"[0.16666666666666666, -0.16666666666666666, -0.35805991440798857, -0.25, -0.5916666666666667, 0.0, 0.0, 0.0, 1.0, 0.5458766131572346, 1.0, 0.0, 0.0, 0.0, 0.0, 0.0, 0.0, 0.0]",116466,145578,N1,dismiss,-0.3,ts,590,1
"[0.4, -0.28, -0.29684601113172543, 0.0, 0.0, 0.0, 0.0, 0.0, 1.0, 0.759689501888925, 1.0, 0.0, 0.0, 0.0, 0.0, 0.0, 0.0, 0.0]",63873,42569,N1,dismiss,-0.3,ts,1862,0
"[0.5, -0.5, 0.0, 0.0, 0.0, 0.0, 0.0, 0.0, 1.0, 0.9087872380968218, 1.0, 0.0, 0.0, 0.0, 0.0, 0.0, 0.0, 0.0]",141772,141766,N1,dismiss,-0.3,ts,1589,0
"[0.25, -0.25, 0.0, 0.07453416149068323, 0.13636363636363635, 0.0, 0.0, 0.0, 1.0, 0.7830109453831142, 1.0, 0.0, 0.0, 0.0, 0.0, 0.0, 0.0, 0.0]",43089,117045,N1,dismiss,-0.3,ts,1766,0
"[0.5636363636363637, -0.5636363636363637, -0.4547263681592039, -0.03591160220994475, 0.8181818181818182, 0.0, 0.0, 0.0, 1.0, 0.6715280724902654, 1.0, 0.0, 0.0, 0.0, 0.0, 0.0, 0.0, 0.0]",174793,108839,N1,dismiss,-0.3,ts,2129,1
"[0.25, -0.25, -0.25925925925925924, 0.0778816199376947, 0.13636363636363635, 0.0, 0.0, 0.0, 1.0, 0.7012290684696982, 1.0, 0.0, 0.0, 0.0, 0.0, 0.0, 0.0, 0.0]",142493,117045,N1,accept,0.475,ts,624,0
"[0.06666666666666672, -0.06666666666666672, -0.38461538461538464, -0.1, 0.12000000000000002, 0.0, 0.0, 0.0, 1.0, 0.6083946646241543, 1.0, 0.0, 0.0, 0.0, 0.0, 0.0, 0.0, 0.0]",57043,135467,N1,dismiss,-0.3,ts,1662,1
"[0.2941176470588235, -0.2941176470588235, -0.20508744038155807, 0.9354838709677419, 0.58, 0.0, 0.0, 0.0, 1.0, 0.5564807400241625, 1.0, 0.0, 0.0, 0.0, 0.0, 0.0, 0.0, 0.0]",79359,18570,N1,dismiss,-0.3,ts,1273,0
"[0.3636363636363637, -0.3636363636363637, 0.0, 0.061046511627906974, 0.0, 0.0, 0.0, 0.0, 1.0, 0.8570363402900383, 1.0, 0.0, 0.0, 0.0, 0.0, 0.0, 0.0, 0.0]",123210,123174,N1,dismiss,-0.3,ts,2449,0
"[0.9099999999999999, -0.9099999999999999, -0.057809894385769826, 0.26666666666666666, 1.0, 0.0, 0.0, 0.0, 1.0, 0.7524720508837095, 1.0, 0.0, 0.0, 0.0, 0.0, 0.0, 0.0, 0.0]",183166,89765,N1,dismiss,-0.3,ts,1638,0
"[0.19709090909090918, -0.19709090909090918, 0.0, 0.0, 0.0, 0.0, 0.0, 0.0, 1.0, 0.8218285575581613, 1.0, 0.0, 0.0, 0.0, 0.0, 0.0, 0.0, 0.0]",152267,63876,N1,dismiss,-0.3,ts,1401,0
"[0.5764705882352941, -0.5764705882352941, 0.0, -0.8775510204081632, -0.18000000000000002, 0.0, 0.0, 0.0, 1.0, 0.7552534703733591, 1.0, 0.0, 0.0, 0.0, 0.0, 0.0, 0.0, 0.0]",41169,18334,N1,dismiss,-0.3,ts,2349,1
"[0.5636363636363637, -0.5636363636363637, -0.5305164319248826, 0.10511363636363637, 1.0, 0.0, 0.0, 0.0, 1.0, 0.6332517680268945, 1.0, 0.0, 0.0, 0.0, 0.0, 0.0, 0.0, 0.0]",74282,107588,N1,dismiss,-0.3,ts,1953,1
"[0.9352941176470587, -0.9352941176470587, 0.11420612813370477, 1.0, -0.29411764705882354, 0.0, 0.0, 0.0, 1.0, 0.7140244075521311, 1.0, 0.0, 0.0, 0.0, 0.0, 0.0, 0.0, 0.0]",110152,169349,N1,dismiss,-0.3,ts,1881,0
"[0.7428571428571429, -0.7428571428571429, 0.125, -0.26, -0.12000000000000002, 0.0, 0.0, 0.0, 1.0, 0.8143254453991665, 1.0, 0.0, 0.0, 0.0, 0.0, 0.0, 0.0, 0.0]",18355,63753,N1,dismiss,-0.3,ts,1261,1
"[0.4485294117647059, -0.4485294117647059, 0.09333333333333324, -0.0843806104129264, -0.2692307692307692, 0.0, 0.0, 0.0, 1.0, 0.776901172593482, 1.0, 0.0, 0.0, 0.0, 0.0, 0.0, 0.0, 0.0]",29970,155668,N1,dismiss,-0.3,ts,2169,1
"[0.24999999999999997, -0.24999999999999997, -0.27846265409717186, 0.0, 0.0, 0.0, 0.0, 0.0, 1.0, 0.7541829612825312, 1.0, 0.0, 0.0, 0.0, 0.0, 0.0, 0.0, 0.0]",141746,174748,N1,dismiss,-0.3,ts,1927,0
"[0.11999999999999993, -0.11999999999999993, 0.2222222222222222, -0.0056657223796034, 0.0, 0.0, 0.0, 0.0, 1.0, 0.7210661718528755, 1.0, 0.0, 0.0, 0.0, 0.0, 0.0, 0.0, 0.0]",107307,151838,N1,dismiss,-0.3,ts,2784,1
"[0.25, -0.25, 0.0, 0.07453416149068323, 0.13636363636363635, 0.0, 0.0, 0.0, 1.0, 0.7830109453831142, 1.0, 0.0, 0.0, 0.0, 0.0, 0.0, 0.0, 0.0]",43090,117045,N1,dismiss,-0.3,ts,2848,0
"[0.13333333333333328, -0.13333333333333328, -0.07126567844925884, -0.028901734104046242, -0.07999999999999999, 0.0, 0.0, 0.0, 1.0, 0.7421727843140296, 1.0, 0.0, 0.0, 0.0, 0.0, 0.0, 0.0, 0.0]",87098,143094,N1,dismiss,-0.3,ts,2454,1
"[0.4, -0.28, -0.29684601113172543, 0.0, 0.0, 0.0, 0.0, 0.0, 1.0, 0.759689501888925, 1.0, 0.0, 0.0, 0.0, 0.0, 0.0, 0.0, 0.0]",63873,42569,N1,dismiss,-0.3,ts,1036,0
"[0.18750000000000003, -0.18750000000000003, -0.29411764705882354, 1.0, 0.44000000000000006, 0.0, 0.0, 0.0, 1.0, 0.4958926669599128, 1.0, 0.0, 0.0, 0.0, 0.0, 0.0, 0.0, 0.0]",18334,51654,N1,dismiss,-0.3,ts,881,1
"[0.24242424242424238, -0.24242424242424238, -0.158311345646438, -0.08536585365853659, -0.21999999999999997, 0.0, 0.0, 0.0, 1.0, 0.7058869977996952, 1.0, 0.0, 0.0, 0.0, 0.0, 0.0, 0.0, 0.0]",110035,19597,N1,dismiss,-0.3,ts,2171,1
"[0.19709090909090918, -0.19709090909090918, 0.0, 0.0, 0.0, 0.0, 0.0, 0.0, 1.0, 0.8218285575581613, 1.0, 0.0, 0.0, 0.0, 0.0, 0.0, 0.0, 0.0]",152267,63876,N1,dismiss,-0.3,ts,1680,0
"[0.25, -0.25, -0.25925925925925924, 0.048484848484848485, 0.041666666666666664, 0.0, 0.0, 0.0, 1.0, 0.7328139323987184, 1.0, 0.0, 0.0, 0.0, 0.0, 0.0, 0.0, 0.0]",142494,117045,N1,accept,0.475,ts,1895,0
"[0.8705882352941177, -0.8705882352941177, -0.39503932244404116, 1.0, -0.5, 0.0, 0.0, 0.0, 1.0, 0.6295409350824263, 1.0, 0.0, 0.0, 0.0, 0.0, 0.0, 0.0, 0.0]",65211,169349,N1,dismiss,-0.3,ts,1423,0
"[0.625, -0.625, 0.0026755852842809983, 0.7803468208092486, -0.54, 0.0, 0.0, 0.0, 1.0, 0.7148883874284145, 1.0, 0.0, 0.0, 0.0, 0.0, 0.0, 0.0, 0.0]",158410,115951,N1,dismiss,-0.3,ts,2393,0
"[0.6470588235294118, -0.6470588235294118, -0.26666666666666666, 1.0, 0.5599999999999999, 0.0, 0.0, 0.0, 1.0, 0.6056730189655424, 1.0, 0.0, 0.0, 0.0, 0.0, 0.0, 0.0, 0.0]",50997,50956,N6,dismiss,-0.3,ts,1858,1
"[0.13333333333333333, -0.13333333333333333, 0.0, 0.0, 0.0, 0.0, 0.0, 0.0, 1.0, 0.799343830056226, 1.0, 0.0, 0.0, 0.0, 0.0, 0.0, 0.0, 0.0]",93851,93856,N1,dismiss,-0.3,ts,1202,0
"[0.1666666666666667, -0.1666666666666667, 0.1111111111111111, 1.0, 0.44000000000000006, 0.0, 0.0, 0.0, 1.0, 0.53769314130362, 1.0, 0.0, 0.0, 0.0, 0.0, 0.0, 0.0, 0.0]",81128,18598,N1,dismiss,-0.3,ts,1335,1
"[0.19999999999999993, -0.19999999999999993, 0.06666666666666667, 0.02, -0.16, 0.0, 0.0, 0.0, 1.0, 0.7509035883553894, 1.0, 0.0, 0.0, 0.0, 0.0, 0.0, 0.0, 0.0]",71728,40998,N3,accept,0.43999999999999995,ts,1894,1
"[0.3939393939393939, -0.3939393939393939, -0.24582967515364354, -0.0948509485094851, -0.75, 0.0, 0.0, 0.0, 1.0, 0.6625097926397022, 1.0, 0.0, 0.0, 0.0, 0.0, 0.0, 0.0, 0.0]",141852,64439,N6,dismiss,-0.3,ts,503,1
"[0.25, -0.25, 0.0, 0.011695906432748537, 0.25, 0.0, 0.0, 0.0, 1.0, 0.7771008967590011, 1.0, 0.0, 0.0, 0.0, 0.0, 0.0, 0.0, 0.0]",43087,117045,N6,accept,0.475,ts,2100,1
"[0.9271428571428572, -0.9271428571428572, 0.2222222222222222, 0.32, -0.039999999999999994, 0.0, 0.0, 0.0, 1.0, 0.8166293780580514, 1.0, 0.0, 0.0, 0.0, 0.0, 0.0, 0.0, 0.0]",18359,51575,N1,dismiss,-0.3,ts,679,1
"[0.16666666666666666, -0.16666666666666666, -0.16749999999999995, 1.0, 0.06145251396648053, 0.0, 0.0, 0.0, 1.0, 0.5897690701959244, 1.0, 0.0, 0.0, 0.0, 0.0, 0.0, 0.0, 0.0]",165914,191335,N6,dismiss,-0.3,ts,1977,1
"[0.02500000000000002, -0.02500000000000002, -0.1863303498779495, 0.02, -0.07999999999999999, 0.0, 0.0, 0.0, 1.0, 0.6690903795112921, 1.0, 0.0, 0.0, 0.0, 0.0, 0.0, 0.0, 0.0]",130426,62540,N6,dismiss,-0.3,ts,2257,1
"[0.8285714285714286, -0.8285714285714286, -0.522463768115942, 0.68, 0.55, 0.0, 0.0, 0.0, 1.0, 0.6203403653485181, 1.0, 0.0, 0.0, 0.0, 0.0, 0.0, 0.0, 0.0]",71136,170138,N1,dismiss,-0.3,ts,438,1
"[0.20000000000000007, -0.20000000000000007, -0.1643286573146293, 1.0, 1.0, 0.0, 0.0, 0.0, 1.0, 0.4853892130899494, 1.0, 0.0, 0.0, 0.0, 0.0, 0.0, 0.0, 0.0]",169305,108746,N6,dismiss,-0.3,ts,2804,1
"[0.2803030303030304, -0.2803030303030304, 0.24700000000000005, 0.44642857142857145, -0.28, 0.0, 0.0, 0.0, 1.0, 0.6184684582201454, 1.0, 0.0, 0.0, 0.0, 0.0, 0.0, 0.0, 0.0]",80033,185708,N1,dismiss,-0.3,ts,1355,1
"[0.2857142857142857, -0.2857142857142857, -0.6519208381839349, -0.05693950177935943, 0.0, 0.0, 0.0, 0.0, 1.0, 0.6891839378250856, 1.0, 0.0, 0.0, 0.0, 0.0, 0.0, 0.0, 0.0]",84577,121068,N1,dismiss,-0.3,ts,582,1
"[0.13333333333333328, -0.13333333333333328, -0.09600443951165374, -0.13846153846153847, -0.07999999999999999, 0.0, 0.0, 0.0, 1.0, 0.7059422282078749, 1.0, 0.0, 0.0, 0.0, 0.0, 0.0, 0.0, 0.0]",83435,143094,N1,accept,0.39333333333333326,ts,1240,1
"[0.6632653061224489, -0.6632653061224489, 0.0, -0.07526881720430108, -0.06896551724137931, 0.0, 0.0, 0.0, 1.0, 0.8995713911303937, 1.0, 0.0, 0.0, 0.0, 0.0, 0.0, 0.0, 0.0]",169065,169335,N6,dismiss,-0.3,ts,2813,0
"[0.20000000000000007, -0.20000000000000007, -0.2488262910798122, -0.011363636363636364, 0.0, 0.0, 0.0, 0.0, 1.0, 0.7410487326541809, 1.0, 0.0, 0.0, 0.0, 0.0, 0.0, 0.0, 0.0]",74280,32065,N1,accept,0.44000000000000006,ts,749,1
"[0.20000000000000007, -0.20000000000000007, -0.20398009950248752, -0.008547008547008548, 0.0, 0.0, 0.0, 0.0, 1.0, 0.7532869108470774, 1.0, 0.0, 0.0, 0.0, 0.0, 0.0, 0.0, 0.0]",72081,31966,N6,dismiss,-0.3,ts,1864,1
"[0.33333333333333337, -0.33333333333333337, -0.6677740863787376, 1.0, 1.0, 0.0, 0.0, 0.0, 1.0, 0.4199746037012671, 1.0, 0.0, 0.0, 0.0, 0.0, 0.0, 0.0, 0.0]",147349,174745,N1,dismiss,-0.3,ts,1071,1
"[0.20000000000000007, -0.20000000000000007, -0.00663349917081258, -0.011049723756906077, -0.36363636363636365, 0.0, 0.0, 0.0, 1.0, 0.7393974828154807, 1.0, 0.0, 0.0, 0.0, 0.0, 0.0, 0.0, 0.0]",174793,135483,N6,accept,0.44000000000000006,ts,986,1
"[0.4, -0.28, -0.2697495183044316, -0.18333333333333332, 1.0, 0.0, 0.0, 0.0, 1.0, 0.586722181322074, 1.0, 0.0, 0.0, 0.0, 0.0, 0.0, 0.0, 0.0]",16718,42569,N6,dismiss,-0.3,ts,2901,0
"[0.5599999999999999, -0.5599999999999999, 0.052291801162040054, 0.29454545454545455, -0.2448979591836735, 0.0, 0.0, 0.0, 1.0, 0.7767295963695724, 1.0, 0.0, 0.0, 0.0, 0.0, 0.0, 0.0, 0.0]",185412,87718,N6,dismiss,-0.3,ts,1654,0
"[0.4105263157894737, -0.4105263157894737, 0.047499999999999966, 1.0, 0.18, 0.0, 0.0, 0.0, 1.0, 0.6807486729796697, 1.0, 0.0, 0.0, 0.0, 0.0, 0.0, 0.0, 0.0]",174924,33277,N6,dismiss,-0.3,ts,1723,0
"[0.7162162162162162, -0.7162162162162162, 0.03710575139146568, -0.08256880733944955, -0.21428571428571427, 0.0, 0.0, 0.0, 1.0, 0.858348687981883, 1.0, 0.0, 0.0, 0.0, 0.0, 0.0, 0.0, 0.0]",63923,16731,N6,dismiss,-0.3,ts,2371,1
"[0.3636363636363637, -0.3636363636363637, 0.14285714285714285, 0.028169014084507043, 0.36363636363636365, 0.0, 0.0, 0.0, 1.0, 0.7388385917974343, 1.0, 0.0, 0.0, 0.0, 0.0, 0.0, 0.0, 0.0]",123011,123174,N6,dismiss,-0.3,ts,1420,0
"[0.11458333333333333, -0.11458333333333333, 0.0, -0.5587392550143266, -0.77, 0.0, 0.0, 0.0, 1.0, 0.5737732739088267, 1.0, 0.0, 0.0, 0.0, 0.0, 0.0, 0.0, 0.0]",107563,142262,N6,dismiss,-0.3,ts,1080,0
"[0.11627906976744183, -0.11627906976744183, 0.0, -0.034129692832764506, 0.0638297872340425, 0.0, 0.0, 0.0, 1.0, 0.7652934573031218, 1.0, 0.0, 0.0, 0.0, 0.0, 0.0, 0.0, 0.0]",33338,38840,N6,dismiss,-0.3,ts,545,1
"[0.18749999999999997, -0.18749999999999997, 0.1864406779661017, 0.7322834645669292, -0.1, 0.0, 0.0, 0.0, 1.0, 0.6137511118933905, 1.0, 0.0, 0.0, 0.0, 0.0, 0.0, 0.0, 0.0]",92706,114738,N6,accept,0.43124999999999997,ts,773,1
"[0.09090909090909098, -0.09090909090909098, 0.0, -0.002881844380403458, 0.041666666666666664, 0.0, 0.0, 0.0, 1.0, 0.7710257573776895, 1.0, 0.0, 0.0, 0.0, 0.0, 0.0, 0.0, 0.0]",43107,117053,N6,dismiss,-0.3,ts,1830,1
"[0.4, -0.4, -0.4222222222222222, -0.4868421052631579, 0.5625, 0.0, 0.0, 0.0, 1.0, 0.5755728232439214, 1.0, 0.0, 0.0, 0.0, 0.0, 0.0, 0.0, 0.0]",118876,183357,N6,dismiss,-0.3,ts,2326,1
"[0.296, -0.296, -0.5364546104360257, -0.042735042735042736, 0.30434782608695654, 0.0, 0.0, 0.0, 1.0, 0.6419621496973771, 1.0, 0.0, 0.0, 0.0, 0.0, 0.0, 0.0, 0.0]",88671,107458,N6,dismiss,-0.3,ts,1686,1
"[0.19999999999999993, -0.19999999999999993, 0.0, 0.0, 0.0, 0.0, 0.0, 0.0, 1.0, 0.8228281531128978, 1.0, 0.0, 0.0, 0.0, 0.0, 0.0, 0.0, 0.0]",133283,185640,N6,dismiss,-0.3,ts,2006,1
"[0.18750000000000003, -0.18750000000000003, -0.29411764705882354, 1.0, 0.44000000000000006, 0.0, 0.0, 0.0, 1.0, 0.4958926669599128, 1.0, 0.0, 0.0, 0.0, 0.0, 0.0, 0.0, 0.0]",18334,51654,N1,dismiss,-0.3,ts,967,1
"[0.20000000000000007, -0.20000000000000007, -0.1582278481012658, -0.036619718309859155, -0.08333333333333333, 0.0, 0.0, 0.0, 1.0, 0.7349526125212501, 1.0, 0.0, 0.0, 0.0, 0.0, 0.0, 0.0, 0.0]",109410,107170,N6,dismiss,-0.3,ts,549,1
"[0.3333333333333333, -0.3333333333333333, -0.08333333333333333, 0.18181818181818182, 0.11731843575419003, 0.0, 0.0, 0.0, 1.0, 0.7577259206367224, 1.0, 0.0, 0.0, 0.0, 0.0, 0.0, 0.0, 0.0]",165914,127600,N6,dismiss,-0.3,ts,2431,0
"[0.4444444444444445, -0.4444444444444445, 0.17096774193548378, -0.18, -0.58, 0.0, 0.0, 0.0, 1.0, 0.6894489194008218, 1.0, 0.0, 0.0, 0.0, 0.0, 0.0, 0.0, 0.0]",81420,132873,N1,dismiss,-0.3,ts,2488,1
"[0.25, -0.25, 0.2124062031015508, 0.001215066828675577, 0.0, 0.0, 0.0, 0.0, 1.0, 0.7700037600548302, 1.0, 0.0, 0.0, 0.0, 0.0, 0.0, 0.0, 0.0]",30337,15457,N1,dismiss,-0.3,ts,2004,1
"[0.09090909090909098, -0.09090909090909098, -0.18181818181818182, 0.07122507122507123, 0.0, 0.0, 0.0, 0.0, 1.0, 0.7029945661314697, 1.0, 0.0, 0.0, 0.0, 0.0, 0.0, 0.0, 0.0]",162723,151841,N6,dismiss,-0.3,ts,1555,1
"[0.4545454545454546, -0.4545454545454546, -0.4991652754590985, 0.08659217877094973, 1.0, 0.0, 0.0, 0.0, 1.0, 0.5991871381000974, 1.0, 0.0, 0.0, 0.0, 0.0, 0.0, 0.0, 0.0]",135481,107588,N1,dismiss,-0.3,ts,2666,1
"[0.5599999999999999, -0.5599999999999999, -0.04264577893820715, 0.34532374100719426, 1.0, 0.0, 0.0, 0.0, 1.0, 0.6938965752446645, 1.0, 0.0, 0.0, 0.0, 0.0, 0.0, 0.0, 0.0]",185576,89763,N6,dismiss,-0.3,ts,2915,1
"[0.5, -0.5, -0.8696, -0.05956112852664577, -0.21428571428571427, 0.0, 0.0, 0.0, 1.0, 0.674790161344931, 1.0, 0.0, 0.0, 0.0, 0.0, 0.0, 0.0, 0.0]",63925,63864,N1,accept,0.6499999999999999,ts,975,1
"[0.5714285714285715, -0.5714285714285715, 0.0, 0.0, 0.0, 0.0, 0.0, 0.0, 1.0, 0.9236956675786846, 1.0, 0.0, 0.0, 0.0, 0.0, 0.0, 0.0, 0.0]",37993,60788,N6,dismiss,-0.3,ts,1554,1
"[0.25, -0.25, -0.25925925925925924, 0.0778816199376947, 0.13636363636363635, 0.0, 0.0, 0.0, 1.0, 0.7012290684696982, 1.0, 0.0, 0.0, 0.0, 0.0, 0.0, 0.0, 0.0]",142493,117045,N6,accept,0.475,ts,1055,0
"[0.24999999999999997, -0.24999999999999997, 0.16666666666666666, 0.0, 0.0, 0.0, 0.0, 0.0, 1.0, 0.7828956117024544, 1.0, 0.0, 0.0, 0.0, 0.0, 0.0, 0.0, 0.0]",18305,18309,N1,dismiss,-0.3,ts,1011,1
"[0.09259259259259267, -0.09259259259259267, -0.739344262295082, 0.002857142857142857, -0.03999999999999997, 0.0, 0.0, 0.0, 1.0, 0.6177007047994388, 1.0, 0.0, 0.0, 0.0, 0.0, 0.0, 0.0, 0.0]",15687,105872,N6,dismiss,-0.3,ts,551,1
"[0.09999999999999996, -0.09999999999999996, 0.0, -0.1005586592178771, 0.0, 0.0, 0.0, 0.0, 1.0, 0.7598937305521247, 1.0, 0.0, 0.0, 0.0, 0.0, 0.0, 0.0, 0.0]",127521,108202,N6,accept,0.36999999999999994,ts,702,0
"[0.1111111111111112, -0.1111111111111112, -0.09008189262966337, 0.15579710144927536, 0.4, 0.0, 0.0, 0.0, 1.0, 0.6355529250549651, 1.0, 0.0, 0.0, 0.0, 0.0, 0.0, 0.0, 0.0]",64516,63925,N6,dismiss,-0.3,ts,549,0
"[0.9099999999999999, -0.9099999999999999, -0.06094182825484772, 0.10465116279069768, -0.20689655172413793, 0.0, 0.0, 0.0, 1.0, 0.8672803434512998, 1.0, 0.0, 0.0, 0.0, 0.0, 0.0, 0.0, 0.0]",123511,89765,N6,dismiss,-0.3,ts,1603,0
"[0.23076923076923078, -0.23076923076923078, 0.16725978647686818, 0.46153846153846156, 0.3389830508474576, 0.0, 0.0, 0.0, 1.0, 0.6121178853886537, 1.0, 0.0, 0.0, 0.0, 0.0, 0.0, 0.0, 0.0]",43763,15178,N1,dismiss,-0.3,ts,2824,1
"[0.09999999999999996, -0.09999999999999996, 0.0, -0.2, -0.44000000000000006, 0.0, 0.0, 0.0, 1.0, 0.6499867020634126, 1.0, 0.0, 0.0, 0.0, 0.0, 0.0, 0.0, 0.0]",18598,155816,N6,dismiss,-0.3,ts,1355,1
"[0.1111111111111112, -0.1111111111111112, -0.5135678391959799, 0.0, 0.0, 0.0, 0.0, 0.0, 1.0, 0.6628913050757039, 1.0, 0.0, 0.0, 0.0, 0.0, 0.0, 0.0, 0.0]",16809,110501,N6,accept,0.3777777777777778,ts,1454,0
"[0.076923076923077, -0.076923076923077, 0.0, 0.0, 0.0, 0.0, 0.0, 0.0, 1.0, 0.7787188164556538, 1.0, 0.0, 0.0, 0.0, 0.0, 0.0, 0.0, 0.0]",93850,174745,N6,accept,0.35384615384615387,ts,2701,1
"[0.3636363636363637, -0.3636363636363637, 0.0, 0.0, 0.0, 0.0, 0.0, 0.0, 1.0, 0.8742764353476687, 1.0, 0.0, 0.0, 0.0, 0.0, 0.0, 0.0, 0.0]",123031,123174,N6,dismiss,-0.3,ts,1699,0
"[0.050000000000000044, -0.050000000000000044, 0.23767935121646902, 0.28, -0.21999999999999997, 0.0, 0.0, 0.0, 1.0, 0.5753341503687988, 1.0, 0.0, 0.0, 0.0, 0.0, 0.0, 0.0, 0.0]",115984,94324,N6,dismiss,-0.3,ts,1991,0
"[0.7058823529411765, -0.7058823529411765, 0.17350527549824157, 1.0, 1.0, 0.0, 0.0, 0.0, 1.0, 0.5877642613125235, 1.0, 0.0, 0.0, 0.0, 0.0, 0.0, 0.0, 0.0]",147129,170191,N1,dismiss,-0.3,ts,2573,1
"[0.2, -0.2, -0.425, -0.1678832116788321, -0.26666666666666666, 0.0, 0.0, 0.0, 1.0, 0.603526579115756, 1.0, 0.0, 0.0, 0.0, 0.0, 0.0, 0.0, 0.0]",115289,178949,N1,accept,0.43999999999999995,ts,1859,1
"[0.10714285714285708, -0.10714285714285708, 0.052770448548812667, -0.20761245674740483, -0.3333333333333333, 0.0, 0.0, 0.0, 1.0, 0.64584505204145, 1.0, 0.0, 0.0, 0.0, 0.0, 0.0, 0.0, 0.0]",105432,185375,N6,dismiss,-0.3,ts,405,1
"[0.3382352941176471, -0.3382352941176471, -0.3671817512877116, 0.026239067055393587, 0.1641791044776119, 0.0, 0.0, 0.0, 1.0, 0.7132792099227282, 1.0, 0.0, 0.0, 0.0, 0.0, 0.0, 0.0, 0.0]",185707,105899,N1,dismiss,-0.3,ts,663,1
"[0.25, -0.25, 0.0, -0.008595988538681949, 0.08695652173913043, 0.0, 0.0, 0.0, 1.0, 0.8130880893622596, 1.0, 0.0, 0.0, 0.0, 0.0, 0.0, 0.0, 0.0]",57106,117045,N1,accept,0.475,ts,2001,1
"[0.36000000000000004, -0.36000000000000004, -0.4794794794794795, -0.5260869565217391, 0.3684210526315789, 0.0, 0.0, 0.0, 1.0, 0.5740754538673325, 1.0, 0.0, 0.0, 0.0, 0.0, 0.0, 0.0, 0.0]",191335,169893,N6,dismiss,-0.3,ts,1756,1
"[0.19999999999999993, -0.19999999999999993, -0.25, -0.8833333333333333, -0.7454545454545454, 0.0, 0.0, 0.0, 1.0, 0.5035447216368699, 1.0, 0.0, 0.0, 0.0, 0.0, 0.0, 0.0, 0.0]",126074,18330,N1,dismiss,-0.3,ts,789,1
"[0.625, -0.625, -0.24279210925644926, -0.02158273381294964, 0.0, 0.0, 0.0, 0.0, 1.0, 0.8502483349026053, 1.0, 0.0, 0.0, 0.0, 0.0, 0.0, 0.0, 0.0]",19865,81422,N6,accept,0.7375,ts,2091,1
"[0.4444444444444444, -0.4444444444444444, -0.2748368382886149, 0.0, 0.0, 0.0, 0.0, 0.0, 1.0, 0.8111233590048853, 1.0, 0.0, 0.0, 0.0, 0.0, 0.0, 0.0, 0.0]",141749,93843,N6,dismiss,-0.3,ts,2697,1
"[0.9137254901960783, -0.9137254901960783, 0.05563282336578581, -0.43820224719101125, 0.4666666666666667, 0.0, 0.0, 0.0, 1.0, 0.7700744049956784, 1.0, 0.0, 0.0, 0.0, 0.0, 0.0, 0.0, 0.0]",128242,85794,N6,dismiss,-0.3,ts,1457,1
"[0.0624999999999999, -0.0624999999999999, -0.4134375, -0.25838926174496646, -0.29411764705882354, 0.0, 0.0, 0.0, 1.0, 0.5336136768150922, 1.0, 0.0, 0.0, 0.0, 0.0, 0.0, 0.0, 0.0]",104963,104466,N1,dismiss,-0.3,ts,2326,1
"[0.25, -0.25, -0.5940460081190798, -0.0546448087431694, 1.0, 0.0, 0.0, 0.0, 1.0, 0.5370968143236092, 1.0, 0.0, 0.0, 0.0, 0.0, 0.0, 0.0, 0.0]",189368,117045,N6,dismiss,-0.3,ts,2905,0
"[0.5170454545454546, -0.5170454545454546, 0.2222222222222222, -0.3787878787878788, 0.1, 0.0, 0.0, 0.0, 1.0, 0.733904820245883, 1.0, 0.0, 0.0, 0.0, 0.0, 0.0, 0.0, 0.0]",30710,87406,N3,accept,0.6619318181818181,ts,2294,1
"[0.8530612244897959, -0.8530612244897959, -0.3026455026455026, 0.10526315789473684, 0.631578947368421, 0.0, 0.0, 0.0, 1.0, 0.7372147538127957, 1.0, 0.0, 0.0, 0.0, 0.0, 0.0, 0.0, 0.0]",180524,170138,N6,dismiss,-0.3,ts,1668,0
"[0.4545454545454546, -0.4545454545454546, -0.3942101501072195, -0.0169971671388102, 0.4666666666666667, 0.0, 0.0, 0.0, 1.0, 0.6930601486020554, 1.0, 0.0, 0.0, 0.0, 0.0, 0.0, 0.0, 0.0]",88669,108828,N6,dismiss,-0.3,ts,2661,0
"[0.164, -0.164, -0.6836, -0.1, 0.088, 0.0, 0.0, 0.0, 1.0, 0.6098549356396384, 1.0, 0.0, 0.0, 0.0, 0.0, 0.0, 0.0, 0.0]",85224,134716,N6,dismiss,-0.3,ts,1293,0
"[0.30000000000000004, -0.30000000000000004, -0.3508771929824562, -0.08, 0.059999999999999984, 0.0, 0.0, 0.0, 1.0, 0.7154773582189826, 1.0, 0.0, 0.0, 0.0, 0.0, 0.0, 0.0, 0.0]",110598,141822,N6,dismiss,-0.3,ts,1262,0
"[0.14, -0.14, -0.323238566131026, 0.0, 0.0, 0.0, 0.0, 0.0, 1.0, 0.7065192485809642, 1.0, 0.0, 0.0, 0.0, 0.0, 0.0, 0.0, 0.0]",74215,69993,N6,dismiss,-0.3,ts,800,0
"[0.09999999999999998, -0.09999999999999998, 0.061946902654867304, -0.008595988538681949, 0.2727272727272727, 0.0, 0.0, 0.0, 1.0, 0.6982959757009977, 1.0, 0.0, 0.0, 0.0, 0.0, 0.0, 0.0, 0.0]",82376,111476,N6,dismiss,-0.3,ts,1988,1
"[0.07692307692307684, -0.07692307692307684, -0.0039890301670405534, -0.08571428571428572, -0.043478260869565216, 0.0, 0.0, 0.0, 1.0, 0.7410061614869147, 1.0, 0.0, 0.0, 0.0, 0.0, 0.0, 0.0, 0.0]",155844,139805,N6,dismiss,-0.3,ts,504,1
"[0.24999999999999997, -0.24999999999999997, -0.3948, 0.0, 0.0, 0.0, 0.0, 0.0, 1.0, 0.7303946234902753, 1.0, 0.0, 0.0, 0.0, 0.0, 0.0, 0.0, 0.0]",69946,90167,N6,accept,0.475,ts,2441,1
"[0.42647058823529416, -0.42647058823529416, -0.3333333333333333, 0.0, 0.0, 0.0, 0.0, 0.0, 1.0, 0.7938582383694067, 1.0, 0.0, 0.0, 0.0, 0.0, 0.0, 0.0, 0.0]",167076,51654,N6,dismiss,-0.3,ts,960,1
"[0.3714285714285714, -0.3714285714285714, -0.25974025974025977, 0.0, 0.0, 0.0, 0.0, 0.0, 1.0, 0.7954295127189384, 1.0, 0.0, 0.0, 0.0, 0.0, 0.0, 0.0, 0.0]",63899,48999,N6,accept,0.5599999999999999,ts,2528,1
"[0.14, -0.14, -0.12400000000000005, 0.05263157894736842, -0.1, 0.0, 0.0, 0.0, 1.0, 0.7156363704875062, 1.0, 0.0, 0.0, 0.0, 0.0, 0.0, 0.0, 0.0]",174942,69993,N6,dismiss,-0.3,ts,1944,0
"[0.7138047138047138, -0.7138047138047138, -0.5411887382690302, -0.1, 0.1, 0.0, 0.0, 0.0, 1.0, 0.7608089122431839, 1.0, 0.0, 0.0, 0.0, 0.0, 0.0, 0.0, 0.0]",141707,87406,N3,accept,0.7996632996632995,ts,2137,1
"[0.4545454545454546, -0.4545454545454546, -0.060150375939849676, 0.13742690058479531, 1.0, 0.0, 0.0, 0.0, 1.0, 0.7035698820670233, 1.0, 0.0, 0.0, 0.0, 0.0, 0.0, 0.0, 0.0]",107170,107588,N1,accept,0.6181818181818182,ts,1152,1
"[0.7420634920634921, -0.7420634920634921, -0.05542857142857136, -0.6277533039647577, 0.5454545454545454, 0.0, 0.0, 0.0, 1.0, 0.7234281348976884, 1.0, 0.0, 0.0, 0.0, 0.0, 0.0, 0.0, 0.0]",169062,61360,N6,dismiss,-0.3,ts,712,1
"[0.375, -0.375, -0.36161335187760785, -0.2, -0.18, 0.0, 0.0, 0.0, 1.0, 0.679693785618543, 1.0, 0.0, 0.0, 0.0, 0.0, 0.0, 0.0, 0.0]",63907,113027,N6,accept,0.5625,ts,1258,1
"[0.014492753623188259, -0.014492753623188259, 0.211283185840708, -0.26, 0.0, 0.0, 0.0, 0.0, 1.0, 0.6256845598961668, 1.0, 0.0, 0.0, 0.0, 0.0, 0.0, 0.0, 0.0]",79808,77265,N6,dismiss,-0.3,ts,1213,0
"[0.0624999999999999, -0.0624999999999999, -0.4134375, -0.25838926174496646, -0.29411764705882354, 0.0, 0.0, 0.0, 1.0, 0.5336136768150922, 1.0, 0.0, 0.0, 0.0, 0.0, 0.0, 0.0, 0.0]",104963,104466,N6,dismiss,-0.3,ts,563,0
"[0.09090909090909098, -0.09090909090909098, 0.0, -0.008695652173913044, -0.23076923076923078, 0.0, 0.0, 0.0, 1.0, 0.7258419974830486, 1.0, 0.0, 0.0, 0.0, 0.0, 0.0, 0.0, 0.0]",43134,43087,N6,dismiss,-0.3,ts,2428,1
"[0.8857142857142857, -0.8857142857142857, -0.05006257822277847, -0.27184466019417475, -0.18518518518518517, 0.0, 0.0, 0.0, 1.0, 0.8388318957168887, 1.0, 0.0, 0.0, 0.0, 0.0, 0.0, 0.0, 0.0]",138627,85795,N6,accept,0.9199999999999999,ts,1759,1
"[0.4, -0.4, -0.38916591115140525, 0.0, 0.0, 0.0, 0.0, 0.0, 1.0, 0.7760966621843771, 1.0, 0.0, 0.0, 0.0, 0.0, 0.0, 0.0, 0.0]",16660,147380,N6,dismiss,-0.3,ts,413,1
"[0.27536231884057966, -0.27536231884057966, -0.519358407079646, -0.22, -0.07999999999999999, 0.0, 0.0, 0.0, 1.0, 0.6429721868325091, 1.0, 0.0, 0.0, 0.0, 0.0, 0.0, 0.0, 0.0]",79808,81996,N1,dismiss,-0.3,ts,662,1
"[0.16666666666666666, -0.16666666666666666, -0.16749999999999995, 1.0, 0.06145251396648053, 0.0, 0.0, 0.0, 1.0, 0.5897690701959244, 1.0, 0.0, 0.0, 0.0, 0.0, 0.0, 0.0, 0.0]",165914,191334,N6,dismiss,-0.3,ts,1420,0
"[0.5636363636363637, -0.5636363636363637, -0.34782608695652173, -0.008571428571428572, 0.8333333333333334, 0.0, 0.0, 0.0, 1.0, 0.6977034797961174, 1.0, 0.0, 0.0, 0.0, 0.0, 0.0, 0.0, 0.0]",108745,107659,N6,accept,0.6945454545454546,ts,1541,1
"[0.5636363636363637, -0.5636363636363637, -0.5024875621890547, -0.027855153203342618, 0.6, 0.0, 0.0, 0.0, 1.0, 0.6824336821005992, 1.0, 0.0, 0.0, 0.0, 0.0, 0.0, 0.0, 0.0]",43347,107563,N6,dismiss,-0.3,ts,686,1
"[0.3230769230769231, -0.3230769230769231, -0.39503932244404116, 1.0, -0.6470588235294118, 0.0, 0.0, 0.0, 1.0, 0.49503773927859074, 1.0, 0.0, 0.0, 0.0, 0.0, 0.0, 0.0, 0.0]",61360,169349,N6,accept,0.5261538461538462,ts,941,0
"[0.25, -0.25, -0.5940460081190798, -0.0546448087431694, 1.0, 0.0, 0.0, 0.0, 1.0, 0.5370968143236092, 1.0, 0.0, 0.0, 0.0, 0.0, 0.0, 0.0, 0.0]",189368,117045,N1,dismiss,-0.3,ts,1842,1
"[0.20000000000000007, -0.20000000000000007, -0.5635935397039031, -0.11811023622047244, 1.0, 0.0, 0.0, 0.0, 1.0, 0.5263580713412344, 1.0, 0.0, 0.0, 0.0, 0.0, 0.0, 0.0, 0.0]",106733,107458,N6,dismiss,-0.3,ts,1161,1
"[0.16666666666666663, -0.16666666666666663, 0.14139110604332955, 0.0, -0.020000000000000018, 0.0, 0.0, 0.0, 1.0, 0.7560848641204935, 1.0, 0.0, 0.0, 0.0, 0.0, 0.0, 0.0, 0.0]",87098,87100,N6,dismiss,-0.3,ts,594,0
"[0.5, -0.5, -0.4586, -0.05956112852664577, -0.21428571428571427, 0.0, 0.0, 0.0, 1.0, 0.7195852783317834, 1.0, 0.0, 0.0, 0.0, 0.0, 0.0, 0.0, 0.0]",63925,82038,N3,accept,0.6499999999999999,ts,717,1
"[0.8214285714285715, -0.8214285714285715, -0.47950310559006215, 0.14285714285714285, 1.0, 0.0, 0.0, 0.0, 1.0, 0.6642878774361393, 1.0, 0.0, 0.0, 0.0, 0.0, 0.0, 0.0, 0.0]",91072,57551,N6,dismiss,-0.3,ts,2043,1
"[0.22602739726027393, -0.22602739726027393, -0.43941286695815124, 0.0, 0.125, 0.0, 0.0, 0.0, 1.0, 0.6815294341939637, 1.0, 0.0, 0.0, 0.0, 0.0, 0.0, 0.0, 0.0]",43388,143110,N1,dismiss,-0.3,ts,1614,1
"[0.6136363636363636, -0.6136363636363636, -0.5024875621890547, -0.5612535612535613, -0.6166666666666667, 0.0, 0.0, 0.0, 1.0, 0.5972562454055956, 1.0, 0.0, 0.0, 0.0, 0.0, 0.0, 0.0, 0.0]",72081,142262,N6,accept,0.7295454545454545,ts,2133,1
"[0.52, -0.52, 0.0, -0.056666666666666664, -0.09090909090909091, 0.0, 0.0, 0.0, 1.0, 0.8721675631282664, 1.0, 0.0, 0.0, 0.0, 0.0, 0.0, 0.0, 0.0]",174763,49000,N6,dismiss,-0.3,ts,1472,1
"[0.31034482758620696, -0.31034482758620696, -0.7581317764804003, -0.9132947976878613, -0.8941176470588235, 0.0, 0.0, 0.0, 1.0, 0.45178117677251567, 1.0, 0.0, 0.0, 0.0, 0.0, 0.0, 0.0, 0.0]",64502,70828,N6,dismiss,-0.3,ts,2399,0
"[0.5714285714285715, -0.5714285714285715, 0.0, 0.0, 0.0, 0.0, 0.0, 0.0, 1.0, 0.9236956675786846, 1.0, 0.0, 0.0, 0.0, 0.0, 0.0, 0.0, 0.0]",37993,60788,N6,dismiss,-0.3,ts,748,1
"[0.02500000000000002, -0.02500000000000002, -0.028182701652089328, -0.06, -0.07999999999999999, 0.0, 0.0, 0.0, 1.0, 0.709268980968216, 1.0, 0.0, 0.0, 0.0, 0.0, 0.0, 0.0, 0.0]",114070,62540,N6,dismiss,-0.3,ts,1403,0
"[0.11999999999999993, -0.11999999999999993, 0.1, -0.00847457627118644, 0.07692307692307693, 0.0, 0.0, 0.0, 1.0, 0.7343560069584029, 1.0, 0.0, 0.0, 0.0, 0.0, 0.0, 0.0, 0.0]",108827,162723,N6,dismiss,-0.3,ts,1388,1
"[0.3333333333333333, -0.3333333333333333, -0.48406676783004554, -0.44761904761904764, -0.6129032258064516, 0.0, 0.0, 0.0, 1.0, 0.546792220645576, 1.0, 0.0, 0.0, 0.0, 0.0, 0.0, 0.0, 0.0]",170138,175100,N6,dismiss,-0.3,ts,766,0
"[0.20000000000000007, -0.20000000000000007, 0.043478260869565216, -0.017142857142857144, -0.041666666666666664, 0.0, 0.0, 0.0, 1.0, 0.7891225128321847, 1.0, 0.0, 0.0, 0.0, 0.0, 0.0, 0.0, 0.0]",108745,31972,N6,accept,0.44000000000000006,ts,1516,1
"[0.2972972972972973, -0.2972972972972973, 0.052770448548812667, -0.015748031496062992, -0.45614035087719296, 0.0, 0.0, 0.0, 1.0, 0.7401980539852661, 1.0, 0.0, 0.0, 0.0, 0.0, 0.0, 0.0, 0.0]",31679,110599,N6,dismiss,-0.3,ts,1784,1
"[0.09090909090909098, -0.09090909090909098, -0.4429561200923788, 0.0, 0.0, 0.0, 0.0, 0.0, 1.0, 0.6663487318691406, 1.0, 0.0, 0.0, 0.0, 0.0, 0.0, 0.0, 0.0]",43671,113685,N6,dismiss,-0.3,ts,2136,1
"[0.3636363636363637, -0.3636363636363637, 0.0, 0.0, 0.0, 0.0, 0.0, 0.0, 1.0, 0.8742764353476687, 1.0, 0.0, 0.0, 0.0, 0.0, 0.0, 0.0, 0.0]",123054,123174,N6,accept,0.5545454545454546,ts,2094,0
"[0.24999999999999992, -0.24999999999999992, 0.2002503128911139, -0.38235294117647056, 0.13333333333333333, 0.0, 0.0, 0.0, 1.0, 0.6582961325508248, 1.0, 0.0, 0.0, 0.0, 0.0, 0.0, 0.0, 0.0]",139806,115240,N6,accept,0.4749999999999999,ts,1013,0
"[0.5170454545454546, -0.5170454545454546, 0.0, -0.19607843137254902, 0.05999999999999996, 0.0, 0.0, 0.0, 1.0, 0.8469166836554074, 1.0, 0.0, 0.0, 0.0, 0.0, 0.0, 0.0, 0.0]",130670,87406,N6,dismiss,-0.3,ts,1271,1
"[0.4444444444444445, -0.4444444444444445, 0.158311345646438, -0.7, -0.72, 0.0, 0.0, 0.0, 1.0, 0.6139455672327484, 1.0, 0.0, 0.0, 0.0, 0.0, 0.0, 0.0, 0.0]",145573,110076,N6,dismiss,-0.3,ts,2506,0
"[0.5636363636363637, -0.5636363636363637, 0.12023898431665417, 0.09577464788732394, 1.0, 0.0, 0.0, 0.0, 1.0, 0.717385695184449, 1.0, 0.0, 0.0, 0.0, 0.0, 0.0, 0.0, 0.0]",123260,107588,N6,dismiss,-0.3,ts,589,1
"[0.5636363636363637, -0.5636363636363637, -0.5305164319248826, 0.10511363636363637, 1.0, 0.0, 0.0, 0.0, 1.0, 0.6332517680268945, 1.0, 0.0, 0.0, 0.0, 0.0, 0.0, 0.0, 0.0]",74282,107588,N6,accept,0.6945454545454546,ts,2678,1
"[0.09999999999999996, -0.09999999999999996, 0.0, -0.1005586592178771, 0.0, 0.0, 0.0, 0.0, 1.0, 0.7598937305521247, 1.0, 0.0, 0.0, 0.0, 0.0, 0.0, 0.0, 0.0]",127521,108202,N6,accept,0.36999999999999994,ts,2951,0
"[0.1666666666666667, -0.1666666666666667, -0.4, -0.9, -0.8363636363636363, 0.0, 0.0, 0.0, 1.0, 0.4540504462586627, 1.0, 0.0, 0.0, 0.0, 0.0, 0.0, 0.0, 0.0]",41388,71728,N6,dismiss,-0.3,ts,706,1
"[0.24242424242424238, -0.24242424242424238, -0.12539184952978058, 0.0, 0.05999999999999996, 0.0, 0.0, 0.0, 1.0, 0.7757794539884737, 1.0, 0.0, 0.0, 0.0, 0.0, 0.0, 0.0, 0.0]",182863,19612,N1,accept,0.4696969696969696,ts,2582,1
"[0.04247104247104243, -0.04247104247104243, -0.17496318114874818, 0.05421686746987952, 0.08695652173913043, 0.0, 0.0, 0.0, 1.0, 0.667494374045443, 1.0, 0.0, 0.0, 0.0, 0.0, 0.0, 0.0, 0.0]",61096,89602,N1,accept,0.3297297297297297,ts,2528,1
"[0.44, -0.44, -0.3220035778175313, 0.09333333333333334, -0.5545454545454546, 0.0, 0.0, 0.0, 1.0, 0.6735644390777678, 1.0, 0.0, 0.0, 0.0, 0.0, 0.0, 0.0, 0.0]",16728,49086,N6,dismiss,-0.3,ts,1123,1
"[0.8785714285714287, -0.8785714285714287, -0.35714285714285715, 0.0, 0.0, 0.0, 0.0, 0.0, 1.0, 0.8644708419781049, 1.0, 0.0, 0.0, 0.0, 0.0, 0.0, 0.0, 0.0]",164512,18219,N6,accept,0.915,ts,1354,1
"[0.72, -0.72, 0.2222222222222222, 0.4, 0.0, 0.0, 0.0, 0.0, 1.0, 0.7939351965744494, 1.0, 0.0, 0.0, 0.0, 0.0, 0.0, 0.0, 0.0]",30621,74186,N6,accept,0.804,ts,1250,1
"[0.25, -0.25, 0.08600392413342063, 0.006075334143377886, 0.0, 0.0, 0.0, 0.0, 1.0, 0.8061722905617785, 1.0, 0.0, 0.0, 0.0, 0.0, 0.0, 0.0, 0.0]",75083,30338,N6,accept,0.475,ts,1209,0
"[0.09999999999999996, -0.09999999999999996, -0.2505, -0.3416666666666667, -0.44000000000000006, 0.0, 0.0, 0.0, 1.0, 0.5463632436722876, 1.0, 0.0, 0.0, 0.0, 0.0, 0.0, 0.0, 0.0]",18598,155616,N6,accept,0.36999999999999994,ts,2164,1
"[0.375, -0.375, -0.003994008986520312, 0.8733333333333333, -0.17647058823529413, 0.0, 0.0, 0.0, 1.0, 0.7074121555874953, 1.0, 0.0, 0.0, 0.0, 0.0, 0.0, 0.0, 0.0]",107861,60954,N6,dismiss,-0.3,ts,2430,1
"[0.5945945945945946, -0.5945945945945946, 0.11131725417439703, -0.14040114613180515, -0.26666666666666666, 0.0, 0.0, 0.0, 1.0, 0.789436773317604, 1.0, 0.0, 0.0, 0.0, 0.0, 0.0, 0.0, 0.0]",63922,16729,N6,dismiss,-0.3,ts,1898,1
"[0.625, -0.625, 0.066711140760507, -0.08904109589041095, -0.13333333333333333, 0.0, 0.0, 0.0, 1.0, 0.8489572716197578, 1.0, 0.0, 0.0, 0.0, 0.0, 0.0, 0.0, 0.0]",128284,128247,N6,accept,0.7375,ts,1833,0
"[0.14285714285714285, -0.14285714285714285, 0.13333333333333333, 1.0, -0.23809523809523808, 0.0, 0.0, 0.0, 1.0, 0.5596889746063702, 1.0, 0.0, 0.0, 0.0, 0.0, 0.0, 0.0, 0.0]",175348,113825,N6,dismiss,-0.3,ts,2114,0
"[0.41666666666666663, -0.41666666666666663, 0.0333889816360601, -0.02857142857142857, -0.015999999999999945, 0.0, 0.0, 0.0, 1.0, 0.8626753628631801, 1.0, 0.0, 0.0, 0.0, 0.0, 0.0, 0.0, 0.0]",19869,39280,N1,dismiss,-0.3,ts,2422,1
"[0.023255813953488292, -0.023255813953488292, 0.1956001912960306, 0.16556291390728478, -0.014285714285714235, 0.0, 0.0, 0.0, 1.0, 0.6474584734267568, 1.0, 0.0, 0.0, 0.0, 0.0, 0.0, 0.0, 0.0]",115226,15171,N6,dismiss,-0.3,ts,2129,0
"[0.3, -0.3, 0.2, 0.0, 0.0, 0.0, 0.0, 0.0, 1.0, 0.7895387605196299, 1.0, 0.0, 0.0, 0.0, 0.0, 0.0, 0.0, 0.0]",133969,50807,N3,accept,0.51,ts,2058,1
"[0.09999999999999996, -0.09999999999999996, 0.0, -0.1005586592178771, 0.0, 0.0, 0.0, 0.0, 1.0, 0.7598937305521247, 1.0, 0.0, 0.0, 0.0, 0.0, 0.0, 0.0, 0.0]",127521,108202,N6,dismiss,-0.3,ts,2680,0
"[0.26470588235294124, -0.26470588235294124, -0.5676126878130218, -0.24, -0.019999999999999973, 0.0, 0.0, 0.0, 1.0, 0.6455632547610937, 1.0, 0.0, 0.0, 0.0, 0.0, 0.0, 0.0, 0.0]",18053,189203,N1,dismiss,-0.3,ts,2067,1
"[0.16666666666666666, -0.16666666666666666, 0.21108179419525067, -0.12096774193548387, -0.35714285714285715, 0.0, 0.0, 0.0, 1.0, 0.6335522942683649, 1.0, 0.0, 0.0, 0.0, 0.0, 0.0, 0.0, 0.0]",89593,164354,N6,dismiss,-0.3,ts,1451,0
"[0.25000000000000006, -0.25000000000000006, 0.1111111111111111, 0.0, 0.0, 0.0, 0.0, 0.0, 1.0, 0.7997368301710582, 1.0, 0.0, 0.0, 0.0, 0.0, 0.0, 0.0, 0.0]",62598,18364,N6,accept,0.475,ts,1761,1
"[0.20000000000000007, -0.20000000000000007, -0.00663349917081258, 0.019943019943019943, -0.5, 0.0, 0.0, 0.0, 1.0, 0.7195090339231701, 1.0, 0.0, 0.0, 0.0, 0.0, 0.0, 0.0, 0.0]",15532,135481,N6,accept,0.44000000000000006,ts,1718,1
"[0.72, -0.72, -0.20040080160320642, 0.0, 0.0, 0.0, 0.0, 0.0, 1.0, 0.8822563603994524, 1.0, 0.0, 0.0, 0.0, 0.0, 0.0, 0.0, 0.0]",130669,30620,N6,accept,0.804,ts,2308,1
"[0.20000000000000007, -0.20000000000000007, -0.0016666666666666904, 0.019943019943019943, -0.5, 0.0, 0.0, 0.0, 1.0, 0.7214793530593256, 1.0, 0.0, 0.0, 0.0, 0.0, 0.0, 0.0, 0.0]",15534,135483,N6,dismiss,-0.3,ts,1756,0
"[0.5652173913043479, -0.5652173913043479, 0.1575289575289576, -0.06862745098039216, 0.12000000000000005, 0.0, 0.0, 0.0, 1.0, 0.8171887144159775, 1.0, 0.0, 0.0, 0.0, 0.0, 0.0, 0.0, 0.0]",179650,104485,N6,dismiss,-0.3,ts,1897,0
"[0.25000000000000006, -0.25000000000000006, -0.2, -0.4, -0.41999999999999993, 0.0, 0.0, 0.0, 1.0, 0.6058092819267695, 1.0, 0.0, 0.0, 0.0, 0.0, 0.0, 0.0, 0.0]",18330,29439,N6,dismiss,-0.3,ts,2336,1
"[0.11111111111111106, -0.11111111111111106, 0.21052631578947367, 0.22440944881889763, 0.86, 0.0, 0.0, 0.0, 1.0, 0.5451733916109797, 1.0, 0.0, 0.0, 0.0, 0.0, 0.0, 0.0, 0.0]",54392,91068,N6,dismiss,-0.3,ts,2580,1
"[0.3230769230769231, -0.3230769230769231, -0.39503932244404116, 1.0, -0.6470588235294118, 0.0, 0.0, 0.0, 1.0, 0.49503773927859074, 1.0, 0.0, 0.0, 0.0, 0.0, 0.0, 0.0, 0.0]",61360,169349,N6,accept,0.5261538461538462,ts,2240,0
"[0.14, -0.14, -0.02666666666666673, 0.0625, -0.1, 0.0, 0.0, 0.0, 1.0, 0.7465385609804288, 1.0, 0.0, 0.0, 0.0, 0.0, 0.0, 0.0, 0.0]",141632,69993,N6,accept,0.398,ts,2651,0
"[0.2045454545454546, -0.2045454545454546, 0.006343906510851462, -0.019553072625698324, 1.0, 0.0, 0.0, 0.0, 1.0, 0.6864109839014316, 1.0, 0.0, 0.0, 0.0, 0.0, 0.0, 0.0, 0.0]",135481,74278,N6,accept,0.44318181818181823,ts,1270,1
"[0.8714285714285714, -0.8714285714285714, -0.15512820512820505, 0.16022099447513813, 0.7222222222222222, 0.0, 0.0, 0.0, 1.0, 0.7567952415809388, 1.0, 0.0, 0.0, 0.0, 0.0, 0.0, 0.0, 0.0]",146678,170138,N1,dismiss,-0.3,ts,1471,1
"[0.7794117647058824, -0.7794117647058824, -0.26833333333333337, -0.21348314606741572, -0.1111111111111111, 0.0, 0.0, 0.0, 1.0, 0.7909195158039882, 1.0, 0.0, 0.0, 0.0, 0.0, 0.0, 0.0, 0.0]",138519,128254,N1,dismiss,-0.3,ts,1282,1
"[0.1666666666666667, -0.1666666666666667, -0.7180327868852459, 0.005714285714285714, 0.03999999999999997, 0.0, 0.0, 0.0, 1.0, 0.6455649444844354, 1.0, 0.0, 0.0, 0.0, 0.0, 0.0, 0.0, 0.0]",15687,105899,N6,dismiss,-0.3,ts,1626,1
"[0.11999999999999993, -0.11999999999999993, -0.5454545454545454, 0.039886039886039885, 0.07142857142857142, 0.0, 0.0, 0.0, 1.0, 0.6302331133276987, 1.0, 0.0, 0.0, 0.0, 0.0, 0.0, 0.0, 0.0]",70001,123143,N6,dismiss,-0.3,ts,550,1
"[0.11999999999999993, -0.11999999999999993, -0.05565217391304353, 0.3215547703180212, 0.702127659574468, 0.0, 0.0, 0.0, 1.0, 0.589134277285568, 1.0, 0.0, 0.0, 0.0, 0.0, 0.0, 0.0, 0.0]",185510,162740,N6,dismiss,-0.3,ts,1348,1
"[0.20000000000000007, -0.20000000000000007, -0.24181818181818182, -0.037037037037037035, -0.14285714285714285, 0.0, 0.0, 0.0, 1.0, 0.6981476542695305, 1.0, 0.0, 0.0, 0.0, 0.0, 0.0, 0.0, 0.0]",162723,108746,N6,dismiss,-0.3,ts,1483,1
"[0.5599999999999999, -0.5599999999999999, 0.24223602484472048, 0.34615384615384615, -0.20212765957446813, 0.0, 0.0, 0.0, 1.0, 0.7198407737388159, 1.0, 0.0, 0.0, 0.0, 0.0, 0.0, 0.0, 0.0]",185582,30082,N6,dismiss,-0.3,ts,2703,1
"[0.25, -0.25, -0.3076404494382023, -0.0024271844660194173, 0.0, 0.0, 0.0, 0.0, 1.0, 0.7469607690022103, 1.0, 0.0, 0.0, 0.0, 0.0, 0.0, 0.0, 0.0]",70069,189231,N6,dismiss,-0.3,ts,1030,0
"[0.25, -0.25, -0.5784649062799289, -0.0024271844660194173, 0.0, 0.0, 0.0, 0.0, 1.0, 0.7017529829987413, 1.0, 0.0, 0.0, 0.0, 0.0, 0.0, 0.0, 0.0]",15456,189231,N6,accept,0.475,ts,1992,1
"[0.8705882352941177, -0.8705882352941177, 0.002506265664160437, 1.0, -0.2, 0.0, 0.0, 0.0, 1.0, 0.7853971569635171, 1.0, 0.0, 0.0, 0.0, 0.0, 0.0, 0.0, 0.0]",58951,169349,N6,dismiss,-0.3,ts,1480,0
"[0.1666666666666667, -0.1666666666666667, -0.15503875968992248, 0.058823529411764705, 0.0, 0.0, 0.0, 0.0, 1.0, 0.741259150826298, 1.0, 0.0, 0.0, 0.0, 0.0, 0.0, 0.0, 0.0]",92714,85929,N6,dismiss,-0.3,ts,1986,1
"[0.24999999999999997, -0.24999999999999997, 0.16666666666666666, 0.0, 0.0, 0.0, 0.0, 0.0, 1.0, 0.7828956117024544, 1.0, 0.0, 0.0, 0.0, 0.0, 0.0, 0.0, 0.0]",18305,18309,N1,dismiss,-0.3,ts,2992,1
"[0.14, -0.14, -0.323238566131026, 0.0, 0.0, 0.0, 0.0, 0.0, 1.0, 0.7065192485809642, 1.0, 0.0, 0.0, 0.0, 0.0, 0.0, 0.0, 0.0]",74215,69993,N6,dismiss,-0.3,ts,1828,0
"[0.88, -0.88, -0.050125313283208024, 0.09333333333333334, -0.5545454545454546, 0.0, 0.0, 0.0, 1.0, 0.8215549602541744, 1.0, 0.0, 0.0, 0.0, 0.0, 0.0, 0.0, 0.0]",174761,49086,N6,dismiss,-0.3,ts,2215,0
"[0.6799999999999999, -0.6799999999999999, -0.2654424040066778, -0.37777777777777777, -0.05999999999999996, 0.0, 0.0, 0.0, 1.0, 0.7635840145453345, 1.0, 0.0, 0.0, 0.0, 0.0, 0.0, 0.0, 0.0]",33289,74186,N6,dismiss,-0.3,ts,931,0
"[0.5599999999999999, -0.5599999999999999, -0.2606965174129354, 0.035326086956521736, 1.0, 0.0, 0.0, 0.0, 1.0, 0.685183939853327, 1.0, 0.0, 0.0, 0.0, 0.0, 0.0, 0.0, 0.0]",174790,106733,N6,dismiss,-0.3,ts,1094,1
"[0.8151260504201681, -0.8151260504201681, -0.42857142857142855, 1.0, -0.52, 0.0, 0.0, 0.0, 1.0, 0.6073227460427238, 1.0, 0.0, 0.0, 0.0, 0.0, 0.0, 0.0, 0.0]",104682,169349,N6,dismiss,-0.3,ts,1517,0
"[0.14, -0.14, -0.5615615615615616, 0.0, 0.0, 0.0, 0.0, 0.0, 1.0, 0.6667940993816643, 1.0, 0.0, 0.0, 0.0, 0.0, 0.0, 0.0, 0.0]",93922,69993,N6,dismiss,-0.3,ts,1689,1
"[0.8125, -0.8125, -0.352176088044022, -0.03133903133903134, -0.6625, 0.0, 0.0, 0.0, 1.0, 0.7394643346093084, 1.0, 0.0, 0.0, 0.0, 0.0, 0.0, 0.0, 0.0]",182867,145532,N6,dismiss,-0.3,ts,510,1
"[0.20000000000000007, -0.20000000000000007, -0.00663349917081258, -0.002785515320334262, -0.44, 0.0, 0.0, 0.0, 1.0, 0.7315763827558615, 1.0, 0.0, 0.0, 0.0, 0.0, 0.0, 0.0, 0.0]",43347,135482,N6,dismiss,-0.3,ts,533,1
"[0.3000000000000001, -0.3000000000000001, -0.528957528957529, 0.0, 0.0, 0.0, 0.0, 0.0, 1.0, 0.7249105321469098, 1.0, 0.0, 0.0, 0.0, 0.0, 0.0, 0.0, 0.0]",85444,85446,N6,dismiss,-0.3,ts,1934,0
"[0.2, -0.2, -0.0726817042606516, -0.5836298932384342, 0.2857142857142857, 0.0, 0.0, 0.0, 1.0, 0.6271602570528937, 1.0, 0.0, 0.0, 0.0, 0.0, 0.0, 0.0, 0.0]",60954,115299,N6,dismiss,-0.3,ts,1294,1
"[0.2045454545454546, -0.2045454545454546, 0.006343906510851462, -0.019553072625698324, 1.0, 0.0, 0.0, 0.0, 1.0, 0.6864109839014316, 1.0, 0.0, 0.0, 0.0, 0.0, 0.0, 0.0, 0.0]",135481,74278,N6,accept,0.44318181818181823,ts,2291,0
"[0.25, -0.25, -0.7618745035742652, -0.23383084577114427, -0.7125, 0.0, 0.0, 0.0, 1.0, 0.513214126945347, 1.0, 0.0, 0.0, 0.0, 0.0, 0.0, 0.0, 0.0]",127415,115951,N6,dismiss,-0.3,ts,1248,1
"[0.5887096774193549, -0.5887096774193549, 0.07140307033202427, -0.26571428571428574, -0.38, 0.0, 0.0, 0.0, 1.0, 0.7586869014394904, 1.0, 0.0, 0.0, 0.0, 0.0, 0.0, 0.0, 0.0]",89602,20089,N6,dismiss,-0.3,ts,1769,0
"[0.6173469387755102, -0.6173469387755102, 0.12640801001251561, 0.019943019943019943, 0.6666666666666666, 0.0, 0.0, 0.0, 1.0, 0.7711798312726024, 1.0, 0.0, 0.0, 0.0, 0.0, 0.0, 0.0, 0.0]",105910,151849,N6,dismiss,-0.3,ts,670,0
"[0.4444444444444445, -0.4444444444444445, 0.22284122562674097, -0.7678571428571429, -0.58, 0.0, 0.0, 0.0, 1.0, 0.6030913596283243, 1.0, 0.0, 0.0, 0.0, 0.0, 0.0, 0.0, 0.0]",63093,110076,N6,dismiss,-0.3,ts,1888,0
"[0.9215686274509803, -0.9215686274509803, -0.08178025034770528, 0.02247191011235955, 0.5333333333333333, 0.0, 0.0, 0.0, 1.0, 0.8352230365765551, 1.0, 0.0, 0.0, 0.0, 0.0, 0.0, 0.0, 0.0]",128242,120787,N6,dismiss,-0.3,ts,746,1
"[0.2777777777777778, -0.2777777777777778, -0.29790794979079493, -0.10743801652892562, -0.125, 0.0, 0.0, 0.0, 1.0, 0.6965685200183934, 1.0, 0.0, 0.0, 0.0, 0.0, 0.0, 0.0, 0.0]",86760,78130,N1,accept,0.49444444444444446,ts,1169,1
"[0.25, -0.25, 0.13333333333333333, 1.0, -0.23809523809523808, 0.0, 0.0, 0.0, 1.0, 0.600354712283968, 1.0, 0.0, 0.0, 0.0, 0.0, 0.0, 0.0, 0.0]",139964,113825,N6,dismiss,-0.3,ts,1524,0
"[0.2222222222222223, -0.2222222222222223, -0.3853564547206166, 0.0, 0.0, 0.0, 0.0, 0.0, 1.0, 0.7229148042941707, 1.0, 0.0, 0.0, 0.0, 0.0, 0.0, 0.0, 0.0]",125880,113424,N6,dismiss,-0.3,ts,1156,1
"[0.5599999999999999, -0.5599999999999999, -0.5095052807115065, 0.0, 0.0, 0.0, 0.0, 0.0, 1.0, 0.793642646214267, 1.0, 0.0, 0.0, 0.0, 0.0, 0.0, 0.0, 0.0]",49130,16660,N6,dismiss,-0.3,ts,2115,0
"[0.16666666666666663, -0.16666666666666663, -0.1497064579256361, -0.04, -0.039999999999999994, 0.0, 0.0, 0.0, 1.0, 0.7364152237187678, 1.0, 0.0, 0.0, 0.0, 0.0, 0.0, 0.0, 0.0]",122734,81996,N6,dismiss,-0.3,ts,1786,0
"[0.20000000000000004, -0.20000000000000004, -0.3409090909090909, 0.0, 0.0, 0.0, 0.0, 0.0, 1.0, 0.7239674946003922, 1.0, 0.0, 0.0, 0.0, 0.0, 0.0, 0.0, 0.0]",51022,70828,N6,dismiss,-0.3,ts,2482,0
"[0.7402597402597403, -0.7402597402597403, 0.1514392991239048, 1.0, -0.5555555555555556, 0.0, 0.0, 0.0, 1.0, 0.650708755416801, 1.0, 0.0, 0.0, 0.0, 0.0, 0.0, 0.0, 0.0]",138627,128295,N1,dismiss,-0.3,ts,2229,1
"[0.803921568627451, -0.803921568627451, -0.0879271070615034, 0.5131086142322098, 0.3333333333333333, 0.0, 0.0, 0.0, 1.0, 0.7573746336276799, 1.0, 0.0, 0.0, 0.0, 0.0, 0.0, 0.0, 0.0]",39429,170191,N6,dismiss,-0.3,ts,2251,1
"[0.5636363636363637, -0.5636363636363637, -0.058333333333333376, -0.0169971671388102, 0.5714285714285714, 0.0, 0.0, 0.0, 1.0, 0.7929707233257425, 1.0, 0.0, 0.0, 0.0, 0.0, 0.0, 0.0, 0.0]",87720,108828,N6,dismiss,-0.3,ts,2752,0
"[0.8, -0.8, 0.0, 1.0, 1.0, 0.0, 0.0, 0.0, 1.0, 0.6626816974221303, 1.0, 0.0, 0.0, 0.0, 0.0, 0.0, 0.0, 0.0]",51128,51605,N6,dismiss,-0.3,ts,881,0
"[0.26190476190476186, -0.26190476190476186, -0.16666666666666666, -0.04081632653061224, 0.08888888888888896, 0.0, 0.0, 0.0, 1.0, 0.7505722762436874, 1.0, 0.0, 0.0, 0.0, 0.0, 0.0, 0.0, 0.0]",91970,91957,N6,dismiss,-0.3,ts,1581,1
"[0.7257142857142858, -0.7257142857142858, -0.25974025974025977, -0.024734982332155476, 0.0, 0.0, 0.0, 0.0, 1.0, 0.8608149912248749, 1.0, 0.0, 0.0, 0.0, 0.0, 0.0, 0.0, 0.0]",63899,48997,N6,accept,0.808,ts,2179,1
"[0.8571428571428572, -0.8571428571428572, 0.0, -0.23809523809523808, -0.5810810810810811, 0.0, 0.0, 0.0, 1.0, 0.8045931298411383, 1.0, 0.0, 0.0, 0.0, 0.0, 0.0, 0.0, 0.0]",91071,91074,N6,dismiss,-0.3,ts,1424,1
"[0.19999999999999993, -0.19999999999999993, -0.25, -0.8833333333333333, -0.7454545454545454, 0.0, 0.0, 0.0, 1.0, 0.5035447216368699, 1.0, 0.0, 0.0, 0.0, 0.0, 0.0, 0.0, 0.0]",126074,18330,N6,dismiss,-0.3,ts,962,0
"[0.19999999999999993, -0.19999999999999993, -0.17391304347826086, 0.0, 0.0, 0.0, 0.0, 0.0, 1.0, 0.7640724904524591, 1.0, 0.0, 0.0, 0.0, 0.0, 0.0, 0.0, 0.0]",38212,18611,N6,accept,0.43999999999999995,ts,2752,0
"[0.6029411764705882, -0.6029411764705882, 0.1, 0.0, 0.0, 0.0, 0.0, 0.0, 1.0, 0.8933559641322879, 1.0, 0.0, 0.0, 0.0, 0.0, 0.0, 0.0, 0.0]",107697,18239,N1,dismiss,-0.3,ts,2074,1
"[0.4545454545454546, -0.4545454545454546, -0.375, 0.014534883720930232, 0.6666666666666666, 0.0, 0.0, 0.0, 1.0, 0.6778902185528062, 1.0, 0.0, 0.0, 0.0, 0.0, 0.0, 0.0, 0.0]",31975,107563,N6,dismiss,-0.3,ts,2641,1
"[0.6666666666666667, -0.6666666666666667, 0.15714899098325463, 0.25333333333333335, 0.09090909090909091, 0.0, 0.0, 0.0, 1.0, 0.8018968380993647, 1.0, 0.0, 0.0, 0.0, 0.0, 0.0, 0.0, 0.0]",141734,63878,N6,dismiss,-0.3,ts,1647,1
"[0.25, -0.25, 0.0, -0.005747126436781609, -0.16666666666666666, 0.0, 0.0, 0.0, 1.0, 0.7953547792253595, 1.0, 0.0, 0.0, 0.0, 0.0, 0.0, 0.0, 0.0]",117105,117045,N6,dismiss,-0.3,ts,1648,0
"[0.25, -0.25, 0.09090909090909091, 0.1, 0.49166666666666653, 0.0, 0.0, 0.0, 1.0, 0.6852588678547423, 1.0, 0.0, 0.0, 0.0, 0.0, 0.0, 0.0, 0.0]",110001,165914,N6,dismiss,-0.3,ts,803,0
"[0.25, -0.25, -0.5447647951441579, -0.011428571428571429, 0.10619469026548665, 0.0, 0.0, 0.0, 1.0, 0.6747720676390024, 1.0, 0.0, 0.0, 0.0, 0.0, 0.0, 0.0, 0.0]",16901,117045,N6,accept,0.475,ts,2002,0
"[0.7215909090909091, -0.7215909090909091, -0.42404006677796324, 0.05, 0.07999999999999999, 0.0, 0.0, 0.0, 1.0, 0.7977150337757792, 1.0, 0.0, 0.0, 0.0, 0.0, 0.0, 0.0, 0.0]",17805,82101,N6,dismiss,-0.3,ts,2106,1
"[0.3000000000000001, -0.3000000000000001, -0.528957528957529, 0.0, 0.0, 0.0, 0.0, 0.0, 1.0, 0.7249105321469098, 1.0, 0.0, 0.0, 0.0, 0.0, 0.0, 0.0, 0.0]",85444,85446,N6,dismiss,-0.3,ts,1908,0
"[0.25, -0.25, 0.0, -0.024734982332155476, 0.0, 0.0, 0.0, 0.0, 1.0, 0.8323494110901432, 1.0, 0.0, 0.0, 0.0, 0.0, 0.0, 0.0, 0.0]",49000,48996,N6,dismiss,-0.3,ts,2656,1
"[0.6818181818181819, -0.6818181818181819, 0.024324324324324288, 0.02821316614420063, -0.65, 0.0, 0.0, 0.0, 1.0, 0.8158970926015877, 1.0, 0.0, 0.0, 0.0, 0.0, 0.0, 0.0, 0.0]",130294,49086,N6,dismiss,-0.3,ts,2434,0
"[0.13846153846153844, -0.13846153846153844, 0.1430274135876043, 0.0, 0.14285714285714285, 0.0, 0.0, 0.0, 1.0, 0.7141550309978263, 1.0, 0.0, 0.0, 0.0, 0.0, 0.0, 0.0, 0.0]",78130,55915,N6,dismiss,-0.3,ts,1555,0
"[0.3571428571428572, -0.3571428571428572, 0.0, -0.08, -0.09090909090909091, 0.0, 0.0, 0.0, 1.0, 0.8253187538905504, 1.0, 0.0, 0.0, 0.0, 0.0, 0.0, 0.0, 0.0]",174761,48996,N6,dismiss,-0.3,ts,2915,1
"[0.09090909090909098, -0.09090909090909098, -0.5940460081190798, 0.02346041055718475, -0.08333333333333333, 0.0, 0.0, 0.0, 1.0, 0.6149383156054311, 1.0, 0.0, 0.0, 0.0, 0.0, 0.0, 0.0, 0.0]",30023,43088,N6,dismiss,-0.3,ts,1363,1
"[0.3500000000000001, -0.3500000000000001, 0.0, -0.3611111111111111, 0.043478260869565216, 0.0, 0.0, 0.0, 1.0, 0.7807457601820568, 1.0, 0.0, 0.0, 0.0, 0.0, 0.0, 0.0, 0.0]",110120,48548,N6,dismiss,-0.3,ts,2905,0
"[0.3, -0.3, 0.2, 0.0, 0.0, 0.0, 0.0, 0.0, 1.0, 0.7895387605196299, 1.0, 0.0, 0.0, 0.0, 0.0, 0.0, 0.0, 0.0]",133969,50807,N6,dismiss,-0.3,ts,2737,0
"[0.4545454545454546, -0.4545454545454546, -0.4991652754590985, 0.08659217877094973, 1.0, 0.0, 0.0, 0.0, 1.0, 0.5991871381000974, 1.0, 0.0, 0.0, 0.0, 0.0, 0.0, 0.0, 0.0]",135482,107588,N6,accept,0.6181818181818182,ts,1305,1
"[0.2727272727272727, -0.2727272727272727, -0.27048634243837444, 0.0, 0.0, 0.0, 0.0, 0.0, 1.0, 0.7633614666745693, 1.0, 0.0, 0.0, 0.0, 0.0, 0.0, 0.0, 0.0]",81453,81452,N6,dismiss,-0.3,ts,1774,1
"[0.17010309278350508, -0.17010309278350508, -0.2631578947368421, 0.11370262390670553, -0.2692307692307692, 0.0, 0.0, 0.0, 1.0, 0.6376314959661844, 1.0, 0.0, 0.0, 0.0, 0.0, 0.0, 0.0, 0.0]",104962,103705,N6,dismiss,-0.3,ts,2725,0
"[0.14, -0.14, 0.16819827346143154, 0.0, 0.0, 0.0, 0.0, 0.0, 1.0, 0.7446095810127756, 1.0, 0.0, 0.0, 0.0, 0.0, 0.0, 0.0, 0.0]",72623,79362,N6,dismiss,-0.3,ts,627,0
"[0.3000000000000001, -0.3000000000000001, -0.528957528957529, 0.0, 0.0, 0.0, 0.0, 0.0, 1.0, 0.7249105321469098, 1.0, 0.0, 0.0, 0.0, 0.0, 0.0, 0.0, 0.0]",85444,85446,N1,dismiss,-0.3,ts,2427,1
"[0.20000000000000007, -0.20000000000000007, 0.17909090909090916, -0.10160427807486631, 0.36363636363636365, 0.0, 0.0, 0.0, 1.0, 0.6575173146638584, 1.0, 0.0, 0.0, 0.0, 0.0, 0.0, 0.0, 0.0]",89763,107554,N6,dismiss,-0.3,ts,717,1
"[0.6000000000000001, -0.6000000000000001, 0.1111111111111111, 0.0, 0.0, 0.0, 0.0, 0.0, 1.0, 0.8892219481331178, 1.0, 0.0, 0.0, 0.0, 0.0, 0.0, 0.0, 0.0]",38176,112477,N6,dismiss,-0.3,ts,553,0
"[0.5625, -0.5625, -0.06069802731411239, -0.02158273381294964, 0.0, 0.0, 0.0, 0.0, 1.0, 0.8927471085006368, 1.0, 0.0, 0.0, 0.0, 0.0, 0.0, 0.0, 0.0]",19865,39280,N6,dismiss,-0.3,ts,2020,0
"[0.6785714285714286, -0.6785714285714286, -0.06094182825484772, 0.10465116279069768, -0.20689655172413793, 0.0, 0.0, 0.0, 1.0, 0.8401414992281117, 1.0, 0.0, 0.0, 0.0, 0.0, 0.0, 0.0, 0.0]",123439,89765,N6,dismiss,-0.3,ts,2087,0
"[0.10119047619047615, -0.10119047619047615, -0.6251673360107095, 0.38961038961038963, -0.1111111111111111, 0.0, 0.0, 0.0, 1.0, 0.533864573103318, 1.0, 0.0, 0.0, 0.0, 0.0, 0.0, 0.0, 0.0]",20077,103704,N6,dismiss,-0.3,ts,1769,1
"[0.6136363636363636, -0.6136363636363636, -0.4991652754590985, -0.5612535612535613, -0.6714285714285715, 0.0, 0.0, 0.0, 1.0, 0.5932111265310793, 1.0, 0.0, 0.0, 0.0, 0.0, 0.0, 0.0, 0.0]",189329,142262,N6,dismiss,-0.3,ts,1066,1
"[0.1428571428571428, -0.1428571428571428, 0.0, 0.0, 0.0, 0.0, 0.0, 0.0, 1.0, 0.8027662436102929, 1.0, 0.0, 0.0, 0.0, 0.0, 0.0, 0.0, 0.0]",29449,18364,N6,dismiss,-0.3,ts,1097,1
"[0.02500000000000002, -0.02500000000000002, -0.1863303498779495, 0.02, -0.07999999999999999, 0.0, 0.0, 0.0, 1.0, 0.6690903795112921, 1.0, 0.0, 0.0, 0.0, 0.0, 0.0, 0.0, 0.0]",130430,62539,N6,dismiss,-0.3,ts,820,0
"[0.7, -0.7, -0.39919839679358715, 0.41284403669724773, -0.1636363636363637, 0.0, 0.0, 0.0, 1.0, 0.7092846715396024, 1.0, 0.0, 0.0, 0.0, 0.0, 0.0, 0.0, 0.0]",185374,115951,N6,dismiss,-0.3,ts,1588,1
"[0.5111111111111111, -0.5111111111111111, -0.3955877908733757, 0.9936305732484076, -0.5, 0.0, 0.0, 0.0, 1.0, 0.5776515293446581, 1.0, 0.0, 0.0, 0.0, 0.0, 0.0, 0.0, 0.0]",104690,169349,N6,dismiss,-0.3,ts,1286,0
"[0.6818181818181819, -0.6818181818181819, -0.050125313283208024, 0.18840579710144928, -0.51, 0.0, 0.0, 0.0, 1.0, 0.7806619322864332, 1.0, 0.0, 0.0, 0.0, 0.0, 0.0, 0.0, 0.0]",48998,49086,N6,dismiss,-0.3,ts,2025,0
"[0.7066666666666667, -0.7066666666666667, 0.21951219512195133, 0.22745098039215686, -0.3684210526315789, 0.0, 0.0, 0.0, 1.0, 0.7423189475802244, 1.0, 0.0, 0.0, 0.0, 0.0, 0.0, 0.0, 0.0]",155668,169349,N6,dismiss,-0.3,ts,1565,0
"[0.1250000000000001, -0.1250000000000001, 0.2222222222222222, 0.0, -0.06000000000000001, 0.0, 0.0, 0.0, 1.0, 0.7076074431705994, 1.0, 0.0, 0.0, 0.0, 0.0, 0.0, 0.0, 0.0]",30711,125786,N6,dismiss,-0.3,ts,1436,1
"[0.2588235294117647, -0.2588235294117647, 0.05868118572292794, 0.49834983498349833, -0.08333333333333333, 0.0, 0.0, 0.0, 1.0, 0.7026486459901005, 1.0, 0.0, 0.0, 0.0, 0.0, 0.0, 0.0, 0.0]",65211,169062,N6,dismiss,-0.3,ts,561,1
"[0.75, -0.75, -0.16177669111654439, -0.15406976744186046, 0.0, 0.0, 0.0, 0.0, 1.0, 0.8572618505626355, 1.0, 0.0, 0.0, 0.0, 0.0, 0.0, 0.0, 0.0]",84869,29663,N6,dismiss,-0.3,ts,1673,1
"[0.625, -0.625, -0.13377926421404682, 0.9653179190751445, -0.595, 0.0, 0.0, 0.0, 1.0, 0.6539585682082435, 1.0, 0.0, 0.0, 0.0, 0.0, 0.0, 0.0, 0.0]",158410,145532,N6,dismiss,-0.3,ts,2998,1
"[0.5636363636363637, -0.5636363636363637, -0.058333333333333376, -0.0169971671388102, 0.5714285714285714, 0.0, 0.0, 0.0, 1.0, 0.7929707233257425, 1.0, 0.0, 0.0, 0.0, 0.0, 0.0, 0.0, 0.0]",87721,108828,N6,dismiss,-0.3,ts,2147,0
"[0.712, -0.712, -0.5778364116094986, -0.5372340425531915, -0.33999999999999997, 0.0, 0.0, 0.0, 1.0, 0.6373602087318739, 1.0, 0.0, 0.0, 0.0, 0.0, 0.0, 0.0, 0.0]",84106,106004,N6,dismiss,-0.3,ts,2608,1
"[0.30000000000000004, -0.30000000000000004, 0.07455197132616495, 0.09195402298850575, 0.0, 0.0, 0.0, 0.0, 1.0, 0.80257251054552, 1.0, 0.0, 0.0, 0.0, 0.0, 0.0, 0.0, 0.0]",81449,104485,N6,dismiss,-0.3,ts,2146,1
"[0.09090909090909098, -0.09090909090909098, -0.3736951983298538, -0.017045454545454544, 0.16666666666666666, 0.0, 0.0, 0.0, 1.0, 0.6310535745074475, 1.0, 0.0, 0.0, 0.0, 0.0, 0.0, 0.0, 0.0]",110877,43098,N6,dismiss,-0.3,ts,1351,1
"[0.28571428571428575, -0.28571428571428575, 0.0, 0.11363636363636363, 0.0, 0.0, 0.0, 0.0, 1.0, 0.820537205423484, 1.0, 0.0, 0.0, 0.0, 0.0, 0.0, 0.0, 0.0]",170134,127333,N6,accept,0.5,ts,2915,0
"[0.1764705882352941, -0.1764705882352941, 0.0, 0.05045871559633028, 0.0, 0.0, 0.0, 0.0, 1.0, 0.8002741033846621, 1.0, 0.0, 0.0, 0.0, 0.0, 0.0, 0.0, 0.0]",173998,173997,N6,accept,0.4235294117647058,ts,730,0
"[0.6599999999999999, -0.6599999999999999, -0.5024875621890547, -0.5612535612535613, -0.6714285714285715, 0.0, 0.0, 0.0, 1.0, 0.6005355393999279, 1.0, 0.0, 0.0, 0.0, 0.0, 0.0, 0.0, 0.0]",15535,142262,N6,dismiss,-0.3,ts,1183,0
"[0.72, -0.72, 0.2222222222222222, 0.4, 0.0, 0.0, 0.0, 0.0, 1.0, 0.7939351965744494, 1.0, 0.0, 0.0, 0.0, 0.0, 0.0, 0.0, 0.0]",30621,74186,N6,dismiss,-0.3,ts,633,1
"[0.5, -0.5, -0.28622540250447226, 0.2619718309859155, 1.0, 0.0, 0.0, 0.0, 1.0, 0.620464255263077, 1.0, 0.0, 0.0, 0.0, 0.0, 0.0, 0.0, 0.0]",88157,86748,N6,dismiss,-0.3,ts,1239,1
"[0.16326530612244894, -0.16326530612244894, 0.0, -0.02601156069364162, -0.4117647058823529, 0.0, 0.0, 0.0, 1.0, 0.7182572044369081, 1.0, 0.0, 0.0, 0.0, 0.0, 0.0, 0.0, 0.0]",63901,63915,N6,dismiss,-0.3,ts,584,0
"[0.32, -0.32, -0.17941176470588238, -0.2, 0.09999999999999995, 0.0, 0.0, 0.0, 1.0, 0.7246180433810674, 1.0, 0.0, 0.0, 0.0, 0.0, 0.0, 0.0, 0.0]",104417,88339,N6,accept,0.524,ts,2976,1
"[0.14285714285714288, -0.14285714285714288, -0.06508135168961204, -0.2978723404255319, 0.08, 0.0, 0.0, 0.0, 1.0, 0.6888511237474559, 1.0, 0.0, 0.0, 0.0, 0.0, 0.0, 0.0, 0.0]",158420,20077,N6,accept,0.4,ts,1777,0
"[0.8733333333333334, -0.8733333333333334, 0.175, 0.3969465648854962, 0.1, 0.0, 0.0, 0.0, 1.0, 0.7976282871388852, 1.0, 0.0, 0.0, 0.0, 0.0, 0.0, 0.0, 0.0]",80035,83437,N6,dismiss,-0.3,ts,945,1
"[0.2857142857142857, -0.2857142857142857, -0.4873108265424913, -0.16370106761565836, 0.0, 0.0, 0.0, 0.0, 1.0, 0.6846177771865983, 1.0, 0.0, 0.0, 0.0, 0.0, 0.0, 0.0, 0.0]",84577,156584,N6,dismiss,-0.3,ts,1001,1
"[0.6136363636363636, -0.6136363636363636, 0.23253903040262944, -0.553623188405797, -0.6166666666666667, 0.0, 0.0, 0.0, 1.0, 0.65041344673754, 1.0, 0.0, 0.0, 0.0, 0.0, 0.0, 0.0, 0.0]",123006,142262,N6,dismiss,-0.3,ts,2344,0
"[0.46153846153846156, -0.46153846153846156, -0.7849624060150376, -0.03125, 0.11999999999999993, 0.0, 0.0, 0.0, 1.0, 0.7003839178920463, 1.0, 0.0, 0.0, 0.0, 0.0, 0.0, 0.0, 0.0]",175226,85230,N6,dismiss,-0.3,ts,2285,1
"[0.09090909090909098, -0.09090909090909098, 0.2, 1.0, 1.0, 0.0, 0.0, 0.0, 1.0, 0.4290865272691109, 1.0, 0.0, 0.0, 0.0, 0.0, 0.0, 0.0, 0.0]",142264,151841,N6,dismiss,-0.3,ts,1961,1
"[0.13333333333333328, -0.13333333333333328, -0.3068085106382979, -0.08196721311475409, -0.07999999999999999, 0.0, 0.0, 0.0, 1.0, 0.6627628717242904, 1.0, 0.0, 0.0, 0.0, 0.0, 0.0, 0.0, 0.0]",83437,143094,N6,dismiss,-0.3,ts,1754,1
"[0.25, -0.25, 0.13333333333333333, 1.0, -0.23809523809523808, 0.0, 0.0, 0.0, 1.0, 0.600354712283968, 1.0, 0.0, 0.0, 0.0, 0.0, 0.0, 0.0, 0.0]",139964,113825,N6,dismiss,-0.3,ts,1034,0
"[0.7843137254901961, -0.7843137254901961, 0.17994100294985255, 1.0, -0.6363636363636364, 0.0, 0.0, 0.0, 1.0, 0.6485163998686077, 1.0, 0.0, 0.0, 0.0, 0.0, 0.0, 0.0, 0.0]",120916,169349,N6,dismiss,-0.3,ts,1456,0
"[0.12918660287081332, -0.12918660287081332, -0.19466831990080596, 0.0, 0.0, 0.0, 0.0, 0.0, 1.0, 0.73334879878766, 1.0, 0.0, 0.0, 0.0, 0.0, 0.0, 0.0, 0.0]",90708,16645,N6,dismiss,-0.3,ts,1459,0
"[0.5636363636363637, -0.5636363636363637, 0.0, 1.0, 1.0, 0.0, 0.0, 0.0, 1.0, 0.6345168821532606, 1.0, 0.0, 0.0, 0.0, 0.0, 0.0, 0.0, 0.0]",142264,107659,N6,dismiss,-0.3,ts,2747,1
"[0.06159420289855071, -0.06159420289855071, 0.09693053311793226, 0.31746031746031744, -0.14814814814814814, 0.0, 0.0, 0.0, 1.0, 0.6288184908837167, 1.0, 0.0, 0.0, 0.0, 0.0, 0.0, 0.0, 0.0]",89552,61096,N6,dismiss,-0.3,ts,1483,1
"[0.12499999999999996, -0.12499999999999996, 0.058823529411764705, 1.0, 0.44000000000000006, 0.0, 0.0, 0.0, 1.0, 0.540451248176921, 1.0, 0.0, 0.0, 0.0, 0.0, 0.0, 0.0, 0.0]",18334,50807,N6,dismiss,-0.3,ts,1654,1
"[0.09090909090909098, -0.09090909090909098, -0.3849114703618168, 0.0, 0.0, 0.0, 0.0, 0.0, 1.0, 0.6765001730348132, 1.0, 0.0, 0.0, 0.0, 0.0, 0.0, 0.0, 0.0]",43671,43690,N6,dismiss,-0.3,ts,1850,1
"[0.5, -0.5, -0.4592875318066158, 0.0, 0.0, 0.0, 0.0, 0.0, 1.0, 0.7886047001257124, 1.0, 0.0, 0.0, 0.0, 0.0, 0.0, 0.0, 0.0]",90179,56398,N6,dismiss,-0.3,ts,1109,0
"[0.28571428571428564, -0.28571428571428564, 0.23883928571428578, 0.0, 0.0, 0.0, 0.0, 0.0, 1.0, 0.7750759893121976, 1.0, 0.0, 0.0, 0.0, 0.0, 0.0, 0.0, 0.0]",55348,93922,N6,dismiss,-0.3,ts,1806,0
"[0.4545454545454546, -0.4545454545454546, -0.4639027877055039, 0.10198300283286119, 0.6, 0.0, 0.0, 0.0, 1.0, 0.6447617748329869, 1.0, 0.0, 0.0, 0.0, 0.0, 0.0, 0.0, 0.0]",88669,107588,N6,accept,0.6181818181818182,ts,1860,1
"[0.47058823529411764, -0.47058823529411764, 0.15384615384615385, 0.0, 0.0, 0.0, 0.0, 0.0, 1.0, 0.8490503635579928, 1.0, 0.0, 0.0, 0.0, 0.0, 0.0, 0.0, 0.0]",156353,18570,N6,accept,0.6294117647058823,ts,2256,0
"[0.5636363636363637, -0.5636363636363637, -0.08565072302558394, -0.022408963585434174, 0.6666666666666666, 0.0, 0.0, 0.0, 1.0, 0.7736506522322145, 1.0, 0.0, 0.0, 0.0, 0.0, 0.0, 0.0, 0.0]",166050,108839,N6,dismiss,-0.3,ts,2313,1
"[0.20000000000000007, -0.20000000000000007, -0.5521408839779005, 0.0, 0.0, 0.0, 0.0, 0.0, 1.0, 0.6891179239049421, 1.0, 0.0, 0.0, 0.0, 0.0, 0.0, 0.0, 0.0]",135543,107458,N6,dismiss,-0.3,ts,1189,1
"[0.20000000000000007, -0.20000000000000007, 0.14408602150537647, 0.3053435114503817, 0.26436781609195414, 0.0, 0.0, 0.0, 1.0, 0.6426037789797808, 1.0, 0.0, 0.0, 0.0, 0.0, 0.0, 0.0, 0.0]",185575,107170,N6,dismiss,-0.3,ts,1675,0
"[0.0666666666666666, -0.0666666666666666, 0.0, -0.2328767123287671, 0.1111111111111111, 0.0, 0.0, 0.0, 1.0, 0.689176913736021, 1.0, 0.0, 0.0, 0.0, 0.0, 0.0, 0.0, 0.0]",127690,139086,N6,dismiss,-0.3,ts,911,1
"[0.04545454545454549, -0.04545454545454549, -0.0646666666666667, -0.008264462809917356, -0.22727272727272727, 0.0, 0.0, 0.0, 1.0, 0.6855067967400382, 1.0, 0.0, 0.0, 0.0, 0.0, 0.0, 0.0, 0.0]",138639,127487,N6,accept,0.33181818181818185,ts,1325,0
"[0.7, -0.7, -0.4809619238476954, 0.5596330275229358, -0.26363636363636367, 0.0, 0.0, 0.0, 1.0, 0.6593927528395994, 1.0, 0.0, 0.0, 0.0, 0.0, 0.0, 0.0, 0.0]",185374,145532,N6,dismiss,-0.3,ts,1726,1
"[0.5, -0.5, -0.2748368382886149, 0.0, 0.0, 0.0, 0.0, 0.0, 1.0, 0.8242148607647296, 1.0, 0.0, 0.0, 0.0, 0.0, 0.0, 0.0, 0.0]",141750,93863,N6,accept,0.6499999999999999,ts,1981,1
"[0.12499999999999988, -0.12499999999999988, -0.4164235097957482, 0.1793103448275862, -0.047619047619047616, 0.0, 0.0, 0.0, 1.0, 0.6244645839381715, 1.0, 0.0, 0.0, 0.0, 0.0, 0.0, 0.0, 0.0]",155856,114737,N6,dismiss,-0.3,ts,2877,0
"[0.5454545454545455, -0.5454545454545455, -0.01848519548503194, 0.0, 0.0, 0.0, 0.0, 0.0, 1.0, 0.9112606985062438, 1.0, 0.0, 0.0, 0.0, 0.0, 0.0, 0.0, 0.0]",54334,189219,N6,dismiss,-0.3,ts,537,0
"[0.09677419354838718, -0.09677419354838718, -0.468125, -0.014245014245014245, 0.12857142857142861, 0.0, 0.0, 0.0, 1.0, 0.6262320989473779, 1.0, 0.0, 0.0, 0.0, 0.0, 0.0, 0.0, 0.0]",15686,117162,N6,dismiss,-0.3,ts,2192,1
"[0.4444444444444445, -0.4444444444444445, 0.17096774193548378, -0.18, -0.58, 0.0, 0.0, 0.0, 1.0, 0.6894489194008218, 1.0, 0.0, 0.0, 0.0, 0.0, 0.0, 0.0, 0.0]",81420,132873,N6,dismiss,-0.3,ts,724,0
"[0.3359073359073359, -0.3359073359073359, -0.09102402022755991, -0.3063063063063063, 0.16666666666666666, 0.0, 0.0, 0.0, 1.0, 0.7217689819748582, 1.0, 0.0, 0.0, 0.0, 0.0, 0.0, 0.0, 0.0]",20071,20076,N6,dismiss,-0.3,ts,1731,1
"[0.7, -0.7, -0.22128683102826216, 0.3654618473895582, -0.55, 0.0, 0.0, 0.0, 1.0, 0.6960780647996615, 1.0, 0.0, 0.0, 0.0, 0.0, 0.0, 0.0, 0.0]",52481,145532,N6,dismiss,-0.3,ts,2190,1
"[0.10144927536231878, -0.10144927536231878, -0.09499192245557343, 0.3888888888888889, -0.07407407407407407, 0.0, 0.0, 0.0, 1.0, 0.6514063925928746, 1.0, 0.0, 0.0, 0.0, 0.0, 0.0, 0.0, 0.0]",89552,89602,N6,dismiss,-0.3,ts,1522,1
"[0.8835294117647059, -0.8835294117647059, -0.4411372723234119, -0.04498269896193772, -0.07692307692307693, 0.0, 0.0, 0.0, 1.0, 0.8154967360572816, 1.0, 0.0, 0.0, 0.0, 0.0, 0.0, 0.0, 0.0]",179677,108025,N6,accept,0.9184705882352941,ts,2875,1
"[0.294478527607362, -0.294478527607362, 0.22798887859128833, -0.025, -0.11392405063291143, 0.0, 0.0, 0.0, 1.0, 0.7426536066065215, 1.0, 0.0, 0.0, 0.0, 0.0, 0.0, 0.0, 0.0]",15663,39517,N6,dismiss,-0.3,ts,2598,0
"[0.20000000000000007, -0.20000000000000007, 0.09090909090909091, -0.008547008547008548, -0.14285714285714285, 0.0, 0.0, 0.0, 1.0, 0.7497580191893745, 1.0, 0.0, 0.0, 0.0, 0.0, 0.0, 0.0, 0.0]",70002,32065,N6,dismiss,-0.3,ts,1882,0
"[0.24999999999999997, -0.24999999999999997, 0.06028476219327483, 0.2600732600732601, 0.17391304347826086, 0.0, 0.0, 0.0, 1.0, 0.7119707109018438, 1.0, 0.0, 0.0, 0.0, 0.0, 0.0, 0.0, 0.0]",86743,169335,N6,dismiss,-0.3,ts,2274,1
"[0.24999999999999994, -0.24999999999999994, -0.5759117896522477, -0.1375, 0.0, 0.0, 0.0, 0.0, 1.0, 0.6667371447270449, 1.0, 0.0, 0.0, 0.0, 0.0, 0.0, 0.0, 0.0]",85441,151793,N6,dismiss,-0.3,ts,2883,0
"[0.19230769230769232, -0.19230769230769232, 0.0, 0.11363636363636363, 0.0, 0.0, 0.0, 0.0, 1.0, 0.7896850702294859, 1.0, 0.0, 0.0, 0.0, 0.0, 0.0, 0.0, 0.0]",114738,166142,N6,accept,0.4346153846153846,ts,416,0
"[0.5, -0.5, -0.4172461752433937, 0.015479876160990712, 1.0, 0.0, 0.0, 0.0, 1.0, 0.646677624271836, 1.0, 0.0, 0.0, 0.0, 0.0, 0.0, 0.0, 0.0]",87863,57551,N6,dismiss,-0.3,ts,2885,1
"[0.55, -0.55, -0.008365019011406936, 0.005434782608695652, -0.38, 0.0, 0.0, 0.0, 1.0, 0.834655709896273, 1.0, 0.0, 0.0, 0.0, 0.0, 0.0, 0.0, 0.0]",85163,128279,N6,dismiss,-0.3,ts,1782,1
"[0.25, -0.25, 0.0, -0.008595988538681949, 0.08695652173913043, 0.0, 0.0, 0.0, 1.0, 0.8130880893622596, 1.0, 0.0, 0.0, 0.0, 0.0, 0.0, 0.0, 0.0]",57106,117045,N6,dismiss,-0.3,ts,833,0
"[0.14285714285714285, -0.14285714285714285, 0.13333333333333333, 1.0, -0.23809523809523808, 0.0, 0.0, 0.0, 1.0, 0.5596889746063702, 1.0, 0.0, 0.0, 0.0, 0.0, 0.0, 0.0, 0.0]",175348,113825,N6,dismiss,-0.3,ts,2763,0
"[0.4545454545454546, -0.4545454545454546, -0.4510851419031719, -0.025139664804469275, 1.0, 0.0, 0.0, 0.0, 1.0, 0.6256131721190654, 1.0, 0.0, 0.0, 0.0, 0.0, 0.0, 0.0, 0.0]",135482,108839,N6,dismiss,-0.3,ts,1134,1
"[0.20000000000000004, -0.20000000000000004, -0.32341001353179977, 0.11009174311926606, 0.016666666666666607, 0.0, 0.0, 0.0, 1.0, 0.6930080043376406, 1.0, 0.0, 0.0, 0.0, 0.0, 0.0, 0.0, 0.0]",115244,81542,N6,dismiss,-0.3,ts,682,1
"[0.5, -0.5, -0.03853564547206166, -0.02158273381294964, 0.0, 0.0, 0.0, 0.0, 1.0, 0.8876149427547736, 1.0, 0.0, 0.0, 0.0, 0.0, 0.0, 0.0, 0.0]",125880,81422,N3,accept,0.6499999999999999,ts,1250,1
"[0.3000000000000001, -0.3000000000000001, -0.528957528957529, 0.0, 0.0, 0.0, 0.0, 0.0, 1.0, 0.7249105321469098, 1.0, 0.0, 0.0, 0.0, 0.0, 0.0, 0.0, 0.0]",85444,85446,N6,accept,0.51,ts,2864,0
"[0.0555555555555556, -0.0555555555555556, -0.30286857905270187, -0.27848101265822783, -0.13999999999999999, 0.0, 0.0, 0.0, 1.0, 0.5792292623515911, 1.0, 0.0, 0.0, 0.0, 0.0, 0.0, 0.0, 0.0]",155616,18005,N6,dismiss,-0.3,ts,1924,1
"[0.7954545454545455, -0.7954545454545455, -0.4296769851951548, -0.0026246719160104987, 0.5333333333333333, 0.0, 0.0, 0.0, 1.0, 0.7434156060173731, 1.0, 0.0, 0.0, 0.0, 0.0, 0.0, 0.0, 0.0]",106733,89765,N6,accept,0.8568181818181819,ts,577,1
"[0.1111111111111112, -0.1111111111111112, -0.09008189262966337, 0.15579710144927536, 0.4, 0.0, 0.0, 0.0, 1.0, 0.6355529250549651, 1.0, 0.0, 0.0, 0.0, 0.0, 0.0, 0.0, 0.0]",64516,63925,N6,dismiss,-0.3,ts,975,0
"[0.8705882352941177, -0.8705882352941177, -0.0012099213551118918, 0.38943894389438943, 0.16666666666666666, 0.0, 0.0, 0.0, 1.0, 0.8416418700016255, 1.0, 0.0, 0.0, 0.0, 0.0, 0.0, 0.0, 0.0]",65211,61314,N6,dismiss,-0.3,ts,2349,1
"[0.8, -0.8, 0.0, 1.0, 1.0, 0.0, 0.0, 0.0, 1.0, 0.6626816974221303, 1.0, 0.0, 0.0, 0.0, 0.0, 0.0, 0.0, 0.0]",51128,51605,N6,dismiss,-0.3,ts,893,0
"[0.1666666666666667, -0.1666666666666667, 0.07142857142857142, -0.5081967213114754, 0.06000000000000001, 0.0, 0.0, 0.0, 1.0, 0.6719279802353277, 1.0, 0.0, 0.0, 0.0, 0.0, 0.0, 0.0, 0.0]",118798,71728,N6,dismiss,-0.3,ts,2508,1
"[0.06666666666666672, -0.06666666666666672, 0.24221635883905013, 0.35080645161290325, -0.10714285714285714, 0.0, 0.0, 0.0, 1.0, 0.593561725503707, 1.0, 0.0, 0.0, 0.0, 0.0, 0.0, 0.0, 0.0]",89593,87090,N6,dismiss,-0.3,ts,1983,1
"[0.013333333333333253, -0.013333333333333253, 0.2005012531328321, 0.15579710144927536, 0.4, 0.0, 0.0, 0.0, 1.0, 0.5661701482744483, 1.0, 0.0, 0.0, 0.0, 0.0, 0.0, 0.0, 0.0]",48996,63924,N6,dismiss,-0.3,ts,2072,0
"[0.375, -0.375, -0.36161335187760785, -0.2, -0.18, 0.0, 0.0, 0.0, 1.0, 0.679693785618543, 1.0, 0.0, 0.0, 0.0, 0.0, 0.0, 0.0, 0.0]",63907,113027,N6,accept,0.5625,ts,1336,0
"[0.26470588235294124, -0.26470588235294124, 0.1392694063926941, 0.24, 0.040000000000000036, 0.0, 0.0, 0.0, 1.0, 0.7270201311319596, 1.0, 0.0, 0.0, 0.0, 0.0, 0.0, 0.0, 0.0]",77265,130669,N6,dismiss,-0.3,ts,1028,0
"[0.2, -0.2, 0.043256997455470604, 0.8, 0.49056603773584917, 0.0, 0.0, 0.0, 1.0, 0.5927701423564039, 1.0, 0.0, 0.0, 0.0, 0.0, 0.0, 0.0, 0.0]",59416,15178,N6,dismiss,-0.3,ts,2512,0
"[0.1666666666666667, -0.1666666666666667, 0.0, 0.3, 0.22000000000000003, 0.0, 0.0, 0.0, 1.0, 0.6901568741775026, 1.0, 0.0, 0.0, 0.0, 0.0, 0.0, 0.0, 0.0]",29439,61090,N6,dismiss,-0.3,ts,2006,0
"[0.3636363636363637, -0.3636363636363637, -0.0003316749585405642, -0.022284122562674095, 0.12, 0.0, 0.0, 0.0, 1.0, 0.8355995376463724, 1.0, 0.0, 0.0, 0.0, 0.0, 0.0, 0.0, 0.0]",30201,74278,N6,dismiss,-0.3,ts,1309,1
"[0.3, -0.3, -0.17285714285714288, 1.0, 0.19047619047619047, 0.0, 0.0, 0.0, 1.0, 0.6197995396816762, 1.0, 0.0, 0.0, 0.0, 0.0, 0.0, 0.0, 0.0]",104680,61358,N6,dismiss,-0.3,ts,2714,1
"[0.2380952380952381, -0.2380952380952381, -0.28642857142857137, 0.0, 0.0, 0.0, 0.0, 0.0, 1.0, 0.7484561183017931, 1.0, 0.0, 0.0, 0.0, 0.0, 0.0, 0.0, 0.0]",166142,155975,N6,dismiss,-0.3,ts,2470,1
"[0.25000000000000006, -0.25000000000000006, -0.0625, -0.34, 0.039999999999999994, 0.0, 0.0, 0.0, 1.0, 0.7305487309174494, 1.0, 0.0, 0.0, 0.0, 0.0, 0.0, 0.0, 0.0]",40998,50997,N6,dismiss,-0.3,ts,1768,1
"[0.16666666666666666, -0.16666666666666666, -0.6, -0.40954773869346733, -0.696969696969697, 0.0, 0.0, 0.0, 1.0, 0.4748074446061905, 1.0, 0.0, 0.0, 0.0, 0.0, 0.0, 0.0, 0.0]",69112,145577,N6,accept,0.41666666666666663,ts,2352,1
"[0.1666666666666667, -0.1666666666666667, 0.0, 1.0, 1.0, 0.0, 0.0, 0.0, 1.0, 0.5151700224508992, 1.0, 0.0, 0.0, 0.0, 0.0, 0.0, 0.0, 0.0]",37985,126074,N6,dismiss,-0.3,ts,1009,1
"[0.7626582278481012, -0.7626582278481012, 0.0027855153203343017, 0.0, 0.2631578947368421, 0.0, 0.0, 0.0, 1.0, 0.8914436181078074, 1.0, 0.0, 0.0, 0.0, 0.0, 0.0, 0.0, 0.0]",43387,151849,N6,dismiss,-0.3,ts,1147,0
"[0.14, -0.14, -0.16016016016016016, 0.0, 0.0, 0.0, 0.0, 0.0, 1.0, 0.7469249197385348, 1.0, 0.0, 0.0, 0.0, 0.0, 0.0, 0.0, 0.0]",93922,79362,N6,dismiss,-0.3,ts,2342,0
"[0.39999999999999997, -0.39999999999999997, -0.35933147632311974, -0.3006134969325153, -0.26666666666666666, 0.0, 0.0, 0.0, 1.0, 0.651960824166897, 1.0, 0.0, 0.0, 0.0, 0.0, 0.0, 0.0, 0.0]",155669,178949,N6,dismiss,-0.3,ts,1790,1
"[0.25, -0.25, 0.15830115830115837, 0.02976190476190476, 0.13636363636363635, 0.0, 0.0, 0.0, 1.0, 0.7408404640993043, 1.0, 0.0, 0.0, 0.0, 0.0, 0.0, 0.0, 0.0]",106979,117045,N6,accept,0.475,ts,1444,0
"[0.9352941176470587, -0.9352941176470587, -0.09173478655767482, 1.0, -0.14285714285714285, 0.0, 0.0, 0.0, 1.0, 0.7560750149382087, 1.0, 0.0, 0.0, 0.0, 0.0, 0.0, 0.0, 0.0]",156584,169349,N6,dismiss,-0.3,ts,2564,0
"[0.09090909090909098, -0.09090909090909098, 0.10025062656641605, 0.026392961876832845, -0.15384615384615385, 0.0, 0.0, 0.0, 1.0, 0.7001039357473695, 1.0, 0.0, 0.0, 0.0, 0.0, 0.0, 0.0, 0.0]",174771,117111,N6,dismiss,-0.3,ts,650,1
"[0.5, -0.5, 0.06688963210702341, -0.5664739884393064, -0.28, 0.0, 0.0, 0.0, 1.0, 0.7177375801431873, 1.0, 0.0, 0.0, 0.0, 0.0, 0.0, 0.0, 0.0]",132804,19597,N6,dismiss,-0.3,ts,708,1
"[0.03273809523809514, -0.03273809523809514, 0.1926782273603083, 0.09, 0.09090909090909091, 0.0, 0.0, 0.0, 1.0, 0.6486620220280555, 1.0, 0.0, 0.0, 0.0, 0.0, 0.0, 0.0, 0.0]",16734,63891,N6,dismiss,-0.3,ts,2366,1
"[0.6363636363636364, -0.6363636363636364, 0.19956379498364232, -0.1111111111111111, -0.07999999999999999, 0.0, 0.0, 0.0, 1.0, 0.8175716886951709, 1.0, 0.0, 0.0, 0.0, 0.0, 0.0, 0.0, 0.0]",82102,74186,N6,dismiss,-0.3,ts,2684,1
"[0.20000000000000007, -0.20000000000000007, -0.23388888888888892, 1.0, 1.0, 0.0, 0.0, 0.0, 1.0, 0.45422491495165007, 1.0, 0.0, 0.0, 0.0, 0.0, 0.0, 0.0, 0.0]",38174,141744,N6,dismiss,-0.3,ts,712,1
"[0.20000000000000007, -0.20000000000000007, -0.13533333333333328, -0.17647058823529413, 0.2, 0.0, 0.0, 0.0, 1.0, 0.6813430872729247, 1.0, 0.0, 0.0, 0.0, 0.0, 0.0, 0.0, 0.0]",89764,107554,N6,accept,0.44000000000000006,ts,1428,1
"[0.5636363636363637, -0.5636363636363637, 0.22448979591836735, -0.022535211267605635, 1.0, 0.0, 0.0, 0.0, 1.0, 0.7135174798668883, 1.0, 0.0, 0.0, 0.0, 0.0, 0.0, 0.0, 0.0]",123023,107659,N6,dismiss,-0.3,ts,1504,1
"[0.1200000000000001, -0.1200000000000001, 0.1455847255369929, -0.08536585365853659, -0.625, 0.0, 0.0, 0.0, 1.0, 0.6134308998417168, 1.0, 0.0, 0.0, 0.0, 0.0, 0.0, 0.0, 0.0]",57551,59424,N6,accept,0.38400000000000006,ts,2348,0
"[0.1111111111111112, -0.1111111111111112, -0.09008189262966337, 0.15579710144927536, 0.4, 0.0, 0.0, 0.0, 1.0, 0.6355529250549651, 1.0, 0.0, 0.0, 0.0, 0.0, 0.0, 0.0, 0.0]",64516,63925,N6,accept,0.3777777777777778,ts,1849,0
"[0.2000000000000001, -0.2000000000000001, 0.1925876902713435, 0.23417721518987342, -0.05999999999999996, 0.0, 0.0, 0.0, 1.0, 0.6858372203509444, 1.0, 0.0, 0.0, 0.0, 0.0, 0.0, 0.0, 0.0]",147858,83435,N6,dismiss,-0.3,ts,1719,0
"[0.11999999999999993, -0.11999999999999993, 0.043478260869565216, 0.23674911660777384, -0.20212765957446813, 0.0, 0.0, 0.0, 1.0, 0.671407612200465, 1.0, 0.0, 0.0, 0.0, 0.0, 0.0, 0.0, 0.0]",185510,30105,N6,dismiss,-0.3,ts,1725,1
"[0.19999999999999993, -0.19999999999999993, 0.06666666666666667, 0.02, -0.16, 0.0, 0.0, 0.0, 1.0, 0.7509035883553894, 1.0, 0.0, 0.0, 0.0, 0.0, 0.0, 0.0, 0.0]",71728,40998,N6,dismiss,-0.3,ts,2406,1
"[0.46153846153846156, -0.46153846153846156, -0.7849624060150376, -0.03125, 0.11999999999999993, 0.0, 0.0, 0.0, 1.0, 0.7003839178920463, 1.0, 0.0, 0.0, 0.0, 0.0, 0.0, 0.0, 0.0]",175226,85230,N3,accept,0.6230769230769231,ts,1237,1
"[0.5170454545454546, -0.5170454545454546, -0.6264009962640099, -0.5698324022346368, -0.2923076923076924, 0.0, 0.0, 0.0, 1.0, 0.6012664883989073, 1.0, 0.0, 0.0, 0.0, 0.0, 0.0, 0.0, 0.0]",93936,142262,N6,dismiss,-0.3,ts,2238,1
"[0.1250000000000001, -0.1250000000000001, 0.16218749999999993, 0.0, 0.0, 0.0, 0.0, 0.0, 1.0, 0.7409291148542603, 1.0, 0.0, 0.0, 0.0, 0.0, 0.0, 0.0, 0.0]",152518,55412,N6,dismiss,-0.3,ts,1830,1
"[0.06249999999999994, -0.06249999999999994, -0.42495393524611735, 0.15263157894736842, -0.05263157894736842, 0.0, 0.0, 0.0, 1.0, 0.6044124951997967, 1.0, 0.0, 0.0, 0.0, 0.0, 0.0, 0.0, 0.0]",155625,127690,N6,dismiss,-0.3,ts,2479,1
"[0.25, -0.25, -0.7618745035742652, -0.23383084577114427, -0.7125, 0.0, 0.0, 0.0, 1.0, 0.513214126945347, 1.0, 0.0, 0.0, 0.0, 0.0, 0.0, 0.0, 0.0]",127415,115951,N6,dismiss,-0.3,ts,2910,1
"[0.3636363636363637, -0.3636363636363637, 0.0, 0.0, 0.0, 0.0, 0.0, 0.0, 1.0, 0.8742764353476687, 1.0, 0.0, 0.0, 0.0, 0.0, 0.0, 0.0, 0.0]",123031,123174,N3,accept,0.5545454545454546,ts,1975,1
"[0.0555555555555556, -0.0555555555555556, -0.47750000000000004, -0.3804347826086957, -0.15999999999999998, 0.0, 0.0, 0.0, 1.0, 0.526759016676835, 1.0, 0.0, 0.0, 0.0, 0.0, 0.0, 0.0, 0.0]",155815,18005,N6,dismiss,-0.3,ts,1172,1
"[0.3636363636363637, -0.3636363636363637, 0.14285714285714285, 0.028169014084507043, 0.36363636363636365, 0.0, 0.0, 0.0, 1.0, 0.7388385917974343, 1.0, 0.0, 0.0, 0.0, 0.0, 0.0, 0.0, 0.0]",123011,123174,N6,dismiss,-0.3,ts,686,0
"[0.13333333333333333, -0.13333333333333333, 0.0, 0.0, 0.0, 0.0, 0.0, 0.0, 1.0, 0.799343830056226, 1.0, 0.0, 0.0, 0.0, 0.0, 0.0, 0.0, 0.0]",93851,93856,N6,dismiss,-0.3,ts,516,0
"[0.2857142857142857, -0.2857142857142857, -0.2700729927007299, 0.0, 0.0, 0.0, 0.0, 0.0, 1.0, 0.7675643221086256, 1.0, 0.0, 0.0, 0.0, 0.0, 0.0, 0.0, 0.0]",141736,115238,N6,dismiss,-0.3,ts,471,1
"[0.535483870967742, -0.535483870967742, -0.011911852293031567, 0.0036231884057971015, 0.0, 0.0, 0.0, 0.0, 1.0, 0.9106676184244814, 1.0, 0.0, 0.0, 0.0, 0.0, 0.0, 0.0, 0.0]",64515,16646,N3,accept,0.6748387096774193,ts,458,1
"[0.0142857142857143, -0.0142857142857143, -0.5358151476251606, 0.28, 0.019999999999999973, 0.0, 0.0, 0.0, 1.0, 0.5536460520568631, 1.0, 0.0, 0.0, 0.0, 0.0, 0.0, 0.0, 0.0]",33303,79808,N6,dismiss,-0.3,ts,905,1
"[0.25000000000000006, -0.25000000000000006, 0.12999999999999995, -0.518850987432675, 0.2692307692307692, 0.0, 0.0, 0.0, 1.0, 0.6344866680249548, 1.0, 0.0, 0.0, 0.0, 0.0, 0.0, 0.0, 0.0]",29970,120916,N6,dismiss,-0.3,ts,2355,1
"[0.28571428571428575, -0.28571428571428575, 0.0, -0.1005586592178771, 0.14285714285714285, 0.0, 0.0, 0.0, 1.0, 0.7864257510470529, 1.0, 0.0, 0.0, 0.0, 0.0, 0.0, 0.0, 0.0]",128281,51122,N6,dismiss,-0.3,ts,2120,1
"[0.89375, -0.89375, 0.0, -0.3880597014925373, -0.24000000000000005, 0.0, 0.0, 0.0, 1.0, 0.8298013328770203, 1.0, 0.0, 0.0, 0.0, 0.0, 0.0, 0.0, 0.0]",79807,87406,N3,accept,0.9256249999999999,ts,2771,1
"[0.604, -0.604, -0.49629629629629635, -0.4588235294117647, -0.3684210526315789, 0.0, 0.0, 0.0, 1.0, 0.6356367491076025, 1.0, 0.0, 0.0, 0.0, 0.0, 0.0, 0.0, 0.0]",115396,108025,N6,accept,0.7227999999999999,ts,1554,0
"[0.5, -0.5, -0.3, 0.0, 0.0, 0.0, 0.0, 0.0, 1.0, 0.8185495653156272, 1.0, 0.0, 0.0, 0.0, 0.0, 0.0, 0.0, 0.0]",38636,18374,N6,dismiss,-0.3,ts,1091,0
"[0.24242424242424238, -0.24242424242424238, -0.158311345646438, -0.08536585365853659, -0.21999999999999997, 0.0, 0.0, 0.0, 1.0, 0.7058869977996952, 1.0, 0.0, 0.0, 0.0, 0.0, 0.0, 0.0, 0.0]",110035,19597,N6,accept,0.4696969696969696,ts,1879,1
"[0.2051948051948052, -0.2051948051948052, -0.24906132665832295, 0.7281553398058253, -0.3333333333333333, 0.0, 0.0, 0.0, 1.0, 0.5581176589932328, 1.0, 0.0, 0.0, 0.0, 0.0, 0.0, 0.0, 0.0]",138627,138518,N6,dismiss,-0.3,ts,1984,1
"[0.3, -0.3, -0.09090909090909091, 0.46, -0.08000000000000003, 0.0, 0.0, 0.0, 1.0, 0.709824759435147, 1.0, 0.0, 0.0, 0.0, 0.0, 0.0, 0.0, 0.0]",38740,41068,N6,dismiss,-0.3,ts,2708,0
"[0.18367346938775517, -0.18367346938775517, 0.0693454309786131, 0.04938271604938271, -0.2, 0.0, 0.0, 0.0, 1.0, 0.7277268542406851, 1.0, 0.0, 0.0, 0.0, 0.0, 0.0, 0.0, 0.0]",135548,72620,N6,dismiss,-0.3,ts,2701,1
"[0.9089285714285714, -0.9089285714285714, -0.5333333333333333, -0.9, -0.8363636363636363, 0.0, 0.0, 0.0, 1.0, 0.5910801588277874, 1.0, 0.0, 0.0, 0.0, 0.0, 0.0, 0.0, 0.0]",18218,51616,N6,dismiss,-0.3,ts,1710,1
"[0.8581818181818183, -0.8581818181818183, -0.375, -0.18, -0.039999999999999994, 0.0, 0.0, 0.0, 1.0, 0.8021948577650769, 1.0, 0.0, 0.0, 0.0, 0.0, 0.0, 0.0, 0.0]",122718,81568,N6,dismiss,-0.3,ts,1373,1
"[0.39999999999999997, -0.39999999999999997, 0.0, -0.32, -0.12000000000000002, 0.0, 0.0, 0.0, 1.0, 0.7813504345159491, 1.0, 0.0, 0.0, 0.0, 0.0, 0.0, 0.0, 0.0]",71728,50997,N6,dismiss,-0.3,ts,1792,1
"[0.07692307692307684, -0.07692307692307684, -0.1872881355932203, 0.3867924528301887, -0.22727272727272727, 0.0, 0.0, 0.0, 1.0, 0.5806488195218563, 1.0, 0.0, 0.0, 0.0, 0.0, 0.0, 0.0, 0.0]",169794,115240,N6,dismiss,-0.3,ts,2575,0
"[0.14, -0.14, -0.3363636363636364, 0.0, 0.0, 0.0, 0.0, 0.0, 1.0, 0.7038046069838829, 1.0, 0.0, 0.0, 0.0, 0.0, 0.0, 0.0, 0.0]",72620,69993,N3,accept,0.398,ts,956,1
"[0.5, -0.5, -0.48048048048048053, 0.02040816326530612, 0.14583333333333337, 0.0, 0.0, 0.0, 1.0, 0.7413457028548665, 1.0, 0.0, 0.0, 0.0, 0.0, 0.0, 0.0, 0.0]",16681,16722,N6,dismiss,-0.3,ts,2649,1
"[0.3, -0.3, -0.5329024676850764, 0.014450867052023121, -0.08860759493670887, 0.0, 0.0, 0.0, 1.0, 0.6957315651358122, 1.0, 0.0, 0.0, 0.0, 0.0, 0.0, 0.0, 0.0]",117162,105872,N3,accept,0.51,ts,1046,1
"[0.16666666666666666, -0.16666666666666666, -0.5566666666666666, -0.42462311557788945, -0.5151515151515151, 0.0, 0.0, 0.0, 1.0, 0.49461752038576623, 1.0, 0.0, 0.0, 0.0, 0.0, 0.0, 0.0, 0.0]",69112,185375,N6,dismiss,-0.3,ts,2352,1
"[0.33333333333333337, -0.33333333333333337, -0.3220035778175313, 0.09333333333333334, -0.5545454545454546, 0.0, 0.0, 0.0, 1.0, 0.6445028751316437, 1.0, 0.0, 0.0, 0.0, 0.0, 0.0, 0.0, 0.0]",16731,49086,N6,dismiss,-0.3,ts,471,0
"[0.5798319327731092, -0.5798319327731092, -0.45428571428571424, 0.7557251908396947, -0.2, 0.0, 0.0, 0.0, 1.0, 0.6395679173636029, 1.0, 0.0, 0.0, 0.0, 0.0, 0.0, 0.0, 0.0]",104682,146668,N6,dismiss,-0.3,ts,1799,1
"[0.20000000000000007, -0.20000000000000007, -0.14720956719817763, -0.002785515320334262, -0.4166666666666667, 0.0, 0.0, 0.0, 1.0, 0.6861773903818374, 1.0, 0.0, 0.0, 0.0, 0.0, 0.0, 0.0, 0.0]",67082,135483,N6,dismiss,-0.3,ts,2581,1
"[0.25, -0.25, -0.24812030075187969, 0.005813953488372093, 0.041666666666666664, 0.0, 0.0, 0.0, 1.0, 0.7476249554836153, 1.0, 0.0, 0.0, 0.0, 0.0, 0.0, 0.0, 0.0]",174773,117045,N6,dismiss,-0.3,ts,605,0
"[0.07692307692307684, -0.07692307692307684, -0.1872881355932203, 1.0, -0.2916666666666667, 0.0, 0.0, 0.0, 1.0, 0.5172933252956673, 1.0, 0.0, 0.0, 0.0, 0.0, 0.0, 0.0, 0.0]",92709,55882,N6,dismiss,-0.3,ts,2156,1
"[0.16666666666666666, -0.16666666666666666, -0.18152639087018546, -0.36627906976744184, -0.25, 0.0, 0.0, 0.0, 1.0, 0.6134208748686691, 1.0, 0.0, 0.0, 0.0, 0.0, 0.0, 0.0, 0.0]",116466,164355,N6,dismiss,-0.3,ts,1753,1
"[0.25, -0.25, 0.09090909090909091, -0.32456140350877194, -0.10500000000000007, 0.0, 0.0, 0.0, 1.0, 0.706303156982304, 1.0, 0.0, 0.0, 0.0, 0.0, 0.0, 0.0, 0.0]",123778,165914,N6,accept,0.475,ts,2815,0
"[0.1666666666666667, -0.1666666666666667, -0.15503875968992248, 0.058823529411764705, 0.0, 0.0, 0.0, 0.0, 1.0, 0.741259150826298, 1.0, 0.0, 0.0, 0.0, 0.0, 0.0, 0.0, 0.0]",92714,85929,N6,dismiss,-0.3,ts,1723,1
"[0.19230769230769232, -0.19230769230769232, 0.0, 0.11363636363636363, 0.0, 0.0, 0.0, 0.0, 1.0, 0.7896850702294859, 1.0, 0.0, 0.0, 0.0, 0.0, 0.0, 0.0, 0.0]",114738,166142,N6,dismiss,-0.3,ts,2532,0
"[0.0666666666666666, -0.0666666666666666, 0.0, -0.2328767123287671, 0.1111111111111111, 0.0, 0.0, 0.0, 1.0, 0.689176913736021, 1.0, 0.0, 0.0, 0.0, 0.0, 0.0, 0.0, 0.0]",127690,139086,N6,dismiss,-0.3,ts,821,1
"[0.2972972972972973, -0.2972972972972973, 0.052770448548812667, -0.015748031496062992, -0.45614035087719296, 0.0, 0.0, 0.0, 1.0, 0.7401980539852661, 1.0, 0.0, 0.0, 0.0, 0.0, 0.0, 0.0, 0.0]",31679,110599,N3,accept,0.5081081081081081,ts,2172,1
"[0.5652173913043479, -0.5652173913043479, 0.1575289575289576, -0.06862745098039216, 0.12000000000000005, 0.0, 0.0, 0.0, 1.0, 0.8171887144159775, 1.0, 0.0, 0.0, 0.0, 0.0, 0.0, 0.0, 0.0]",179650,104485,N6,dismiss,-0.3,ts,2625,1
"[0.3, -0.3, -0.28, 0.0, 0.0, 0.0, 0.0, 0.0, 1.0, 0.769716564082265, 1.0, 0.0, 0.0, 0.0, 0.0, 0.0, 0.0, 0.0]",69485,50807,N6,dismiss,-0.3,ts,2122,1
"[0.45, -0.45, 0.0, 0.31196581196581197, -0.2830188679245283, 0.0, 0.0, 0.0, 1.0, 0.7626054500386172, 1.0, 0.0, 0.0, 0.0, 0.0, 0.0, 0.0, 0.0]",123829,69980,N6,dismiss,-0.3,ts,1876,1
"[0.6470588235294118, -0.6470588235294118, -0.26666666666666666, 1.0, 0.5599999999999999, 0.0, 0.0, 0.0, 1.0, 0.6056730189655424, 1.0, 0.0, 0.0, 0.0, 0.0, 0.0, 0.0, 0.0]",50997,50956,N6,dismiss,-0.3,ts,2608,1
"[0.7888, -0.7888, -0.0726817042606516, 0.06333333333333334, 0.2727272727272727, 0.0, 0.0, 0.0, 1.0, 0.8491469302631375, 1.0, 0.0, 0.0, 0.0, 0.0, 0.0, 0.0, 0.0]",174763,130294,N6,accept,0.8521599999999998,ts,414,1
"[0.8705882352941177, -0.8705882352941177, -0.0009990009990009777, 1.0, -0.6666666666666666, 0.0, 0.0, 0.0, 1.0, 0.7123563777849677, 1.0, 0.0, 0.0, 0.0, 0.0, 0.0, 0.0, 0.0]",170190,169349,N6,dismiss,-0.3,ts,1320,0
"[0.20000000000000004, -0.20000000000000004, -0.14724770642201832, 0.0, -0.041666666666666664, 0.0, 0.0, 0.0, 1.0, 0.7598162879753003, 1.0, 0.0, 0.0, 0.0, 0.0, 0.0, 0.0, 0.0]",143384,84737,N6,dismiss,-0.3,ts,2165,0
"[0.7321428571428571, -0.7321428571428571, -0.316622691292876, 0.17647058823529413, -0.6625, 0.0, 0.0, 0.0, 1.0, 0.7014006183064698, 1.0, 0.0, 0.0, 0.0, 0.0, 0.0, 0.0, 0.0]",105432,145532,N6,dismiss,-0.3,ts,2229,1
"[0.39999999999999997, -0.39999999999999997, -0.7121401752190238, -0.13307984790874525, -0.26666666666666666, 0.0, 0.0, 0.0, 1.0, 0.6353431571611287, 1.0, 0.0, 0.0, 0.0, 0.0, 0.0, 0.0, 0.0]",120829,178949,N6,dismiss,-0.3,ts,410,1
"[0.11392405063291149, -0.11392405063291149, -0.486007702182285, -0.08831168831168831, -0.3880597014925374, 0.0, 0.0, 0.0, 1.0, 0.5627169872804973, 1.0, 0.0, 0.0, 0.0, 0.0, 0.0, 0.0, 0.0]",43373,117054,N6,accept,0.379746835443038,ts,826,1
"[0.10000000000000009, -0.10000000000000009, -0.2588235294117647, -0.975, -0.52, 0.0, 0.0, 0.0, 1.0, 0.48076478481180795, 1.0, 0.0, 0.0, 0.0, 0.0, 0.0, 0.0, 0.0]",91074,16650,N6,dismiss,-0.3,ts,2148,0
"[0.3321428571428571, -0.3321428571428571, -0.10218253968253962, 0.0, 0.0, 0.0, 0.0, 0.0, 1.0, 0.8282108503945456, 1.0, 0.0, 0.0, 0.0, 0.0, 0.0, 0.0, 0.0]",55348,15139,N6,dismiss,-0.3,ts,2098,1
"[0.25, -0.25, 0.0, 0.0, 0.0, 0.0, 0.0, 0.0, 1.0, 0.8395893495876965, 1.0, 0.0, 0.0, 0.0, 0.0, 0.0, 0.0, 0.0]",116939,117045,N6,accept,0.475,ts,1995,0
"[0.11999999999999993, -0.11999999999999993, -0.20833333333333334, 0.0084985835694051, -0.5714285714285714, 0.0, 0.0, 0.0, 1.0, 0.6216762971302832, 1.0, 0.0, 0.0, 0.0, 0.0, 0.0, 0.0, 0.0]",107307,107747,N6,dismiss,-0.3,ts,2211,1
"[0.02500000000000002, -0.02500000000000002, -0.028182701652089328, -0.1, -0.07999999999999999, 0.0, 0.0, 0.0, 1.0, 0.6990405284223395, 1.0, 0.0, 0.0, 0.0, 0.0, 0.0, 0.0, 0.0]",114070,62503,N6,dismiss,-0.3,ts,1350,0
"[0.2, -0.2, -0.1442857142857143, -0.5430711610486891, 0.26666666666666666, 0.0, 0.0, 0.0, 1.0, 0.6113191439651465, 1.0, 0.0, 0.0, 0.0, 0.0, 0.0, 0.0, 0.0]",57653,185524,N6,dismiss,-0.3,ts,1262,1
"[0.20000000000000007, -0.20000000000000007, -0.11911764705882355, 0.011299435028248588, -0.46153846153846156, 0.0, 0.0, 0.0, 1.0, 0.6866739965311752, 1.0, 0.0, 0.0, 0.0, 0.0, 0.0, 0.0, 0.0]",108741,135482,N6,dismiss,-0.3,ts,1443,1
"[0.36000000000000004, -0.36000000000000004, -0.4794794794794795, -0.5260869565217391, 0.3684210526315789, 0.0, 0.0, 0.0, 1.0, 0.5740754538673325, 1.0, 0.0, 0.0, 0.0, 0.0, 0.0, 0.0, 0.0]",191335,169893,N6,dismiss,-0.3,ts,1406,1
"[0.25, -0.25, -0.18823529411764706, 0.0, 0.0, 0.0, 0.0, 0.0, 1.0, 0.7768452100027552, 1.0, 0.0, 0.0, 0.0, 0.0, 0.0, 0.0, 0.0]",113825,87177,N3,accept,0.475,ts,2510,1
"[0.11458333333333333, -0.11458333333333333, 0.0, -0.6041131105398457, -0.8083333333333332, 0.0, 0.0, 0.0, 1.0, 0.5671434991422036, 1.0, 0.0, 0.0, 0.0, 0.0, 0.0, 0.0, 0.0]",107588,142262,N6,dismiss,-0.3,ts,634,0
"[0.28571428571428575, -0.28571428571428575, 0.14285714285714285, 0.0, 0.0, 0.0, 0.0, 0.0, 1.0, 0.8013271435545221, 1.0, 0.0, 0.0, 0.0, 0.0, 0.0, 0.0, 0.0]",18468,60782,N6,accept,0.5,ts,2510,1
"[0.33333333333333337, -0.33333333333333337, -0.3220035778175313, 0.09333333333333334, -0.5545454545454546, 0.0, 0.0, 0.0, 1.0, 0.6445028751316437, 1.0, 0.0, 0.0, 0.0, 0.0, 0.0, 0.0, 0.0]",16731,49086,N3,accept,0.5333333333333333,ts,446,1
"[0.35000000000000003, -0.35000000000000003, -0.20040080160320642, 0.06666666666666667, 0.34, 0.0, 0.0, 0.0, 1.0, 0.7116125824309348, 1.0, 0.0, 0.0, 0.0, 0.0, 0.0, 0.0, 0.0]",44266,175226,N6,dismiss,-0.3,ts,1901,0
"[0.09090909090909098, -0.09090909090909098, 0.0, 0.002898550724637681, -0.038461538461538464, 0.0, 0.0, 0.0, 1.0, 0.7719082739635789, 1.0, 0.0, 0.0, 0.0, 0.0, 0.0, 0.0, 0.0]",43134,116977,N6,accept,0.36363636363636365,ts,2857,0
"[0.11458333333333333, -0.11458333333333333, -0.08759124087591248, -0.5587392550143266, -0.77, 0.0, 0.0, 0.0, 1.0, 0.5416340437403093, 1.0, 0.0, 0.0, 0.0, 0.0, 0.0, 0.0, 0.0]",108839,142262,N6,accept,0.3802083333333333,ts,1440,0
"[0.16666666666666663, -0.16666666666666663, -0.271869328493648, 0.2, -0.020000000000000018, 0.0, 0.0, 0.0, 1.0, 0.6720108132142955, 1.0, 0.0, 0.0, 0.0, 0.0, 0.0, 0.0, 0.0]",87131,86978,N6,dismiss,-0.3,ts,1647,1
"[0.12499999999999988, -0.12499999999999988, 0.21153846153846154, 0.049723756906077346, 0.05555555555555555, 0.0, 0.0, 0.0, 1.0, 0.6973654663264208, 1.0, 0.0, 0.0, 0.0, 0.0, 0.0, 0.0, 0.0]",146678,180524,N6,dismiss,-0.3,ts,2785,0
"[0.4444444444444445, -0.4444444444444445, 0.22284122562674097, -0.7678571428571429, -0.58, 0.0, 0.0, 0.0, 1.0, 0.6030913596283243, 1.0, 0.0, 0.0, 0.0, 0.0, 0.0, 0.0, 0.0]",63093,110076,N6,accept,0.6111111111111112,ts,2570,0
"[0.11627906976744183, -0.11627906976744183, 0.0, -0.14759036144578314, -0.09090909090909091, 0.0, 0.0, 0.0, 1.0, 0.7298902829852456, 1.0, 0.0, 0.0, 0.0, 0.0, 0.0, 0.0, 0.0]",40740,38840,N6,dismiss,-0.3,ts,1191,1
"[0.4444444444444445, -0.4444444444444445, 0.10401459854014582, -0.54, -0.6, 0.0, 0.0, 0.0, 1.0, 0.6542508615673612, 1.0, 0.0, 0.0, 0.0, 0.0, 0.0, 0.0, 0.0]",169353,132873,N6,accept,0.6111111111111112,ts,1539,0
"[0.5, -0.5, -0.8696, -0.05956112852664577, -0.21428571428571427, 0.0, 0.0, 0.0, 1.0, 0.674790161344931, 1.0, 0.0, 0.0, 0.0, 0.0, 0.0, 0.0, 0.0]",63925,63864,N6,dismiss,-0.3,ts,2569,1
"[0.6029411764705882, -0.6029411764705882, 0.0, 0.0, 0.0, 0.0, 0.0, 0.0, 1.0, 0.9296098135166916, 1.0, 0.0, 0.0, 0.0, 0.0, 0.0, 0.0, 0.0]",107697,70105,N3,accept,0.7220588235294116,ts,2419,1
"[0.09090909090909098, -0.09090909090909098, 0.1650000000000001, 0.05120481927710843, -0.8999999999999999, 0.0, 0.0, 0.0, 1.0, 0.5878596984444613, 1.0, 0.0, 0.0, 0.0, 0.0, 0.0, 0.0, 0.0]",162894,189369,N6,dismiss,-0.3,ts,1459,0
"[0.7411764705882353, -0.7411764705882353, 0.002506265664160437, 0.39732142857142855, -0.7, 0.0, 0.0, 0.0, 1.0, 0.7549222534913111, 1.0, 0.0, 0.0, 0.0, 0.0, 0.0, 0.0, 0.0]",86748,169349,N6,dismiss,-0.3,ts,2854,0
"[0.6, -0.6, 0.2369212266987373, 0.1686746987951807, 0.3333333333333333, 0.0, 0.0, 0.0, 1.0, 0.7376570190607876, 1.0, 0.0, 0.0, 0.0, 0.0, 0.0, 0.0, 0.0]",52481,29663,N6,accept,0.72,ts,2843,0
"[0.25, -0.25, -0.009319816873773597, 0.001215066828675577, 0.0, 0.0, 0.0, 0.0, 1.0, 0.8355318740747639, 1.0, 0.0, 0.0, 0.0, 0.0, 0.0, 0.0, 0.0]",75083,15457,N3,accept,0.475,ts,1900,1
"[0.1666666666666667, -0.1666666666666667, -0.28112267994567675, 0.16393442622950818, -0.20833333333333334, 0.0, 0.0, 0.0, 1.0, 0.6321699716450173, 1.0, 0.0, 0.0, 0.0, 0.0, 0.0, 0.0, 0.0]",81541,89666,N6,dismiss,-0.3,ts,1396,0
"[0.09090909090909087, -0.09090909090909087, -0.13017127799736508, 0.82, 0.045454545454545456, 0.0, 0.0, 0.0, 1.0, 0.6041007760941072, 1.0, 0.0, 0.0, 0.0, 0.0, 0.0, 0.0, 0.0]",85795,120787,N3,accept,0.3636363636363636,ts,674,1
"[0.39285714285714285, -0.39285714285714285, -0.1965194109772423, 0.11255411255411256, -0.42592592592592593, 0.0, 0.0, 0.0, 1.0, 0.7011040251103882, 1.0, 0.0, 0.0, 0.0, 0.0, 0.0, 0.0, 0.0]",20077,20089,N6,dismiss,-0.3,ts,889,0
"[0.6218487394957983, -0.6218487394957983, 0.1430051813471504, 0.1984732824427481, -0.04, 0.0, 0.0, 0.0, 1.0, 0.8225449591715847, 1.0, 0.0, 0.0, 0.0, 0.0, 0.0, 0.0, 0.0]",61358,104690,N6,dismiss,-0.3,ts,2396,1
"[0.808695652173913, -0.808695652173913, 0.15907335907335912, -0.05555555555555555, 0.1599999999999999, 0.0, 0.0, 0.0, 1.0, 0.8480449897760274, 1.0, 0.0, 0.0, 0.0, 0.0, 0.0, 0.0, 0.0]",179650,114138,N6,accept,0.8660869565217391,ts,458,0
"[0.3636363636363637, -0.3636363636363637, -0.24791666666666665, -0.07027027027027027, 1.0, 0.0, 0.0, 0.0, 1.0, 0.6415169590174974, 1.0, 0.0, 0.0, 0.0, 0.0, 0.0, 0.0, 0.0]",107308,123439,N6,dismiss,-0.3,ts,2619,1
"[0.0555555555555556, -0.0555555555555556, -0.05649999999999995, -0.3541666666666667, -0.13999999999999999, 0.0, 0.0, 0.0, 1.0, 0.6366525780012734, 1.0, 0.0, 0.0, 0.0, 0.0, 0.0, 0.0, 0.0]",155816,79359,N6,dismiss,-0.3,ts,503,0
"[0.24242424242424238, -0.24242424242424238, -0.158311345646438, -0.08536585365853659, -0.21999999999999997, 0.0, 0.0, 0.0, 1.0, 0.7058869977996952, 1.0, 0.0, 0.0, 0.0, 0.0, 0.0, 0.0, 0.0]",110035,19597,N6,dismiss,-0.3,ts,860,1
"[0.2800000000000001, -0.2800000000000001, -0.2748368382886149, 0.0, 0.0, 0.0, 0.0, 0.0, 1.0, 0.7646602306691772, 1.0, 0.0, 0.0, 0.0, 0.0, 0.0, 0.0, 0.0]",141766,174745,N6,dismiss,-0.3,ts,1820,1
"[0.24999999999999997, -0.24999999999999997, 0.11420612813370477, -0.15950920245398773, 0.0, 0.0, 0.0, 0.0, 1.0, 0.7577778993431036, 1.0, 0.0, 0.0, 0.0, 0.0, 0.0, 0.0, 0.0]",155669,115289,N6,dismiss,-0.3,ts,1050,0
"[0.35999999999999993, -0.35999999999999993, 0.125, 1.0, 1.0, 0.0, 0.0, 0.0, 1.0, 0.5327936544339077, 1.0, 0.0, 0.0, 0.0, 0.0, 0.0, 0.0, 0.0]",18355,51061,N3,accept,0.5519999999999999,ts,2795,1
"[0.9400000000000001, -0.9400000000000001, 0.11470588235294113, -0.18333333333333332, 1.0, 0.0, 0.0, 0.0, 1.0, 0.7517552768639826, 1.0, 0.0, 0.0, 0.0, 0.0, 0.0, 0.0, 0.0]",37946,42569,N6,dismiss,-0.3,ts,1105,0
"[0.040000000000000036, -0.040000000000000036, 0.0, 0.0, 0.0, 0.0, 0.0, 0.0, 1.0, 0.7649820258822859, 1.0, 0.0, 0.0, 0.0, 0.0, 0.0, 0.0, 0.0]",141765,141753,N6,accept,0.328,ts,1317,0
"[0.24999999999999997, -0.24999999999999997, 0.16666666666666666, 0.0, 0.0, 0.0, 0.0, 0.0, 1.0, 0.7828956117024544, 1.0, 0.0, 0.0, 0.0, 0.0, 0.0, 0.0, 0.0]",18305,18309,N6,dismiss,-0.3,ts,1913,0
"[0.4444444444444445, -0.4444444444444445, 0.17096774193548378, -0.18, -0.58, 0.0, 0.0, 0.0, 1.0, 0.6894489194008218, 1.0, 0.0, 0.0, 0.0, 0.0, 0.0, 0.0, 0.0]",81420,132873,N6,dismiss,-0.3,ts,1068,0
"[0.8666666666666667, -0.8666666666666667, -0.621, 0.0, 0.0, 0.0, 0.0, 0.0, 1.0, 0.8231919954055178, 1.0, 0.0, 0.0, 0.0, 0.0, 0.0, 0.0, 0.0]",63921,48992,N6,dismiss,-0.3,ts,739,1
"[0.64, -0.64, 0.15567282321899734, -0.5691489361702128, 0.4, 0.0, 0.0, 0.0, 1.0, 0.6980152721232434, 1.0, 0.0, 0.0, 0.0, 0.0, 0.0, 0.0, 0.0]",84106,19598,N6,dismiss,-0.3,ts,1441,0
"[0.09090909090909098, -0.09090909090909098, 0.11799999999999997, 0.2125, 0.5217391304347825, 0.0, 0.0, 0.0, 1.0, 0.5927368758241162, 1.0, 0.0, 0.0, 0.0, 0.0, 0.0, 0.0, 0.0]",162892,16906,N6,dismiss,-0.3,ts,2887,0
"[0.20000000000000007, -0.20000000000000007, -0.2716236722306526, -0.005714285714285714, 0.5789473684210527, 0.0, 0.0, 0.0, 1.0, 0.6344174406237146, 1.0, 0.0, 0.0, 0.0, 0.0, 0.0, 0.0, 0.0]",43097,32065,N6,dismiss,-0.3,ts,3000,1
"[0.25, -0.25, 0.09090909090909091, 0.1, 0.49166666666666653, 0.0, 0.0, 0.0, 1.0, 0.6852588678547423, 1.0, 0.0, 0.0, 0.0, 0.0, 0.0, 0.0, 0.0]",110001,165914,N6,accept,0.475,ts,949,0
"[0.20000000000000007, -0.20000000000000007, -0.2, -0.019943019943019943, -0.17857142857142858, 0.0, 0.0, 0.0, 1.0, 0.7059778834861021, 1.0, 0.0, 0.0, 0.0, 0.0, 0.0, 0.0, 0.0]",15534,31972,N3,accept,0.44000000000000006,ts,781,1
"[0.4444444444444445, -0.4444444444444445, 0.18241042345276867, -0.34, -0.6, 0.0, 0.0, 0.0, 1.0, 0.6557316228780911, 1.0, 0.0, 0.0, 0.0, 0.0, 0.0, 0.0, 0.0]",169354,132873,N6,dismiss,-0.3,ts,1176,0
"[0.03508771929824565, -0.03508771929824565, -0.593103448275862, 0.038461538461538464, 0.0, 0.0, 0.0, 0.0, 1.0, 0.6131154001077068, 1.0, 0.0, 0.0, 0.0, 0.0, 0.0, 0.0, 0.0]",87131,183161,N6,dismiss,-0.3,ts,2470,1
"[0.25, -0.25, 0.15830115830115837, 0.02976190476190476, 0.13636363636363635, 0.0, 0.0, 0.0, 1.0, 0.7408404640993043, 1.0, 0.0, 0.0, 0.0, 0.0, 0.0, 0.0, 0.0]",106979,117045,N6,dismiss,-0.3,ts,1568,0
"[0.14285714285714285, -0.14285714285714285, 0.13333333333333333, 1.0, -0.23809523809523808, 0.0, 0.0, 0.0, 1.0, 0.5596889746063702, 1.0, 0.0, 0.0, 0.0, 0.0, 0.0, 0.0, 0.0]",175348,113825,N6,dismiss,-0.3,ts,2460,0
"[0.65, -0.65, 0.0, 0.0, 0.0, 0.0, 0.0, 0.0, 1.0, 0.9377233209062918, 1.0, 0.0, 0.0, 0.0, 0.0, 0.0, 0.0, 0.0]",30619,30620,N6,dismiss,-0.3,ts,2344,0
"[0.018987341772151913, -0.018987341772151913, -0.07966573816155988, -0.0111731843575419, -0.29473684210526313, 0.0, 0.0, 0.0, 1.0, 0.6575391462900055, 1.0, 0.0, 0.0, 0.0, 0.0, 0.0, 0.0, 0.0]",43387,43382,N6,dismiss,-0.3,ts,2704,1
"[0.5636363636363637, -0.5636363636363637, -0.16666666666666666, -0.0113314447592068, 0.42857142857142855, 0.0, 0.0, 0.0, 1.0, 0.7757728250593904, 1.0, 0.0, 0.0, 0.0, 0.0, 0.0, 0.0, 0.0]",87721,107563,N6,dismiss,-0.3,ts,2735,1
"[0.3939393939393939, -0.3939393939393939, -0.24582967515364354, -0.0948509485094851, -0.75, 0.0, 0.0, 0.0, 1.0, 0.6625097926397022, 1.0, 0.0, 0.0, 0.0, 0.0, 0.0, 0.0, 0.0]",141852,64439,N6,dismiss,-0.3,ts,953,0
"[0.16000000000000003, -0.16000000000000003, 0.06048982000590136, -0.4169611307420495, 0.08333333333333333, 0.0, 0.0, 0.0, 1.0, 0.6782079465127508, 1.0, 0.0, 0.0, 0.0, 0.0, 0.0, 0.0, 0.0]",134112,179649,N6,accept,0.41200000000000003,ts,523,1
"[0.19999999999999993, -0.19999999999999993, -0.25, 0.0, 0.0, 0.0, 0.0, 0.0, 1.0, 0.7441342850554244, 1.0, 0.0, 0.0, 0.0, 0.0, 0.0, 0.0, 0.0]",18185,18219,N6,accept,0.43999999999999995,ts,2070,1
"[0.16666666666666666, -0.16666666666666666, 0.13719234275296252, -0.2757475083056478, -0.5416666666666666, 0.0, 0.0, 0.0, 1.0, 0.6004205937142583, 1.0, 0.0, 0.0, 0.0, 0.0, 0.0, 0.0, 0.0]",116369,185374,N3,accept,0.41666666666666663,ts,2018,1
"[0.5636363636363637, -0.5636363636363637, -0.5024875621890547, 0.10826210826210826, 1.0, 0.0, 0.0, 0.0, 1.0, 0.6364798338898465, 1.0, 0.0, 0.0, 0.0, 0.0, 0.0, 0.0, 0.0]",72081,107588,N6,dismiss,-0.3,ts,1451,1
"[0.02500000000000002, -0.02500000000000002, -0.49874686716791977, -0.12, -0.039999999999999994, 0.0, 0.0, 0.0, 1.0, 0.5895927592856948, 1.0, 0.0, 0.0, 0.0, 0.0, 0.0, 0.0, 0.0]",85228,62503,N3,accept,0.3175,ts,707,1
"[0.11458333333333333, -0.11458333333333333, -0.08759124087591248, -0.5587392550143266, -0.77, 0.0, 0.0, 0.0, 1.0, 0.5416340437403093, 1.0, 0.0, 0.0, 0.0, 0.0, 0.0, 0.0, 0.0]",108839,142262,N6,dismiss,-0.3,ts,2091,0
"[0.14285714285714285, -0.14285714285714285, -0.19360222531293475, -0.06361323155216285, 0.1, 0.0, 0.0, 0.0, 1.0, 0.6934464465006009, 1.0, 0.0, 0.0, 0.0, 0.0, 0.0, 0.0, 0.0]",110096,71447,N6,dismiss,-0.3,ts,1482,1
"[0.25, -0.25, 0.22714285714285723, 0.052434456928838954, -0.06666666666666667, 0.0, 0.0, 0.0, 1.0, 0.7329119913938553, 1.0, 0.0, 0.0, 0.0, 0.0, 0.0, 0.0, 0.0]",57653,21089,N6,dismiss,-0.3,ts,2088,0
"[0.11999999999999993, -0.11999999999999993, -0.3566833452466047, -0.002849002849002849, -0.6739130434782609, 0.0, 0.0, 0.0, 1.0, 0.5806369658757379, 1.0, 0.0, 0.0, 0.0, 0.0, 0.0, 0.0, 0.0]",88671,30082,N6,dismiss,-0.3,ts,1518,1
"[0.25, -0.25, 0.08600392413342063, 0.006075334143377886, 0.0, 0.0, 0.0, 0.0, 1.0, 0.8061722905617785, 1.0, 0.0, 0.0, 0.0, 0.0, 0.0, 0.0, 0.0]",75083,30338,N6,dismiss,-0.3,ts,1955,0
"[0.02857142857142844, -0.02857142857142844, -0.23106546854942242, 0.28, 0.019999999999999973, 0.0, 0.0, 0.0, 1.0, 0.6164954766225315, 1.0, 0.0, 0.0, 0.0, 0.0, 0.0, 0.0, 0.0]",33303,18053,N6,dismiss,-0.3,ts,2343,0
"[0.3636363636363637, -0.3636363636363637, 0.0, 0.0, 0.0, 0.0, 0.0, 0.0, 1.0, 0.8742764353476687, 1.0, 0.0, 0.0, 0.0, 0.0, 0.0, 0.0, 0.0]",123548,123174,N6,dismiss,-0.3,ts,2444,0
"[0.30000000000000004, -0.30000000000000004, 0.03454231433506045, 0.08529411764705883, 0.25454545454545463, 0.0, 0.0, 0.0, 1.0, 0.7587558539384491, 1.0, 0.0, 0.0, 0.0, 0.0, 0.0, 0.0, 0.0]",16912,76847,N6,dismiss,-0.3,ts,1618,0
"[0.7162162162162162, -0.7162162162162162, 0.03710575139146568, -0.08256880733944955, -0.21428571428571427, 0.0, 0.0, 0.0, 1.0, 0.858348687981883, 1.0, 0.0, 0.0, 0.0, 0.0, 0.0, 0.0, 0.0]",63923,16731,N6,dismiss,-0.3,ts,694,1
"[0.11111111111111106, -0.11111111111111106, 0.21052631578947367, 0.0, 0.5800000000000001, 0.0, 0.0, 0.0, 1.0, 0.6195791414577161, 1.0, 0.0, 0.0, 0.0, 0.0, 0.0, 0.0, 0.0]",54392,91067,N3,accept,0.3777777777777777,ts,761,1
"[0.25000000000000006, -0.25000000000000006, 0.22284122562674097, 1.0, -0.11764705882352941, 0.0, 0.0, 0.0, 1.0, 0.6044452332283466, 1.0, 0.0, 0.0, 0.0, 0.0, 0.0, 0.0, 0.0]",110152,39429,N6,dismiss,-0.3,ts,1146,1
"[0.25, -0.25, 0.22714285714285723, -0.08766233766233766, 0.0, 0.0, 0.0, 0.0, 1.0, 0.7424472880831784, 1.0, 0.0, 0.0, 0.0, 0.0, 0.0, 0.0, 0.0]",55744,21089,N6,dismiss,-0.3,ts,2863,0
"[0.047619047619047596, -0.047619047619047596, -0.16684045881126172, 0.0, -0.02439024390243908, 0.0, 0.0, 0.0, 1.0, 0.7039418203838728, 1.0, 0.0, 0.0, 0.0, 0.0, 0.0, 0.0, 0.0]",154624,53366,N3,accept,0.3333333333333333,ts,2358,1
"[0.4545454545454546, -0.4545454545454546, -0.4340567612687813, -0.030726256983240222, 1.0, 0.0, 0.0, 0.0, 1.0, 0.625247768894312, 1.0, 0.0, 0.0, 0.0, 0.0, 0.0, 0.0, 0.0]",135481,108828,N6,dismiss,-0.3,ts,1288,1
"[0.9137254901960783, -0.9137254901960783, 0.05563282336578581, -0.43820224719101125, 0.4666666666666667, 0.0, 0.0, 0.0, 1.0, 0.7700744049956784, 1.0, 0.0, 0.0, 0.0, 0.0, 0.0, 0.0, 0.0]",128242,85795,N6,dismiss,-0.3,ts,927,1
"[0.25000000000000006, -0.25000000000000006, -0.06666666666666667, -0.1, -0.19999999999999996, 0.0, 0.0, 0.0, 1.0, 0.7379816332633292, 1.0, 0.0, 0.0, 0.0, 0.0, 0.0, 0.0, 0.0]",18330,51616,N6,dismiss,-0.3,ts,1041,1
"[0.8730158730158731, -0.8730158730158731, 0.14184397163120568, 0.38222222222222224, -0.02941176470588238, 0.0, 0.0, 0.0, 1.0, 0.8279088857079205, 1.0, 0.0, 0.0, 0.0, 0.0, 0.0, 0.0, 0.0]",48746,91068,N6,dismiss,-0.3,ts,2263,1
"[0.1538461538461538, -0.1538461538461538, 0.0, 0.0, 0.0, 0.0, 0.0, 0.0, 1.0, 0.806689539231263, 1.0, 0.0, 0.0, 0.0, 0.0, 0.0, 0.0, 0.0]",93850,93864,N6,dismiss,-0.3,ts,440,0
"[0.1111111111111111, -0.1111111111111111, -0.034482758620689655, -0.10954063604240283, 0.3333333333333333, 0.0, 0.0, 0.0, 1.0, 0.6754579089247579, 1.0, 0.0, 0.0, 0.0, 0.0, 0.0, 0.0, 0.0]",134111,115390,N6,dismiss,-0.3,ts,1847,1
"[0.023255813953488292, -0.023255813953488292, 0.1956001912960306, 0.16556291390728478, -0.014285714285714235, 0.0, 0.0, 0.0, 1.0, 0.6474584734267568, 1.0, 0.0, 0.0, 0.0, 0.0, 0.0, 0.0, 0.0]",115226,15171,N6,dismiss,-0.3,ts,601,0
"[0.6375, -0.6375, 0.0, -0.02158273381294964, 0.0, 0.0, 0.0, 0.0, 1.0, 0.9293128096864788, 1.0, 0.0, 0.0, 0.0, 0.0, 0.0, 0.0, 0.0]",85325,40258,N3,accept,0.7462499999999999,ts,1694,1
"[0.44999999999999996, -0.44999999999999996, -0.09358372456964001, -0.08943089430894309, 1.0, 0.0, 0.0, 0.0, 1.0, 0.7086592982699906, 1.0, 0.0, 0.0, 0.0, 0.0, 0.0, 0.0, 0.0]",43370,135543,N6,dismiss,-0.3,ts,1786,1
"[0.25, -0.25, -0.5940460081190798, -0.0546448087431694, 1.0, 0.0, 0.0, 0.0, 1.0, 0.5370968143236092, 1.0, 0.0, 0.0, 0.0, 0.0, 0.0, 0.0, 0.0]",189368,117045,N3,accept,0.475,ts,532,1
"[0.24999999999999997, -0.24999999999999997, 0.05517033463973465, 0.45147679324894513, 0.08, 0.0, 0.0, 0.0, 1.0, 0.7073223076628614, 1.0, 0.0, 0.0, 0.0, 0.0, 0.0, 0.0, 0.0]",117335,169335,N6,dismiss,-0.3,ts,1535,1
"[0.20000000000000007, -0.20000000000000007, -0.20556107249255215, -0.008547008547008548, -0.14285714285714285, 0.0, 0.0, 0.0, 1.0, 0.7155886267778032, 1.0, 0.0, 0.0, 0.0, 0.0, 0.0, 0.0, 0.0]",15528,32065,N6,dismiss,-0.3,ts,914,1
"[0.04545454545454549, -0.04545454545454549, -0.0646666666666667, -0.008264462809917356, -0.22727272727272727, 0.0, 0.0, 0.0, 1.0, 0.6855067967400382, 1.0, 0.0, 0.0, 0.0, 0.0, 0.0, 0.0, 0.0]",138639,127487,N3,accept,0.33181818181818185,ts,1171,1
"[0.14285714285714285, -0.14285714285714285, 0.13333333333333333, 1.0, -0.23809523809523808, 0.0, 0.0, 0.0, 1.0, 0.5596889746063702, 1.0, 0.0, 0.0, 0.0, 0.0, 0.0, 0.0, 0.0]",175348,113825,N6,dismiss,-0.3,ts,626,0
"[0.20000000000000007, -0.20000000000000007, 0.09090909090909091, -0.019943019943019943, -0.14285714285714285, 0.0, 0.0, 0.0, 1.0, 0.7464351712490337, 1.0, 0.0, 0.0, 0.0, 0.0, 0.0, 0.0, 0.0]",162723,31975,N3,accept,0.44000000000000006,ts,1923,1
"[0.2307692307692307, -0.2307692307692307, -0.0625, -0.48333333333333334, -0.38, 0.0, 0.0, 0.0, 1.0, 0.6369417018705579, 1.0, 0.0, 0.0, 0.0, 0.0, 0.0, 0.0, 0.0]",57385,41650,N6,dismiss,-0.3,ts,2966,1
"[0.5288235294117647, -0.5288235294117647, -0.125, -0.48333333333333334, -0.58, 0.0, 0.0, 0.0, 1.0, 0.6748948772215447, 1.0, 0.0, 0.0, 0.0, 0.0, 0.0, 0.0, 0.0]",71734,79360,N6,dismiss,-0.3,ts,2936,1
"[0.24242424242424238, -0.24242424242424238, -0.158311345646438, -0.08536585365853659, -0.21999999999999997, 0.0, 0.0, 0.0, 1.0, 0.7058869977996952, 1.0, 0.0, 0.0, 0.0, 0.0, 0.0, 0.0, 0.0]",110035,19597,N6,dismiss,-0.3,ts,498,1
"[0.3333333333333333, -0.3333333333333333, 0.22073170731707326, -0.20784313725490197, 0.05263157894736842, 0.0, 0.0, 0.0, 1.0, 0.7281444460834263, 1.0, 0.0, 0.0, 0.0, 0.0, 0.0, 0.0, 0.0]",155668,170191,N6,dismiss,-0.3,ts,2074,1
"[0.19999999999999993, -0.19999999999999993, -0.4, 0.1, 0.19999999999999996, 0.0, 0.0, 0.0, 1.0, 0.6360515658033852, 1.0, 0.0, 0.0, 0.0, 0.0, 0.0, 0.0, 0.0]",77920,18330,N6,accept,0.43999999999999995,ts,926,0
"[0.4545454545454546, -0.4545454545454546, -0.375, 0.11781609195402298, 1.0, 0.0, 0.0, 0.0, 1.0, 0.631459319493265, 1.0, 0.0, 0.0, 0.0, 0.0, 0.0, 0.0, 0.0]",32065,107588,N3,accept,0.6181818181818182,ts,1989,1
"[0.125, -0.125, 0.0, -0.06666666666666667, 0.0, 0.0, 0.0, 0.0, 1.0, 0.777609297833477, 1.0, 0.0, 0.0, 0.0, 0.0, 0.0, 0.0, 0.0]",139964,175348,N3,accept,0.38749999999999996,ts,932,1
"[0.5, -0.5, -0.3035446829755368, 1.0, -0.23529411764705882, 0.0, 0.0, 0.0, 1.0, 0.6172661573289867, 1.0, 0.0, 0.0, 0.0, 0.0, 0.0, 0.0, 0.0]",107861,92081,N3,accept,0.6499999999999999,ts,2063,1
"[0.3142857142857143, -0.3142857142857143, -0.5006513243595311, -0.21107266435986158, 0.0, 0.0, 0.0, 0.0, 1.0, 0.6816641322507467, 1.0, 0.0, 0.0, 0.0, 0.0, 0.0, 0.0, 0.0]",110153,178949,N3,accept,0.52,ts,1974,1
"[0.3636363636363637, -0.3636363636363637, 0.0027777777777778173, -0.019943019943019943, 1.0, 0.0, 0.0, 0.0, 1.0, 0.7179568439356568, 1.0, 0.0, 0.0, 0.0, 0.0, 0.0, 0.0, 0.0]",30103,123439,N3,accept,0.5545454545454546,ts,2955,1
"[0.5235294117647058, -0.5235294117647058, -0.06312499999999999, -0.3416666666666667, -0.44000000000000006, 0.0, 0.0, 0.0, 1.0, 0.7281697177918823, 1.0, 0.0, 0.0, 0.0, 0.0, 0.0, 0.0, 0.0]",71734,155616,N3,accept,0.666470588235294,ts,1826,1
"[0.7058823529411765, -0.7058823529411765, 0.13651877133105803, 1.0, 0.11764705882352941, 0.0, 0.0, 0.0, 1.0, 0.7183013517884813, 1.0, 0.0, 0.0, 0.0, 0.0, 0.0, 0.0, 0.0]",169345,115396,N3,accept,0.7941176470588236,ts,2012,1
"[0.6818181818181819, -0.6818181818181819, -0.050125313283208024, 0.18840579710144928, -0.51, 0.0, 0.0, 0.0, 1.0, 0.7806619322864332, 1.0, 0.0, 0.0, 0.0, 0.0, 0.0, 0.0, 0.0]",48998,49086,N3,accept,0.7772727272727273,ts,979,0
"[0.10999999999999997, -0.10999999999999997, -0.06666666666666667, 0.0, -0.2, 0.0, 0.0, 0.0, 1.0, 0.7164623591348536, 1.0, 0.0, 0.0, 0.0, 0.0, 0.0, 0.0, 0.0]",41650,79360,N6,accept,0.37699999999999995,ts,2046,1
"[0.7954545454545455, -0.7954545454545455, 0.12999999999999995, -0.06862745098039216, -0.08, 0.0, 0.0, 0.0, 1.0, 0.8706848509641303, 1.0, 0.0, 0.0, 0.0, 0.0, 0.0, 0.0, 0.0]",89764,89765,N6,dismiss,-0.3,ts,2491,1
"[0.4545454545454546, -0.4545454545454546, -0.6264009962640099, 0.08659217877094973, 1.0, 0.0, 0.0, 0.0, 1.0, 0.5821510349609894, 1.0, 0.0, 0.0, 0.0, 0.0, 0.0, 0.0, 0.0]",93936,107588,N6,dismiss,-0.3,ts,454,1
"[0.20000000000000007, -0.20000000000000007, -0.06259780907668232, 0.017045454545454544, -0.4166666666666667, 0.0, 0.0, 0.0, 1.0, 0.7094552875739797, 1.0, 0.0, 0.0, 0.0, 0.0, 0.0, 0.0, 0.0]",57376,135481,N6,accept,0.44000000000000006,ts,1656,1
"[0.8571428571428572, -0.8571428571428572, 0.0, -0.04, 0.0, 0.0, 0.0, 0.0, 1.0, 0.9529674423825959, 1.0, 0.0, 0.0, 0.0, 0.0, 0.0, 0.0, 0.0]",16648,16650,N6,dismiss,-0.3,ts,831,1
"[0.14285714285714288, -0.14285714285714288, -0.16684045881126172, -0.4514285714285714, 0.29411764705882354, 0.0, 0.0, 0.0, 1.0, 0.5901301128303514, 1.0, 0.0, 0.0, 0.0, 0.0, 0.0, 0.0, 0.0]",78003,139805,N6,dismiss,-0.3,ts,2588,1
"[0.02500000000000002, -0.02500000000000002, 0.20627261761158033, -0.06, -0.039999999999999994, 0.0, 0.0, 0.0, 1.0, 0.6632687757964634, 1.0, 0.0, 0.0, 0.0, 0.0, 0.0, 0.0, 0.0]",151774,62540,N3,accept,0.3175,ts,658,1
"[0.1666666666666667, -0.1666666666666667, -0.28112267994567675, 0.16393442622950818, -0.20833333333333334, 0.0, 0.0, 0.0, 1.0, 0.6321699716450173, 1.0, 0.0, 0.0, 0.0, 0.0, 0.0, 0.0, 0.0]",81541,89666,N6,dismiss,-0.3,ts,880,1
"[0.18831168831168835, -0.18831168831168835, 0.0, 0.15942028985507245, 0.18, 0.0, 0.0, 0.0, 1.0, 0.732496988669393, 1.0, 0.0, 0.0, 0.0, 0.0, 0.0, 0.0, 0.0]",151793,85224,N6,accept,0.4318181818181818,ts,1248,1
"[0.475, -0.475, 0.0, 0.417910447761194, -0.040000000000000036, 0.0, 0.0, 0.0, 1.0, 0.8065557523402592, 1.0, 0.0, 0.0, 0.0, 0.0, 0.0, 0.0, 0.0]",79807,122720,N6,dismiss,-0.3,ts,1115,1
"[0.3, -0.3, -0.09090909090909091, 0.46, -0.08000000000000003, 0.0, 0.0, 0.0, 1.0, 0.709824759435147, 1.0, 0.0, 0.0, 0.0, 0.0, 0.0, 0.0, 0.0]",38740,41068,N6,dismiss,-0.3,ts,859,1
"[0.3508064516129032, -0.3508064516129032, -0.50017850767583, 0.14714714714714713, -0.2692307692307692, 0.0, 0.0, 0.0, 1.0, 0.6434746313969197, 1.0, 0.0, 0.0, 0.0, 0.0, 0.0, 0.0, 0.0]",89601,103705,N3,accept,0.5455645161290322,ts,409,1
"[0.5636363636363637, -0.5636363636363637, -0.16573971078976643, 0.0896358543417367, 1.0, 0.0, 0.0, 0.0, 1.0, 0.7114261295235756, 1.0, 0.0, 0.0, 0.0, 0.0, 0.0, 0.0, 0.0]",166050,107588,N6,dismiss,-0.3,ts,1935,1
"[0.2922374429223744, -0.2922374429223744, -0.24977293369663942, -0.0028169014084507044, -0.16249999999999998, 0.0, 0.0, 0.0, 1.0, 0.7319678781075933, 1.0, 0.0, 0.0, 0.0, 0.0, 0.0, 0.0, 0.0]",64291,43382,N6,dismiss,-0.3,ts,873,1
"[0.12, -0.12, 0.0, 0.6, -0.040000000000000036, 0.0, 0.0, 0.0, 1.0, 0.6781668007741583, 1.0, 0.0, 0.0, 0.0, 0.0, 0.0, 0.0, 0.0]",30621,30710,N3,accept,0.384,ts,2061,1
"[0.25, -0.25, -0.40050062578222784, 1.0, 1.0, 0.0, 0.0, 0.0, 1.0, 0.44913494420412187, 1.0, 0.0, 0.0, 0.0, 0.0, 0.0, 0.0, 0.0]",158428,129198,N3,accept,0.475,ts,1255,1
"[0.5111111111111111, -0.5111111111111111, -0.0021154427319431935, 0.34076433121019106, 0.16666666666666666, 0.0, 0.0, 0.0, 1.0, 0.7937585263005966, 1.0, 0.0, 0.0, 0.0, 0.0, 0.0, 0.0, 0.0]",104690,61314,N6,dismiss,-0.3,ts,2180,1
"[0.72, -0.72, 0.14583333333333334, 0.02, 0.06000000000000001, 0.0, 0.0, 0.0, 1.0, 0.8748597557133838, 1.0, 0.0, 0.0, 0.0, 0.0, 0.0, 0.0, 0.0]",135298,81568,N3,accept,0.804,ts,700,0
"[0.535483870967742, -0.535483870967742, -0.011911852293031567, 0.0036231884057971015, 0.0, 0.0, 0.0, 0.0, 1.0, 0.9106676184244814, 1.0, 0.0, 0.0, 0.0, 0.0, 0.0, 0.0, 0.0]",64515,16646,N6,dismiss,-0.3,ts,1471,1
"[0.09090909090909098, -0.09090909090909098, -0.09819639278557118, 1.0, 1.0, 0.0, 0.0, 0.0, 1.0, 0.4581350254540959, 1.0, 0.0, 0.0, 0.0, 0.0, 0.0, 0.0, 0.0]",169305,151841,N3,accept,0.36363636363636365,ts,2523,1
"[0.02631578947368412, -0.02631578947368412, -0.43, 0.019867549668874173, 0.0285714285714286, 0.0, 0.0, 0.0, 1.0, 0.6303211836867184, 1.0, 0.0, 0.0, 0.0, 0.0, 0.0, 0.0, 0.0]",41398,15200,N3,accept,0.3184210526315789,ts,2912,0
"[0.3548387096774194, -0.3548387096774194, -0.535437760571769, -1.0, -1.0, 0.0, 0.0, 0.0, 1.0, 0.48091857104383345, 1.0, 0.0, 0.0, 0.0, 0.0, 0.0, 0.0, 0.0]",64515,174937,N3,accept,0.5483870967741935,ts,2001,1
"[0.25, -0.25, 0.0, -0.005747126436781609, -0.16666666666666666, 0.0, 0.0, 0.0, 1.0, 0.7953547792253595, 1.0, 0.0, 0.0, 0.0, 0.0, 0.0, 0.0, 0.0]",117105,117045,N3,accept,0.475,ts,2428,0
"[0.3000000000000001, -0.3000000000000001, -0.5036615134255492, 0.0, 0.0, 0.0, 0.0, 0.0, 1.0, 0.7285138093516589, 1.0, 0.0, 0.0, 0.0, 0.0, 0.0, 0.0, 0.0]",85447,85446,N6,dismiss,-0.3,ts,1027,1
"[0.6875, -0.6875, 0.1547058823529411, 1.0, 0.8333333333333334, 0.0, 0.0, 0.0, 1.0, 0.6216248415072391, 1.0, 0.0, 0.0, 0.0, 0.0, 0.0, 0.0, 0.0]",18437,90181,N3,accept,0.78125,ts,2230,0
"[0.1200000000000001, -0.1200000000000001, 0.1455847255369929, -0.04024767801857585, -0.33999999999999997, 0.0, 0.0, 0.0, 1.0, 0.6583894484224873, 1.0, 0.0, 0.0, 0.0, 0.0, 0.0, 0.0, 0.0]",57279,59423,N3,accept,0.38400000000000006,ts,2031,0
"[0.3, -0.3, 0.0, 0.0, 0.0, 0.0, 0.0, 0.0, 1.0, 0.8554747513125021, 1.0, 0.0, 0.0, 0.0, 0.0, 0.0, 0.0, 0.0]",68609,50807,N3,accept,0.51,ts,788,0
"[0.20000000000000007, -0.20000000000000007, -0.5004694835680751, -0.028409090909090908, -0.08333333333333333, 0.0, 0.0, 0.0, 1.0, 0.6650221215675229, 1.0, 0.0, 0.0, 0.0, 0.0, 0.0, 0.0, 0.0]",43334,107170,N6,dismiss,-0.3,ts,544,1
"[0.4444444444444444, -0.4444444444444444, -0.769855072463768, 0.3786407766990291, -0.20833333333333334, 0.0, 0.0, 0.0, 1.0, 0.6078114032640501, 1.0, 0.0, 0.0, 0.0, 0.0, 0.0, 0.0, 0.0]",54732,89666,N6,accept,0.611111111111111,ts,2398,1
"[0.25, -0.25, 0.08600392413342063, 0.006075334143377886, 0.0, 0.0, 0.0, 0.0, 1.0, 0.8061722905617785, 1.0, 0.0, 0.0, 0.0, 0.0, 0.0, 0.0, 0.0]",75083,30338,N3,accept,0.475,ts,650,0
"[0.5, -0.5, 0.058823529411764705, -0.88, -0.7272727272727273, 0.0, 0.0, 0.0, 1.0, 0.6474218926144715, 1.0, 0.0, 0.0, 0.0, 0.0, 0.0, 0.0, 0.0]",18435,38174,N3,accept,0.6499999999999999,ts,2020,1
"[0.2857142857142857, -0.2857142857142857, -0.16666666666666666, -0.48333333333333334, -0.38, 0.0, 0.0, 0.0, 1.0, 0.6215402245940977, 1.0, 0.0, 0.0, 0.0, 0.0, 0.0, 0.0, 0.0]",50807,41650,N3,accept,0.5,ts,1682,1
"[0.19999999999999993, -0.19999999999999993, -0.1875, 0.0, 0.0, 0.0, 0.0, 0.0, 1.0, 0.7602860088710922, 1.0, 0.0, 0.0, 0.0, 0.0, 0.0, 0.0, 0.0]",73358,117926,N3,accept,0.43999999999999995,ts,2399,0
"[0.5599999999999999, -0.5599999999999999, -0.4952893674293405, 0.07086614173228346, 0.6666666666666666, 0.0, 0.0, 0.0, 1.0, 0.665442212665908, 1.0, 0.0, 0.0, 0.0, 0.0, 0.0, 0.0, 0.0]",106764,89764,N6,accept,0.692,ts,1352,1
"[0.47058823529411764, -0.47058823529411764, 0.15384615384615385, 1.0, 0.6599999999999999, 0.0, 0.0, 0.0, 1.0, 0.5943309476945812, 1.0, 0.0, 0.0, 0.0, 0.0, 0.0, 0.0, 0.0]",37982,133969,N6,dismiss,-0.3,ts,2479,1
"[0.39999999999999997, -0.39999999999999997, -0.35933147632311974, -0.3006134969325153, -0.26666666666666666, 0.0, 0.0, 0.0, 1.0, 0.651960824166897, 1.0, 0.0, 0.0, 0.0, 0.0, 0.0, 0.0, 0.0]",155669,178949,N3,accept,0.58,ts,1447,1
"[0.062499999999999965, -0.062499999999999965, 0.0, 0.07339449541284404, -0.038461538461538464, 0.0, 0.0, 0.0, 1.0, 0.7417846617265634, 1.0, 0.0, 0.0, 0.0, 0.0, 0.0, 0.0, 0.0]",169893,183357,N3,accept,0.34374999999999994,ts,2397,0
"[0.6909090909090909, -0.6909090909090909, 0.0, -0.32075471698113206, -0.11999999999999997, 0.0, 0.0, 0.0, 1.0, 0.8410807546925714, 1.0, 0.0, 0.0, 0.0, 0.0, 0.0, 0.0, 0.0]",122719,189308,N3,accept,0.7836363636363636,ts,2310,1
"[0.6428571428571429, -0.6428571428571429, -0.5994993742177722, 0.24481327800829875, 0.1, 0.0, 0.0, 0.0, 1.0, 0.71158268971853, 1.0, 0.0, 0.0, 0.0, 0.0, 0.0, 0.0, 0.0]",16682,60783,N3,accept,0.75,ts,2389,0
"[0.04761904761904766, -0.04761904761904766, -0.39722724532851117, 0.15162454873646208, 0.4, 0.0, 0.0, 0.0, 1.0, 0.5363539792335147, 1.0, 0.0, 0.0, 0.0, 0.0, 0.0, 0.0, 0.0]",16646,63925,N3,accept,0.33333333333333337,ts,512,0
"[0.1666666666666667, -0.1666666666666667, -0.0750938673341677, 0.13541666666666666, 0.09090909090909091, 0.0, 0.0, 0.0, 1.0, 0.7228134261472767, 1.0, 0.0, 0.0, 0.0, 0.0, 0.0, 0.0, 0.0]",139805,115244,N3,accept,0.4166666666666667,ts,608,1
"[0.20000000000000004, -0.20000000000000004, -0.6972222222222223, -0.46153846153846156, -0.059999999999999984, 0.0, 0.0, 0.0, 1.0, 0.565054577528199, 1.0, 0.0, 0.0, 0.0, 0.0, 0.0, 0.0, 0.0]",51193,18528,N6,dismiss,-0.3,ts,584,1
"[0.0555555555555556, -0.0555555555555556, -0.16666666666666666, 0.01764705882352941, 0.13636363636363635, 0.0, 0.0, 0.0, 1.0, 0.6730847801914981, 1.0, 0.0, 0.0, 0.0, 0.0, 0.0, 0.0, 0.0]",123856,107052,N6,dismiss,-0.3,ts,1507,1
"[0.5636363636363637, -0.5636363636363637, -0.3181818181818182, 0.10826210826210826, 0.7142857142857143, 0.0, 0.0, 0.0, 1.0, 0.684759117069591, 1.0, 0.0, 0.0, 0.0, 0.0, 0.0, 0.0, 0.0]",70002,107588,N6,dismiss,-0.3,ts,2358,1
"[0.8603174603174604, -0.8603174603174604, -0.3191489361702128, 0.37777777777777777, -0.6911764705882352, 0.0, 0.0, 0.0, 1.0, 0.6785614724747844, 1.0, 0.0, 0.0, 0.0, 0.0, 0.0, 0.0, 0.0]",48746,59423,N6,dismiss,-0.3,ts,1715,1
"[0.04545454545454549, -0.04545454545454549, -0.0646666666666667, -0.008264462809917356, -0.22727272727272727, 0.0, 0.0, 0.0, 1.0, 0.6855067967400382, 1.0, 0.0, 0.0, 0.0, 0.0, 0.0, 0.0, 0.0]",138639,127487,N3,accept,0.33181818181818185,ts,2757,0
"[0.142857142857143, -0.142857142857143, -0.2792, 0.2913907284768212, -0.020000000000000018, 0.0, 0.0, 0.0, 1.0, 0.6450608850380813, 1.0, 0.0, 0.0, 0.0, 0.0, 0.0, 0.0, 0.0]",108112,83435,N3,accept,0.4000000000000001,ts,1773,1
"[0.8785714285714287, -0.8785714285714287, -0.35714285714285715, 0.0, 0.0, 0.0, 0.0, 0.0, 1.0, 0.8644708419781049, 1.0, 0.0, 0.0, 0.0, 0.0, 0.0, 0.0, 0.0]",164512,18219,N3,accept,0.915,ts,2372,1
"[0.4, -0.4, -0.4794794794794795, -0.49130434782608695, 0.3157894736842105, 0.0, 0.0, 0.0, 1.0, 0.5968334567710198, 1.0, 0.0, 0.0, 0.0, 0.0, 0.0, 0.0, 0.0]",191334,183357,N3,accept,0.58,ts,1051,1
"[0.2222222222222223, -0.2222222222222223, -0.4674457429048414, -0.007142857142857143, -0.015999999999999945, 0.0, 0.0, 0.0, 1.0, 0.7020522418437177, 1.0, 0.0, 0.0, 0.0, 0.0, 0.0, 0.0, 0.0]",19869,113424,N3,accept,0.4555555555555556,ts,1976,1
"[0.20000000000000007, -0.20000000000000007, -0.23388888888888892, 1.0, 1.0, 0.0, 0.0, 0.0, 1.0, 0.45422491495165007, 1.0, 0.0, 0.0, 0.0, 0.0, 0.0, 0.0, 0.0]",38174,141744,N3,accept,0.44000000000000006,ts,619,1
"[0.1250000000000001, -0.1250000000000001, 0.16218749999999993, 0.0, 0.0, 0.0, 0.0, 0.0, 1.0, 0.7409291148542603, 1.0, 0.0, 0.0, 0.0, 0.0, 0.0, 0.0, 0.0]",152518,55412,N3,accept,0.38750000000000007,ts,2237,0
"[0.2777777777777778, -0.2777777777777778, -0.06612339930151347, 0.08247422680412371, 0.15, 0.0, 0.0, 0.0, 1.0, 0.7620679351527899, 1.0, 0.0, 0.0, 0.0, 0.0, 0.0, 0.0, 0.0]",139804,155844,N6,dismiss,-0.3,ts,724,1
"[0.6848739495798319, -0.6848739495798319, 0.04796274738067509, -0.028469750889679714, 0.6428571428571429, 0.0, 0.0, 0.0, 1.0, 0.8080788795916292, 1.0, 0.0, 0.0, 0.0, 0.0, 0.0, 0.0, 0.0]",84577,120796,N3,accept,0.7794117647058822,ts,1833,1
"[0.11999999999999993, -0.11999999999999993, -0.05565217391304353, 0.3215547703180212, 0.702127659574468, 0.0, 0.0, 0.0, 1.0, 0.589134277285568, 1.0, 0.0, 0.0, 0.0, 0.0, 0.0, 0.0, 0.0]",185510,162740,N3,accept,0.38399999999999995,ts,1092,1
"[0.7411764705882353, -0.7411764705882353, 0.002114803625377652, -0.052, -0.16666666666666666, 0.0, 0.0, 0.0, 1.0, 0.8929906815880893, 1.0, 0.0, 0.0, 0.0, 0.0, 0.0, 0.0, 0.0]",61306,117335,N3,accept,0.8188235294117647,ts,1468,1
"[0.8714285714285714, -0.8714285714285714, -0.31282586027111575, 0.7355371900826446, 0.55, 0.0, 0.0, 0.0, 1.0, 0.6572526633932373, 1.0, 0.0, 0.0, 0.0, 0.0, 0.0, 0.0, 0.0]",56538,170138,N3,accept,0.9099999999999999,ts,2819,1
"[0.217741935483871, -0.217741935483871, -0.3216708318457694, 0.03003003003003003, 0.0, 0.0, 0.0, 0.0, 1.0, 0.7252313731850552, 1.0, 0.0, 0.0, 0.0, 0.0, 0.0, 0.0, 0.0]",89601,104962,N1,dismiss,-0.3,ts,849,1
"[0.5599999999999999, -0.5599999999999999, 0.1733193277310925, -0.03260869565217391, -0.21428571428571427, 0.0, 0.0, 0.0, 1.0, 0.8011098453972897, 1.0, 0.0, 0.0, 0.0, 0.0, 0.0, 0.0, 0.0]",87447,85282,N3,accept,0.692,ts,1782,0
"[0.20000000000000004, -0.20000000000000004, 0.13333333333333333, -0.75, -0.44000000000000006, 0.0, 0.0, 0.0, 1.0, 0.5717007815603291, 1.0, 0.0, 0.0, 0.0, 0.0, 0.0, 0.0, 0.0]",133969,18334,N3,accept,0.44,ts,1253,1
"[0.6785714285714286, -0.6785714285714286, -0.06094182825484772, 0.10465116279069768, -0.20689655172413793, 0.0, 0.0, 0.0, 1.0, 0.8401414992281117, 1.0, 0.0, 0.0, 0.0, 0.0, 0.0, 0.0, 0.0]",123439,89765,N3,accept,0.7749999999999999,ts,1585,0
"[0.20000000000000007, -0.20000000000000007, 0.17052631578947366, -0.05056179775280899, 1.0, 0.0, 0.0, 0.0, 1.0, 0.6209059402654509, 1.0, 0.0, 0.0, 0.0, 0.0, 0.0, 0.0, 0.0]",107747,108746,N3,accept,0.44000000000000006,ts,413,0
"[0.1666666666666667, -0.1666666666666667, 0.07142857142857142, 0.0, 0.0, 0.0, 0.0, 0.0, 1.0, 0.7846052455509637, 1.0, 0.0, 0.0, 0.0, 0.0, 0.0, 0.0, 0.0]",51616,71728,N1,accept,0.4166666666666667,ts,2152,1
"[0.16666666666666663, -0.16666666666666663, -0.5250181290790428, 0.0, 0.0, 0.0, 0.0, 0.0, 1.0, 0.6812146778495171, 1.0, 0.0, 0.0, 0.0, 0.0, 0.0, 0.0, 0.0]",141748,63863,N1,dismiss,-0.3,ts,1967,1
"[0.8571428571428572, -0.8571428571428572, 0.03755868544600939, -0.08045977011494253, -0.40384615384615385, 0.0, 0.0, 0.0, 1.0, 0.8446138733270775, 1.0, 0.0, 0.0, 0.0, 0.0, 0.0, 0.0, 0.0]",91073,91074,N3,accept,0.8999999999999999,ts,2306,0
"[0.0555555555555556, -0.0555555555555556, -0.05649999999999995, -0.3541666666666667, -0.13999999999999999, 0.0, 0.0, 0.0, 1.0, 0.6366525780012734, 1.0, 0.0, 0.0, 0.0, 0.0, 0.0, 0.0, 0.0]",155816,79359,N3,accept,0.3388888888888889,ts,1444,0
"[0.7, -0.7, -0.1303083187899943, 0.24770642201834864, -0.9705882352941176, 0.0, 0.0, 0.0, 1.0, 0.7124949870847588, 1.0, 0.0, 0.0, 0.0, 0.0, 0.0, 0.0, 0.0]",81396,134921,N3,accept,0.7899999999999999,ts,2998,1
"[0.6073529411764705, -0.6073529411764705, -0.2222222222222222, -0.48333333333333334, -0.58, 0.0, 0.0, 0.0, 1.0, 0.6627178114018891, 1.0, 0.0, 0.0, 0.0, 0.0, 0.0, 0.0, 0.0]",167076,79360,N6,accept,0.7251470588235294,ts,2465,1
"[0.7729729729729731, -0.7729729729729731, -0.29684601113172543, -0.06017191977077364, -0.6733333333333333, 0.0, 0.0, 0.0, 1.0, 0.7376810101319666, 1.0, 0.0, 0.0, 0.0, 0.0, 0.0, 0.0, 0.0]",63922,49086,N6,dismiss,-0.3,ts,1711,1
"[0.375, -0.375, -0.19485714285714287, -0.7743732590529248, 0.5399999999999999, 0.0, 0.0, 0.0, 1.0, 0.5957240201168404, 1.0, 0.0, 0.0, 0.0, 0.0, 0.0, 0.0, 0.0]",85164,154734,N3,accept,0.5625,ts,1643,0
"[0.142857142857143, -0.142857142857143, -0.06, 0.2119205298013245, -0.020000000000000018, 0.0, 0.0, 0.0, 1.0, 0.722447932511648, 1.0, 0.0, 0.0, 0.0, 0.0, 0.0, 0.0, 0.0]",108112,83437,N3,accept,0.4000000000000001,ts,2575,1
"[0.5599999999999999, -0.5599999999999999, -0.2606965174129354, 0.035326086956521736, 1.0, 0.0, 0.0, 0.0, 1.0, 0.685183939853327, 1.0, 0.0, 0.0, 0.0, 0.0, 0.0, 0.0, 0.0]",174790,106733,N3,accept,0.692,ts,2206,1
"[0.07692307692307684, -0.07692307692307684, -0.1872881355932203, 1.0, -0.2916666666666667, 0.0, 0.0, 0.0, 1.0, 0.5172933252956673, 1.0, 0.0, 0.0, 0.0, 0.0, 0.0, 0.0, 0.0]",92709,55882,N6,dismiss,-0.3,ts,1746,1
"[0.7066666666666667, -0.7066666666666667, 0.10987791342952277, 0.43908045977011495, -0.25, 0.0, 0.0, 0.0, 1.0, 0.7602704837036794, 1.0, 0.0, 0.0, 0.0, 0.0, 0.0, 0.0, 0.0]",155692,169349,N6,dismiss,-0.3,ts,2946,1
"[0.18831168831168835, -0.18831168831168835, 0.20250120250120254, 0.1111111111111111, -0.07999999999999999, 0.0, 0.0, 0.0, 1.0, 0.7001240443089605, 1.0, 0.0, 0.0, 0.0, 0.0, 0.0, 0.0, 0.0]",128341,85224,N3,accept,0.4318181818181818,ts,2526,0
"[0.5599999999999999, -0.5599999999999999, 0.0351966873706004, 0.5692307692307692, 1.0, 0.0, 0.0, 0.0, 1.0, 0.6613319443758051, 1.0, 0.0, 0.0, 0.0, 0.0, 0.0, 0.0, 0.0]",185582,89764,N1,dismiss,-0.3,ts,2801,1
"[0.20000000000000007, -0.20000000000000007, 0.20240480961923843, 1.0, 1.0, 0.0, 0.0, 0.0, 1.0, 0.47569998460679724, 1.0, 0.0, 0.0, 0.0, 0.0, 0.0, 0.0, 0.0]",169305,31972,N3,accept,0.44000000000000006,ts,2476,1
"[0.28301886792452835, -0.28301886792452835, -0.16666666666666666, -0.10725552050473186, 0.13636363636363627, 0.0, 0.0, 0.0, 1.0, 0.7287263085377551, 1.0, 0.0, 0.0, 0.0, 0.0, 0.0, 0.0, 0.0]",91966,38840,N1,dismiss,-0.3,ts,618,1
"[0.13793103448275862, -0.13793103448275862, -0.6330275229357798, -0.9132947976878613, -0.8941176470588235, 0.0, 0.0, 0.0, 1.0, 0.4066193539943744, 1.0, 0.0, 0.0, 0.0, 0.0, 0.0, 0.0, 0.0]",64502,51022,N3,accept,0.39655172413793105,ts,1191,0
"[0.33333333333333337, -0.33333333333333337, -0.04368673415023976, 0.4751131221719457, 0.25, 0.0, 0.0, 0.0, 1.0, 0.6977738805226098, 1.0, 0.0, 0.0, 0.0, 0.0, 0.0, 0.0, 0.0]",104466,155669,N6,dismiss,-0.3,ts,1283,1
"[0.06666666666666664, -0.06666666666666664, 0.19471488178025034, -0.08766233766233766, 0.0, 0.0, 0.0, 0.0, 1.0, 0.6862832891805196, 1.0, 0.0, 0.0, 0.0, 0.0, 0.0, 0.0, 0.0]",55377,84577,N3,accept,0.3466666666666666,ts,2849,0
"[0.8833333333333333, -0.8833333333333333, -0.0714285714285715, 1.0, 1.0, 0.0, 0.0, 0.0, 1.0, 0.6422235978217401, 1.0, 0.0, 0.0, 0.0, 0.0, 0.0, 0.0, 0.0]",147349,16731,N3,accept,0.9183333333333332,ts,2439,1
"[0.10714285714285712, -0.10714285714285712, -0.22940563086548488, 0.009259259259259259, 0.0, 0.0, 0.0, 0.0, 1.0, 0.7134908721243683, 1.0, 0.0, 0.0, 0.0, 0.0, 0.0, 0.0, 0.0]",55915,115244,N1,dismiss,-0.3,ts,1133,1
"[0.25, -0.25, 0.0, -0.005747126436781609, -0.16666666666666666, 0.0, 0.0, 0.0, 1.0, 0.7953547792253595, 1.0, 0.0, 0.0, 0.0, 0.0, 0.0, 0.0, 0.0]",117105,117045,N1,dismiss,-0.3,ts,2529,1
"[0.6785714285714286, -0.6785714285714286, -0.06094182825484772, 0.10465116279069768, -0.20689655172413793, 0.0, 0.0, 0.0, 1.0, 0.8401414992281117, 1.0, 0.0, 0.0, 0.0, 0.0, 0.0, 0.0, 0.0]",123439,89765,N6,dismiss,-0.3,ts,2814,0
"[0.22666666666666668, -0.22666666666666668, -0.5995995995995996, 0.0, 0.0, 0.0, 0.0, 0.0, 1.0, 0.6921564497180331, 1.0, 0.0, 0.0, 0.0, 0.0, 0.0, 0.0, 0.0]",71092,40258,N1,accept,0.45866666666666667,ts,1023,1
"[0.2857142857142857, -0.2857142857142857, 0.2, 0.0, 0.0, 0.0, 0.0, 0.0, 1.0, 0.7850956941465927, 1.0, 0.0, 0.0, 0.0, 0.0, 0.0, 0.0, 0.0]",29449,61090,N3,accept,0.5,ts,2995,1
"[0.8666666666666667, -0.8666666666666667, -0.18181818181818182, -0.3118279569892473, -0.07999999999999999, 0.0, 0.0, 0.0, 1.0, 0.8126783462979066, 1.0, 0.0, 0.0, 0.0, 0.0, 0.0, 0.0, 0.0]",126323,30711,N1,dismiss,-0.3,ts,2815,1
"[0.20000000000000007, -0.20000000000000007, -0.12425665101721436, 0.002840909090909091, 0.25, 0.0, 0.0, 0.0, 1.0, 0.7189497931363428, 1.0, 0.0, 0.0, 0.0, 0.0, 0.0, 0.0, 0.0]",43334,88669,N1,dismiss,-0.3,ts,1267,1
"[0.1666666666666667, -0.1666666666666667, 0.07142857142857142, 0.0, 0.0, 0.0, 0.0, 0.0, 1.0, 0.7846052455509637, 1.0, 0.0, 0.0, 0.0, 0.0, 0.0, 0.0, 0.0]",51616,71728,N6,accept,0.4166666666666667,ts,2121,1
"[0.32, -0.32, -0.3934782608695652, -0.2, 0.09999999999999995, 0.0, 0.0, 0.0, 1.0, 0.6759641556517004, 1.0, 0.0, 0.0, 0.0, 0.0, 0.0, 0.0, 0.0]",38212,88339,N3,accept,0.524,ts,1735,1
"[0.25, -0.25, -0.27321341759844436, -0.06529209621993128, -0.9791666666666666, 0.0, 0.0, 0.0, 1.0, 0.6081937542219744, 1.0, 0.0, 0.0, 0.0, 0.0, 0.0, 0.0, 0.0]",29663,134921,N1,dismiss,-0.3,ts,1099,1
"[0.64, -0.64, 0.006949806949806939, -0.015957446808510637, -0.38, 0.0, 0.0, 0.0, 1.0, 0.8487468405875243, 1.0, 0.0, 0.0, 0.0, 0.0, 0.0, 0.0, 0.0]",19611,128279,N3,accept,0.748,ts,570,1
"[0.8714285714285714, -0.8714285714285714, -0.4765687053216838, 0.10526315789473684, 0.631578947368421, 0.0, 0.0, 0.0, 1.0, 0.7069311976141096, 1.0, 0.0, 0.0, 0.0, 0.0, 0.0, 0.0, 0.0]",144703,170138,N1,dismiss,-0.3,ts,1166,1
"[0.9442857142857142, -0.9442857142857142, -0.1, -0.8571428571428571, -0.9099999999999999, 0.0, 0.0, 0.0, 1.0, 0.6872767360360263, 1.0, 0.0, 0.0, 0.0, 0.0, 0.0, 0.0, 0.0]",153856,79461,N6,dismiss,-0.3,ts,2250,1
"[0.61, -0.61, -0.2748368382886149, 0.0, 0.0, 0.0, 0.0, 0.0, 1.0, 0.8463084860816608, 1.0, 0.0, 0.0, 0.0, 0.0, 0.0, 0.0, 0.0]",141772,93850,N3,accept,0.727,ts,1313,1
"[0.1200000000000001, -0.1200000000000001, 0.1455847255369929, -0.04024767801857585, -0.33999999999999997, 0.0, 0.0, 0.0, 1.0, 0.6583894484224873, 1.0, 0.0, 0.0, 0.0, 0.0, 0.0, 0.0, 0.0]",57279,59423,N3,accept,0.38400000000000006,ts,1752,0
"[0.2000000000000001, -0.2000000000000001, -0.15304087736789634, 0.1346153846153846, 0.020000000000000018, 0.0, 0.0, 0.0, 1.0, 0.7288068930367897, 1.0, 0.0, 0.0, 0.0, 0.0, 0.0, 0.0, 0.0]",86978,87097,N1,dismiss,-0.3,ts,1993,1
"[0.20000000000000004, -0.20000000000000004, -0.14724770642201832, 0.0, -0.041666666666666664, 0.0, 0.0, 0.0, 1.0, 0.7598162879753003, 1.0, 0.0, 0.0, 0.0, 0.0, 0.0, 0.0, 0.0]",143384,84737,N3,accept,0.44,ts,2965,0
"[0.28571428571428564, -0.28571428571428564, 0.06345791879537509, 0.0, 0.0, 0.0, 0.0, 0.0, 1.0, 0.8271932450163234, 1.0, 0.0, 0.0, 0.0, 0.0, 0.0, 0.0, 0.0]",55412,72622,N6,accept,0.4999999999999999,ts,1092,1
"[0.09090909090909098, -0.09090909090909098, 0.11799999999999997, 0.19753086419753085, 0.05, 0.0, 0.0, 0.0, 1.0, 0.6786086775628354, 1.0, 0.0, 0.0, 0.0, 0.0, 0.0, 0.0, 0.0]",162891,16906,N3,accept,0.36363636363636365,ts,1549,0
"[0.8705882352941177, -0.8705882352941177, -0.2844364937388193, 0.7633802816901408, -0.29411764705882354, 0.0, 0.0, 0.0, 1.0, 0.6949217795554031, 1.0, 0.0, 0.0, 0.0, 0.0, 0.0, 0.0, 0.0]",88157,169349,N3,accept,0.9094117647058824,ts,833,0
"[0.30769230769230776, -0.30769230769230776, -0.10013531799729371, 0.372972972972973, 0.019999999999999928, 0.0, 0.0, 0.0, 1.0, 0.7367973902440537, 1.0, 0.0, 0.0, 0.0, 0.0, 0.0, 0.0, 0.0]",175208,54392,N1,dismiss,-0.3,ts,1180,1
"[0.8730158730158731, -0.8730158730158731, 0.14184397163120568, 0.1288888888888889, -0.23529411764705876, 0.0, 0.0, 0.0, 1.0, 0.826249285934507, 1.0, 0.0, 0.0, 0.0, 0.0, 0.0, 0.0, 0.0]",48746,91067,N6,dismiss,-0.3,ts,1764,1
"[0.6621621621621622, -0.6621621621621622, 0.03710575139146568, -0.08256880733944955, -0.21428571428571427, 0.0, 0.0, 0.0, 1.0, 0.8502629369540255, 1.0, 0.0, 0.0, 0.0, 0.0, 0.0, 0.0, 0.0]",63923,16728,N3,accept,0.7635135135135135,ts,1121,1
"[0.28571428571428564, -0.28571428571428564, -0.13955364345254095, -0.029411764705882353, 0.0, 0.0, 0.0, 0.0, 1.0, 0.7937544046665308, 1.0, 0.0, 0.0, 0.0, 0.0, 0.0, 0.0, 0.0]",55412,106755,N6,dismiss,-0.3,ts,700,1
"[0.7576530612244898, -0.7576530612244898, -0.04534606205250594, -0.6666666666666666, -0.33999999999999997, 0.0, 0.0, 0.0, 1.0, 0.7514982057090797, 1.0, 0.0, 0.0, 0.0, 0.0, 0.0, 0.0, 0.0]",33277,174927,N1,accept,0.8303571428571428,ts,2565,1
"[0.25, -0.25, -0.18823529411764706, 0.0, 0.0, 0.0, 0.0, 0.0, 1.0, 0.7768452100027552, 1.0, 0.0, 0.0, 0.0, 0.0, 0.0, 0.0, 0.0]",113825,87177,N3,accept,0.475,ts,2821,0
"[0.16666666666666663, -0.16666666666666663, 0.14139110604332955, 0.0, -0.020000000000000018, 0.0, 0.0, 0.0, 1.0, 0.7560848641204935, 1.0, 0.0, 0.0, 0.0, 0.0, 0.0, 0.0, 0.0]",87098,87100,N3,accept,0.41666666666666663,ts,1749,0
"[0.20000000000000004, -0.20000000000000004, -0.17521902377972465, 0.007246376811594203, 0.02500000000000006, 0.0, 0.0, 0.0, 1.0, 0.7542302249952597, 1.0, 0.0, 0.0, 0.0, 0.0, 0.0, 0.0, 0.0]",53366,19865,N3,accept,0.44,ts,2499,1
"[0.47058823529411764, -0.47058823529411764, 0.18181818181818182, 0.14, 0.18000000000000002, 0.0, 0.0, 0.0, 1.0, 0.759069863248445, 1.0, 0.0, 0.0, 0.0, 0.0, 0.0, 0.0, 0.0]",18323,37953,N3,accept,0.6294117647058823,ts,1123,0
"[0.19999999999999993, -0.19999999999999993, 0.0, 0.0, 0.0, 0.0, 0.0, 0.0, 1.0, 0.8228281531128978, 1.0, 0.0, 0.0, 0.0, 0.0, 0.0, 0.0, 0.0]",133283,82419,N3,accept,0.43999999999999995,ts,2677,1
"[0.25, -0.25, 0.09090909090909091, 0.1, 0.49166666666666653, 0.0, 0.0, 0.0, 1.0, 0.6852588678547423, 1.0, 0.0, 0.0, 0.0, 0.0, 0.0, 0.0, 0.0]",110001,165914,N6,accept,0.475,ts,2552,1
"[0.1200000000000001, -0.1200000000000001, 0.1455847255369929, -0.08011869436201781, -0.52, 0.0, 0.0, 0.0, 1.0, 0.6248074521533694, 1.0, 0.0, 0.0, 0.0, 0.0, 0.0, 0.0, 0.0]",57278,59423,N3,accept,0.38400000000000006,ts,2290,0
"[0.09090909090909098, -0.09090909090909098, -0.4772902232486528, 0.0, 0.0, 0.0, 0.0, 0.0, 1.0, 0.6608758873110016, 1.0, 0.0, 0.0, 0.0, 0.0, 0.0, 0.0, 0.0]",43671,108788,N1,dismiss,-0.3,ts,1549,1
"[0.20000000000000007, -0.20000000000000007, -0.06259780907668232, 0.017045454545454544, -0.4166666666666667, 0.0, 0.0, 0.0, 1.0, 0.7094552875739797, 1.0, 0.0, 0.0, 0.0, 0.0, 0.0, 0.0, 0.0]",57376,135482,N3,accept,0.44000000000000006,ts,1053,1
"[0.39999999999999997, -0.39999999999999997, 0.21505376344086022, -0.3197969543147208, 1.0, 0.0, 0.0, 0.0, 1.0, 0.6003913445971276, 1.0, 0.0, 0.0, 0.0, 0.0, 0.0, 0.0, 0.0]",92081,120916,N3,accept,0.58,ts,2969,1
"[0.294478527607362, -0.294478527607362, 0.22798887859128833, -0.025, -0.11392405063291143, 0.0, 0.0, 0.0, 1.0, 0.7426536066065215, 1.0, 0.0, 0.0, 0.0, 0.0, 0.0, 0.0, 0.0]",15663,39517,N1,dismiss,-0.3,ts,2166,1
"[0.3768115942028985, -0.3768115942028985, 0.16155088852988703, -0.08333333333333333, 0.037037037037037035, 0.0, 0.0, 0.0, 1.0, 0.789002293334841, 1.0, 0.0, 0.0, 0.0, 0.0, 0.0, 0.0, 0.0]",89552,20076,N3,accept,0.5637681159420289,ts,1074,1
"[0.20000000000000004, -0.20000000000000004, -0.6972222222222223, -0.02, -0.059999999999999984, 0.0, 0.0, 0.0, 1.0, 0.6495787864213909, 1.0, 0.0, 0.0, 0.0, 0.0, 0.0, 0.0, 0.0]",18484,18528,N6,dismiss,-0.3,ts,2667,1
"[0.04761904761904766, -0.04761904761904766, -0.39722724532851117, 0.15162454873646208, 0.4, 0.0, 0.0, 0.0, 1.0, 0.5363539792335147, 1.0, 0.0, 0.0, 0.0, 0.0, 0.0, 0.0, 0.0]",16646,63925,N6,dismiss,-0.3,ts,2902,1
"[0.09999999999999996, -0.09999999999999996, 0.0, -0.1005586592178771, 0.0, 0.0, 0.0, 0.0, 1.0, 0.7598937305521247, 1.0, 0.0, 0.0, 0.0, 0.0, 0.0, 0.0, 0.0]",127521,108202,N6,accept,0.36999999999999994,ts,2624,1
"[0.1111111111111112, -0.1111111111111112, -0.09008189262966337, 0.15579710144927536, 0.4, 0.0, 0.0, 0.0, 1.0, 0.6355529250549651, 1.0, 0.0, 0.0, 0.0, 0.0, 0.0, 0.0, 0.0]",64516,63925,N3,accept,0.3777777777777778,ts,1849,0
"[0.25, -0.25, 0.0, 0.0, 0.0, 0.0, 0.0, 0.0, 1.0, 0.8395893495876965, 1.0, 0.0, 0.0, 0.0, 0.0, 0.0, 0.0, 0.0]",116977,117045,N1,dismiss,-0.3,ts,1967,1
"[0.41935483870967744, -0.41935483870967744, -0.5135135135135135, -0.019498607242339833, -0.13333333333333336, 0.0, 0.0, 0.0, 1.0, 0.7201126138922802, 1.0, 0.0, 0.0, 0.0, 0.0, 0.0, 0.0, 0.0]",85287,111012,N6,dismiss,-0.3,ts,2298,1
"[0.47058823529411764, -0.47058823529411764, 0.15384615384615385, 0.0, 0.0, 0.0, 0.0, 0.0, 1.0, 0.8490503635579928, 1.0, 0.0, 0.0, 0.0, 0.0, 0.0, 0.0, 0.0]",156353,18570,N3,accept,0.6294117647058823,ts,461,0
"[0.16666666666666663, -0.16666666666666663, -0.27368421052631575, 0.24615384615384617, 0.1, 0.0, 0.0, 0.0, 1.0, 0.6414154389791059, 1.0, 0.0, 0.0, 0.0, 0.0, 0.0, 0.0, 0.0]",87131,146547,N3,accept,0.41666666666666663,ts,1298,1
"[0.33333333333333337, -0.33333333333333337, -0.05657142857142848, 0.2238372093023256, 0.037037037037037035, 0.0, 0.0, 0.0, 1.0, 0.779291250461128, 1.0, 0.0, 0.0, 0.0, 0.0, 0.0, 0.0, 0.0]",169335,61314,N3,accept,0.5333333333333333,ts,617,1
"[0.9137254901960783, -0.9137254901960783, 0.05563282336578581, -0.43820224719101125, 0.4666666666666667, 0.0, 0.0, 0.0, 1.0, 0.7700744049956784, 1.0, 0.0, 0.0, 0.0, 0.0, 0.0, 0.0, 0.0]",128242,85795,N6,dismiss,-0.3,ts,2344,1
"[0.1764705882352941, -0.1764705882352941, 0.20898100172711576, 0.4198473282442748, 0.16, 0.0, 0.0, 0.0, 1.0, 0.6200491114624047, 1.0, 0.0, 0.0, 0.0, 0.0, 0.0, 0.0, 0.0]",61358,169065,N1,dismiss,-0.3,ts,666,1
"[0.1111111111111111, -0.1111111111111111, -0.034482758620689655, -0.10954063604240283, 0.3333333333333333, 0.0, 0.0, 0.0, 1.0, 0.6754579089247579, 1.0, 0.0, 0.0, 0.0, 0.0, 0.0, 0.0, 0.0]",134111,115390,N3,accept,0.37777777777777777,ts,471,0
"[0.52, -0.52, -0.058333333333333376, -0.07712765957446809, 0.5714285714285714, 0.0, 0.0, 0.0, 1.0, 0.7675469899349182, 1.0, 0.0, 0.0, 0.0, 0.0, 0.0, 0.0, 0.0]",151841,108828,N1,dismiss,-0.3,ts,1347,1
"[0.076923076923077, -0.076923076923077, 0.0, 0.0, 0.0, 0.0, 0.0, 0.0, 1.0, 0.7787188164556538, 1.0, 0.0, 0.0, 0.0, 0.0, 0.0, 0.0, 0.0]",93861,174758,N3,accept,0.35384615384615387,ts,2875,0
"[0.47058823529411764, -0.47058823529411764, 0.15384615384615385, 0.0, 0.0, 0.0, 0.0, 0.0, 1.0, 0.8490503635579928, 1.0, 0.0, 0.0, 0.0, 0.0, 0.0, 0.0, 0.0]",156353,18570,N3,accept,0.6294117647058823,ts,585,0
"[0.0666666666666666, -0.0666666666666666, 0.0, -0.2328767123287671, 0.1111111111111111, 0.0, 0.0, 0.0, 1.0, 0.689176913736021, 1.0, 0.0, 0.0, 0.0, 0.0, 0.0, 0.0, 0.0]",127690,139086,N3,accept,0.3466666666666666,ts,2057,1
"[0.02500000000000002, -0.02500000000000002, -0.028182701652089328, -0.06, -0.07999999999999999, 0.0, 0.0, 0.0, 1.0, 0.709268980968216, 1.0, 0.0, 0.0, 0.0, 0.0, 0.0, 0.0, 0.0]",114070,62540,N3,accept,0.3175,ts,1483,1
"[0.1666666666666667, -0.1666666666666667, -0.28112267994567675, 0.17355371900826447, -0.20833333333333334, 0.0, 0.0, 0.0, 1.0, 0.6301107558702879, 1.0, 0.0, 0.0, 0.0, 0.0, 0.0, 0.0, 0.0]",110166,89666,N3,accept,0.4166666666666667,ts,931,1
"[0.8785714285714287, -0.8785714285714287, -0.35714285714285715, 0.0, 0.0, 0.0, 0.0, 0.0, 1.0, 0.8644708419781049, 1.0, 0.0, 0.0, 0.0, 0.0, 0.0, 0.0, 0.0]",164512,18219,N3,accept,0.915,ts,2774,0
"[0.2000000000000001, -0.2000000000000001, 0.17148554336989041, 0.17307692307692307, 0.020000000000000018, 0.0, 0.0, 0.0, 1.0, 0.7149888620585764, 1.0, 0.0, 0.0, 0.0, 0.0, 0.0, 0.0, 0.0]",86978,83437,N3,accept,0.44000000000000006,ts,659,1
"[0.31428571428571433, -0.31428571428571433, -0.3087719298245614, 0.0, 0.0, 0.0, 0.0, 0.0, 1.0, 0.7676916784699398, 1.0, 0.0, 0.0, 0.0, 0.0, 0.0, 0.0, 0.0]",174761,141753,N3,accept,0.52,ts,1400,1
"[0.39999999999999997, -0.39999999999999997, -0.7121401752190238, -0.13307984790874525, -0.26666666666666666, 0.0, 0.0, 0.0, 1.0, 0.6353431571611287, 1.0, 0.0, 0.0, 0.0, 0.0, 0.0, 0.0, 0.0]",120829,178949,N3,accept,0.58,ts,2339,1
"[0.2803030303030304, -0.2803030303030304, 0.0009999999999999788, 0.5446428571428571, 0.15999999999999998, 0.0, 0.0, 0.0, 1.0, 0.708319588666608, 1.0, 0.0, 0.0, 0.0, 0.0, 0.0, 0.0, 0.0]",80033,87100,N3,accept,0.4962121212121212,ts,2053,1
"[0.8571428571428572, -0.8571428571428572, 0.03755868544600939, -0.08045977011494253, -0.40384615384615385, 0.0, 0.0, 0.0, 1.0, 0.8446138733270775, 1.0, 0.0, 0.0, 0.0, 0.0, 0.0, 0.0, 0.0]",91073,91074,N1,dismiss,-0.3,ts,2848,1
"[0.3, -0.3, 0.2, 0.0, 0.0, 0.0, 0.0, 0.0, 1.0, 0.7895387605196299, 1.0, 0.0, 0.0, 0.0, 0.0, 0.0, 0.0, 0.0]",133969,50807,N1,dismiss,-0.3,ts,1380,1
"[0.8, -0.8, 0.13333333333333333, 0.0, 0.0, 0.0, 0.0, 0.0, 1.0, 0.9115993194259686, 1.0, 0.0, 0.0, 0.0, 0.0, 0.0, 0.0, 0.0]",190833,51605,N3,accept,0.8599999999999999,ts,2898,1
"[0.20000000000000007, -0.20000000000000007, -0.0053138492195284005, 0.019943019943019943, -0.5, 0.0, 0.0, 0.0, 1.0, 0.7200306250515387, 1.0, 0.0, 0.0, 0.0, 0.0, 0.0, 0.0, 0.0]",15533,135482,N6,dismiss,-0.3,ts,2254,1
"[0.5, -0.5, -0.1669449081803005, -0.02857142857142857, -0.015999999999999945, 0.0, 0.0, 0.0, 1.0, 0.8389586327550722, 1.0, 0.0, 0.0, 0.0, 0.0, 0.0, 0.0, 0.0]",19869,81422,N6,dismiss,-0.3,ts,1016,1
"[0.375, -0.375, -0.36161335187760785, -0.2, -0.18, 0.0, 0.0, 0.0, 1.0, 0.679693785618543, 1.0, 0.0, 0.0, 0.0, 0.0, 0.0, 0.0, 0.0]",63907,113027,N1,accept,0.5625,ts,2864,1
"[0.2727272727272727, -0.2727272727272727, -0.07061958694203868, -0.03690036900369004, -0.0117647058823529, 0.0, 0.0, 0.0, 1.0, 0.8064217516346286, 1.0, 0.0, 0.0, 0.0, 0.0, 0.0, 0.0, 0.0]",81453,81449,N3,accept,0.49090909090909085,ts,1068,1
"[0.3636363636363637, -0.3636363636363637, 0.020408163265306048, 0.0110803324099723, 0.07142857142857142, 0.0, 0.0, 0.0, 1.0, 0.8430216704000497, 1.0, 0.0, 0.0, 0.0, 0.0, 0.0, 0.0, 0.0]",123215,123174,N3,accept,0.5545454545454546,ts,2913,0
"[0.8705882352941177, -0.8705882352941177, -0.23136049192928515, 0.7633802816901408, -0.29411764705882354, 0.0, 0.0, 0.0, 1.0, 0.7076028026503194, 1.0, 0.0, 0.0, 0.0, 0.0, 0.0, 0.0, 0.0]",134227,169349,N6,dismiss,-0.3,ts,1963,1
"[0.136, -0.136, 0.16741854636591477, 0.0, 0.0, 0.0, 0.0, 0.0, 1.0, 0.7433950356993654, 1.0, 0.0, 0.0, 0.0, 0.0, 0.0, 0.0, 0.0]",174763,141734,N6,dismiss,-0.3,ts,1089,1
"[0.5636363636363637, -0.5636363636363637, -0.0625, 0.09269662921348315, 1.0, 0.0, 0.0, 0.0, 1.0, 0.7236596581281033, 1.0, 0.0, 0.0, 0.0, 0.0, 0.0, 0.0, 0.0]",109094,107588,N3,accept,0.6945454545454546,ts,1335,1
"[0.02500000000000002, -0.02500000000000002, -0.1863303498779495, -0.2, -0.12000000000000002, 0.0, 0.0, 0.0, 1.0, 0.6156925813588408, 1.0, 0.0, 0.0, 0.0, 0.0, 0.0, 0.0, 0.0]",130425,62503,N6,dismiss,-0.3,ts,476,1
"[0.6375, -0.6375, 0.0, -0.02158273381294964, 0.0, 0.0, 0.0, 0.0, 1.0, 0.9293128096864788, 1.0, 0.0, 0.0, 0.0, 0.0, 0.0, 0.0, 0.0]",85325,40258,N3,accept,0.7462499999999999,ts,2280,0
"[0.2, -0.2, -0.205223880597015, 0.002717391304347826, 1.0, 0.0, 0.0, 0.0, 1.0, 0.6099109756116656, 1.0, 0.0, 0.0, 0.0, 0.0, 0.0, 0.0, 0.0]",174790,43370,N6,dismiss,-0.3,ts,1746,1
"[0.25, -0.25, -0.7965986394557822, -0.32338308457711445, -0.984375, 0.0, 0.0, 0.0, 1.0, 0.4797494792776246, 1.0, 0.0, 0.0, 0.0, 0.0, 0.0, 0.0, 0.0]",30574,134921,N3,accept,0.475,ts,1033,1
"[0.28571428571428575, -0.28571428571428575, 0.14285714285714285, 0.0, 0.0, 0.0, 0.0, 0.0, 1.0, 0.8013271435545221, 1.0, 0.0, 0.0, 0.0, 0.0, 0.0, 0.0, 0.0]",18468,60782,N6,dismiss,-0.3,ts,1712,1
"[0.11999999999999993, -0.11999999999999993, -0.2595454545454546, 0.06552706552706553, 0.14285714285714285, 0.0, 0.0, 0.0, 1.0, 0.6578296080215802, 1.0, 0.0, 0.0, 0.0, 0.0, 0.0, 0.0, 0.0]",151839,162740,N6,dismiss,-0.3,ts,1890,1
"[0.8666666666666667, -0.8666666666666667, -0.621, 0.0, 0.0, 0.0, 0.0, 0.0, 1.0, 0.8231919954055178, 1.0, 0.0, 0.0, 0.0, 0.0, 0.0, 0.0, 0.0]",63921,48992,N3,accept,0.9066666666666667,ts,1552,1
"[0.017857142857142873, -0.017857142857142873, -0.32540675844806016, 0.0, 0.0, 0.0, 0.0, 0.0, 1.0, 0.6610190788056989, 1.0, 0.0, 0.0, 0.0, 0.0, 0.0, 0.0, 0.0]",16679,147380,N6,accept,0.3125,ts,1657,1
"[0.3636363636363637, -0.3636363636363637, -0.07672634271099744, -0.017142857142857144, 1.0, 0.0, 0.0, 0.0, 1.0, 0.6912544525985004, 1.0, 0.0, 0.0, 0.0, 0.0, 0.0, 0.0, 0.0]",88363,123439,N6,dismiss,-0.3,ts,1801,1
"[0.20000000000000007, -0.20000000000000007, -0.3060869565217391, -0.022857142857142857, -0.08333333333333333, 0.0, 0.0, 0.0, 1.0, 0.7015318332953658, 1.0, 0.0, 0.0, 0.0, 0.0, 0.0, 0.0, 0.0]",108745,107170,N3,accept,0.44000000000000006,ts,555,1
"[0.5599999999999999, -0.5599999999999999, 0.0009099181073703173, 0.34532374100719426, 1.0, 0.0, 0.0, 0.0, 1.0, 0.709884034192077, 1.0, 0.0, 0.0, 0.0, 0.0, 0.0, 0.0, 0.0]",185410,89763,N3,accept,0.692,ts,2996,0
"[0.14285714285714288, -0.14285714285714288, 0.06235565819861427, -0.13793103448275862, -0.047619047619047616, 0.0, 0.0, 0.0, 1.0, 0.7295276906658968, 1.0, 0.0, 0.0, 0.0, 0.0, 0.0, 0.0, 0.0]",144702,71136,N6,dismiss,-0.3,ts,982,1
"[0.5, -0.5, -0.26666666666666666, 0.64, 0.08000000000000003, 0.0, 0.0, 0.0, 1.0, 0.695643645411739, 1.0, 0.0, 0.0, 0.0, 0.0, 0.0, 0.0, 0.0]",50997,51575,N6,dismiss,-0.3,ts,1967,1
"[0.11999999999999993, -0.11999999999999993, -0.4177984274481773, 0.08405797101449275, 0.14285714285714285, 0.0, 0.0, 0.0, 1.0, 0.6207533049577045, 1.0, 0.0, 0.0, 0.0, 0.0, 0.0, 0.0, 0.0]",88672,162740,N1,dismiss,-0.3,ts,1813,1
"[0.20000000000000007, -0.20000000000000007, -0.20364050056882826, -0.11888111888111888, 0.14285714285714285, 0.0, 0.0, 0.0, 1.0, 0.6868996987666001, 1.0, 0.0, 0.0, 0.0, 0.0, 0.0, 0.0, 0.0]",115366,115390,N6,dismiss,-0.3,ts,2661,1
"[0.5, -0.5, -0.3333333333333333, 0.0, 0.0, 0.0, 0.0, 0.0, 1.0, 0.8114706619033403, 1.0, 0.0, 0.0, 0.0, 0.0, 0.0, 0.0, 0.0]",135728,38178,N3,accept,0.6499999999999999,ts,541,1
"[0.3513513513513513, -0.3513513513513513, 0.10014727540500731, -0.3042168674698795, 0.17391304347826086, 0.0, 0.0, 0.0, 1.0, 0.7220378785766821, 1.0, 0.0, 0.0, 0.0, 0.0, 0.0, 0.0, 0.0]",61096,20077,N6,dismiss,-0.3,ts,2797,1
"[0.9228571428571429, -0.9228571428571429, -0.1956740442655935, 0.09917355371900827, -0.4583333333333333, 0.0, 0.0, 0.0, 1.0, 0.788696004070243, 1.0, 0.0, 0.0, 0.0, 0.0, 0.0, 0.0, 0.0]",81543,128247,N6,dismiss,-0.3,ts,1252,1
"[0.1666666666666666, -0.1666666666666666, 0.0, 0.0, 0.0, 0.0, 0.0, 0.0, 1.0, 0.8112296656009272, 1.0, 0.0, 0.0, 0.0, 0.0, 0.0, 0.0, 0.0]",60788,60783,N1,dismiss,-0.3,ts,2583,1
"[0.9285714285714285, -0.9285714285714285, -0.8614742698191933, -0.1540880503144654, -0.4507042253521127, 0.0, 0.0, 0.0, 1.0, 0.6777747650313385, 1.0, 0.0, 0.0, 0.0, 0.0, 0.0, 0.0, 0.0]",87864,117003,N6,accept,0.95,ts,1087,1
"[0.2982456140350877, -0.2982456140350877, -0.11834319526627218, 0.05263157894736842, -0.84, 0.0, 0.0, 0.0, 1.0, 0.6757503539311007, 1.0, 0.0, 0.0, 0.0, 0.0, 0.0, 0.0, 0.0]",187197,179645,N6,dismiss,-0.3,ts,556,1
"[0.3636363636363637, -0.3636363636363637, -0.6721311475409836, 1.0, 1.0, 0.0, 0.0, 0.0, 1.0, 0.4377984245192624, 1.0, 0.0, 0.0, 0.0, 0.0, 0.0, 0.0, 0.0]",79856,123174,N3,accept,0.5545454545454546,ts,1370,0
"[0.93875, -0.93875, 0.0, -0.04477611940298507, -0.36, 0.0, 0.0, 0.0, 1.0, 0.8819377397656488, 1.0, 0.0, 0.0, 0.0, 0.0, 0.0, 0.0, 0.0]",79807,125786,N3,accept,0.957125,ts,2564,1
"[0.56, -0.56, 0.047120418848167464, 0.36086956521739133, -0.4, 0.0, 0.0, 0.0, 1.0, 0.7437502917188107, 1.0, 0.0, 0.0, 0.0, 0.0, 0.0, 0.0, 0.0]",146668,169349,N3,accept,0.692,ts,696,0
"[0.30000000000000004, -0.30000000000000004, 0.07455197132616495, 0.09195402298850575, 0.0, 0.0, 0.0, 0.0, 1.0, 0.80257251054552, 1.0, 0.0, 0.0, 0.0, 0.0, 0.0, 0.0, 0.0]",81449,104485,N3,accept,0.51,ts,1059,0
"[0.24999999999999994, -0.24999999999999994, -0.11782032400589111, 0.014492753623188406, 0.01626016260162596, 0.0, 0.0, 0.0, 1.0, 0.7885172541022555, 1.0, 0.0, 0.0, 0.0, 0.0, 0.0, 0.0, 0.0]",108507,19869,N3,accept,0.475,ts,2463,1
"[0.22222222222222215, -0.22222222222222215, -0.09255898366606173, 0.16153846153846155, 0.020000000000000018, 0.0, 0.0, 0.0, 1.0, 0.7492855744837049, 1.0, 0.0, 0.0, 0.0, 0.0, 0.0, 0.0, 0.0]",87131,108112,N3,accept,0.4555555555555555,ts,2870,0
"[0.4, -0.28, -0.2697495183044316, -0.18333333333333332, 1.0, 0.0, 0.0, 0.0, 1.0, 0.586722181322074, 1.0, 0.0, 0.0, 0.0, 0.0, 0.0, 0.0, 0.0]",16718,42569,N3,accept,0.58,ts,2378,0
"[0.3230769230769231, -0.3230769230769231, -0.0012099213551118918, 1.0, -0.17647058823529413, 0.0, 0.0, 0.0, 1.0, 0.6749942815801884, 1.0, 0.0, 0.0, 0.0, 0.0, 0.0, 0.0, 0.0]",61360,61314,N6,dismiss,-0.3,ts,1289,1
"[0.7411764705882353, -0.7411764705882353, -0.052285714285714234, 0.8091603053435115, 0.19047619047619047, 0.0, 0.0, 0.0, 1.0, 0.763529679622345, 1.0, 0.0, 0.0, 0.0, 0.0, 0.0, 0.0, 0.0]",104680,117335,N3,accept,0.8188235294117647,ts,1583,1
"[0.85, -0.85, -0.4171011470281544, 0.08695652173913043, 0.1, 0.0, 0.0, 0.0, 1.0, 0.7994960105539869, 1.0, 0.0, 0.0, 0.0, 0.0, 0.0, 0.0, 0.0]",16680,16731,N3,accept,0.895,ts,1192,1
"[0.8571428571428572, -0.8571428571428572, 0.0, 0.0, 0.0, 0.0, 0.0, 0.0, 1.0, 0.9644999904246006, 1.0, 0.0, 0.0, 0.0, 0.0, 0.0, 0.0, 0.0]",16649,16650,N6,accept,0.8999999999999999,ts,2906,1
"[0.09090909090909098, -0.09090909090909098, -0.43661971830985913, 0.06818181818181818, 0.16666666666666666, 0.0, 0.0, 0.0, 1.0, 0.6057589679083718, 1.0, 0.0, 0.0, 0.0, 0.0, 0.0, 0.0, 0.0]",74282,151841,N3,accept,0.36363636363636365,ts,838,1
"[0.45, -0.45, 0.0, 0.31196581196581197, -0.2830188679245283, 0.0, 0.0, 0.0, 1.0, 0.7626054500386172, 1.0, 0.0, 0.0, 0.0, 0.0, 0.0, 0.0, 0.0]",123829,69980,N3,accept,0.615,ts,2259,1
"[0.24999999999999997, -0.24999999999999997, -0.6, 0.0, 0.0, 0.0, 0.0, 0.0, 1.0, 0.6998281919701369, 1.0, 0.0, 0.0, 0.0, 0.0, 0.0, 0.0, 0.0]",69947,93859,N1,dismiss,-0.3,ts,1905,1
"[0.1666666666666667, -0.1666666666666667, -0.13333333333333333, -0.04, -0.039999999999999994, 0.0, 0.0, 0.0, 1.0, 0.7413502371898478, 1.0, 0.0, 0.0, 0.0, 0.0, 0.0, 0.0, 0.0]",40383,156539,N3,accept,0.4166666666666667,ts,1023,0
"[0.24999999999999997, -0.24999999999999997, -0.07773386034255607, 1.0, 0.22727272727272727, 0.0, 0.0, 0.0, 1.0, 0.6172933326580574, 1.0, 0.0, 0.0, 0.0, 0.0, 0.0, 0.0, 0.0]",85795,169335,N3,accept,0.475,ts,1227,1
"[0.04494382022471914, -0.04494382022471914, -0.2535714285714286, -0.08064516129032258, 0.0, 0.0, 0.0, 0.0, 1.0, 0.6649279362905083, 1.0, 0.0, 0.0, 0.0, 0.0, 0.0, 0.0, 0.0]",79360,18005,N3,accept,0.3314606741573034,ts,869,0
"[0.5636363636363637, -0.5636363636363637, 0.12999999999999995, 1.0, 1.0, 0.0, 0.0, 0.0, 1.0, 0.5887271993139739, 1.0, 0.0, 0.0, 0.0, 0.0, 0.0, 0.0, 0.0]",142264,108828,N3,accept,0.6945454545454546,ts,1946,1
"[0.164, -0.164, -0.6836, -0.1, 0.088, 0.0, 0.0, 0.0, 1.0, 0.6098549356396384, 1.0, 0.0, 0.0, 0.0, 0.0, 0.0, 0.0, 0.0]",85224,134716,N3,accept,0.4148,ts,1242,0
"[0.11999999999999993, -0.11999999999999993, -0.4036484245439469, 0.017094017094017096, -0.14285714285714285, 0.0, 0.0, 0.0, 1.0, 0.6414127192700717, 1.0, 0.0, 0.0, 0.0, 0.0, 0.0, 0.0, 0.0]",15535,166050,N3,accept,0.38399999999999995,ts,1782,1
"[0.18367346938775517, -0.18367346938775517, 0.1798355380765106, 0.04938271604938271, -0.2, 0.0, 0.0, 0.0, 1.0, 0.6932086053533111, 1.0, 0.0, 0.0, 0.0, 0.0, 0.0, 0.0, 0.0]",135547,72620,N3,accept,0.4285714285714286,ts,2695,0
"[0.2346938775510204, -0.2346938775510204, -0.48514285714285715, 0.1693548387096774, -0.4482758620689655, 0.0, 0.0, 0.0, 1.0, 0.5784405050690672, 1.0, 0.0, 0.0, 0.0, 0.0, 0.0, 0.0, 0.0]",169065,155692,N3,accept,0.46428571428571425,ts,1489,1
"[0.0666666666666666, -0.0666666666666666, 0.23592419664927214, 0.0045662100456621, 0.0, 0.0, 0.0, 0.0, 1.0, 0.6983229887866603, 1.0, 0.0, 0.0, 0.0, 0.0, 0.0, 0.0, 0.0]",127690,170134,N3,accept,0.3466666666666666,ts,2951,0
"[0.22164948453608244, -0.22164948453608244, -0.2631578947368421, -0.0641399416909621, -0.07692307692307693, 0.0, 0.0, 0.0, 1.0, 0.7088927203903614, 1.0, 0.0, 0.0, 0.0, 0.0, 0.0, 0.0, 0.0]",104962,103704,N3,accept,0.45515463917525767,ts,805,1
"[0.19709090909090918, -0.19709090909090918, -0.07324621733149929, 0.0, 0.0, 0.0, 0.0, 0.0, 1.0, 0.7945750109053056, 1.0, 0.0, 0.0, 0.0, 0.0, 0.0, 0.0, 0.0]",85069,63876,N3,accept,0.43796363636363644,ts,700,0
"[0.14, -0.14, -0.323238566131026, 0.0, 0.0, 0.0, 0.0, 0.0, 1.0, 0.7065192485809642, 1.0, 0.0, 0.0, 0.0, 0.0, 0.0, 0.0, 0.0]",74215,69993,N1,dismiss,-0.3,ts,830,1
"[0.889795918367347, -0.889795918367347, -0.6873826903023983, 0.35185185185185186, -0.375, 0.0, 0.0, 0.0, 1.0, 0.6632451610251665, 1.0, 0.0, 0.0, 0.0, 0.0, 0.0, 0.0, 0.0]",55915,128284,N3,accept,0.9228571428571428,ts,2455,1
"[0.3333333333333333, -0.3333333333333333, -0.3076923076923077, -0.7, -0.6599999999999999, 0.0, 0.0, 0.0, 1.0, 0.5506757284984278, 1.0, 0.0, 0.0, 0.0, 0.0, 0.0, 0.0, 0.0]",156353,39764,N3,accept,0.5333333333333333,ts,2864,1
"[0.0555555555555556, -0.0555555555555556, -0.16666666666666666, 0.01764705882352941, 0.0, 0.0, 0.0, 0.0, 1.0, 0.7088897221869671, 1.0, 0.0, 0.0, 0.0, 0.0, 0.0, 0.0, 0.0]",123852,107052,N3,accept,0.3388888888888889,ts,2246,1
"[0.050000000000000044, -0.050000000000000044, 0.23767935121646902, 0.28, -0.21999999999999997, 0.0, 0.0, 0.0, 1.0, 0.5753341503687988, 1.0, 0.0, 0.0, 0.0, 0.0, 0.0, 0.0, 0.0]",115984,94324,N3,accept,0.335,ts,2683,0
"[0.30000000000000004, -0.30000000000000004, -0.2663949610967024, 0.04198473282442748, 0.0, 0.0, 0.0, 0.0, 1.0, 0.7607866701733167, 1.0, 0.0, 0.0, 0.0, 0.0, 0.0, 0.0, 0.0]",107855,133081,N3,accept,0.51,ts,1856,0
"[0.11999999999999993, -0.11999999999999993, 0.06218727662616149, 0.10434782608695652, 0.07142857142857142, 0.0, 0.0, 0.0, 1.0, 0.722908040941636, 1.0, 0.0, 0.0, 0.0, 0.0, 0.0, 0.0, 0.0]",88672,106733,N3,accept,0.38399999999999995,ts,1568,0
"[0.47058823529411764, -0.47058823529411764, 0.0, 0.14, 0.18000000000000002, 0.0, 0.0, 0.0, 1.0, 0.8200410775686694, 1.0, 0.0, 0.0, 0.0, 0.0, 0.0, 0.0, 0.0]",37982,37953,N3,accept,0.6294117647058823,ts,2228,1
"[0.6666666666666667, -0.6666666666666667, 0.23277737490935468, 0.0, 0.0, 0.0, 0.0, 0.0, 1.0, 0.8659558877868416, 1.0, 0.0, 0.0, 0.0, 0.0, 0.0, 0.0, 0.0]",141751,56398,N3,accept,0.7666666666666666,ts,2926,0
"[0.25, -0.25, 0.0, 0.07453416149068323, 0.13636363636363635, 0.0, 0.0, 0.0, 1.0, 0.7830109453831142, 1.0, 0.0, 0.0, 0.0, 0.0, 0.0, 0.0, 0.0]",43090,117045,N1,dismiss,-0.3,ts,1930,1
"[0.3000000000000001, -0.3000000000000001, -0.528957528957529, 0.0, 0.0, 0.0, 0.0, 0.0, 1.0, 0.7249105321469098, 1.0, 0.0, 0.0, 0.0, 0.0, 0.0, 0.0, 0.0]",85444,85446,N3,accept,0.51,ts,565,0
"[0.13953488372093023, -0.13953488372093023, 0.2, -0.21686746987951808, -0.12727272727272732, 0.0, 0.0, 0.0, 1.0, 0.6491415867196744, 1.0, 0.0, 0.0, 0.0, 0.0, 0.0, 0.0, 0.0]",40740,91969,N3,accept,0.39767441860465114,ts,833,1
"[0.076923076923077, -0.076923076923077, 0.0, 0.0, 0.0, 0.0, 0.0, 0.0, 1.0, 0.7787188164556538, 1.0, 0.0, 0.0, 0.0, 0.0, 0.0, 0.0, 0.0]",93861,174758,N3,accept,0.35384615384615387,ts,827,0
"[0.1, -0.07, -0.2697495183044316, -0.05, -0.17272727272727276, 0.0, 0.0, 0.0, 1.0, 0.63467239594446, 1.0, 0.0, 0.0, 0.0, 0.0, 0.0, 0.0, 0.0]",49082,49005,N3,accept,0.37,ts,2926,0
"[0.09999999999999996, -0.09999999999999996, 0.0, -0.2, -0.44000000000000006, 0.0, 0.0, 0.0, 1.0, 0.6499867020634126, 1.0, 0.0, 0.0, 0.0, 0.0, 0.0, 0.0, 0.0]",18598,155816,N3,accept,0.36999999999999994,ts,1069,1
"[0.28571428571428564, -0.28571428571428564, -0.2465657741559954, 0.0, 0.0, 0.0, 0.0, 0.0, 1.0, 0.7731738700974822, 1.0, 0.0, 0.0, 0.0, 0.0, 0.0, 0.0, 0.0]",93923,74215,N3,accept,0.4999999999999999,ts,822,1
"[0.14, -0.14, 0.06068268015170685, 0.0, 0.0, 0.0, 0.0, 0.0, 1.0, 0.7788836843497392, 1.0, 0.0, 0.0, 0.0, 0.0, 0.0, 0.0, 0.0]",72622,79362,N3,accept,0.398,ts,806,0
"[0.24999999999999992, -0.24999999999999992, 0.0, -0.4067796610169492, 0.3333333333333333, 0.0, 0.0, 0.0, 1.0, 0.6830935405928722, 1.0, 0.0, 0.0, 0.0, 0.0, 0.0, 0.0, 0.0]",185391,56248,N3,accept,0.4749999999999999,ts,2326,0
"[0.09090909090909098, -0.09090909090909098, -0.4, 0.07716049382716049, 0.15, 0.0, 0.0, 0.0, 1.0, 0.6134192214101657, 1.0, 0.0, 0.0, 0.0, 0.0, 0.0, 0.0, 0.0]",162891,57106,N3,accept,0.36363636363636365,ts,1652,1
"[0.1200000000000001, -0.1200000000000001, 0.1455847255369929, -0.07120743034055728, 0.14000000000000004, 0.0, 0.0, 0.0, 1.0, 0.687454790909646, 1.0, 0.0, 0.0, 0.0, 0.0, 0.0, 0.0, 0.0]",57279,59424,N3,accept,0.38400000000000006,ts,2516,0
"[0.8571428571428572, -0.8571428571428572, 0.0, 0.0, 0.0, 0.0, 0.0, 0.0, 1.0, 0.9644999904246006, 1.0, 0.0, 0.0, 0.0, 0.0, 0.0, 0.0, 0.0]",16649,16650,N3,accept,0.8999999999999999,ts,2471,0
"[0.8742857142857143, -0.8742857142857143, 0.1455847255369929, -0.05660377358490566, -0.3661971830985915, 0.0, 0.0, 0.0, 1.0, 0.8216951849792543, 1.0, 0.0, 0.0, 0.0, 0.0, 0.0, 0.0, 0.0]",57280,59424,N3,accept,0.9119999999999999,ts,2988,0
"[0.7411764705882353, -0.7411764705882353, 0.18103756708407867, -0.23098591549295774, 0.35294117647058826, 0.0, 0.0, 0.0, 1.0, 0.7589742677962524, 1.0, 0.0, 0.0, 0.0, 0.0, 0.0, 0.0, 0.0]",88157,86743,N6,accept,0.8188235294117647,ts,1100,1
"[0.25, -0.25, 0.09090909090909091, -0.32456140350877194, -0.10500000000000007, 0.0, 0.0, 0.0, 1.0, 0.706303156982304, 1.0, 0.0, 0.0, 0.0, 0.0, 0.0, 0.0, 0.0]",123778,165914,N3,accept,0.475,ts,1874,0
"[0.2222222222222223, -0.2222222222222223, 0.11131725417439703, 0.08529411764705883, 0.10400000000000005, 0.0, 0.0, 0.0, 1.0, 0.7387660108640149, 1.0, 0.0, 0.0, 0.0, 0.0, 0.0, 0.0, 0.0]",123848,76847,N6,dismiss,-0.3,ts,1210,1
"[0.20000000000000007, -0.20000000000000007, -0.13397860417727964, 0.0, 0.0, 0.0, 0.0, 0.0, 1.0, 0.7758162558060495, 1.0, 0.0, 0.0, 0.0, 0.0, 0.0, 0.0, 0.0]",90181,115238,N3,accept,0.44000000000000006,ts,1898,1
"[0.2000000000000001, -0.2000000000000001, 0.1925876902713435, 0.23417721518987342, -0.05999999999999996, 0.0, 0.0, 0.0, 1.0, 0.6858372203509444, 1.0, 0.0, 0.0, 0.0, 0.0, 0.0, 0.0, 0.0]",147858,83435,N3,accept,0.44000000000000006,ts,1991,0
"[0.46153846153846156, -0.46153846153846156, -0.7849624060150376, -0.03125, 0.11999999999999993, 0.0, 0.0, 0.0, 1.0, 0.7003839178920463, 1.0, 0.0, 0.0, 0.0, 0.0, 0.0, 0.0, 0.0]",175226,85230,N3,accept,0.6230769230769231,ts,1767,1
"[0.4000000000000001, -0.4000000000000001, 0.0, 0.0, 0.0, 0.0, 0.0, 0.0, 1.0, 0.8842623917495089, 1.0, 0.0, 0.0, 0.0, 0.0, 0.0, 0.0, 0.0]",60782,60788,N3,accept,0.5800000000000001,ts,845,0
"[0.16326530612244894, -0.16326530612244894, 0.0, -0.02601156069364162, -0.4117647058823529, 0.0, 0.0, 0.0, 1.0, 0.7182572044369081, 1.0, 0.0, 0.0, 0.0, 0.0, 0.0, 0.0, 0.0]",63901,63915,N3,accept,0.41428571428571426,ts,894,0
"[0.75, -0.75, -0.34684095860566444, -0.125, 1.0, 0.0, 0.0, 0.0, 1.0, 0.6878314574704213, 1.0, 0.0, 0.0, 0.0, 0.0, 0.0, 0.0, 0.0]",135617,115951,N3,accept,0.825,ts,1577,1
"[0.47058823529411764, -0.47058823529411764, 0.18181818181818182, 0.14, 0.18000000000000002, 0.0, 0.0, 0.0, 1.0, 0.759069863248445, 1.0, 0.0, 0.0, 0.0, 0.0, 0.0, 0.0, 0.0]",18323,37953,N3,accept,0.6294117647058823,ts,2835,0
"[0.2, -0.2, 0.10110110110110104, -0.6043478260869565, 0.05263157894736842, 0.0, 0.0, 0.0, 1.0, 0.6660152152276981, 1.0, 0.0, 0.0, 0.0, 0.0, 0.0, 0.0, 0.0]",191335,127600,N3,accept,0.43999999999999995,ts,1382,0
"[0.28571428571428575, -0.28571428571428575, 0.0, 0.11363636363636363, 0.0, 0.0, 0.0, 0.0, 1.0, 0.820537205423484, 1.0, 0.0, 0.0, 0.0, 0.0, 0.0, 0.0, 0.0]",170134,127333,N3,accept,0.5,ts,938,0
"[0.20061728395061737, -0.20061728395061737, 0.09693053311793226, 0.021538461538461538, -0.041666666666666664, 0.0, 0.0, 0.0, 1.0, 0.7694767207158731, 1.0, 0.0, 0.0, 0.0, 0.0, 0.0, 0.0, 0.0]",41414,61096,N1,dismiss,-0.3,ts,1159,1
"[0.8, -0.8, 0.0, 1.0, 1.0, 0.0, 0.0, 0.0, 1.0, 0.6626816974221303, 1.0, 0.0, 0.0, 0.0, 0.0, 0.0, 0.0, 0.0]",51128,51605,N3,accept,0.8599999999999999,ts,1988,0
"[0.20000000000000007, -0.20000000000000007, -0.11911764705882355, 0.011299435028248588, -0.46153846153846156, 0.0, 0.0, 0.0, 1.0, 0.6866739965311752, 1.0, 0.0, 0.0, 0.0, 0.0, 0.0, 0.0, 0.0]",108741,135481,N3,accept,0.44000000000000006,ts,2539,1
"[0.5535714285714286, -0.5535714285714286, 0.07707129094412332, 0.0, 0.0, 0.0, 0.0, 0.0, 1.0, 0.891596891709044, 1.0, 0.0, 0.0, 0.0, 0.0, 0.0, 0.0, 0.0]",16734,16728,N3,accept,0.6875,ts,2756,0
"[0.12162162162162155, -0.12162162162162155, 0.14842300556586271, -0.06303724928366762, -0.2, 0.0, 0.0, 0.0, 1.0, 0.6765208549881594, 1.0, 0.0, 0.0, 0.0, 0.0, 0.0, 0.0, 0.0]",63922,63891,N3,accept,0.3851351351351351,ts,1040,1
"[0.9592592592592593, -0.9592592592592593, -0.26660742057320597, 0.0, 0.0, 0.0, 0.0, 0.0, 1.0, 0.890711605685712, 1.0, 0.0, 0.0, 0.0, 0.0, 0.0, 0.0, 0.0]",155648,86743,N3,accept,0.9714814814814814,ts,1205,1
"[0.6666666666666666, -0.6666666666666666, 0.09717186366932572, 0.0, 0.0, 0.0, 0.0, 0.0, 1.0, 0.9050735068250562, 1.0, 0.0, 0.0, 0.0, 0.0, 0.0, 0.0, 0.0]",141749,90167,N3,accept,0.7666666666666666,ts,428,0
"[0.47058823529411764, -0.47058823529411764, 0.0, 0.14, 0.18000000000000002, 0.0, 0.0, 0.0, 1.0, 0.8200410775686694, 1.0, 0.0, 0.0, 0.0, 0.0, 0.0, 0.0, 0.0]",37982,37953,N3,accept,0.6294117647058823,ts,530,1
"[0.09090909090909098, -0.09090909090909098, -0.4600811907983762, -0.10182767624020887, -0.07692307692307693, 0.0, 0.0, 0.0, 1.0, 0.6145441364853682, 1.0, 0.0, 0.0, 0.0, 0.0, 0.0, 0.0, 0.0]",30022,174772,N3,accept,0.36363636363636365,ts,1714,1
"[0.11458333333333333, -0.11458333333333333, 0.0, -0.5587392550143266, -0.77, 0.0, 0.0, 0.0, 1.0, 0.5737732739088267, 1.0, 0.0, 0.0, 0.0, 0.0, 0.0, 0.0, 0.0]",107563,142262,N3,accept,0.3802083333333333,ts,2647,0
"[0.7, -0.7, -0.24200000000000002, -0.18333333333333332, 1.0, 0.0, 0.0, 0.0, 1.0, 0.6895957508951762, 1.0, 0.0, 0.0, 0.0, 0.0, 0.0, 0.0, 0.0]",69946,42569,N3,accept,0.7899999999999999,ts,2828,1
"[0.062499999999999965, -0.062499999999999965, 0.0, 0.07339449541284404, -0.038461538461538464, 0.0, 0.0, 0.0, 1.0, 0.7417846617265634, 1.0, 0.0, 0.0, 0.0, 0.0, 0.0, 0.0, 0.0]",169893,183357,N3,accept,0.34374999999999994,ts,1361,0
"[0.1666666666666667, -0.1666666666666667, 0.2, 0.0, 0.0, 0.0, 0.0, 0.0, 1.0, 0.7452936748080553, 1.0, 0.0, 0.0, 0.0, 0.0, 0.0, 0.0, 0.0]",18364,61090,N3,accept,0.4166666666666667,ts,1185,0
"[0.040000000000000036, -0.040000000000000036, 0.0, 0.0, 0.0, 0.0, 0.0, 0.0, 1.0, 0.7649820258822859, 1.0, 0.0, 0.0, 0.0, 0.0, 0.0, 0.0, 0.0]",141765,141753,N3,accept,0.328,ts,2059,0
"[0.5833333333333333, -0.5833333333333333, -0.014175257731958841, 0.0, 0.1, 0.0, 0.0, 0.0, 1.0, 0.8931955318196763, 1.0, 0.0, 0.0, 0.0, 0.0, 0.0, 0.0, 0.0]",151790,113027,N3,accept,0.7083333333333333,ts,2362,0
"[0.8705882352941177, -0.8705882352941177, 0.002506265664160437, 1.0, -0.2, 0.0, 0.0, 0.0, 1.0, 0.7853971569635171, 1.0, 0.0, 0.0, 0.0, 0.0, 0.0, 0.0, 0.0]",58951,169349,N3,accept,0.9094117647058824,ts,2191,0
"[0.14285714285714285, -0.14285714285714285, -0.13156752062527144, -0.05190311418685121, 0.36363636363636365, 0.0, 0.0, 0.0, 1.0, 0.6641876162143715, 1.0, 0.0, 0.0, 0.0, 0.0, 0.0, 0.0, 0.0]",110153,115289,N3,accept,0.39999999999999997,ts,1769,0
"[0.35714285714285715, -0.35714285714285715, -0.642, 0.06989247311827956, -0.4411764705882353, 0.0, 0.0, 0.0, 1.0, 0.6203227193678967, 1.0, 0.0, 0.0, 0.0, 0.0, 0.0, 0.0, 0.0]",151762,130323,N3,accept,0.55,ts,2716,1
"[0.25, -0.25, -0.5371874999999999, -0.1984924623115578, -0.24242424242424243, 0.0, 0.0, 0.0, 1.0, 0.6011117741046016, 1.0, 0.0, 0.0, 0.0, 0.0, 0.0, 0.0, 0.0]",69111,128276,N3,accept,0.475,ts,2414,1
"[0.3, -0.3, 0.0, 1.0, 0.19047619047619047, 0.0, 0.0, 0.0, 1.0, 0.6782566071992362, 1.0, 0.0, 0.0, 0.0, 0.0, 0.0, 0.0, 0.0]",104680,104682,N3,accept,0.51,ts,2542,1
"[0.4, -0.28, -0.29684601113172543, 0.0, 0.0, 0.0, 0.0, 0.0, 1.0, 0.759689501888925, 1.0, 0.0, 0.0, 0.0, 0.0, 0.0, 0.0, 0.0]",63873,42569,N3,accept,0.58,ts,581,0
"[0.16666666666666666, -0.16666666666666666, -0.6, -0.35175879396984927, -0.703030303030303, 0.0, 0.0, 0.0, 1.0, 0.4824607899687209, 1.0, 0.0, 0.0, 0.0, 0.0, 0.0, 0.0, 0.0]",69112,145578,N3,accept,0.41666666666666663,ts,1699,1
"[0.25, -0.25, -0.009319816873773597, 0.001215066828675577, 0.0, 0.0, 0.0, 0.0, 1.0, 0.8355318740747639, 1.0, 0.0, 0.0, 0.0, 0.0, 0.0, 0.0, 0.0]",75083,15457,N3,accept,0.475,ts,2456,1
"[0.010909090909090839, -0.010909090909090839, -0.7835593220338983, -0.14285714285714285, -0.08333333333333333, 0.0, 0.0, 0.0, 1.0, 0.5355134964909132, 1.0, 0.0, 0.0, 0.0, 0.0, 0.0, 0.0, 0.0]",51122,115323,N3,accept,0.3076363636363636,ts,2126,0
"[0.19999999999999993, -0.19999999999999993, 0.07526881720430113, 0.4137055837563452, 1.0, 0.0, 0.0, 0.0, 1.0, 0.580754457616193, 1.0, 0.0, 0.0, 0.0, 0.0, 0.0, 0.0, 0.0]",92081,29970,N3,accept,0.43999999999999995,ts,1325,1
"[0.6228571428571429, -0.6228571428571429, 0.0, -0.08, -0.09090909090909091, 0.0, 0.0, 0.0, 1.0, 0.8860309527056134, 1.0, 0.0, 0.0, 0.0, 0.0, 0.0, 0.0, 0.0]",174761,48998,N6,dismiss,-0.3,ts,1535,1
"[0.24242424242424238, -0.24242424242424238, 0.17021276595744683, 0.22875816993464052, 0.24000000000000005, 0.0, 0.0, 0.0, 1.0, 0.6671422863770378, 1.0, 0.0, 0.0, 0.0, 0.0, 0.0, 0.0, 0.0]",120700,19599,N3,accept,0.4696969696969696,ts,1134,0
"[0.5, -0.5, 0.0, 0.0, 0.0, 0.0, 0.0, 0.0, 1.0, 0.9087872380968218, 1.0, 0.0, 0.0, 0.0, 0.0, 0.0, 0.0, 0.0]",141766,141765,N3,accept,0.6499999999999999,ts,2869,1
"[0.8714285714285714, -0.8714285714285714, -0.37771482530689326, 0.10526315789473684, 0.631578947368421, 0.0, 0.0, 0.0, 1.0, 0.7237870292705296, 1.0, 0.0, 0.0, 0.0, 0.0, 0.0, 0.0, 0.0]",180520,170138,N6,dismiss,-0.3,ts,756,1
"[0.14285714285714288, -0.14285714285714288, -0.06508135168961204, -0.2978723404255319, 0.08, 0.0, 0.0, 0.0, 1.0, 0.6888511237474559, 1.0, 0.0, 0.0, 0.0, 0.0, 0.0, 0.0, 0.0]",158420,20077,N3,accept,0.4,ts,2432,0
"[0.25, -0.25, 0.20060030015007513, -0.2706552706552707, -0.6666666666666666, 0.0, 0.0, 0.0, 1.0, 0.6003298243471468, 1.0, 0.0, 0.0, 0.0, 0.0, 0.0, 0.0, 0.0]",182867,75984,N3,accept,0.475,ts,456,0
"[0.25, -0.25, -0.27321341759844436, -0.06529209621993128, -0.9791666666666666, 0.0, 0.0, 0.0, 1.0, 0.6081937542219744, 1.0, 0.0, 0.0, 0.0, 0.0, 0.0, 0.0, 0.0]",29663,134921,N3,accept,0.475,ts,2792,0
"[0.8714285714285714, -0.8714285714285714, -0.2588235294117647, -0.9809523809523809, -0.9324324324324325, 0.0, 0.0, 0.0, 1.0, 0.6293980130464618, 1.0, 0.0, 0.0, 0.0, 0.0, 0.0, 0.0, 0.0]",91071,16650,N3,accept,0.9099999999999999,ts,2744,1
"[0.20000000000000007, -0.20000000000000007, 0.0, -0.38285714285714284, 0.4117647058823529, 0.0, 0.0, 0.0, 1.0, 0.6584103928227945, 1.0, 0.0, 0.0, 0.0, 0.0, 0.0, 0.0, 0.0]",78003,55915,N3,accept,0.44000000000000006,ts,1879,1
"[0.14285714285714288, -0.14285714285714288, -0.1938610662358643, 0.0, 0.0, 0.0, 0.0, 0.0, 1.0, 0.7384864192538396, 1.0, 0.0, 0.0, 0.0, 0.0, 0.0, 0.0, 0.0]",39280,81422,N6,dismiss,-0.3,ts,1622,1
"[0.2000000000000001, -0.2000000000000001, 0.1925876902713435, 0.23417721518987342, -0.05999999999999996, 0.0, 0.0, 0.0, 1.0, 0.6858372203509444, 1.0, 0.0, 0.0, 0.0, 0.0, 0.0, 0.0, 0.0]",147858,83435,N3,accept,0.44000000000000006,ts,1142,0
"[0.06666666666666672, -0.06666666666666672, -0.3238461538461539, -0.15, -0.13999999999999996, 0.0, 0.0, 0.0, 1.0, 0.6040576707602408, 1.0, 0.0, 0.0, 0.0, 0.0, 0.0, 0.0, 0.0]",57043,141655,N3,accept,0.3466666666666667,ts,1190,0
"[0.19999999999999993, -0.19999999999999993, 0.07526881720430113, 0.4137055837563452, 1.0, 0.0, 0.0, 0.0, 1.0, 0.580754457616193, 1.0, 0.0, 0.0, 0.0, 0.0, 0.0, 0.0, 0.0]",92081,29970,N3,accept,0.43999999999999995,ts,1343,1
"[0.6875, -0.6875, 0.05571428571428579, 0.18461538461538463, -0.6592592592592593, 0.0, 0.0, 0.0, 1.0, 0.7663329371063949, 1.0, 0.0, 0.0, 0.0, 0.0, 0.0, 0.0, 0.0]",20014,140660,N3,accept,0.78125,ts,1677,0
"[0.64, -0.64, -0.0346408558329088, -0.05, -0.17272727272727276, 0.0, 0.0, 0.0, 1.0, 0.8645923634066793, 1.0, 0.0, 0.0, 0.0, 0.0, 0.0, 0.0, 0.0]",90181,49005,N3,accept,0.748,ts,879,0
"[0.12499999999999988, -0.12499999999999988, 0.10010010010010009, -0.40816326530612246, 0.16666666666666666, 0.0, 0.0, 0.0, 1.0, 0.6338342497514019, 1.0, 0.0, 0.0, 0.0, 0.0, 0.0, 0.0, 0.0]",155975,180522,N3,accept,0.3874999999999999,ts,941,0
"[0.19999999999999993, -0.19999999999999993, -0.4, 0.1, 0.19999999999999996, 0.0, 0.0, 0.0, 1.0, 0.6360515658033852, 1.0, 0.0, 0.0, 0.0, 0.0, 0.0, 0.0, 0.0]",77920,18330,N3,accept,0.43999999999999995,ts,1190,0
"[0.1200000000000001, -0.1200000000000001, 0.1455847255369929, -0.07120743034055728, 0.14000000000000004, 0.0, 0.0, 0.0, 1.0, 0.687454790909646, 1.0, 0.0, 0.0, 0.0, 0.0, 0.0, 0.0, 0.0]",57279,59424,N3,accept,0.38400000000000006,ts,2303,1
"[0.20000000000000007, -0.20000000000000007, -0.0016666666666666904, 0.019943019943019943, -0.5, 0.0, 0.0, 0.0, 1.0, 0.7214793530593256, 1.0, 0.0, 0.0, 0.0, 0.0, 0.0, 0.0, 0.0]",15534,135483,N6,dismiss,-0.3,ts,1187,1
"[0.20000000000000007, -0.20000000000000007, -0.2794444444444444, -0.04, 1.0, 0.0, 0.0, 0.0, 1.0, 0.5760362365604412, 1.0, 0.0, 0.0, 0.0, 0.0, 0.0, 0.0, 0.0]",30082,107458,N6,accept,0.44000000000000006,ts,1386,1
"[0.11999999999999993, -0.11999999999999993, -0.18181818181818182, -0.002849002849002849, -0.4642857142857143, 0.0, 0.0, 0.0, 1.0, 0.6419643964802242, 1.0, 0.0, 0.0, 0.0, 0.0, 0.0, 0.0, 0.0]",151839,30082,N6,dismiss,-0.3,ts,492,1
"[0.25, -0.25, -0.24050632911392406, 0.0, -0.005555555555555635, 0.0, 0.0, 0.0, 1.0, 0.7615633265577997, 1.0, 0.0, 0.0, 0.0, 0.0, 0.0, 0.0, 0.0]",183583,165914,N3,accept,0.475,ts,2868,0
"[0.25000000000000006, -0.25000000000000006, -0.09111617312072894, 0.1, -0.059999999999999984, 0.0, 0.0, 0.0, 1.0, 0.7621185638122803, 1.0, 0.0, 0.0, 0.0, 0.0, 0.0, 0.0, 0.0]",30785,110598,N3,accept,0.475,ts,1218,0
"[0.4444444444444445, -0.4444444444444445, 0.158311345646438, -0.7, -0.72, 0.0, 0.0, 0.0, 1.0, 0.6139455672327484, 1.0, 0.0, 0.0, 0.0, 0.0, 0.0, 0.0, 0.0]",145573,110076,N6,dismiss,-0.3,ts,828,1
"[0.25, -0.25, -0.25925925925925924, 0.048484848484848485, 0.041666666666666664, 0.0, 0.0, 0.0, 1.0, 0.7328139323987184, 1.0, 0.0, 0.0, 0.0, 0.0, 0.0, 0.0, 0.0]",142494,117045,N3,accept,0.475,ts,2052,0
"[0.25, -0.25, -0.25925925925925924, 0.0778816199376947, 0.13636363636363635, 0.0, 0.0, 0.0, 1.0, 0.7012290684696982, 1.0, 0.0, 0.0, 0.0, 0.0, 0.0, 0.0, 0.0]",142493,117045,N3,accept,0.475,ts,1504,0
"[0.20000000000000007, -0.20000000000000007, -0.2794444444444444, -0.042735042735042736, 1.0, 0.0, 0.0, 0.0, 1.0, 0.5754148332000193, 1.0, 0.0, 0.0, 0.0, 0.0, 0.0, 0.0, 0.0]",30103,107554,N3,accept,0.44000000000000006,ts,1032,1
"[0.25000000000000006, -0.25000000000000006, -0.0646666666666667, -0.043824701195219126, -0.13265306122448986, 0.0, 0.0, 0.0, 1.0, 0.7677835227290333, 1.0, 0.0, 0.0, 0.0, 0.0, 0.0, 0.0, 0.0]",138640,127487,N6,dismiss,-0.3,ts,496,1
"[0.8163265306122449, -0.8163265306122449, -0.3003754693366709, -0.3853211009174312, -0.6916666666666668, 0.0, 0.0, 0.0, 1.0, 0.6769419080253434, 1.0, 0.0, 0.0, 0.0, 0.0, 0.0, 0.0, 0.0]",115245,54927,N3,accept,0.8714285714285714,ts,1527,1
"[0.15000000000000002, -0.15000000000000002, -0.11504424778761058, -0.008595988538681949, 0.13636363636363635, 0.0, 0.0, 0.0, 1.0, 0.7258505778153181, 1.0, 0.0, 0.0, 0.0, 0.0, 0.0, 0.0, 0.0]",82376,105724,N3,accept,0.405,ts,1690,1
"[0.1250000000000001, -0.1250000000000001, 0.16218749999999993, 0.0, 0.0, 0.0, 0.0, 0.0, 1.0, 0.7409291148542603, 1.0, 0.0, 0.0, 0.0, 0.0, 0.0, 0.0, 0.0]",152421,55412,N3,accept,0.38750000000000007,ts,2761,0
"[0.08928571428571436, -0.08928571428571436, -0.26666666666666666, -0.8466666666666667, -0.8545454545454546, 0.0, 0.0, 0.0, 1.0, 0.45535299056751144, 1.0, 0.0, 0.0, 0.0, 0.0, 0.0, 0.0, 0.0]",41373,51575,N3,accept,0.36250000000000004,ts,2542,1
"[0.3333333333333333, -0.3333333333333333, -0.2554780876494024, -0.4507936507936508, -0.23076923076923078, 0.0, 0.0, 0.0, 1.0, 0.640949325590891, 1.0, 0.0, 0.0, 0.0, 0.0, 0.0, 0.0, 0.0]",170958,158410,N3,accept,0.5333333333333333,ts,730,1
"[0.8571428571428572, -0.8571428571428572, 0.0, -0.04, 0.0, 0.0, 0.0, 0.0, 1.0, 0.9529674423825959, 1.0, 0.0, 0.0, 0.0, 0.0, 0.0, 0.0, 0.0]",16648,16650,N3,accept,0.8999999999999999,ts,1507,0
"[0.415625, -0.415625, 0.1312500000000001, 0.0, 0.0, 0.0, 0.0, 0.0, 1.0, 0.8422044928641546, 1.0, 0.0, 0.0, 0.0, 0.0, 0.0, 0.0, 0.0]",152518,15139,N3,accept,0.5909375,ts,534,1
"[0.33333333333333326, -0.33333333333333326, -0.7118840579710145, 0.17475728155339806, 0.0, 0.0, 0.0, 0.0, 1.0, 0.6694448123318628, 1.0, 0.0, 0.0, 0.0, 0.0, 0.0, 0.0, 0.0]",54732,81543,N3,accept,0.5333333333333332,ts,717,1
"[0.09883720930232553, -0.09883720930232553, 0.04084778420038544, 0.019886363636363636, 0.24999999999999997, 0.0, 0.0, 0.0, 1.0, 0.7062360331845564, 1.0, 0.0, 0.0, 0.0, 0.0, 0.0, 0.0, 0.0]",54520,85287,N6,accept,0.36918604651162784,ts,1009,1
"[0.9333333333333335, -0.9333333333333335, 0.11470588235294113, -0.13398692810457516, -0.18181818181818182, 0.0, 0.0, 0.0, 1.0, 0.8493488906934371, 1.0, 0.0, 0.0, 0.0, 0.0, 0.0, 0.0, 0.0]",50818,48992,N3,accept,0.9533333333333334,ts,1479,0
"[0.33333333333333337, -0.33333333333333337, -0.5833333333333334, 0.0, 0.0, 0.0, 0.0, 0.0, 1.0, 0.727809934097922, 1.0, 0.0, 0.0, 0.0, 0.0, 0.0, 0.0, 0.0]",112487,38636,N3,accept,0.5333333333333333,ts,1486,0
"[0.5, -0.5, 0.16940211019929666, 1.0, 1.0, 0.0, 0.0, 0.0, 1.0, 0.551317768005183, 1.0, 0.0, 0.0, 0.0, 0.0, 0.0, 0.0, 0.0]",147129,86748,N6,dismiss,-0.3,ts,2097,1
"[0.25, -0.25, 0.09090909090909091, 0.1, 0.49166666666666653, 0.0, 0.0, 0.0, 1.0, 0.6852588678547423, 1.0, 0.0, 0.0, 0.0, 0.0, 0.0, 0.0, 0.0]",110001,165914,N1,dismiss,-0.3,ts,1242,1
"[0.6000000000000001, -0.6000000000000001, 0.1111111111111111, 0.0, 0.0, 0.0, 0.0, 0.0, 1.0, 0.8892219481331178, 1.0, 0.0, 0.0, 0.0, 0.0, 0.0, 0.0, 0.0]",38176,112477,N6,dismiss,-0.3,ts,1320,1
"[0.3, -0.3, 0.0, 1.0, 0.19047619047619047, 0.0, 0.0, 0.0, 1.0, 0.6782566071992362, 1.0, 0.0, 0.0, 0.0, 0.0, 0.0, 0.0, 0.0]",104680,104682,N6,dismiss,-0.3,ts,1796,1
"[0.85, -0.85, -0.005000000000000071, 0.0, 0.0, 0.0, 0.0, 0.0, 1.0, 0.9617967240690748, 1.0, 0.0, 0.0, 0.0, 0.0, 0.0, 0.0, 0.0]",38018,174748,N3,accept,0.895,ts,1010,0
"[0.33888888888888896, -0.33888888888888896, 0.1111111111111111, 0.26, 0.12000000000000002, 0.0, 0.0, 0.0, 1.0, 0.7344811410346426, 1.0, 0.0, 0.0, 0.0, 0.0, 0.0, 0.0, 0.0]",63753,29449,N3,accept,0.5372222222222223,ts,2018,0
"[0.3636363636363637, -0.3636363636363637, 0.0, 0.0, 0.0, 0.0, 0.0, 0.0, 1.0, 0.8742764353476687, 1.0, 0.0, 0.0, 0.0, 0.0, 0.0, 0.0, 0.0]",123548,123174,N3,accept,0.5545454545454546,ts,2497,0
"[0.04545454545454549, -0.04545454545454549, -0.0646666666666667, -0.008264462809917356, -0.22727272727272727, 0.0, 0.0, 0.0, 1.0, 0.6855067967400382, 1.0, 0.0, 0.0, 0.0, 0.0, 0.0, 0.0, 0.0]",138639,127487,N3,accept,0.33181818181818185,ts,415,0
"[0.25000000000000006, -0.25000000000000006, -0.0646666666666667, -0.10112359550561797, 0.19718309859154937, 0.0, 0.0, 0.0, 1.0, 0.7389755735892841, 1.0, 0.0, 0.0, 0.0, 0.0, 0.0, 0.0, 0.0]",147103,127487,N3,accept,0.475,ts,1725,1
"[0.20000000000000004, -0.20000000000000004, -0.14724770642201832, -0.027777777777777776, -0.041666666666666664, 0.0, 0.0, 0.0, 1.0, 0.7517102083113151, 1.0, 0.0, 0.0, 0.0, 0.0, 0.0, 0.0, 0.0]",85929,84737,N3,accept,0.44,ts,2080,0
"[0.6097560975609756, -0.6097560975609756, 0.08774474256707766, 0.4117647058823529, 0.08333333333333333, 0.0, 0.0, 0.0, 1.0, 0.7914507604149708, 1.0, 0.0, 0.0, 0.0, 0.0, 0.0, 0.0, 0.0]",141752,90182,N3,accept,0.7268292682926829,ts,533,1
"[0.3055555555555556, -0.3055555555555556, -0.335, -0.21067415730337077, -0.2222222222222222, 0.0, 0.0, 0.0, 1.0, 0.6541242152116501, 1.0, 0.0, 0.0, 0.0, 0.0, 0.0, 0.0, 0.0]",138518,60954,N3,accept,0.5138888888888888,ts,2733,1
"[0.3636363636363637, -0.3636363636363637, -0.056651017214397456, -0.002840909090909091, 0.16666666666666666, 0.0, 0.0, 0.0, 1.0, 0.8094824635768882, 1.0, 0.0, 0.0, 0.0, 0.0, 0.0, 0.0, 0.0]",43334,74278,N3,accept,0.5545454545454546,ts,2287,1
"[0.33333333333333337, -0.33333333333333337, -0.03710575139146568, 0.05263157894736842, 0.20879120879120883, 0.0, 0.0, 0.0, 1.0, 0.7850330737942559, 1.0, 0.0, 0.0, 0.0, 0.0, 0.0, 0.0, 0.0]",63943,49082,N3,accept,0.5333333333333333,ts,2746,0
"[0.5588235294117647, -0.5588235294117647, 0.18648648648648644, 1.0, -0.1111111111111111, 0.0, 0.0, 0.0, 1.0, 0.6883127908750944, 1.0, 0.0, 0.0, 0.0, 0.0, 0.0, 0.0, 0.0]",115299,128254,N3,accept,0.6911764705882353,ts,1517,0
"[0.5, -0.5, -0.09400544959128067, 0.3276595744680851, 0.07142857142857142, 0.0, 0.0, 0.0, 1.0, 0.7824315047196422, 1.0, 0.0, 0.0, 0.0, 0.0, 0.0, 0.0, 0.0]",156584,58951,N3,accept,0.6499999999999999,ts,666,1
"[0.3333333333333333, -0.3333333333333333, -0.0879271070615034, 0.44285714285714284, 0.25, 0.0, 0.0, 0.0, 1.0, 0.6861198608584137, 1.0, 0.0, 0.0, 0.0, 0.0, 0.0, 0.0, 0.0]",128254,170191,N3,accept,0.5333333333333333,ts,1944,1
"[0.2307692307692307, -0.2307692307692307, 0.0, 1.0, 0.44000000000000006, 0.0, 0.0, 0.0, 1.0, 0.5995560389330946, 1.0, 0.0, 0.0, 0.0, 0.0, 0.0, 0.0, 0.0]",79461,68609,N1,dismiss,-0.3,ts,2686,1
"[0.6212121212121212, -0.6212121212121212, 0.0344827586206897, 0.7247706422018348, -0.26, 0.0, 0.0, 0.0, 1.0, 0.7439116586771575, 1.0, 0.0, 0.0, 0.0, 0.0, 0.0, 0.0, 0.0]",182863,19599,N3,accept,0.7348484848484849,ts,2412,1
"[0.3636363636363637, -0.3636363636363637, -0.39266487213997303, -0.09711286089238845, 0.9333333333333333, 0.0, 0.0, 0.0, 1.0, 0.6121868409312041, 1.0, 0.0, 0.0, 0.0, 0.0, 0.0, 0.0, 0.0]",106733,123439,N3,accept,0.5545454545454546,ts,879,1
"[0.5, -0.5, -0.4172461752433937, 0.015479876160990712, 1.0, 0.0, 0.0, 0.0, 1.0, 0.646677624271836, 1.0, 0.0, 0.0, 0.0, 0.0, 0.0, 0.0, 0.0]",87863,57551,N3,accept,0.6499999999999999,ts,1471,1
"[0.30000000000000004, -0.30000000000000004, -0.2663949610967024, 0.04198473282442748, 0.0, 0.0, 0.0, 0.0, 1.0, 0.7607866701733167, 1.0, 0.0, 0.0, 0.0, 0.0, 0.0, 0.0, 0.0]",107855,133081,N3,accept,0.51,ts,1915,0
"[0.24999999999999997, -0.24999999999999997, 0.06028476219327483, 0.2600732600732601, 0.17391304347826086, 0.0, 0.0, 0.0, 1.0, 0.7119707109018438, 1.0, 0.0, 0.0, 0.0, 0.0, 0.0, 0.0, 0.0]",86743,169335,N3,accept,0.475,ts,2305,0
"[0.11458333333333333, -0.11458333333333333, 0.0, -0.5587392550143266, -0.77, 0.0, 0.0, 0.0, 1.0, 0.5737732739088267, 1.0, 0.0, 0.0, 0.0, 0.0, 0.0, 0.0, 0.0]",107563,142262,N3,accept,0.3802083333333333,ts,1223,0
"[0.7942857142857144, -0.7942857142857144, -0.3214124038026256, 0.19672131147540983, -0.375, 0.0, 0.0, 0.0, 1.0, 0.7349808423477768, 1.0, 0.0, 0.0, 0.0, 0.0, 0.0, 0.0, 0.0]",81541,128284,N3,accept,0.8560000000000001,ts,2165,1
"[0.3333333333333333, -0.3333333333333333, -0.48406676783004554, -0.44761904761904764, -0.6129032258064516, 0.0, 0.0, 0.0, 1.0, 0.546792220645576, 1.0, 0.0, 0.0, 0.0, 0.0, 0.0, 0.0, 0.0]",170138,175100,N3,accept,0.5333333333333333,ts,604,0
"[0.25, -0.25, -0.5708154506437768, -0.008595988538681949, 1.0, 0.0, 0.0, 0.0, 1.0, 0.5525921765486778, 1.0, 0.0, 0.0, 0.0, 0.0, 0.0, 0.0, 0.0]",189369,117045,N3,accept,0.475,ts,1357,0
"[0.047619047619047505, -0.047619047619047505, 0.10025062656641605, -0.02, 0.0, 0.0, 0.0, 0.0, 1.0, 0.7256093442020038, 1.0, 0.0, 0.0, 0.0, 0.0, 0.0, 0.0, 0.0]",111106,30785,N3,accept,0.33333333333333326,ts,2259,0
"[0.19999999999999993, -0.19999999999999993, -0.25, -0.8833333333333333, -0.7454545454545454, 0.0, 0.0, 0.0, 1.0, 0.5035447216368699, 1.0, 0.0, 0.0, 0.0, 0.0, 0.0, 0.0, 0.0]",126074,18330,N3,accept,0.43999999999999995,ts,2962,0
"[0.12499999999999988, -0.12499999999999988, -0.24940428911834792, 0.0, 0.0, 0.0, 0.0, 0.0, 1.0, 0.7177840448155496, 1.0, 0.0, 0.0, 0.0, 0.0, 0.0, 0.0, 0.0]",144703,180524,N3,accept,0.3874999999999999,ts,776,1
"[0.0555555555555556, -0.0555555555555556, -0.30286857905270187, -0.27848101265822783, -0.13999999999999999, 0.0, 0.0, 0.0, 1.0, 0.5792292623515911, 1.0, 0.0, 0.0, 0.0, 0.0, 0.0, 0.0, 0.0]",155616,18005,N3,accept,0.3388888888888889,ts,2730,1
"[0.33333333333333337, -0.33333333333333337, -0.3220035778175313, 0.09333333333333334, -0.5545454545454546, 0.0, 0.0, 0.0, 1.0, 0.6445028751316437, 1.0, 0.0, 0.0, 0.0, 0.0, 0.0, 0.0, 0.0]",16731,49086,N3,accept,0.5333333333333333,ts,674,0
"[0.02857142857142844, -0.02857142857142844, -0.3211788211788212, -0.022792022792022793, 0.5200000000000001, 0.0, 0.0, 0.0, 1.0, 0.5622519721506657, 1.0, 0.0, 0.0, 0.0, 0.0, 0.0, 0.0, 0.0]",117054,185707,N3,accept,0.3199999999999999,ts,684,0
"[0.3703703703703704, -0.3703703703703704, -0.33459231281937346, -0.5531135531135531, -0.17391304347826086, 0.0, 0.0, 0.0, 1.0, 0.6341472539184733, 1.0, 0.0, 0.0, 0.0, 0.0, 0.0, 0.0, 0.0]",155648,185524,N3,accept,0.5592592592592592,ts,1828,1
"[0.04494382022471914, -0.04494382022471914, -0.2535714285714286, -0.08064516129032258, 0.0, 0.0, 0.0, 0.0, 1.0, 0.6649279362905083, 1.0, 0.0, 0.0, 0.0, 0.0, 0.0, 0.0, 0.0]",79360,18005,N3,accept,0.3314606741573034,ts,1157,0
"[0.1200000000000001, -0.1200000000000001, 0.1455847255369929, -0.054878048780487805, -0.8250000000000001, 0.0, 0.0, 0.0, 1.0, 0.6072134063167107, 1.0, 0.0, 0.0, 0.0, 0.0, 0.0, 0.0, 0.0]",57551,59423,N3,accept,0.38400000000000006,ts,1065,0
"[0.3333333333333333, -0.3333333333333333, -0.48406676783004554, -0.44761904761904764, -0.6129032258064516, 0.0, 0.0, 0.0, 1.0, 0.546792220645576, 1.0, 0.0, 0.0, 0.0, 0.0, 0.0, 0.0, 0.0]",170138,175100,N3,accept,0.5333333333333333,ts,2457,0
"[0.6363636363636364, -0.6363636363636364, -0.2700729927007299, 0.0, 0.0, 0.0, 0.0, 0.0, 1.0, 0.8519911280552436, 1.0, 0.0, 0.0, 0.0, 0.0, 0.0, 0.0, 0.0]",141743,51605,N3,accept,0.7454545454545454,ts,635,0
"[0.35714285714285715, -0.35714285714285715, -0.7011686143572621, 0.19161676646706588, 0.18, 0.0, 0.0, 0.0, 1.0, 0.6285380072509015, 1.0, 0.0, 0.0, 0.0, 0.0, 0.0, 0.0, 0.0]",44189,130323,N3,accept,0.55,ts,868,1
"[0.16666666666666663, -0.16666666666666663, 0.20020020020020018, 0.02040816326530612, 0.14583333333333337, 0.0, 0.0, 0.0, 1.0, 0.7012934475096448, 1.0, 0.0, 0.0, 0.0, 0.0, 0.0, 0.0, 0.0]",16681,63869,N3,accept,0.41666666666666663,ts,2297,1
"[0.050000000000000044, -0.050000000000000044, 0.23767935121646902, 0.28, -0.21999999999999997, 0.0, 0.0, 0.0, 1.0, 0.5753341503687988, 1.0, 0.0, 0.0, 0.0, 0.0, 0.0, 0.0, 0.0]",115984,94324,N3,accept,0.335,ts,2422,0
"[0.75, -0.75, -0.3571875, -0.26884422110552764, -0.2727272727272727, 0.0, 0.0, 0.0, 1.0, 0.7247761298647466, 1.0, 0.0, 0.0, 0.0, 0.0, 0.0, 0.0, 0.0]",69111,29663,N3,accept,0.825,ts,1266,1
"[0.7794117647058824, -0.7794117647058824, 0.09585621567648517, 0.8666666666666667, -0.058823529411764705, 0.0, 0.0, 0.0, 1.0, 0.7809617546495925, 1.0, 0.0, 0.0, 0.0, 0.0, 0.0, 0.0, 0.0]",107861,128254,N3,accept,0.8455882352941175,ts,1140,1
"[0.09999999999999996, -0.09999999999999996, 0.0, -0.1005586592178771, 0.0, 0.0, 0.0, 0.0, 1.0, 0.7598937305521247, 1.0, 0.0, 0.0, 0.0, 0.0, 0.0, 0.0, 0.0]",127521,108202,N3,accept,0.36999999999999994,ts,2312,0
"[0.33333333333333337, -0.33333333333333337, -0.04368673415023976, 0.4751131221719457, 0.25, 0.0, 0.0, 0.0, 1.0, 0.6977738805226098, 1.0, 0.0, 0.0, 0.0, 0.0, 0.0, 0.0, 0.0]",104466,155669,N3,accept,0.5333333333333333,ts,1671,0
"[0.16666666666666666, -0.16666666666666666, -0.050131926121371996, 0.04032258064516129, -0.65, 0.0, 0.0, 0.0, 1.0, 0.6714073227147452, 1.0, 0.0, 0.0, 0.0, 0.0, 0.0, 0.0, 0.0]",89593,145578,N3,accept,0.41666666666666663,ts,2928,1
"[0.02500000000000002, -0.02500000000000002, -0.028182701652089328, -0.06, -0.07999999999999999, 0.0, 0.0, 0.0, 1.0, 0.709268980968216, 1.0, 0.0, 0.0, 0.0, 0.0, 0.0, 0.0, 0.0]",114070,62540,N3,accept,0.3175,ts,1626,0
"[0.1200000000000001, -0.1200000000000001, 0.1455847255369929, -0.08011869436201781, -0.52, 0.0, 0.0, 0.0, 1.0, 0.6248074521533694, 1.0, 0.0, 0.0, 0.0, 0.0, 0.0, 0.0, 0.0]",57278,59423,N3,accept,0.38400000000000006,ts,1302,0
"[0.20000000000000007, -0.20000000000000007, -0.1582278481012658, -0.036619718309859155, -0.08333333333333333, 0.0, 0.0, 0.0, 1.0, 0.7349526125212501, 1.0, 0.0, 0.0, 0.0, 0.0, 0.0, 0.0, 0.0]",109410,107170,N3,accept,0.44000000000000006,ts,1611,1
"[0.7138047138047138, -0.7138047138047138, -0.5411887382690302, -0.1, 0.1, 0.0, 0.0, 0.0, 1.0, 0.7608089122431839, 1.0, 0.0, 0.0, 0.0, 0.0, 0.0, 0.0, 0.0]",141707,87406,N3,accept,0.7996632996632995,ts,2303,0
"[0.20000000000000004, -0.20000000000000004, 0.21428571428571427, -0.75, -0.44000000000000006, 0.0, 0.0, 0.0, 1.0, 0.5488029253936105, 1.0, 0.0, 0.0, 0.0, 0.0, 0.0, 0.0, 0.0]",39150,18334,N3,accept,0.44,ts,1529,0
"[0.25, -0.25, -0.24812030075187969, 0.005813953488372093, 0.041666666666666664, 0.0, 0.0, 0.0, 1.0, 0.7476249554836153, 1.0, 0.0, 0.0, 0.0, 0.0, 0.0, 0.0, 0.0]",174772,117045,N3,accept,0.475,ts,2637,0
"[0.4444444444444445, -0.4444444444444445, 0.10401459854014582, -0.54, -0.6, 0.0, 0.0, 0.0, 1.0, 0.6542508615673612, 1.0, 0.0, 0.0, 0.0, 0.0, 0.0, 0.0, 0.0]",169353,132873,N3,accept,0.6111111111111112,ts,1757,0
"[0.5, -0.5, 0.14336917562724016, -0.1926605504587156, -0.45999999999999996, 0.0, 0.0, 0.0, 1.0, 0.7207415459493114, 1.0, 0.0, 0.0, 0.0, 0.0, 0.0, 0.0, 0.0]",19612,19600,N3,accept,0.6499999999999999,ts,2736,1
"[0.3571428571428571, -0.3571428571428571, -0.49471210340775557, 0.017341040462427744, -0.012658227848101333, 0.0, 0.0, 0.0, 1.0, 0.7379294538140533, 1.0, 0.0, 0.0, 0.0, 0.0, 0.0, 0.0, 0.0]",117162,105899,N3,accept,0.5499999999999999,ts,2174,1
"[0.1326530612244898, -0.1326530612244898, -0.43, 0.20430107526881722, 0.3793103448275862, 0.0, 0.0, 0.0, 1.0, 0.5536646098698412, 1.0, 0.0, 0.0, 0.0, 0.0, 0.0, 0.0, 0.0]",169065,86748,N3,accept,0.39285714285714285,ts,1826,1
"[0.3230769230769231, -0.3230769230769231, -0.0012099213551118918, 1.0, -0.17647058823529413, 0.0, 0.0, 0.0, 1.0, 0.6749942815801884, 1.0, 0.0, 0.0, 0.0, 0.0, 0.0, 0.0, 0.0]",61360,61314,N3,accept,0.5261538461538462,ts,779,0
"[0.6666666666666667, -0.6666666666666667, -0.6632478632478633, 0.1828793774319066, 0.2, 0.0, 0.0, 0.0, 1.0, 0.6980782022775677, 1.0, 0.0, 0.0, 0.0, 0.0, 0.0, 0.0, 0.0]",130292,141757,N3,accept,0.7666666666666666,ts,1265,1
"[0.8833333333333333, -0.8833333333333333, 0.0, -0.3118279569892473, -0.13999999999999999, 0.0, 0.0, 0.0, 1.0, 0.860770258917622, 1.0, 0.0, 0.0, 0.0, 0.0, 0.0, 0.0, 0.0]",126323,125786,N3,accept,0.9183333333333332,ts,1103,1
"[0.24999999999999992, -0.24999999999999992, 0.058823529411764705, 0.0, 0.0, 0.0, 0.0, 0.0, 1.0, 0.8173913026682517, 1.0, 0.0, 0.0, 0.0, 0.0, 0.0, 0.0, 0.0]",18334,81128,N3,accept,0.4749999999999999,ts,2679,0
"[0.1500000000000001, -0.1500000000000001, 0.2222222222222222, -0.4375, -0.1, 0.0, 0.0, 0.0, 1.0, 0.6188946105740755, 1.0, 0.0, 0.0, 0.0, 0.0, 0.0, 0.0, 0.0]",30711,189308,N3,accept,0.405,ts,1874,0
"[0.75, -0.75, -0.4357298474945534, -0.03409090909090909, 0.82, 0.0, 0.0, 0.0, 1.0, 0.7052039581928611, 1.0, 0.0, 0.0, 0.0, 0.0, 0.0, 0.0, 0.0]",135617,145532,N3,accept,0.825,ts,958,1
"[0.8482142857142858, -0.8482142857142858, -0.3333333333333333, 0.0, 0.0, 0.0, 0.0, 0.0, 1.0, 0.8662898196146351, 1.0, 0.0, 0.0, 0.0, 0.0, 0.0, 0.0, 0.0]",18218,126074,N3,accept,0.89375,ts,2881,1
"[0.3636363636363637, -0.3636363636363637, 0.0, 0.0, 0.0, 0.0, 0.0, 0.0, 1.0, 0.8742764353476687, 1.0, 0.0, 0.0, 0.0, 0.0, 0.0, 0.0, 0.0]",123012,123174,N3,accept,0.5545454545454546,ts,2557,0
"[0.14, -0.14, 0.16819827346143154, 0.0, 0.0, 0.0, 0.0, 0.0, 1.0, 0.7446095810127756, 1.0, 0.0, 0.0, 0.0, 0.0, 0.0, 0.0, 0.0]",72623,79362,N3,accept,0.398,ts,976,0
"[0.09999999999999998, -0.09999999999999998, 0.061946902654867304, -0.008595988538681949, 0.2727272727272727, 0.0, 0.0, 0.0, 1.0, 0.6982959757009977, 1.0, 0.0, 0.0, 0.0, 0.0, 0.0, 0.0, 0.0]",82376,111476,N3,accept,0.37,ts,1000,1
"[0.7058823529411765, -0.7058823529411765, 0.10950688582852064, 0.7647058823529411, 0.46153846153846156, 0.0, 0.0, 0.0, 1.0, 0.6990590921583305, 1.0, 0.0, 0.0, 0.0, 0.0, 0.0, 0.0, 0.0]",179677,115396,N3,accept,0.7941176470588236,ts,1655,0
"[0.625, -0.625, 0.066711140760507, -0.08904109589041095, -0.13333333333333333, 0.0, 0.0, 0.0, 1.0, 0.8489572716197578, 1.0, 0.0, 0.0, 0.0, 0.0, 0.0, 0.0, 0.0]",128284,128247,N3,accept,0.7375,ts,2234,0
"[0.19709090909090918, -0.19709090909090918, -0.07324621733149929, 0.0, 0.0, 0.0, 0.0, 0.0, 1.0, 0.7945750109053056, 1.0, 0.0, 0.0, 0.0, 0.0, 0.0, 0.0, 0.0]",85069,63876,N3,accept,0.43796363636363644,ts,962,0
"[0.8733333333333334, -0.8733333333333334, 0.175, 0.3969465648854962, 0.1, 0.0, 0.0, 0.0, 1.0, 0.7976282871388852, 1.0, 0.0, 0.0, 0.0, 0.0, 0.0, 0.0, 0.0]",80035,83437,N3,accept,0.9113333333333333,ts,998,1
"[0.19999999999999998, -0.19999999999999998, -0.6349070100143063, 0.020537124802527645, 0.06000000000000001, 0.0, 0.0, 0.0, 1.0, 0.6560066696079127, 1.0, 0.0, 0.0, 0.0, 0.0, 0.0, 0.0, 0.0]",19708,119961,N3,accept,0.43999999999999995,ts,681,1
"[0.09090909090909098, -0.09090909090909098, 0.0, -0.01440922190201729, -0.16666666666666666, 0.0, 0.0, 0.0, 1.0, 0.737099785428609, 1.0, 0.0, 0.0, 0.0, 0.0, 0.0, 0.0, 0.0]",43107,43087,N3,accept,0.36363636363636365,ts,1286,1
"[0.023255813953488292, -0.023255813953488292, 0.05212816834050693, 0.08609271523178808, 0.0571428571428572, 0.0, 0.0, 0.0, 1.0, 0.6989901745905753, 1.0, 0.0, 0.0, 0.0, 0.0, 0.0, 0.0, 0.0]",115226,152287,N3,accept,0.3162790697674418,ts,612,1
"[0.1111111111111111, -0.1111111111111111, -0.2028985507246377, -0.6929824561403509, -0.25, 0.0, 0.0, 0.0, 1.0, 0.5530661334564829, 1.0, 0.0, 0.0, 0.0, 0.0, 0.0, 0.0, 0.0]",87177,110001,N3,accept,0.37777777777777777,ts,2267,1
"[0.7888, -0.7888, 0.0, -0.08, -0.09090909090909091, 0.0, 0.0, 0.0, 1.0, 0.9099990008378989, 1.0, 0.0, 0.0, 0.0, 0.0, 0.0, 0.0, 0.0]",174763,48998,N3,accept,0.8521599999999998,ts,2798,1
"[0.19709090909090918, -0.19709090909090918, -0.07324621733149929, 0.0, 0.0, 0.0, 0.0, 0.0, 1.0, 0.7945750109053056, 1.0, 0.0, 0.0, 0.0, 0.0, 0.0, 0.0, 0.0]",85069,63876,N3,accept,0.43796363636363644,ts,1369,0
"[0.2941176470588235, -0.2941176470588235, -0.20508744038155807, 0.9354838709677419, 0.58, 0.0, 0.0, 0.0, 1.0, 0.5564807400241625, 1.0, 0.0, 0.0, 0.0, 0.0, 0.0, 0.0, 0.0]",79359,18570,N3,accept,0.5058823529411764,ts,773,0
"[0.06666666666666672, -0.06666666666666672, -0.3238461538461539, -0.15, -0.13999999999999996, 0.0, 0.0, 0.0, 1.0, 0.6040576707602408, 1.0, 0.0, 0.0, 0.0, 0.0, 0.0, 0.0, 0.0]",57043,141655,N3,accept,0.3466666666666667,ts,1329,0
"[0.8833333333333333, -0.8833333333333333, -0.2159090909090909, -0.3368421052631579, -0.18, 0.0, 0.0, 0.0, 1.0, 0.7779964498937545, 1.0, 0.0, 0.0, 0.0, 0.0, 0.0, 0.0, 0.0]",122720,82101,N3,accept,0.9183333333333332,ts,2595,1
"[0.7, -0.7, 0.07168458781362008, 0.2830188679245283, -0.9722222222222222, 0.0, 0.0, 0.0, 1.0, 0.7253640172583175, 1.0, 0.0, 0.0, 0.0, 0.0, 0.0, 0.0, 0.0]",84871,134921,N3,accept,0.7899999999999999,ts,949,1
"[0.25000000000000006, -0.25000000000000006, -0.0625, -0.34, 0.039999999999999994, 0.0, 0.0, 0.0, 1.0, 0.7305487309174494, 1.0, 0.0, 0.0, 0.0, 0.0, 0.0, 0.0, 0.0]",40998,50997,N3,accept,0.475,ts,1080,0
"[0.8603174603174604, -0.8603174603174604, -0.3191489361702128, 0.3333333333333333, -0.338235294117647, 0.0, 0.0, 0.0, 1.0, 0.7237247416033036, 1.0, 0.0, 0.0, 0.0, 0.0, 0.0, 0.0, 0.0]",48746,59424,N3,accept,0.9022222222222223,ts,2846,1
"[0.21951219512195116, -0.21951219512195116, -0.2748368382886149, 0.35294117647058826, 0.0, 0.0, 0.0, 0.0, 1.0, 0.668944328965123, 1.0, 0.0, 0.0, 0.0, 0.0, 0.0, 0.0, 0.0]",141752,93854,N3,accept,0.4536585365853658,ts,1900,1
"[0.14285714285714288, -0.14285714285714288, 0.2002503128911139, 0.37383177570093457, -0.15, 0.0, 0.0, 0.0, 1.0, 0.6189066123031219, 1.0, 0.0, 0.0, 0.0, 0.0, 0.0, 0.0, 0.0]",78135,115240,N3,accept,0.4,ts,2580,1
"[0.648, -0.648, 0.1801637852593267, 0.20863309352517986, 1.0, 0.0, 0.0, 0.0, 1.0, 0.678459202837453, 1.0, 0.0, 0.0, 0.0, 0.0, 0.0, 0.0, 0.0]",185410,107554,N3,accept,0.7536,ts,1339,1
"[0.40972222222222227, -0.40972222222222227, -0.04576760719840025, 0.029304029304029304, -0.391304347826087, 0.0, 0.0, 0.0, 1.0, 0.7793853886700741, 1.0, 0.0, 0.0, 0.0, 0.0, 0.0, 0.0, 0.0]",155648,21089,N3,accept,0.5868055555555556,ts,1588,1
"[0.9285714285714285, -0.9285714285714285, -0.4172461752433937, 0.059748427672955975, -0.33802816901408445, 0.0, 0.0, 0.0, 1.0, 0.767166283612637, 1.0, 0.0, 0.0, 0.0, 0.0, 0.0, 0.0, 0.0]",87864,57278,N3,accept,0.95,ts,2562,1
"[0.11999999999999993, -0.11999999999999993, -0.3181818181818182, -0.5612535612535613, -0.7142857142857143, 0.0, 0.0, 0.0, 1.0, 0.485129960164461, 1.0, 0.0, 0.0, 0.0, 0.0, 0.0, 0.0, 0.0]",70001,142264,N3,accept,0.38399999999999995,ts,2371,1
"[0.4545454545454546, -0.4545454545454546, -0.375, -0.0028735632183908046, 0.8333333333333334, 0.0, 0.0, 0.0, 1.0, 0.6701200877280795, 1.0, 0.0, 0.0, 0.0, 0.0, 0.0, 0.0, 0.0]",32065,107659,N3,accept,0.6181818181818182,ts,1352,1
"[0.10000000000000009, -0.10000000000000009, -0.2588235294117647, -0.975, -0.52, 0.0, 0.0, 0.0, 1.0, 0.48076478481180795, 1.0, 0.0, 0.0, 0.0, 0.0, 0.0, 0.0, 0.0]",91074,16650,N3,accept,0.37000000000000005,ts,838,0
"[0.1764705882352941, -0.1764705882352941, 0.0, 0.4198473282442748, 0.16, 0.0, 0.0, 0.0, 1.0, 0.688371662584279, 1.0, 0.0, 0.0, 0.0, 0.0, 0.0, 0.0, 0.0]",104682,169065,N3,accept,0.4235294117647058,ts,2625,1
"[0.14, -0.14, -0.39014202172096907, 0.0, 0.0, 0.0, 0.0, 0.0, 1.0, 0.6933967894472572, 1.0, 0.0, 0.0, 0.0, 0.0, 0.0, 0.0, 0.0]",72623,69993,N3,accept,0.398,ts,2539,1
"[0.24999999999999997, -0.24999999999999997, -0.18882352941176475, 0.0, 0.0, 0.0, 0.0, 0.0, 1.0, 0.7766838274694299, 1.0, 0.0, 0.0, 0.0, 0.0, 0.0, 0.0, 0.0]",38239,141751,N3,accept,0.475,ts,1437,1
"[0.1200000000000001, -0.1200000000000001, 0.1455847255369929, -0.04024767801857585, -0.33999999999999997, 0.0, 0.0, 0.0, 1.0, 0.6583894484224873, 1.0, 0.0, 0.0, 0.0, 0.0, 0.0, 0.0, 0.0]",57279,59423,N3,accept,0.38400000000000006,ts,1694,1
"[0.52, -0.52, 0.11648223645894, 0.0, 0.0, 0.0, 0.0, 0.0, 1.0, 0.8716130198763568, 1.0, 0.0, 0.0, 0.0, 0.0, 0.0, 0.0, 0.0]",142501,54196,N3,accept,0.6639999999999999,ts,742,0
"[0.35999999999999993, -0.35999999999999993, 0.125, 1.0, 1.0, 0.0, 0.0, 0.0, 1.0, 0.5327936544339077, 1.0, 0.0, 0.0, 0.0, 0.0, 0.0, 0.0, 0.0]",18355,51061,N3,accept,0.5519999999999999,ts,2549,1
"[0.09999999999999998, -0.09999999999999998, 0.0027855153203343017, -0.002881844380403458, 0.2727272727272727, 0.0, 0.0, 0.0, 1.0, 0.7221848253923066, 1.0, 0.0, 0.0, 0.0, 0.0, 0.0, 0.0, 0.0]",82377,111476,N3,accept,0.37,ts,1814,1
"[0.20000000000000004, -0.20000000000000004, 0.21428571428571427, -0.75, -0.44000000000000006, 0.0, 0.0, 0.0, 1.0, 0.5488029253936105, 1.0, 0.0, 0.0, 0.0, 0.0, 0.0, 0.0, 0.0]",39150,18334,N3,accept,0.44,ts,408,0
"[0.11458333333333333, -0.11458333333333333, -0.08759124087591248, -0.5587392550143266, -0.77, 0.0, 0.0, 0.0, 1.0, 0.5416340437403093, 1.0, 0.0, 0.0, 0.0, 0.0, 0.0, 0.0, 0.0]",108839,142262,N3,accept,0.3802083333333333,ts,514,0
"[0.6333333333333333, -0.6333333333333333, -0.16636363636363638, -0.3225806451612903, 0.0, 0.0, 0.0, 0.0, 1.0, 0.8070255924285187, 1.0, 0.0, 0.0, 0.0, 0.0, 0.0, 0.0, 0.0]",126323,82102,N3,accept,0.7433333333333333,ts,1629,1
"[0.6621621621621622, -0.6621621621621622, 0.16701461377870563, -0.05956112852664577, -0.21428571428571427, 0.0, 0.0, 0.0, 1.0, 0.8137627837375337, 1.0, 0.0, 0.0, 0.0, 0.0, 0.0, 0.0, 0.0]",63924,16728,N3,accept,0.7635135135135135,ts,1736,1
"[0.4444444444444445, -0.4444444444444445, 0.21404682274247488, -0.6984126984126984, -0.58, 0.0, 0.0, 0.0, 1.0, 0.610175897468082, 1.0, 0.0, 0.0, 0.0, 0.0, 0.0, 0.0, 0.0]",19676,132873,N3,accept,0.6111111111111112,ts,1870,0
"[0.2, -0.2, 0.09333333333333324, -0.1895734597156398, 0.6, 0.0, 0.0, 0.0, 1.0, 0.6366180946932497, 1.0, 0.0, 0.0, 0.0, 0.0, 0.0, 0.0, 0.0]",162680,15178,N3,accept,0.43999999999999995,ts,2669,0
"[0.5714285714285715, -0.5714285714285715, -0.5994993742177722, 0.24481327800829875, 0.1, 0.0, 0.0, 0.0, 1.0, 0.6987327501453318, 1.0, 0.0, 0.0, 0.0, 0.0, 0.0, 0.0, 0.0]",16682,60788,N3,accept,0.7,ts,958,0
"[0.7942857142857144, -0.7942857142857144, -0.24357239512855217, -0.3853211009174312, -0.6916666666666668, 0.0, 0.0, 0.0, 1.0, 0.6876495392228945, 1.0, 0.0, 0.0, 0.0, 0.0, 0.0, 0.0, 0.0]",115244,54927,N3,accept,0.8560000000000001,ts,1857,0
"[0.7, -0.7, 0.07168458781362008, 0.2830188679245283, -0.9722222222222222, 0.0, 0.0, 0.0, 1.0, 0.7253640172583175, 1.0, 0.0, 0.0, 0.0, 0.0, 0.0, 0.0, 0.0]",84871,134921,N3,accept,0.7899999999999999,ts,1463,1
"[0.64, -0.64, 0.006949806949806939, -0.015957446808510637, -0.38, 0.0, 0.0, 0.0, 1.0, 0.8487468405875243, 1.0, 0.0, 0.0, 0.0, 0.0, 0.0, 0.0, 0.0]",19611,128279,N3,accept,0.748,ts,2401,1
"[0.7794117647058824, -0.7794117647058824, -0.45333333333333337, 0.43258426966292135, 0.05555555555555555, 0.0, 0.0, 0.0, 1.0, 0.7341439047632545, 1.0, 0.0, 0.0, 0.0, 0.0, 0.0, 0.0, 0.0]",138519,155668,N3,accept,0.8455882352941175,ts,2481,1
"[0.5, -0.5, -0.12990777338603424, 1.0, 0.2727272727272727, 0.0, 0.0, 0.0, 1.0, 0.6540070179142446, 1.0, 0.0, 0.0, 0.0, 0.0, 0.0, 0.0, 0.0]",85795,61314,N3,accept,0.6499999999999999,ts,1063,1
"[0.1666666666666667, -0.1666666666666667, -0.13333333333333333, -0.04, -0.039999999999999994, 0.0, 0.0, 0.0, 1.0, 0.7413502371898478, 1.0, 0.0, 0.0, 0.0, 0.0, 0.0, 0.0, 0.0]",40383,156539,N3,accept,0.4166666666666667,ts,2886,0
"[0.06784660766961652, -0.06784660766961652, 0.0, 0.008450704225352112, 0.05555555555555555, 0.0, 0.0, 0.0, 1.0, 0.7570669937458847, 1.0, 0.0, 0.0, 0.0, 0.0, 0.0, 0.0, 0.0]",143110,43387,N3,accept,0.34749262536873154,ts,1675,1
"[0.1111111111111111, -0.1111111111111111, -0.2028985507246377, -0.6842105263157895, 0.125, 0.0, 0.0, 0.0, 1.0, 0.5795705702918189, 1.0, 0.0, 0.0, 0.0, 0.0, 0.0, 0.0, 0.0]",87177,164892,N3,accept,0.37777777777777777,ts,530,1
"[0.7499999999999999, -0.7499999999999999, -0.008000000000000007, -0.7905982905982906, -0.7547169811320755, 0.0, 0.0, 0.0, 1.0, 0.7131653070236477, 1.0, 0.0, 0.0, 0.0, 0.0, 0.0, 0.0, 0.0]",123829,94324,N3,accept,0.825,ts,879,1
"[0.44999999999999996, -0.44999999999999996, -0.43661971830985913, -0.04878048780487805, -0.48000000000000004, 0.0, 0.0, 0.0, 1.0, 0.6740751174370652, 1.0, 0.0, 0.0, 0.0, 0.0, 0.0, 0.0, 0.0]",43370,30103,N3,accept,0.615,ts,899,1
"[0.09090909090909098, -0.09090909090909098, -0.5683333333333334, 0.012048192771084338, -0.15384615384615385, 0.0, 0.0, 0.0, 1.0, 0.6047584988218198, 1.0, 0.0, 0.0, 0.0, 0.0, 0.0, 0.0, 0.0]",162894,106979,N3,accept,0.36363636363636365,ts,1894,1
"[0.16326530612244894, -0.16326530612244894, 0.0, -0.02601156069364162, -0.4117647058823529, 0.0, 0.0, 0.0, 1.0, 0.7182572044369081, 1.0, 0.0, 0.0, 0.0, 0.0, 0.0, 0.0, 0.0]",63901,63915,N3,accept,0.41428571428571426,ts,981,0
"[0.7843137254901961, -0.7843137254901961, 0.05772136597159252, 0.376, -0.1, 0.0, 0.0, 0.0, 1.0, 0.8283012086055274, 1.0, 0.0, 0.0, 0.0, 0.0, 0.0, 0.0, 0.0]",104691,169335,N3,accept,0.8490196078431371,ts,2503,1
"[0.17647058823529416, -0.17647058823529416, 0.16218749999999993, 0.0, 0.0, 0.0, 0.0, 0.0, 1.0, 0.7592687673659294, 1.0, 0.0, 0.0, 0.0, 0.0, 0.0, 0.0, 0.0]",56819,55412,N3,accept,0.4235294117647059,ts,2989,1
"[0.5, -0.5, -0.28716461203770843, 0.0, 0.0, 0.0, 0.0, 0.0, 1.0, 0.8214037269579653, 1.0, 0.0, 0.0, 0.0, 0.0, 0.0, 0.0, 0.0]",141748,90177,N3,accept,0.6499999999999999,ts,2352,1
"[0.45, -0.45, 0.0, 0.31196581196581197, -0.2830188679245283, 0.0, 0.0, 0.0, 1.0, 0.7626054500386172, 1.0, 0.0, 0.0, 0.0, 0.0, 0.0, 0.0, 0.0]",123829,69980,N3,accept,0.615,ts,2472,1
"[0.21428571428571425, -0.21428571428571425, -0.28709055876685935, 0.06333333333333334, 0.2727272727272727, 0.0, 0.0, 0.0, 1.0, 0.6594235239518802, 1.0, 0.0, 0.0, 0.0, 0.0, 0.0, 0.0, 0.0]",16734,130294,N3,accept,0.44999999999999996,ts,2689,1
"[0.3333333333333333, -0.3333333333333333, -0.08883826879271067, 0.06785714285714285, 0.125, 0.0, 0.0, 0.0, 1.0, 0.7807558518737434, 1.0, 0.0, 0.0, 0.0, 0.0, 0.0, 0.0, 0.0]",128254,104684,N3,accept,0.5333333333333333,ts,2900,1
"[0.20000000000000007, -0.20000000000000007, 0.19142857142857142, -0.04788732394366197, 0.09090909090909091, 0.0, 0.0, 0.0, 1.0, 0.7205734669549364, 1.0, 0.0, 0.0, 0.0, 0.0, 0.0, 0.0, 0.0]",123005,108746,N3,accept,0.44000000000000006,ts,2396,0
"[0.3636363636363637, -0.3636363636363637, 0.0, 0.016713091922005572, 0.25, 0.0, 0.0, 0.0, 1.0, 0.8103249790259089, 1.0, 0.0, 0.0, 0.0, 0.0, 0.0, 0.0, 0.0]",123014,123174,N3,accept,0.5545454545454546,ts,2916,0
"[0.14285714285714288, -0.14285714285714288, -0.06259780907668232, 0.014492753623188406, 0.01626016260162596, 0.0, 0.0, 0.0, 1.0, 0.7701460986980563, 1.0, 0.0, 0.0, 0.0, 0.0, 0.0, 0.0, 0.0]",81462,19869,N3,accept,0.4,ts,1586,0
"[0.02500000000000002, -0.02500000000000002, -0.1863303498779495, 0.02, -0.07999999999999999, 0.0, 0.0, 0.0, 1.0, 0.6690903795112921, 1.0, 0.0, 0.0, 0.0, 0.0, 0.0, 0.0, 0.0]",130426,62540,N3,accept,0.3175,ts,1380,0
"[0.16666666666666663, -0.16666666666666663, -0.27368421052631575, 0.24615384615384617, 0.1, 0.0, 0.0, 0.0, 1.0, 0.6414154389791059, 1.0, 0.0, 0.0, 0.0, 0.0, 0.0, 0.0, 0.0]",87131,146547,N3,accept,0.41666666666666663,ts,2147,1
"[0.20000000000000007, -0.20000000000000007, -0.2716236722306526, -0.017142857142857144, 0.5131578947368421, 0.0, 0.0, 0.0, 1.0, 0.6376929489907578, 1.0, 0.0, 0.0, 0.0, 0.0, 0.0, 0.0, 0.0]",43097,31972,N3,accept,0.44000000000000006,ts,1803,1
"[0.3230769230769231, -0.3230769230769231, -0.0012099213551118918, 1.0, -0.17647058823529413, 0.0, 0.0, 0.0, 1.0, 0.6749942815801884, 1.0, 0.0, 0.0, 0.0, 0.0, 0.0, 0.0, 0.0]",61360,61314,N3,accept,0.5261538461538462,ts,450,0
"[0.65, -0.65, 0.0, 0.0, 0.0, 0.0, 0.0, 0.0, 1.0, 0.9377233209062918, 1.0, 0.0, 0.0, 0.0, 0.0, 0.0, 0.0, 0.0]",30619,30620,N3,accept,0.7549999999999999,ts,2827,0
"[0.19999999999999993, -0.19999999999999993, 0.125, 0.0, 0.0, 0.0, 0.0, 0.0, 1.0, 0.7785883097271787, 1.0, 0.0, 0.0, 0.0, 0.0, 0.0, 0.0, 0.0]",75387,18219,N3,accept,0.43999999999999995,ts,1635,0
"[0.4545454545454546, -0.4545454545454546, -0.375, 0.11781609195402298, 1.0, 0.0, 0.0, 0.0, 1.0, 0.631459319493265, 1.0, 0.0, 0.0, 0.0, 0.0, 0.0, 0.0, 0.0]",31966,107588,N3,accept,0.6181818181818182,ts,1647,1
"[0.25925925925925924, -0.25925925925925924, -0.7192909280500521, -0.18, 0.020000000000000018, 0.0, 0.0, 0.0, 1.0, 0.6388231520555585, 1.0, 0.0, 0.0, 0.0, 0.0, 0.0, 0.0, 0.0]",141707,63997,N3,accept,0.48148148148148145,ts,870,1
"[0.2045454545454546, -0.2045454545454546, -0.666110183639399, 0.019553072625698324, 1.0, 0.0, 0.0, 0.0, 1.0, 0.5366655678938613, 1.0, 0.0, 0.0, 0.0, 0.0, 0.0, 0.0, 0.0]",135481,123174,N3,accept,0.44318181818181823,ts,1751,0
"[0.7499999999999999, -0.7499999999999999, -0.008000000000000007, -0.7905982905982906, -0.7547169811320755, 0.0, 0.0, 0.0, 1.0, 0.7131653070236477, 1.0, 0.0, 0.0, 0.0, 0.0, 0.0, 0.0, 0.0]",123829,94324,N3,accept,0.825,ts,537,1
"[0.12499999999999988, -0.12499999999999988, -0.10764872521246464, 0.0, 0.0, 0.0, 0.0, 0.0, 1.0, 0.7575936139289889, 1.0, 0.0, 0.0, 0.0, 0.0, 0.0, 0.0, 0.0]",180520,180524,N3,accept,0.3874999999999999,ts,1231,1
"[0.65, -0.65, 0.07707129094412332, 0.0, 0.0, 0.0, 0.0, 0.0, 1.0, 0.9091532805586005, 1.0, 0.0, 0.0, 0.0, 0.0, 0.0, 0.0, 0.0]",16722,16731,N3,accept,0.7549999999999999,ts,1527,1
"[0.32307692307692315, -0.32307692307692315, -0.3504736129905278, 0.6216216216216216, 0.45999999999999996, 0.0, 0.0, 0.0, 1.0, 0.564751038605639, 1.0, 0.0, 0.0, 0.0, 0.0, 0.0, 0.0, 0.0]",175208,59424,N3,accept,0.5261538461538462,ts,1773,0
"[0.09999999999999994, -0.09999999999999994, -0.2309859154929577, -0.9540229885057471, -0.9038461538461539, 0.0, 0.0, 0.0, 1.0, 0.4600896146042551, 1.0, 0.0, 0.0, 0.0, 0.0, 0.0, 0.0, 0.0]",91073,16648,N3,accept,0.36999999999999994,ts,1150,1
"[0.9189189189189189, -0.9189189189189189, -0.26862026862026867, 0.0948905109489051, -0.08333333333333333, 0.0, 0.0, 0.0, 1.0, 0.8380619106054497, 1.0, 0.0, 0.0, 0.0, 0.0, 0.0, 0.0, 0.0]",130295,16729,N3,accept,0.9432432432432432,ts,2389,1
"[0.4485294117647059, -0.4485294117647059, 0.2013333333333333, -0.21903052064631956, -0.38461538461538464, 0.0, 0.0, 0.0, 1.0, 0.6967090570352744, 1.0, 0.0, 0.0, 0.0, 0.0, 0.0, 0.0, 0.0]",29970,155692,N3,accept,0.6139705882352942,ts,1779,0
"[0.5151515151515151, -0.5151515151515151, -0.060150375939849676, 0.1076923076923077, -0.07142857142857142, 0.0, 0.0, 0.0, 1.0, 0.8404252540200962, 1.0, 0.0, 0.0, 0.0, 0.0, 0.0, 0.0, 0.0]",90175,90182,N3,accept,0.6606060606060606,ts,1588,0
"[0.28476821192052976, -0.28476821192052976, 0.0, -0.021806853582554516, -0.4166666666666667, 0.0, 0.0, 0.0, 1.0, 0.7595229641394782, 1.0, 0.0, 0.0, 0.0, 0.0, 0.0, 0.0, 0.0]",103704,145523,N3,accept,0.49933774834437084,ts,443,0
"[0.2045454545454546, -0.2045454545454546, 0.07719799857040743, -0.0056657223796034, -0.06666666666666667, 0.0, 0.0, 0.0, 1.0, 0.7753573266178757, 1.0, 0.0, 0.0, 0.0, 0.0, 0.0, 0.0, 0.0]",88669,74278,N3,accept,0.44318181818181823,ts,2450,0
"[0.09090909090909098, -0.09090909090909098, -0.3736951983298538, -0.08522727272727272, -0.08333333333333333, 0.0, 0.0, 0.0, 1.0, 0.6320658038404304, 1.0, 0.0, 0.0, 0.0, 0.0, 0.0, 0.0, 0.0]",110877,43089,N3,accept,0.36363636363636365,ts,2120,1
"[0.36000000000000004, -0.36000000000000004, -0.4794794794794795, -0.5260869565217391, 0.3684210526315789, 0.0, 0.0, 0.0, 1.0, 0.5740754538673325, 1.0, 0.0, 0.0, 0.0, 0.0, 0.0, 0.0, 0.0]",191334,169893,N3,accept,0.552,ts,2135,1
"[0.4235294117647059, -0.4235294117647059, 0.0, 0.12280701754385964, -0.11999999999999997, 0.0, 0.0, 0.0, 1.0, 0.8257495045499188, 1.0, 0.0, 0.0, 0.0, 0.0, 0.0, 0.0, 0.0]",87407,125786,N3,accept,0.5964705882352941,ts,2576,0
"[0.2, -0.2, 0.10110110110110104, -0.6043478260869565, 0.05263157894736842, 0.0, 0.0, 0.0, 1.0, 0.6660152152276981, 1.0, 0.0, 0.0, 0.0, 0.0, 0.0, 0.0, 0.0]",191334,127600,N3,accept,0.43999999999999995,ts,1742,0
"[0.27272727272727276, -0.27272727272727276, -0.36066666666666664, 0.6388888888888888, -0.25, 0.0, 0.0, 0.0, 1.0, 0.5769238404291309, 1.0, 0.0, 0.0, 0.0, 0.0, 0.0, 0.0, 0.0]",56406,185391,N3,accept,0.4909090909090909,ts,1728,1
"[0.46428571428571425, -0.46428571428571425, 0.15714899098325463, -0.05, -0.17272727272727276, 0.0, 0.0, 0.0, 1.0, 0.7884946537760977, 1.0, 0.0, 0.0, 0.0, 0.0, 0.0, 0.0, 0.0]",141736,63943,N3,accept,0.625,ts,1467,0
"[0.11999999999999993, -0.11999999999999993, -0.2222222222222222, 0.0056657223796034, -0.21428571428571427, 0.0, 0.0, 0.0, 1.0, 0.6687820304825338, 1.0, 0.0, 0.0, 0.0, 0.0, 0.0, 0.0, 0.0]",107307,123005,N3,accept,0.38399999999999995,ts,2469,1
"[0.09090909090909098, -0.09090909090909098, 0.0, -0.06666666666666667, -0.15384615384615385, 0.0, 0.0, 0.0, 1.0, 0.7254283817143667, 1.0, 0.0, 0.0, 0.0, 0.0, 0.0, 0.0, 0.0]",43134,43090,N3,accept,0.36363636363636365,ts,2286,1
"[0.11999999999999993, -0.11999999999999993, -0.6988391376451079, -0.017094017094017096, -0.14285714285714285, 0.0, 0.0, 0.0, 1.0, 0.6016343088459305, 1.0, 0.0, 0.0, 0.0, 0.0, 0.0, 0.0, 0.0]",15535,123207,N3,accept,0.38399999999999995,ts,2663,1
"[0.20000000000000007, -0.20000000000000007, 0.17909090909090916, -0.10160427807486631, 0.36363636363636365, 0.0, 0.0, 0.0, 1.0, 0.6575173146638584, 1.0, 0.0, 0.0, 0.0, 0.0, 0.0, 0.0, 0.0]",89763,107458,N3,accept,0.44000000000000006,ts,1871,0
"[0.3321428571428571, -0.3321428571428571, -0.026620059155686878, 0.0, 0.0, 0.0, 0.0, 0.0, 1.0, 0.8548083702692812, 1.0, 0.0, 0.0, 0.0, 0.0, 0.0, 0.0, 0.0]",55412,15139,N3,accept,0.5325,ts,613,1
"[0.296, -0.296, 0.0670731707317074, -0.4745098039215686, -0.3684210526315789, 0.0, 0.0, 0.0, 1.0, 0.6589925532036104, 1.0, 0.0, 0.0, 0.0, 0.0, 0.0, 0.0, 0.0]",155668,92135,N3,accept,0.5072,ts,837,1
"[0.61, -0.61, -0.2748368382886149, 0.0, 0.0, 0.0, 0.0, 0.0, 1.0, 0.8463084860816608, 1.0, 0.0, 0.0, 0.0, 0.0, 0.0, 0.0, 0.0]",141769,93850,N3,accept,0.727,ts,2072,1
"[0.8287671232876712, -0.8287671232876712, -0.4378513429106809, 0.008450704225352112, 0.5, 0.0, 0.0, 0.0, 1.0, 0.74756979796282, 1.0, 0.0, 0.0, 0.0, 0.0, 0.0, 0.0, 0.0]",43388,151849,N3,accept,0.8801369863013697,ts,2563,1
"[0.11999999999999993, -0.11999999999999993, -0.1, -0.002824858757062147, 0.07692307692307693, 0.0, 0.0, 0.0, 1.0, 0.7360318873379594, 1.0, 0.0, 0.0, 0.0, 0.0, 0.0, 0.0, 0.0]",108827,87721,N3,accept,0.38399999999999995,ts,1829,1
"[0.10000000000000009, -0.10000000000000009, -0.2588235294117647, -0.975, -0.52, 0.0, 0.0, 0.0, 1.0, 0.48076478481180795, 1.0, 0.0, 0.0, 0.0, 0.0, 0.0, 0.0, 0.0]",91074,16650,N3,accept,0.37000000000000005,ts,1877,0
"[0.2, -0.2, -0.1303083187899943, -0.20642201834862386, 0.17647058823529413, 0.0, 0.0, 0.0, 1.0, 0.6816010089954423, 1.0, 0.0, 0.0, 0.0, 0.0, 0.0, 0.0, 0.0]",81396,158410,N3,accept,0.43999999999999995,ts,2153,1
"[0.55, -0.55, -0.2548571428571429, -0.48467966573816157, -0.24000000000000005, 0.0, 0.0, 0.0, 1.0, 0.689295366053959, 1.0, 0.0, 0.0, 0.0, 0.0, 0.0, 0.0, 0.0]",85164,128279,N3,accept,0.685,ts,2746,1
"[0.3636363636363637, -0.3636363636363637, 0.0027777777777778173, -0.017142857142857144, 1.0, 0.0, 0.0, 0.0, 1.0, 0.7185981528177577, 1.0, 0.0, 0.0, 0.0, 0.0, 0.0, 0.0, 0.0]",30105,123439,N3,accept,0.5545454545454546,ts,2396,0
"[0.9228571428571429, -0.9228571428571429, -0.2761430511543685, 0.09016393442622951, -0.4583333333333333, 0.0, 0.0, 0.0, 1.0, 0.770830210491008, 1.0, 0.0, 0.0, 0.0, 0.0, 0.0, 0.0, 0.0]",81541,128247,N3,accept,0.946,ts,1022,0
"[0.6428571428571429, -0.6428571428571429, -0.5994993742177722, 0.24481327800829875, 0.1, 0.0, 0.0, 0.0, 1.0, 0.71158268971853, 1.0, 0.0, 0.0, 0.0, 0.0, 0.0, 0.0, 0.0]",16682,60783,N3,accept,0.75,ts,2630,1
"[0.16666666666666663, -0.16666666666666663, 0.0612765957446809, -0.11475409836065574, -0.45999999999999996, 0.0, 0.0, 0.0, 1.0, 0.6671779591632033, 1.0, 0.0, 0.0, 0.0, 0.0, 0.0, 0.0, 0.0]",83437,185708,N3,accept,0.41666666666666663,ts,1925,0
"[0.55, -0.55, 0.11470588235294113, -0.05, -0.17272727272727276, 0.0, 0.0, 0.0, 1.0, 0.8203561366987663, 1.0, 0.0, 0.0, 0.0, 0.0, 0.0, 0.0, 0.0]",115238,49005,N3,accept,0.685,ts,2369,0
"[0.7066666666666667, -0.7066666666666667, -0.32058669460450495, -0.6359696641386782, 1.0, 0.0, 0.0, 0.0, 1.0, 0.5942515927491528, 1.0, 0.0, 0.0, 0.0, 0.0, 0.0, 0.0, 0.0]",185512,107554,N3,accept,0.7946666666666666,ts,2936,1
"[0.1538461538461538, -0.1538461538461538, 0.0, 0.0, 0.0, 0.0, 0.0, 0.0, 1.0, 0.806689539231263, 1.0, 0.0, 0.0, 0.0, 0.0, 0.0, 0.0, 0.0]",93850,93864,N3,accept,0.40769230769230763,ts,868,0
"[0.3, -0.3, 0.0, -0.3898305084745763, 0.3333333333333333, 0.0, 0.0, 0.0, 1.0, 0.7012715335944975, 1.0, 0.0, 0.0, 0.0, 0.0, 0.0, 0.0, 0.0]",185391,55915,N3,accept,0.51,ts,2151,1
"[0.6454545454545454, -0.6454545454545454, -0.375, -0.24528301886792453, -0.039999999999999994, 0.0, 0.0, 0.0, 1.0, 0.761758774271547, 1.0, 0.0, 0.0, 0.0, 0.0, 0.0, 0.0, 0.0]",122719,81568,N3,accept,0.7518181818181817,ts,1206,0
"[0.7999999999999999, -0.7999999999999999, -0.34188034188034194, 0.2737226277372263, 0.25, 0.0, 0.0, 0.0, 1.0, 0.7371001676442585, 1.0, 0.0, 0.0, 0.0, 0.0, 0.0, 0.0, 0.0]",130295,63922,N3,accept,0.8599999999999999,ts,847,1
"[0.7411764705882353, -0.7411764705882353, 0.08428571428571437, 0.1450381679389313, 0.047619047619047616, 0.0, 0.0, 0.0, 1.0, 0.8687499420608743, 1.0, 0.0, 0.0, 0.0, 0.0, 0.0, 0.0, 0.0]",104680,85794,N3,accept,0.8188235294117647,ts,1071,0
"[0.34, -0.34, 0.14848484848484844, -0.5246376811594203, -0.07999999999999999, 0.0, 0.0, 0.0, 1.0, 0.6964498867791362, 1.0, 0.0, 0.0, 0.0, 0.0, 0.0, 0.0, 0.0]",19594,110035,N3,accept,0.538,ts,2344,0
"[0.09090909090909098, -0.09090909090909098, -0.45196211096075783, -0.03225806451612903, 0.0, 0.0, 0.0, 0.0, 1.0, 0.6555047740075687, 1.0, 0.0, 0.0, 0.0, 0.0, 0.0, 0.0, 0.0]",30023,142494,N3,accept,0.36363636363636365,ts,2268,1
"[0.20000000000000007, -0.20000000000000007, -0.20398009950248752, -0.019943019943019943, -0.17857142857142858, 0.0, 0.0, 0.0, 1.0, 0.7049149435130062, 1.0, 0.0, 0.0, 0.0, 0.0, 0.0, 0.0, 0.0]",151840,31972,N3,accept,0.44000000000000006,ts,1328,1
"[0.25000000000000006, -0.25000000000000006, -0.06666666666666667, 0.52, -0.25999999999999995, 0.0, 0.0, 0.0, 1.0, 0.6568202978856322, 1.0, 0.0, 0.0, 0.0, 0.0, 0.0, 0.0, 0.0]",18330,118798,N3,accept,0.475,ts,1131,1
"[0.2, -0.2, 0.10110110110110104, -0.6043478260869565, 0.05263157894736842, 0.0, 0.0, 0.0, 1.0, 0.6660152152276981, 1.0, 0.0, 0.0, 0.0, 0.0, 0.0, 0.0, 0.0]",191335,127600,N3,accept,0.43999999999999995,ts,2494,0
"[0.16666666666666666, -0.16666666666666666, -0.14571428571428577, 1.0, -0.18, 0.0, 0.0, 0.0, 1.0, 0.575008397044129, 1.0, 0.0, 0.0, 0.0, 0.0, 0.0, 0.0, 0.0]",39888,132804,N3,accept,0.41666666666666663,ts,2259,1
"[0.33333333333333326, -0.33333333333333326, 0.06982156710628383, 0.0, 0.0, 0.0, 0.0, 0.0, 1.0, 0.8394629963098825, 1.0, 0.0, 0.0, 0.0, 0.0, 0.0, 0.0, 0.0]",90178,141753,N3,accept,0.5333333333333332,ts,2556,1
"[0.28571428571428575, -0.28571428571428575, 0.0, 0.11363636363636363, 0.0, 0.0, 0.0, 0.0, 1.0, 0.820537205423484, 1.0, 0.0, 0.0, 0.0, 0.0, 0.0, 0.0, 0.0]",170134,127333,N3,accept,0.5,ts,2933,0
"[0.13333333333333333, -0.13333333333333333, 0.0, 0.0, 0.0, 0.0, 0.0, 0.0, 1.0, 0.799343830056226, 1.0, 0.0, 0.0, 0.0, 0.0, 0.0, 0.0, 0.0]",93851,93856,N3,accept,0.3933333333333333,ts,1220,0
"[0.5636363636363637, -0.5636363636363637, 0.07142857142857142, -0.022535211267605635, 1.0, 0.0, 0.0, 0.0, 1.0, 0.7592372348838375, 1.0, 0.0, 0.0, 0.0, 0.0, 0.0, 0.0, 0.0]",123018,107659,N3,accept,0.6945454545454546,ts,2257,1
"[0.648, -0.648, -0.07290922087205143, 0.20430107526881722, 1.0, 0.0, 0.0, 0.0, 1.0, 0.7122272102350174, 1.0, 0.0, 0.0, 0.0, 0.0, 0.0, 0.0, 0.0]",185581,107458,N3,accept,0.7536,ts,966,1
"[0.3359073359073359, -0.3359073359073359, 0.0589101620029455, -0.3042168674698795, 0.21739130434782608, 0.0, 0.0, 0.0, 1.0, 0.7227993957339441, 1.0, 0.0, 0.0, 0.0, 0.0, 0.0, 0.0, 0.0]",61096,20076,N3,accept,0.5351351351351351,ts,2562,1
"[0.20000000000000007, -0.20000000000000007, -0.44676616915422884, -0.037037037037037035, -0.14285714285714285, 0.0, 0.0, 0.0, 1.0, 0.6566817302886288, 1.0, 0.0, 0.0, 0.0, 0.0, 0.0, 0.0, 0.0]",15532,108746,N3,accept,0.44000000000000006,ts,2252,1
"[0.25, -0.25, -0.7625099285146941, -0.32338308457711445, -0.984375, 0.0, 0.0, 0.0, 1.0, 0.48261789721960435, 1.0, 0.0, 0.0, 0.0, 0.0, 0.0, 0.0, 0.0]",127415,134921,N3,accept,0.475,ts,1077,1
"[0.2, -0.2, -0.1442857142857143, -0.6038961038961039, 0.35714285714285715, 0.0, 0.0, 0.0, 1.0, 0.5909545125854885, 1.0, 0.0, 0.0, 0.0, 0.0, 0.0, 0.0, 0.0]",55744,185524,N3,accept,0.43999999999999995,ts,1996,1
"[0.06086956521739117, -0.06086956521739117, 0.1509433962264151, -0.002849002849002849, 0.07142857142857142, 0.0, 0.0, 0.0, 1.0, 0.6998266361785278, 1.0, 0.0, 0.0, 0.0, 0.0, 0.0, 0.0, 0.0]",39517,15687,N3,accept,0.3426086956521738,ts,798,0
"[0.14, -0.14, -0.02666666666666673, 0.0625, -0.1, 0.0, 0.0, 0.0, 1.0, 0.7465385609804288, 1.0, 0.0, 0.0, 0.0, 0.0, 0.0, 0.0, 0.0]",141632,69993,N3,accept,0.398,ts,2827,0
"[0.14285714285714285, -0.14285714285714285, -0.22002781641168298, -0.12468193384223919, -0.2, 0.0, 0.0, 0.0, 1.0, 0.6490088231727124, 1.0, 0.0, 0.0, 0.0, 0.0, 0.0, 0.0, 0.0]",110096,116466,N3,accept,0.39999999999999997,ts,2303,1
"[0.3032258064516129, -0.3032258064516129, -0.046875, -0.002849002849002849, 0.07142857142857142, 0.0, 0.0, 0.0, 1.0, 0.817748560930307, 1.0, 0.0, 0.0, 0.0, 0.0, 0.0, 0.0, 0.0]",15686,15687,N3,accept,0.512258064516129,ts,587,0
"[0.4105263157894737, -0.4105263157894737, 0.047499999999999966, 1.0, 0.45999999999999996, 0.0, 0.0, 0.0, 1.0, 0.6367898999026158, 1.0, 0.0, 0.0, 0.0, 0.0, 0.0, 0.0, 0.0]",174924,33276,N3,accept,0.5873684210526315,ts,1922,1
"[0.64, -0.64, -0.2748368382886149, 0.0, 0.0, 0.0, 0.0, 0.0, 1.0, 0.8514968395083672, 1.0, 0.0, 0.0, 0.0, 0.0, 0.0, 0.0, 0.0]",141772,174745,N3,accept,0.748,ts,1311,1
"[0.19999999999999993, -0.19999999999999993, -0.25, 0.0, 0.0, 0.0, 0.0, 0.0, 1.0, 0.7441342850554244, 1.0, 0.0, 0.0, 0.0, 0.0, 0.0, 0.0, 0.0]",18185,18219,N3,accept,0.43999999999999995,ts,1465,1
"[0.2, -0.2, -0.2506265664160401, -0.2445414847161572, 0.25, 0.0, 0.0, 0.0, 1.0, 0.6269402338697947, 1.0, 0.0, 0.0, 0.0, 0.0, 0.0, 0.0, 0.0]",185375,158410,N3,accept,0.43999999999999995,ts,1210,1
"[0.8529411764705882, -0.8529411764705882, -0.04643035446829754, 1.0, 0.17647058823529413, 0.0, 0.0, 0.0, 1.0, 0.7541432959327772, 1.0, 0.0, 0.0, 0.0, 0.0, 0.0, 0.0, 0.0]",107861,146668,N3,accept,0.8970588235294117,ts,1965,1
"[0.5636363636363637, -0.5636363636363637, -0.4372509960159363, -0.033426183844011144, 0.76, 0.0, 0.0, 0.0, 1.0, 0.678692547306891, 1.0, 0.0, 0.0, 0.0, 0.0, 0.0, 0.0, 0.0]",30202,108828,N3,accept,0.6945454545454546,ts,2681,1
"[0.10000000000000007, -0.10000000000000007, 0.06963706107996458, 0.0, 0.0, 0.0, 0.0, 0.0, 1.0, 0.7612191608786749, 1.0, 0.0, 0.0, 0.0, 0.0, 0.0, 0.0, 0.0]",134112,134111,N3,accept,0.37000000000000005,ts,2806,1
"[0.14, -0.14, -0.39014202172096907, 0.0, 0.0, 0.0, 0.0, 0.0, 1.0, 0.6933967894472572, 1.0, 0.0, 0.0, 0.0, 0.0, 0.0, 0.0, 0.0]",72623,69993,N3,accept,0.398,ts,978,1
"[0.16666666666666663, -0.16666666666666663, 0.11098779134295228, -0.11282051282051282, -0.020000000000000018, 0.0, 0.0, 0.0, 1.0, 0.7352357426409654, 1.0, 0.0, 0.0, 0.0, 0.0, 0.0, 0.0, 0.0]",83435,87100,N3,accept,0.41666666666666663,ts,2499,0
"[0.8727272727272728, -0.8727272727272728, -0.2159090909090909, 0.28, 0.06000000000000001, 0.0, 0.0, 0.0, 1.0, 0.8145962118246265, 1.0, 0.0, 0.0, 0.0, 0.0, 0.0, 0.0, 0.0]",122718,82101,N3,accept,0.9109090909090909,ts,2921,1
"[0.07692307692307684, -0.07692307692307684, -0.1872881355932203, 0.3867924528301887, -0.22727272727272727, 0.0, 0.0, 0.0, 1.0, 0.5806488195218563, 1.0, 0.0, 0.0, 0.0, 0.0, 0.0, 0.0, 0.0]",169794,115240,N3,accept,0.35384615384615375,ts,1658,1
"[0.20000000000000007, -0.20000000000000007, -0.006303915063039193, 0.019943019943019943, -0.5, 0.0, 0.0, 0.0, 1.0, 0.7196391729676981, 1.0, 0.0, 0.0, 0.0, 0.0, 0.0, 0.0, 0.0]",74279,135482,N3,accept,0.44000000000000006,ts,587,1
"[0.19999999999999993, -0.19999999999999993, 0.041666666666666664, 0.0, 0.0, 0.0, 0.0, 0.0, 1.0, 0.8068370360387624, 1.0, 0.0, 0.0, 0.0, 0.0, 0.0, 0.0, 0.0]",18185,82489,N3,accept,0.43999999999999995,ts,2342,0
"[0.32, -0.32, -0.4735294117647059, -0.24, -0.020000000000000018, 0.0, 0.0, 0.0, 1.0, 0.6760728614958348, 1.0, 0.0, 0.0, 0.0, 0.0, 0.0, 0.0, 0.0]",104417,63626,N3,accept,0.524,ts,2968,1
"[0.28571428571428575, -0.28571428571428575, 0.23592419664927214, 0.4583333333333333, -0.1, 0.0, 0.0, 0.0, 1.0, 0.658588363112707, 1.0, 0.0, 0.0, 0.0, 0.0, 0.0, 0.0, 0.0]",139086,127333,N3,accept,0.5,ts,526,0
"[0.20000000000000007, -0.20000000000000007, -0.005644090305444944, -0.002785515320334262, -0.44, 0.0, 0.0, 0.0, 1.0, 0.7319673170502825, 1.0, 0.0, 0.0, 0.0, 0.0, 0.0, 0.0, 0.0]",30202,135483,N3,accept,0.44000000000000006,ts,2543,1
"[0.45, -0.45, 0.0003029385034839478, 0.5421245421245421, 0.21739130434782608, 0.0, 0.0, 0.0, 1.0, 0.7447778267558439, 1.0, 0.0, 0.0, 0.0, 0.0, 0.0, 0.0, 0.0]",120787,61314,N3,accept,0.615,ts,2496,1
"[0.25, -0.25, 0.0, -0.008595988538681949, 0.08695652173913043, 0.0, 0.0, 0.0, 1.0, 0.8130880893622596, 1.0, 0.0, 0.0, 0.0, 0.0, 0.0, 0.0, 0.0]",57106,117045,N3,accept,0.475,ts,2751,0
"[0.12280701754385964, -0.12280701754385964, -0.6153846153846154, 0.5263157894736842, -0.4, 0.0, 0.0, 0.0, 1.0, 0.47370431702429144, 1.0, 0.0, 0.0, 0.0, 0.0, 0.0, 0.0, 0.0]",187197,167155,N3,accept,0.38596491228070173,ts,1442,1
"[0.050000000000000044, -0.050000000000000044, 0.23767935121646902, 0.28, -0.21999999999999997, 0.0, 0.0, 0.0, 1.0, 0.5753341503687988, 1.0, 0.0, 0.0, 0.0, 0.0, 0.0, 0.0, 0.0]",115984,94324,N3,accept,0.335,ts,1737,0
"[0.15999999999999998, -0.15999999999999998, 0.0, 0.0, 0.0, 0.0, 0.0, 0.0, 1.0, 0.8088739373846245, 1.0, 0.0, 0.0, 0.0, 0.0, 0.0, 0.0, 0.0]",16728,16731,N3,accept,0.412,ts,2787,0
"[0.36000000000000004, -0.36000000000000004, -0.2846924177396281, 1.0, 1.0, 0.0, 0.0, 0.0, 1.0, 0.4889611136768929, 1.0, 0.0, 0.0, 0.0, 0.0, 0.0, 0.0, 0.0]",106727,40487,N3,accept,0.552,ts,1549,1
"[0.10245901639344263, -0.10245901639344263, -0.08326394671107411, 0.014285714285714285, -0.1111111111111111, 0.0, 0.0, 0.0, 1.0, 0.7233278320128769, 1.0, 0.0, 0.0, 0.0, 0.0, 0.0, 0.0, 0.0]",64290,64291,N3,accept,0.3717213114754098,ts,1811,1
"[0.25, -0.25, 0.15830115830115837, 0.02976190476190476, 0.13636363636363635, 0.0, 0.0, 0.0, 1.0, 0.7408404640993043, 1.0, 0.0, 0.0, 0.0, 0.0, 0.0, 0.0, 0.0]",106979,117045,N3,accept,0.475,ts,834,0
"[0.047619047619047505, -0.047619047619047505, -0.2506265664160401, 0.06, 0.0, 0.0, 0.0, 0.0, 1.0, 0.6720191153766939, 1.0, 0.0, 0.0, 0.0, 0.0, 0.0, 0.0, 0.0]",111106,54434,N3,accept,0.33333333333333326,ts,1789,1
"[0.28476821192052976, -0.28476821192052976, 0.0, -0.021806853582554516, -0.4166666666666667, 0.0, 0.0, 0.0, 1.0, 0.7595229641394782, 1.0, 0.0, 0.0, 0.0, 0.0, 0.0, 0.0, 0.0]",103704,145523,N3,accept,0.49933774834437084,ts,1006,0
"[0.217741935483871, -0.217741935483871, -0.3216708318457694, 0.03003003003003003, 0.0, 0.0, 0.0, 0.0, 1.0, 0.7252313731850552, 1.0, 0.0, 0.0, 0.0, 0.0, 0.0, 0.0, 0.0]",89601,104962,N3,accept,0.45241935483870965,ts,1560,1
"[0.047619047619047505, -0.047619047619047505, 0.0, 0.0, 0.0, 0.0, 0.0, 0.0, 1.0, 0.7678268354169857, 1.0, 0.0, 0.0, 0.0, 0.0, 0.0, 0.0, 0.0]",111106,85228,N3,accept,0.33333333333333326,ts,2832,1
"[0.8714285714285714, -0.8714285714285714, -0.31282586027111575, 0.7355371900826446, 0.55, 0.0, 0.0, 0.0, 1.0, 0.6572526633932373, 1.0, 0.0, 0.0, 0.0, 0.0, 0.0, 0.0, 0.0]",56538,170138,N3,accept,0.9099999999999999,ts,2702,1
"[0.10714285714285708, -0.10714285714285708, -0.2935429056924384, -0.25671641791044775, -0.28, 0.0, 0.0, 0.0, 1.0, 0.5764722103585493, 1.0, 0.0, 0.0, 0.0, 0.0, 0.0, 0.0, 0.0]",87090,52481,N3,accept,0.37499999999999994,ts,2286,1
"[0.01111111111111112, -0.01111111111111112, -0.06604402935290195, -0.21518987341772153, -0.13999999999999999, 0.0, 0.0, 0.0, 1.0, 0.6403259248577577, 1.0, 0.0, 0.0, 0.0, 0.0, 0.0, 0.0, 0.0]",155616,79360,N3,accept,0.30777777777777776,ts,634,0
"[0.6848739495798319, -0.6848739495798319, 0.04796274738067509, -0.028469750889679714, 0.6428571428571429, 0.0, 0.0, 0.0, 1.0, 0.8080788795916292, 1.0, 0.0, 0.0, 0.0, 0.0, 0.0, 0.0, 0.0]",84577,120796,N3,accept,0.7794117647058822,ts,2719,1
"[0.19999999999999998, -0.19999999999999998, -0.08869814020028616, 0.001579778830963665, 0.0, 0.0, 0.0, 0.0, 1.0, 0.7898445383035263, 1.0, 0.0, 0.0, 0.0, 0.0, 0.0, 0.0, 0.0]",19708,19715,N3,accept,0.43999999999999995,ts,1523,0
"[0.25, -0.25, -0.311875, -0.4120603015075377, 0.030303030303030304, 0.0, 0.0, 0.0, 1.0, 0.6537477070114778, 1.0, 0.0, 0.0, 0.0, 0.0, 0.0, 0.0, 0.0]",69111,146728,N3,accept,0.475,ts,1965,1
"[0.09090909090909098, -0.09090909090909098, -0.050632911392405104, 0.05027932960893855, 0.0, 0.0, 0.0, 0.0, 1.0, 0.7502695270507119, 1.0, 0.0, 0.0, 0.0, 0.0, 0.0, 0.0, 0.0]",111011,151841,N3,accept,0.36363636363636365,ts,1933,1
"[0.52, -0.52, 0.11648223645894, 0.0, 0.0, 0.0, 0.0, 0.0, 1.0, 0.8716130198763568, 1.0, 0.0, 0.0, 0.0, 0.0, 0.0, 0.0, 0.0]",142501,54196,N3,accept,0.6639999999999999,ts,2435,0
"[0.20000000000000007, -0.20000000000000007, 0.11199999999999997, 1.0, 1.0, 0.0, 0.0, 0.0, 1.0, 0.5025553191899905, 1.0, 0.0, 0.0, 0.0, 0.0, 0.0, 0.0, 0.0]",142264,108746,N3,accept,0.44000000000000006,ts,1167,1
"[0.8054054054054054, -0.8054054054054054, -0.3663003663003664, 0.0948905109489051, -0.08333333333333333, 0.0, 0.0, 0.0, 1.0, 0.8062025261134123, 1.0, 0.0, 0.0, 0.0, 0.0, 0.0, 0.0, 0.0]",130295,16722,N3,accept,0.8637837837837836,ts,2247,1
"[0.25000000000000006, -0.25000000000000006, 0.17647058823529413, -0.1, 0.019999999999999973, 0.0, 0.0, 0.0, 1.0, 0.7470410829548414, 1.0, 0.0, 0.0, 0.0, 0.0, 0.0, 0.0, 0.0]",18279,37985,N3,accept,0.475,ts,1394,0
"[0.24999999999999994, -0.24999999999999994, -0.5759117896522477, -0.1375, 0.0, 0.0, 0.0, 0.0, 1.0, 0.6667371447270449, 1.0, 0.0, 0.0, 0.0, 0.0, 0.0, 0.0, 0.0]",85441,151793,N3,accept,0.475,ts,1367,0
"[0.18831168831168835, -0.18831168831168835, 0.0, 0.15942028985507245, 0.18, 0.0, 0.0, 0.0, 1.0, 0.732496988669393, 1.0, 0.0, 0.0, 0.0, 0.0, 0.0, 0.0, 0.0]",151793,85224,N3,accept,0.4318181818181818,ts,716,0
"[0.5599999999999999, -0.5599999999999999, -0.0027700831024931143, 0.01744186046511628, -0.7413793103448276, 0.0, 0.0, 0.0, 1.0, 0.7992565395294952, 1.0, 0.0, 0.0, 0.0, 0.0, 0.0, 0.0, 0.0]",123511,30082,N3,accept,0.692,ts,957,1
"[0.3636363636363637, -0.3636363636363637, 0.0, 0.039886039886039885, 0.15384615384615385, 0.0, 0.0, 0.0, 1.0, 0.8230466725244279, 1.0, 0.0, 0.0, 0.0, 0.0, 0.0, 0.0, 0.0]",123002,123174,N3,accept,0.5545454545454546,ts,1011,0
"[0.4, -0.4, -0.18209408194233698, 0.0, 0.0, 0.0, 0.0, 0.0, 1.0, 0.8232144824729183, 1.0, 0.0, 0.0, 0.0, 0.0, 0.0, 0.0, 0.0]",49870,147380,N3,accept,0.58,ts,2453,1
"[0.20000000000000007, -0.20000000000000007, -0.44676616915422884, -0.0584958217270195, -0.04, 0.0, 0.0, 0.0, 1.0, 0.6765760464594579, 1.0, 0.0, 0.0, 0.0, 0.0, 0.0, 0.0, 0.0]",30201,108746,N3,accept,0.44000000000000006,ts,1124,1
"[0.6153846153846154, -0.6153846153846154, 0.11299709020368566, -0.04, -0.020000000000000018, 0.0, 0.0, 0.0, 1.0, 0.8739678605030003, 1.0, 0.0, 0.0, 0.0, 0.0, 0.0, 0.0, 0.0]",145085,113027,N3,accept,0.7307692307692308,ts,2050,1
"[0.5714285714285715, -0.5714285714285715, 0.0, 0.0, 0.0, 0.0, 0.0, 0.0, 1.0, 0.9236956675786846, 1.0, 0.0, 0.0, 0.0, 0.0, 0.0, 0.0, 0.0]",37993,60788,N3,accept,0.7,ts,2257,0
"[0.712, -0.712, -0.5778364116094986, -0.5372340425531915, -0.33999999999999997, 0.0, 0.0, 0.0, 1.0, 0.6373602087318739, 1.0, 0.0, 0.0, 0.0, 0.0, 0.0, 0.0, 0.0]",84106,106004,N3,accept,0.7984,ts,2238,1
"[0.6428571428571428, -0.6428571428571428, -0.12616822429906538, -0.13134328358208955, -0.04, 0.0, 0.0, 0.0, 1.0, 0.8457571475447013, 1.0, 0.0, 0.0, 0.0, 0.0, 0.0, 0.0, 0.0]",87090,29663,N3,accept,0.7499999999999999,ts,555,1
"[0.8151260504201681, -0.8151260504201681, 0.14058721934369617, 0.6068702290076335, 0.12, 0.0, 0.0, 0.0, 1.0, 0.7736475057491955, 1.0, 0.0, 0.0, 0.0, 0.0, 0.0, 0.0, 0.0]",61358,61314,N3,accept,0.8705882352941177,ts,581,1
"[0.5, -0.5, -0.2967213114754098, 0.0, 0.0, 0.0, 0.0, 0.0, 1.0, 0.8192716832933844, 1.0, 0.0, 0.0, 0.0, 0.0, 0.0, 0.0, 0.0]",85446,85230,N3,accept,0.6499999999999999,ts,1451,1
"[0.09090909090909098, -0.09090909090909098, 0.0, -0.07204610951008646, -0.08333333333333333, 0.0, 0.0, 0.0, 1.0, 0.7407246055659577, 1.0, 0.0, 0.0, 0.0, 0.0, 0.0, 0.0, 0.0]",43107,43089,N3,accept,0.36363636363636365,ts,1891,1
"[0.3636363636363637, -0.3636363636363637, 0.0, 0.061046511627906974, 0.0, 0.0, 0.0, 0.0, 1.0, 0.8570363402900383, 1.0, 0.0, 0.0, 0.0, 0.0, 0.0, 0.0, 0.0]",123043,123174,N3,accept,0.5545454545454546,ts,1150,0
"[0.09090909090909098, -0.09090909090909098, 0.23166666666666677, 0.10240963855421686, -0.8615384615384615, 0.0, 0.0, 0.0, 1.0, 0.5587143223141534, 1.0, 0.0, 0.0, 0.0, 0.0, 0.0, 0.0, 0.0]",162894,189368,N3,accept,0.36363636363636365,ts,1793,0
"[0.023255813953488393, -0.023255813953488393, 0.03894297635605003, 0.0, -0.03571428571428571, 0.0, 0.0, 0.0, 1.0, 0.7333907959334611, 1.0, 0.0, 0.0, 0.0, 0.0, 0.0, 0.0, 0.0]",20076,20077,N3,accept,0.31627906976744186,ts,2938,0
"[0.5748571428571428, -0.5748571428571428, 0.0, -0.024734982332155476, 0.0, 0.0, 0.0, 0.0, 1.0, 0.9171184257932178, 1.0, 0.0, 0.0, 0.0, 0.0, 0.0, 0.0, 0.0]",63899,63937,N3,accept,0.7023999999999999,ts,2063,0
"[0.46153846153846156, -0.46153846153846156, -0.7849624060150376, -0.256, 0.33999999999999997, 0.0, 0.0, 0.0, 1.0, 0.6073646963417112, 1.0, 0.0, 0.0, 0.0, 0.0, 0.0, 0.0, 0.0]",110599,85230,N3,accept,0.6230769230769231,ts,1950,0
"[0.3939393939393939, -0.3939393939393939, -0.24582967515364354, -0.0948509485094851, -0.75, 0.0, 0.0, 0.0, 1.0, 0.6625097926397022, 1.0, 0.0, 0.0, 0.0, 0.0, 0.0, 0.0, 0.0]",141852,64439,N3,accept,0.5757575757575757,ts,2861,0
"[0.1250000000000001, -0.1250000000000001, 0.1111111111111111, 0.0, 0.0, 0.0, 0.0, 0.0, 1.0, 0.7564807805603966, 1.0, 0.0, 0.0, 0.0, 0.0, 0.0, 0.0, 0.0]",62598,29449,N3,accept,0.38750000000000007,ts,1890,0
"[0.09090909090909098, -0.09090909090909098, 0.11799999999999997, 0.13119533527696792, -0.045454545454545456, 0.0, 0.0, 0.0, 1.0, 0.6941839725667863, 1.0, 0.0, 0.0, 0.0, 0.0, 0.0, 0.0, 0.0]",162866,16906,N3,accept,0.36363636363636365,ts,993,0
"[0.3636363636363637, -0.3636363636363637, 0.0, 0.061046511627906974, 0.0, 0.0, 0.0, 0.0, 1.0, 0.8570363402900383, 1.0, 0.0, 0.0, 0.0, 0.0, 0.0, 0.0, 0.0]",123043,123174,N3,accept,0.5545454545454546,ts,601,0
"[0.25, -0.25, -0.5272727272727272, 0.2857142857142857, 0.25, 0.0, 0.0, 0.0, 1.0, 0.5849468133591713, 1.0, 0.0, 0.0, 0.0, 0.0, 0.0, 0.0, 0.0]",127600,183357,N3,accept,0.475,ts,1108,0
"[0.08333333333333322, -0.08333333333333322, 0.0, 0.0, 0.0, 0.0, 0.0, 0.0, 1.0, 0.7810882504428991, 1.0, 0.0, 0.0, 0.0, 0.0, 0.0, 0.0, 0.0]",174745,93864,N3,accept,0.3583333333333332,ts,2515,0
"[0.29999999999999993, -0.29999999999999993, -0.6334862385321101, 0.01904761904761905, -0.16666666666666666, 0.0, 0.0, 0.0, 1.0, 0.6636842635032897, 1.0, 0.0, 0.0, 0.0, 0.0, 0.0, 0.0, 0.0]",143384,78135,N3,accept,0.5099999999999999,ts,470,1
"[0.431578947368421, -0.431578947368421, 0.1, -0.21794871794871795, -0.490566037735849, 0.0, 0.0, 0.0, 1.0, 0.7094556616298944, 1.0, 0.0, 0.0, 0.0, 0.0, 0.0, 0.0, 0.0]",123829,104492,N3,accept,0.6021052631578947,ts,1969,1
"[0.52, -0.52, 0.0, -0.056666666666666664, -0.09090909090909091, 0.0, 0.0, 0.0, 1.0, 0.8721675631282664, 1.0, 0.0, 0.0, 0.0, 0.0, 0.0, 0.0, 0.0]",174763,49000,N3,accept,0.6639999999999999,ts,2720,1
"[0.4583333333333333, -0.4583333333333333, -0.3461377870563674, 0.02, 0.07999999999999999, 0.0, 0.0, 0.0, 1.0, 0.7711205717282401, 1.0, 0.0, 0.0, 0.0, 0.0, 0.0, 0.0, 0.0]",141805,123325,N3,accept,0.6208333333333333,ts,1398,1
"[0.8571428571428572, -0.8571428571428572, 0.0, 0.015723270440251572, -0.4647887323943662, 0.0, 0.0, 0.0, 1.0, 0.8690644730758021, 1.0, 0.0, 0.0, 0.0, 0.0, 0.0, 0.0, 0.0]",57280,57279,N3,accept,0.8999999999999999,ts,920,1
"[0.25, -0.25, 0.13333333333333333, 1.0, -0.23809523809523808, 0.0, 0.0, 0.0, 1.0, 0.600354712283968, 1.0, 0.0, 0.0, 0.0, 0.0, 0.0, 0.0, 0.0]",139964,113825,N3,accept,0.475,ts,1433,0
"[0.25, -0.25, -0.3076404494382023, -0.0024271844660194173, 0.0, 0.0, 0.0, 0.0, 1.0, 0.7469607690022103, 1.0, 0.0, 0.0, 0.0, 0.0, 0.0, 0.0, 0.0]",70069,189231,N3,accept,0.475,ts,1219,0
"[0.7916666666666666, -0.7916666666666666, -0.4004004004004004, 0.02040816326530612, 0.14583333333333337, 0.0, 0.0, 0.0, 1.0, 0.8032977757674272, 1.0, 0.0, 0.0, 0.0, 0.0, 0.0, 0.0, 0.0]",16681,16729,N3,accept,0.8541666666666665,ts,2008,1
"[0.25, -0.25, 0.0, 0.011695906432748537, 0.25, 0.0, 0.0, 0.0, 1.0, 0.7771008967590011, 1.0, 0.0, 0.0, 0.0, 0.0, 0.0, 0.0, 0.0]",43087,117045,N3,accept,0.475,ts,958,0
"[0.5, -0.5, 0.0003029385034839478, 0.5421245421245421, 0.21739130434782608, 0.0, 0.0, 0.0, 1.0, 0.7565002507531393, 1.0, 0.0, 0.0, 0.0, 0.0, 0.0, 0.0, 0.0]",86743,61314,N3,accept,0.6499999999999999,ts,2617,1
"[0.14, -0.14, -0.323238566131026, 0.0, 0.0, 0.0, 0.0, 0.0, 1.0, 0.7065192485809642, 1.0, 0.0, 0.0, 0.0, 0.0, 0.0, 0.0, 0.0]",74215,69993,N3,accept,0.398,ts,2137,0
"[0.889795918367347, -0.889795918367347, -0.6247809762202753, 0.3394495412844037, -0.375, 0.0, 0.0, 0.0, 1.0, 0.6718552730147386, 1.0, 0.0, 0.0, 0.0, 0.0, 0.0, 0.0, 0.0]",115245,128284,N3,accept,0.9228571428571428,ts,2692,0
"[0.043062200956937836, -0.043062200956937836, -0.7623062616243025, 0.0, 0.0, 0.0, 0.0, 0.0, 1.0, 0.609666983514401, 1.0, 0.0, 0.0, 0.0, 0.0, 0.0, 0.0, 0.0]",90708,54196,N3,accept,0.33014354066985646,ts,1119,1
"[0.375, -0.375, -0.3223308883455583, -0.2761627906976744, -0.25, 0.0, 0.0, 0.0, 1.0, 0.6597465412738645, 1.0, 0.0, 0.0, 0.0, 0.0, 0.0, 0.0, 0.0]",84869,52481,N3,accept,0.5625,ts,2457,1
"[0.7531428571428572, -0.7531428571428572, -0.05604534005037787, 0.028169014084507043, -0.21052631578947367, 0.0, 0.0, 0.0, 1.0, 0.8717592703986687, 1.0, 0.0, 0.0, 0.0, 0.0, 0.0, 0.0, 0.0]",89666,128284,N3,accept,0.8271999999999999,ts,2507,1
"[0.35714285714285715, -0.35714285714285715, -0.642, 0.06989247311827956, -0.4411764705882353, 0.0, 0.0, 0.0, 1.0, 0.6203227193678967, 1.0, 0.0, 0.0, 0.0, 0.0, 0.0, 0.0, 0.0]",151762,130323,N3,accept,0.55,ts,547,1
"[0.02500000000000002, -0.02500000000000002, -0.1863303498779495, -0.2, -0.12000000000000002, 0.0, 0.0, 0.0, 1.0, 0.6156925813588408, 1.0, 0.0, 0.0, 0.0, 0.0, 0.0, 0.0, 0.0]",130425,62503,N3,accept,0.3175,ts,416,0
"[0.25, -0.25, -0.24812030075187969, 0.005813953488372093, 0.041666666666666664, 0.0, 0.0, 0.0, 1.0, 0.7476249554836153, 1.0, 0.0, 0.0, 0.0, 0.0, 0.0, 0.0, 0.0]",174772,117045,N3,accept,0.475,ts,825,0
"[0.023255813953488393, -0.023255813953488393, 0.2, 0.0034129692832764505, -0.042553191489361736, 0.0, 0.0, 0.0, 1.0, 0.6795231858504707, 1.0, 0.0, 0.0, 0.0, 0.0, 0.0, 0.0, 0.0]",33338,91970,N3,accept,0.31627906976744186,ts,2369,0
"[0.1250000000000001, -0.1250000000000001, 0.004129793510324501, -0.028089887640449437, -0.2818181818181818, 0.0, 0.0, 0.0, 1.0, 0.7218639176970109, 1.0, 0.0, 0.0, 0.0, 0.0, 0.0, 0.0, 0.0]",87724,117162,N3,accept,0.38750000000000007,ts,437,1
"[0.20000000000000007, -0.20000000000000007, -0.006303915063039193, 0.019943019943019943, -0.5, 0.0, 0.0, 0.0, 1.0, 0.7196391729676981, 1.0, 0.0, 0.0, 0.0, 0.0, 0.0, 0.0, 0.0]",43335,135483,N3,accept,0.44000000000000006,ts,2683,1
"[0.18367346938775517, -0.18367346938775517, 0.036941023979261196, 0.018518518518518517, -0.2, 0.0, 0.0, 0.0, 1.0, 0.7480364718973675, 1.0, 0.0, 0.0, 0.0, 0.0, 0.0, 0.0, 0.0]",135548,130086,N3,accept,0.4285714285714286,ts,1536,1
"[0.16666666666666666, -0.16666666666666666, -0.18152639087018546, -0.36627906976744184, -0.25, 0.0, 0.0, 0.0, 1.0, 0.6134208748686691, 1.0, 0.0, 0.0, 0.0, 0.0, 0.0, 0.0, 0.0]",116466,164354,N3,accept,0.41666666666666663,ts,2336,1
"[0.33333333333333337, -0.33333333333333337, -0.3220035778175313, 0.09333333333333334, -0.5545454545454546, 0.0, 0.0, 0.0, 1.0, 0.6445028751316437, 1.0, 0.0, 0.0, 0.0, 0.0, 0.0, 0.0, 0.0]",16731,49086,N3,accept,0.5333333333333333,ts,1352,0
"[0.028571428571428595, -0.028571428571428595, 0.0, 1.0, 0.18000000000000002, 0.0, 0.0, 0.0, 1.0, 0.5700188149629097, 1.0, 0.0, 0.0, 0.0, 0.0, 0.0, 0.0, 0.0]",122719,151787,N3,accept,0.32,ts,1793,0
"[0.5, -0.5, -0.4592875318066158, 0.0, 0.0, 0.0, 0.0, 0.0, 1.0, 0.7886047001257124, 1.0, 0.0, 0.0, 0.0, 0.0, 0.0, 0.0, 0.0]",90179,56398,N3,accept,0.6499999999999999,ts,1300,0
"[0.6594594594594594, -0.6594594594594594, 0.03710575139146568, -0.14040114613180515, -0.26666666666666666, 0.0, 0.0, 0.0, 1.0, 0.8262227313596372, 1.0, 0.0, 0.0, 0.0, 0.0, 0.0, 0.0, 0.0]",63922,16731,N3,accept,0.7616216216216215,ts,1127,0
"[0.14285714285714288, -0.14285714285714288, -0.18779342723004694, 0.007246376811594203, 0.0, 0.0, 0.0, 0.0, 1.0, 0.7379852194013543, 1.0, 0.0, 0.0, 0.0, 0.0, 0.0, 0.0, 0.0]",81462,125880,N3,accept,0.4,ts,1790,1
"[0.375, -0.375, -0.09954977488744365, -0.33048433048433046, -0.5833333333333334, 0.0, 0.0, 0.0, 1.0, 0.6655142777754144, 1.0, 0.0, 0.0, 0.0, 0.0, 0.0, 0.0, 0.0]",182867,145577,N3,accept,0.5625,ts,2623,1
"[0.31176470588235294, -0.31176470588235294, 0.058823529411764705, -0.8775510204081632, -0.18000000000000002, 0.0, 0.0, 0.0, 1.0, 0.6674608978145462, 1.0, 0.0, 0.0, 0.0, 0.0, 0.0, 0.0, 0.0]",41169,79461,N3,accept,0.518235294117647,ts,2404,1
"[0.3636363636363637, -0.3636363636363637, 0.0, 0.0, 0.0, 0.0, 0.0, 0.0, 1.0, 0.8742764353476687, 1.0, 0.0, 0.0, 0.0, 0.0, 0.0, 0.0, 0.0]",123143,123174,N3,accept,0.5545454545454546,ts,948,0
"[0.4509803921568627, -0.4509803921568627, 0.0, 1.0, 1.0, 0.0, 0.0, 0.0, 1.0, 0.6002828069856174, 1.0, 0.0, 0.0, 0.0, 0.0, 0.0, 0.0, 0.0]",50997,41373,N3,accept,0.6156862745098038,ts,811,0
"[0.3333333333333333, -0.3333333333333333, 0.05993340732519433, 0.05747126436781609, 0.25, 0.0, 0.0, 0.0, 1.0, 0.7676292081480712, 1.0, 0.0, 0.0, 0.0, 0.0, 0.0, 0.0, 0.0]",155692,146668,N3,accept,0.5333333333333333,ts,1198,1
"[0.8833333333333333, -0.8833333333333333, 0.0, -0.3263157894736842, -0.31999999999999995, 0.0, 0.0, 0.0, 1.0, 0.8242004255816163, 1.0, 0.0, 0.0, 0.0, 0.0, 0.0, 0.0, 0.0]",122720,125786,N3,accept,0.9183333333333332,ts,2321,1
"[0.12499999999999999, -0.12499999999999999, -0.4235294117647059, 0.09885931558935361, -0.26666666666666666, 0.0, 0.0, 0.0, 1.0, 0.5931551167573187, 1.0, 0.0, 0.0, 0.0, 0.0, 0.0, 0.0, 0.0]",120829,110153,N3,accept,0.38749999999999996,ts,2828,0
"[0.1666666666666667, -0.1666666666666667, -0.13333333333333333, -0.04, -0.039999999999999994, 0.0, 0.0, 0.0, 1.0, 0.7413502371898478, 1.0, 0.0, 0.0, 0.0, 0.0, 0.0, 0.0, 0.0]",40383,156539,N3,accept,0.4166666666666667,ts,413,0
"[0.25925925925925924, -0.25925925925925924, -0.7192909280500521, -0.18, 0.020000000000000018, 0.0, 0.0, 0.0, 1.0, 0.6388231520555585, 1.0, 0.0, 0.0, 0.0, 0.0, 0.0, 0.0, 0.0]",141707,63997,N3,accept,0.48148148148148145,ts,972,1
"[0.20000000000000007, -0.20000000000000007, 0.17909090909090916, -0.10160427807486631, 0.36363636363636365, 0.0, 0.0, 0.0, 1.0, 0.6575173146638584, 1.0, 0.0, 0.0, 0.0, 0.0, 0.0, 0.0, 0.0]",89763,107458,N3,accept,0.44000000000000006,ts,1616,1
"[0.09090909090909098, -0.09090909090909098, -0.20200000000000004, -0.04664723032069971, -0.14545454545454542, 0.0, 0.0, 0.0, 1.0, 0.6661863159606087, 1.0, 0.0, 0.0, 0.0, 0.0, 0.0, 0.0, 0.0]",162866,82380,N3,accept,0.36363636363636365,ts,723,1
"[0.10000000000000007, -0.10000000000000007, -0.17519908987485786, -0.01048951048951049, -0.14285714285714285, 0.0, 0.0, 0.0, 1.0, 0.6877102891525925, 1.0, 0.0, 0.0, 0.0, 0.0, 0.0, 0.0, 0.0]",115366,134111,N3,accept,0.37000000000000005,ts,1865,0
"[0.13333333333333333, -0.13333333333333333, 0.0, 0.0, 0.0, 0.0, 0.0, 0.0, 1.0, 0.799343830056226, 1.0, 0.0, 0.0, 0.0, 0.0, 0.0, 0.0, 0.0]",93851,93856,N3,accept,0.3933333333333333,ts,2929,0
"[0.47058823529411764, -0.47058823529411764, -0.11764705882352941, -0.1, -0.19999999999999996, 0.0, 0.0, 0.0, 1.0, 0.7834473599029986, 1.0, 0.0, 0.0, 0.0, 0.0, 0.0, 0.0, 0.0]",40189,70937,N3,accept,0.6294117647058823,ts,2003,1
"[0.20000000000000004, -0.20000000000000004, -0.3409090909090909, 0.0, 0.0, 0.0, 0.0, 0.0, 1.0, 0.7239674946003922, 1.0, 0.0, 0.0, 0.0, 0.0, 0.0, 0.0, 0.0]",51022,70828,N3,accept,0.44,ts,858,0
"[0.1666666666666667, -0.1666666666666667, 0.0, 0.3, 0.22000000000000003, 0.0, 0.0, 0.0, 1.0, 0.6901568741775026, 1.0, 0.0, 0.0, 0.0, 0.0, 0.0, 0.0, 0.0]",29439,61090,N3,accept,0.4166666666666667,ts,1616,0
"[0.047619047619047505, -0.047619047619047505, 0.0, 0.0, 0.0, 0.0, 0.0, 0.0, 1.0, 0.7678268354169857, 1.0, 0.0, 0.0, 0.0, 0.0, 0.0, 0.0, 0.0]",111106,85228,N3,accept,0.33333333333333326,ts,2410,1
"[0.1666666666666666, -0.1666666666666666, 0.0, 0.0, 0.0, 0.0, 0.0, 0.0, 1.0, 0.8112296656009272, 1.0, 0.0, 0.0, 0.0, 0.0, 0.0, 0.0, 0.0]",60788,60783,N3,accept,0.41666666666666663,ts,2399,0
"[0.19999999999999993, -0.19999999999999993, 0.07526881720430113, 0.4137055837563452, 1.0, 0.0, 0.0, 0.0, 1.0, 0.580754457616193, 1.0, 0.0, 0.0, 0.0, 0.0, 0.0, 0.0, 0.0]",92081,29970,N3,accept,0.43999999999999995,ts,614,1
"[0.33333333333333337, -0.33333333333333337, -0.04368673415023976, 0.4751131221719457, 0.25, 0.0, 0.0, 0.0, 1.0, 0.6977738805226098, 1.0, 0.0, 0.0, 0.0, 0.0, 0.0, 0.0, 0.0]",104466,155669,N3,accept,0.5333333333333333,ts,2483,0
"[0.648, -0.648, 0.1801637852593267, 0.20863309352517986, 1.0, 0.0, 0.0, 0.0, 1.0, 0.678459202837453, 1.0, 0.0, 0.0, 0.0, 0.0, 0.0, 0.0, 0.0]",185410,107554,N3,accept,0.7536,ts,2945,0
"[0.3636363636363637, -0.3636363636363637, -0.14326321773735073, -0.022284122562674095, 0.16666666666666666, 0.0, 0.0, 0.0, 1.0, 0.7753911268097096, 1.0, 0.0, 0.0, 0.0, 0.0, 0.0, 0.0, 0.0]",43361,74278,N3,accept,0.5545454545454546,ts,1422,1
"[0.47058823529411764, -0.47058823529411764, 0.058823529411764705, -0.5102040816326531, 0.25999999999999995, 0.0, 0.0, 0.0, 1.0, 0.7230692710054133, 1.0, 0.0, 0.0, 0.0, 0.0, 0.0, 0.0, 0.0]",41169,68609,N3,accept,0.6294117647058823,ts,773,0
"[0.24999999999999992, -0.24999999999999992, 0.058823529411764705, 0.0, 0.0, 0.0, 0.0, 0.0, 1.0, 0.8173913026682517, 1.0, 0.0, 0.0, 0.0, 0.0, 0.0, 0.0, 0.0]",18334,81128,N3,accept,0.4749999999999999,ts,560,0
"[0.20000000000000007, -0.20000000000000007, -0.20371599203715993, -0.019943019943019943, -0.17857142857142858, 0.0, 0.0, 0.0, 1.0, 0.7049852152212176, 1.0, 0.0, 0.0, 0.0, 0.0, 0.0, 0.0, 0.0]",43335,31972,N3,accept,0.44000000000000006,ts,2996,1
"[0.076923076923077, -0.076923076923077, 0.0, 0.0, 0.0, 0.0, 0.0, 0.0, 1.0, 0.7787188164556538, 1.0, 0.0, 0.0, 0.0, 0.0, 0.0, 0.0, 0.0]",93861,174758,N3,accept,0.35384615384615387,ts,1550,0
"[0.45, -0.45, 0.0003029385034839478, 0.5421245421245421, 0.21739130434782608, 0.0, 0.0, 0.0, 1.0, 0.7447778267558439, 1.0, 0.0, 0.0, 0.0, 0.0, 0.0, 0.0, 0.0]",120787,61314,N3,accept,0.615,ts,1511,0
"[0.3, -0.3, -0.09090909090909091, 0.46, -0.08000000000000003, 0.0, 0.0, 0.0, 1.0, 0.709824759435147, 1.0, 0.0, 0.0, 0.0, 0.0, 0.0, 0.0, 0.0]",38740,41068,N3,accept,0.51,ts,2044,0
"[0.7794117647058824, -0.7794117647058824, -0.3993333333333334, 0.22191011235955055, -0.1111111111111111, 0.0, 0.0, 0.0, 1.0, 0.762330692833127, 1.0, 0.0, 0.0, 0.0, 0.0, 0.0, 0.0, 0.0]",138519,155692,N3,accept,0.8455882352941175,ts,952,1
"[0.16666666666666666, -0.16666666666666666, -0.10358565737051785, -0.25396825396825395, -0.6153846153846154, 0.0, 0.0, 0.0, 1.0, 0.6078763114891773, 1.0, 0.0, 0.0, 0.0, 0.0, 0.0, 0.0, 0.0]",170958,145577,N3,accept,0.41666666666666663,ts,1860,1
"[0.3636363636363637, -0.3636363636363637, 0.0, 0.0, 0.0, 0.0, 0.0, 0.0, 1.0, 0.8742764353476687, 1.0, 0.0, 0.0, 0.0, 0.0, 0.0, 0.0, 0.0]",123010,123174,N3,accept,0.5545454545454546,ts,2397,0
"[0.8666666666666667, -0.8666666666666667, -0.621, 0.0, 0.0, 0.0, 0.0, 0.0, 1.0, 0.8231919954055178, 1.0, 0.0, 0.0, 0.0, 0.0, 0.0, 0.0, 0.0]",63921,48992,N3,accept,0.9066666666666667,ts,1561,0
"[0.3333333333333333, -0.3333333333333333, -0.48406676783004554, -0.44761904761904764, -0.6129032258064516, 0.0, 0.0, 0.0, 1.0, 0.546792220645576, 1.0, 0.0, 0.0, 0.0, 0.0, 0.0, 0.0, 0.0]",170138,175100,N3,accept,0.5333333333333333,ts,1082,0
"[0.5599999999999999, -0.5599999999999999, -0.6336853807670928, 0.0, 0.0, 0.0, 0.0, 0.0, 1.0, 0.7777664588796329, 1.0, 0.0, 0.0, 0.0, 0.0, 0.0, 0.0, 0.0]",49130,49870,N3,accept,0.692,ts,1662,1
"[0.45, -0.45, 0.0003029385034839478, 0.5421245421245421, 0.21739130434782608, 0.0, 0.0, 0.0, 1.0, 0.7447778267558439, 1.0, 0.0, 0.0, 0.0, 0.0, 0.0, 0.0, 0.0]",120787,61314,N3,accept,0.615,ts,1717,0
"[0.64, -0.64, -0.06526468455402455, 0.0, 0.0, 0.0, 0.0, 0.0, 1.0, 0.9115953603082338, 1.0, 0.0, 0.0, 0.0, 0.0, 0.0, 0.0, 0.0]",141772,90178,N3,accept,0.748,ts,2336,1
"[0.5636363636363637, -0.5636363636363637, 0.23355263157894735, 0.005797101449275362, 0.8333333333333334, 0.0, 0.0, 0.0, 1.0, 0.7241369127393539, 1.0, 0.0, 0.0, 0.0, 0.0, 0.0, 0.0, 0.0]",123021,107659,N3,accept,0.6945454545454546,ts,1810,1
"[0.09090909090909098, -0.09090909090909098, -0.4772902232486528, 0.0, 0.0, 0.0, 0.0, 0.0, 1.0, 0.6608758873110016, 1.0, 0.0, 0.0, 0.0, 0.0, 0.0, 0.0, 0.0]",43671,108788,N3,accept,0.36363636363636365,ts,655,1
"[0.616, -0.616, -0.4365026595744681, -0.011396011396011397, 0.5714285714285714, 0.0, 0.0, 0.0, 1.0, 0.7099407723403588, 1.0, 0.0, 0.0, 0.0, 0.0, 0.0, 0.0, 0.0]",130440,108828,N3,accept,0.7312,ts,1880,1
"[0.20000000000000004, -0.20000000000000004, -0.3409090909090909, 0.0, 0.0, 0.0, 0.0, 0.0, 1.0, 0.7239674946003922, 1.0, 0.0, 0.0, 0.0, 0.0, 0.0, 0.0, 0.0]",51022,70828,N3,accept,0.44,ts,1230,0
"[0.52, -0.52, 0.11648223645894, 0.0, 0.0, 0.0, 0.0, 0.0, 1.0, 0.8716130198763568, 1.0, 0.0, 0.0, 0.0, 0.0, 0.0, 0.0, 0.0]",142501,54196,N3,accept,0.6639999999999999,ts,2370,0
"[0.65, -0.65, -0.2252816020025032, -0.014492753623188406, 0.02500000000000006, 0.0, 0.0, 0.0, 1.0, 0.8535761436419191, 1.0, 0.0, 0.0, 0.0, 0.0, 0.0, 0.0, 0.0]",53366,39280,N3,accept,0.7549999999999999,ts,1084,1
"[0.3333333333333333, -0.3333333333333333, 0.21951219512195133, -0.4137254901960784, -0.05263157894736842, 0.0, 0.0, 0.0, 1.0, 0.6950497747811781, 1.0, 0.0, 0.0, 0.0, 0.0, 0.0, 0.0, 0.0]",155668,104684,N3,accept,0.5333333333333333,ts,1270,1
"[0.02500000000000002, -0.02500000000000002, -0.1863303498779495, -0.02, -0.07999999999999999, 0.0, 0.0, 0.0, 1.0, 0.6690903795112921, 1.0, 0.0, 0.0, 0.0, 0.0, 0.0, 0.0, 0.0]",130426,62503,N3,accept,0.3175,ts,1706,1
"[0.4444444444444445, -0.4444444444444445, 0.07079646017699111, -0.703125, -0.58, 0.0, 0.0, 0.0, 1.0, 0.6530726482238095, 1.0, 0.0, 0.0, 0.0, 0.0, 0.0, 0.0, 0.0]",169352,132873,N3,accept,0.6111111111111112,ts,1517,0
"[0.2, -0.2, -0.8373109243697479, 0.0, 0.0, 0.0, 0.0, 0.0, 1.0, 0.660303957852938, 1.0, 0.0, 0.0, 0.0, 0.0, 0.0, 0.0, 0.0]",54201,110501,N3,accept,0.43999999999999995,ts,1108,1
"[0.5, -0.5, -0.4172461752433937, -0.026706231454005934, 1.0, 0.0, 0.0, 0.0, 1.0, 0.6458945881303048, 1.0, 0.0, 0.0, 0.0, 0.0, 0.0, 0.0, 0.0]",87402,57551,N3,accept,0.6499999999999999,ts,1574,1
"[0.11458333333333333, -0.11458333333333333, -0.08759124087591248, -0.5587392550143266, -0.77, 0.0, 0.0, 0.0, 1.0, 0.5416340437403093, 1.0, 0.0, 0.0, 0.0, 0.0, 0.0, 0.0, 0.0]",108839,142262,N3,accept,0.3802083333333333,ts,1306,0
"[0.9137254901960783, -0.9137254901960783, 0.05563282336578581, -0.43820224719101125, 0.4666666666666667, 0.0, 0.0, 0.0, 1.0, 0.7700744049956784, 1.0, 0.0, 0.0, 0.0, 0.0, 0.0, 0.0, 0.0]",128242,85794,N3,accept,0.9396078431372548,ts,1621,1
"[0.25, -0.25, -0.24812030075187969, 0.01764705882352941, 0.13636363636363635, 0.0, 0.0, 0.0, 1.0, 0.7203456543782418, 1.0, 0.0, 0.0, 0.0, 0.0, 0.0, 0.0, 0.0]",117159,117045,N3,accept,0.475,ts,2858,0
"[0.3636363636363637, -0.3636363636363637, -0.1783073130649137, 0.057971014492753624, 0.25, 0.0, 0.0, 0.0, 1.0, 0.7388435060343711, 1.0, 0.0, 0.0, 0.0, 0.0, 0.0, 0.0, 0.0]",123006,123174,N3,accept,0.5545454545454546,ts,1475,0
"[0.3061224489795918, -0.3061224489795918, -0.16759156492785793, 0.41012658227848103, 0.7333333333333333, 0.0, 0.0, 0.0, 1.0, 0.6010480844078115, 1.0, 0.0, 0.0, 0.0, 0.0, 0.0, 0.0, 0.0]",155693,29970,N3,accept,0.5142857142857142,ts,1779,1
"[0.5636363636363637, -0.5636363636363637, 0.07142857142857142, 0.09577464788732394, 1.0, 0.0, 0.0, 0.0, 1.0, 0.7335108816419434, 1.0, 0.0, 0.0, 0.0, 0.0, 0.0, 0.0, 0.0]",123018,107588,N3,accept,0.6945454545454546,ts,2744,0
"[0.5599999999999999, -0.5599999999999999, 0.0009099181073703173, 0.34532374100719426, 1.0, 0.0, 0.0, 0.0, 1.0, 0.709884034192077, 1.0, 0.0, 0.0, 0.0, 0.0, 0.0, 0.0, 0.0]",185410,89763,N3,accept,0.692,ts,2731,1
"[0.75, -0.75, -0.3185961713764814, -0.09634551495016612, -0.9791666666666666, 0.0, 0.0, 0.0, 1.0, 0.7029547798602559, 1.0, 0.0, 0.0, 0.0, 0.0, 0.0, 0.0, 0.0]",116369,134921,N3,accept,0.825,ts,1779,1
"[0.3636363636363637, -0.3636363636363637, 0.0, 0.061046511627906974, 0.0, 0.0, 0.0, 0.0, 1.0, 0.8570363402900383, 1.0, 0.0, 0.0, 0.0, 0.0, 0.0, 0.0, 0.0]",123210,123174,N3,accept,0.5545454545454546,ts,2138,0
"[0.2857142857142857, -0.2857142857142857, -0.0726817042606516, -0.040983606557377046, -0.05263157894736842, 0.0, 0.0, 0.0, 1.0, 0.7971817523519913, 1.0, 0.0, 0.0, 0.0, 0.0, 0.0, 0.0, 0.0]",185563,115299,N3,accept,0.5,ts,2894,1
"[0.75, -0.75, -0.13377926421404682, -0.13924050632911392, -0.6759999999999999, 0.0, 0.0, 0.0, 1.0, 0.7577226163909189, 1.0, 0.0, 0.0, 0.0, 0.0, 0.0, 0.0, 0.0]",121907,145532,N3,accept,0.825,ts,1578,1
"[0.6029411764705882, -0.6029411764705882, 0.1, 0.0, 0.0, 0.0, 0.0, 0.0, 1.0, 0.8933559641322879, 1.0, 0.0, 0.0, 0.0, 0.0, 0.0, 0.0, 0.0]",107697,18239,N3,accept,0.7220588235294116,ts,1310,0
"[0.25833333333333336, -0.25833333333333336, -0.2222222222222222, 0.64, -0.13999999999999999, 0.0, 0.0, 0.0, 1.0, 0.6256099841340442, 1.0, 0.0, 0.0, 0.0, 0.0, 0.0, 0.0, 0.0]",81128,79360,N3,accept,0.48083333333333333,ts,2442,1
"[0.03273809523809514, -0.03273809523809514, 0.1926782273603083, 0.09, 0.09090909090909091, 0.0, 0.0, 0.0, 1.0, 0.6486620220280555, 1.0, 0.0, 0.0, 0.0, 0.0, 0.0, 0.0, 0.0]",16734,63891,N3,accept,0.3229166666666666,ts,892,0
"[0.4583333333333333, -0.4583333333333333, -0.1433260393873086, 0.22, 0.24000000000000005, 0.0, 0.0, 0.0, 1.0, 0.7386709394486253, 1.0, 0.0, 0.0, 0.0, 0.0, 0.0, 0.0, 0.0]",151789,123325,N3,accept,0.6208333333333333,ts,2434,0
"[0.11999999999999993, -0.11999999999999993, -0.47257383966244726, 0.011267605633802818, 0.0, 0.0, 0.0, 0.0, 1.0, 0.6689021735608419, 1.0, 0.0, 0.0, 0.0, 0.0, 0.0, 0.0, 0.0]",109421,123014,N3,accept,0.38399999999999995,ts,2340,1
"[0.6512820512820513, -0.6512820512820513, -0.34, -0.44, -0.039999999999999994, 0.0, 0.0, 0.0, 1.0, 0.7399409974278731, 1.0, 0.0, 0.0, 0.0, 0.0, 0.0, 0.0, 0.0]",135298,66862,N3,accept,0.7558974358974359,ts,1793,1
"[0.4, -0.4, -0.18209408194233698, 0.0, 0.0, 0.0, 0.0, 0.0, 1.0, 0.8232144824729183, 1.0, 0.0, 0.0, 0.0, 0.0, 0.0, 0.0, 0.0]",49870,147380,N3,accept,0.58,ts,2953,1
"[0.09090909090909098, -0.09090909090909098, 0.0, 0.008797653958944282, -0.07692307692307693, 0.0, 0.0, 0.0, 1.0, 0.7598755374816407, 1.0, 0.0, 0.0, 0.0, 0.0, 0.0, 0.0, 0.0]",174771,174772,N3,accept,0.36363636363636365,ts,546,1
"[0.7954545454545455, -0.7954545454545455, 0.04051565377532229, 0.016042780748663103, 0.4375, 0.0, 0.0, 0.0, 1.0, 0.8501165921464451, 1.0, 0.0, 0.0, 0.0, 0.0, 0.0, 0.0, 0.0]",162740,89765,N3,accept,0.8568181818181819,ts,1625,1
"[0.18831168831168835, -0.18831168831168835, 0.20250120250120254, 0.1111111111111111, -0.07999999999999999, 0.0, 0.0, 0.0, 1.0, 0.7001240443089605, 1.0, 0.0, 0.0, 0.0, 0.0, 0.0, 0.0, 0.0]",128341,85224,N3,accept,0.4318181818181818,ts,1770,0
"[0.3939393939393939, -0.3939393939393939, -0.7497805092186128, -0.04336043360433604, -0.5416666666666666, 0.0, 0.0, 0.0, 1.0, 0.6155926710976818, 1.0, 0.0, 0.0, 0.0, 0.0, 0.0, 0.0, 0.0]",141852,79771,N3,accept,0.5757575757575757,ts,1034,1
"[0.6071428571428571, -0.6071428571428571, 0.1066332916145181, 0.0, 0.0, 0.0, 0.0, 0.0, 1.0, 0.8919568730108844, 1.0, 0.0, 0.0, 0.0, 0.0, 0.0, 0.0, 0.0]",16679,94196,N3,accept,0.7249999999999999,ts,615,0
"[0.12499999999999993, -0.12499999999999993, -0.03034901365705625, -0.007194244604316547, 0.0, 0.0, 0.0, 0.0, 1.0, 0.7824119566580818, 1.0, 0.0, 0.0, 0.0, 0.0, 0.0, 0.0, 0.0]",19865,81462,N3,accept,0.38749999999999996,ts,2394,0
"[0.26470588235294124, -0.26470588235294124, -0.408675799086758, 0.02, -0.019999999999999973, 0.0, 0.0, 0.0, 1.0, 0.7209141521999168, 1.0, 0.0, 0.0, 0.0, 0.0, 0.0, 0.0, 0.0]",77265,189203,N3,accept,0.4852941176470589,ts,2072,1
"[0.1, -0.07, -0.2697495183044316, -0.05, -0.17272727272727276, 0.0, 0.0, 0.0, 1.0, 0.63467239594446, 1.0, 0.0, 0.0, 0.0, 0.0, 0.0, 0.0, 0.0]",49082,49005,N3,accept,0.37,ts,2172,0
"[0.46153846153846156, -0.46153846153846156, -0.7518796992481204, -0.256, 0.33999999999999997, 0.0, 0.0, 0.0, 1.0, 0.6102111112024573, 1.0, 0.0, 0.0, 0.0, 0.0, 0.0, 0.0, 0.0]",110599,122732,N3,accept,0.6230769230769231,ts,1429,0
"[0.47058823529411764, -0.47058823529411764, -0.4, -0.9, -0.8363636363636363, 0.0, 0.0, 0.0, 1.0, 0.5448428480973911, 1.0, 0.0, 0.0, 0.0, 0.0, 0.0, 0.0, 0.0]",41388,70937,N3,accept,0.6294117647058823,ts,1638,1
"[0.4545454545454546, -0.4545454545454546, -0.375, -0.0028735632183908046, 0.8333333333333334, 0.0, 0.0, 0.0, 1.0, 0.6701200877280795, 1.0, 0.0, 0.0, 0.0, 0.0, 0.0, 0.0, 0.0]",32065,107659,N3,accept,0.6181818181818182,ts,2178,1
"[0.06666666666666672, -0.06666666666666672, -0.16684045881126172, 0.0380952380952381, 0.0, 0.0, 0.0, 0.0, 1.0, 0.7071694114641532, 1.0, 0.0, 0.0, 0.0, 0.0, 0.0, 0.0, 0.0]",56248,115245,N3,accept,0.3466666666666667,ts,1259,1
"[0.6108108108108108, -0.6108108108108108, -0.38949938949938956, 0.0948905109489051, -0.08333333333333333, 0.0, 0.0, 0.0, 1.0, 0.7738419579816337, 1.0, 0.0, 0.0, 0.0, 0.0, 0.0, 0.0, 0.0]",130295,40487,N3,accept,0.7275675675675675,ts,1255,1
"[0.33333333333333337, -0.33333333333333337, 0.07342206955775014, 0.0, 0.0, 0.0, 0.0, 0.0, 1.0, 0.8382149976481229, 1.0, 0.0, 0.0, 0.0, 0.0, 0.0, 0.0, 0.0]",141734,40487,N3,accept,0.5333333333333333,ts,975,1
"[0.625, -0.625, -0.2317548746518106, 0.016722408026755852, -0.07692307692307693, 0.0, 0.0, 0.0, 1.0, 0.8330090859287487, 1.0, 0.0, 0.0, 0.0, 0.0, 0.0, 0.0, 0.0]",174765,141757,N3,accept,0.7375,ts,2636,0
"[0.25, -0.25, -0.3076404494382023, -0.0024271844660194173, 0.0, 0.0, 0.0, 0.0, 1.0, 0.7469607690022103, 1.0, 0.0, 0.0, 0.0, 0.0, 0.0, 0.0, 0.0]",70069,189231,N3,accept,0.475,ts,2697,0
"[0.3571428571428572, -0.3571428571428572, 0.0, -0.08, -0.09090909090909091, 0.0, 0.0, 0.0, 1.0, 0.8253187538905504, 1.0, 0.0, 0.0, 0.0, 0.0, 0.0, 0.0, 0.0]",174761,48996,N3,accept,0.55,ts,2647,1
"[0.06666666666666665, -0.06666666666666665, 0.11560693641618497, 0.0, 0.0, 0.0, 0.0, 0.0, 1.0, 0.7336309436321661, 1.0, 0.0, 0.0, 0.0, 0.0, 0.0, 0.0, 0.0]",16722,16725,N3,accept,0.3466666666666666,ts,1422,1
"[0.1764705882352941, -0.1764705882352941, 0.0, 0.05045871559633028, 0.0, 0.0, 0.0, 0.0, 1.0, 0.8002741033846621, 1.0, 0.0, 0.0, 0.0, 0.0, 0.0, 0.0, 0.0]",173998,173997,N3,accept,0.4235294117647058,ts,2176,0
"[0.5833333333333334, -0.5833333333333334, -0.10370370370370366, -0.1894150417827298, 1.0, 0.0, 0.0, 0.0, 1.0, 0.6914955644422529, 1.0, 0.0, 0.0, 0.0, 0.0, 0.0, 0.0, 0.0]",158412,29663,N3,accept,0.7083333333333333,ts,2057,0
"[0.24324324324324323, -0.24324324324324323, 0.010113780025284595, -0.012012012012012012, 0.041666666666666664, 0.0, 0.0, 0.0, 1.0, 0.8178141098935235, 1.0, 0.0, 0.0, 0.0, 0.0, 0.0, 0.0, 0.0]",20071,158420,N3,accept,0.47027027027027024,ts,991,0
"[0.47058823529411764, -0.47058823529411764, 0.0, 0.14, 0.18000000000000002, 0.0, 0.0, 0.0, 1.0, 0.8200410775686694, 1.0, 0.0, 0.0, 0.0, 0.0, 0.0, 0.0, 0.0]",37982,37953,N3,accept,0.6294117647058823,ts,2885,0
"[0.5, -0.5, 0.18279569892473124, 0.7247706422018348, -0.31999999999999995, 0.0, 0.0, 0.0, 1.0, 0.6618400339463731, 1.0, 0.0, 0.0, 0.0, 0.0, 0.0, 0.0, 0.0]",19612,19599,N3,accept,0.6499999999999999,ts,1553,0
"[0.13333333333333328, -0.13333333333333328, -0.09600443951165374, -0.13846153846153847, -0.07999999999999999, 0.0, 0.0, 0.0, 1.0, 0.7059422282078749, 1.0, 0.0, 0.0, 0.0, 0.0, 0.0, 0.0, 0.0]",83435,143094,N3,accept,0.39333333333333326,ts,2317,1
"[0.12162162162162155, -0.12162162162162155, 0.14842300556586271, -0.06303724928366762, -0.2, 0.0, 0.0, 0.0, 1.0, 0.6765208549881594, 1.0, 0.0, 0.0, 0.0, 0.0, 0.0, 0.0, 0.0]",63922,63891,N3,accept,0.3851351351351351,ts,758,0
"[0.5636363636363637, -0.5636363636363637, -0.5024875621890547, -0.005698005698005698, 0.6666666666666666, 0.0, 0.0, 0.0, 1.0, 0.6832224587778319, 1.0, 0.0, 0.0, 0.0, 0.0, 0.0, 0.0, 0.0]",72081,107563,N3,accept,0.6945454545454546,ts,1165,1
"[0.24999999999999992, -0.24999999999999992, -0.48413125336202256, 1.0, -0.2608695652173913, 0.0, 0.0, 0.0, 1.0, 0.5241024203212179, 1.0, 0.0, 0.0, 0.0, 0.0, 0.0, 0.0, 0.0]",84737,55882,N3,accept,0.4749999999999999,ts,618,1
"[0.6136363636363636, -0.6136363636363636, -0.3181818181818182, -0.5612535612535613, -0.6714285714285715, 0.0, 0.0, 0.0, 1.0, 0.625354972810449, 1.0, 0.0, 0.0, 0.0, 0.0, 0.0, 0.0, 0.0]",162722,142262,N3,accept,0.7295454545454545,ts,1085,1
"[0.25, -0.25, -0.24050632911392406, 0.0, -0.005555555555555635, 0.0, 0.0, 0.0, 1.0, 0.7615633265577997, 1.0, 0.0, 0.0, 0.0, 0.0, 0.0, 0.0, 0.0]",183583,165914,N3,accept,0.475,ts,792,0
"[0.10999999999999997, -0.10999999999999997, -0.3, -0.48333333333333334, -0.58, 0.0, 0.0, 0.0, 1.0, 0.504717256260503, 1.0, 0.0, 0.0, 0.0, 0.0, 0.0, 0.0, 0.0]",18598,79360,N3,accept,0.37699999999999995,ts,1300,1
"[0.1250000000000001, -0.1250000000000001, 0.1772262773722628, 0.0, 0.0, 0.0, 0.0, 0.0, 1.0, 0.7366447804514437, 1.0, 0.0, 0.0, 0.0, 0.0, 0.0, 0.0, 0.0]",29519,55348,N3,accept,0.38750000000000007,ts,2795,0
"[0.3636363636363637, -0.3636363636363637, 0.2033333333333334, -0.1568627450980392, 0.16, 0.0, 0.0, 0.0, 1.0, 0.7259799511934714, 1.0, 0.0, 0.0, 0.0, 0.0, 0.0, 0.0, 0.0]",89764,123439,N3,accept,0.5545454545454546,ts,2744,0
"[0.8, -0.8, 0.13333333333333333, 0.0, 0.0, 0.0, 0.0, 0.0, 1.0, 0.9115993194259686, 1.0, 0.0, 0.0, 0.0, 0.0, 0.0, 0.0, 0.0]",190833,51605,N3,accept,0.8599999999999999,ts,2411,0
"[0.20000000000000007, -0.20000000000000007, -0.2, -0.019943019943019943, -0.17857142857142858, 0.0, 0.0, 0.0, 1.0, 0.7059778834861021, 1.0, 0.0, 0.0, 0.0, 0.0, 0.0, 0.0, 0.0]",15534,31972,N3,accept,0.44000000000000006,ts,2386,1
"[0.5, -0.5, -0.8696, -0.05956112852664577, -0.21428571428571427, 0.0, 0.0, 0.0, 1.0, 0.674790161344931, 1.0, 0.0, 0.0, 0.0, 0.0, 0.0, 0.0, 0.0]",63925,63864,N3,accept,0.6499999999999999,ts,2907,1
"[0.2, -0.2, -0.2992992992992993, -0.1419141914191419, 0.08, 0.0, 0.0, 0.0, 1.0, 0.6735003541088107, 1.0, 0.0, 0.0, 0.0, 0.0, 0.0, 0.0, 0.0]",158417,20014,N3,accept,0.43999999999999995,ts,2929,1
"[0.14285714285714288, -0.14285714285714288, 0.08411892675852069, 0.0, 0.0, 0.0, 0.0, 0.0, 1.0, 0.7717968012528305, 1.0, 0.0, 0.0, 0.0, 0.0, 0.0, 0.0, 0.0]",141774,174759,N3,accept,0.4,ts,423,0
"[0.5636363636363637, -0.5636363636363637, 0.07142857142857142, 0.09577464788732394, 1.0, 0.0, 0.0, 0.0, 1.0, 0.7335108816419434, 1.0, 0.0, 0.0, 0.0, 0.0, 0.0, 0.0, 0.0]",123005,107588,N3,accept,0.6945454545454546,ts,1902,1
"[0.12499999999999988, -0.12499999999999988, -0.28928665438273227, 0.15789473684210525, -0.05263157894736842, 0.0, 0.0, 0.0, 1.0, 0.6528679345437123, 1.0, 0.0, 0.0, 0.0, 0.0, 0.0, 0.0, 0.0]",155625,170134,N3,accept,0.3874999999999999,ts,2935,0
"[0.8666666666666667, -0.8666666666666667, -0.621, 0.0, 0.0, 0.0, 0.0, 0.0, 1.0, 0.8231919954055178, 1.0, 0.0, 0.0, 0.0, 0.0, 0.0, 0.0, 0.0]",63921,48992,N3,accept,0.9066666666666667,ts,1877,1
"[0.018181818181818195, -0.018181818181818195, 0.060698027314112286, 0.0, 0.0, 0.0, 0.0, 0.0, 1.0, 0.7339531141075869, 1.0, 0.0, 0.0, 0.0, 0.0, 0.0, 0.0, 0.0]",49870,147468,N3,accept,0.31272727272727274,ts,830,0
"[0.16666666666666666, -0.16666666666666666, -0.058068872383524726, -0.335423197492163, -0.28, 0.0, 0.0, 0.0, 1.0, 0.651672887884462, 1.0, 0.0, 0.0, 0.0, 0.0, 0.0, 0.0, 0.0]",128276,84871,N3,accept,0.41666666666666663,ts,2830,1
"[0.2307692307692307, -0.2307692307692307, 0.0, 1.0, 0.44000000000000006, 0.0, 0.0, 0.0, 1.0, 0.5995560389330946, 1.0, 0.0, 0.0, 0.0, 0.0, 0.0, 0.0, 0.0]",79461,68609,N3,accept,0.46153846153846145,ts,1527,0
"[0.375, -0.375, -0.5828988529718457, -0.03804347826086957, -0.13333333333333333, 0.0, 0.0, 0.0, 1.0, 0.6936918745286471, 1.0, 0.0, 0.0, 0.0, 0.0, 0.0, 0.0, 0.0]",43346,108784,N3,accept,0.5625,ts,2781,1
"[0.1250000000000001, -0.1250000000000001, 0.16218749999999993, 0.0, 0.0, 0.0, 0.0, 0.0, 1.0, 0.7409291148542603, 1.0, 0.0, 0.0, 0.0, 0.0, 0.0, 0.0, 0.0]",152518,55412,N3,accept,0.38750000000000007,ts,1632,1
"[0.41176470588235287, -0.41176470588235287, -0.15164369034994696, 0.12, 0.24, 0.0, 0.0, 0.0, 1.0, 0.7458609741032868, 1.0, 0.0, 0.0, 0.0, 0.0, 0.0, 0.0, 0.0]",56971,58615,N3,accept,0.588235294117647,ts,2174,0
"[0.2, -0.07, -0.29684601113172543, 0.0, 0.0, 0.0, 0.0, 0.0, 1.0, 0.6866108486748183, 1.0, 0.0, 0.0, 0.0, 0.0, 0.0, 0.0, 0.0]",63919,48992,N3,accept,0.43999999999999995,ts,1734,0
"[0.04895104895104884, -0.04895104895104884, -0.7835593220338983, -0.14285714285714285, -0.08333333333333333, 0.0, 0.0, 0.0, 1.0, 0.5497466771336185, 1.0, 0.0, 0.0, 0.0, 0.0, 0.0, 0.0, 0.0]",48548,115323,N3,accept,0.3342657342657342,ts,2700,1
"[0.11999999999999993, -0.11999999999999993, -0.3566833452466047, 0.017391304347826087, -0.4428571428571429, 0.0, 0.0, 0.0, 1.0, 0.5992537957863835, 1.0, 0.0, 0.0, 0.0, 0.0, 0.0, 0.0, 0.0]",88672,30103,N3,accept,0.38399999999999995,ts,614,1
"[0.03273809523809514, -0.03273809523809514, 0.0690846286701209, 0.09, 0.09090909090909091, 0.0, 0.0, 0.0, 1.0, 0.6868106489856618, 1.0, 0.0, 0.0, 0.0, 0.0, 0.0, 0.0, 0.0]",16725,63891,N3,accept,0.3229166666666666,ts,2630,0
"[0.8666666666666667, -0.8666666666666667, -0.20028612303290425, 1.0, 1.0, 0.0, 0.0, 0.0, 1.0, 0.6019575380057464, 1.0, 0.0, 0.0, 0.0, 0.0, 0.0, 0.0, 0.0]",106727,16728,N3,accept,0.9066666666666667,ts,501,0
"[0.808695652173913, -0.808695652173913, 0.15907335907335912, -0.05555555555555555, 0.1599999999999999, 0.0, 0.0, 0.0, 1.0, 0.8480449897760274, 1.0, 0.0, 0.0, 0.0, 0.0, 0.0, 0.0, 0.0]",179650,114138,N3,accept,0.8660869565217391,ts,2161,0
"[0.18367346938775517, -0.18367346938775517, 0.14408294601358604, 0.018518518518518517, -0.2, 0.0, 0.0, 0.0, 1.0, 0.7122076687095614, 1.0, 0.0, 0.0, 0.0, 0.0, 0.0, 0.0, 0.0]",135547,106755,N3,accept,0.4285714285714286,ts,1289,1
"[0.11111111111111115, -0.11111111111111115, 0.11641443538998836, 0.8247422680412371, -0.1, 0.0, 0.0, 0.0, 1.0, 0.6013748846829513, 1.0, 0.0, 0.0, 0.0, 0.0, 0.0, 0.0, 0.0]",139804,185391,N3,accept,0.37777777777777777,ts,1416,1
"[0.25, -0.25, -0.7965986394557822, -0.32338308457711445, -0.984375, 0.0, 0.0, 0.0, 1.0, 0.4797494792776246, 1.0, 0.0, 0.0, 0.0, 0.0, 0.0, 0.0, 0.0]",30574,134921,N3,accept,0.475,ts,815,1
"[0.726890756302521, -0.726890756302521, 0.14196891191709854, -0.3549618320610687, 0.36, 0.0, 0.0, 0.0, 1.0, 0.7465779866666304, 1.0, 0.0, 0.0, 0.0, 0.0, 0.0, 0.0, 0.0]",61358,61360,N3,accept,0.8088235294117647,ts,1161,1
"[0.16666666666666666, -0.16666666666666666, -0.06688963210702341, -0.46329113924050636, -0.28, 0.0, 0.0, 0.0, 1.0, 0.6312533268348028, 1.0, 0.0, 0.0, 0.0, 0.0, 0.0, 0.0, 0.0]",121907,84871,N3,accept,0.41666666666666663,ts,2476,1
"[0.8714285714285714, -0.8714285714285714, -0.37771482530689326, 0.10526315789473684, 0.631578947368421, 0.0, 0.0, 0.0, 1.0, 0.7237870292705296, 1.0, 0.0, 0.0, 0.0, 0.0, 0.0, 0.0, 0.0]",180520,170138,N3,accept,0.9099999999999999,ts,1139,0
"[0.04494382022471914, -0.04494382022471914, -0.2535714285714286, -0.08064516129032258, 0.0, 0.0, 0.0, 0.0, 1.0, 0.6649279362905083, 1.0, 0.0, 0.0, 0.0, 0.0, 0.0, 0.0, 0.0]",79360,18005,N3,accept,0.3314606741573034,ts,620,0
"[0.1666666666666667, -0.1666666666666667, -0.20120724346076452, 0.17355371900826447, -0.20833333333333334, 0.0, 0.0, 0.0, 1.0, 0.6498658731927112, 1.0, 0.0, 0.0, 0.0, 0.0, 0.0, 0.0, 0.0]",81543,89666,N3,accept,0.4166666666666667,ts,2421,0
"[0.16216216216216217, -0.16216216216216217, -0.16666666666666666, 0.08461538461538462, 0.020833333333333447, 0.0, 0.0, 0.0, 1.0, 0.7234709814458078, 1.0, 0.0, 0.0, 0.0, 0.0, 0.0, 0.0, 0.0]",91969,91957,N3,accept,0.4135135135135135,ts,413,0
"[0.8530612244897959, -0.8530612244897959, -0.3026455026455026, 0.10526315789473684, 0.631578947368421, 0.0, 0.0, 0.0, 1.0, 0.7372147538127957, 1.0, 0.0, 0.0, 0.0, 0.0, 0.0, 0.0, 0.0]",180524,170138,N3,accept,0.897142857142857,ts,770,0
"[0.75, -0.75, -0.34684095860566444, -0.125, 1.0, 0.0, 0.0, 0.0, 1.0, 0.6878314574704213, 1.0, 0.0, 0.0, 0.0, 0.0, 0.0, 0.0, 0.0]",135617,115951,N3,accept,0.825,ts,938,1
"[0.5636363636363637, -0.5636363636363637, -0.3181818181818182, 0.10826210826210826, 0.7142857142857143, 0.0, 0.0, 0.0, 1.0, 0.684759117069591, 1.0, 0.0, 0.0, 0.0, 0.0, 0.0, 0.0, 0.0]",162722,107588,N3,accept,0.6945454545454546,ts,583,1
"[0.24999999999999997, -0.24999999999999997, -0.27846265409717186, 0.0, 0.0, 0.0, 0.0, 0.0, 1.0, 0.7541829612825312, 1.0, 0.0, 0.0, 0.0, 0.0, 0.0, 0.0, 0.0]",141746,174748,N3,accept,0.475,ts,709,0
"[0.040000000000000036, -0.040000000000000036, 0.0, 0.6467889908256881, -0.6777777777777777, 0.0, 0.0, 0.0, 1.0, 0.5447957747892169, 1.0, 0.0, 0.0, 0.0, 0.0, 0.0, 0.0, 0.0]",164354,158412,N3,accept,0.328,ts,2303,0
"[0.47058823529411764, -0.47058823529411764, 0.07692307692307693, 1.0, 0.6599999999999999, 0.0, 0.0, 0.0, 1.0, 0.6187834354083326, 1.0, 0.0, 0.0, 0.0, 0.0, 0.0, 0.0, 0.0]",37982,39150,N3,accept,0.6294117647058823,ts,570,1
"[0.11904761904761903, -0.11904761904761903, 0.0, -0.11564625850340136, 0.06666666666666662, 0.0, 0.0, 0.0, 1.0, 0.7444764079184683, 1.0, 0.0, 0.0, 0.0, 0.0, 0.0, 0.0, 0.0]",91970,91969,N3,accept,0.3833333333333333,ts,2077,0
"[0.09523809523809519, -0.09523809523809519, -0.16666666666666666, -0.03741496598639456, 0.1111111111111111, 0.0, 0.0, 0.0, 1.0, 0.6880753628815747, 1.0, 0.0, 0.0, 0.0, 0.0, 0.0, 0.0, 0.0]",91970,38840,N3,accept,0.3666666666666666,ts,2989,1
"[0.55, -0.55, -0.31050000000000005, 0.0, 0.0, 0.0, 0.0, 0.0, 1.0, 0.8269268776196401, 1.0, 0.0, 0.0, 0.0, 0.0, 0.0, 0.0, 0.0]",112476,141749,N3,accept,0.685,ts,1985,1
"[0.4485294117647059, -0.4485294117647059, 0.09333333333333324, -0.0843806104129264, -0.2692307692307692, 0.0, 0.0, 0.0, 1.0, 0.776901172593482, 1.0, 0.0, 0.0, 0.0, 0.0, 0.0, 0.0, 0.0]",29970,155668,N3,accept,0.6139705882352942,ts,1384,1
"[0.19709090909090918, -0.19709090909090918, -0.07324621733149929, 0.0, 0.0, 0.0, 0.0, 0.0, 1.0, 0.7945750109053056, 1.0, 0.0, 0.0, 0.0, 0.0, 0.0, 0.0, 0.0]",85069,63876,N3,accept,0.43796363636363644,ts,2509,0
"[0.1250000000000001, -0.1250000000000001, 0.0858394160583941, 0.0, 0.0, 0.0, 0.0, 0.0, 1.0, 0.7647832266303307, 1.0, 0.0, 0.0, 0.0, 0.0, 0.0, 0.0, 0.0]",29519,55412,N3,accept,0.38750000000000007,ts,1546,1
"[0.15999999999999998, -0.15999999999999998, -0.07235621521335804, 0.41935483870967744, -0.014285714285714235, 0.0, 0.0, 0.0, 1.0, 0.6925432745548783, 1.0, 0.0, 0.0, 0.0, 0.0, 0.0, 0.0, 0.0]",59417,15171,N3,accept,0.412,ts,558,1
"[0.16666666666666663, -0.16666666666666663, -0.271869328493648, 0.2, -0.020000000000000018, 0.0, 0.0, 0.0, 1.0, 0.6720108132142955, 1.0, 0.0, 0.0, 0.0, 0.0, 0.0, 0.0, 0.0]",87131,86978,N3,accept,0.41666666666666663,ts,629,1
"[0.28571428571428575, -0.28571428571428575, 0.0, -0.1005586592178771, 0.14285714285714285, 0.0, 0.0, 0.0, 1.0, 0.7864257510470529, 1.0, 0.0, 0.0, 0.0, 0.0, 0.0, 0.0, 0.0]",128281,51122,N3,accept,0.5,ts,2086,1
"[0.1200000000000001, -0.1200000000000001, 0.1455847255369929, -0.04024767801857585, -0.33999999999999997, 0.0, 0.0, 0.0, 1.0, 0.6583894484224873, 1.0, 0.0, 0.0, 0.0, 0.0, 0.0, 0.0, 0.0]",57279,59423,N3,accept,0.38400000000000006,ts,2048,1
"[0.0555555555555556, -0.0555555555555556, -0.16666666666666666, 0.0, -0.10714285714285714, 0.0, 0.0, 0.0, 1.0, 0.6851591657739663, 1.0, 0.0, 0.0, 0.0, 0.0, 0.0, 0.0, 0.0]",111476,105724,N3,accept,0.3388888888888889,ts,1058,1
"[0.3636363636363637, -0.3636363636363637, 0.0, 0.0, 0.0, 0.0, 0.0, 0.0, 1.0, 0.8742764353476687, 1.0, 0.0, 0.0, 0.0, 0.0, 0.0, 0.0, 0.0]",123548,123174,N3,accept,0.5545454545454546,ts,1453,0
"[0.39999999999999997, -0.39999999999999997, -0.15037593984962405, -0.14102564102564102, 1.0, 0.0, 0.0, 0.0, 1.0, 0.6590576202362083, 1.0, 0.0, 0.0, 0.0, 0.0, 0.0, 0.0, 0.0]",58951,120916,N3,accept,0.58,ts,1833,1
"[0.296, -0.296, 0.09090909090909091, -0.008547008547008548, -0.14285714285714285, 0.0, 0.0, 0.0, 1.0, 0.7811685012813457, 1.0, 0.0, 0.0, 0.0, 0.0, 0.0, 0.0, 0.0]",70001,32065,N3,accept,0.5072,ts,692,0
"[0.6785714285714286, -0.6785714285714286, -0.06094182825484772, 0.10465116279069768, -0.20689655172413793, 0.0, 0.0, 0.0, 1.0, 0.8401414992281117, 1.0, 0.0, 0.0, 0.0, 0.0, 0.0, 0.0, 0.0]",123439,89765,N3,accept,0.7749999999999999,ts,1982,0
"[0.19709090909090918, -0.19709090909090918, -0.07324621733149929, 0.0, 0.0, 0.0, 0.0, 0.0, 1.0, 0.7945750109053056, 1.0, 0.0, 0.0, 0.0, 0.0, 0.0, 0.0, 0.0]",85069,63876,N3,accept,0.43796363636363644,ts,1140,0
"[0.10000000000000007, -0.10000000000000007, -0.17519908987485786, -0.01048951048951049, -0.14285714285714285, 0.0, 0.0, 0.0, 1.0, 0.6877102891525925, 1.0, 0.0, 0.0, 0.0, 0.0, 0.0, 0.0, 0.0]",115366,134111,N3,accept,0.37000000000000005,ts,1018,0
"[0.375, -0.375, 0.024727272727272716, -0.4527027027027027, 0.33999999999999997, 0.0, 0.0, 0.0, 1.0, 0.7044564132089861, 1.0, 0.0, 0.0, 0.0, 0.0, 0.0, 0.0, 0.0]",19607,154734,N3,accept,0.5625,ts,724,0
"[0.6666666666666666, -0.6666666666666666, -0.06584922797456855, 0.24358974358974358, -0.29411764705882354, 0.0, 0.0, 0.0, 1.0, 0.7911690660901631, 1.0, 0.0, 0.0, 0.0, 0.0, 0.0, 0.0, 0.0]",146728,29663,N3,accept,0.7666666666666666,ts,2111,1
"[0.8714285714285714, -0.8714285714285714, -0.23282887077997672, 0.75, 0.55, 0.0, 0.0, 0.0, 1.0, 0.6748322766805989, 1.0, 0.0, 0.0, 0.0, 0.0, 0.0, 0.0, 0.0]",78136,170138,N3,accept,0.9099999999999999,ts,2289,0
"[0.7058823529411765, -0.7058823529411765, -0.04595404595404586, 0.84, -0.4444444444444444, 0.0, 0.0, 0.0, 1.0, 0.7183640289709969, 1.0, 0.0, 0.0, 0.0, 0.0, 0.0, 0.0, 0.0]",170190,146668,N3,accept,0.7941176470588236,ts,2478,1
"[0.7647058823529411, -0.7647058823529411, -0.04260651629072671, 0.6370106761565836, 0.42857142857142855, 0.0, 0.0, 0.0, 1.0, 0.7434692842323926, 1.0, 0.0, 0.0, 0.0, 0.0, 0.0, 0.0, 0.0]",60954,146668,N3,accept,0.8352941176470587,ts,2465,1
"[0.26666666666666666, -0.26666666666666666, 0.05772136597159252, 0.09554140127388536, 0.125, 0.0, 0.0, 0.0, 1.0, 0.7639113047871336, 1.0, 0.0, 0.0, 0.0, 0.0, 0.0, 0.0, 0.0]",104690,169335,N3,accept,0.48666666666666664,ts,457,1
"[0.5, -0.5, -0.12990777338603424, 1.0, 0.2727272727272727, 0.0, 0.0, 0.0, 1.0, 0.6540070179142446, 1.0, 0.0, 0.0, 0.0, 0.0, 0.0, 0.0, 0.0]",85795,61314,N3,accept,0.6499999999999999,ts,2279,0
"[0.14285714285714288, -0.14285714285714288, -0.18779342723004694, 0.007246376811594203, 0.0, 0.0, 0.0, 0.0, 1.0, 0.7379852194013543, 1.0, 0.0, 0.0, 0.0, 0.0, 0.0, 0.0, 0.0]",81462,125880,N3,accept,0.4,ts,2270,1
"[0.2000000000000001, -0.2000000000000001, -0.12343828085957033, 0.06790123456790123, -0.1, 0.0, 0.0, 0.0, 1.0, 0.7328374499356815, 1.0, 0.0, 0.0, 0.0, 0.0, 0.0, 0.0, 0.0]",146547,87098,N3,accept,0.44000000000000006,ts,1711,1
"[0.4, -0.28, -0.29684601113172543, 0.0, 0.0, 0.0, 0.0, 0.0, 1.0, 0.759689501888925, 1.0, 0.0, 0.0, 0.0, 0.0, 0.0, 0.0, 0.0]",63873,42569,N3,accept,0.58,ts,2300,0
"[0.2666666666666666, -0.2666666666666666, -0.28709055876685935, 0.06333333333333334, 0.2727272727272727, 0.0, 0.0, 0.0, 1.0, 0.6767112466300538, 1.0, 0.0, 0.0, 0.0, 0.0, 0.0, 0.0, 0.0]",16722,130294,N3,accept,0.4866666666666666,ts,655,1
"[0.13333333333333328, -0.13333333333333328, -0.04120070629782221, -0.05084745762711865, -0.07999999999999999, 0.0, 0.0, 0.0, 1.0, 0.7468416070854169, 1.0, 0.0, 0.0, 0.0, 0.0, 0.0, 0.0, 0.0]",87097,143094,N3,accept,0.39333333333333326,ts,1214,1
"[0.296, -0.296, -0.24811594202898546, 0.1872791519434629, 1.0, 0.0, 0.0, 0.0, 1.0, 0.5810148785045811, 1.0, 0.0, 0.0, 0.0, 0.0, 0.0, 0.0, 0.0]",185510,107458,N3,accept,0.5072,ts,1253,1
"[0.013333333333333253, -0.013333333333333253, 0.2005012531328321, 0.15579710144927536, 0.4, 0.0, 0.0, 0.0, 1.0, 0.5661701482744483, 1.0, 0.0, 0.0, 0.0, 0.0, 0.0, 0.0, 0.0]",48996,63924,N3,accept,0.30933333333333324,ts,864,0
"[0.26470588235294124, -0.26470588235294124, 0.1392694063926941, 0.24, 0.040000000000000036, 0.0, 0.0, 0.0, 1.0, 0.7270201311319596, 1.0, 0.0, 0.0, 0.0, 0.0, 0.0, 0.0, 0.0]",77265,130669,N3,accept,0.4852941176470589,ts,1073,0
"[0.24999999999999997, -0.24999999999999997, -0.6068, 0.0, 0.0, 0.0, 0.0, 0.0, 1.0, 0.6990144894328193, 1.0, 0.0, 0.0, 0.0, 0.0, 0.0, 0.0, 0.0]",69947,90177,N3,accept,0.475,ts,904,1
"[0.5215311004784688, -0.5215311004784688, -0.19849999999999995, -0.8859934853420195, -0.27999999999999997, 0.0, 0.0, 0.0, 1.0, 0.6591531334939468, 1.0, 0.0, 0.0, 0.0, 0.0, 0.0, 0.0, 0.0]",69980,115984,N3,accept,0.6650717703349281,ts,686,1
"[0.5636363636363637, -0.5636363636363637, -0.2527272727272727, -0.005698005698005698, 0.42857142857142855, 0.0, 0.0, 0.0, 1.0, 0.7547743302203972, 1.0, 0.0, 0.0, 0.0, 0.0, 0.0, 0.0, 0.0]",70002,108839,N3,accept,0.6945454545454546,ts,1508,1
"[0.2, -0.07, -0.29684601113172543, 0.0, 0.0, 0.0, 0.0, 0.0, 1.0, 0.6866108486748183, 1.0, 0.0, 0.0, 0.0, 0.0, 0.0, 0.0, 0.0]",63919,48992,N3,accept,0.43999999999999995,ts,2827,0
"[0.11999999999999993, -0.11999999999999993, -0.20886075949367092, -0.5661971830985916, -0.6666666666666666, 0.0, 0.0, 0.0, 1.0, 0.5141080150759103, 1.0, 0.0, 0.0, 0.0, 0.0, 0.0, 0.0, 0.0]",109421,142264,N3,accept,0.38399999999999995,ts,1879,1
"[0.7, -0.7, -0.2506265664160401, 0.18777292576419213, -0.96875, 0.0, 0.0, 0.0, 1.0, 0.6912524862084459, 1.0, 0.0, 0.0, 0.0, 0.0, 0.0, 0.0, 0.0]",185375,134921,N3,accept,0.7899999999999999,ts,1514,1
"[0.25000000000000006, -0.25000000000000006, -0.09111617312072894, 0.1, -0.059999999999999984, 0.0, 0.0, 0.0, 1.0, 0.7621185638122803, 1.0, 0.0, 0.0, 0.0, 0.0, 0.0, 0.0, 0.0]",30785,110598,N3,accept,0.475,ts,1947,0
"[0.25, -0.25, -0.24812030075187969, 0.0581039755351682, 0.32978723404255317, 0.0, 0.0, 0.0, 1.0, 0.6724565857057285, 1.0, 0.0, 0.0, 0.0, 0.0, 0.0, 0.0, 0.0]",82380,117045,N3,accept,0.475,ts,2293,0
"[0.5, -0.5, 0.07799999999999997, -0.18333333333333332, 1.0, 0.0, 0.0, 0.0, 1.0, 0.7007805972815504, 1.0, 0.0, 0.0, 0.0, 0.0, 0.0, 0.0, 0.0]",69946,63873,N3,accept,0.6499999999999999,ts,672,0
"[0.3636363636363637, -0.3636363636363637, 0.0, 0.0, 0.0, 0.0, 0.0, 0.0, 1.0, 0.8742764353476687, 1.0, 0.0, 0.0, 0.0, 0.0, 0.0, 0.0, 0.0]",123010,123174,N3,accept,0.5545454545454546,ts,1742,0
"[0.20000000000000007, -0.20000000000000007, 0.18088235294117644, 0.011299435028248588, -0.5, 0.0, 0.0, 0.0, 1.0, 0.6639474986889986, 1.0, 0.0, 0.0, 0.0, 0.0, 0.0, 0.0, 0.0]",108741,93936,N3,accept,0.44000000000000006,ts,1603,1
"[0.164, -0.164, -0.6836, -0.1, 0.088, 0.0, 0.0, 0.0, 1.0, 0.6098549356396384, 1.0, 0.0, 0.0, 0.0, 0.0, 0.0, 0.0, 0.0]",85224,134716,N3,accept,0.4148,ts,1459,0
"[0.4444444444444445, -0.4444444444444445, 0.22284122562674097, -0.7678571428571429, -0.58, 0.0, 0.0, 0.0, 1.0, 0.6030913596283243, 1.0, 0.0, 0.0, 0.0, 0.0, 0.0, 0.0, 0.0]",63093,110076,N3,accept,0.6111111111111112,ts,1489,0
"[0.64, -0.64, -0.06526468455402455, 0.0, 0.0, 0.0, 0.0, 0.0, 1.0, 0.9115953603082338, 1.0, 0.0, 0.0, 0.0, 0.0, 0.0, 0.0, 0.0]",141772,90178,N3,accept,0.748,ts,2413,1
"[0.16666666666666663, -0.16666666666666663, 0.20020020020020018, 0.02040816326530612, 0.14583333333333337, 0.0, 0.0, 0.0, 1.0, 0.7012934475096448, 1.0, 0.0, 0.0, 0.0, 0.0, 0.0, 0.0, 0.0]",16681,63869,N3,accept,0.41666666666666663,ts,769,0
"[0.28571428571428575, -0.28571428571428575, -0.4786235662148071, 0.12037037037037036, 0.016666666666666607, 0.0, 0.0, 0.0, 1.0, 0.6908105867497607, 1.0, 0.0, 0.0, 0.0, 0.0, 0.0, 0.0, 0.0]",55915,81542,N3,accept,0.5,ts,1317,1
"[0.4545454545454546, -0.4545454545454546, -0.3942101501072195, -0.0169971671388102, 0.4666666666666667, 0.0, 0.0, 0.0, 1.0, 0.6930601486020554, 1.0, 0.0, 0.0, 0.0, 0.0, 0.0, 0.0, 0.0]",88669,108828,N3,accept,0.6181818181818182,ts,1210,1
"[0.3636363636363637, -0.3636363636363637, 0.0, 0.061046511627906974, 0.0, 0.0, 0.0, 0.0, 1.0, 0.8570363402900383, 1.0, 0.0, 0.0, 0.0, 0.0, 0.0, 0.0, 0.0]",123009,123174,N3,accept,0.5545454545454546,ts,1974,0
"[0.20000000000000004, -0.20000000000000004, -0.634703196347032, 0.07407407407407407, -0.74, 0.0, 0.0, 0.0, 1.0, 0.5425189848892313, 1.0, 0.0, 0.0, 0.0, 0.0, 0.0, 0.0, 0.0]",19598,106004,N3,accept,0.44,ts,803,0
"[0.5, -0.5, -0.05854643337819645, -0.07874015748031496, 0.5333333333333333, 0.0, 0.0, 0.0, 1.0, 0.7664548674852124, 1.0, 0.0, 0.0, 0.0, 0.0, 0.0, 0.0, 0.0]",106764,88671,N3,accept,0.6499999999999999,ts,1765,1
"[0.6000000000000001, -0.6000000000000001, 0.1111111111111111, 0.0, 0.0, 0.0, 0.0, 0.0, 1.0, 0.8892219481331178, 1.0, 0.0, 0.0, 0.0, 0.0, 0.0, 0.0, 0.0]",38176,112477,N3,accept,0.72,ts,1320,0
"[0.55, -0.55, 0.0, 0.006872852233676976, 0.0, 0.0, 0.0, 0.0, 1.0, 0.9173977756641208, 1.0, 0.0, 0.0, 0.0, 0.0, 0.0, 0.0, 0.0]",106148,106147,N3,accept,0.685,ts,2879,0
"[0.12499999999999988, -0.12499999999999988, 0.03177124702144559, -0.23684210526315788, 0.10526315789473684, 0.0, 0.0, 0.0, 1.0, 0.6989493880617605, 1.0, 0.0, 0.0, 0.0, 0.0, 0.0, 0.0, 0.0]",144703,144702,N3,accept,0.3874999999999999,ts,477,1
"[0.20000000000000007, -0.20000000000000007, -0.4706467661691542, -0.055248618784530384, 0.0, 0.0, 0.0, 0.0, 1.0, 0.6851610481152052, 1.0, 0.0, 0.0, 0.0, 0.0, 0.0, 0.0, 0.0]",174793,107170,N3,accept,0.44000000000000006,ts,2335,1
"[0.25, -0.25, 0.0, 0.0, 0.0, 0.0, 0.0, 0.0, 1.0, 0.8395893495876965, 1.0, 0.0, 0.0, 0.0, 0.0, 0.0, 0.0, 0.0]",116977,117045,N3,accept,0.475,ts,2475,0
"[0.8705882352941177, -0.8705882352941177, -0.0024169184290029695, 0.684, -0.06666666666666667, 0.0, 0.0, 0.0, 1.0, 0.8343113700427547, 1.0, 0.0, 0.0, 0.0, 0.0, 0.0, 0.0, 0.0]",61306,61314,N3,accept,0.9094117647058824,ts,2696,1
"[0.5170454545454546, -0.5170454545454546, 0.0, -0.21153846153846154, 0.07999999999999999, 0.0, 0.0, 0.0, 1.0, 0.8386147037299572, 1.0, 0.0, 0.0, 0.0, 0.0, 0.0, 0.0, 0.0]",74187,87406,N3,accept,0.6619318181818181,ts,611,1
"[0.6136363636363636, -0.6136363636363636, 0.23355263157894735, -0.553623188405797, -0.6166666666666667, 0.0, 0.0, 0.0, 1.0, 0.6501590531647603, 1.0, 0.0, 0.0, 0.0, 0.0, 0.0, 0.0, 0.0]",123021,142262,N3,accept,0.7295454545454545,ts,2793,1
"[0.24999999999999997, -0.24999999999999997, -0.6068, 0.0, 0.0, 0.0, 0.0, 0.0, 1.0, 0.6990144894328193, 1.0, 0.0, 0.0, 0.0, 0.0, 0.0, 0.0, 0.0]",69947,90177,N3,accept,0.475,ts,1269,1
"[0.72, -0.72, 0.14583333333333334, 0.02, 0.06000000000000001, 0.0, 0.0, 0.0, 1.0, 0.8748597557133838, 1.0, 0.0, 0.0, 0.0, 0.0, 0.0, 0.0, 0.0]",135298,81568,N3,accept,0.804,ts,2942,0
"[0.9222222222222222, -0.9222222222222222, -0.18634607127522543, 0.09333333333333334, -0.5545454545454546, 0.0, 0.0, 0.0, 1.0, 0.7821361732694757, 1.0, 0.0, 0.0, 0.0, 0.0, 0.0, 0.0, 0.0]",141734,49086,N3,accept,0.9455555555555555,ts,787,1
"[0.7916666666666666, -0.7916666666666666, -0.4004004004004004, 0.02040816326530612, 0.14583333333333337, 0.0, 0.0, 0.0, 1.0, 0.8032977757674272, 1.0, 0.0, 0.0, 0.0, 0.0, 0.0, 0.0, 0.0]",16681,16729,N3,accept,0.8541666666666665,ts,2054,1
"[0.25, -0.25, -0.24050632911392406, 0.0, -0.005555555555555635, 0.0, 0.0, 0.0, 1.0, 0.7615633265577997, 1.0, 0.0, 0.0, 0.0, 0.0, 0.0, 0.0, 0.0]",183583,165914,N3,accept,0.475,ts,544,0
"[0.19999999999999993, -0.19999999999999993, -0.3181818181818182, -0.8833333333333333, -0.7454545454545454, 0.0, 0.0, 0.0, 1.0, 0.4880812579943533, 1.0, 0.0, 0.0, 0.0, 0.0, 0.0, 0.0, 0.0]",41688,18330,N3,accept,0.43999999999999995,ts,1479,0
"[0.2857142857142858, -0.2857142857142858, -0.19920000000000002, 0.1456953642384106, -0.040000000000000036, 0.0, 0.0, 0.0, 1.0, 0.735861369124238, 1.0, 0.0, 0.0, 0.0, 0.0, 0.0, 0.0, 0.0]",108112,87100,N3,accept,0.5,ts,2813,1
"[0.4583333333333333, -0.4583333333333333, -0.1433260393873086, 0.22, 0.24000000000000005, 0.0, 0.0, 0.0, 1.0, 0.7386709394486253, 1.0, 0.0, 0.0, 0.0, 0.0, 0.0, 0.0, 0.0]",151789,123325,N3,accept,0.6208333333333333,ts,2293,0
"[0.33333333333333337, -0.33333333333333337, -0.3220035778175313, 0.09333333333333334, -0.5545454545454546, 0.0, 0.0, 0.0, 1.0, 0.6445028751316437, 1.0, 0.0, 0.0, 0.0, 0.0, 0.0, 0.0, 0.0]",16731,49086,N3,accept,0.5333333333333333,ts,1485,0
"[0.1111111111111111, -0.1111111111111111, -0.2028985507246377, -0.6929824561403509, -0.25, 0.0, 0.0, 0.0, 1.0, 0.5530661334564829, 1.0, 0.0, 0.0, 0.0, 0.0, 0.0, 0.0, 0.0]",87177,110001,N3,accept,0.37777777777777777,ts,632,1
"[0.5, -0.5, 0.16666666666666666, -0.033707865168539325, 0.5, 0.0, 0.0, 0.0, 1.0, 0.747496390356044, 1.0, 0.0, 0.0, 0.0, 0.0, 0.0, 0.0, 0.0]",138519,104685,N3,accept,0.6499999999999999,ts,925,1
"[0.2972972972972973, -0.2972972972972973, 0.052770448548812667, -0.2440944881889764, -0.2631578947368421, 0.0, 0.0, 0.0, 1.0, 0.7152849125461873, 1.0, 0.0, 0.0, 0.0, 0.0, 0.0, 0.0, 0.0]",31679,175226,N3,accept,0.5081081081081081,ts,2223,0
"[0.20000000000000004, -0.20000000000000004, -0.634703196347032, 0.07407407407407407, -0.74, 0.0, 0.0, 0.0, 1.0, 0.5425189848892313, 1.0, 0.0, 0.0, 0.0, 0.0, 0.0, 0.0, 0.0]",19598,106004,N3,accept,0.44,ts,603,0
"[0.3032258064516129, -0.3032258064516129, -0.046875, -0.002849002849002849, 0.07142857142857142, 0.0, 0.0, 0.0, 1.0, 0.817748560930307, 1.0, 0.0, 0.0, 0.0, 0.0, 0.0, 0.0, 0.0]",15686,15687,N3,accept,0.512258064516129,ts,1868,0
"[0.296, -0.296, -0.028856825749167567, -0.3839080459770115, -0.25, 0.0, 0.0, 0.0, 1.0, 0.7036060766231607, 1.0, 0.0, 0.0, 0.0, 0.0, 0.0, 0.0, 0.0]",155692,92135,N3,accept,0.5072,ts,2931,1
"[0.24999999999999997, -0.24999999999999997, 0.16666666666666666, 0.0, 0.0, 0.0, 0.0, 0.0, 1.0, 0.7828956117024544, 1.0, 0.0, 0.0, 0.0, 0.0, 0.0, 0.0, 0.0]",18305,18309,N3,accept,0.475,ts,1060,0
"[0.34, -0.34, -0.2748368382886149, 0.0, 0.0, 0.0, 0.0, 0.0, 1.0, 0.7829139224011672, 1.0, 0.0, 0.0, 0.0, 0.0, 0.0, 0.0, 0.0]",141766,93864,N3,accept,0.538,ts,2581,1
"[0.18644067796610167, -0.18644067796610167, -0.33894993894993897, 0.08695652173913043, 0.1, 0.0, 0.0, 0.0, 1.0, 0.6685493508135446, 1.0, 0.0, 0.0, 0.0, 0.0, 0.0, 0.0, 0.0]",63936,82038,N3,accept,0.43050847457627117,ts,1907,1
"[0.20000000000000004, -0.20000000000000004, -0.08571428571428572, 0.18253968253968253, 0.0625, 0.0, 0.0, 0.0, 1.0, 0.7278160105377319, 1.0, 0.0, 0.0, 0.0, 0.0, 0.0, 0.0, 0.0]",115390,104963,N3,accept,0.44,ts,1119,0
"[0.85, -0.85, -0.10999999999999996, 0.0, 0.0, 0.0, 0.0, 0.0, 1.0, 0.9242905169117369, 1.0, 0.0, 0.0, 0.0, 0.0, 0.0, 0.0, 0.0]",37946,90167,N3,accept,0.895,ts,1322,1
"[0.39999999999999997, -0.39999999999999997, -0.35933147632311974, -0.3006134969325153, -0.26666666666666666, 0.0, 0.0, 0.0, 1.0, 0.651960824166897, 1.0, 0.0, 0.0, 0.0, 0.0, 0.0, 0.0, 0.0]",155669,178949,N3,accept,0.58,ts,999,1
"[0.5636363636363637, -0.5636363636363637, 0.21071428571428566, -0.022535211267605635, 1.0, 0.0, 0.0, 0.0, 1.0, 0.7170834252613659, 1.0, 0.0, 0.0, 0.0, 0.0, 0.0, 0.0, 0.0]",123005,108828,N3,accept,0.6945454545454546,ts,673,0
"[0.25, -0.25, -0.5272727272727272, 0.2857142857142857, 0.25, 0.0, 0.0, 0.0, 1.0, 0.5849468133591713, 1.0, 0.0, 0.0, 0.0, 0.0, 0.0, 0.0, 0.0]",127600,183357,N3,accept,0.475,ts,966,1
"[0.4444444444444445, -0.4444444444444445, -0.06833333333333336, -0.0028089887640449437, -0.05555555555555555, 0.0, 0.0, 0.0, 1.0, 0.8535334861931476, 1.0, 0.0, 0.0, 0.0, 0.0, 0.0, 0.0, 0.0]",138518,88157,N3,accept,0.6111111111111112,ts,1975,1
"[0.15999999999999998, -0.15999999999999998, 0.0, 0.0, 0.0, 0.0, 0.0, 0.0, 1.0, 0.8088739373846245, 1.0, 0.0, 0.0, 0.0, 0.0, 0.0, 0.0, 0.0]",16728,16731,N3,accept,0.412,ts,1743,0
"[0.8530612244897959, -0.8530612244897959, -0.3026455026455026, 0.10526315789473684, 0.631578947368421, 0.0, 0.0, 0.0, 1.0, 0.7372147538127957, 1.0, 0.0, 0.0, 0.0, 0.0, 0.0, 0.0, 0.0]",180524,170138,N3,accept,0.897142857142857,ts,1451,0
"[0.12, -0.12, 0.08428571428571437, -0.18032786885245902, -0.3125, 0.0, 0.0, 0.0, 1.0, 0.6483664614798773, 1.0, 0.0, 0.0, 0.0, 0.0, 0.0, 0.0, 0.0]",104681,85794,N3,accept,0.384,ts,2296,0
"[0.20000000000000007, -0.20000000000000007, -0.00663349917081258, -0.002785515320334262, -0.44, 0.0, 0.0, 0.0, 1.0, 0.7315763827558615, 1.0, 0.0, 0.0, 0.0, 0.0, 0.0, 0.0, 0.0]",30201,135482,N3,accept,0.44000000000000006,ts,1747,1
"[0.8944444444444444, -0.8944444444444444, 0.0, -0.02, 0.0, 0.0, 0.0, 0.0, 1.0, 0.962136410518863, 1.0, 0.0, 0.0, 0.0, 0.0, 0.0, 0.0, 0.0]",89731,83441,N3,accept,0.9261111111111111,ts,1474,0
"[0.08333333333333323, -0.08333333333333323, -0.17103762827822122, 0.0, 0.0, 0.0, 0.0, 0.0, 1.0, 0.7231472001150814, 1.0, 0.0, 0.0, 0.0, 0.0, 0.0, 0.0, 0.0]",147381,85069,N3,accept,0.3583333333333332,ts,1357,1
"[0.7, -0.7, 0.07168458781362008, 0.2830188679245283, -0.9722222222222222, 0.0, 0.0, 0.0, 1.0, 0.7253640172583175, 1.0, 0.0, 0.0, 0.0, 0.0, 0.0, 0.0, 0.0]",84871,134921,N3,accept,0.7899999999999999,ts,869,0
"[0.25, -0.25, -0.25925925925925924, 0.048484848484848485, 0.041666666666666664, 0.0, 0.0, 0.0, 1.0, 0.7328139323987184, 1.0, 0.0, 0.0, 0.0, 0.0, 0.0, 0.0, 0.0]",142494,117045,N3,accept,0.475,ts,874,0
"[0.8285714285714286, -0.8285714285714286, -0.522463768115942, 0.68, 0.55, 0.0, 0.0, 0.0, 1.0, 0.6203403653485181, 1.0, 0.0, 0.0, 0.0, 0.0, 0.0, 0.0, 0.0]",71136,170138,N3,accept,0.8799999999999999,ts,1136,0
"[0.25, -0.25, -0.5784649062799289, -0.0024271844660194173, 0.0, 0.0, 0.0, 0.0, 1.0, 0.7017529829987413, 1.0, 0.0, 0.0, 0.0, 0.0, 0.0, 0.0, 0.0]",15456,189231,N3,accept,0.475,ts,2356,1
"[0.3888888888888889, -0.3888888888888889, -0.2288984263233191, 0.0, 0.0, 0.0, 0.0, 0.0, 1.0, 0.8078061837492823, 1.0, 0.0, 0.0, 0.0, 0.0, 0.0, 0.0, 0.0]",147468,147380,N3,accept,0.5722222222222222,ts,2544,1
"[0.6000000000000001, -0.6000000000000001, 0.1111111111111111, 1.0, 1.0, 0.0, 0.0, 0.0, 1.0, 0.5953401686575794, 1.0, 0.0, 0.0, 0.0, 0.0, 0.0, 0.0, 0.0]",38174,112477,N3,accept,0.72,ts,1592,0
"[0.5599999999999999, -0.5599999999999999, 0.0013342228152101116, 0.014035087719298246, 0.03571428571428559, 0.0, 0.0, 0.0, 1.0, 0.9064267245263649, 1.0, 0.0, 0.0, 0.0, 0.0, 0.0, 0.0, 0.0]",104485,114138,N3,accept,0.692,ts,2982,0
"[0.5, -0.5, 0.03799999999999997, 0.0, 0.0, 0.0, 0.0, 0.0, 1.0, 0.8941504794086983, 1.0, 0.0, 0.0, 0.0, 0.0, 0.0, 0.0, 0.0]",69946,16718,N3,accept,0.6499999999999999,ts,1948,1
"[0.3571428571428571, -0.3571428571428571, -0.5704295704295704, 0.002849002849002849, 0.74, 0.0, 0.0, 0.0, 1.0, 0.6196365047092418, 1.0, 0.0, 0.0, 0.0, 0.0, 0.0, 0.0, 0.0]",117054,105899,N3,accept,0.5499999999999999,ts,543,1
"[0.25, -0.25, -0.316628701594533, -0.011428571428571429, 0.13636363636363635, 0.0, 0.0, 0.0, 1.0, 0.7065666744509789, 1.0, 0.0, 0.0, 0.0, 0.0, 0.0, 0.0, 0.0]",117111,117045,N3,accept,0.475,ts,2745,0
"[0.64, -0.64, -0.0346408558329088, -0.05, -0.17272727272727276, 0.0, 0.0, 0.0, 1.0, 0.8645923634066793, 1.0, 0.0, 0.0, 0.0, 0.0, 0.0, 0.0, 0.0]",90181,49005,N3,accept,0.748,ts,678,0
"[0.20000000000000007, -0.20000000000000007, -0.20380601596071202, -0.10160427807486631, 0.875, 0.0, 0.0, 0.0, 1.0, 0.60435783142046, 1.0, 0.0, 0.0, 0.0, 0.0, 0.0, 0.0, 0.0]",162740,107554,N3,accept,0.44000000000000006,ts,1008,1
"[0.296, -0.296, 0.09090909090909091, -0.008547008547008548, -0.14285714285714285, 0.0, 0.0, 0.0, 1.0, 0.7811685012813457, 1.0, 0.0, 0.0, 0.0, 0.0, 0.0, 0.0, 0.0]",70001,31966,N3,accept,0.5072,ts,1728,1
"[0.6, -0.6, -0.10370370370370366, 0.3348623853211009, 0.3333333333333333, 0.0, 0.0, 0.0, 1.0, 0.7454021480082622, 1.0, 0.0, 0.0, 0.0, 0.0, 0.0, 0.0, 0.0]",164354,29663,N3,accept,0.72,ts,2122,1
"[0.20000000000000004, -0.20000000000000004, -0.08571428571428572, 0.18253968253968253, 0.0625, 0.0, 0.0, 0.0, 1.0, 0.7278160105377319, 1.0, 0.0, 0.0, 0.0, 0.0, 0.0, 0.0, 0.0]",115390,104963,N3,accept,0.44,ts,2495,0
"[0.24999999999999997, -0.24999999999999997, 0.1, 0.0, 0.0, 0.0, 0.0, 0.0, 1.0, 0.8033355002032929, 1.0, 0.0, 0.0, 0.0, 0.0, 0.0, 0.0, 0.0]",51138,18239,N3,accept,0.475,ts,2989,0
"[0.4583333333333333, -0.4583333333333333, -0.3461377870563674, 0.02, 0.07999999999999999, 0.0, 0.0, 0.0, 1.0, 0.7711205717282401, 1.0, 0.0, 0.0, 0.0, 0.0, 0.0, 0.0, 0.0]",141805,123325,N3,accept,0.6208333333333333,ts,712,1
"[0.11458333333333333, -0.11458333333333333, -0.08759124087591248, -0.5587392550143266, -0.77, 0.0, 0.0, 0.0, 1.0, 0.5416340437403093, 1.0, 0.0, 0.0, 0.0, 0.0, 0.0, 0.0, 0.0]",108839,142262,N3,accept,0.3802083333333333,ts,2744,0
"[0.023255813953488292, -0.023255813953488292, 0.1956001912960306, 0.16556291390728478, -0.014285714285714235, 0.0, 0.0, 0.0, 1.0, 0.6474584734267568, 1.0, 0.0, 0.0, 0.0, 0.0, 0.0, 0.0, 0.0]",115226,15171,N3,accept,0.3162790697674418,ts,2478,0
"[0.13333333333333344, -0.13333333333333344, -0.1, -0.75, -0.44000000000000006, 0.0, 0.0, 0.0, 1.0, 0.5587769414463242, 1.0, 0.0, 0.0, 0.0, 0.0, 0.0, 0.0, 0.0]",70105,79461,N3,accept,0.3933333333333334,ts,2851,0
"[0.5, -0.5, -0.4592875318066158, 0.0, 0.0, 0.0, 0.0, 0.0, 1.0, 0.7886047001257124, 1.0, 0.0, 0.0, 0.0, 0.0, 0.0, 0.0, 0.0]",90179,56398,N3,accept,0.6499999999999999,ts,2779,0
"[0.16666666666666666, -0.16666666666666666, 0.1429282868525897, -0.30793650793650795, -0.3076923076923077, 0.0, 0.0, 0.0, 1.0, 0.623594056950384, 1.0, 0.0, 0.0, 0.0, 0.0, 0.0, 0.0, 0.0]",170958,164355,N3,accept,0.41666666666666663,ts,593,1
"[0.20000000000000007, -0.20000000000000007, 0.14408602150537647, 0.3053435114503817, 0.26436781609195414, 0.0, 0.0, 0.0, 1.0, 0.6426037789797808, 1.0, 0.0, 0.0, 0.0, 0.0, 0.0, 0.0, 0.0]",185575,107170,N3,accept,0.44000000000000006,ts,2135,1
"[0.8835294117647059, -0.8835294117647059, -0.4411372723234119, -0.04498269896193772, -0.07692307692307693, 0.0, 0.0, 0.0, 1.0, 0.8154967360572816, 1.0, 0.0, 0.0, 0.0, 0.0, 0.0, 0.0, 0.0]",179677,108025,N3,accept,0.9184705882352941,ts,1280,1
"[0.7411764705882353, -0.7411764705882353, -0.05685714285714291, -0.2063953488372093, -0.14814814814814814, 0.0, 0.0, 0.0, 1.0, 0.8404790896279222, 1.0, 0.0, 0.0, 0.0, 0.0, 0.0, 0.0, 0.0]",104685,86743,N3,accept,0.8188235294117647,ts,2720,1
"[0.4545454545454546, -0.4545454545454546, -0.4340567612687813, -0.030726256983240222, 1.0, 0.0, 0.0, 0.0, 1.0, 0.625247768894312, 1.0, 0.0, 0.0, 0.0, 0.0, 0.0, 0.0, 0.0]",135483,108828,N3,accept,0.6181818181818182,ts,1627,1
"[0.19999999999999993, -0.19999999999999993, 0.0, 0.0, 0.0, 0.0, 0.0, 0.0, 1.0, 0.8228281531128978, 1.0, 0.0, 0.0, 0.0, 0.0, 0.0, 0.0, 0.0]",133283,185640,N3,accept,0.43999999999999995,ts,1300,1
"[0.28571428571428564, -0.28571428571428564, -0.11266469481043286, 0.0, 0.0, 0.0, 0.0, 0.0, 1.0, 0.8106823327631818, 1.0, 0.0, 0.0, 0.0, 0.0, 0.0, 0.0, 0.0]",55412,72620,N3,accept,0.4999999999999999,ts,813,1
"[0.20000000000000004, -0.20000000000000004, -0.6972222222222223, -0.46153846153846156, -0.059999999999999984, 0.0, 0.0, 0.0, 1.0, 0.565054577528199, 1.0, 0.0, 0.0, 0.0, 0.0, 0.0, 0.0, 0.0]",51193,18528,N3,accept,0.44,ts,1701,0
"[0.2777777777777778, -0.2777777777777778, -0.29790794979079493, -0.10743801652892562, -0.125, 0.0, 0.0, 0.0, 1.0, 0.6965685200183934, 1.0, 0.0, 0.0, 0.0, 0.0, 0.0, 0.0, 0.0]",86760,78130,N3,accept,0.49444444444444446,ts,624,1
"[0.0555555555555556, -0.0555555555555556, -0.30286857905270187, -0.27848101265822783, -0.13999999999999999, 0.0, 0.0, 0.0, 1.0, 0.5792292623515911, 1.0, 0.0, 0.0, 0.0, 0.0, 0.0, 0.0, 0.0]",155616,18005,N3,accept,0.3388888888888889,ts,2069,1
"[0.5636363636363637, -0.5636363636363637, -0.435, -0.011396011396011397, 0.5714285714285714, 0.0, 0.0, 0.0, 1.0, 0.7004179948158049, 1.0, 0.0, 0.0, 0.0, 0.0, 0.0, 0.0, 0.0]",15534,108828,N3,accept,0.6945454545454546,ts,2427,1
"[0.37500000000000006, -0.37500000000000006, 0.0, -0.3611111111111111, 0.043478260869565216, 0.0, 0.0, 0.0, 1.0, 0.7878158040247939, 1.0, 0.0, 0.0, 0.0, 0.0, 0.0, 0.0, 0.0]",110121,51122,N3,accept,0.5625,ts,1104,1
"[0.1666666666666667, -0.1666666666666667, -0.13333333333333333, -0.3, -0.16, 0.0, 0.0, 0.0, 1.0, 0.6556594342490147, 1.0, 0.0, 0.0, 0.0, 0.0, 0.0, 0.0, 0.0]",18490,156539,N3,accept,0.4166666666666667,ts,2929,0
"[0.5599999999999999, -0.5599999999999999, -0.0027700831024931143, 0.01744186046511628, -0.7413793103448276, 0.0, 0.0, 0.0, 1.0, 0.7992565395294952, 1.0, 0.0, 0.0, 0.0, 0.0, 0.0, 0.0, 0.0]",123511,30105,N3,accept,0.692,ts,614,1
"[0.5636363636363637, -0.5636363636363637, 0.23355263157894735, 0.12753623188405797, 1.0, 0.0, 0.0, 0.0, 1.0, 0.6840640041636011, 1.0, 0.0, 0.0, 0.0, 0.0, 0.0, 0.0, 0.0]",123021,107588,N3,accept,0.6945454545454546,ts,2856,1
"[0.10245901639344263, -0.10245901639344263, 0.0, 0.0, -0.1111111111111111, 0.0, 0.0, 0.0, 1.0, 0.7582330603464981, 1.0, 0.0, 0.0, 0.0, 0.0, 0.0, 0.0, 0.0]",41679,43388,N3,accept,0.3717213114754098,ts,1316,0
"[0.16666666666666663, -0.16666666666666663, -0.5250181290790428, 0.0, 0.0, 0.0, 0.0, 0.0, 1.0, 0.6812146778495171, 1.0, 0.0, 0.0, 0.0, 0.0, 0.0, 0.0, 0.0]",141748,63863,N3,accept,0.41666666666666663,ts,2706,1
"[0.6512820512820513, -0.6512820512820513, -0.34, -0.44, -0.039999999999999994, 0.0, 0.0, 0.0, 1.0, 0.7399409974278731, 1.0, 0.0, 0.0, 0.0, 0.0, 0.0, 0.0, 0.0]",135298,66862,N3,accept,0.7558974358974359,ts,610,1
"[0.5170454545454546, -0.5170454545454546, -0.375, -0.5574712643678161, -0.6166666666666667, 0.0, 0.0, 0.0, 1.0, 0.599900311717407, 1.0, 0.0, 0.0, 0.0, 0.0, 0.0, 0.0, 0.0]",31966,142262,N3,accept,0.6619318181818181,ts,1951,1
"[0.25, -0.25, 0.09090909090909091, -0.32456140350877194, -0.10500000000000007, 0.0, 0.0, 0.0, 1.0, 0.706303156982304, 1.0, 0.0, 0.0, 0.0, 0.0, 0.0, 0.0, 0.0]",123778,165914,N3,accept,0.475,ts,2143,0
"[0.3333333333333333, -0.3333333333333333, 0.021995112197289536, 1.0, -0.4782608695652174, 0.0, 0.0, 0.0, 1.0, 0.6258532004543405, 1.0, 0.0, 0.0, 0.0, 0.0, 0.0, 0.0, 0.0]",120796,128295,N3,accept,0.5333333333333333,ts,983,1
"[0.25, -0.25, -0.7960544217687074, -0.23383084577114427, -0.7125, 0.0, 0.0, 0.0, 1.0, 0.5103346365551422, 1.0, 0.0, 0.0, 0.0, 0.0, 0.0, 0.0, 0.0]",30574,115951,N3,accept,0.475,ts,1510,1
"[0.13043478260869562, -0.13043478260869562, -0.4347345132743362, -0.18, -0.039999999999999994, 0.0, 0.0, 0.0, 1.0, 0.6252520404662814, 1.0, 0.0, 0.0, 0.0, 0.0, 0.0, 0.0, 0.0]",79808,122734,N3,accept,0.3913043478260869,ts,2468,1
"[0.25806451612903236, -0.25806451612903236, -0.171875, 0.0, 0.0, 0.0, 0.0, 0.0, 1.0, 0.784034908252429, 1.0, 0.0, 0.0, 0.0, 0.0, 0.0, 0.0, 0.0]",15686,39517,N3,accept,0.48064516129032264,ts,1257,1
"[0.25000000000000006, -0.25000000000000006, -0.10427528675703858, -0.3401360544217687, 0.17647058823529413, 0.0, 0.0, 0.0, 1.0, 0.6833059974324363, 1.0, 0.0, 0.0, 0.0, 0.0, 0.0, 0.0, 0.0]",115240,139804,N3,accept,0.475,ts,2461,1
"[0.415625, -0.415625, 0.056934306569343146, 0.0625, -0.1, 0.0, 0.0, 0.0, 1.0, 0.8220384072510981, 1.0, 0.0, 0.0, 0.0, 0.0, 0.0, 0.0, 0.0]",141833,15139,N3,accept,0.5909375,ts,577,1
"[0.3359073359073359, -0.3359073359073359, 0.0589101620029455, -0.3042168674698795, 0.21739130434782608, 0.0, 0.0, 0.0, 1.0, 0.7227993957339441, 1.0, 0.0, 0.0, 0.0, 0.0, 0.0, 0.0, 0.0]",61096,20076,N3,accept,0.5351351351351351,ts,1459,1
"[0.9592592592592593, -0.9592592592592593, -0.26660742057320597, 0.0, 0.0, 0.0, 0.0, 0.0, 1.0, 0.890711605685712, 1.0, 0.0, 0.0, 0.0, 0.0, 0.0, 0.0, 0.0]",155648,86743,N3,accept,0.9714814814814814,ts,1457,1
"[0.09090909090909098, -0.09090909090909098, 0.0, -0.002881844380403458, 0.041666666666666664, 0.0, 0.0, 0.0, 1.0, 0.7710257573776895, 1.0, 0.0, 0.0, 0.0, 0.0, 0.0, 0.0, 0.0]",43107,117053,N3,accept,0.36363636363636365,ts,542,1
"[0.24324324324324323, -0.24324324324324323, 0.010113780025284595, -0.012012012012012012, 0.041666666666666664, 0.0, 0.0, 0.0, 1.0, 0.8178141098935235, 1.0, 0.0, 0.0, 0.0, 0.0, 0.0, 0.0, 0.0]",20071,158420,N3,accept,0.47027027027027024,ts,2707,0
"[0.4545454545454546, -0.4545454545454546, -0.060150375939849676, 0.13742690058479531, 1.0, 0.0, 0.0, 0.0, 1.0, 0.7035698820670233, 1.0, 0.0, 0.0, 0.0, 0.0, 0.0, 0.0, 0.0]",107170,107588,N3,accept,0.6181818181818182,ts,2828,0
"[0.28571428571428564, -0.28571428571428564, -0.7768934531450579, 0.06, -0.06000000000000001, 0.0, 0.0, 0.0, 1.0, 0.6593969620762647, 1.0, 0.0, 0.0, 0.0, 0.0, 0.0, 0.0, 0.0]",33303,81996,N3,accept,0.4999999999999999,ts,1896,1
"[0.3636363636363637, -0.3636363636363637, 0.0, 0.016713091922005572, 0.15384615384615385, 0.0, 0.0, 0.0, 1.0, 0.8296166021577667, 1.0, 0.0, 0.0, 0.0, 0.0, 0.0, 0.0, 0.0]",123140,123174,N3,accept,0.5545454545454546,ts,1147,0
"[0.25, -0.25, -0.5708154506437768, -0.008595988538681949, 1.0, 0.0, 0.0, 0.0, 1.0, 0.5525921765486778, 1.0, 0.0, 0.0, 0.0, 0.0, 0.0, 0.0, 0.0]",189369,117045,N3,accept,0.475,ts,2790,0
"[0.19999999999999993, -0.19999999999999993, -0.64, 0.0, 0.0, 0.0, 0.0, 0.0, 1.0, 0.6784356132035365, 1.0, 0.0, 0.0, 0.0, 0.0, 0.0, 0.0, 0.0]",77920,62598,N3,accept,0.43999999999999995,ts,1113,1
"[0.12499999999999996, -0.12499999999999996, 0.058823529411764705, 1.0, 0.44000000000000006, 0.0, 0.0, 0.0, 1.0, 0.540451248176921, 1.0, 0.0, 0.0, 0.0, 0.0, 0.0, 0.0, 0.0]",18334,50807,N3,accept,0.38749999999999996,ts,2835,0
"[0.8733333333333334, -0.8733333333333334, -0.09900000000000002, 0.48854961832061067, 0.1, 0.0, 0.0, 0.0, 1.0, 0.8094126420123314, 1.0, 0.0, 0.0, 0.0, 0.0, 0.0, 0.0, 0.0]",80035,83435,N3,accept,0.9113333333333333,ts,2163,1
"[0.27999999999999997, -0.27999999999999997, -0.07452093683463454, 1.0, -0.78, 0.0, 0.0, 0.0, 1.0, 0.5645640780394282, 1.0, 0.0, 0.0, 0.0, 0.0, 0.0, 0.0, 0.0]",154734,128279,N3,accept,0.496,ts,2131,0
"[0.2045454545454546, -0.2045454545454546, -0.24931506849315063, -0.019553072625698324, 1.0, 0.0, 0.0, 0.0, 1.0, 0.605028229497204, 1.0, 0.0, 0.0, 0.0, 0.0, 0.0, 0.0, 0.0]",93935,74278,N3,accept,0.44318181818181823,ts,699,0
"[0.45, -0.45, 0.0003029385034839478, 0.5421245421245421, 0.21739130434782608, 0.0, 0.0, 0.0, 1.0, 0.7447778267558439, 1.0, 0.0, 0.0, 0.0, 0.0, 0.0, 0.0, 0.0]",120787,61314,N3,accept,0.615,ts,2701,0
"[0.1666666666666667, -0.1666666666666667, 0.0, 0.3, 0.22000000000000003, 0.0, 0.0, 0.0, 1.0, 0.6901568741775026, 1.0, 0.0, 0.0, 0.0, 0.0, 0.0, 0.0, 0.0]",41286,61090,N3,accept,0.4166666666666667,ts,2617,0
"[0.7794117647058824, -0.7794117647058824, 0.09585621567648517, 0.8666666666666667, -0.058823529411764705, 0.0, 0.0, 0.0, 1.0, 0.7809617546495925, 1.0, 0.0, 0.0, 0.0, 0.0, 0.0, 0.0, 0.0]",107861,128254,N3,accept,0.8455882352941175,ts,1800,1
"[0.3636363636363637, -0.3636363636363637, -0.0003316749585405642, 0.0, 0.16666666666666666, 0.0, 0.0, 0.0, 1.0, 0.8316235059439039, 1.0, 0.0, 0.0, 0.0, 0.0, 0.0, 0.0, 0.0]",72081,74278,N3,accept,0.5545454545454546,ts,1228,0
"[0.1666666666666667, -0.1666666666666667, 0.1, 1.0, 1.0, 0.0, 0.0, 0.0, 1.0, 0.4789161730664955, 1.0, 0.0, 0.0, 0.0, 0.0, 0.0, 0.0, 0.0]",37985,41688,N3,accept,0.4166666666666667,ts,941,0
"[0.72, -0.72, 0.2456866804692892, 0.3230769230769231, 1.0, 0.0, 0.0, 0.0, 1.0, 0.6515828697914962, 1.0, 0.0, 0.0, 0.0, 0.0, 0.0, 0.0, 0.0]",185582,123439,N3,accept,0.804,ts,1844,1
"[0.20000000000000007, -0.20000000000000007, -0.06259780907668232, 0.017045454545454544, -0.4166666666666667, 0.0, 0.0, 0.0, 1.0, 0.7094552875739797, 1.0, 0.0, 0.0, 0.0, 0.0, 0.0, 0.0, 0.0]",74282,135481,N3,accept,0.44000000000000006,ts,2520,1
"[0.20000000000000004, -0.20000000000000004, -0.17521902377972465, 0.007246376811594203, 0.02500000000000006, 0.0, 0.0, 0.0, 1.0, 0.7542302249952597, 1.0, 0.0, 0.0, 0.0, 0.0, 0.0, 0.0, 0.0]",53366,19865,N3,accept,0.44,ts,2249,1
"[0.11999999999999993, -0.11999999999999993, 0.1, -0.00847457627118644, 0.07692307692307693, 0.0, 0.0, 0.0, 1.0, 0.7343560069584029, 1.0, 0.0, 0.0, 0.0, 0.0, 0.0, 0.0, 0.0]",108827,162723,N3,accept,0.38399999999999995,ts,1432,1
"[0.09090909090909098, -0.09090909090909098, -0.1544885177453027, -0.0625, 0.0, 0.0, 0.0, 0.0, 1.0, 0.7130952232210707, 1.0, 0.0, 0.0, 0.0, 0.0, 0.0, 0.0, 0.0]",110877,142494,N3,accept,0.36363636363636365,ts,2816,1
"[0.16326530612244894, -0.16326530612244894, 0.0, -0.02601156069364162, -0.4117647058823529, 0.0, 0.0, 0.0, 1.0, 0.7182572044369081, 1.0, 0.0, 0.0, 0.0, 0.0, 0.0, 0.0, 0.0]",63901,63915,N3,accept,0.41428571428571426,ts,1774,0
"[0.4545454545454546, -0.4545454545454546, -0.6264009962640099, -0.025139664804469275, 1.0, 0.0, 0.0, 0.0, 1.0, 0.6003158088348971, 1.0, 0.0, 0.0, 0.0, 0.0, 0.0, 0.0, 0.0]",93936,107563,N3,accept,0.6181818181818182,ts,2974,1
"[0.41666666666666663, -0.41666666666666663, 0.0333889816360601, -0.02857142857142857, -0.015999999999999945, 0.0, 0.0, 0.0, 1.0, 0.8626753628631801, 1.0, 0.0, 0.0, 0.0, 0.0, 0.0, 0.0, 0.0]",19869,39280,N3,accept,0.5916666666666666,ts,2988,0
"[0.7954545454545455, -0.7954545454545455, -0.41470994475138123, 0.13095238095238096, -0.23333333333333334, 0.0, 0.0, 0.0, 1.0, 0.7546522405081744, 1.0, 0.0, 0.0, 0.0, 0.0, 0.0, 0.0, 0.0]",135543,89765,N3,accept,0.8568181818181819,ts,1656,1
"[0.25, -0.25, 0.12640801001251556, 1.0, 1.0, 0.0, 0.0, 0.0, 1.0, 0.508248495351599, 1.0, 0.0, 0.0, 0.0, 0.0, 0.0, 0.0, 0.0]",158428,69112,N3,accept,0.475,ts,1230,0
"[0.0555555555555556, -0.0555555555555556, -0.30286857905270187, -0.27848101265822783, -0.13999999999999999, 0.0, 0.0, 0.0, 1.0, 0.5792292623515911, 1.0, 0.0, 0.0, 0.0, 0.0, 0.0, 0.0, 0.0]",155616,18005,N3,accept,0.3388888888888889,ts,1109,1
"[0.20000000000000007, -0.20000000000000007, -0.1629802095459837, -0.0498220640569395, 0.07142857142857142, 0.0, 0.0, 0.0, 1.0, 0.7330005118464727, 1.0, 0.0, 0.0, 0.0, 0.0, 0.0, 0.0, 0.0]",21089,128242,N3,accept,0.44000000000000006,ts,612,1
"[0.65, -0.65, -0.2793946449359721, -0.02857142857142857, -0.015999999999999945, 0.0, 0.0, 0.0, 1.0, 0.8390483890196441, 1.0, 0.0, 0.0, 0.0, 0.0, 0.0, 0.0, 0.0]",19856,39280,N3,accept,0.7549999999999999,ts,1670,1
"[0.25, -0.25, 0.0, 0.0, 0.0, 0.0, 0.0, 0.0, 1.0, 0.8395893495876965, 1.0, 0.0, 0.0, 0.0, 0.0, 0.0, 0.0, 0.0]",116939,117045,N3,accept,0.475,ts,997,0
"[0.4545454545454546, -0.4545454545454546, -0.4340567612687813, -0.030726256983240222, 1.0, 0.0, 0.0, 0.0, 1.0, 0.625247768894312, 1.0, 0.0, 0.0, 0.0, 0.0, 0.0, 0.0, 0.0]",135482,108828,N3,accept,0.6181818181818182,ts,781,1
"[0.5, -0.5, -0.4592875318066158, 0.0, 0.0, 0.0, 0.0, 0.0, 1.0, 0.7886047001257124, 1.0, 0.0, 0.0, 0.0, 0.0, 0.0, 0.0, 0.0]",90179,56398,N3,accept,0.6499999999999999,ts,2153,0
"[0.13333333333333344, -0.13333333333333344, -0.18181818181818182, -0.75, -0.44000000000000006, 0.0, 0.0, 0.0, 1.0, 0.5340595765105035, 1.0, 0.0, 0.0, 0.0, 0.0, 0.0, 0.0, 0.0]",18239,79461,N3,accept,0.3933333333333334,ts,1530,0
"[0.7, -0.7, -0.2805555555555556, 0.3178294573643411, -0.17346938775510215, 0.0, 0.0, 0.0, 1.0, 0.7450317909798468, 1.0, 0.0, 0.0, 0.0, 0.0, 0.0, 0.0, 0.0]",145578,145532,N3,accept,0.7899999999999999,ts,2708,1
"[0.16666666666666663, -0.16666666666666663, -0.1497064579256361, -0.04, -0.039999999999999994, 0.0, 0.0, 0.0, 1.0, 0.7364152237187678, 1.0, 0.0, 0.0, 0.0, 0.0, 0.0, 0.0, 0.0]",122734,81996,N3,accept,0.41666666666666663,ts,1087,0
"[0.1250000000000001, -0.1250000000000001, 0.2222222222222222, 0.0, -0.06000000000000001, 0.0, 0.0, 0.0, 1.0, 0.7076074431705994, 1.0, 0.0, 0.0, 0.0, 0.0, 0.0, 0.0, 0.0]",30711,125786,N3,accept,0.38750000000000007,ts,1007,0
"[0.2721518987341773, -0.2721518987341773, -0.31964056482670095, -0.08831168831168831, 0.044776119402985044, 0.0, 0.0, 0.0, 1.0, 0.7151414363605233, 1.0, 0.0, 0.0, 0.0, 0.0, 0.0, 0.0, 0.0]",43373,39517,N3,accept,0.4905063291139241,ts,1187,1
"[0.1111111111111112, -0.1111111111111112, -0.5616605616605617, 0.16342412451361868, 0.3, 0.0, 0.0, 0.0, 1.0, 0.5468254204401923, 1.0, 0.0, 0.0, 0.0, 0.0, 0.0, 0.0, 0.0]",130292,174765,N3,accept,0.3777777777777778,ts,1225,0
"[0.4218289085545723, -0.4218289085545723, -0.10974930362116986, -0.011267605633802818, -0.19999999999999998, 0.0, 0.0, 0.0, 1.0, 0.7977743690443887, 1.0, 0.0, 0.0, 0.0, 0.0, 0.0, 0.0, 0.0]",143110,105910,N3,accept,0.5952802359882006,ts,1626,1
"[0.5170454545454546, -0.5170454545454546, 0.0, 0.11764705882352941, 0.05999999999999996, 0.0, 0.0, 0.0, 1.0, 0.8641277186819578, 1.0, 0.0, 0.0, 0.0, 0.0, 0.0, 0.0, 0.0]",130670,87407,N3,accept,0.6619318181818181,ts,1536,1
"[0.20000000000000007, -0.20000000000000007, 0.2, -0.03910614525139665, 1.0, 0.0, 0.0, 0.0, 1.0, 0.5981434951011854, 1.0, 0.0, 0.0, 0.0, 0.0, 0.0, 0.0, 0.0]",106065,31972,N3,accept,0.44000000000000006,ts,2324,1
"[0.30000000000000004, -0.30000000000000004, 0.07455197132616495, 0.09195402298850575, 0.0, 0.0, 0.0, 0.0, 1.0, 0.80257251054552, 1.0, 0.0, 0.0, 0.0, 0.0, 0.0, 0.0, 0.0]",81449,104485,N3,accept,0.51,ts,2506,1
"[0.1666666666666667, -0.1666666666666667, 0.1, 1.0, 1.0, 0.0, 0.0, 0.0, 1.0, 0.4789161730664955, 1.0, 0.0, 0.0, 0.0, 0.0, 0.0, 0.0, 0.0]",37985,41688,N3,accept,0.4166666666666667,ts,662,0
"[0.375, -0.375, -0.6006006006006006, -0.061224489795918366, 0.041666666666666706, 0.0, 0.0, 0.0, 1.0, 0.7083433391049732, 1.0, 0.0, 0.0, 0.0, 0.0, 0.0, 0.0, 0.0]",16681,48996,N3,accept,0.5625,ts,1399,1
"[0.18367346938775517, -0.18367346938775517, -0.19556667858419732, -0.012345679012345678, -0.1, 0.0, 0.0, 0.0, 1.0, 0.7215954028956971, 1.0, 0.0, 0.0, 0.0, 0.0, 0.0, 0.0, 0.0]",135547,141632,N3,accept,0.4285714285714286,ts,2528,1
"[0.7942857142857144, -0.7942857142857144, -0.3214124038026256, 0.19672131147540983, -0.375, 0.0, 0.0, 0.0, 1.0, 0.7349808423477768, 1.0, 0.0, 0.0, 0.0, 0.0, 0.0, 0.0, 0.0]",81541,128284,N3,accept,0.8560000000000001,ts,406,1
"[0.8416666666666667, -0.8416666666666667, 0.0005000000000000782, 0.2366412213740458, 0.2, 0.0, 0.0, 0.0, 1.0, 0.8567291888957428, 1.0, 0.0, 0.0, 0.0, 0.0, 0.0, 0.0, 0.0]",80035,146547,N3,accept,0.8891666666666667,ts,1432,1
"[0.7162162162162162, -0.7162162162162162, 0.03710575139146568, -0.08256880733944955, -0.21428571428571427, 0.0, 0.0, 0.0, 1.0, 0.858348687981883, 1.0, 0.0, 0.0, 0.0, 0.0, 0.0, 0.0, 0.0]",63923,16731,N3,accept,0.8013513513513513,ts,2658,1
"[0.8151260504201681, -0.8151260504201681, 0.14058721934369617, 0.6068702290076335, 0.12, 0.0, 0.0, 0.0, 1.0, 0.7736475057491955, 1.0, 0.0, 0.0, 0.0, 0.0, 0.0, 0.0, 0.0]",61358,61314,N3,accept,0.8705882352941177,ts,1128,0
"[0.20000000000000004, -0.20000000000000004, -0.32, -0.75, -0.44000000000000006, 0.0, 0.0, 0.0, 1.0, 0.5239735986960091, 1.0, 0.0, 0.0, 0.0, 0.0, 0.0, 0.0, 0.0]",69485,18334,N3,accept,0.44,ts,2399,1
"[0.6, -0.6, 0.13377926421404682, 0.7866666666666666, 0.9411764705882353, 0.0, 0.0, 0.0, 1.0, 0.636061227470979, 1.0, 0.0, 0.0, 0.0, 0.0, 0.0, 0.0, 0.0]",89664,120916,N3,accept,0.72,ts,1384,1
"[0.6136363636363636, -0.6136363636363636, 0.22448979591836735, -0.5661971830985916, -0.5818181818181819, 0.0, 0.0, 0.0, 1.0, 0.6543752726498029, 1.0, 0.0, 0.0, 0.0, 0.0, 0.0, 0.0, 0.0]",123023,142262,N3,accept,0.7295454545454545,ts,2825,1
"[0.3636363636363637, -0.3636363636363637, 0.14285714285714285, 0.028169014084507043, 0.36363636363636365, 0.0, 0.0, 0.0, 1.0, 0.7388385917974343, 1.0, 0.0, 0.0, 0.0, 0.0, 0.0, 0.0, 0.0]",123011,123174,N3,accept,0.5545454545454546,ts,518,0
"[0.3636363636363637, -0.3636363636363637, 0.2033333333333334, -0.1568627450980392, 0.16, 0.0, 0.0, 0.0, 1.0, 0.7259799511934714, 1.0, 0.0, 0.0, 0.0, 0.0, 0.0, 0.0, 0.0]",89764,123439,N3,accept,0.5545454545454546,ts,1127,1
"[0.022222222222222244, -0.022222222222222244, -0.2781954887218045, 0.2204724409448819, -0.039999999999999945, 0.0, 0.0, 0.0, 1.0, 0.6079667847108523, 1.0, 0.0, 0.0, 0.0, 0.0, 0.0, 0.0, 0.0]",54392,59423,N3,accept,0.31555555555555553,ts,1273,1
"[0.5833333333333333, -0.5833333333333333, -0.014175257731958841, 0.0, 0.1, 0.0, 0.0, 0.0, 1.0, 0.8931955318196763, 1.0, 0.0, 0.0, 0.0, 0.0, 0.0, 0.0, 0.0]",151790,113027,N3,accept,0.7083333333333333,ts,1514,0
"[0.2941176470588236, -0.2941176470588236, 0.0, 1.0, 0.22000000000000003, 0.0, 0.0, 0.0, 1.0, 0.6533578724024277, 1.0, 0.0, 0.0, 0.0, 0.0, 0.0, 0.0, 0.0]",51572,50956,N3,accept,0.5058823529411764,ts,1719,0
"[0.12499999999999988, -0.12499999999999988, 0.0, -0.011299435028248588, -0.05555555555555555, 0.0, 0.0, 0.0, 1.0, 0.777207383246993, 1.0, 0.0, 0.0, 0.0, 0.0, 0.0, 0.0, 0.0]",185391,78003,N3,accept,0.3874999999999999,ts,2322,1
"[0.08554572271386432, -0.08554572271386432, -0.03466761972837737, 0.011267605633802818, 0.0, 0.0, 0.0, 0.0, 1.0, 0.7651650175603291, 1.0, 0.0, 0.0, 0.0, 0.0, 0.0, 0.0, 0.0]",146721,85287,N3,accept,0.359882005899705,ts,603,0
"[0.5, -0.5, -0.003496503496503511, 0.792, 0.1111111111111111, 0.0, 0.0, 0.0, 1.0, 0.7582770524839175, 1.0, 0.0, 0.0, 0.0, 0.0, 0.0, 0.0, 0.0]",170190,86748,N3,accept,0.6499999999999999,ts,761,1
"[0.02857142857142844, -0.02857142857142844, -0.23106546854942242, 0.28, 0.019999999999999973, 0.0, 0.0, 0.0, 1.0, 0.6164954766225315, 1.0, 0.0, 0.0, 0.0, 0.0, 0.0, 0.0, 0.0]",33303,18053,N3,accept,0.3199999999999999,ts,458,0
"[0.3142857142857143, -0.3142857142857143, -0.45454545454545453, -0.005698005698005698, 0.42857142857142855, 0.0, 0.0, 0.0, 1.0, 0.6523725054895647, 1.0, 0.0, 0.0, 0.0, 0.0, 0.0, 0.0, 0.0]",74278,108839,N3,accept,0.52,ts,1911,0
"[0.06666666666666672, -0.06666666666666672, -0.3238461538461539, -0.15, -0.13999999999999996, 0.0, 0.0, 0.0, 1.0, 0.6040576707602408, 1.0, 0.0, 0.0, 0.0, 0.0, 0.0, 0.0, 0.0]",57043,141655,N3,accept,0.3466666666666667,ts,2884,0
"[0.217741935483871, -0.217741935483871, -0.3216708318457694, -0.02, 0.04, 0.0, 0.0, 0.0, 1.0, 0.7165610450886484, 1.0, 0.0, 0.0, 0.0, 0.0, 0.0, 0.0, 0.0]",89602,104962,N3,accept,0.45241935483870965,ts,2023,1
"[0.6222222222222222, -0.6222222222222222, 0.0, -0.1, 0.019999999999999973, 0.0, 0.0, 0.0, 1.0, 0.8999640846725089, 1.0, 0.0, 0.0, 0.0, 0.0, 0.0, 0.0, 0.0]",135207,37985,N3,accept,0.7355555555555555,ts,626,0
"[0.3636363636363637, -0.3636363636363637, 0.0, 0.0, 0.0, 0.0, 0.0, 0.0, 1.0, 0.8742764353476687, 1.0, 0.0, 0.0, 0.0, 0.0, 0.0, 0.0, 0.0]",123010,123174,N3,accept,0.5545454545454546,ts,1393,0
"[0.1666666666666667, -0.1666666666666667, -0.15503875968992248, -0.03669724770642202, 0.0, 0.0, 0.0, 0.0, 1.0, 0.7472928128791391, 1.0, 0.0, 0.0, 0.0, 0.0, 0.0, 0.0, 0.0]",92712,143384,N3,accept,0.4166666666666667,ts,2566,0
"[0.25, -0.25, -0.5447647951441579, -0.011428571428571429, 0.10619469026548665, 0.0, 0.0, 0.0, 1.0, 0.6747720676390024, 1.0, 0.0, 0.0, 0.0, 0.0, 0.0, 0.0, 0.0]",16901,117045,N3,accept,0.475,ts,813,0
"[0.4432989690721649, -0.4432989690721649, -0.2631578947368421, -0.08454810495626822, -0.46153846153846156, 0.0, 0.0, 0.0, 1.0, 0.6998256490951412, 1.0, 0.0, 0.0, 0.0, 0.0, 0.0, 0.0, 0.0]",104962,145523,N3,accept,0.6103092783505154,ts,1673,0
"[0.5599999999999999, -0.5599999999999999, 0.08267716535433069, 0.36, 1.0, 0.0, 0.0, 0.0, 1.0, 0.6842840609430062, 1.0, 0.0, 0.0, 0.0, 0.0, 0.0, 0.0, 0.0]",185411,89763,N3,accept,0.692,ts,1060,0
"[0.24999999999999997, -0.24999999999999997, -0.27846265409717186, 0.0, 0.0, 0.0, 0.0, 0.0, 1.0, 0.7541829612825312, 1.0, 0.0, 0.0, 0.0, 0.0, 0.0, 0.0, 0.0]",141746,174748,N3,accept,0.475,ts,1375,0
"[0.3636363636363637, -0.3636363636363637, 0.0, 0.0, 0.0, 0.0, 0.0, 0.0, 1.0, 0.8742764353476687, 1.0, 0.0, 0.0, 0.0, 0.0, 0.0, 0.0, 0.0]",123031,123174,N3,accept,0.5545454545454546,ts,485,0
"[0.35714285714285715, -0.35714285714285715, -0.3704, 0.06989247311827956, -0.4411764705882353, 0.0, 0.0, 0.0, 1.0, 0.6602837202553663, 1.0, 0.0, 0.0, 0.0, 0.0, 0.0, 0.0, 0.0]",151762,130324,N3,accept,0.55,ts,567,0
"[0.27272727272727276, -0.27272727272727276, -0.36066666666666664, 0.6388888888888888, -0.25, 0.0, 0.0, 0.0, 1.0, 0.5769238404291309, 1.0, 0.0, 0.0, 0.0, 0.0, 0.0, 0.0, 0.0]",56406,185391,N3,accept,0.4909090909090909,ts,2495,1
"[0.12499999999999988, -0.12499999999999988, 0.03177124702144559, -0.23684210526315788, 0.10526315789473684, 0.0, 0.0, 0.0, 1.0, 0.6989493880617605, 1.0, 0.0, 0.0, 0.0, 0.0, 0.0, 0.0, 0.0]",144703,144702,N3,accept,0.3874999999999999,ts,2539,1
"[0.5, -0.5, -0.3941229930324144, 1.0, -0.4782608695652174, 0.0, 0.0, 0.0, 1.0, 0.5686467955570524, 1.0, 0.0, 0.0, 0.0, 0.0, 0.0, 0.0, 0.0]",86743,169349,N3,accept,0.6499999999999999,ts,928,1
"[0.4583333333333333, -0.4583333333333333, -0.1433260393873086, 0.22, 0.24000000000000005, 0.0, 0.0, 0.0, 1.0, 0.7386709394486253, 1.0, 0.0, 0.0, 0.0, 0.0, 0.0, 0.0, 0.0]",151789,123325,N3,accept,0.6208333333333333,ts,589,0
"[0.4444444444444445, -0.4444444444444445, 0.18241042345276867, -0.34, -0.6, 0.0, 0.0, 0.0, 1.0, 0.6557316228780911, 1.0, 0.0, 0.0, 0.0, 0.0, 0.0, 0.0, 0.0]",169354,132873,N3,accept,0.6111111111111112,ts,1682,0
"[0.3382352941176471, -0.3382352941176471, -0.3671817512877116, 0.026239067055393587, 0.1641791044776119, 0.0, 0.0, 0.0, 1.0, 0.7132792099227282, 1.0, 0.0, 0.0, 0.0, 0.0, 0.0, 0.0, 0.0]",185707,105899,N3,accept,0.5367647058823529,ts,2749,0
"[0.7066666666666667, -0.7066666666666667, -0.32058669460450495, -0.6359696641386782, 1.0, 0.0, 0.0, 0.0, 1.0, 0.5942515927491528, 1.0, 0.0, 0.0, 0.0, 0.0, 0.0, 0.0, 0.0]",185512,107554,N3,accept,0.7946666666666666,ts,1498,1
"[0.415625, -0.415625, 0.1312500000000001, 0.0, 0.0, 0.0, 0.0, 0.0, 1.0, 0.8422044928641546, 1.0, 0.0, 0.0, 0.0, 0.0, 0.0, 0.0, 0.0]",57061,15139,N3,accept,0.5909375,ts,749,1
"[0.7, -0.7, -0.6735, 0.0, 0.0, 0.0, 0.0, 0.0, 1.0, 0.7974554192374853, 1.0, 0.0, 0.0, 0.0, 0.0, 0.0, 0.0, 0.0]",112476,63859,N3,accept,0.7899999999999999,ts,1164,1
"[0.14, -0.14, 0.06068268015170685, 0.0, 0.0, 0.0, 0.0, 0.0, 1.0, 0.7788836843497392, 1.0, 0.0, 0.0, 0.0, 0.0, 0.0, 0.0, 0.0]",72622,79362,N3,accept,0.398,ts,2896,0
"[0.4583333333333333, -0.4583333333333333, -0.1433260393873086, 0.22, 0.24000000000000005, 0.0, 0.0, 0.0, 1.0, 0.7386709394486253, 1.0, 0.0, 0.0, 0.0, 0.0, 0.0, 0.0, 0.0]",151789,123325,N3,accept,0.6208333333333333,ts,970,0
"[0.06666666666666672, -0.06666666666666672, -0.18799586064160054, -0.08967391304347826, -0.24242424242424243, 0.0, 0.0, 0.0, 1.0, 0.6299794453783277, 1.0, 0.0, 0.0, 0.0, 0.0, 0.0, 0.0, 0.0]",71447,87090,N3,accept,0.3466666666666667,ts,2086,1
"[0.20000000000000004, -0.20000000000000004, -0.44341372912801486, 0.08761329305135952, -0.07142857142857142, 0.0, 0.0, 0.0, 1.0, 0.6611419918461581, 1.0, 0.0, 0.0, 0.0, 0.0, 0.0, 0.0, 0.0]",63911,90182,N3,accept,0.44,ts,2783,0
"[0.3, -0.3, -0.5329024676850764, 0.014450867052023121, -0.08860759493670887, 0.0, 0.0, 0.0, 1.0, 0.6957315651358122, 1.0, 0.0, 0.0, 0.0, 0.0, 0.0, 0.0, 0.0]",117162,105872,N3,accept,0.51,ts,2128,1
"[0.28571428571428575, -0.28571428571428575, 0.23592419664927214, 0.4583333333333333, -0.1, 0.0, 0.0, 0.0, 1.0, 0.658588363112707, 1.0, 0.0, 0.0, 0.0, 0.0, 0.0, 0.0, 0.0]",139086,127333,N3,accept,0.5,ts,2455,0
"[0.11458333333333333, -0.11458333333333333, -0.11504424778761058, -0.5561959654178674, -0.7909090909090909, 0.0, 0.0, 0.0, 1.0, 0.5315991195502442, 1.0, 0.0, 0.0, 0.0, 0.0, 0.0, 0.0, 0.0]",108828,142262,N3,accept,0.3802083333333333,ts,1116,0
"[0.7899159663865546, -0.7899159663865546, 0.0035087719298245758, 1.0, 0.05263157894736842, 0.0, 0.0, 0.0, 1.0, 0.792333687559113, 1.0, 0.0, 0.0, 0.0, 0.0, 0.0, 0.0, 0.0]",185563,170191,N3,accept,0.8529411764705881,ts,1133,1
"[0.5, -0.5, -0.18852459016393436, 0.0, 0.0, 0.0, 0.0, 0.0, 1.0, 0.8459637063264451, 1.0, 0.0, 0.0, 0.0, 0.0, 0.0, 0.0, 0.0]",85446,122732,N3,accept,0.6499999999999999,ts,1076,0
"[0.3333333333333333, -0.3333333333333333, 0.11098779134295228, -0.07126436781609195, 0.25, 0.0, 0.0, 0.0, 1.0, 0.7467702677471373, 1.0, 0.0, 0.0, 0.0, 0.0, 0.0, 0.0, 0.0]",155692,170191,N3,accept,0.5333333333333333,ts,1486,0
"[0.07692307692307684, -0.07692307692307684, -0.1872881355932203, 0.3867924528301887, -0.22727272727272727, 0.0, 0.0, 0.0, 1.0, 0.5806488195218563, 1.0, 0.0, 0.0, 0.0, 0.0, 0.0, 0.0, 0.0]",169794,115240,N3,accept,0.35384615384615375,ts,2638,0
"[0.02500000000000002, -0.02500000000000002, -0.5444191343963554, -0.06, -0.039999999999999994, 0.0, 0.0, 0.0, 1.0, 0.5981975881788192, 1.0, 0.0, 0.0, 0.0, 0.0, 0.0, 0.0, 0.0]",30785,62540,N3,accept,0.3175,ts,694,1
"[0.3636363636363637, -0.3636363636363637, -0.07672634271099744, -0.017142857142857144, 1.0, 0.0, 0.0, 0.0, 1.0, 0.6912544525985004, 1.0, 0.0, 0.0, 0.0, 0.0, 0.0, 0.0, 0.0]",88363,123439,N3,accept,0.5545454545454546,ts,1342,0
"[0.040000000000000036, -0.040000000000000036, 0.0, 0.0, 0.0, 0.0, 0.0, 0.0, 1.0, 0.7649820258822859, 1.0, 0.0, 0.0, 0.0, 0.0, 0.0, 0.0, 0.0]",141765,141753,N3,accept,0.328,ts,2386,0
"[0.35483870967741926, -0.35483870967741926, -0.25974025974025977, 0.0, 0.0, 0.0, 0.0, 0.0, 1.0, 0.790742212554951, 1.0, 0.0, 0.0, 0.0, 0.0, 0.0, 0.0, 0.0]",63937,48997,N3,accept,0.5483870967741935,ts,2555,0
"[0.02500000000000002, -0.02500000000000002, 0.20627261761158033, -0.1, -0.039999999999999994, 0.0, 0.0, 0.0, 1.0, 0.653040323250587, 1.0, 0.0, 0.0, 0.0, 0.0, 0.0, 0.0, 0.0]",151774,62503,N3,accept,0.3175,ts,2221,0
"[0.3888888888888889, -0.3888888888888889, -0.2288984263233191, 0.0, 0.0, 0.0, 0.0, 0.0, 1.0, 0.8078061837492823, 1.0, 0.0, 0.0, 0.0, 0.0, 0.0, 0.0, 0.0]",147468,147380,N3,accept,0.5722222222222222,ts,2569,1
"[0.5, -0.5, 0.0, 0.0, 0.0, 0.0, 0.0, 0.0, 1.0, 0.9087872380968218, 1.0, 0.0, 0.0, 0.0, 0.0, 0.0, 0.0, 0.0]",141766,141765,N3,accept,0.6499999999999999,ts,1523,0
"[0.5098039215686274, -0.5098039215686274, 0.17994100294985255, 0.11567164179104478, -0.45454545454545453, 0.0, 0.0, 0.0, 1.0, 0.7299654500475602, 1.0, 0.0, 0.0, 0.0, 0.0, 0.0, 0.0, 0.0]",120916,104684,N3,accept,0.6568627450980391,ts,958,1
"[0.8714285714285714, -0.8714285714285714, -0.4314063848144952, 0.22093023255813954, 0.55, 0.0, 0.0, 0.0, 1.0, 0.6966389331720354, 1.0, 0.0, 0.0, 0.0, 0.0, 0.0, 0.0, 0.0]",73628,170138,N3,accept,0.9099999999999999,ts,830,0
"[0.3500000000000001, -0.3500000000000001, 0.0, -0.3611111111111111, 0.043478260869565216, 0.0, 0.0, 0.0, 1.0, 0.7807457601820568, 1.0, 0.0, 0.0, 0.0, 0.0, 0.0, 0.0, 0.0]",110121,48548,N3,accept,0.545,ts,838,1
"[0.14285714285714285, -0.14285714285714285, 0.13333333333333333, 1.0, -0.23809523809523808, 0.0, 0.0, 0.0, 1.0, 0.5596889746063702, 1.0, 0.0, 0.0, 0.0, 0.0, 0.0, 0.0, 0.0]",175348,113825,N3,accept,0.39999999999999997,ts,2741,0
"[0.20000000000000007, -0.20000000000000007, -0.00663349917081258, -0.002785515320334262, -0.44, 0.0, 0.0, 0.0, 1.0, 0.7315763827558615, 1.0, 0.0, 0.0, 0.0, 0.0, 0.0, 0.0, 0.0]",30201,135483,N3,accept,0.44000000000000006,ts,934,1
"[0.050000000000000044, -0.050000000000000044, 0.23767935121646902, 0.28, -0.21999999999999997, 0.0, 0.0, 0.0, 1.0, 0.5753341503687988, 1.0, 0.0, 0.0, 0.0, 0.0, 0.0, 0.0, 0.0]",115984,94324,N3,accept,0.335,ts,652,0
"[0.1250000000000001, -0.1250000000000001, 0.0, 0.14285714285714285, -0.06000000000000001, 0.0, 0.0, 0.0, 1.0, 0.7420929594459014, 1.0, 0.0, 0.0, 0.0, 0.0, 0.0, 0.0, 0.0]",74186,125786,N3,accept,0.38750000000000007,ts,2377,0
"[0.0285714285714286, -0.0285714285714286, 0.0, -0.4375, -0.039999999999999994, 0.0, 0.0, 0.0, 1.0, 0.6617044856731337, 1.0, 0.0, 0.0, 0.0, 0.0, 0.0, 0.0, 0.0]",125786,189308,N3,accept,0.32,ts,858,0
"[0.6136363636363636, -0.6136363636363636, -0.3181818181818182, -0.5612535612535613, -0.6714285714285715, 0.0, 0.0, 0.0, 1.0, 0.625354972810449, 1.0, 0.0, 0.0, 0.0, 0.0, 0.0, 0.0, 0.0]",70000,142262,N3,accept,0.7295454545454545,ts,415,0
"[0.2, -0.2, 0.015444015444015528, -0.02127659574468085, 0.0, 0.0, 0.0, 0.0, 1.0, 0.8104959025064576, 1.0, 0.0, 0.0, 0.0, 0.0, 0.0, 0.0, 0.0]",19611,85163,N3,accept,0.43999999999999995,ts,1981,1
"[0.5170454545454546, -0.5170454545454546, 0.0, -0.21153846153846154, 0.07999999999999999, 0.0, 0.0, 0.0, 1.0, 0.8386147037299572, 1.0, 0.0, 0.0, 0.0, 0.0, 0.0, 0.0, 0.0]",74187,87406,N3,accept,0.6619318181818181,ts,1618,1
"[0.8529411764705882, -0.8529411764705882, 0.10300000000000012, -0.11797752808988764, 0.3333333333333333, 0.0, 0.0, 0.0, 1.0, 0.8223336363974361, 1.0, 0.0, 0.0, 0.0, 0.0, 0.0, 0.0, 0.0]",138518,104690,N3,accept,0.8970588235294117,ts,1578,1
"[0.24999999999999992, -0.24999999999999992, -0.18808777429467086, -0.007194244604316547, -0.02439024390243908, 0.0, 0.0, 0.0, 1.0, 0.7676014166610969, 1.0, 0.0, 0.0, 0.0, 0.0, 0.0, 0.0, 0.0]",113424,125887,N3,accept,0.4749999999999999,ts,845,0
"[0.3000000000000001, -0.3000000000000001, -0.5036615134255492, 0.0, 0.0, 0.0, 0.0, 0.0, 1.0, 0.7285138093516589, 1.0, 0.0, 0.0, 0.0, 0.0, 0.0, 0.0, 0.0]",85447,85446,N3,accept,0.51,ts,819,0
"[0.5, -0.5, 0.10200000000000008, -0.14887640449438203, 0.3333333333333333, 0.0, 0.0, 0.0, 1.0, 0.7602650080862228, 1.0, 0.0, 0.0, 0.0, 0.0, 0.0, 0.0, 0.0]",138519,65211,N3,accept,0.6499999999999999,ts,2000,1
"[0.5111111111111111, -0.5111111111111111, -0.0021154427319431935, 0.34076433121019106, 0.16666666666666666, 0.0, 0.0, 0.0, 1.0, 0.7937585263005966, 1.0, 0.0, 0.0, 0.0, 0.0, 0.0, 0.0, 0.0]",104690,61314,N3,accept,0.6577777777777778,ts,2807,0
"[0.2142857142857143, -0.2142857142857143, 0.0, -0.035856573705179286, 0.12244897959183665, 0.0, 0.0, 0.0, 1.0, 0.7847368582990952, 1.0, 0.0, 0.0, 0.0, 0.0, 0.0, 0.0, 0.0]",138640,138639,N3,accept,0.44999999999999996,ts,2560,0
"[0.5454545454545455, -0.5454545454545455, -0.01848519548503194, 0.0, 0.0, 0.0, 0.0, 0.0, 1.0, 0.9112606985062438, 1.0, 0.0, 0.0, 0.0, 0.0, 0.0, 0.0, 0.0]",54334,189219,N3,accept,0.6818181818181819,ts,1839,0
"[0.3, -0.3, -0.28, 0.0, 0.0, 0.0, 0.0, 0.0, 1.0, 0.769716564082265, 1.0, 0.0, 0.0, 0.0, 0.0, 0.0, 0.0, 0.0]",69485,50807,N3,accept,0.51,ts,2966,0
"[0.4117647058823529, -0.4117647058823529, 0.06737825216811207, 0.5, 0.42000000000000004, 0.0, 0.0, 0.0, 1.0, 0.682096144039557, 1.0, 0.0, 0.0, 0.0, 0.0, 0.0, 0.0, 0.0]",169362,18616,N3,accept,0.588235294117647,ts,1042,0
"[0.22222222222222215, -0.22222222222222215, -0.09255898366606173, 0.16153846153846155, 0.020000000000000018, 0.0, 0.0, 0.0, 1.0, 0.7492855744837049, 1.0, 0.0, 0.0, 0.0, 0.0, 0.0, 0.0, 0.0]",87131,108112,N3,accept,0.4555555555555555,ts,555,0
"[0.20000000000000007, -0.20000000000000007, -0.06259780907668232, 0.017045454545454544, -0.4166666666666667, 0.0, 0.0, 0.0, 1.0, 0.7094552875739797, 1.0, 0.0, 0.0, 0.0, 0.0, 0.0, 0.0, 0.0]",43334,135483,N3,accept,0.44000000000000006,ts,2081,1
"[0.64, -0.64, -0.21645796064400719, -0.5691489361702128, 0.4, 0.0, 0.0, 0.0, 1.0, 0.681246145030448, 1.0, 0.0, 0.0, 0.0, 0.0, 0.0, 0.0, 0.0]",19596,19598,N3,accept,0.748,ts,1562,0
"[0.0555555555555556, -0.0555555555555556, -0.47750000000000004, -0.40625, -0.13999999999999999, 0.0, 0.0, 0.0, 1.0, 0.5276773282495165, 1.0, 0.0, 0.0, 0.0, 0.0, 0.0, 0.0, 0.0]",155816,18005,N3,accept,0.3388888888888889,ts,998,1
"[0.20000000000000004, -0.20000000000000004, -0.05555555555555555, -0.75, -0.44000000000000006, 0.0, 0.0, 0.0, 1.0, 0.5974829772502733, 1.0, 0.0, 0.0, 0.0, 0.0, 0.0, 0.0, 0.0]",68609,18334,N3,accept,0.44,ts,577,1
"[0.5748571428571428, -0.5748571428571428, 0.0, -0.024734982332155476, 0.0, 0.0, 0.0, 0.0, 1.0, 0.9171184257932178, 1.0, 0.0, 0.0, 0.0, 0.0, 0.0, 0.0, 0.0]",63899,63937,N3,accept,0.7023999999999999,ts,1129,0
"[0.06666666666666672, -0.06666666666666672, 0.0, 0.02857142857142857, 0.0, 0.0, 0.0, 0.0, 1.0, 0.7665858692054695, 1.0, 0.0, 0.0, 0.0, 0.0, 0.0, 0.0, 0.0]",56248,55915,N3,accept,0.3466666666666667,ts,966,0
"[0.01111111111111112, -0.01111111111111112, -0.06604402935290195, -0.21518987341772153, -0.13999999999999999, 0.0, 0.0, 0.0, 1.0, 0.6403259248577577, 1.0, 0.0, 0.0, 0.0, 0.0, 0.0, 0.0, 0.0]",155616,79360,N3,accept,0.30777777777777776,ts,2756,0
"[0.4545454545454546, -0.4545454545454546, -0.4639027877055039, 0.10198300283286119, 0.6, 0.0, 0.0, 0.0, 1.0, 0.6447617748329869, 1.0, 0.0, 0.0, 0.0, 0.0, 0.0, 0.0, 0.0]",88669,107588,N3,accept,0.6181818181818182,ts,2104,1
"[0.75, -0.75, -0.5337781484570475, 0.0, 0.0, 0.0, 0.0, 0.0, 1.0, 0.8210948182295152, 1.0, 0.0, 0.0, 0.0, 0.0, 0.0, 0.0, 0.0]",63869,16728,N3,accept,0.825,ts,2925,1
"[0.26666666666666666, -0.26666666666666666, 0.05772136597159252, 0.09554140127388536, 0.125, 0.0, 0.0, 0.0, 1.0, 0.7639113047871336, 1.0, 0.0, 0.0, 0.0, 0.0, 0.0, 0.0, 0.0]",104690,169335,N3,accept,0.48666666666666664,ts,2773,1
"[0.2, -0.2, -0.1, 0.062146892655367235, 0.07692307692307693, 0.0, 0.0, 0.0, 1.0, 0.7476529448495813, 1.0, 0.0, 0.0, 0.0, 0.0, 0.0, 0.0, 0.0]",108827,151841,N3,accept,0.43999999999999995,ts,2802,1
"[0.20000000000000007, -0.20000000000000007, -0.2488262910798122, -0.011363636363636364, 0.0, 0.0, 0.0, 0.0, 1.0, 0.7410487326541809, 1.0, 0.0, 0.0, 0.0, 0.0, 0.0, 0.0, 0.0]",74281,31966,N3,accept,0.44000000000000006,ts,1560,1
"[0.076923076923077, -0.076923076923077, 0.0, 0.0, 0.0, 0.0, 0.0, 0.0, 1.0, 0.7787188164556538, 1.0, 0.0, 0.0, 0.0, 0.0, 0.0, 0.0, 0.0]",93861,174758,N3,accept,0.35384615384615387,ts,1594,0
"[0.46153846153846156, -0.46153846153846156, -0.7849624060150376, -0.03125, 0.11999999999999993, 0.0, 0.0, 0.0, 1.0, 0.7003839178920463, 1.0, 0.0, 0.0, 0.0, 0.0, 0.0, 0.0, 0.0]",175226,85230,N3,accept,0.6230769230769231,ts,2677,1
"[0.16666666666666666, -0.16666666666666666, -0.3613671274961598, -0.3805970149253731, -0.28, 0.0, 0.0, 0.0, 1.0, 0.5640619118720719, 1.0, 0.0, 0.0, 0.0, 0.0, 0.0, 0.0, 0.0]",116359,52481,N3,accept,0.41666666666666663,ts,2619,1
"[0.4, -0.28, -0.29684601113172543, 0.0, 0.0, 0.0, 0.0, 0.0, 1.0, 0.759689501888925, 1.0, 0.0, 0.0, 0.0, 0.0, 0.0, 0.0, 0.0]",63873,42569,N3,accept,0.58,ts,2081,0
"[0.028571428571428595, -0.028571428571428595, 0.0, 1.0, 0.18000000000000002, 0.0, 0.0, 0.0, 1.0, 0.5700188149629097, 1.0, 0.0, 0.0, 0.0, 0.0, 0.0, 0.0, 0.0]",122719,151787,N3,accept,0.32,ts,1688,1
