context,item_id,alternative_id,nudge_type,action,reward,algorithm,dwell_time_ms,is_exploration
"[0.5636363636363637, -0.5636363636363637, 0.17849462365591412, 0.3320610687022901, 1.0, 0.0, 0.0, 0.0, 1.0, 0.6505032987096852, 1.0, 0.0, 0.0, 0.0, 0.0, 0.0, 0.0, 0.0]",185575,108839,N1,dismiss,0.0,ts,971,1
"[0.3636363636363637, -0.3636363636363637, 0.0, 0.0, 0.0, 0.0, 0.0, 0.0, 1.0, 0.8742764353476687, 1.0, 0.0, 0.0, 0.0, 0.0, 0.0, 0.0, 0.0]",123141,123174,N2,dismiss,-0.024999999999999998,ts,530,1
"[0.21428571428571425, -0.21428571428571425, -0.3609671848013817, 0.06333333333333334, 0.2727272727272727, 0.0, 0.0, 0.0, 1.0, 0.6439526760700992, 1.0, 0.0, 0.0, 0.0, 0.0, 0.0, 0.0, 0.0]",16725,130294,N3,dismiss,-0.049999999999999996,ts,2865,1
"[0.75, -0.75, -0.2602602602602602, 0.0165016501650165, -0.632, 0.0, 0.0, 0.0, 1.0, 0.7586760576708721, 1.0, 0.0, 0.0, 0.0, 0.0, 0.0, 0.0, 0.0]",158417,140660,N4,dismiss,-0.075,ts,2632,1
"[0.14285714285714288, -0.14285714285714288, -0.16684045881126172, -0.4514285714285714, 0.29411764705882354, 0.0, 0.0, 0.0, 1.0, 0.5901301128303514, 1.0, 0.0, 0.0, 0.0, 0.0, 0.0, 0.0, 0.0]",78003,139805,N5,dismiss,-0.09999999999999999,ts,426,1
"[0.12499999999999988, -0.12499999999999988, -0.12708498808578236, -0.23684210526315788, 0.10526315789473684, 0.0, 0.0, 0.0, 1.0, 0.6663745327697852, 1.0, 0.0, 0.0, 0.0, 0.0, 0.0, 0.0, 0.0]",144703,180522,N6,accept,0.1614583333333333,ts,2131,1
"[0.08163265306122446, -0.08163265306122446, -0.17772215269086356, 0.002849002849002849, 0.08333333333333329, 0.0, 0.0, 0.0, 1.0, 0.696752543249875, 1.0, 0.0, 0.0, 0.0, 0.0, 0.0, 0.0, 0.0]",105910,111012,N2,dismiss,-0.15,ts,869,1
"[0.625, -0.625, -0.5647058823529412, 1.0, 0.8333333333333334, 0.0, 0.0, 0.0, 1.0, 0.5294093864207301, 1.0, 0.0, 0.0, 0.0, 0.0, 0.0, 0.0, 0.0]",18437,107066,N6,accept,0.43020833333333336,ts,1793,1
"[0.5599999999999999, -0.5599999999999999, 0.0013342228152101116, 0.014035087719298246, 0.03571428571428559, 0.0, 0.0, 0.0, 1.0, 0.9064267245263649, 1.0, 0.0, 0.0, 0.0, 0.0, 0.0, 0.0, 0.0]",104485,114138,N2,dismiss,-0.19999999999999998,ts,1478,1
"[0.16666666666666666, -0.16666666666666666, 0.21539500337609718, -0.26332288401253917, -0.6, 0.0, 0.0, 0.0, 1.0, 0.5749952659282267, 1.0, 0.0, 0.0, 0.0, 0.0, 0.0, 0.0, 0.0]",128276,145577,N1,dismiss,-0.22499999999999998,ts,1622,1
"[0.20000000000000007, -0.20000000000000007, -0.13397860417727964, 0.0, 0.0, 0.0, 0.0, 0.0, 1.0, 0.7758162558060495, 1.0, 0.0, 0.0, 0.0, 0.0, 0.0, 0.0, 0.0]",90181,115238,N6,accept,0.36666666666666675,ts,2894,1
"[0.1666666666666667, -0.1666666666666667, -0.14285714285714285, 0.0, 0.0, 0.0, 0.0, 0.0, 1.0, 0.7615251242159846, 1.0, 0.0, 0.0, 0.0, 0.0, 0.0, 0.0, 0.0]",51616,61090,N3,dismiss,-0.27499999999999997,ts,2609,1
"[0.7647058823529411, -0.7647058823529411, -0.04260651629072671, 0.6370106761565836, 0.42857142857142855, 0.0, 0.0, 0.0, 1.0, 0.7434692842323926, 1.0, 0.0, 0.0, 0.0, 0.0, 0.0, 0.0, 0.0]",60954,146668,N2,dismiss,-0.3,ts,1929,1
"[0.07692307692307684, -0.07692307692307684, -0.1872881355932203, 0.4411764705882353, -0.2916666666666667, 0.0, 0.0, 0.0, 1.0, 0.5620114161518501, 1.0, 0.0, 0.0, 0.0, 0.0, 0.0, 0.0, 0.0]",92709,115240,N5,dismiss,-0.3,ts,1415,1
"[0.02631578947368412, -0.02631578947368412, -0.43, 0.019867549668874173, 0.0285714285714286, 0.0, 0.0, 0.0, 1.0, 0.6303211836867184, 1.0, 0.0, 0.0, 0.0, 0.0, 0.0, 0.0, 0.0]",41398,15200,N6,accept,0.3184210526315789,ts,486,0
"[0.062499999999999965, -0.062499999999999965, 0.0, 0.07339449541284404, -0.038461538461538464, 0.0, 0.0, 0.0, 1.0, 0.7417846617265634, 1.0, 0.0, 0.0, 0.0, 0.0, 0.0, 0.0, 0.0]",169893,183357,N2,dismiss,-0.3,ts,429,1
"[0.6136363636363636, -0.6136363636363636, -0.20886075949367092, -0.5661971830985916, -0.6166666666666667, 0.0, 0.0, 0.0, 1.0, 0.6552743052649221, 1.0, 0.0, 0.0, 0.0, 0.0, 0.0, 0.0, 0.0]",109410,142262,N5,dismiss,-0.3,ts,690,1
"[0.3382352941176471, -0.3382352941176471, -0.3671817512877116, 0.026239067055393587, 0.1641791044776119, 0.0, 0.0, 0.0, 1.0, 0.7132792099227282, 1.0, 0.0, 0.0, 0.0, 0.0, 0.0, 0.0, 0.0]",185707,105899,N4,dismiss,-0.3,ts,1277,1
"[0.47058823529411764, -0.47058823529411764, 0.15384615384615385, 0.0, 0.0, 0.0, 0.0, 0.0, 1.0, 0.8490503635579928, 1.0, 0.0, 0.0, 0.0, 0.0, 0.0, 0.0, 0.0]",156353,18570,N3,dismiss,-0.3,ts,1972,1
"[0.36974789915966383, -0.36974789915966383, -0.3728571428571429, 0.06870229007633588, -0.36, 0.0, 0.0, 0.0, 1.0, 0.6746285739509242, 1.0, 0.0, 0.0, 0.0, 0.0, 0.0, 0.0, 0.0]",104682,128254,N4,dismiss,-0.3,ts,836,1
"[0.44, -0.44, -0.3220035778175313, 0.09333333333333334, -0.5545454545454546, 0.0, 0.0, 0.0, 1.0, 0.6735644390777678, 1.0, 0.0, 0.0, 0.0, 0.0, 0.0, 0.0, 0.0]",16728,49086,N2,accept,0.608,ts,2521,1
"[0.04761904761904766, -0.04761904761904766, -0.02615470228158035, 0.5272727272727272, 0.23076923076923078, 0.0, 0.0, 0.0, 1.0, 0.6044334604105658, 1.0, 0.0, 0.0, 0.0, 0.0, 0.0, 0.0, 0.0]",179649,115390,N2,dismiss,-0.3,ts,897,1
"[0.7200000000000001, -0.7200000000000001, 0.06944957517547096, 0.0, 0.0, 0.0, 0.0, 0.0, 1.0, 0.922362933285888, 1.0, 0.0, 0.0, 0.0, 0.0, 0.0, 0.0, 0.0]",82038,16725,N3,dismiss,-0.3,ts,2689,1
"[0.14, -0.14, -0.323238566131026, 0.0, 0.0, 0.0, 0.0, 0.0, 1.0, 0.7065192485809642, 1.0, 0.0, 0.0, 0.0, 0.0, 0.0, 0.0, 0.0]",74215,69993,N4,dismiss,-0.3,ts,2467,1
"[0.023255813953488393, -0.023255813953488393, 0.03894297635605003, 0.0, -0.03571428571428571, 0.0, 0.0, 0.0, 1.0, 0.7333907959334611, 1.0, 0.0, 0.0, 0.0, 0.0, 0.0, 0.0, 0.0]",20076,20077,N1,dismiss,-0.3,ts,2859,0
"[0.20000000000000007, -0.20000000000000007, 0.19092827004219395, -0.027932960893854747, -0.14285714285714285, 0.0, 0.0, 0.0, 1.0, 0.7139182293445189, 1.0, 0.0, 0.0, 0.0, 0.0, 0.0, 0.0, 0.0]",111011,31973,N3,dismiss,-0.3,ts,2154,1
"[0.3647540983606557, -0.3647540983606557, -0.3122398001665279, 0.011428571428571429, -0.25555555555555554, 0.0, 0.0, 0.0, 1.0, 0.7182843801510561, 1.0, 0.0, 0.0, 0.0, 0.0, 0.0, 0.0, 0.0]",64290,43382,N2,dismiss,-0.3,ts,832,1
"[0.6818181818181819, -0.6818181818181819, -0.050125313283208024, 0.18840579710144928, -0.51, 0.0, 0.0, 0.0, 1.0, 0.7806619322864332, 1.0, 0.0, 0.0, 0.0, 0.0, 0.0, 0.0, 0.0]",48998,49086,N1,dismiss,-0.3,ts,2283,0
"[0.22666666666666668, -0.22666666666666668, -0.5995995995995996, 0.0, 0.0, 0.0, 0.0, 0.0, 1.0, 0.6921564497180331, 1.0, 0.0, 0.0, 0.0, 0.0, 0.0, 0.0, 0.0]",71092,40258,N1,accept,0.45866666666666667,ts,2537,0
"[0.2, -0.2, -0.40080160320641284, -0.20642201834862386, 0.8181818181818182, 0.0, 0.0, 0.0, 1.0, 0.5410178170853172, 1.0, 0.0, 0.0, 0.0, 0.0, 0.0, 0.0, 0.0]",185374,158410,N1,dismiss,-0.3,ts,2604,1
"[0.19672131147540983, -0.19672131147540983, -0.8342022940563086, 0.011527377521613832, -0.17241379310344818, 0.0, 0.0, 0.0, 1.0, 0.6122436238009076, 1.0, 0.0, 0.0, 0.0, 0.0, 0.0, 0.0, 0.0]",54573,105872,N2,dismiss,-0.3,ts,2213,1
"[0.7999999999999999, -0.7999999999999999, -0.24200000000000002, -0.11666666666666667, -0.18181818181818182, 0.0, 0.0, 0.0, 1.0, 0.8047313163458458, 1.0, 0.0, 0.0, 0.0, 0.0, 0.0, 0.0, 0.0]",69947,48992,N2,dismiss,-0.3,ts,2943,1
"[0.3500000000000001, -0.3500000000000001, 0.0, -0.3611111111111111, 0.043478260869565216, 0.0, 0.0, 0.0, 1.0, 0.7807457601820568, 1.0, 0.0, 0.0, 0.0, 0.0, 0.0, 0.0, 0.0]",125913,48548,N2,dismiss,-0.3,ts,1251,1
"[0.9485714285714285, -0.9485714285714285, 0.2222222222222222, 1.0, 0.44000000000000006, 0.0, 0.0, 0.0, 1.0, 0.6671004355547396, 1.0, 0.0, 0.0, 0.0, 0.0, 0.0, 0.0, 0.0]",18359,50956,N1,dismiss,-0.3,ts,1043,0
"[0.75, -0.75, -0.5337781484570475, 0.0, 0.0, 0.0, 0.0, 0.0, 1.0, 0.8210948182295152, 1.0, 0.0, 0.0, 0.0, 0.0, 0.0, 0.0, 0.0]",63869,16728,N1,dismiss,-0.3,ts,2832,1
"[0.27536231884057966, -0.27536231884057966, -0.2837389380530973, -0.24, -0.019999999999999973, 0.0, 0.0, 0.0, 1.0, 0.6980900885686553, 1.0, 0.0, 0.0, 0.0, 0.0, 0.0, 0.0, 0.0]",79808,189203,N2,accept,0.49275362318840576,ts,1356,1
"[0.625, -0.625, 0.0026755852842809983, 0.7803468208092486, -0.54, 0.0, 0.0, 0.0, 1.0, 0.7148883874284145, 1.0, 0.0, 0.0, 0.0, 0.0, 0.0, 0.0, 0.0]",158410,115951,N2,dismiss,-0.3,ts,2630,1
"[0.52, -0.52, 0.0, 0.0, 0.0, 0.0, 0.0, 0.0, 1.0, 0.9131766764904976, 1.0, 0.0, 0.0, 0.0, 0.0, 0.0, 0.0, 0.0]",141766,141753,N6,accept,0.6639999999999999,ts,1488,1
"[0.7066666666666667, -0.7066666666666667, -0.26660742057320597, 0.0, 0.0, 0.0, 0.0, 0.0, 1.0, 0.8637591120811493, 1.0, 0.0, 0.0, 0.0, 0.0, 0.0, 0.0, 0.0]",120796,86743,N1,accept,0.7946666666666666,ts,1659,1
"[0.16666666666666663, -0.16666666666666663, 0.11098779134295228, -0.11282051282051282, -0.020000000000000018, 0.0, 0.0, 0.0, 1.0, 0.7352357426409654, 1.0, 0.0, 0.0, 0.0, 0.0, 0.0, 0.0, 0.0]",83435,87100,N1,dismiss,-0.3,ts,2048,0
"[0.3911290322580645, -0.3911290322580645, -0.50017850767583, -0.036036036036036036, -0.07692307692307693, 0.0, 0.0, 0.0, 1.0, 0.7236081398207702, 1.0, 0.0, 0.0, 0.0, 0.0, 0.0, 0.0, 0.0]",89601,103704,N4,dismiss,-0.3,ts,2193,1
"[0.09090909090909098, -0.09090909090909098, -0.3736951983298538, -0.08522727272727272, -0.08333333333333333, 0.0, 0.0, 0.0, 1.0, 0.6320658038404304, 1.0, 0.0, 0.0, 0.0, 0.0, 0.0, 0.0, 0.0]",110877,43090,N1,dismiss,-0.3,ts,1720,1
"[0.15, -0.15, -0.05649999999999995, -0.48333333333333334, -0.58, 0.0, 0.0, 0.0, 1.0, 0.5880249896185937, 1.0, 0.0, 0.0, 0.0, 0.0, 0.0, 0.0, 0.0]",18598,79359,N1,accept,0.40499999999999997,ts,1917,1
"[0.09090909090909098, -0.09090909090909098, -0.43661971830985913, 0.06818181818181818, 0.16666666666666666, 0.0, 0.0, 0.0, 1.0, 0.6057589679083718, 1.0, 0.0, 0.0, 0.0, 0.0, 0.0, 0.0, 0.0]",74281,151841,N1,dismiss,-0.3,ts,1885,1
"[0.16666666666666669, -0.16666666666666669, -0.6716716716716717, 0.2561576354679803, -0.09523809523809523, 0.0, 0.0, 0.0, 1.0, 0.577274850892076, 1.0, 0.0, 0.0, 0.0, 0.0, 0.0, 0.0, 0.0]",47180,155668,N1,accept,0.41666666666666663,ts,1530,0
"[0.3, -0.3, 0.2, 0.0, 0.0, 0.0, 0.0, 0.0, 1.0, 0.7895387605196299, 1.0, 0.0, 0.0, 0.0, 0.0, 0.0, 0.0, 0.0]",133969,50807,N1,dismiss,-0.3,ts,2262,1
"[0.8571428571428572, -0.8571428571428572, 0.0, 0.0, 0.0, 0.0, 0.0, 0.0, 1.0, 0.9644999904246006, 1.0, 0.0, 0.0, 0.0, 0.0, 0.0, 0.0, 0.0]",16649,16650,N1,dismiss,-0.3,ts,2845,0
"[0.07692307692307684, -0.07692307692307684, 0.0, -0.2222222222222222, 0.0, 0.0, 0.0, 0.0, 1.0, 0.7248958747201469, 1.0, 0.0, 0.0, 0.0, 0.0, 0.0, 0.0, 0.0]",115242,115240,N1,dismiss,-0.3,ts,1397,1
"[0.20000000000000007, -0.20000000000000007, -0.13397860417727964, 0.0, 0.0, 0.0, 0.0, 0.0, 1.0, 0.7758162558060495, 1.0, 0.0, 0.0, 0.0, 0.0, 0.0, 0.0, 0.0]",90181,115238,N1,dismiss,-0.3,ts,2479,1
"[0.1200000000000001, -0.1200000000000001, 0.1455847255369929, -0.07120743034055728, 0.14000000000000004, 0.0, 0.0, 0.0, 1.0, 0.687454790909646, 1.0, 0.0, 0.0, 0.0, 0.0, 0.0, 0.0, 0.0]",57279,59424,N5,dismiss,-0.3,ts,578,1
"[0.24999999999999997, -0.24999999999999997, -0.4147058823529412, 0.0, 0.0, 0.0, 0.0, 0.0, 1.0, 0.726850521859211, 1.0, 0.0, 0.0, 0.0, 0.0, 0.0, 0.0, 0.0]",51609,174748,N1,dismiss,-0.3,ts,466,0
"[0.20000000000000004, -0.20000000000000004, -0.5272727272727272, 0.1978021978021978, 0.3, 0.0, 0.0, 0.0, 1.0, 0.5758109939927043, 1.0, 0.0, 0.0, 0.0, 0.0, 0.0, 0.0, 0.0]",127600,169893,N1,dismiss,-0.3,ts,1761,1
"[0.11999999999999993, -0.11999999999999993, -0.3181818181818182, 0.1623931623931624, 0.7857142857142857, 0.0, 0.0, 0.0, 1.0, 0.5399273768495086, 1.0, 0.0, 0.0, 0.0, 0.0, 0.0, 0.0, 0.0]",151839,89764,N1,dismiss,-0.3,ts,2303,1
"[0.2142857142857143, -0.2142857142857143, 0.0, -0.035856573705179286, 0.12244897959183665, 0.0, 0.0, 0.0, 1.0, 0.7847368582990952, 1.0, 0.0, 0.0, 0.0, 0.0, 0.0, 0.0, 0.0]",138640,138639,N1,accept,0.44999999999999996,ts,2274,1
"[0.14285714285714288, -0.14285714285714288, 0.2002503128911139, 0.9813084112149533, -0.15, 0.0, 0.0, 0.0, 1.0, 0.5689594320135174, 1.0, 0.0, 0.0, 0.0, 0.0, 0.0, 0.0, 0.0]",78135,55882,N1,dismiss,-0.3,ts,1923,1
"[0.4857142857142857, -0.4857142857142857, 0.0, -0.06, -0.06000000000000001, 0.0, 0.0, 0.0, 1.0, 0.8716237776267369, 1.0, 0.0, 0.0, 0.0, 0.0, 0.0, 0.0, 0.0]",122718,141703,N1,dismiss,-0.3,ts,2568,1
"[0.5652173913043479, -0.5652173913043479, 0.1575289575289576, -0.06862745098039216, 0.12000000000000005, 0.0, 0.0, 0.0, 1.0, 0.8171887144159775, 1.0, 0.0, 0.0, 0.0, 0.0, 0.0, 0.0, 0.0]",179650,104485,N1,dismiss,-0.3,ts,506,0
"[0.10144927536231878, -0.10144927536231878, -0.09499192245557343, 0.3888888888888889, -0.07407407407407407, 0.0, 0.0, 0.0, 1.0, 0.6514063925928746, 1.0, 0.0, 0.0, 0.0, 0.0, 0.0, 0.0, 0.0]",89552,89602,N1,dismiss,-0.3,ts,2700,1
"[0.027777777777777613, -0.027777777777777613, -0.6006006006006006, 0.02040816326530612, 0.14583333333333337, 0.0, 0.0, 0.0, 1.0, 0.5766306107798147, 1.0, 0.0, 0.0, 0.0, 0.0, 0.0, 0.0, 0.0]",16681,174761,N1,dismiss,-0.3,ts,1569,1
"[0.3411764705882352, -0.3411764705882352, 0.0, -0.017543859649122806, -0.05999999999999996, 0.0, 0.0, 0.0, 1.0, 0.8456959310239913, 1.0, 0.0, 0.0, 0.0, 0.0, 0.0, 0.0, 0.0]",87407,74186,N1,dismiss,-0.3,ts,955,1
"[0.4235294117647059, -0.4235294117647059, 0.2053511705685619, 0.49056603773584906, 0.07142857142857142, 0.0, 0.0, 0.0, 1.0, 0.7093232284924638, 1.0, 0.0, 0.0, 0.0, 0.0, 0.0, 0.0, 0.0]",121068,155693,N1,accept,0.5964705882352941,ts,1698,1
"[0.14285714285714288, -0.14285714285714288, 0.2002503128911139, 0.9813084112149533, -0.15, 0.0, 0.0, 0.0, 1.0, 0.5689594320135174, 1.0, 0.0, 0.0, 0.0, 0.0, 0.0, 0.0, 0.0]",78135,55882,N1,dismiss,-0.3,ts,2519,1
"[0.1666666666666667, -0.1666666666666667, -0.15503875968992248, 0.058823529411764705, 0.0, 0.0, 0.0, 0.0, 1.0, 0.741259150826298, 1.0, 0.0, 0.0, 0.0, 0.0, 0.0, 0.0, 0.0]",92714,85929,N1,accept,0.4166666666666667,ts,1074,0
"[0.7058823529411765, -0.7058823529411765, 0.13651877133105803, 1.0, 0.11764705882352941, 0.0, 0.0, 0.0, 1.0, 0.7183013517884813, 1.0, 0.0, 0.0, 0.0, 0.0, 0.0, 0.0, 0.0]",169345,115396,N1,dismiss,-0.3,ts,2525,0
"[0.6848739495798319, -0.6848739495798319, -0.17794486215538852, 1.0, 0.0, 0.0, 0.0, 0.0, 1.0, 0.7335761080901412, 1.0, 0.0, 0.0, 0.0, 0.0, 0.0, 0.0, 0.0]",185563,155668,N1,accept,0.7794117647058822,ts,1640,0
"[0.3636363636363637, -0.3636363636363637, 0.0, 0.0, 0.0, 0.0, 0.0, 0.0, 1.0, 0.8742764353476687, 1.0, 0.0, 0.0, 0.0, 0.0, 0.0, 0.0, 0.0]",123548,123174,N1,dismiss,-0.3,ts,1090,0
"[0.09999999999999996, -0.09999999999999996, -0.2505, -0.3416666666666667, -0.44000000000000006, 0.0, 0.0, 0.0, 1.0, 0.5463632436722876, 1.0, 0.0, 0.0, 0.0, 0.0, 0.0, 0.0, 0.0]",18598,155616,N1,dismiss,-0.3,ts,2952,1
"[0.0285714285714286, -0.0285714285714286, 0.0, -0.4375, -0.039999999999999994, 0.0, 0.0, 0.0, 1.0, 0.6617044856731337, 1.0, 0.0, 0.0, 0.0, 0.0, 0.0, 0.0, 0.0]",125786,189308,N2,dismiss,-0.3,ts,1788,1
"[0.4, -0.4, -0.18209408194233698, 0.0, 0.0, 0.0, 0.0, 0.0, 1.0, 0.8232144824729183, 1.0, 0.0, 0.0, 0.0, 0.0, 0.0, 0.0, 0.0]",49870,147380,N1,dismiss,-0.3,ts,1215,1
"[0.36974789915966383, -0.36974789915966383, -0.43350604490500866, 0.9465648854961832, -0.24, 0.0, 0.0, 0.0, 1.0, 0.5754425533021172, 1.0, 0.0, 0.0, 0.0, 0.0, 0.0, 0.0, 0.0]",61358,155668,N2,dismiss,-0.3,ts,585,1
"[0.5588235294117647, -0.5588235294117647, 0.17562724014336914, 0.29441624365482233, 0.46153846153846156, 0.0, 0.0, 0.0, 1.0, 0.7048196658399779, 1.0, 0.0, 0.0, 0.0, 0.0, 0.0, 0.0, 0.0]",92081,155668,N1,accept,0.6911764705882353,ts,2911,0
"[0.2, -0.2, -0.1442857142857143, -0.5430711610486891, 0.26666666666666666, 0.0, 0.0, 0.0, 1.0, 0.6113191439651465, 1.0, 0.0, 0.0, 0.0, 0.0, 0.0, 0.0, 0.0]",57653,185524,N1,dismiss,-0.3,ts,1625,0
"[0.14285714285714285, -0.14285714285714285, -0.13156752062527144, -0.05190311418685121, 0.36363636363636365, 0.0, 0.0, 0.0, 1.0, 0.6641876162143715, 1.0, 0.0, 0.0, 0.0, 0.0, 0.0, 0.0, 0.0]",110153,115289,N6,accept,0.39999999999999997,ts,1117,1
"[0.52, -0.52, -0.0866666666666666, -0.07180851063829788, 0.42857142857142855, 0.0, 0.0, 0.0, 1.0, 0.7749369740378187, 1.0, 0.0, 0.0, 0.0, 0.0, 0.0, 0.0, 0.0]",151841,108839,N2,dismiss,-0.3,ts,548,1
"[0.5636363636363637, -0.5636363636363637, -0.43706409830621057, -0.011396011396011397, 0.5714285714285714, 0.0, 0.0, 0.0, 1.0, 0.7000728049385982, 1.0, 0.0, 0.0, 0.0, 0.0, 0.0, 0.0, 0.0]",15533,108828,N2,dismiss,-0.3,ts,1585,1
"[0.10714285714285708, -0.10714285714285708, 0.21108179419525067, -0.24567474048442905, -0.25, 0.0, 0.0, 0.0, 1.0, 0.6037111713328339, 1.0, 0.0, 0.0, 0.0, 0.0, 0.0, 0.0, 0.0]",105432,164355,N1,dismiss,-0.3,ts,2868,1
"[0.2058823529411765, -0.2058823529411765, -0.0625, -0.02, 0.16, 0.0, 0.0, 0.0, 1.0, 0.7543817618859714, 1.0, 0.0, 0.0, 0.0, 0.0, 0.0, 0.0, 0.0]",40998,70937,N2,dismiss,-0.3,ts,2625,1
"[0.6103896103896104, -0.6103896103896104, 0.1266583229036294, 0.32524271844660196, -0.14814814814814814, 0.0, 0.0, 0.0, 1.0, 0.7759987901718405, 1.0, 0.0, 0.0, 0.0, 0.0, 0.0, 0.0, 0.0]",138627,120796,N6,accept,0.7272727272727273,ts,2465,1
"[0.27906976744186046, -0.27906976744186046, 0.0, -0.03754266211604096, 0.042553191489361736, 0.0, 0.0, 0.0, 1.0, 0.8258504046786157, 1.0, 0.0, 0.0, 0.0, 0.0, 0.0, 0.0, 0.0]",33338,91957,N1,dismiss,-0.3,ts,986,0
"[0.6875, -0.6875, 0.05571428571428579, 0.18461538461538463, -0.6592592592592593, 0.0, 0.0, 0.0, 1.0, 0.7663329371063949, 1.0, 0.0, 0.0, 0.0, 0.0, 0.0, 0.0, 0.0]",20014,140660,N1,dismiss,-0.3,ts,2680,0
"[0.11999999999999993, -0.11999999999999993, -0.11136363636363633, -0.002849002849002849, -0.4642857142857143, 0.0, 0.0, 0.0, 1.0, 0.6630022292393112, 1.0, 0.0, 0.0, 0.0, 0.0, 0.0, 0.0, 0.0]",151839,88363,N6,accept,0.38399999999999995,ts,2964,1
"[0.41176470588235287, -0.41176470588235287, -0.4265232974910394, 0.08, 0.12000000000000002, 0.0, 0.0, 0.0, 1.0, 0.7184106107941747, 1.0, 0.0, 0.0, 0.0, 0.0, 0.0, 0.0, 0.0]",88339,58615,N1,accept,0.588235294117647,ts,1810,0
"[0.11111111111111115, -0.11111111111111115, -0.6376811594202898, 0.17475728155339806, 0.016666666666666607, 0.0, 0.0, 0.0, 1.0, 0.5979880051484318, 1.0, 0.0, 0.0, 0.0, 0.0, 0.0, 0.0, 0.0]",54732,81542,N1,dismiss,-0.3,ts,1705,0
"[0.19999999999999996, -0.19999999999999996, -0.7699749791492911, 0.0, 0.0, 0.0, 0.0, 0.0, 1.0, 0.6657065190509923, 1.0, 0.0, 0.0, 0.0, 0.0, 0.0, 0.0, 0.0]",63869,141753,N1,accept,0.43999999999999995,ts,1941,0
"[0.4545454545454546, -0.4545454545454546, -0.375, 0.1308139534883721, 1.0, 0.0, 0.0, 0.0, 1.0, 0.6284182472827946, 1.0, 0.0, 0.0, 0.0, 0.0, 0.0, 0.0, 0.0]",31975,107588,N1,dismiss,-0.3,ts,774,0
"[0.7954545454545455, -0.7954545454545455, -0.058333333333333376, 0.08571428571428572, 1.0, 0.0, 0.0, 0.0, 1.0, 0.7646405915394846, 1.0, 0.0, 0.0, 0.0, 0.0, 0.0, 0.0, 0.0]",30105,89765,N1,dismiss,-0.3,ts,1504,0
"[0.3636363636363637, -0.3636363636363637, 0.0, 0.0, 0.0, 0.0, 0.0, 0.0, 1.0, 0.8742764353476687, 1.0, 0.0, 0.0, 0.0, 0.0, 0.0, 0.0, 0.0]",123141,123174,N1,accept,0.5545454545454546,ts,2238,0
"[0.20000000000000007, -0.20000000000000007, 0.18088235294117644, 0.011299435028248588, -0.5, 0.0, 0.0, 0.0, 1.0, 0.6639474986889986, 1.0, 0.0, 0.0, 0.0, 0.0, 0.0, 0.0, 0.0]",108741,93935,N1,accept,0.44000000000000006,ts,2670,1
"[0.6000000000000001, -0.6000000000000001, 0.1111111111111111, 1.0, 1.0, 0.0, 0.0, 0.0, 1.0, 0.5953401686575794, 1.0, 0.0, 0.0, 0.0, 0.0, 0.0, 0.0, 0.0]",38174,112477,N1,dismiss,-0.3,ts,450,1
"[0.41176470588235287, -0.41176470588235287, -0.15164369034994696, 0.12, 0.24, 0.0, 0.0, 0.0, 1.0, 0.7458609741032868, 1.0, 0.0, 0.0, 0.0, 0.0, 0.0, 0.0, 0.0]",56971,58615,N1,dismiss,-0.3,ts,2691,0
"[0.08333333333333322, -0.08333333333333322, -0.7997997997997998, 0.02040816326530612, 0.14583333333333337, 0.0, 0.0, 0.0, 1.0, 0.5775371664077923, 1.0, 0.0, 0.0, 0.0, 0.0, 0.0, 0.0, 0.0]",16681,93864,N1,dismiss,-0.3,ts,656,1
"[0.20000000000000007, -0.20000000000000007, -0.0016666666666666904, 0.019943019943019943, -0.5, 0.0, 0.0, 0.0, 1.0, 0.7214793530593256, 1.0, 0.0, 0.0, 0.0, 0.0, 0.0, 0.0, 0.0]",15534,135482,N2,dismiss,-0.3,ts,1207,1
"[0.18750000000000003, -0.18750000000000003, -0.11764705882352941, 1.0, 0.44000000000000006, 0.0, 0.0, 0.0, 1.0, 0.5428990649558223, 1.0, 0.0, 0.0, 0.0, 0.0, 0.0, 0.0, 0.0]",18334,131606,N1,dismiss,-0.3,ts,2404,1
"[0.1250000000000001, -0.1250000000000001, -0.041666666666666664, -0.015625, 0.07999999999999999, 0.0, 0.0, 0.0, 1.0, 0.753548736419283, 1.0, 0.0, 0.0, 0.0, 0.0, 0.0, 0.0, 0.0]",30711,82101,N1,dismiss,-0.3,ts,2903,1
"[0.7, -0.7, -0.24665503199534622, 0.5596330275229358, -0.5235294117647059, 0.0, 0.0, 0.0, 1.0, 0.6691951492273828, 1.0, 0.0, 0.0, 0.0, 0.0, 0.0, 0.0, 0.0]",81396,145532,N5,dismiss,-0.3,ts,1618,1
"[0.5636363636363637, -0.5636363636363637, 0.22448979591836735, 0.09577464788732394, 1.0, 0.0, 0.0, 0.0, 1.0, 0.6877911266249941, 1.0, 0.0, 0.0, 0.0, 0.0, 0.0, 0.0, 0.0]",123023,107588,N6,accept,0.6945454545454546,ts,948,1
"[0.2222222222222223, -0.2222222222222223, 0.11131725417439703, 0.08529411764705883, 0.10400000000000005, 0.0, 0.0, 0.0, 1.0, 0.7387660108640149, 1.0, 0.0, 0.0, 0.0, 0.0, 0.0, 0.0, 0.0]",123848,76847,N1,accept,0.4555555555555556,ts,2085,0
"[0.9099999999999999, -0.9099999999999999, 0.1697722567287784, 0.46153846153846156, 1.0, 0.0, 0.0, 0.0, 1.0, 0.6797063785587136, 1.0, 0.0, 0.0, 0.0, 0.0, 0.0, 0.0, 0.0]",185582,89765,N3,dismiss,-0.3,ts,919,1
"[0.47058823529411764, -0.47058823529411764, 0.0, 0.14, 0.18000000000000002, 0.0, 0.0, 0.0, 1.0, 0.8200410775686694, 1.0, 0.0, 0.0, 0.0, 0.0, 0.0, 0.0, 0.0]",37982,37953,N6,accept,0.6294117647058823,ts,1413,1
"[0.25, -0.25, 0.22714285714285723, 0.052434456928838954, -0.06666666666666667, 0.0, 0.0, 0.0, 1.0, 0.7329119913938553, 1.0, 0.0, 0.0, 0.0, 0.0, 0.0, 0.0, 0.0]",57653,21089,N1,dismiss,-0.3,ts,2765,0
"[0.8333333333333334, -0.8333333333333334, -0.461, 0.0, 0.0, 0.0, 0.0, 0.0, 1.0, 0.8416154698912451, 1.0, 0.0, 0.0, 0.0, 0.0, 0.0, 0.0, 0.0]",63921,63919,N1,dismiss,-0.3,ts,709,1
"[0.5599999999999999, -0.5599999999999999, -0.3905817174515236, 0.0872093023255814, -0.2413793103448276, 0.0, 0.0, 0.0, 1.0, 0.7315804609111057, 1.0, 0.0, 0.0, 0.0, 0.0, 0.0, 0.0, 0.0]",123511,89763,N1,dismiss,-0.3,ts,1539,1
"[0.14, -0.14, -0.323238566131026, 0.0, 0.0, 0.0, 0.0, 0.0, 1.0, 0.7065192485809642, 1.0, 0.0, 0.0, 0.0, 0.0, 0.0, 0.0, 0.0]",74215,69993,N3,dismiss,-0.3,ts,755,1
"[0.8835294117647059, -0.8835294117647059, -0.28114285714285714, -0.1038961038961039, -0.14285714285714285, 0.0, 0.0, 0.0, 1.0, 0.8155825728784956, 1.0, 0.0, 0.0, 0.0, 0.0, 0.0, 0.0, 0.0]",55744,108025,N1,dismiss,-0.3,ts,2158,0
"[0.5636363636363637, -0.5636363636363637, 0.23355263157894735, 0.12753623188405797, 1.0, 0.0, 0.0, 0.0, 1.0, 0.6840640041636011, 1.0, 0.0, 0.0, 0.0, 0.0, 0.0, 0.0, 0.0]",123021,107588,N1,dismiss,-0.3,ts,2861,0
"[0.25, -0.25, -0.5708154506437768, -0.008595988538681949, 1.0, 0.0, 0.0, 0.0, 1.0, 0.5525921765486778, 1.0, 0.0, 0.0, 0.0, 0.0, 0.0, 0.0, 0.0]",189369,117045,N6,accept,0.475,ts,509,1
"[0.06395348837209296, -0.06395348837209296, -0.6105702364394994, 0.6536796536796536, -0.32142857142857145, 0.0, 0.0, 0.0, 1.0, 0.45233622207296154, 1.0, 0.0, 0.0, 0.0, 0.0, 0.0, 0.0, 0.0]",20076,103705,N2,dismiss,-0.3,ts,2885,1
"[0.2307692307692307, -0.2307692307692307, 0.0, 0.0, 0.0, 0.0, 0.0, 0.0, 1.0, 0.8332400438137636, 1.0, 0.0, 0.0, 0.0, 0.0, 0.0, 0.0, 0.0]",57385,18616,N1,dismiss,-0.3,ts,623,0
"[0.5599999999999999, -0.5599999999999999, 0.0009099181073703173, 0.34532374100719426, 1.0, 0.0, 0.0, 0.0, 1.0, 0.709884034192077, 1.0, 0.0, 0.0, 0.0, 0.0, 0.0, 0.0, 0.0]",185410,89763,N1,dismiss,-0.3,ts,1230,0
"[0.56, -0.56, 0.047120418848167464, 0.36086956521739133, -0.4, 0.0, 0.0, 0.0, 1.0, 0.7437502917188107, 1.0, 0.0, 0.0, 0.0, 0.0, 0.0, 0.0, 0.0]",146668,169349,N1,dismiss,-0.3,ts,1686,0
"[0.8482142857142858, -0.8482142857142858, -0.42857142857142855, 0.0, 0.0, 0.0, 0.0, 0.0, 1.0, 0.8484809649435068, 1.0, 0.0, 0.0, 0.0, 0.0, 0.0, 0.0, 0.0]",164512,75387,N1,dismiss,-0.3,ts,2297,1
"[0.1250000000000001, -0.1250000000000001, 0.0858394160583941, 0.0, 0.0, 0.0, 0.0, 0.0, 1.0, 0.7647832266303307, 1.0, 0.0, 0.0, 0.0, 0.0, 0.0, 0.0, 0.0]",29519,55412,N1,dismiss,-0.3,ts,2871,1
"[0.3, -0.3, -0.09090909090909091, 0.46, -0.08000000000000003, 0.0, 0.0, 0.0, 1.0, 0.709824759435147, 1.0, 0.0, 0.0, 0.0, 0.0, 0.0, 0.0, 0.0]",38740,41068,N6,accept,0.51,ts,1007,1
"[0.5166666666666667, -0.5166666666666667, -0.5343422584400466, -0.02857142857142857, -0.015999999999999945, 0.0, 0.0, 0.0, 1.0, 0.7680937310292789, 1.0, 0.0, 0.0, 0.0, 0.0, 0.0, 0.0, 0.0]",19856,40258,N1,dismiss,-0.3,ts,1112,0
"[0.39999999999999997, -0.39999999999999997, -0.35933147632311974, -0.3006134969325153, -0.26666666666666666, 0.0, 0.0, 0.0, 1.0, 0.651960824166897, 1.0, 0.0, 0.0, 0.0, 0.0, 0.0, 0.0, 0.0]",155669,178949,N1,dismiss,-0.3,ts,2669,0
"[0.19999999999999998, -0.19999999999999998, -0.3719599427753935, 0.052132701421800945, 0.0, 0.0, 0.0, 0.0, 1.0, 0.7030255431912955, 1.0, 0.0, 0.0, 0.0, 0.0, 0.0, 0.0, 0.0]",19708,104460,N1,dismiss,-0.3,ts,603,1
"[0.3576470588235294, -0.3576470588235294, -0.375, -0.2982456140350877, -0.07999999999999999, 0.0, 0.0, 0.0, 1.0, 0.6774839017651755, 1.0, 0.0, 0.0, 0.0, 0.0, 0.0, 0.0, 0.0]",87407,81568,N1,accept,0.5503529411764705,ts,1877,1
"[0.3636363636363637, -0.3636363636363637, 0.0, 0.0, 0.0, 0.0, 0.0, 0.0, 1.0, 0.8742764353476687, 1.0, 0.0, 0.0, 0.0, 0.0, 0.0, 0.0, 0.0]",123143,123174,N1,dismiss,-0.3,ts,2960,0
"[0.44897959183673464, -0.44897959183673464, -0.6495619524405507, -0.04559270516717325, -0.44, 0.0, 0.0, 0.0, 1.0, 0.6505131879988334, 1.0, 0.0, 0.0, 0.0, 0.0, 0.0, 0.0, 0.0]",158420,145523,N1,accept,0.6142857142857142,ts,1247,0
"[0.18749999999999997, -0.18749999999999997, -0.48413125336202256, 0.8, -0.2608695652173913, 0.0, 0.0, 0.0, 1.0, 0.5137714525764588, 1.0, 0.0, 0.0, 0.0, 0.0, 0.0, 0.0, 0.0]",84737,115242,N6,accept,0.43124999999999997,ts,873,1
"[0.22666666666666668, -0.22666666666666668, -0.5995995995995996, 0.0, 0.0, 0.0, 0.0, 0.0, 1.0, 0.6921564497180331, 1.0, 0.0, 0.0, 0.0, 0.0, 0.0, 0.0, 0.0]",71092,40258,N1,dismiss,-0.3,ts,2969,0
"[0.6212121212121212, -0.6212121212121212, 0.0344827586206897, 0.7247706422018348, -0.26, 0.0, 0.0, 0.0, 1.0, 0.7439116586771575, 1.0, 0.0, 0.0, 0.0, 0.0, 0.0, 0.0, 0.0]",182863,19599,N6,accept,0.7348484848484849,ts,1709,1
"[0.24999999999999997, -0.24999999999999997, 0.05517033463973465, 0.45147679324894513, 0.08, 0.0, 0.0, 0.0, 1.0, 0.7073223076628614, 1.0, 0.0, 0.0, 0.0, 0.0, 0.0, 0.0, 0.0]",117335,169335,N1,accept,0.475,ts,2678,0
"[0.19999999999999993, -0.19999999999999993, -0.6543478260869565, -0.24, 0.28, 0.0, 0.0, 0.0, 1.0, 0.5553614665039532, 1.0, 0.0, 0.0, 0.0, 0.0, 0.0, 0.0, 0.0]",38212,89446,N2,dismiss,-0.3,ts,2528,1
"[0.20000000000000007, -0.20000000000000007, 0.2, -0.03910614525139665, 1.0, 0.0, 0.0, 0.0, 1.0, 0.5981434951011854, 1.0, 0.0, 0.0, 0.0, 0.0, 0.0, 0.0, 0.0]",106065,31972,N6,accept,0.44000000000000006,ts,2952,1
"[0.7600000000000001, -0.7600000000000001, 0.0, 0.0, 0.0, 0.0, 0.0, 0.0, 1.0, 0.9536035234414215, 1.0, 0.0, 0.0, 0.0, 0.0, 0.0, 0.0, 0.0]",141769,141753,N1,accept,0.8320000000000001,ts,2808,0
"[0.28571428571428575, -0.28571428571428575, 0.23592419664927214, 0.4583333333333333, -0.1, 0.0, 0.0, 0.0, 1.0, 0.658588363112707, 1.0, 0.0, 0.0, 0.0, 0.0, 0.0, 0.0, 0.0]",139086,127333,N1,dismiss,-0.3,ts,2547,0
"[0.11999999999999993, -0.11999999999999993, -0.051999999999999956, 0.005649717514124294, -0.07692307692307693, 0.0, 0.0, 0.0, 1.0, 0.751690488960439, 1.0, 0.0, 0.0, 0.0, 0.0, 0.0, 0.0, 0.0]",108827,116201,N6,accept,0.38399999999999995,ts,1111,1
"[0.23809523809523817, -0.23809523809523817, -0.10962715637173061, 0.806060606060606, 0.3076923076923077, 0.0, 0.0, 0.0, 1.0, 0.6072817749644154, 1.0, 0.0, 0.0, 0.0, 0.0, 0.0, 0.0, 0.0]",179649,104963,N1,accept,0.4666666666666667,ts,607,0
"[0.75, -0.75, -0.2602602602602602, 0.0165016501650165, -0.632, 0.0, 0.0, 0.0, 1.0, 0.7586760576708721, 1.0, 0.0, 0.0, 0.0, 0.0, 0.0, 0.0, 0.0]",158417,140660,N1,dismiss,-0.3,ts,2301,1
"[0.5588235294117647, -0.5588235294117647, -0.36971560338201387, 0.43661971830985913, 0.11764705882352941, 0.0, 0.0, 0.0, 1.0, 0.6978856220460811, 1.0, 0.0, 0.0, 0.0, 0.0, 0.0, 0.0, 0.0]",134227,155668,N6,accept,0.6911764705882353,ts,525,1
"[0.16666666666666663, -0.16666666666666663, -0.45154264972776775, 0.2153846153846154, 0.05999999999999996, 0.0, 0.0, 0.0, 1.0, 0.6228325061737006, 1.0, 0.0, 0.0, 0.0, 0.0, 0.0, 0.0, 0.0]",87131,147858,N1,dismiss,-0.3,ts,1127,1
"[0.7857142857142857, -0.7857142857142857, -0.639777468706537, -0.13486005089058525, -0.73, 0.0, 0.0, 0.0, 1.0, 0.6617567884260077, 1.0, 0.0, 0.0, 0.0, 0.0, 0.0, 0.0, 0.0]",110096,145532,N1,dismiss,-0.3,ts,2743,1
"[0.25, -0.25, 0.0, -0.008595988538681949, 0.13636363636363635, 0.0, 0.0, 0.0, 1.0, 0.8012276518471559, 1.0, 0.0, 0.0, 0.0, 0.0, 0.0, 0.0, 0.0]",43088,117045,N2,dismiss,-0.3,ts,1310,1
"[0.55, -0.55, -0.008365019011406936, 0.005434782608695652, -0.38, 0.0, 0.0, 0.0, 1.0, 0.834655709896273, 1.0, 0.0, 0.0, 0.0, 0.0, 0.0, 0.0, 0.0]",85163,128279,N6,accept,0.685,ts,1868,1
"[0.75, -0.75, 0.02901450725362691, -0.17094017094017094, 0.0, 0.0, 0.0, 0.0, 1.0, 0.8976147625183853, 1.0, 0.0, 0.0, 0.0, 0.0, 0.0, 0.0, 0.0]",182867,29663,N1,dismiss,-0.3,ts,2689,1
"[0.5396825396825397, -0.5396825396825397, -0.5828988529718457, -0.014492753623188406, 0.0, 0.0, 0.0, 0.0, 1.0, 0.7753812406748245, 1.0, 0.0, 0.0, 0.0, 0.0, 0.0, 0.0, 0.0]",154624,40258,N6,accept,0.6777777777777777,ts,1774,1
"[0.22222222222222224, -0.22222222222222224, 0.0, -0.18061674008810572, 0.3181818181818182, 0.0, 0.0, 0.0, 1.0, 0.7142826286103995, 1.0, 0.0, 0.0, 0.0, 0.0, 0.0, 0.0, 0.0]",169062,169065,N1,dismiss,-0.3,ts,1657,1
"[0.11999999999999993, -0.11999999999999993, -0.4444444444444444, -0.025495750708215296, 0.07142857142857142, 0.0, 0.0, 0.0, 1.0, 0.6493173720817133, 1.0, 0.0, 0.0, 0.0, 0.0, 0.0, 0.0, 0.0]",107307,123210,N1,accept,0.38399999999999995,ts,2088,1
"[0.28476821192052976, -0.28476821192052976, 0.0, -0.021806853582554516, -0.4166666666666667, 0.0, 0.0, 0.0, 1.0, 0.7595229641394782, 1.0, 0.0, 0.0, 0.0, 0.0, 0.0, 0.0, 0.0]",103704,145523,N1,dismiss,-0.3,ts,2874,0
"[0.1250000000000001, -0.1250000000000001, 0.1772262773722628, 0.0, 0.0, 0.0, 0.0, 0.0, 1.0, 0.7366447804514437, 1.0, 0.0, 0.0, 0.0, 0.0, 0.0, 0.0, 0.0]",29519,55348,N1,dismiss,-0.3,ts,2703,0
"[0.25, -0.25, 0.1111111111111111, 1.0, 0.0, 0.0, 0.0, 0.0, 1.0, 0.660441020604516, 1.0, 0.0, 0.0, 0.0, 0.0, 0.0, 0.0, 0.0]",81128,155816,N1,dismiss,-0.3,ts,1888,1
"[0.2346938775510204, -0.2346938775510204, -0.5314285714285715, 0.3709677419354839, -0.3448275862068966, 0.0, 0.0, 0.0, 1.0, 0.5503305829454922, 1.0, 0.0, 0.0, 0.0, 0.0, 0.0, 0.0, 0.0]",169065,155668,N1,dismiss,-0.3,ts,1759,0
"[0.2363636363636364, -0.2363636363636364, -0.14295925661186562, 0.0, 0.02500000000000006, 0.0, 0.0, 0.0, 1.0, 0.7780493073777478, 1.0, 0.0, 0.0, 0.0, 0.0, 0.0, 0.0, 0.0]",84678,59125,N1,dismiss,-0.3,ts,1888,0
"[0.47058823529411764, -0.47058823529411764, 0.07692307692307693, 1.0, 0.6599999999999999, 0.0, 0.0, 0.0, 1.0, 0.6187834354083326, 1.0, 0.0, 0.0, 0.0, 0.0, 0.0, 0.0, 0.0]",37982,39150,N1,dismiss,-0.3,ts,1975,1
"[0.25, -0.25, 0.0, -0.008595988538681949, 0.13636363636363635, 0.0, 0.0, 0.0, 1.0, 0.8012276518471559, 1.0, 0.0, 0.0, 0.0, 0.0, 0.0, 0.0, 0.0]",43088,117045,N1,dismiss,-0.3,ts,2254,0
"[0.25, -0.25, 0.13333333333333333, 1.0, -0.23809523809523808, 0.0, 0.0, 0.0, 1.0, 0.600354712283968, 1.0, 0.0, 0.0, 0.0, 0.0, 0.0, 0.0, 0.0]",139964,113825,N6,accept,0.475,ts,2090,1
"[0.25000000000000006, -0.25000000000000006, -0.09111617312072894, 0.1, -0.059999999999999984, 0.0, 0.0, 0.0, 1.0, 0.7621185638122803, 1.0, 0.0, 0.0, 0.0, 0.0, 0.0, 0.0, 0.0]",30785,110598,N1,dismiss,-0.3,ts,2667,0
"[0.20000000000000004, -0.20000000000000004, -0.634703196347032, 0.07407407407407407, -0.74, 0.0, 0.0, 0.0, 1.0, 0.5425189848892313, 1.0, 0.0, 0.0, 0.0, 0.0, 0.0, 0.0, 0.0]",19598,106004,N1,dismiss,-0.3,ts,943,0
"[0.19709090909090918, -0.19709090909090918, 0.0, 0.0, 0.0, 0.0, 0.0, 0.0, 1.0, 0.8218285575581613, 1.0, 0.0, 0.0, 0.0, 0.0, 0.0, 0.0, 0.0]",152267,63876,N1,dismiss,-0.3,ts,1720,0
"[0.24999999999999997, -0.24999999999999997, -0.4147058823529412, 0.0, 0.0, 0.0, 0.0, 0.0, 1.0, 0.726850521859211, 1.0, 0.0, 0.0, 0.0, 0.0, 0.0, 0.0, 0.0]",51609,174748,N1,dismiss,-0.3,ts,445,0
"[0.7171717171717171, -0.7171717171717171, -0.18181818181818182, 0.36, 0.040000000000000036, 0.0, 0.0, 0.0, 1.0, 0.7984142146342929, 1.0, 0.0, 0.0, 0.0, 0.0, 0.0, 0.0, 0.0]",141703,30711,N1,accept,0.8020202020202019,ts,420,1
"[0.3636363636363637, -0.3636363636363637, 0.0, 0.0, 0.0, 0.0, 0.0, 0.0, 1.0, 0.8742764353476687, 1.0, 0.0, 0.0, 0.0, 0.0, 0.0, 0.0, 0.0]",123031,123174,N1,dismiss,-0.3,ts,1808,0
"[0.27999999999999997, -0.27999999999999997, -0.07452093683463454, 1.0, -0.78, 0.0, 0.0, 0.0, 1.0, 0.5645640780394282, 1.0, 0.0, 0.0, 0.0, 0.0, 0.0, 0.0, 0.0]",154734,128279,N1,dismiss,-0.3,ts,1435,0
"[0.25, -0.25, -0.17102202763715965, 0.0, 0.0, 0.0, 0.0, 0.0, 1.0, 0.781652731750395, 1.0, 0.0, 0.0, 0.0, 0.0, 0.0, 0.0, 0.0]",15456,15457,N1,dismiss,-0.3,ts,2723,1
"[0.20000000000000004, -0.20000000000000004, 0.052700922266139656, 0.1377245508982036, -0.05, 0.0, 0.0, 0.0, 1.0, 0.7524309879658798, 1.0, 0.0, 0.0, 0.0, 0.0, 0.0, 0.0, 0.0]",81498,158639,N1,dismiss,-0.3,ts,699,1
"[0.20000000000000004, -0.20000000000000004, -0.634703196347032, 0.07407407407407407, -0.74, 0.0, 0.0, 0.0, 1.0, 0.5425189848892313, 1.0, 0.0, 0.0, 0.0, 0.0, 0.0, 0.0, 0.0]",19598,106004,N1,accept,0.44,ts,2452,0
"[0.3333333333333333, -0.3333333333333333, -0.32107175295186197, -0.2606837606837607, -0.4117647058823529, 0.0, 0.0, 0.0, 1.0, 0.6256501674164882, 1.0, 0.0, 0.0, 0.0, 0.0, 0.0, 0.0, 0.0]",146728,158410,N6,accept,0.5333333333333333,ts,2505,1
"[0.12499999999999988, -0.12499999999999988, 0.03177124702144559, -0.23684210526315788, 0.10526315789473684, 0.0, 0.0, 0.0, 1.0, 0.6989493880617605, 1.0, 0.0, 0.0, 0.0, 0.0, 0.0, 0.0, 0.0]",144703,144702,N1,accept,0.3874999999999999,ts,2717,1
"[0.6000000000000001, -0.6000000000000001, 0.23277737490935468, 0.0, 0.0, 0.0, 0.0, 0.0, 1.0, 0.8546318163476566, 1.0, 0.0, 0.0, 0.0, 0.0, 0.0, 0.0, 0.0]",141750,115238,N1,dismiss,-0.3,ts,2380,0
"[0.16666666666666663, -0.16666666666666663, 0.1783402001177164, -0.022598870056497175, -0.020000000000000018, 0.0, 0.0, 0.0, 1.0, 0.738718586815135, 1.0, 0.0, 0.0, 0.0, 0.0, 0.0, 0.0, 0.0]",87097,87100,N1,dismiss,-0.3,ts,1482,1
"[0.09999999999999996, -0.09999999999999996, 0.0, 0.03870967741935484, -0.045454545454545456, 0.0, 0.0, 0.0, 1.0, 0.7630116146408217, 1.0, 0.0, 0.0, 0.0, 0.0, 0.0, 0.0, 0.0]",111130,108202,N1,dismiss,-0.3,ts,2521,0
"[0.6153846153846154, -0.6153846153846154, 0.11299709020368566, -0.04, -0.020000000000000018, 0.0, 0.0, 0.0, 1.0, 0.8739678605030003, 1.0, 0.0, 0.0, 0.0, 0.0, 0.0, 0.0, 0.0]",145085,113027,N6,accept,0.7307692307692308,ts,951,1
"[0.46153846153846156, -0.46153846153846156, -0.7849624060150376, -0.256, 0.33999999999999997, 0.0, 0.0, 0.0, 1.0, 0.6073646963417112, 1.0, 0.0, 0.0, 0.0, 0.0, 0.0, 0.0, 0.0]",110599,85230,N6,accept,0.6230769230769231,ts,2744,1
"[0.2142857142857143, -0.2142857142857143, 0.0, -0.09363295880149813, 0.5492957746478874, 0.0, 0.0, 0.0, 1.0, 0.7020840351677758, 1.0, 0.0, 0.0, 0.0, 0.0, 0.0, 0.0, 0.0]",147103,138639,N6,accept,0.44999999999999996,ts,1457,1
"[0.18749999999999997, -0.18749999999999997, 0.1864406779661017, 0.7322834645669292, -0.1, 0.0, 0.0, 0.0, 1.0, 0.6137511118933905, 1.0, 0.0, 0.0, 0.0, 0.0, 0.0, 0.0, 0.0]",92706,114738,N1,dismiss,-0.3,ts,2854,0
"[0.6073529411764705, -0.6073529411764705, -0.2222222222222222, -0.48333333333333334, -0.58, 0.0, 0.0, 0.0, 1.0, 0.6627178114018891, 1.0, 0.0, 0.0, 0.0, 0.0, 0.0, 0.0, 0.0]",167076,79360,N1,dismiss,-0.3,ts,2330,1
"[0.7257142857142858, -0.7257142857142858, -0.25974025974025977, -0.024734982332155476, 0.0, 0.0, 0.0, 0.0, 1.0, 0.8608149912248749, 1.0, 0.0, 0.0, 0.0, 0.0, 0.0, 0.0, 0.0]",63899,48997,N1,dismiss,-0.3,ts,2786,1
"[0.6666666666666666, -0.6666666666666666, -0.5476575121163166, -0.033846153846153845, -0.4166666666666667, 0.0, 0.0, 0.0, 1.0, 0.7126573147429927, 1.0, 0.0, 0.0, 0.0, 0.0, 0.0, 0.0, 0.0]",41414,145523,N1,dismiss,-0.3,ts,2915,0
"[0.2, -0.2, -0.425, -0.1678832116788321, -0.26666666666666666, 0.0, 0.0, 0.0, 1.0, 0.603526579115756, 1.0, 0.0, 0.0, 0.0, 0.0, 0.0, 0.0, 0.0]",115289,178949,N1,accept,0.43999999999999995,ts,421,0
"[0.5, -0.5, -0.28716461203770843, 0.0, 0.0, 0.0, 0.0, 0.0, 1.0, 0.8214037269579653, 1.0, 0.0, 0.0, 0.0, 0.0, 0.0, 0.0, 0.0]",141748,90177,N1,dismiss,-0.3,ts,2858,1
"[0.15999999999999998, -0.15999999999999998, -0.07235621521335804, 0.7087378640776699, 0.3529411764705884, 0.0, 0.0, 0.0, 1.0, 0.5923278131666835, 1.0, 0.0, 0.0, 0.0, 0.0, 0.0, 0.0, 0.0]",117087,15171,N6,accept,0.412,ts,1477,1
"[0.3636363636363637, -0.3636363636363637, 0.0, 0.039886039886039885, 0.15384615384615385, 0.0, 0.0, 0.0, 1.0, 0.8230466725244279, 1.0, 0.0, 0.0, 0.0, 0.0, 0.0, 0.0, 0.0]",123002,123174,N1,dismiss,-0.3,ts,1974,0
"[0.7411764705882353, -0.7411764705882353, 0.002114803625377652, -0.052, -0.16666666666666666, 0.0, 0.0, 0.0, 1.0, 0.8929906815880893, 1.0, 0.0, 0.0, 0.0, 0.0, 0.0, 0.0, 0.0]",61306,117335,N1,dismiss,-0.3,ts,2534,1
"[0.22602739726027393, -0.22602739726027393, -0.43941286695815124, 0.0, 0.125, 0.0, 0.0, 0.0, 1.0, 0.6815294341939637, 1.0, 0.0, 0.0, 0.0, 0.0, 0.0, 0.0, 0.0]",43388,143110,N1,dismiss,-0.3,ts,2749,1
"[0.24999999999999997, -0.24999999999999997, 0.11420612813370477, -0.15950920245398773, 0.0, 0.0, 0.0, 0.0, 1.0, 0.7577778993431036, 1.0, 0.0, 0.0, 0.0, 0.0, 0.0, 0.0, 0.0]",155669,115289,N1,dismiss,-0.3,ts,1217,0
"[0.20000000000000007, -0.20000000000000007, -0.20398009950248752, -0.03867403314917127, 0.09090909090909091, 0.0, 0.0, 0.0, 1.0, 0.7197273058529794, 1.0, 0.0, 0.0, 0.0, 0.0, 0.0, 0.0, 0.0]",174793,32065,N1,dismiss,-0.3,ts,1246,1
"[0.5652173913043479, -0.5652173913043479, 0.1575289575289576, -0.06862745098039216, 0.12000000000000005, 0.0, 0.0, 0.0, 1.0, 0.8171887144159775, 1.0, 0.0, 0.0, 0.0, 0.0, 0.0, 0.0, 0.0]",179650,104485,N1,dismiss,-0.3,ts,1858,0
"[0.047619047619047505, -0.047619047619047505, -0.6536340852130326, -0.02, 0.0, 0.0, 0.0, 0.0, 1.0, 0.6160568845960114, 1.0, 0.0, 0.0, 0.0, 0.0, 0.0, 0.0, 0.0]",111106,119482,N6,accept,0.33333333333333326,ts,2375,1
"[0.5170454545454546, -0.5170454545454546, -0.375, -0.5574712643678161, -0.6166666666666667, 0.0, 0.0, 0.0, 1.0, 0.599900311717407, 1.0, 0.0, 0.0, 0.0, 0.0, 0.0, 0.0, 0.0]",31966,142262,N1,dismiss,-0.3,ts,2753,1
"[0.625, -0.625, -0.2317548746518106, 0.016722408026755852, -0.07692307692307693, 0.0, 0.0, 0.0, 1.0, 0.8330090859287487, 1.0, 0.0, 0.0, 0.0, 0.0, 0.0, 0.0, 0.0]",174765,141757,N6,accept,0.7375,ts,2516,1
"[0.5599999999999999, -0.5599999999999999, 0.0009099181073703173, 0.34532374100719426, 1.0, 0.0, 0.0, 0.0, 1.0, 0.709884034192077, 1.0, 0.0, 0.0, 0.0, 0.0, 0.0, 0.0, 0.0]",185410,89763,N1,dismiss,-0.3,ts,2578,0
"[0.2, -0.2, 0.2222222222222222, -0.6008771929824561, 0.25, 0.0, 0.0, 0.0, 1.0, 0.5871437693950083, 1.0, 0.0, 0.0, 0.0, 0.0, 0.0, 0.0, 0.0]",118876,127600,N1,accept,0.43999999999999995,ts,1586,1
"[0.8733333333333334, -0.8733333333333334, 0.175, 0.3969465648854962, 0.1, 0.0, 0.0, 0.0, 1.0, 0.7976282871388852, 1.0, 0.0, 0.0, 0.0, 0.0, 0.0, 0.0, 0.0]",80035,83437,N3,dismiss,-0.3,ts,1514,1
"[0.5599999999999999, -0.5599999999999999, 0.1733193277310925, -0.03260869565217391, -0.21428571428571427, 0.0, 0.0, 0.0, 1.0, 0.8011098453972897, 1.0, 0.0, 0.0, 0.0, 0.0, 0.0, 0.0, 0.0]",87447,85282,N1,accept,0.692,ts,479,0
"[0.3636363636363637, -0.3636363636363637, -0.2982456140350877, 0.025280898876404494, 1.0, 0.0, 0.0, 0.0, 1.0, 0.6344969066583939, 1.0, 0.0, 0.0, 0.0, 0.0, 0.0, 0.0, 0.0]",107747,123174,N1,accept,0.5545454545454546,ts,818,1
"[0.376, -0.376, -0.49874686716791977, 0.0, 0.0, 0.0, 0.0, 0.0, 1.0, 0.7514953289030492, 1.0, 0.0, 0.0, 0.0, 0.0, 0.0, 0.0, 0.0]",174763,93850,N6,accept,0.5631999999999999,ts,1713,1
"[0.44999999999999996, -0.44999999999999996, 0.1312500000000001, 0.0, 0.0, 0.0, 0.0, 0.0, 1.0, 0.8508900869732404, 1.0, 0.0, 0.0, 0.0, 0.0, 0.0, 0.0, 0.0]",56819,15139,N1,accept,0.615,ts,2437,1
"[0.1666666666666667, -0.1666666666666667, 0.0, 1.0, 1.0, 0.0, 0.0, 0.0, 1.0, 0.5151700224508992, 1.0, 0.0, 0.0, 0.0, 0.0, 0.0, 0.0, 0.0]",37985,126074,N6,accept,0.4166666666666667,ts,2078,1
"[0.3571428571428571, -0.3571428571428571, -0.49471210340775557, 0.017341040462427744, -0.012658227848101333, 0.0, 0.0, 0.0, 1.0, 0.7379294538140533, 1.0, 0.0, 0.0, 0.0, 0.0, 0.0, 0.0, 0.0]",117162,105899,N1,accept,0.5499999999999999,ts,931,0
"[0.5636363636363637, -0.5636363636363637, -0.10601265822784818, -0.022535211267605635, 0.8333333333333334, 0.0, 0.0, 0.0, 1.0, 0.7556815464153064, 1.0, 0.0, 0.0, 0.0, 0.0, 0.0, 0.0, 0.0]",109410,108828,N1,dismiss,-0.3,ts,2388,1
"[0.11999999999999993, -0.11999999999999993, -0.5959915611814346, 0.008450704225352112, 0.0, 0.0, 0.0, 0.0, 1.0, 0.652730020669425, 1.0, 0.0, 0.0, 0.0, 0.0, 0.0, 0.0, 0.0]",109421,93937,N6,accept,0.38399999999999995,ts,2738,1
"[0.3142857142857143, -0.3142857142857143, -0.502322495023225, 0.10826210826210826, 0.7142857142857143, 0.0, 0.0, 0.0, 1.0, 0.5898177446147886, 1.0, 0.0, 0.0, 0.0, 0.0, 0.0, 0.0, 0.0]",74278,107588,N1,dismiss,-0.3,ts,1690,1
"[0.20000000000000007, -0.20000000000000007, -0.23388888888888892, 1.0, 1.0, 0.0, 0.0, 0.0, 1.0, 0.45422491495165007, 1.0, 0.0, 0.0, 0.0, 0.0, 0.0, 0.0, 0.0]",38174,141744,N3,dismiss,-0.3,ts,2088,1
"[0.20000000000000007, -0.20000000000000007, -0.24181818181818182, -0.037037037037037035, -0.14285714285714285, 0.0, 0.0, 0.0, 1.0, 0.6981476542695305, 1.0, 0.0, 0.0, 0.0, 0.0, 0.0, 0.0, 0.0]",70000,108746,N1,dismiss,-0.3,ts,1724,1
"[0.5714285714285715, -0.5714285714285715, -0.4588112617309698, 0.08695652173913043, 0.1, 0.0, 0.0, 0.0, 1.0, 0.752454303648262, 1.0, 0.0, 0.0, 0.0, 0.0, 0.0, 0.0, 0.0]",16680,16722,N1,dismiss,-0.3,ts,2653,1
"[0.2307692307692307, -0.2307692307692307, -0.2777777777777778, 0.26, -0.039999999999999994, 0.0, 0.0, 0.0, 1.0, 0.6756362621147747, 1.0, 0.0, 0.0, 0.0, 0.0, 0.0, 0.0, 0.0]",79461,37953,N1,dismiss,-0.3,ts,2026,1
"[0.3571428571428571, -0.3571428571428571, -0.6251673360107095, 0.3593073593073593, -0.48148148148148145, 0.0, 0.0, 0.0, 1.0, 0.5600940953373862, 1.0, 0.0, 0.0, 0.0, 0.0, 0.0, 0.0, 0.0]",20077,145523,N1,accept,0.5499999999999999,ts,1308,1
"[0.7600000000000001, -0.7600000000000001, 0.0, 0.0, 0.0, 0.0, 0.0, 0.0, 1.0, 0.9536035234414215, 1.0, 0.0, 0.0, 0.0, 0.0, 0.0, 0.0, 0.0]",141769,141753,N1,dismiss,-0.3,ts,1304,1
"[0.2, -0.2, -0.1442857142857143, -0.5430711610486891, 0.26666666666666666, 0.0, 0.0, 0.0, 1.0, 0.6113191439651465, 1.0, 0.0, 0.0, 0.0, 0.0, 0.0, 0.0, 0.0]",57653,185524,N3,dismiss,-0.3,ts,2837,1
"[0.3636363636363637, -0.3636363636363637, 0.0, 0.061046511627906974, 0.0, 0.0, 0.0, 0.0, 1.0, 0.8570363402900383, 1.0, 0.0, 0.0, 0.0, 0.0, 0.0, 0.0, 0.0]",123210,123174,N6,accept,0.5545454545454546,ts,1309,0
"[0.47058823529411764, -0.47058823529411764, -0.17647058823529413, -0.5102040816326531, 0.25999999999999995, 0.0, 0.0, 0.0, 1.0, 0.6857910224574573, 1.0, 0.0, 0.0, 0.0, 0.0, 0.0, 0.0, 0.0]",41169,39150,N1,accept,0.6294117647058823,ts,2740,1
"[0.6470588235294118, -0.6470588235294118, -0.17794486215538852, 0.8149466192170819, 0.35714285714285715, 0.0, 0.0, 0.0, 1.0, 0.6801744638950118, 1.0, 0.0, 0.0, 0.0, 0.0, 0.0, 0.0, 0.0]",60954,155668,N1,dismiss,-0.3,ts,2032,1
"[0.18367346938775517, -0.18367346938775517, 0.15695387915623885, 0.04938271604938271, -0.2, 0.0, 0.0, 0.0, 1.0, 0.6997447192288843, 1.0, 0.0, 0.0, 0.0, 0.0, 0.0, 0.0, 0.0]",135547,74215,N6,accept,0.4285714285714286,ts,952,0
"[0.2000000000000001, -0.2000000000000001, 0.1744127936031983, 0.12962962962962962, -0.1, 0.0, 0.0, 0.0, 1.0, 0.7024844421991034, 1.0, 0.0, 0.0, 0.0, 0.0, 0.0, 0.0, 0.0]",146547,83437,N1,accept,0.44000000000000006,ts,532,1
"[0.14, -0.14, -0.31562500000000004, 0.030303030303030304, 0.0, 0.0, 0.0, 0.0, 1.0, 0.6993060113850216, 1.0, 0.0, 0.0, 0.0, 0.0, 0.0, 0.0, 0.0]",106755,69993,N6,accept,0.398,ts,1505,0
"[0.40476190476190477, -0.40476190476190477, -0.5314285714285715, 0.12334801762114538, -0.13636363636363635, 0.0, 0.0, 0.0, 1.0, 0.686023442316458, 1.0, 0.0, 0.0, 0.0, 0.0, 0.0, 0.0, 0.0]",169062,155668,N6,accept,0.5833333333333333,ts,1230,0
"[0.25, -0.25, -0.24812030075187969, 0.01764705882352941, 0.13636363636363635, 0.0, 0.0, 0.0, 1.0, 0.7203456543782418, 1.0, 0.0, 0.0, 0.0, 0.0, 0.0, 0.0, 0.0]",117159,117045,N6,accept,0.475,ts,1125,0
"[0.14, -0.14, 0.16819827346143154, 0.0, 0.0, 0.0, 0.0, 0.0, 1.0, 0.7446095810127756, 1.0, 0.0, 0.0, 0.0, 0.0, 0.0, 0.0, 0.0]",72623,79362,N1,dismiss,-0.3,ts,2406,1
"[0.7, -0.7, -0.24665503199534622, 0.5596330275229358, -0.5235294117647059, 0.0, 0.0, 0.0, 1.0, 0.6691951492273828, 1.0, 0.0, 0.0, 0.0, 0.0, 0.0, 0.0, 0.0]",81396,145532,N6,accept,0.7899999999999999,ts,1410,0
"[0.11999999999999993, -0.11999999999999993, 0.1, -0.00847457627118644, 0.07692307692307693, 0.0, 0.0, 0.0, 1.0, 0.7343560069584029, 1.0, 0.0, 0.0, 0.0, 0.0, 0.0, 0.0, 0.0]",108827,162723,N1,dismiss,-0.3,ts,1194,1
"[0.02631578947368412, -0.02631578947368412, -0.43, 0.019867549668874173, 0.0285714285714286, 0.0, 0.0, 0.0, 1.0, 0.6303211836867184, 1.0, 0.0, 0.0, 0.0, 0.0, 0.0, 0.0, 0.0]",41398,15200,N1,dismiss,-0.3,ts,2362,0
"[0.8214285714285714, -0.8214285714285714, -0.012517385257301885, 0.022900763358778626, 0.06666666666666667, 0.0, 0.0, 0.0, 1.0, 0.9304158681241259, 1.0, 0.0, 0.0, 0.0, 0.0, 0.0, 0.0, 0.0]",110096,170956,N3,dismiss,-0.3,ts,2372,1
"[0.5, -0.5, -0.03129890453834116, -0.014492753623188406, 0.0, 0.0, 0.0, 0.0, 1.0, 0.8923660563935448, 1.0, 0.0, 0.0, 0.0, 0.0, 0.0, 0.0, 0.0]",81462,39280,N3,dismiss,-0.3,ts,2599,1
"[0.1666666666666667, -0.1666666666666667, -0.20120724346076452, 0.17355371900826447, -0.20833333333333334, 0.0, 0.0, 0.0, 1.0, 0.6498658731927112, 1.0, 0.0, 0.0, 0.0, 0.0, 0.0, 0.0, 0.0]",81543,89666,N2,dismiss,-0.3,ts,2095,1
"[0.050000000000000044, -0.050000000000000044, 0.23767935121646902, 0.28, -0.21999999999999997, 0.0, 0.0, 0.0, 1.0, 0.5753341503687988, 1.0, 0.0, 0.0, 0.0, 0.0, 0.0, 0.0, 0.0]",115984,94324,N3,dismiss,-0.3,ts,1626,1
"[0.7, -0.7, 0.07455197132616495, 0.4528301886792453, -0.48888888888888893, 0.0, 0.0, 0.0, 1.0, 0.7348106336402851, 1.0, 0.0, 0.0, 0.0, 0.0, 0.0, 0.0, 0.0]",84871,115951,N1,dismiss,-0.3,ts,2572,1
"[0.20000000000000007, -0.20000000000000007, -0.16684045881126172, -0.37714285714285717, 0.4117647058823529, 0.0, 0.0, 0.0, 1.0, 0.6024685708260071, 1.0, 0.0, 0.0, 0.0, 0.0, 0.0, 0.0, 0.0]",78003,115245,N6,accept,0.44000000000000006,ts,1964,1
"[0.20000000000000007, -0.20000000000000007, 0.19092827004219395, -0.027932960893854747, -0.14285714285714285, 0.0, 0.0, 0.0, 1.0, 0.7139182293445189, 1.0, 0.0, 0.0, 0.0, 0.0, 0.0, 0.0, 0.0]",111011,31973,N1,accept,0.44000000000000006,ts,2576,1
"[0.5599999999999999, -0.5599999999999999, 0.052291801162040054, 0.29454545454545455, -0.2448979591836735, 0.0, 0.0, 0.0, 1.0, 0.7767295963695724, 1.0, 0.0, 0.0, 0.0, 0.0, 0.0, 0.0, 0.0]",185412,87718,N3,dismiss,-0.3,ts,1493,0
"[0.3636363636363637, -0.3636363636363637, -0.056651017214397456, -0.002840909090909091, 0.16666666666666666, 0.0, 0.0, 0.0, 1.0, 0.8094824635768882, 1.0, 0.0, 0.0, 0.0, 0.0, 0.0, 0.0, 0.0]",57376,74278,N6,accept,0.5545454545454546,ts,2288,1
"[0.20000000000000007, -0.20000000000000007, -0.20398009950248752, -0.03867403314917127, 0.09090909090909091, 0.0, 0.0, 0.0, 1.0, 0.7197273058529794, 1.0, 0.0, 0.0, 0.0, 0.0, 0.0, 0.0, 0.0]",174793,31966,N1,dismiss,-0.3,ts,2811,1
"[0.03273809523809514, -0.03273809523809514, 0.0690846286701209, 0.09, 0.09090909090909091, 0.0, 0.0, 0.0, 1.0, 0.6868106489856618, 1.0, 0.0, 0.0, 0.0, 0.0, 0.0, 0.0, 0.0]",16725,63891,N3,dismiss,-0.3,ts,835,1
"[0.7843137254901961, -0.7843137254901961, 0.17994100294985255, 1.0, -0.6363636363636364, 0.0, 0.0, 0.0, 1.0, 0.6485163998686077, 1.0, 0.0, 0.0, 0.0, 0.0, 0.0, 0.0, 0.0]",120916,169349,N6,accept,0.8490196078431371,ts,688,1
"[0.2, -0.2, -0.3347401155042204, -0.5778546712802768, 0.46153846153846156, 0.0, 0.0, 0.0, 1.0, 0.5320424033910545, 1.0, 0.0, 0.0, 0.0, 0.0, 0.0, 0.0, 0.0]",179677,185524,N6,accept,0.43999999999999995,ts,2226,1
"[0.11999999999999993, -0.11999999999999993, -0.1422444603288063, 0.07246376811594203, -0.03571428571428571, 0.0, 0.0, 0.0, 1.0, 0.7144221190085578, 1.0, 0.0, 0.0, 0.0, 0.0, 0.0, 0.0, 0.0]",88672,107308,N6,accept,0.38399999999999995,ts,1009,1
"[0.06211180124223608, -0.06211180124223608, 0.0, -0.15968586387434555, 0.2631578947368421, 0.0, 0.0, 0.0, 1.0, 0.6708322026650078, 1.0, 0.0, 0.0, 0.0, 0.0, 0.0, 0.0, 0.0]",103705,103704,N1,dismiss,-0.3,ts,1999,1
"[0.7058823529411764, -0.7058823529411764, -0.2528473804100228, 0.9101123595505618, 0.26666666666666666, 0.0, 0.0, 0.0, 1.0, 0.679215912782483, 1.0, 0.0, 0.0, 0.0, 0.0, 0.0, 0.0, 0.0]",39429,155668,N3,dismiss,-0.3,ts,2753,1
"[0.3411764705882352, -0.3411764705882352, -0.18181818181818182, 0.46, -0.05999999999999996, 0.0, 0.0, 0.0, 1.0, 0.6996744652049984, 1.0, 0.0, 0.0, 0.0, 0.0, 0.0, 0.0, 0.0]",87406,30711,N3,dismiss,-0.3,ts,2054,0
"[0.5599999999999999, -0.5599999999999999, 0.0013342228152101116, 0.014035087719298246, 0.03571428571428559, 0.0, 0.0, 0.0, 1.0, 0.9064267245263649, 1.0, 0.0, 0.0, 0.0, 0.0, 0.0, 0.0, 0.0]",104485,114138,N6,accept,0.692,ts,1974,1
"[0.3000000000000001, -0.3000000000000001, -0.528957528957529, 0.0, 0.0, 0.0, 0.0, 0.0, 1.0, 0.7249105321469098, 1.0, 0.0, 0.0, 0.0, 0.0, 0.0, 0.0, 0.0]",85444,85446,N3,accept,0.51,ts,2592,0
"[0.6470588235294118, -0.6470588235294118, -0.098898898898899, 0.092, -0.23333333333333334, 0.0, 0.0, 0.0, 1.0, 0.8202015505586917, 1.0, 0.0, 0.0, 0.0, 0.0, 0.0, 0.0, 0.0]",47181,120796,N6,accept,0.7529411764705882,ts,1765,1
"[0.3, -0.3, 0.057401812688821705, 0.048, -0.16666666666666666, 0.0, 0.0, 0.0, 1.0, 0.7775322908658204, 1.0, 0.0, 0.0, 0.0, 0.0, 0.0, 0.0, 0.0]",61306,104682,N3,accept,0.51,ts,771,1
"[0.5, -0.5, -0.35778175313059035, -0.4148936170212766, 0.08000000000000007, 0.0, 0.0, 0.0, 1.0, 0.6998134226636865, 1.0, 0.0, 0.0, 0.0, 0.0, 0.0, 0.0, 0.0]",19596,84107,N6,accept,0.6499999999999999,ts,1231,1
"[0.25, -0.25, 0.15830115830115837, 0.02976190476190476, 0.13636363636363635, 0.0, 0.0, 0.0, 1.0, 0.7408404640993043, 1.0, 0.0, 0.0, 0.0, 0.0, 0.0, 0.0, 0.0]",106979,117045,N3,dismiss,-0.3,ts,730,1
"[0.415625, -0.415625, 0.1312500000000001, 0.0, 0.0, 0.0, 0.0, 0.0, 1.0, 0.8422044928641546, 1.0, 0.0, 0.0, 0.0, 0.0, 0.0, 0.0, 0.0]",152518,15139,N6,accept,0.5909375,ts,765,1
"[0.20000000000000007, -0.20000000000000007, -0.06577629382303836, 0.005698005698005698, 0.07142857142857142, 0.0, 0.0, 0.0, 1.0, 0.7765067733705228, 1.0, 0.0, 0.0, 0.0, 0.0, 0.0, 0.0, 0.0]",189329,88669,N6,accept,0.44000000000000006,ts,2104,1
"[0.375, -0.375, 0.07148288973384026, -0.5597826086956522, 0.4, 0.0, 0.0, 0.0, 1.0, 0.6671768370261847, 1.0, 0.0, 0.0, 0.0, 0.0, 0.0, 0.0, 0.0]",85163,154734,N6,accept,0.5625,ts,919,1
"[0.7, -0.7, -0.3508771929824562, 0.4847161572052402, -0.49375, 0.0, 0.0, 0.0, 1.0, 0.6573653265668035, 1.0, 0.0, 0.0, 0.0, 0.0, 0.0, 0.0, 0.0]",185375,145532,N3,dismiss,-0.3,ts,2087,1
"[0.09090909090909098, -0.09090909090909098, -0.18181818181818182, 0.07122507122507123, 0.0, 0.0, 0.0, 0.0, 1.0, 0.7029945661314697, 1.0, 0.0, 0.0, 0.0, 0.0, 0.0, 0.0, 0.0]",151838,151841,N1,dismiss,-0.3,ts,554,1
"[0.25, -0.25, -0.24812030075187969, 0.005813953488372093, 0.041666666666666664, 0.0, 0.0, 0.0, 1.0, 0.7476249554836153, 1.0, 0.0, 0.0, 0.0, 0.0, 0.0, 0.0, 0.0]",174772,117045,N6,accept,0.475,ts,740,0
"[0.5636363636363637, -0.5636363636363637, -0.15250000000000002, -0.030726256983240222, 1.0, 0.0, 0.0, 0.0, 1.0, 0.7106941839057229, 1.0, 0.0, 0.0, 0.0, 0.0, 0.0, 0.0, 0.0]",106065,108828,N6,accept,0.6945454545454546,ts,2065,1
"[0.19999999999999996, -0.19999999999999996, -0.3087719298245614, 0.0, 0.0, 0.0, 0.0, 0.0, 1.0, 0.7306816188273564, 1.0, 0.0, 0.0, 0.0, 0.0, 0.0, 0.0, 0.0]",174763,141766,N6,accept,0.43999999999999995,ts,771,1
"[0.25, -0.25, -0.3704423918327662, 0.16838487972508592, -0.6625, 0.0, 0.0, 0.0, 1.0, 0.5819091698134675, 1.0, 0.0, 0.0, 0.0, 0.0, 0.0, 0.0, 0.0]",29663,145532,N3,accept,0.475,ts,2281,1
"[0.142857142857143, -0.142857142857143, -0.3204000000000001, 0.17218543046357615, -0.020000000000000018, 0.0, 0.0, 0.0, 1.0, 0.6585587206550543, 1.0, 0.0, 0.0, 0.0, 0.0, 0.0, 0.0, 0.0]",108112,87097,N1,dismiss,-0.3,ts,2299,1
"[0.41176470588235287, -0.41176470588235287, -0.10614525139664797, 0.12, 0.24, 0.0, 0.0, 0.0, 1.0, 0.7599295455936875, 1.0, 0.0, 0.0, 0.0, 0.0, 0.0, 0.0, 0.0]",63626,58615,N3,accept,0.588235294117647,ts,1917,1
"[0.25, -0.25, -0.316628701594533, 0.02976190476190476, 0.20192307692307687, 0.0, 0.0, 0.0, 1.0, 0.6872552925450732, 1.0, 0.0, 0.0, 0.0, 0.0, 0.0, 0.0, 0.0]",117146,117045,N6,accept,0.475,ts,1171,1
"[0.7, -0.7, -0.24665503199534622, 0.5596330275229358, -0.5235294117647059, 0.0, 0.0, 0.0, 1.0, 0.6691951492273828, 1.0, 0.0, 0.0, 0.0, 0.0, 0.0, 0.0, 0.0]",81396,145532,N1,accept,0.7899999999999999,ts,2000,1
"[0.5428571428571428, -0.5428571428571428, 0.0, 0.06, -0.039999999999999994, 0.0, 0.0, 0.0, 1.0, 0.8894924398748609, 1.0, 0.0, 0.0, 0.0, 0.0, 0.0, 0.0, 0.0]",122718,74187,N3,accept,0.6799999999999999,ts,1530,1
"[0.09090909090909098, -0.09090909090909098, -0.4, 0.008746355685131196, 0.13636363636363635, 0.0, 0.0, 0.0, 1.0, 0.6353409222790694, 1.0, 0.0, 0.0, 0.0, 0.0, 0.0, 0.0, 0.0]",162866,117053,N6,accept,0.36363636363636365,ts,2532,1
"[0.30000000000000004, -0.30000000000000004, -0.2663949610967024, 0.04198473282442748, 0.0, 0.0, 0.0, 0.0, 1.0, 0.7607866701733167, 1.0, 0.0, 0.0, 0.0, 0.0, 0.0, 0.0, 0.0]",107855,133081,N3,dismiss,-0.3,ts,2617,0
"[0.25, -0.25, -0.18174409127954363, -0.08430232558139535, 0.08333333333333333, 0.0, 0.0, 0.0, 1.0, 0.7323374237137007, 1.0, 0.0, 0.0, 0.0, 0.0, 0.0, 0.0, 0.0]",84869,170958,N3,dismiss,-0.3,ts,2218,1
"[0.14, -0.14, -0.323238566131026, 0.0, 0.0, 0.0, 0.0, 0.0, 1.0, 0.7065192485809642, 1.0, 0.0, 0.0, 0.0, 0.0, 0.0, 0.0, 0.0]",74215,69993,N3,dismiss,-0.3,ts,2136,1
"[0.5, -0.5, -0.8, 0.1320754716981132, 0.2222222222222222, 0.0, 0.0, 0.0, 1.0, 0.6605222441408507, 1.0, 0.0, 0.0, 0.0, 0.0, 0.0, 0.0, 0.0]",63921,93859,N3,accept,0.6499999999999999,ts,2805,1
"[0.6363636363636364, -0.6363636363636364, -0.2700729927007299, 0.0, 0.0, 0.0, 0.0, 0.0, 1.0, 0.8519911280552436, 1.0, 0.0, 0.0, 0.0, 0.0, 0.0, 0.0, 0.0]",141743,51605,N6,accept,0.7454545454545454,ts,1251,0
"[0.2045454545454546, -0.2045454545454546, -0.24931506849315063, -0.019553072625698324, 1.0, 0.0, 0.0, 0.0, 1.0, 0.605028229497204, 1.0, 0.0, 0.0, 0.0, 0.0, 0.0, 0.0, 0.0]",93935,74278,N3,dismiss,-0.3,ts,670,1
"[0.5166666666666667, -0.5166666666666667, -0.4993742177722153, -0.014492753623188406, 0.02500000000000006, 0.0, 0.0, 0.0, 1.0, 0.7745238919032764, 1.0, 0.0, 0.0, 0.0, 0.0, 0.0, 0.0, 0.0]",53366,40258,N3,accept,0.6616666666666666,ts,2077,1
"[0.11999999999999993, -0.11999999999999993, -0.36231884057971014, 0.3215547703180212, 1.0, 0.0, 0.0, 0.0, 1.0, 0.48054425728233213, 1.0, 0.0, 0.0, 0.0, 0.0, 0.0, 0.0, 0.0]",185510,89763,N6,accept,0.38399999999999995,ts,2097,1
"[0.1250000000000001, -0.1250000000000001, 0.18112094395280237, -0.014044943820224719, -0.6272727272727273, 0.0, 0.0, 0.0, 1.0, 0.6241820565587829, 1.0, 0.0, 0.0, 0.0, 0.0, 0.0, 0.0, 0.0]",87724,117054,N6,accept,0.38750000000000007,ts,873,1
"[0.20000000000000007, -0.20000000000000007, -0.2488262910798122, -0.011363636363636364, 0.0, 0.0, 0.0, 0.0, 1.0, 0.7410487326541809, 1.0, 0.0, 0.0, 0.0, 0.0, 0.0, 0.0, 0.0]",74280,31966,N3,dismiss,-0.3,ts,2068,1
"[0.3, -0.3, -0.28, 0.0, 0.0, 0.0, 0.0, 0.0, 1.0, 0.769716564082265, 1.0, 0.0, 0.0, 0.0, 0.0, 0.0, 0.0, 0.0]",69485,50807,N1,accept,0.51,ts,685,0
"[0.375, -0.375, 0.07148288973384026, -0.5597826086956522, 0.4, 0.0, 0.0, 0.0, 1.0, 0.6671768370261847, 1.0, 0.0, 0.0, 0.0, 0.0, 0.0, 0.0, 0.0]",85163,154734,N1,dismiss,-0.3,ts,1905,0
"[0.3636363636363637, -0.3636363636363637, 0.0, 0.0, 0.0, 0.0, 0.0, 0.0, 1.0, 0.8742764353476687, 1.0, 0.0, 0.0, 0.0, 0.0, 0.0, 0.0, 0.0]",123031,123174,N3,accept,0.5545454545454546,ts,2017,1
"[0.20000000000000004, -0.20000000000000004, -0.4444444444444444, -0.5061224489795918, 0.1111111111111111, 0.0, 0.0, 0.0, 1.0, 0.5796715609809813, 1.0, 0.0, 0.0, 0.0, 0.0, 0.0, 0.0, 0.0]",127333,63222,N3,dismiss,-0.3,ts,1091,1
"[0.20000000000000007, -0.20000000000000007, 0.17052631578947366, -0.05056179775280899, 1.0, 0.0, 0.0, 0.0, 1.0, 0.6209059402654509, 1.0, 0.0, 0.0, 0.0, 0.0, 0.0, 0.0, 0.0]",107747,108746,N1,dismiss,-0.3,ts,1947,1
"[0.1666666666666667, -0.1666666666666667, 0.0, 1.0, 1.0, 0.0, 0.0, 0.0, 1.0, 0.5151700224508992, 1.0, 0.0, 0.0, 0.0, 0.0, 0.0, 0.0, 0.0]",37985,126074,N1,dismiss,-0.3,ts,2400,1
"[0.09090909090909098, -0.09090909090909098, -0.19, 0.003125, 0.5942028985507245, 0.0, 0.0, 0.0, 1.0, 0.6154248633971164, 1.0, 0.0, 0.0, 0.0, 0.0, 0.0, 0.0, 0.0]",162892,142493,N1,dismiss,-0.3,ts,2459,1
"[0.10245901639344263, -0.10245901639344263, -0.3123048094940663, 0.0, -0.1111111111111111, 0.0, 0.0, 0.0, 1.0, 0.665327145388215, 1.0, 0.0, 0.0, 0.0, 0.0, 0.0, 0.0, 0.0]",41679,64291,N3,accept,0.3717213114754098,ts,1626,1
"[0.8285714285714286, -0.8285714285714286, -0.522463768115942, 0.68, 0.55, 0.0, 0.0, 0.0, 1.0, 0.6203403653485181, 1.0, 0.0, 0.0, 0.0, 0.0, 0.0, 0.0, 0.0]",71136,170138,N3,dismiss,-0.3,ts,708,1
"[0.8999999999999999, -0.8999999999999999, -0.6047966631908238, 0.18840579710144928, -0.51, 0.0, 0.0, 0.0, 1.0, 0.6851730751044192, 1.0, 0.0, 0.0, 0.0, 0.0, 0.0, 0.0, 0.0]",16680,49086,N3,dismiss,-0.3,ts,594,1
"[0.13333333333333344, -0.13333333333333344, -0.1, -0.75, -0.44000000000000006, 0.0, 0.0, 0.0, 1.0, 0.5587769414463242, 1.0, 0.0, 0.0, 0.0, 0.0, 0.0, 0.0, 0.0]",70105,79461,N3,dismiss,-0.3,ts,2967,1
"[0.8714285714285714, -0.8714285714285714, -0.17521902377972465, 0.10526315789473684, 0.631578947368421, 0.0, 0.0, 0.0, 1.0, 0.7707011798032538, 1.0, 0.0, 0.0, 0.0, 0.0, 0.0, 0.0, 0.0]",158639,170138,N1,dismiss,-0.3,ts,1005,1
"[0.41666666666666663, -0.41666666666666663, 0.0333889816360601, -0.02857142857142857, -0.015999999999999945, 0.0, 0.0, 0.0, 1.0, 0.8626753628631801, 1.0, 0.0, 0.0, 0.0, 0.0, 0.0, 0.0, 0.0]",19869,39280,N6,accept,0.5916666666666666,ts,2183,1
"[0.14000000000000004, -0.14000000000000004, -0.22411873840445268, 0.46601941747572817, 0.37254901960784326, 0.0, 0.0, 0.0, 1.0, 0.5597578992743337, 1.0, 0.0, 0.0, 0.0, 0.0, 0.0, 0.0, 0.0]",117087,115226,N6,accept,0.398,ts,2996,1
"[0.20000000000000004, -0.20000000000000004, -0.44341372912801486, 0.08761329305135952, -0.07142857142857142, 0.0, 0.0, 0.0, 1.0, 0.6611419918461581, 1.0, 0.0, 0.0, 0.0, 0.0, 0.0, 0.0, 0.0]",63911,90182,N3,dismiss,-0.3,ts,1575,1
"[0.5459459459459459, -0.5459459459459459, 0.17094017094017092, 0.0072992700729927005, -0.16666666666666666, 0.0, 0.0, 0.0, 1.0, 0.8160127220652748, 1.0, 0.0, 0.0, 0.0, 0.0, 0.0, 0.0, 0.0]",130295,16680,N6,accept,0.6821621621621621,ts,1014,1
"[0.20000000000000007, -0.20000000000000007, -0.20318725099601595, -0.03064066852367688, -0.04, 0.0, 0.0, 0.0, 1.0, 0.7355915292888411, 1.0, 0.0, 0.0, 0.0, 0.0, 0.0, 0.0, 0.0]",30202,32065,N3,dismiss,-0.3,ts,1886,1
"[0.06666666666666672, -0.06666666666666672, -0.38461538461538464, -0.1, 0.12000000000000002, 0.0, 0.0, 0.0, 1.0, 0.6083946646241543, 1.0, 0.0, 0.0, 0.0, 0.0, 0.0, 0.0, 0.0]",57043,135467,N6,accept,0.3466666666666667,ts,432,0
"[0.2, -0.2, -0.1442857142857143, -0.5430711610486891, 0.26666666666666666, 0.0, 0.0, 0.0, 1.0, 0.6113191439651465, 1.0, 0.0, 0.0, 0.0, 0.0, 0.0, 0.0, 0.0]",57653,185524,N1,dismiss,-0.3,ts,1446,1
"[0.08333333333333322, -0.08333333333333322, 0.0, 0.0, 0.0, 0.0, 0.0, 0.0, 1.0, 0.7810882504428991, 1.0, 0.0, 0.0, 0.0, 0.0, 0.0, 0.0, 0.0]",174745,93864,N1,dismiss,-0.3,ts,1056,1
"[0.25000000000000006, -0.25000000000000006, 0.0, 1.0, -0.3157894736842105, 0.0, 0.0, 0.0, 1.0, 0.6210881403621081, 1.0, 0.0, 0.0, 0.0, 0.0, 0.0, 0.0, 0.0]",185524,92082,N1,dismiss,-0.3,ts,2413,1
"[0.47058823529411764, -0.47058823529411764, -0.11764705882352941, -0.1, -0.19999999999999996, 0.0, 0.0, 0.0, 1.0, 0.7834473599029986, 1.0, 0.0, 0.0, 0.0, 0.0, 0.0, 0.0, 0.0]",40189,70937,N3,dismiss,-0.3,ts,811,1
"[0.5599999999999999, -0.5599999999999999, 0.000555864369094028, 0.17, -0.29090909090909095, 0.0, 0.0, 0.0, 1.0, 0.8118277859362935, 1.0, 0.0, 0.0, 0.0, 0.0, 0.0, 0.0, 0.0]",183166,30103,N3,dismiss,-0.3,ts,1841,1
"[0.75, -0.75, 0.0, 0.0, 0.0, 0.0, 0.0, 0.0, 1.0, 0.9523252675504453, 1.0, 0.0, 0.0, 0.0, 0.0, 0.0, 0.0, 0.0]",38239,56398,N6,accept,0.825,ts,2256,0
"[0.2, -0.2, -0.425, -0.1678832116788321, -0.26666666666666666, 0.0, 0.0, 0.0, 1.0, 0.603526579115756, 1.0, 0.0, 0.0, 0.0, 0.0, 0.0, 0.0, 0.0]",115289,178949,N6,accept,0.43999999999999995,ts,1152,0
"[0.8125, -0.8125, -0.6758448060075094, 0.9209039548022598, -0.1382978723404256, 0.0, 0.0, 0.0, 1.0, 0.6491155232782855, 1.0, 0.0, 0.0, 0.0, 0.0, 0.0, 0.0, 0.0]",158428,145532,N6,accept,0.8687499999999999,ts,2973,0
"[0.3636363636363637, -0.3636363636363637, 0.14285714285714285, 0.028169014084507043, 0.36363636363636365, 0.0, 0.0, 0.0, 1.0, 0.7388385917974343, 1.0, 0.0, 0.0, 0.0, 0.0, 0.0, 0.0, 0.0]",123011,123174,N6,accept,0.5545454545454546,ts,853,0
"[0.20000000000000007, -0.20000000000000007, -0.5521408839779005, 0.0, 0.0, 0.0, 0.0, 0.0, 1.0, 0.6891179239049421, 1.0, 0.0, 0.0, 0.0, 0.0, 0.0, 0.0, 0.0]",135543,107554,N6,accept,0.44000000000000006,ts,2833,1
"[0.8714285714285714, -0.8714285714285714, -0.15512820512820505, 0.16022099447513813, 0.7222222222222222, 0.0, 0.0, 0.0, 1.0, 0.7567952415809388, 1.0, 0.0, 0.0, 0.0, 0.0, 0.0, 0.0, 0.0]",146678,170138,N6,accept,0.9099999999999999,ts,1692,1
"[0.28571428571428564, -0.28571428571428564, -0.14340918849291542, 0.0, 0.0, 0.0, 0.0, 0.0, 1.0, 0.8011612952232074, 1.0, 0.0, 0.0, 0.0, 0.0, 0.0, 0.0, 0.0]",141777,174763,N6,accept,0.4999999999999999,ts,2676,1
"[0.12499999999999988, -0.12499999999999988, -0.184641932700604, 0.10465116279069768, -0.05, 0.0, 0.0, 0.0, 1.0, 0.6919772410707888, 1.0, 0.0, 0.0, 0.0, 0.0, 0.0, 0.0, 0.0]",73628,180524,N6,accept,0.3874999999999999,ts,617,1
"[0.604, -0.604, -0.49629629629629635, -0.4588235294117647, -0.3684210526315789, 0.0, 0.0, 0.0, 1.0, 0.6356367491076025, 1.0, 0.0, 0.0, 0.0, 0.0, 0.0, 0.0, 0.0]",115396,108025,N3,dismiss,-0.3,ts,546,1
"[0.7, -0.7, -0.2805555555555556, 0.3178294573643411, -0.17346938775510215, 0.0, 0.0, 0.0, 1.0, 0.7450317909798468, 1.0, 0.0, 0.0, 0.0, 0.0, 0.0, 0.0, 0.0]",145578,145532,N6,accept,0.7899999999999999,ts,2313,0
"[0.9285714285714285, -0.9285714285714285, -0.8614742698191933, -0.1540880503144654, -0.4507042253521127, 0.0, 0.0, 0.0, 1.0, 0.6777747650313385, 1.0, 0.0, 0.0, 0.0, 0.0, 0.0, 0.0, 0.0]",87864,117003,N6,accept,0.95,ts,567,1
"[0.24999999999999997, -0.24999999999999997, 0.06028476219327483, 0.2600732600732601, 0.17391304347826086, 0.0, 0.0, 0.0, 1.0, 0.7119707109018438, 1.0, 0.0, 0.0, 0.0, 0.0, 0.0, 0.0, 0.0]",86743,169335,N6,accept,0.475,ts,2274,0
"[0.3636363636363637, -0.3636363636363637, 0.0, 0.0, 0.0, 0.0, 0.0, 0.0, 1.0, 0.8742764353476687, 1.0, 0.0, 0.0, 0.0, 0.0, 0.0, 0.0, 0.0]",123548,123174,N6,accept,0.5545454545454546,ts,1234,0
"[0.043062200956937836, -0.043062200956937836, -0.7623062616243025, 0.0, 0.0, 0.0, 0.0, 0.0, 1.0, 0.609666983514401, 1.0, 0.0, 0.0, 0.0, 0.0, 0.0, 0.0, 0.0]",90708,54196,N6,accept,0.33014354066985646,ts,1517,1
"[0.8571428571428572, -0.8571428571428572, 0.0, 0.0, 0.0, 0.0, 0.0, 0.0, 1.0, 0.9644999904246006, 1.0, 0.0, 0.0, 0.0, 0.0, 0.0, 0.0, 0.0]",16649,16650,N6,accept,0.8999999999999999,ts,2790,0
"[0.36974789915966383, -0.36974789915966383, -0.5314285714285715, 1.0, -0.3448275862068966, 0.0, 0.0, 0.0, 1.0, 0.5347928699556858, 1.0, 0.0, 0.0, 0.0, 0.0, 0.0, 0.0, 0.0]",104679,155668,N6,accept,0.5588235294117647,ts,2554,0
"[0.8233766233766233, -0.8233766233766233, -0.64, -0.64, -0.13999999999999999, 0.0, 0.0, 0.0, 1.0, 0.671691167781741, 1.0, 0.0, 0.0, 0.0, 0.0, 0.0, 0.0, 0.0]",122718,66862,N6,accept,0.8763636363636362,ts,1408,1
"[0.396078431372549, -0.396078431372549, -0.06984866123399301, -0.2669039145907473, 0.9285714285714286, 0.0, 0.0, 0.0, 1.0, 0.6685098272503658, 1.0, 0.0, 0.0, 0.0, 0.0, 0.0, 0.0, 0.0]",21089,138627,N6,accept,0.5772549019607842,ts,2933,1
"[0.15999999999999998, -0.15999999999999998, 0.03777501037775011, 0.7087378640776699, 0.2105263157894737, 0.0, 0.0, 0.0, 1.0, 0.629122681326625, 1.0, 0.0, 0.0, 0.0, 0.0, 0.0, 0.0, 0.0]",59415,15171,N6,accept,0.412,ts,1639,0
"[0.25000000000000006, -0.25000000000000006, -0.0646666666666667, -0.043824701195219126, -0.13265306122448986, 0.0, 0.0, 0.0, 1.0, 0.7677835227290333, 1.0, 0.0, 0.0, 0.0, 0.0, 0.0, 0.0, 0.0]",138640,127487,N6,accept,0.475,ts,456,1
"[0.25, -0.25, 0.15830115830115837, 0.02976190476190476, 0.13636363636363635, 0.0, 0.0, 0.0, 1.0, 0.7408404640993043, 1.0, 0.0, 0.0, 0.0, 0.0, 0.0, 0.0, 0.0]",106979,117045,N6,accept,0.475,ts,1170,0
"[0.16666666666666663, -0.16666666666666663, -0.5250181290790428, 0.0, 0.0, 0.0, 0.0, 0.0, 1.0, 0.6812146778495171, 1.0, 0.0, 0.0, 0.0, 0.0, 0.0, 0.0, 0.0]",141748,63863,N6,accept,0.41666666666666663,ts,1390,1
"[0.7066666666666667, -0.7066666666666667, 0.10987791342952277, 0.43908045977011495, -0.25, 0.0, 0.0, 0.0, 1.0, 0.7602704837036794, 1.0, 0.0, 0.0, 0.0, 0.0, 0.0, 0.0, 0.0]",155692,169349,N6,accept,0.7946666666666666,ts,752,0
"[0.13333333333333328, -0.13333333333333328, -0.07126567844925884, -0.028901734104046242, -0.07999999999999999, 0.0, 0.0, 0.0, 1.0, 0.7421727843140296, 1.0, 0.0, 0.0, 0.0, 0.0, 0.0, 0.0, 0.0]",87098,143094,N6,accept,0.39333333333333326,ts,1349,0
"[0.4545454545454546, -0.4545454545454546, -0.29375, 0.00872093023255814, 0.9130434782608695, 0.0, 0.0, 0.0, 1.0, 0.680880781236504, 1.0, 0.0, 0.0, 0.0, 0.0, 0.0, 0.0, 0.0]",31972,108828,N3,dismiss,-0.3,ts,1497,1
"[0.35483870967741926, -0.35483870967741926, -0.25974025974025977, 0.0, 0.0, 0.0, 0.0, 0.0, 1.0, 0.790742212554951, 1.0, 0.0, 0.0, 0.0, 0.0, 0.0, 0.0, 0.0]",63937,48997,N1,dismiss,-0.3,ts,878,1
"[0.20000000000000007, -0.20000000000000007, -0.006303915063039193, 0.019943019943019943, -0.5, 0.0, 0.0, 0.0, 1.0, 0.7196391729676981, 1.0, 0.0, 0.0, 0.0, 0.0, 0.0, 0.0, 0.0]",43335,135483,N6,accept,0.44000000000000006,ts,2236,1
"[0.01111111111111112, -0.01111111111111112, -0.3, -0.32608695652173914, -0.15999999999999998, 0.0, 0.0, 0.0, 1.0, 0.5509877827836802, 1.0, 0.0, 0.0, 0.0, 0.0, 0.0, 0.0, 0.0]",155815,79360,N6,accept,0.30777777777777776,ts,2322,1
"[0.7058823529411765, -0.7058823529411765, 0.0, 0.616, -0.4444444444444444, 0.0, 0.0, 0.0, 1.0, 0.7517264224249655, 1.0, 0.0, 0.0, 0.0, 0.0, 0.0, 0.0, 0.0]",170190,170191,N6,accept,0.7941176470588236,ts,2479,1
"[0.15, -0.15, 0.0, 1.0, 0.22000000000000003, 0.0, 0.0, 0.0, 1.0, 0.606119320395968, 1.0, 0.0, 0.0, 0.0, 0.0, 0.0, 0.0, 0.0]",74187,151787,N6,accept,0.40499999999999997,ts,1814,1
"[0.4444444444444445, -0.4444444444444445, 0.011142061281337007, -0.6607142857142857, -0.5599999999999999, 0.0, 0.0, 0.0, 1.0, 0.6802432652968127, 1.0, 0.0, 0.0, 0.0, 0.0, 0.0, 0.0, 0.0]",63093,132873,N6,accept,0.6111111111111112,ts,1208,1
"[0.5636363636363637, -0.5636363636363637, 0.23355263157894735, 0.005797101449275362, 0.8333333333333334, 0.0, 0.0, 0.0, 1.0, 0.7241369127393539, 1.0, 0.0, 0.0, 0.0, 0.0, 0.0, 0.0, 0.0]",123021,107659,N6,accept,0.6945454545454546,ts,551,1
"[0.1200000000000001, -0.1200000000000001, 0.1455847255369929, -0.08011869436201781, -0.52, 0.0, 0.0, 0.0, 1.0, 0.6248074521533694, 1.0, 0.0, 0.0, 0.0, 0.0, 0.0, 0.0, 0.0]",57278,59423,N6,accept,0.38400000000000006,ts,916,0
"[0.20000000000000007, -0.20000000000000007, 0.0, 0.019943019943019943, -0.5, 0.0, 0.0, 0.0, 1.0, 0.7221449098484211, 1.0, 0.0, 0.0, 0.0, 0.0, 0.0, 0.0, 0.0]",189329,135481,N6,accept,0.44000000000000006,ts,1275,1
"[0.72, -0.72, 0.2222222222222222, 0.4, 0.0, 0.0, 0.0, 0.0, 1.0, 0.7939351965744494, 1.0, 0.0, 0.0, 0.0, 0.0, 0.0, 0.0, 0.0]",30621,74186,N6,accept,0.804,ts,2535,1
"[0.8733333333333334, -0.8733333333333334, -0.12300000000000004, 0.32061068702290074, 0.1, 0.0, 0.0, 0.0, 1.0, 0.8242602305428668, 1.0, 0.0, 0.0, 0.0, 0.0, 0.0, 0.0, 0.0]",80035,87098,N6,accept,0.9113333333333333,ts,2338,1
"[0.010909090909090839, -0.010909090909090839, -0.7835593220338983, -0.14285714285714285, -0.08333333333333333, 0.0, 0.0, 0.0, 1.0, 0.5355134964909132, 1.0, 0.0, 0.0, 0.0, 0.0, 0.0, 0.0, 0.0]",51122,115323,N6,accept,0.3076363636363636,ts,886,0
"[0.4, -0.4, -0.5504587155963302, 0.25333333333333335, 0.09090909090909091, 0.0, 0.0, 0.0, 1.0, 0.6662135825265716, 1.0, 0.0, 0.0, 0.0, 0.0, 0.0, 0.0, 0.0]",63869,63878,N6,accept,0.58,ts,851,1
"[0.712, -0.712, -0.7137745974955277, -0.5372340425531915, -0.33999999999999997, 0.0, 0.0, 0.0, 1.0, 0.6223703109041507, 1.0, 0.0, 0.0, 0.0, 0.0, 0.0, 0.0, 0.0]",19596,106004,N6,accept,0.7984,ts,564,1
"[0.2777777777777778, -0.2777777777777778, -0.29790794979079493, -0.10743801652892562, -0.125, 0.0, 0.0, 0.0, 1.0, 0.6965685200183934, 1.0, 0.0, 0.0, 0.0, 0.0, 0.0, 0.0, 0.0]",86760,78130,N6,accept,0.49444444444444446,ts,514,1
"[0.25925925925925924, -0.25925925925925924, -0.7192909280500521, -0.18, 0.020000000000000018, 0.0, 0.0, 0.0, 1.0, 0.6388231520555585, 1.0, 0.0, 0.0, 0.0, 0.0, 0.0, 0.0, 0.0]",141707,63997,N6,accept,0.48148148148148145,ts,2815,1
"[0.20000000000000007, -0.20000000000000007, -0.2510779436152571, -0.03064066852367688, -0.04, 0.0, 0.0, 0.0, 1.0, 0.7234242846624658, 1.0, 0.0, 0.0, 0.0, 0.0, 0.0, 0.0, 0.0]",30201,31973,N6,accept,0.44000000000000006,ts,2698,1
"[0.3636363636363637, -0.3636363636363637, 0.0, 0.0, 0.0, 0.0, 0.0, 0.0, 1.0, 0.8742764353476687, 1.0, 0.0, 0.0, 0.0, 0.0, 0.0, 0.0, 0.0]",123031,123174,N6,accept,0.5545454545454546,ts,1188,0
"[0.375, -0.375, 0.07148288973384026, -0.5597826086956522, 0.4, 0.0, 0.0, 0.0, 1.0, 0.6671768370261847, 1.0, 0.0, 0.0, 0.0, 0.0, 0.0, 0.0, 0.0]",85163,154734,N6,accept,0.5625,ts,2458,0
"[0.9442857142857142, -0.9442857142857142, -0.1, -0.8571428571428571, -0.9099999999999999, 0.0, 0.0, 0.0, 1.0, 0.6872767360360263, 1.0, 0.0, 0.0, 0.0, 0.0, 0.0, 0.0, 0.0]",153856,79461,N6,accept,0.9609999999999999,ts,477,1
"[0.09090909090909098, -0.09090909090909098, -0.20200000000000004, 0.075, 0.7391304347826086, 0.0, 0.0, 0.0, 1.0, 0.5807212711570711, 1.0, 0.0, 0.0, 0.0, 0.0, 0.0, 0.0, 0.0]",162892,174773,N6,accept,0.36363636363636365,ts,1404,1
"[0.3636363636363637, -0.3636363636363637, -0.056651017214397456, -0.002840909090909091, 0.16666666666666666, 0.0, 0.0, 0.0, 1.0, 0.8094824635768882, 1.0, 0.0, 0.0, 0.0, 0.0, 0.0, 0.0, 0.0]",74280,74278,N1,accept,0.5545454545454546,ts,2585,1
"[0.09999999999999998, -0.09999999999999998, 0.0027855153203343017, -0.020172910662824207, 0.13636363636363635, 0.0, 0.0, 0.0, 1.0, 0.7443737934329575, 1.0, 0.0, 0.0, 0.0, 0.0, 0.0, 0.0, 0.0]",82377,123852,N6,accept,0.37,ts,2429,0
"[0.9400000000000001, -0.9400000000000001, -0.05250000000000003, -0.18333333333333332, 1.0, 0.0, 0.0, 0.0, 1.0, 0.7728199588411944, 1.0, 0.0, 0.0, 0.0, 0.0, 0.0, 0.0, 0.0]",112476,42569,N3,dismiss,-0.3,ts,1319,1
"[0.29508196721311475, -0.29508196721311475, 0.08034970857618651, 0.005714285714285714, -0.19999999999999998, 0.0, 0.0, 0.0, 1.0, 0.7731071386416084, 1.0, 0.0, 0.0, 0.0, 0.0, 0.0, 0.0, 0.0]",64290,54520,N6,accept,0.5065573770491802,ts,2580,1
"[0.56, -0.56, -0.42857142857142855, 1.0, -0.625, 0.0, 0.0, 0.0, 1.0, 0.5504867989833275, 1.0, 0.0, 0.0, 0.0, 0.0, 0.0, 0.0, 0.0]",104681,169349,N6,accept,0.692,ts,2005,0
"[0.3636363636363637, -0.3636363636363637, 0.0, 0.0, 0.0, 0.0, 0.0, 0.0, 1.0, 0.8742764353476687, 1.0, 0.0, 0.0, 0.0, 0.0, 0.0, 0.0, 0.0]",123010,123174,N6,accept,0.5545454545454546,ts,2742,0
"[0.808695652173913, -0.808695652173913, 0.15907335907335912, -0.05555555555555555, 0.1599999999999999, 0.0, 0.0, 0.0, 1.0, 0.8480449897760274, 1.0, 0.0, 0.0, 0.0, 0.0, 0.0, 0.0, 0.0]",179650,114138,N6,accept,0.8660869565217391,ts,1206,1
"[0.25, -0.25, -0.316628701594533, -0.011428571428571429, 0.13636363636363635, 0.0, 0.0, 0.0, 1.0, 0.7065666744509789, 1.0, 0.0, 0.0, 0.0, 0.0, 0.0, 0.0, 0.0]",117111,117045,N6,accept,0.475,ts,922,0
"[0.5170454545454546, -0.5170454545454546, 0.0, 0.09615384615384616, 0.07999999999999999, 0.0, 0.0, 0.0, 1.0, 0.8641184121191714, 1.0, 0.0, 0.0, 0.0, 0.0, 0.0, 0.0, 0.0]",74187,87407,N6,accept,0.6619318181818181,ts,624,0
"[0.050000000000000044, -0.050000000000000044, 0.23767935121646902, 0.28, -0.21999999999999997, 0.0, 0.0, 0.0, 1.0, 0.5753341503687988, 1.0, 0.0, 0.0, 0.0, 0.0, 0.0, 0.0, 0.0]",115984,94324,N6,accept,0.335,ts,2690,0
"[0.7257142857142858, -0.7257142857142858, -0.25974025974025977, -0.024734982332155476, 0.0, 0.0, 0.0, 0.0, 1.0, 0.8608149912248749, 1.0, 0.0, 0.0, 0.0, 0.0, 0.0, 0.0, 0.0]",63899,48997,N6,accept,0.808,ts,1354,1
"[0.20000000000000007, -0.20000000000000007, 0.18088235294117644, 0.011299435028248588, -0.5, 0.0, 0.0, 0.0, 1.0, 0.6639474986889986, 1.0, 0.0, 0.0, 0.0, 0.0, 0.0, 0.0, 0.0]",108741,93935,N6,accept,0.44000000000000006,ts,2259,1
"[0.01111111111111112, -0.01111111111111112, -0.3, -0.3541666666666667, -0.13999999999999999, 0.0, 0.0, 0.0, 1.0, 0.5511658124955352, 1.0, 0.0, 0.0, 0.0, 0.0, 0.0, 0.0, 0.0]",155816,79360,N6,accept,0.30777777777777776,ts,842,1
"[0.9285714285714285, -0.9285714285714285, -0.4172461752433937, 0.031446540880503145, 0.6901408450704226, 0.0, 0.0, 0.0, 1.0, 0.7363511691399339, 1.0, 0.0, 0.0, 0.0, 0.0, 0.0, 0.0, 0.0]",87864,57551,N6,accept,0.95,ts,2340,1
"[0.12500000000000006, -0.12500000000000006, 0.0, -0.2896825396825397, -0.08695652173913043, 0.0, 0.0, 0.0, 1.0, 0.7064268910671658, 1.0, 0.0, 0.0, 0.0, 0.0, 0.0, 0.0, 0.0]",110121,128281,N6,accept,0.3875,ts,1248,0
"[0.20000000000000007, -0.20000000000000007, -0.20380601596071202, -0.10160427807486631, 0.875, 0.0, 0.0, 0.0, 1.0, 0.60435783142046, 1.0, 0.0, 0.0, 0.0, 0.0, 0.0, 0.0, 0.0]",162740,107554,N6,accept,0.44000000000000006,ts,2251,1
"[0.14000000000000004, -0.14000000000000004, -0.22411873840445268, 0.21774193548387097, 0.0, 0.0, 0.0, 0.0, 1.0, 0.6765349528710729, 1.0, 0.0, 0.0, 0.0, 0.0, 0.0, 0.0, 0.0]",59417,115226,N6,accept,0.398,ts,1295,1
"[0.2, -0.2, -0.8373109243697479, 0.0, 0.0, 0.0, 0.0, 0.0, 1.0, 0.660303957852938, 1.0, 0.0, 0.0, 0.0, 0.0, 0.0, 0.0, 0.0]",54201,110501,N6,accept,0.43999999999999995,ts,2740,1
"[0.3636363636363637, -0.3636363636363637, -0.1836734693877551, 0.028169014084507043, 0.36363636363636365, 0.0, 0.0, 0.0, 1.0, 0.7270569980234165, 1.0, 0.0, 0.0, 0.0, 0.0, 0.0, 0.0, 0.0]",123023,123174,N6,accept,0.5545454545454546,ts,950,1
"[0.47058823529411764, -0.47058823529411764, 0.15384615384615385, 0.0, 0.0, 0.0, 0.0, 0.0, 1.0, 0.8490503635579928, 1.0, 0.0, 0.0, 0.0, 0.0, 0.0, 0.0, 0.0]",156353,18570,N6,accept,0.6294117647058823,ts,2024,1
"[0.2, -0.2, -0.3347401155042204, -0.5778546712802768, 0.46153846153846156, 0.0, 0.0, 0.0, 1.0, 0.5320424033910545, 1.0, 0.0, 0.0, 0.0, 0.0, 0.0, 0.0, 0.0]",179677,185524,N6,accept,0.43999999999999995,ts,869,1
"[0.22222222222222215, -0.22222222222222215, 0.11641443538998836, 0.8041237113402062, -0.15, 0.0, 0.0, 0.0, 1.0, 0.6299944825946722, 1.0, 0.0, 0.0, 0.0, 0.0, 0.0, 0.0, 0.0]",139804,78003,N6,accept,0.4555555555555555,ts,1739,0
"[0.47058823529411764, -0.47058823529411764, 0.07142857142857142, -0.5081967213114754, 0.06000000000000001, 0.0, 0.0, 0.0, 1.0, 0.7627203820740563, 1.0, 0.0, 0.0, 0.0, 0.0, 0.0, 0.0, 0.0]",118798,70937,N6,accept,0.6294117647058823,ts,738,0
"[0.8571428571428572, -0.8571428571428572, 0.0, 0.28, -0.16, 0.0, 0.0, 0.0, 1.0, 0.8591037055629764, 1.0, 0.0, 0.0, 0.0, 0.0, 0.0, 0.0, 0.0]",174924,174927,N6,accept,0.8999999999999999,ts,2192,1
"[0.8833333333333333, -0.8833333333333333, 0.0, -0.3118279569892473, -0.13999999999999999, 0.0, 0.0, 0.0, 1.0, 0.860770258917622, 1.0, 0.0, 0.0, 0.0, 0.0, 0.0, 0.0, 0.0]",126323,125786,N6,accept,0.9183333333333332,ts,1125,1
"[0.3000000000000001, -0.3000000000000001, -0.528957528957529, 0.0, 0.0, 0.0, 0.0, 0.0, 1.0, 0.7249105321469098, 1.0, 0.0, 0.0, 0.0, 0.0, 0.0, 0.0, 0.0]",85444,85446,N6,accept,0.51,ts,676,0
"[0.20000000000000007, -0.20000000000000007, -0.16684045881126172, -0.37714285714285717, 0.4117647058823529, 0.0, 0.0, 0.0, 1.0, 0.6024685708260071, 1.0, 0.0, 0.0, 0.0, 0.0, 0.0, 0.0, 0.0]",78003,115245,N6,accept,0.44000000000000006,ts,1966,0
"[0.56, -0.56, -0.0009990009990009777, 0.5495049504950495, -0.4, 0.0, 0.0, 0.0, 1.0, 0.7384325320464852, 1.0, 0.0, 0.0, 0.0, 0.0, 0.0, 0.0, 0.0]",170191,169349,N6,accept,0.692,ts,2462,0
"[0.55, -0.55, 0.0, 0.006872852233676976, 0.0, 0.0, 0.0, 0.0, 1.0, 0.9173977756641208, 1.0, 0.0, 0.0, 0.0, 0.0, 0.0, 0.0, 0.0]",106148,106147,N6,accept,0.685,ts,1352,0
"[0.5, -0.5, 0.03799999999999997, 0.0, 0.0, 0.0, 0.0, 0.0, 1.0, 0.8941504794086983, 1.0, 0.0, 0.0, 0.0, 0.0, 0.0, 0.0, 0.0]",69946,16718,N6,accept,0.6499999999999999,ts,1397,1
"[0.5833333333333333, -0.5833333333333333, -0.04175365344467641, -0.2, -0.06000000000000005, 0.0, 0.0, 0.0, 1.0, 0.8435393464277561, 1.0, 0.0, 0.0, 0.0, 0.0, 0.0, 0.0, 0.0]",141805,113027,N6,accept,0.7083333333333333,ts,1939,0
"[0.24999999999999997, -0.24999999999999997, 0.06028476219327483, 0.2600732600732601, 0.17391304347826086, 0.0, 0.0, 0.0, 1.0, 0.7119707109018438, 1.0, 0.0, 0.0, 0.0, 0.0, 0.0, 0.0, 0.0]",86743,169335,N6,accept,0.475,ts,812,0
"[0.5111111111111111, -0.5111111111111111, -0.0021154427319431935, 0.34076433121019106, 0.16666666666666666, 0.0, 0.0, 0.0, 1.0, 0.7937585263005966, 1.0, 0.0, 0.0, 0.0, 0.0, 0.0, 0.0, 0.0]",104690,61314,N6,accept,0.6577777777777778,ts,2785,1
"[0.3, -0.3, -0.20025031289111397, 0.0, 0.02500000000000006, 0.0, 0.0, 0.0, 1.0, 0.7821560750924307, 1.0, 0.0, 0.0, 0.0, 0.0, 0.0, 0.0, 0.0]",53366,81462,N6,accept,0.51,ts,2869,1
"[0.18749999999999997, -0.18749999999999997, -0.3652501344809037, -0.02857142857142857, 0.043478260869565216, 0.0, 0.0, 0.0, 1.0, 0.6940254038479327, 1.0, 0.0, 0.0, 0.0, 0.0, 0.0, 0.0, 0.0]",84737,92709,N6,accept,0.43124999999999997,ts,1780,1
"[0.1666666666666667, -0.1666666666666667, 0.0, 0.3, 0.22000000000000003, 0.0, 0.0, 0.0, 1.0, 0.6901568741775026, 1.0, 0.0, 0.0, 0.0, 0.0, 0.0, 0.0, 0.0]",41286,61090,N6,accept,0.4166666666666667,ts,1918,0
"[0.25, -0.25, 0.0, -0.008595988538681949, 0.13636363636363635, 0.0, 0.0, 0.0, 1.0, 0.8012276518471559, 1.0, 0.0, 0.0, 0.0, 0.0, 0.0, 0.0, 0.0]",43088,117045,N6,accept,0.475,ts,1691,0
"[0.12499999999999999, -0.12499999999999999, -0.4235294117647059, 0.017605633802816902, -0.35294117647058826, 0.0, 0.0, 0.0, 1.0, 0.6009292107713861, 1.0, 0.0, 0.0, 0.0, 0.0, 0.0, 0.0, 0.0]",120828,110153,N6,accept,0.38749999999999996,ts,2562,0
"[0.5588235294117647, -0.5588235294117647, -0.09674185463659146, 0.3942307692307692, 0.06666666666666667, 0.0, 0.0, 0.0, 1.0, 0.7854924898740283, 1.0, 0.0, 0.0, 0.0, 0.0, 0.0, 0.0, 0.0]",58951,155692,N6,accept,0.6911764705882353,ts,798,1
"[0.20000000000000004, -0.20000000000000004, -0.08571428571428572, 0.18253968253968253, 0.0625, 0.0, 0.0, 0.0, 1.0, 0.7278160105377319, 1.0, 0.0, 0.0, 0.0, 0.0, 0.0, 0.0, 0.0]",115390,104963,N6,accept,0.44,ts,1645,0
"[0.2000000000000001, -0.2000000000000001, 0.1744127936031983, 0.12962962962962962, -0.1, 0.0, 0.0, 0.0, 1.0, 0.7024844421991034, 1.0, 0.0, 0.0, 0.0, 0.0, 0.0, 0.0, 0.0]",146547,83437,N6,accept,0.44000000000000006,ts,2764,1
"[0.5, -0.5, -0.18852459016393436, 0.0, 0.0, 0.0, 0.0, 0.0, 1.0, 0.8459637063264451, 1.0, 0.0, 0.0, 0.0, 0.0, 0.0, 0.0, 0.0]",85446,122732,N6,accept,0.6499999999999999,ts,1592,0
"[0.5636363636363637, -0.5636363636363637, -0.08565072302558394, -0.022408963585434174, 0.6666666666666666, 0.0, 0.0, 0.0, 1.0, 0.7736506522322145, 1.0, 0.0, 0.0, 0.0, 0.0, 0.0, 0.0, 0.0]",166050,108839,N6,accept,0.6945454545454546,ts,1293,1
"[0.02857142857142844, -0.02857142857142844, -0.3211788211788212, -0.022792022792022793, 0.5200000000000001, 0.0, 0.0, 0.0, 1.0, 0.5622519721506657, 1.0, 0.0, 0.0, 0.0, 0.0, 0.0, 0.0, 0.0]",117054,185707,N6,accept,0.3199999999999999,ts,2525,1
"[0.6, -0.6, -0.10370370370370366, 0.3348623853211009, 0.3333333333333333, 0.0, 0.0, 0.0, 1.0, 0.7454021480082622, 1.0, 0.0, 0.0, 0.0, 0.0, 0.0, 0.0, 0.0]",164355,29663,N6,accept,0.72,ts,880,1
"[0.9357142857142856, -0.9357142857142856, 0.1, -0.42857142857142855, -0.8, 0.0, 0.0, 0.0, 1.0, 0.7292168513530308, 1.0, 0.0, 0.0, 0.0, 0.0, 0.0, 0.0, 0.0]",153856,18239,N6,accept,0.9549999999999998,ts,421,1
"[0.02500000000000002, -0.02500000000000002, 0.20627261761158033, -0.06, -0.039999999999999994, 0.0, 0.0, 0.0, 1.0, 0.6632687757964634, 1.0, 0.0, 0.0, 0.0, 0.0, 0.0, 0.0, 0.0]",151774,62540,N6,accept,0.3175,ts,2132,0
"[0.28476821192052976, -0.28476821192052976, 0.0, -0.021806853582554516, -0.4166666666666667, 0.0, 0.0, 0.0, 1.0, 0.7595229641394782, 1.0, 0.0, 0.0, 0.0, 0.0, 0.0, 0.0, 0.0]",103704,145523,N6,accept,0.49933774834437084,ts,1417,0
"[0.5, -0.5, 0.14336917562724016, 0.3761467889908257, -0.5199999999999999, 0.0, 0.0, 0.0, 1.0, 0.6826397230933525, 1.0, 0.0, 0.0, 0.0, 0.0, 0.0, 0.0, 0.0]",19612,19597,N6,accept,0.6499999999999999,ts,2587,1
"[0.20000000000000007, -0.20000000000000007, -0.2029226170707406, -0.019943019943019943, -0.14285714285714285, 0.0, 0.0, 0.0, 1.0, 0.7129672471280549, 1.0, 0.0, 0.0, 0.0, 0.0, 0.0, 0.0, 0.0]",15533,31975,N6,accept,0.44000000000000006,ts,2046,1
"[0.1666666666666667, -0.1666666666666667, -0.7180327868852459, 0.005714285714285714, 0.03999999999999997, 0.0, 0.0, 0.0, 1.0, 0.6455649444844354, 1.0, 0.0, 0.0, 0.0, 0.0, 0.0, 0.0, 0.0]",15687,105899,N6,accept,0.4166666666666667,ts,747,0
"[0.5454545454545455, -0.5454545454545455, -0.3336259877085162, -0.01084010840108401, 0.8333333333333334, 0.0, 0.0, 0.0, 1.0, 0.6962574114398397, 1.0, 0.0, 0.0, 0.0, 0.0, 0.0, 0.0, 0.0]",141852,141844,N6,accept,0.6818181818181819,ts,2082,1
"[0.16666666666666663, -0.16666666666666663, 0.1783402001177164, -0.022598870056497175, -0.020000000000000018, 0.0, 0.0, 0.0, 1.0, 0.738718586815135, 1.0, 0.0, 0.0, 0.0, 0.0, 0.0, 0.0, 0.0]",87097,87100,N6,accept,0.41666666666666663,ts,428,1
"[0.25, -0.25, -0.04767184035476715, -0.02768166089965398, 0.07692307692307693, 0.0, 0.0, 0.0, 1.0, 0.7919332280675359, 1.0, 0.0, 0.0, 0.0, 0.0, 0.0, 0.0, 0.0]",179676,21089,N6,accept,0.475,ts,1326,0
"[0.7, -0.7, -0.24200000000000002, -0.18333333333333332, 1.0, 0.0, 0.0, 0.0, 1.0, 0.6895957508951762, 1.0, 0.0, 0.0, 0.0, 0.0, 0.0, 0.0, 0.0]",69946,42569,N6,accept,0.7899999999999999,ts,1146,1
"[0.3636363636363637, -0.3636363636363637, 0.0, 0.0, 0.0, 0.0, 0.0, 0.0, 1.0, 0.8742764353476687, 1.0, 0.0, 0.0, 0.0, 0.0, 0.0, 0.0, 0.0]",123141,123174,N6,accept,0.5545454545454546,ts,835,0
"[0.3333333333333333, -0.3333333333333333, 0.11098779134295228, -0.07126436781609195, 0.25, 0.0, 0.0, 0.0, 1.0, 0.7467702677471373, 1.0, 0.0, 0.0, 0.0, 0.0, 0.0, 0.0, 0.0]",155692,170191,N6,accept,0.5333333333333333,ts,1190,1
"[0.25, -0.25, 0.0, -0.008595988538681949, 0.13636363636363635, 0.0, 0.0, 0.0, 1.0, 0.8012276518471559, 1.0, 0.0, 0.0, 0.0, 0.0, 0.0, 0.0, 0.0]",43088,117045,N6,accept,0.475,ts,1634,0
"[0.20000000000000007, -0.20000000000000007, 0.026363636363636287, -0.008547008547008548, -0.14285714285714285, 0.0, 0.0, 0.0, 1.0, 0.7727351749443683, 1.0, 0.0, 0.0, 0.0, 0.0, 0.0, 0.0, 0.0]",162722,31973,N6,accept,0.44000000000000006,ts,2585,1
"[0.75, -0.75, -0.5, 0.0, 0.0, 0.0, 0.0, 0.0, 1.0, 0.8259011557847338, 1.0, 0.0, 0.0, 0.0, 0.0, 0.0, 0.0, 0.0]",112476,93843,N6,accept,0.825,ts,923,1
"[0.8530612244897959, -0.8530612244897959, -0.3026455026455026, 0.10526315789473684, 0.631578947368421, 0.0, 0.0, 0.0, 1.0, 0.7372147538127957, 1.0, 0.0, 0.0, 0.0, 0.0, 0.0, 0.0, 0.0]",180524,170138,N6,accept,0.897142857142857,ts,2695,0
"[0.24999999999999997, -0.24999999999999997, -0.4993742177722153, -0.035211267605633804, -0.11764705882352941, 0.0, 0.0, 0.0, 1.0, 0.6716081249710165, 1.0, 0.0, 0.0, 0.0, 0.0, 0.0, 0.0, 0.0]",120828,115289,N6,accept,0.475,ts,2146,1
"[0.3636363636363637, -0.3636363636363637, 0.146788990825688, 0.0110803324099723, 0.36363636363636365, 0.0, 0.0, 0.0, 1.0, 0.7425908749935993, 1.0, 0.0, 0.0, 0.0, 0.0, 0.0, 0.0, 0.0]",93938,123174,N6,accept,0.5545454545454546,ts,962,0
"[0.5454545454545455, -0.5454545454545455, -0.01848519548503194, 0.0, 0.0, 0.0, 0.0, 0.0, 1.0, 0.9112606985062438, 1.0, 0.0, 0.0, 0.0, 0.0, 0.0, 0.0, 0.0]",54334,189219,N6,accept,0.6818181818181819,ts,1972,0
"[0.55, -0.55, 0.0, 0.006872852233676976, 0.0, 0.0, 0.0, 0.0, 1.0, 0.9173977756641208, 1.0, 0.0, 0.0, 0.0, 0.0, 0.0, 0.0, 0.0]",106148,106147,N6,accept,0.685,ts,579,0
"[0.20000000000000007, -0.20000000000000007, 0.19142857142857142, -0.04788732394366197, 0.09090909090909091, 0.0, 0.0, 0.0, 1.0, 0.7205734669549364, 1.0, 0.0, 0.0, 0.0, 0.0, 0.0, 0.0, 0.0]",123018,108746,N6,accept,0.44000000000000006,ts,1496,1
"[0.55, -0.55, 0.0, 0.006872852233676976, 0.0, 0.0, 0.0, 0.0, 1.0, 0.9173977756641208, 1.0, 0.0, 0.0, 0.0, 0.0, 0.0, 0.0, 0.0]",106148,106147,N6,accept,0.685,ts,438,0
"[0.46153846153846156, -0.46153846153846156, -0.7849624060150376, -0.03125, 0.11999999999999993, 0.0, 0.0, 0.0, 1.0, 0.7003839178920463, 1.0, 0.0, 0.0, 0.0, 0.0, 0.0, 0.0, 0.0]",175226,85230,N6,accept,0.6230769230769231,ts,1969,1
"[0.11999999999999993, -0.11999999999999993, 0.03502501786990709, -0.042735042735042736, 0.30434782608695654, 0.0, 0.0, 0.0, 1.0, 0.7003107491312275, 1.0, 0.0, 0.0, 0.0, 0.0, 0.0, 0.0, 0.0]",88671,135543,N6,accept,0.38399999999999995,ts,2606,1
"[0.062499999999999965, -0.062499999999999965, 0.0, 0.07339449541284404, -0.038461538461538464, 0.0, 0.0, 0.0, 1.0, 0.7417846617265634, 1.0, 0.0, 0.0, 0.0, 0.0, 0.0, 0.0, 0.0]",169893,183357,N6,accept,0.34374999999999994,ts,1975,0
"[0.31034482758620696, -0.31034482758620696, -0.7581317764804003, -0.9132947976878613, -0.8941176470588235, 0.0, 0.0, 0.0, 1.0, 0.45178117677251567, 1.0, 0.0, 0.0, 0.0, 0.0, 0.0, 0.0, 0.0]",64502,70828,N6,accept,0.5172413793103449,ts,2558,1
"[0.44, -0.44, -0.36727879799666113, 0.09333333333333334, -0.5545454545454546, 0.0, 0.0, 0.0, 1.0, 0.6644712254801234, 1.0, 0.0, 0.0, 0.0, 0.0, 0.0, 0.0, 0.0]",16729,49086,N6,accept,0.608,ts,757,1
"[0.33333333333333337, -0.33333333333333337, -0.04368673415023976, 0.4751131221719457, 0.25, 0.0, 0.0, 0.0, 1.0, 0.6977738805226098, 1.0, 0.0, 0.0, 0.0, 0.0, 0.0, 0.0, 0.0]",104466,155669,N6,accept,0.5333333333333333,ts,1232,0
"[0.4690265486725664, -0.4690265486725664, -0.2679665738161559, -0.008450704225352112, -0.13333333333333336, 0.0, 0.0, 0.0, 1.0, 0.7810524086933406, 1.0, 0.0, 0.0, 0.0, 0.0, 0.0, 0.0, 0.0]",143110,111012,N6,accept,0.6283185840707964,ts,523,1
"[0.7171717171717171, -0.7171717171717171, -0.18181818181818182, 0.36, 0.040000000000000036, 0.0, 0.0, 0.0, 1.0, 0.7984142146342929, 1.0, 0.0, 0.0, 0.0, 0.0, 0.0, 0.0, 0.0]",141703,30711,N6,accept,0.8020202020202019,ts,723,1
"[0.20000000000000007, -0.20000000000000007, 0.2, -0.027932960893854747, 1.0, 0.0, 0.0, 0.0, 1.0, 0.600818449721007, 1.0, 0.0, 0.0, 0.0, 0.0, 0.0, 0.0, 0.0]",106065,31966,N6,accept,0.44000000000000006,ts,2731,1
"[0.5, -0.5, -0.8696, -0.05956112852664577, -0.21428571428571427, 0.0, 0.0, 0.0, 1.0, 0.674790161344931, 1.0, 0.0, 0.0, 0.0, 0.0, 0.0, 0.0, 0.0]",63925,63864,N6,accept,0.6499999999999999,ts,1013,1
"[0.64, -0.64, 0.15567282321899734, -0.5691489361702128, 0.4, 0.0, 0.0, 0.0, 1.0, 0.6980152721232434, 1.0, 0.0, 0.0, 0.0, 0.0, 0.0, 0.0, 0.0]",84106,19598,N6,accept,0.748,ts,973,1
"[0.24999999999999994, -0.24999999999999994, -0.09104704097116853, 0.007194244604316547, 0.01626016260162596, 0.0, 0.0, 0.0, 1.0, 0.7993515288204758, 1.0, 0.0, 0.0, 0.0, 0.0, 0.0, 0.0, 0.0]",19865,19869,N6,accept,0.475,ts,2325,1
"[0.6363636363636364, -0.6363636363636364, -0.18181818181818182, 0.20754716981132076, -0.019999999999999973, 0.0, 0.0, 0.0, 1.0, 0.8176473905472815, 1.0, 0.0, 0.0, 0.0, 0.0, 0.0, 0.0, 0.0]",122719,30711,N6,accept,0.7454545454545454,ts,2318,0
"[0.18749999999999997, -0.18749999999999997, -0.06666666666666667, 0.8181818181818182, -0.1, 0.0, 0.0, 0.0, 1.0, 0.6455626802602048, 1.0, 0.0, 0.0, 0.0, 0.0, 0.0, 0.0, 0.0]",63222,114738,N6,accept,0.43124999999999997,ts,1958,0
"[0.2941176470588236, -0.2941176470588236, 0.0, 1.0, 0.22000000000000003, 0.0, 0.0, 0.0, 1.0, 0.6533578724024277, 1.0, 0.0, 0.0, 0.0, 0.0, 0.0, 0.0, 0.0]",51572,50956,N6,accept,0.5058823529411764,ts,2137,0
"[0.18831168831168835, -0.18831168831168835, 0.20250120250120254, 0.1111111111111111, -0.07999999999999999, 0.0, 0.0, 0.0, 1.0, 0.7001240443089605, 1.0, 0.0, 0.0, 0.0, 0.0, 0.0, 0.0, 0.0]",128341,85224,N6,accept,0.4318181818181818,ts,827,0
"[0.20000000000000007, -0.20000000000000007, -0.20318725099601595, -0.04178272980501393, -0.04, 0.0, 0.0, 0.0, 1.0, 0.7324823719423539, 1.0, 0.0, 0.0, 0.0, 0.0, 0.0, 0.0, 0.0]",30202,31975,N6,accept,0.44000000000000006,ts,1168,1
"[0.3636363636363637, -0.3636363636363637, 0.0, 0.0, 0.0, 0.0, 0.0, 0.0, 1.0, 0.8742764353476687, 1.0, 0.0, 0.0, 0.0, 0.0, 0.0, 0.0, 0.0]",123031,123174,N6,accept,0.5545454545454546,ts,2735,0
"[0.712, -0.712, -0.5778364116094986, -0.5372340425531915, -0.33999999999999997, 0.0, 0.0, 0.0, 1.0, 0.6373602087318739, 1.0, 0.0, 0.0, 0.0, 0.0, 0.0, 0.0, 0.0]",84106,106004,N6,accept,0.7984,ts,996,1
"[0.28571428571428564, -0.28571428571428564, -0.35943517329910146, 0.26, 0.06000000000000001, 0.0, 0.0, 0.0, 1.0, 0.670708318241587, 1.0, 0.0, 0.0, 0.0, 0.0, 0.0, 0.0, 0.0]",33303,130669,N6,accept,0.4999999999999999,ts,2727,1
"[0.09883720930232553, -0.09883720930232553, -0.36339113680154145, 0.005681818181818182, -0.06944444444444445, 0.0, 0.0, 0.0, 1.0, 0.6623410068325102, 1.0, 0.0, 0.0, 0.0, 0.0, 0.0, 0.0, 0.0]",54520,43382,N6,accept,0.36918604651162784,ts,655,1
"[0.24999999999999992, -0.24999999999999992, -0.48413125336202256, 1.0, -0.2608695652173913, 0.0, 0.0, 0.0, 1.0, 0.5241024203212179, 1.0, 0.0, 0.0, 0.0, 0.0, 0.0, 0.0, 0.0]",84737,55882,N6,accept,0.4749999999999999,ts,1274,1
"[0.30000000000000004, -0.30000000000000004, -0.2663949610967024, 0.04198473282442748, 0.0, 0.0, 0.0, 0.0, 1.0, 0.7607866701733167, 1.0, 0.0, 0.0, 0.0, 0.0, 0.0, 0.0, 0.0]",107855,133081,N6,accept,0.51,ts,2132,0
"[0.575, -0.575, -0.16666666666666666, -0.5904255319148937, -0.6714285714285715, 0.0, 0.0, 0.0, 1.0, 0.6529095271409187, 1.0, 0.0, 0.0, 0.0, 0.0, 0.0, 0.0, 0.0]",151841,142262,N6,accept,0.7024999999999999,ts,742,1
"[0.6875, -0.6875, -0.4357298474945534, -0.052924791086350974, 0.396551724137931, 0.0, 0.0, 0.0, 1.0, 0.7300701540116802, 1.0, 0.0, 0.0, 0.0, 0.0, 0.0, 0.0, 0.0]",158412,145532,N6,accept,0.78125,ts,718,0
"[0.24999999999999997, -0.24999999999999997, -0.27846265409717186, 0.0, 0.0, 0.0, 0.0, 0.0, 1.0, 0.7541829612825312, 1.0, 0.0, 0.0, 0.0, 0.0, 0.0, 0.0, 0.0]",141746,174748,N6,accept,0.475,ts,1726,0
"[0.4545454545454546, -0.4545454545454546, -0.375, 0.00872093023255814, 0.8333333333333334, 0.0, 0.0, 0.0, 1.0, 0.668386089463201, 1.0, 0.0, 0.0, 0.0, 0.0, 0.0, 0.0, 0.0]",31975,107659,N6,accept,0.6181818181818182,ts,458,1
"[0.6304347826086956, -0.6304347826086956, -0.030371567043618666, 0.01984126984126984, -0.42592592592592593, 0.0, 0.0, 0.0, 1.0, 0.8308228755199523, 1.0, 0.0, 0.0, 0.0, 0.0, 0.0, 0.0, 0.0]",89552,20089,N6,accept,0.7413043478260868,ts,1696,1
"[0.5370370370370371, -0.5370370370370371, -0.2713636363636363, -0.8087431693989071, -0.06000000000000005, 0.0, 0.0, 0.0, 1.0, 0.6958125988425242, 1.0, 0.0, 0.0, 0.0, 0.0, 0.0, 0.0, 0.0]",104492,115984,N6,accept,0.6759259259259259,ts,2245,1
"[0.6222222222222222, -0.6222222222222222, 0.0, -0.1, 0.019999999999999973, 0.0, 0.0, 0.0, 1.0, 0.8999640846725089, 1.0, 0.0, 0.0, 0.0, 0.0, 0.0, 0.0, 0.0]",135207,37985,N6,accept,0.7355555555555555,ts,2998,0
"[0.3939393939393939, -0.3939393939393939, -0.24582967515364354, -0.0948509485094851, -0.75, 0.0, 0.0, 0.0, 1.0, 0.6625097926397022, 1.0, 0.0, 0.0, 0.0, 0.0, 0.0, 0.0, 0.0]",141852,64439,N6,accept,0.5757575757575757,ts,1933,0
"[0.4545454545454546, -0.4545454545454546, -0.29375, -0.0028735632183908046, 0.8333333333333334, 0.0, 0.0, 0.0, 1.0, 0.6867897445125909, 1.0, 0.0, 0.0, 0.0, 0.0, 0.0, 0.0, 0.0]",32065,108828,N6,accept,0.6181818181818182,ts,1772,0
"[0.20000000000000007, -0.20000000000000007, -0.06259780907668232, 0.017045454545454544, -0.4166666666666667, 0.0, 0.0, 0.0, 1.0, 0.7094552875739797, 1.0, 0.0, 0.0, 0.0, 0.0, 0.0, 0.0, 0.0]",57376,135482,N6,accept,0.44000000000000006,ts,1189,1
"[0.75, -0.75, 0.07799999999999997, -0.11666666666666667, -0.18181818181818182, 0.0, 0.0, 0.0, 1.0, 0.8464921298349981, 1.0, 0.0, 0.0, 0.0, 0.0, 0.0, 0.0, 0.0]",69947,63919,N6,accept,0.825,ts,927,1
"[0.1200000000000001, -0.1200000000000001, 0.1455847255369929, -0.07120743034055728, 0.14000000000000004, 0.0, 0.0, 0.0, 1.0, 0.687454790909646, 1.0, 0.0, 0.0, 0.0, 0.0, 0.0, 0.0, 0.0]",57279,59424,N6,accept,0.38400000000000006,ts,1111,1
"[0.47058823529411764, -0.47058823529411764, -0.0625, -0.48333333333333334, -0.38, 0.0, 0.0, 0.0, 1.0, 0.7057237254964501, 1.0, 0.0, 0.0, 0.0, 0.0, 0.0, 0.0, 0.0]",71734,41650,N6,accept,0.6294117647058823,ts,1346,1
"[0.28571428571428564, -0.28571428571428564, -0.4991652754590985, -0.12737127371273713, -0.20289855072463772, 0.0, 0.0, 0.0, 1.0, 0.6409647173201884, 1.0, 0.0, 0.0, 0.0, 0.0, 0.0, 0.0, 0.0]",76847,43090,N6,accept,0.4999999999999999,ts,901,1
"[0.25, -0.25, -0.24812030075187969, 0.005813953488372093, 0.041666666666666664, 0.0, 0.0, 0.0, 1.0, 0.7476249554836153, 1.0, 0.0, 0.0, 0.0, 0.0, 0.0, 0.0, 0.0]",174772,117045,N6,accept,0.475,ts,2767,0
"[0.5, -0.5, -0.8650904033379694, -0.20474777448071216, -0.2800000000000001, 0.0, 0.0, 0.0, 1.0, 0.6295168364539148, 1.0, 0.0, 0.0, 0.0, 0.0, 0.0, 0.0, 0.0]",87402,117029,N6,accept,0.6499999999999999,ts,1549,1
"[0.5, -0.5, -0.18852459016393436, 0.0, 0.0, 0.0, 0.0, 0.0, 1.0, 0.8459637063264451, 1.0, 0.0, 0.0, 0.0, 0.0, 0.0, 0.0, 0.0]",85446,122732,N6,accept,0.6499999999999999,ts,1325,0
"[0.41935483870967744, -0.41935483870967744, -0.20460048426150115, -0.005649717514124294, 0.1641791044776119, 0.0, 0.0, 0.0, 1.0, 0.7785128988253786, 1.0, 0.0, 0.0, 0.0, 0.0, 0.0, 0.0, 0.0]",43382,111012,N6,accept,0.5935483870967742,ts,2687,1
"[0.4105263157894737, -0.4105263157894737, 0.047499999999999966, 1.0, 0.18, 0.0, 0.0, 0.0, 1.0, 0.6807486729796697, 1.0, 0.0, 0.0, 0.0, 0.0, 0.0, 0.0, 0.0]",174924,33277,N6,accept,0.5873684210526315,ts,1243,1
"[0.164, -0.164, -0.6836, -0.1, 0.088, 0.0, 0.0, 0.0, 1.0, 0.6098549356396384, 1.0, 0.0, 0.0, 0.0, 0.0, 0.0, 0.0, 0.0]",85224,134716,N6,accept,0.4148,ts,1650,0
"[0.28571428571428575, -0.28571428571428575, -0.3087719298245614, 0.0, 0.0, 0.0, 0.0, 0.0, 1.0, 0.7588851506539235, 1.0, 0.0, 0.0, 0.0, 0.0, 0.0, 0.0, 0.0]",174761,141765,N6,accept,0.5,ts,1097,1
"[0.7, -0.7, 0.07455197132616495, 0.4528301886792453, -0.48888888888888893, 0.0, 0.0, 0.0, 1.0, 0.7348106336402851, 1.0, 0.0, 0.0, 0.0, 0.0, 0.0, 0.0, 0.0]",84871,115951,N6,accept,0.7899999999999999,ts,2152,1
"[0.6, -0.6, -0.16636363636363638, 0.28, 0.06000000000000001, 0.0, 0.0, 0.0, 1.0, 0.7911870333536699, 1.0, 0.0, 0.0, 0.0, 0.0, 0.0, 0.0, 0.0]",122718,82102,N6,accept,0.72,ts,1099,1
"[0.30000000000000004, -0.30000000000000004, -0.040749796251018745, -0.02616279069767442, 0.041666666666666664, 0.0, 0.0, 0.0, 1.0, 0.8201810055989768, 1.0, 0.0, 0.0, 0.0, 0.0, 0.0, 0.0, 0.0]",84869,87090,N6,accept,0.51,ts,2788,1
"[0.20000000000000004, -0.20000000000000004, -0.634703196347032, 0.07407407407407407, -0.74, 0.0, 0.0, 0.0, 1.0, 0.5425189848892313, 1.0, 0.0, 0.0, 0.0, 0.0, 0.0, 0.0, 0.0]",19598,106004,N6,accept,0.44,ts,1335,0
"[0.09999999999999994, -0.09999999999999994, -0.2309859154929577, -0.9770114942528736, -0.9038461538461539, 0.0, 0.0, 0.0, 1.0, 0.45908953947061526, 1.0, 0.0, 0.0, 0.0, 0.0, 0.0, 0.0, 0.0]",91073,16649,N6,accept,0.36999999999999994,ts,617,1
"[0.5588235294117647, -0.5588235294117647, -0.4132379248658319, 0.43661971830985913, 0.11764705882352941, 0.0, 0.0, 0.0, 1.0, 0.6899262877697232, 1.0, 0.0, 0.0, 0.0, 0.0, 0.0, 0.0, 0.0]",88157,155668,N6,accept,0.6911764705882353,ts,958,0
"[0.09090909090909098, -0.09090909090909098, 0.2, 1.0, 1.0, 0.0, 0.0, 0.0, 1.0, 0.4290865272691109, 1.0, 0.0, 0.0, 0.0, 0.0, 0.0, 0.0, 0.0]",142264,151841,N6,accept,0.36363636363636365,ts,1632,1
"[0.7352941176470589, -0.7352941176470589, -0.05457142857142847, -0.0872093023255814, -0.1111111111111111, 0.0, 0.0, 0.0, 1.0, 0.8758111106746108, 1.0, 0.0, 0.0, 0.0, 0.0, 0.0, 0.0, 0.0]",104685,104690,N6,accept,0.8147058823529412,ts,2386,1
"[0.28476821192052976, -0.28476821192052976, 0.0, -0.021806853582554516, -0.4166666666666667, 0.0, 0.0, 0.0, 1.0, 0.7595229641394782, 1.0, 0.0, 0.0, 0.0, 0.0, 0.0, 0.0, 0.0]",103704,145523,N6,accept,0.49933774834437084,ts,1026,0
"[0.25, -0.25, -0.10594947025264866, -0.125, 0.0, 0.0, 0.0, 0.0, 1.0, 0.7682187581006461, 1.0, 0.0, 0.0, 0.0, 0.0, 0.0, 0.0, 0.0]",84869,116369,N6,accept,0.475,ts,500,1
"[0.5636363636363637, -0.5636363636363637, -0.20886075949367092, -0.019662921348314606, 0.6666666666666666, 0.0, 0.0, 0.0, 1.0, 0.7376361352801102, 1.0, 0.0, 0.0, 0.0, 0.0, 0.0, 0.0, 0.0]",116201,107563,N6,accept,0.6945454545454546,ts,2636,1
"[0.14, -0.14, -0.31562500000000004, 0.030303030303030304, 0.0, 0.0, 0.0, 0.0, 1.0, 0.6993060113850216, 1.0, 0.0, 0.0, 0.0, 0.0, 0.0, 0.0, 0.0]",130086,69993,N6,accept,0.398,ts,2787,0
"[0.72, -0.72, 0.003335186214563773, 0.14666666666666667, 1.0, 0.0, 0.0, 0.0, 1.0, 0.7645216026691897, 1.0, 0.0, 0.0, 0.0, 0.0, 0.0, 0.0, 0.0]",183166,123439,N6,accept,0.804,ts,1221,1
"[0.1666666666666666, -0.1666666666666666, -0.09111617312072894, 0.052434456928838954, -0.06666666666666667, 0.0, 0.0, 0.0, 1.0, 0.7442535817712579, 1.0, 0.0, 0.0, 0.0, 0.0, 0.0, 0.0, 0.0]",39429,60954,N6,accept,0.41666666666666663,ts,655,1
"[0.7843137254901961, -0.7843137254901961, 0.17994100294985255, 1.0, -0.6363636363636364, 0.0, 0.0, 0.0, 1.0, 0.6485163998686077, 1.0, 0.0, 0.0, 0.0, 0.0, 0.0, 0.0, 0.0]",120916,169349,N6,accept,0.8490196078431371,ts,2709,0
"[0.14285714285714285, -0.14285714285714285, -0.5880389429763561, -0.18829516539440203, -0.16666666666666666, 0.0, 0.0, 0.0, 1.0, 0.5748727671966781, 1.0, 0.0, 0.0, 0.0, 0.0, 0.0, 0.0, 0.0]",110096,128276,N6,accept,0.39999999999999997,ts,1816,1
"[0.6029411764705882, -0.6029411764705882, 0.1111111111111111, -0.23333333333333334, -0.42000000000000004, 0.0, 0.0, 0.0, 1.0, 0.7485772354053735, 1.0, 0.0, 0.0, 0.0, 0.0, 0.0, 0.0, 0.0]",167076,155815,N6,accept,0.7220588235294116,ts,512,0
"[0.13333333333333344, -0.13333333333333344, -0.1, -0.75, -0.44000000000000006, 0.0, 0.0, 0.0, 1.0, 0.5587769414463242, 1.0, 0.0, 0.0, 0.0, 0.0, 0.0, 0.0, 0.0]",70105,79461,N6,accept,0.3933333333333334,ts,2151,0
"[0.20000000000000007, -0.20000000000000007, -0.12025316455696208, -0.05056179775280899, 0.0, 0.0, 0.0, 0.0, 1.0, 0.7656472846313683, 1.0, 0.0, 0.0, 0.0, 0.0, 0.0, 0.0, 0.0]",116201,108746,N6,accept,0.44000000000000006,ts,847,1
"[0.2, -0.2, 0.10110110110110104, -0.6043478260869565, 0.05263157894736842, 0.0, 0.0, 0.0, 1.0, 0.6660152152276981, 1.0, 0.0, 0.0, 0.0, 0.0, 0.0, 0.0, 0.0]",191335,127600,N6,accept,0.43999999999999995,ts,2590,1
"[0.9485714285714286, -0.9485714285714286, -0.7682608695652173, 0.2912621359223301, -0.4583333333333333, 0.0, 0.0, 0.0, 1.0, 0.659324447512109, 1.0, 0.0, 0.0, 0.0, 0.0, 0.0, 0.0, 0.0]",54732,128247,N6,accept,0.964,ts,2314,1
"[0.5599999999999999, -0.5599999999999999, -0.39434724091520856, -0.07874015748031496, -0.48000000000000004, 0.0, 0.0, 0.0, 1.0, 0.6979177799582668, 1.0, 0.0, 0.0, 0.0, 0.0, 0.0, 0.0, 0.0]",106764,30103,N6,accept,0.692,ts,1549,1
"[0.12499999999999988, -0.12499999999999988, 0.12079378774805867, -0.1569767441860465, 0.05, 0.0, 0.0, 0.0, 1.0, 0.698717867815697, 1.0, 0.0, 0.0, 0.0, 0.0, 0.0, 0.0, 0.0]",73628,144702,N6,accept,0.3874999999999999,ts,2775,1
"[0.7626582278481012, -0.7626582278481012, 0.0027855153203343017, 0.0, 0.2631578947368421, 0.0, 0.0, 0.0, 1.0, 0.8914436181078074, 1.0, 0.0, 0.0, 0.0, 0.0, 0.0, 0.0, 0.0]",43387,151849,N6,accept,0.8338607594936709,ts,2613,0
"[0.5584415584415584, -0.5584415584415584, -0.64, -0.6792452830188679, -0.13999999999999999, 0.0, 0.0, 0.0, 1.0, 0.6286745176485996, 1.0, 0.0, 0.0, 0.0, 0.0, 0.0, 0.0, 0.0]",122719,66862,N6,accept,0.6909090909090909,ts,2476,1
"[0.09999999999999994, -0.09999999999999994, -0.2309859154929577, -0.9540229885057471, -0.9038461538461539, 0.0, 0.0, 0.0, 1.0, 0.4600896146042551, 1.0, 0.0, 0.0, 0.0, 0.0, 0.0, 0.0, 0.0]",91073,16648,N6,accept,0.36999999999999994,ts,717,1
"[0.19999999999999993, -0.19999999999999993, -0.6543478260869565, -0.24, 0.28, 0.0, 0.0, 0.0, 1.0, 0.5553614665039532, 1.0, 0.0, 0.0, 0.0, 0.0, 0.0, 0.0, 0.0]",38212,89446,N6,accept,0.43999999999999995,ts,2736,1
"[0.6621621621621622, -0.6621621621621622, 0.16701461377870563, -0.05956112852664577, -0.21428571428571427, 0.0, 0.0, 0.0, 1.0, 0.8137627837375337, 1.0, 0.0, 0.0, 0.0, 0.0, 0.0, 0.0, 0.0]",63924,16728,N6,accept,0.7635135135135135,ts,692,1
"[0.36000000000000004, -0.36000000000000004, -0.2846924177396281, 1.0, 1.0, 0.0, 0.0, 0.0, 1.0, 0.4889611136768929, 1.0, 0.0, 0.0, 0.0, 0.0, 0.0, 0.0, 0.0]",106727,40487,N6,accept,0.552,ts,1189,1
"[0.3, -0.3, 0.0, 0.0, 0.0, 0.0, 0.0, 0.0, 1.0, 0.8554747513125021, 1.0, 0.0, 0.0, 0.0, 0.0, 0.0, 0.0, 0.0]",68609,50807,N6,accept,0.51,ts,2793,1
"[0.20000000000000007, -0.20000000000000007, 0.09090909090909091, -0.008547008547008548, -0.14285714285714285, 0.0, 0.0, 0.0, 1.0, 0.7497580191893745, 1.0, 0.0, 0.0, 0.0, 0.0, 0.0, 0.0, 0.0]",162723,32065,N6,accept,0.44000000000000006,ts,717,1
"[0.3888888888888889, -0.3888888888888889, -0.46507483962936563, 0.20416666666666666, 0.0235294117647058, 0.0, 0.0, 0.0, 1.0, 0.7029881973731301, 1.0, 0.0, 0.0, 0.0, 0.0, 0.0, 0.0, 0.0]",127487,114138,N6,accept,0.5722222222222222,ts,1286,0
"[0.9137254901960783, -0.9137254901960783, -0.07732962447844231, -0.2305194805194805, 0.7857142857142857, 0.0, 0.0, 0.0, 1.0, 0.7668044001697728, 1.0, 0.0, 0.0, 0.0, 0.0, 0.0, 0.0, 0.0]",55377,117335,N6,accept,0.9396078431372548,ts,1752,1
"[0.5599999999999999, -0.5599999999999999, 0.24223602484472048, 0.34615384615384615, -0.20212765957446813, 0.0, 0.0, 0.0, 1.0, 0.7198407737388159, 1.0, 0.0, 0.0, 0.0, 0.0, 0.0, 0.0, 0.0]",185582,30082,N6,accept,0.692,ts,2922,1
"[0.6875, -0.6875, -0.4357298474945534, -0.052924791086350974, 0.396551724137931, 0.0, 0.0, 0.0, 1.0, 0.7300701540116802, 1.0, 0.0, 0.0, 0.0, 0.0, 0.0, 0.0, 0.0]",158412,145532,N6,accept,0.78125,ts,2726,1
"[0.3636363636363637, -0.3636363636363637, -0.37672651933701656, 0.023809523809523808, -0.03333333333333333, 0.0, 0.0, 0.0, 1.0, 0.7517746794580583, 1.0, 0.0, 0.0, 0.0, 0.0, 0.0, 0.0, 0.0]",135543,123439,N6,accept,0.5545454545454546,ts,1764,0
"[0.24999999999999997, -0.24999999999999997, -0.46371428571428575, -0.12301587301587301, -0.25, 0.0, 0.0, 0.0, 1.0, 0.6269674754267696, 1.0, 0.0, 0.0, 0.0, 0.0, 0.0, 0.0, 0.0]",115390,104466,N6,accept,0.475,ts,770,1
"[0.1111111111111111, -0.1111111111111111, 0.0, 0.12, 0.020000000000000018, 0.0, 0.0, 0.0, 1.0, 0.7533976982639888, 1.0, 0.0, 0.0, 0.0, 0.0, 0.0, 0.0, 0.0]",141703,74187,N6,accept,0.37777777777777777,ts,1817,1
"[0.06784660766961652, -0.06784660766961652, -0.3584703359542531, 0.008450704225352112, 0.05555555555555555, 0.0, 0.0, 0.0, 1.0, 0.6547157279480784, 1.0, 0.0, 0.0, 0.0, 0.0, 0.0, 0.0, 0.0]",146721,43387,N6,accept,0.34749262536873154,ts,2286,1
"[0.20000000000000007, -0.20000000000000007, 0.14000000000000007, -0.036619718309859155, 0.0, 0.0, 0.0, 0.0, 1.0, 0.7633916428325723, 1.0, 0.0, 0.0, 0.0, 0.0, 0.0, 0.0, 0.0]",123005,107170,N6,accept,0.44000000000000006,ts,1156,1
"[0.8944444444444444, -0.8944444444444444, 0.0, -0.02, 0.0, 0.0, 0.0, 0.0, 1.0, 0.962136410518863, 1.0, 0.0, 0.0, 0.0, 0.0, 0.0, 0.0, 0.0]",89731,83441,N6,accept,0.9261111111111111,ts,1927,0
"[0.25000000000000006, -0.25000000000000006, -0.0625, -0.34, 0.039999999999999994, 0.0, 0.0, 0.0, 1.0, 0.7305487309174494, 1.0, 0.0, 0.0, 0.0, 0.0, 0.0, 0.0, 0.0]",40998,50997,N6,accept,0.475,ts,2591,1
"[0.3, -0.3, 0.05868118572292794, -0.1353135313531353, 0.041666666666666664, 0.0, 0.0, 0.0, 1.0, 0.7857691354016331, 1.0, 0.0, 0.0, 0.0, 0.0, 0.0, 0.0, 0.0]",65211,104682,N6,accept,0.51,ts,2577,1
"[0.3636363636363637, -0.3636363636363637, 0.0, 0.039886039886039885, 0.15384615384615385, 0.0, 0.0, 0.0, 1.0, 0.8230466725244279, 1.0, 0.0, 0.0, 0.0, 0.0, 0.0, 0.0, 0.0]",123002,123174,N6,accept,0.5545454545454546,ts,1015,0
"[0.09090909090909086, -0.09090909090909086, 0.09717868338557999, 0.3394495412844037, 0.0, 0.0, 0.0, 0.0, 1.0, 0.6746301399931264, 1.0, 0.0, 0.0, 0.0, 0.0, 0.0, 0.0, 0.0]",182863,39888,N6,accept,0.3636363636363636,ts,1209,1
"[0.2803030303030304, -0.2803030303030304, 0.0009999999999999788, 0.5446428571428571, 0.15999999999999998, 0.0, 0.0, 0.0, 1.0, 0.708319588666608, 1.0, 0.0, 0.0, 0.0, 0.0, 0.0, 0.0, 0.0]",80033,87100,N6,accept,0.4962121212121212,ts,2181,1
"[0.11999999999999993, -0.11999999999999993, 0.013962765957446867, -0.5584045584045584, -0.7642857142857142, 0.0, 0.0, 0.0, 1.0, 0.5706375437879061, 1.0, 0.0, 0.0, 0.0, 0.0, 0.0, 0.0, 0.0]",130440,79856,N6,accept,0.38399999999999995,ts,1184,1
"[0.396078431372549, -0.396078431372549, -0.06984866123399301, -0.2669039145907473, 0.9285714285714286, 0.0, 0.0, 0.0, 1.0, 0.6685098272503658, 1.0, 0.0, 0.0, 0.0, 0.0, 0.0, 0.0, 0.0]",21089,138627,N6,accept,0.5772549019607842,ts,2921,1
"[0.023255813953488292, -0.023255813953488292, 0.05212816834050693, 0.08609271523178808, 0.0571428571428572, 0.0, 0.0, 0.0, 1.0, 0.6989901745905753, 1.0, 0.0, 0.0, 0.0, 0.0, 0.0, 0.0, 0.0]",115226,152287,N6,accept,0.3162790697674418,ts,1932,1
"[0.6428571428571429, -0.6428571428571429, -0.5994993742177722, 0.24481327800829875, 0.1, 0.0, 0.0, 0.0, 1.0, 0.71158268971853, 1.0, 0.0, 0.0, 0.0, 0.0, 0.0, 0.0, 0.0]",16682,60783,N6,accept,0.75,ts,2189,1
"[0.20000000000000007, -0.20000000000000007, -0.0719734660033167, 0.005698005698005698, 0.07142857142857142, 0.0, 0.0, 0.0, 1.0, 0.7743468796928912, 1.0, 0.0, 0.0, 0.0, 0.0, 0.0, 0.0, 0.0]",15532,88669,N6,accept,0.44000000000000006,ts,1533,1
"[0.24999999999999992, -0.24999999999999992, -0.18808777429467086, -0.007194244604316547, -0.02439024390243908, 0.0, 0.0, 0.0, 1.0, 0.7676014166610969, 1.0, 0.0, 0.0, 0.0, 0.0, 0.0, 0.0, 0.0]",113424,125887,N6,accept,0.4749999999999999,ts,2876,0
"[0.75, -0.75, -0.34684095860566444, -0.125, 1.0, 0.0, 0.0, 0.0, 1.0, 0.6878314574704213, 1.0, 0.0, 0.0, 0.0, 0.0, 0.0, 0.0, 0.0]",135617,115951,N6,accept,0.825,ts,1950,1
"[0.20000000000000007, -0.20000000000000007, 0.03275302449100028, -0.10954063604240283, 0.3333333333333333, 0.0, 0.0, 0.0, 1.0, 0.7076478622053513, 1.0, 0.0, 0.0, 0.0, 0.0, 0.0, 0.0, 0.0]",134112,115390,N6,accept,0.44000000000000006,ts,797,1
"[0.04761904761904766, -0.04761904761904766, -0.39722724532851117, 0.15162454873646208, 0.4, 0.0, 0.0, 0.0, 1.0, 0.5363539792335147, 1.0, 0.0, 0.0, 0.0, 0.0, 0.0, 0.0, 0.0]",16646,63925,N6,accept,0.33333333333333337,ts,853,0
"[0.22784810126582283, -0.22784810126582283, 0.2310654685494223, -0.0987012987012987, 0.298507462686567, 0.0, 0.0, 0.0, 1.0, 0.6639494779334293, 1.0, 0.0, 0.0, 0.0, 0.0, 0.0, 0.0, 0.0]",43373,54573,N6,accept,0.45949367088607596,ts,1291,0
"[0.86, -0.86, -0.050125313283208024, 0.15901060070671377, -0.51, 0.0, 0.0, 0.0, 1.0, 0.8089311139664266, 1.0, 0.0, 0.0, 0.0, 0.0, 0.0, 0.0, 0.0]",49000,49086,N6,accept,0.9019999999999999,ts,2981,0
"[0.4545454545454546, -0.4545454545454546, -0.29375, -0.0028735632183908046, 0.8333333333333334, 0.0, 0.0, 0.0, 1.0, 0.6867897445125909, 1.0, 0.0, 0.0, 0.0, 0.0, 0.0, 0.0, 0.0]",32065,108828,N6,accept,0.6181818181818182,ts,2457,0
"[0.14, -0.14, -0.323238566131026, 0.0, 0.0, 0.0, 0.0, 0.0, 1.0, 0.7065192485809642, 1.0, 0.0, 0.0, 0.0, 0.0, 0.0, 0.0, 0.0]",74215,69993,N6,accept,0.398,ts,1197,0
"[0.1666666666666667, -0.1666666666666667, 0.1111111111111111, 1.0, 0.44000000000000006, 0.0, 0.0, 0.0, 1.0, 0.53769314130362, 1.0, 0.0, 0.0, 0.0, 0.0, 0.0, 0.0, 0.0]",81128,18598,N6,accept,0.4166666666666667,ts,402,1
"[0.20000000000000004, -0.20000000000000004, 0.21428571428571427, -0.75, -0.44000000000000006, 0.0, 0.0, 0.0, 1.0, 0.5488029253936105, 1.0, 0.0, 0.0, 0.0, 0.0, 0.0, 0.0, 0.0]",39150,18334,N6,accept,0.44,ts,2477,0
"[0.20000000000000007, -0.20000000000000007, 0.0, 0.019943019943019943, -0.5, 0.0, 0.0, 0.0, 1.0, 0.7221449098484211, 1.0, 0.0, 0.0, 0.0, 0.0, 0.0, 0.0, 0.0]",189329,135481,N6,accept,0.44000000000000006,ts,1627,0
"[0.20000000000000007, -0.20000000000000007, -0.13533333333333328, -0.17647058823529413, 0.2, 0.0, 0.0, 0.0, 1.0, 0.6813430872729247, 1.0, 0.0, 0.0, 0.0, 0.0, 0.0, 0.0, 0.0]",89764,107554,N6,accept,0.44000000000000006,ts,1664,1
"[0.7576530612244898, -0.7576530612244898, -0.04534606205250594, -0.6666666666666666, -0.33999999999999997, 0.0, 0.0, 0.0, 1.0, 0.7514982057090797, 1.0, 0.0, 0.0, 0.0, 0.0, 0.0, 0.0, 0.0]",33277,174927,N6,accept,0.8303571428571428,ts,2487,0
"[0.11999999999999993, -0.11999999999999993, -0.11136363636363633, -0.002849002849002849, -0.4642857142857143, 0.0, 0.0, 0.0, 1.0, 0.6630022292393112, 1.0, 0.0, 0.0, 0.0, 0.0, 0.0, 0.0, 0.0]",151839,88363,N6,accept,0.38399999999999995,ts,2475,0
"[0.5636363636363637, -0.5636363636363637, -0.16573971078976643, 0.0896358543417367, 1.0, 0.0, 0.0, 0.0, 1.0, 0.7114261295235756, 1.0, 0.0, 0.0, 0.0, 0.0, 0.0, 0.0, 0.0]",166050,107588,N6,accept,0.6945454545454546,ts,892,1
"[0.5170454545454546, -0.5170454545454546, -0.375, -0.5523255813953488, -0.6166666666666667, 0.0, 0.0, 0.0, 1.0, 0.6004091591068238, 1.0, 0.0, 0.0, 0.0, 0.0, 0.0, 0.0, 0.0]",31975,142262,N6,accept,0.6619318181818181,ts,2100,1
"[0.3636363636363637, -0.3636363636363637, 0.020408163265306048, 0.0110803324099723, 0.07142857142857142, 0.0, 0.0, 0.0, 1.0, 0.8430216704000497, 1.0, 0.0, 0.0, 0.0, 0.0, 0.0, 0.0, 0.0]",123215,123174,N6,accept,0.5545454545454546,ts,2476,0
"[0.08139534883720925, -0.08139534883720925, -0.3082851637764933, 0.017045454545454544, 0.3194444444444444, 0.0, 0.0, 0.0, 1.0, 0.6124853436068625, 1.0, 0.0, 0.0, 0.0, 0.0, 0.0, 0.0, 0.0]",54520,43387,N6,accept,0.35697674418604647,ts,2120,1
"[0.19999999999999993, -0.19999999999999993, -0.25, -0.8833333333333333, -0.7454545454545454, 0.0, 0.0, 0.0, 1.0, 0.5035447216368699, 1.0, 0.0, 0.0, 0.0, 0.0, 0.0, 0.0, 0.0]",126074,18330,N6,accept,0.43999999999999995,ts,1852,0
"[0.20000000000000007, -0.20000000000000007, 0.03275302449100028, -0.10954063604240283, 0.3333333333333333, 0.0, 0.0, 0.0, 1.0, 0.7076478622053513, 1.0, 0.0, 0.0, 0.0, 0.0, 0.0, 0.0, 0.0]",134112,115390,N6,accept,0.44000000000000006,ts,2799,1
"[0.5833333333333333, -0.5833333333333333, -0.04175365344467641, -0.2, -0.06000000000000005, 0.0, 0.0, 0.0, 1.0, 0.8435393464277561, 1.0, 0.0, 0.0, 0.0, 0.0, 0.0, 0.0, 0.0]",141805,113027,N6,accept,0.7083333333333333,ts,1243,0
"[0.5599999999999999, -0.5599999999999999, -0.04264577893820715, 0.34532374100719426, 1.0, 0.0, 0.0, 0.0, 1.0, 0.6938965752446645, 1.0, 0.0, 0.0, 0.0, 0.0, 0.0, 0.0, 0.0]",185576,89763,N6,accept,0.692,ts,1741,0
"[0.12499999999999999, -0.12499999999999999, 0.0, 0.0392156862745098, 0.019999999999999973, 0.0, 0.0, 0.0, 1.0, 0.7791365420991551, 1.0, 0.0, 0.0, 0.0, 0.0, 0.0, 0.0, 0.0]",130670,122719,N6,accept,0.38749999999999996,ts,2532,1
"[0.3888888888888889, -0.3888888888888889, -0.46507483962936563, 0.20416666666666666, 0.0235294117647058, 0.0, 0.0, 0.0, 1.0, 0.7029881973731301, 1.0, 0.0, 0.0, 0.0, 0.0, 0.0, 0.0, 0.0]",127487,114138,N6,accept,0.5722222222222222,ts,2974,0
"[0.7058823529411765, -0.7058823529411765, -0.04595404595404586, 0.84, -0.4444444444444444, 0.0, 0.0, 0.0, 1.0, 0.7183640289709969, 1.0, 0.0, 0.0, 0.0, 0.0, 0.0, 0.0, 0.0]",170190,146668,N6,accept,0.7941176470588236,ts,2195,1
"[0.20000000000000004, -0.20000000000000004, 0.21428571428571427, -0.75, -0.44000000000000006, 0.0, 0.0, 0.0, 1.0, 0.5488029253936105, 1.0, 0.0, 0.0, 0.0, 0.0, 0.0, 0.0, 0.0]",39150,18334,N6,accept,0.44,ts,2118,0
"[0.3636363636363637, -0.3636363636363637, 0.0, 0.016713091922005572, 0.25, 0.0, 0.0, 0.0, 1.0, 0.8103249790259089, 1.0, 0.0, 0.0, 0.0, 0.0, 0.0, 0.0, 0.0]",123014,123174,N6,accept,0.5545454545454546,ts,452,0
"[0.7411764705882353, -0.7411764705882353, 0.002506265664160437, 0.39732142857142855, -0.7, 0.0, 0.0, 0.0, 1.0, 0.7549222534913111, 1.0, 0.0, 0.0, 0.0, 0.0, 0.0, 0.0, 0.0]",86748,169349,N3,dismiss,-0.3,ts,2427,1
"[0.13333333333333344, -0.13333333333333344, -0.1, -0.75, -0.44000000000000006, 0.0, 0.0, 0.0, 1.0, 0.5587769414463242, 1.0, 0.0, 0.0, 0.0, 0.0, 0.0, 0.0, 0.0]",70105,79461,N6,accept,0.3933333333333334,ts,1488,0
"[0.13333333333333328, -0.13333333333333328, -0.07126567844925884, -0.028901734104046242, -0.07999999999999999, 0.0, 0.0, 0.0, 1.0, 0.7421727843140296, 1.0, 0.0, 0.0, 0.0, 0.0, 0.0, 0.0, 0.0]",87098,143094,N6,accept,0.39333333333333326,ts,2696,0
"[0.20000000000000004, -0.20000000000000004, -0.17521902377972465, 0.007246376811594203, 0.02500000000000006, 0.0, 0.0, 0.0, 1.0, 0.7542302249952597, 1.0, 0.0, 0.0, 0.0, 0.0, 0.0, 0.0, 0.0]",53366,19865,N6,accept,0.44,ts,2884,1
"[0.12499999999999988, -0.12499999999999988, 0.145985401459854, 0.19834710743801653, 0.05, 0.0, 0.0, 0.0, 1.0, 0.6822979276547984, 1.0, 0.0, 0.0, 0.0, 0.0, 0.0, 0.0, 0.0]",56538,180522,N6,accept,0.3874999999999999,ts,1471,0
"[0.1, -0.07, -0.2697495183044316, -0.05, -0.17272727272727276, 0.0, 0.0, 0.0, 1.0, 0.63467239594446, 1.0, 0.0, 0.0, 0.0, 0.0, 0.0, 0.0, 0.0]",49082,49005,N6,accept,0.37,ts,1479,0
"[0.35714285714285715, -0.35714285714285715, -0.474457429048414, 0.19161676646706588, 0.18, 0.0, 0.0, 0.0, 1.0, 0.6567659345869298, 1.0, 0.0, 0.0, 0.0, 0.0, 0.0, 0.0, 0.0]",44189,130324,N6,accept,0.55,ts,715,0
"[0.04545454545454549, -0.04545454545454549, -0.0646666666666667, -0.008264462809917356, -0.22727272727272727, 0.0, 0.0, 0.0, 1.0, 0.6855067967400382, 1.0, 0.0, 0.0, 0.0, 0.0, 0.0, 0.0, 0.0]",138639,127487,N6,accept,0.33181818181818185,ts,1717,0
"[0.14285714285714285, -0.14285714285714285, 0.13333333333333333, 1.0, -0.23809523809523808, 0.0, 0.0, 0.0, 1.0, 0.5596889746063702, 1.0, 0.0, 0.0, 0.0, 0.0, 0.0, 0.0, 0.0]",175348,113825,N6,accept,0.39999999999999997,ts,2604,0
"[0.0555555555555556, -0.0555555555555556, -0.16666666666666666, 0.01764705882352941, 0.13636363636363635, 0.0, 0.0, 0.0, 1.0, 0.6730847801914981, 1.0, 0.0, 0.0, 0.0, 0.0, 0.0, 0.0, 0.0]",123856,105724,N6,accept,0.3388888888888889,ts,2478,1
"[0.09090909090909098, -0.09090909090909098, 0.0, -0.002881844380403458, 0.041666666666666664, 0.0, 0.0, 0.0, 1.0, 0.7710257573776895, 1.0, 0.0, 0.0, 0.0, 0.0, 0.0, 0.0, 0.0]",43107,116939,N6,accept,0.36363636363636365,ts,797,1
"[0.20000000000000007, -0.20000000000000007, 0.11199999999999997, 1.0, 1.0, 0.0, 0.0, 0.0, 1.0, 0.5025553191899905, 1.0, 0.0, 0.0, 0.0, 0.0, 0.0, 0.0, 0.0]",142264,108746,N6,accept,0.44000000000000006,ts,2856,1
"[0.09090909090909098, -0.09090909090909098, -0.43661971830985913, 0.06818181818181818, 0.16666666666666666, 0.0, 0.0, 0.0, 1.0, 0.6057589679083718, 1.0, 0.0, 0.0, 0.0, 0.0, 0.0, 0.0, 0.0]",74282,151841,N6,accept,0.36363636363636365,ts,524,1
"[0.625, -0.625, 0.066711140760507, -0.08904109589041095, -0.13333333333333333, 0.0, 0.0, 0.0, 1.0, 0.8489572716197578, 1.0, 0.0, 0.0, 0.0, 0.0, 0.0, 0.0, 0.0]",128284,128247,N6,accept,0.7375,ts,1829,0
"[0.1666666666666667, -0.1666666666666667, -0.15503875968992248, 0.029411764705882353, 0.0, 0.0, 0.0, 0.0, 1.0, 0.7493386575941129, 1.0, 0.0, 0.0, 0.0, 0.0, 0.0, 0.0, 0.0]",92714,143384,N6,accept,0.4166666666666667,ts,1085,1
"[0.82, -0.82, -0.3942101501072195, 0.10144927536231885, 0.6428571428571429, 0.0, 0.0, 0.0, 1.0, 0.7154794069545769, 1.0, 0.0, 0.0, 0.0, 0.0, 0.0, 0.0, 0.0]",88672,89765,N6,accept,0.8739999999999999,ts,1191,1
"[0.19709090909090918, -0.19709090909090918, -0.07324621733149929, 0.0, 0.0, 0.0, 0.0, 0.0, 1.0, 0.7945750109053056, 1.0, 0.0, 0.0, 0.0, 0.0, 0.0, 0.0, 0.0]",85069,63876,N6,accept,0.43796363636363644,ts,1786,0
"[0.64, -0.64, -0.21645796064400719, -0.5691489361702128, 0.4, 0.0, 0.0, 0.0, 1.0, 0.681246145030448, 1.0, 0.0, 0.0, 0.0, 0.0, 0.0, 0.0, 0.0]",19596,19598,N6,accept,0.748,ts,1642,1
"[0.0769230769230768, -0.0769230769230768, 0.2, -0.75, -0.44000000000000006, 0.0, 0.0, 0.0, 1.0, 0.5084697864372832, 1.0, 0.0, 0.0, 0.0, 0.0, 0.0, 0.0, 0.0]",131606,81128,N6,accept,0.35384615384615375,ts,2580,0
"[0.06666666666666665, -0.06666666666666665, -0.03710575139146568, -0.20212765957446807, -0.08333333333333333, 0.0, 0.0, 0.0, 1.0, 0.6877053690874355, 1.0, 0.0, 0.0, 0.0, 0.0, 0.0, 0.0, 0.0]",63878,16734,N6,accept,0.3466666666666666,ts,1048,1
"[0.2982456140350877, -0.2982456140350877, -0.11834319526627218, 0.05263157894736842, -0.84, 0.0, 0.0, 0.0, 1.0, 0.6757503539311007, 1.0, 0.0, 0.0, 0.0, 0.0, 0.0, 0.0, 0.0]",187197,179645,N6,accept,0.5087719298245614,ts,1421,0
"[0.6666666666666667, -0.6666666666666667, 0.23277737490935468, 0.0, 0.0, 0.0, 0.0, 0.0, 1.0, 0.8659558877868416, 1.0, 0.0, 0.0, 0.0, 0.0, 0.0, 0.0, 0.0]",141751,56398,N6,accept,0.7666666666666666,ts,2222,0
"[0.648, -0.648, 0.12880765883376852, 0.20863309352517986, 1.0, 0.0, 0.0, 0.0, 1.0, 0.693548136379965, 1.0, 0.0, 0.0, 0.0, 0.0, 0.0, 0.0, 0.0]",185577,107458,N6,accept,0.7536,ts,1210,0
"[0.725, -0.725, -0.38818181818181813, -0.44776119402985076, -0.32, 0.0, 0.0, 0.0, 1.0, 0.6813591547530138, 1.0, 0.0, 0.0, 0.0, 0.0, 0.0, 0.0, 0.0]",79807,63997,N6,accept,0.8074999999999999,ts,1566,1
"[0.9598214285714286, -0.9598214285714286, 0.2222222222222222, -0.6, -0.6363636363636364, 0.0, 0.0, 0.0, 1.0, 0.6888361719661423, 1.0, 0.0, 0.0, 0.0, 0.0, 0.0, 0.0, 0.0]",51061,50956,N6,accept,0.971875,ts,980,1
"[0.65, -0.65, 0.0333889816360601, -0.02158273381294964, 0.02500000000000006, 0.0, 0.0, 0.0, 1.0, 0.9111512439745767, 1.0, 0.0, 0.0, 0.0, 0.0, 0.0, 0.0, 0.0]",53365,39280,N6,accept,0.7549999999999999,ts,2653,1
"[0.5, -0.5, -0.10344827586206896, 0.0, 0.0, 0.0, 0.0, 0.0, 1.0, 0.8714079900606294, 1.0, 0.0, 0.0, 0.0, 0.0, 0.0, 0.0, 0.0]",70828,129946,N6,accept,0.6499999999999999,ts,1726,0
"[0.15000000000000013, -0.15000000000000013, -0.5289473684210527, -0.24, -0.020000000000000018, 0.0, 0.0, 0.0, 1.0, 0.611692733476693, 1.0, 0.0, 0.0, 0.0, 0.0, 0.0, 0.0, 0.0]",38124,63626,N6,accept,0.4050000000000001,ts,2716,1
"[0.08554572271386432, -0.08554572271386432, -0.03466761972837737, 0.011267605633802818, 0.0, 0.0, 0.0, 0.0, 1.0, 0.7651650175603291, 1.0, 0.0, 0.0, 0.0, 0.0, 0.0, 0.0, 0.0]",146721,85287,N6,accept,0.359882005899705,ts,2413,1
"[0.8, -0.8, 0.13333333333333333, 0.0, 0.0, 0.0, 0.0, 0.0, 1.0, 0.9115993194259686, 1.0, 0.0, 0.0, 0.0, 0.0, 0.0, 0.0, 0.0]",190833,51605,N6,accept,0.8599999999999999,ts,1417,0
"[0.28571428571428575, -0.28571428571428575, 0.0, -0.1005586592178771, 0.14285714285714285, 0.0, 0.0, 0.0, 1.0, 0.7864257510470529, 1.0, 0.0, 0.0, 0.0, 0.0, 0.0, 0.0, 0.0]",128281,51122,N6,accept,0.5,ts,401,1
"[0.25000000000000006, -0.25000000000000006, 0.24608967674661097, -0.17687074829931973, 0.4117647058823529, 0.0, 0.0, 0.0, 1.0, 0.6329883469407463, 1.0, 0.0, 0.0, 0.0, 0.0, 0.0, 0.0, 0.0]",115240,86760,N6,accept,0.475,ts,445,1
"[0.28476821192052976, -0.28476821192052976, 0.0, -0.021806853582554516, -0.4166666666666667, 0.0, 0.0, 0.0, 1.0, 0.7595229641394782, 1.0, 0.0, 0.0, 0.0, 0.0, 0.0, 0.0, 0.0]",103704,145523,N6,accept,0.49933774834437084,ts,1642,0
"[0.12499999999999988, -0.12499999999999988, -0.12708498808578236, -0.23684210526315788, 0.10526315789473684, 0.0, 0.0, 0.0, 1.0, 0.6663745327697852, 1.0, 0.0, 0.0, 0.0, 0.0, 0.0, 0.0, 0.0]",144703,180522,N3,accept,0.3874999999999999,ts,1907,1
"[0.06666666666666654, -0.06666666666666654, -0.026350461133069828, -0.14246575342465753, -0.13636363636363635, 0.0, 0.0, 0.0, 1.0, 0.6916546600964453, 1.0, 0.0, 0.0, 0.0, 0.0, 0.0, 0.0, 0.0]",141844,16911,N6,accept,0.34666666666666657,ts,1282,0
"[0.09999999999999991, -0.09999999999999991, -0.665546218487395, 0.0, 0.0, 0.0, 0.0, 0.0, 1.0, 0.6400589572696636, 1.0, 0.0, 0.0, 0.0, 0.0, 0.0, 0.0, 0.0]",54201,16809,N6,accept,0.36999999999999994,ts,522,0
"[0.20000000000000004, -0.20000000000000004, -0.44341372912801486, 0.08761329305135952, -0.07142857142857142, 0.0, 0.0, 0.0, 1.0, 0.6611419918461581, 1.0, 0.0, 0.0, 0.0, 0.0, 0.0, 0.0, 0.0]",63911,90182,N6,accept,0.44,ts,1116,0
"[0.2982456140350877, -0.2982456140350877, -0.11834319526627218, 0.05263157894736842, -0.84, 0.0, 0.0, 0.0, 1.0, 0.6757503539311007, 1.0, 0.0, 0.0, 0.0, 0.0, 0.0, 0.0, 0.0]",187197,179645,N6,accept,0.5087719298245614,ts,1553,0
"[0.7954545454545455, -0.7954545454545455, 0.04051565377532229, 0.016042780748663103, 0.4375, 0.0, 0.0, 0.0, 1.0, 0.8501165921464451, 1.0, 0.0, 0.0, 0.0, 0.0, 0.0, 0.0, 0.0]",162740,89765,N6,accept,0.8568181818181819,ts,1494,1
"[0.648, -0.648, 0.1801637852593267, 0.20863309352517986, 1.0, 0.0, 0.0, 0.0, 1.0, 0.678459202837453, 1.0, 0.0, 0.0, 0.0, 0.0, 0.0, 0.0, 0.0]",185410,107458,N6,accept,0.7536,ts,1170,1
"[0.35000000000000003, -0.35000000000000003, -0.20040080160320642, 0.06666666666666667, 0.34, 0.0, 0.0, 0.0, 1.0, 0.7116125824309348, 1.0, 0.0, 0.0, 0.0, 0.0, 0.0, 0.0, 0.0]",44266,175226,N6,accept,0.5449999999999999,ts,2050,1
"[0.5, -0.5, -0.1669449081803005, -0.02857142857142857, -0.015999999999999945, 0.0, 0.0, 0.0, 1.0, 0.8389586327550722, 1.0, 0.0, 0.0, 0.0, 0.0, 0.0, 0.0, 0.0]",19869,81422,N6,accept,0.6499999999999999,ts,1805,0
"[0.25, -0.25, 0.09090909090909091, 0.06944444444444445, -0.005555555555555635, 0.0, 0.0, 0.0, 1.0, 0.7852312004718296, 1.0, 0.0, 0.0, 0.0, 0.0, 0.0, 0.0, 0.0]",164892,165914,N6,accept,0.475,ts,1644,0
"[0.20000000000000007, -0.20000000000000007, -0.12025316455696208, -0.04788732394366197, 0.0, 0.0, 0.0, 0.0, 1.0, 0.7663744014854335, 1.0, 0.0, 0.0, 0.0, 0.0, 0.0, 0.0, 0.0]",109410,108746,N6,accept,0.44000000000000006,ts,2447,1
"[0.5636363636363637, -0.5636363636363637, 0.02750000000000008, -0.019662921348314606, 1.0, 0.0, 0.0, 0.0, 1.0, 0.7570950094690099, 1.0, 0.0, 0.0, 0.0, 0.0, 0.0, 0.0, 0.0]",109094,108839,N6,accept,0.6945454545454546,ts,1447,1
"[0.28571428571428564, -0.28571428571428564, -0.39499865555256786, -0.058823529411764705, 0.1, 0.0, 0.0, 0.0, 1.0, 0.6979619658365656, 1.0, 0.0, 0.0, 0.0, 0.0, 0.0, 0.0, 0.0]",55412,141632,N6,accept,0.4999999999999999,ts,2607,1
"[0.24999999999999997, -0.24999999999999997, -0.4147058823529412, 0.0, 0.0, 0.0, 0.0, 0.0, 1.0, 0.726850521859211, 1.0, 0.0, 0.0, 0.0, 0.0, 0.0, 0.0, 0.0]",51609,174748,N6,accept,0.475,ts,2682,0
"[0.02857142857142844, -0.02857142857142844, -0.20152761457109283, -0.008670520231213872, -0.1518987341772152, 0.0, 0.0, 0.0, 1.0, 0.6524855845390131, 1.0, 0.0, 0.0, 0.0, 0.0, 0.0, 0.0, 0.0]",117162,185707,N6,accept,0.3199999999999999,ts,1159,1
"[0.02500000000000002, -0.02500000000000002, -0.1863303498779495, 0.02, -0.07999999999999999, 0.0, 0.0, 0.0, 1.0, 0.6690903795112921, 1.0, 0.0, 0.0, 0.0, 0.0, 0.0, 0.0, 0.0]",130430,62539,N6,accept,0.3175,ts,2692,0
"[0.5636363636363637, -0.5636363636363637, -0.22954545454545458, -0.011396011396011397, 0.5714285714285714, 0.0, 0.0, 0.0, 1.0, 0.7429992451003153, 1.0, 0.0, 0.0, 0.0, 0.0, 0.0, 0.0, 0.0]",162723,108828,N6,accept,0.6945454545454546,ts,1003,0
"[0.8571428571428572, -0.8571428571428572, 0.0, 0.031446540880503145, 0.6901408450704226, 0.0, 0.0, 0.0, 1.0, 0.8430827251867334, 1.0, 0.0, 0.0, 0.0, 0.0, 0.0, 0.0, 0.0]",57280,57551,N6,accept,0.8999999999999999,ts,445,1
"[0.8714285714285714, -0.8714285714285714, -0.2588235294117647, -0.9809523809523809, -0.9324324324324325, 0.0, 0.0, 0.0, 1.0, 0.6293980130464618, 1.0, 0.0, 0.0, 0.0, 0.0, 0.0, 0.0, 0.0]",91071,16650,N6,accept,0.9099999999999999,ts,449,1
"[0.19999999999999993, -0.19999999999999993, -0.1875, 0.0, 0.0, 0.0, 0.0, 0.0, 1.0, 0.7602860088710922, 1.0, 0.0, 0.0, 0.0, 0.0, 0.0, 0.0, 0.0]",73358,117926,N6,accept,0.43999999999999995,ts,1494,0
"[0.05882352941176463, -0.05882352941176463, -0.44426229508196724, -0.013850415512465374, 0.2222222222222222, 0.0, 0.0, 0.0, 1.0, 0.596333128334625, 1.0, 0.0, 0.0, 0.0, 0.0, 0.0, 0.0, 0.0]",15685,87724,N6,accept,0.34117647058823525,ts,781,1
"[0.648, -0.648, 0.12880765883376852, 0.20863309352517986, 1.0, 0.0, 0.0, 0.0, 1.0, 0.693548136379965, 1.0, 0.0, 0.0, 0.0, 0.0, 0.0, 0.0, 0.0]",185576,107458,N3,dismiss,-0.3,ts,571,1
"[0.3333333333333333, -0.3333333333333333, -0.3076923076923077, -0.7, -0.6599999999999999, 0.0, 0.0, 0.0, 1.0, 0.5506757284984278, 1.0, 0.0, 0.0, 0.0, 0.0, 0.0, 0.0, 0.0]",156353,39764,N6,accept,0.5333333333333333,ts,2113,1
"[0.33333333333333337, -0.33333333333333337, -0.03710575139146568, 0.05263157894736842, 0.20879120879120883, 0.0, 0.0, 0.0, 1.0, 0.7850330737942559, 1.0, 0.0, 0.0, 0.0, 0.0, 0.0, 0.0, 0.0]",63943,49082,N6,accept,0.5333333333333333,ts,1021,0
"[0.25, -0.25, -0.24812030075187969, 0.01764705882352941, 0.13636363636363635, 0.0, 0.0, 0.0, 1.0, 0.7203456543782418, 1.0, 0.0, 0.0, 0.0, 0.0, 0.0, 0.0, 0.0]",117159,117045,N3,accept,0.475,ts,553,1
"[0.25, -0.25, -0.24812030075187969, 0.01764705882352941, 0.13636363636363635, 0.0, 0.0, 0.0, 1.0, 0.7203456543782418, 1.0, 0.0, 0.0, 0.0, 0.0, 0.0, 0.0, 0.0]",117159,117045,N6,accept,0.475,ts,1685,0
"[0.5636363636363637, -0.5636363636363637, -0.20886075949367092, -0.025280898876404494, 0.8333333333333334, 0.0, 0.0, 0.0, 1.0, 0.7248165742802354, 1.0, 0.0, 0.0, 0.0, 0.0, 0.0, 0.0, 0.0]",116201,107659,N6,accept,0.6945454545454546,ts,2184,1
"[0.18749999999999997, -0.18749999999999997, -0.48413125336202256, 0.8, -0.2608695652173913, 0.0, 0.0, 0.0, 1.0, 0.5137714525764588, 1.0, 0.0, 0.0, 0.0, 0.0, 0.0, 0.0, 0.0]",84737,115242,N6,accept,0.43124999999999997,ts,525,1
"[0.24999999999999997, -0.24999999999999997, 0.0, 0.0, 0.0, 0.0, 0.0, 0.0, 1.0, 0.8395893495876965, 1.0, 0.0, 0.0, 0.0, 0.0, 0.0, 0.0, 0.0]",51138,70105,N6,accept,0.475,ts,884,0
"[0.2000000000000001, -0.2000000000000001, -0.15304087736789634, 0.1346153846153846, 0.020000000000000018, 0.0, 0.0, 0.0, 1.0, 0.7288068930367897, 1.0, 0.0, 0.0, 0.0, 0.0, 0.0, 0.0, 0.0]",86978,87097,N6,accept,0.44000000000000006,ts,2414,1
"[0.41176470588235287, -0.41176470588235287, -0.10614525139664797, 0.12, 0.24, 0.0, 0.0, 0.0, 1.0, 0.7599295455936875, 1.0, 0.0, 0.0, 0.0, 0.0, 0.0, 0.0, 0.0]",63626,58615,N6,accept,0.588235294117647,ts,2161,0
"[0.24999999999999997, -0.24999999999999997, -0.4117647058823529, 0.0, 0.0, 0.0, 0.0, 0.0, 1.0, 0.7273653355460075, 1.0, 0.0, 0.0, 0.0, 0.0, 0.0, 0.0, 0.0]",51607,174753,N3,dismiss,-0.3,ts,828,1
"[0.2313725490196078, -0.2313725490196078, 0.2053511705685619, 1.0, -0.11764705882352941, 0.0, 0.0, 0.0, 1.0, 0.5903487599092021, 1.0, 0.0, 0.0, 0.0, 0.0, 0.0, 0.0, 0.0]",89664,155693,N6,accept,0.46196078431372545,ts,1226,1
"[0.8571428571428572, -0.8571428571428572, 0.0, 0.015723270440251572, -0.4647887323943662, 0.0, 0.0, 0.0, 1.0, 0.8690644730758021, 1.0, 0.0, 0.0, 0.0, 0.0, 0.0, 0.0, 0.0]",57280,57279,N6,accept,0.8999999999999999,ts,2565,0
"[0.08823529411764701, -0.08823529411764701, 0.04918032786885246, -0.027700831024930747, -0.2222222222222222, 0.0, 0.0, 0.0, 1.0, 0.7022535857628591, 1.0, 0.0, 0.0, 0.0, 0.0, 0.0, 0.0, 0.0]",15685,15686,N6,accept,0.3617647058823529,ts,2181,1
"[0.46153846153846156, -0.46153846153846156, -0.7849624060150376, -0.256, 0.33999999999999997, 0.0, 0.0, 0.0, 1.0, 0.6073646963417112, 1.0, 0.0, 0.0, 0.0, 0.0, 0.0, 0.0, 0.0]",110599,85230,N6,accept,0.6230769230769231,ts,2263,1
"[0.2916666666666667, -0.2916666666666667, -0.4194444444444445, 0.54, -0.13999999999999999, 0.0, 0.0, 0.0, 1.0, 0.6036374976586352, 1.0, 0.0, 0.0, 0.0, 0.0, 0.0, 0.0, 0.0]",81128,18005,N3,accept,0.5041666666666667,ts,1762,1
"[0.9145762711864407, -0.9145762711864407, -0.3174603174603175, 0.08695652173913043, 0.1, 0.0, 0.0, 0.0, 1.0, 0.8246397172257837, 1.0, 0.0, 0.0, 0.0, 0.0, 0.0, 0.0, 0.0]",63936,16731,N6,accept,0.9402033898305084,ts,466,1
"[0.09090909090909098, -0.09090909090909098, -0.24357239512855217, 0.013054830287206266, -0.19230769230769232, 0.0, 0.0, 0.0, 1.0, 0.6549978730249908, 1.0, 0.0, 0.0, 0.0, 0.0, 0.0, 0.0, 0.0]",30022,16906,N6,accept,0.36363636363636365,ts,2858,1
"[0.4545454545454546, -0.4545454545454546, -0.4124374553252323, -0.0113314447592068, 0.3333333333333333, 0.0, 0.0, 0.0, 1.0, 0.709484361698921, 1.0, 0.0, 0.0, 0.0, 0.0, 0.0, 0.0, 0.0]",88669,108839,N6,accept,0.6181818181818182,ts,2776,1
"[0.36000000000000004, -0.36000000000000004, -0.4794794794794795, -0.5260869565217391, 0.3684210526315789, 0.0, 0.0, 0.0, 1.0, 0.5740754538673325, 1.0, 0.0, 0.0, 0.0, 0.0, 0.0, 0.0, 0.0]",191335,169893,N6,accept,0.552,ts,874,1
"[0.415625, -0.415625, 0.1312500000000001, 0.0, 0.0, 0.0, 0.0, 0.0, 1.0, 0.8422044928641546, 1.0, 0.0, 0.0, 0.0, 0.0, 0.0, 0.0, 0.0]",57061,15139,N3,dismiss,-0.3,ts,1745,1
"[0.8714285714285714, -0.8714285714285714, -0.17521902377972465, 0.10526315789473684, 0.631578947368421, 0.0, 0.0, 0.0, 1.0, 0.7707011798032538, 1.0, 0.0, 0.0, 0.0, 0.0, 0.0, 0.0, 0.0]",158639,170138,N6,accept,0.9099999999999999,ts,458,0
"[0.28571428571428575, -0.28571428571428575, 0.0, -0.1005586592178771, 0.14285714285714285, 0.0, 0.0, 0.0, 1.0, 0.7864257510470529, 1.0, 0.0, 0.0, 0.0, 0.0, 0.0, 0.0, 0.0]",128281,51122,N6,accept,0.5,ts,1388,0
"[0.8530612244897959, -0.8530612244897959, -0.4003639672429481, 0.4482758620689655, 0.47619047619047616, 0.0, 0.0, 0.0, 1.0, 0.6729637351096623, 1.0, 0.0, 0.0, 0.0, 0.0, 0.0, 0.0, 0.0]",180522,170138,N6,accept,0.897142857142857,ts,1400,0
"[0.047619047619047596, -0.047619047619047596, -0.16684045881126172, 0.0, -0.02439024390243908, 0.0, 0.0, 0.0, 1.0, 0.7039418203838728, 1.0, 0.0, 0.0, 0.0, 0.0, 0.0, 0.0, 0.0]",154624,53366,N6,accept,0.3333333333333333,ts,2970,1
"[0.5599999999999999, -0.5599999999999999, 0.0013342228152101116, 0.014035087719298246, 0.03571428571428559, 0.0, 0.0, 0.0, 1.0, 0.9064267245263649, 1.0, 0.0, 0.0, 0.0, 0.0, 0.0, 0.0, 0.0]",104485,114138,N6,accept,0.692,ts,1010,0
"[0.5, -0.5, -0.3, 0.0, 0.0, 0.0, 0.0, 0.0, 1.0, 0.8185495653156272, 1.0, 0.0, 0.0, 0.0, 0.0, 0.0, 0.0, 0.0]",38636,18374,N6,accept,0.6499999999999999,ts,2668,0
"[0.12499999999999988, -0.12499999999999988, -0.4164235097957482, 0.1793103448275862, -0.047619047619047616, 0.0, 0.0, 0.0, 1.0, 0.6244645839381715, 1.0, 0.0, 0.0, 0.0, 0.0, 0.0, 0.0, 0.0]",155856,114737,N6,accept,0.3874999999999999,ts,1167,0
"[0.25, -0.25, -0.24812030075187969, 0.005813953488372093, 0.041666666666666664, 0.0, 0.0, 0.0, 1.0, 0.7476249554836153, 1.0, 0.0, 0.0, 0.0, 0.0, 0.0, 0.0, 0.0]",174773,117045,N6,accept,0.475,ts,580,0
"[0.9099999999999999, -0.9099999999999999, 0.1697722567287784, 0.46153846153846156, 1.0, 0.0, 0.0, 0.0, 1.0, 0.6797063785587136, 1.0, 0.0, 0.0, 0.0, 0.0, 0.0, 0.0, 0.0]",185582,89765,N6,accept,0.9369999999999998,ts,2616,1
"[0.4235294117647059, -0.4235294117647059, 0.0, 0.08139534883720931, 0.07407407407407407, 0.0, 0.0, 0.0, 1.0, 0.8472325715228732, 1.0, 0.0, 0.0, 0.0, 0.0, 0.0, 0.0, 0.0]",104685,169065,N3,dismiss,-0.3,ts,2405,1
"[0.6029411764705882, -0.6029411764705882, 0.1111111111111111, -0.2, -0.44000000000000006, 0.0, 0.0, 0.0, 1.0, 0.7525227377576363, 1.0, 0.0, 0.0, 0.0, 0.0, 0.0, 0.0, 0.0]",167076,155816,N3,dismiss,-0.3,ts,1754,1
"[0.76, -0.76, -0.6571428571428571, -0.051630434782608696, 0.3333333333333333, 0.0, 0.0, 0.0, 1.0, 0.7196330731253922, 1.0, 0.0, 0.0, 0.0, 0.0, 0.0, 0.0, 0.0]",43346,108839,N3,dismiss,-0.3,ts,2252,1
"[0.56, -0.56, 0.047120418848167464, 0.36086956521739133, -0.4, 0.0, 0.0, 0.0, 1.0, 0.7437502917188107, 1.0, 0.0, 0.0, 0.0, 0.0, 0.0, 0.0, 0.0]",146668,169349,N6,accept,0.692,ts,510,0
"[0.7794117647058824, -0.7794117647058824, 0.09698996655518391, 0.9245283018867925, 0.35714285714285715, 0.0, 0.0, 0.0, 1.0, 0.7177712474350142, 1.0, 0.0, 0.0, 0.0, 0.0, 0.0, 0.0, 0.0]",121068,155668,N6,accept,0.8455882352941175,ts,1389,0
"[0.5636363636363637, -0.5636363636363637, 0.21071428571428566, -0.022535211267605635, 1.0, 0.0, 0.0, 0.0, 1.0, 0.7170834252613659, 1.0, 0.0, 0.0, 0.0, 0.0, 0.0, 0.0, 0.0]",123018,108828,N3,dismiss,-0.3,ts,2601,1
"[0.5599999999999999, -0.5599999999999999, 0.08671484157865494, 0.16666666666666666, -0.3181818181818182, 0.0, 0.0, 0.0, 1.0, 0.7764692173315576, 1.0, 0.0, 0.0, 0.0, 0.0, 0.0, 0.0, 0.0]",183166,88363,N6,accept,0.692,ts,1760,1
"[0.17647058823529416, -0.17647058823529416, -0.3181818181818182, 0.0, -0.05999999999999996, 0.0, 0.0, 0.0, 1.0, 0.7035536862962877, 1.0, 0.0, 0.0, 0.0, 0.0, 0.0, 0.0, 0.0]",87406,85440,N6,accept,0.4235294117647059,ts,1240,1
"[0.625, -0.625, 0.07707129094412332, 0.0, 0.0, 0.0, 0.0, 0.0, 1.0, 0.904947839553394, 1.0, 0.0, 0.0, 0.0, 0.0, 0.0, 0.0, 0.0]",16734,16731,N6,accept,0.7375,ts,766,0
"[0.5170454545454546, -0.5170454545454546, 0.0, 0.09615384615384616, 0.07999999999999999, 0.0, 0.0, 0.0, 1.0, 0.8641184121191714, 1.0, 0.0, 0.0, 0.0, 0.0, 0.0, 0.0, 0.0]",74187,87407,N6,accept,0.6619318181818181,ts,692,1
"[0.14, -0.14, -0.12400000000000005, 0.05263157894736842, -0.1, 0.0, 0.0, 0.0, 1.0, 0.7156363704875062, 1.0, 0.0, 0.0, 0.0, 0.0, 0.0, 0.0, 0.0]",174942,69993,N6,accept,0.398,ts,1945,0
"[0.296, -0.296, -0.5364546104360257, -0.042735042735042736, 0.30434782608695654, 0.0, 0.0, 0.0, 1.0, 0.6419621496973771, 1.0, 0.0, 0.0, 0.0, 0.0, 0.0, 0.0, 0.0]",88671,107554,N6,accept,0.5072,ts,1480,1
"[0.18918918918918928, -0.18918918918918928, 0.0, 0.14984709480122324, -0.14285714285714285, 0.0, 0.0, 0.0, 1.0, 0.7429791721600478, 1.0, 0.0, 0.0, 0.0, 0.0, 0.0, 0.0, 0.0]",63923,63878,N6,accept,0.43243243243243246,ts,412,1
"[0.18154761904761904, -0.18154761904761904, -0.2720901126408011, 0.0, 0.0, 0.0, 0.0, 0.0, 1.0, 0.7325093646379542, 1.0, 0.0, 0.0, 0.0, 0.0, 0.0, 0.0, 0.0]",16679,85069,N6,accept,0.4270833333333333,ts,2004,1
"[0.09090909090909098, -0.09090909090909098, 0.0, 0.008695652173913044, 0.15384615384615385, 0.0, 0.0, 0.0, 1.0, 0.7415662415822932, 1.0, 0.0, 0.0, 0.0, 0.0, 0.0, 0.0, 0.0]",43134,117105,N6,accept,0.36363636363636365,ts,948,1
"[0.45, -0.45, -0.3941229930324144, 1.0, -0.4782608695652174, 0.0, 0.0, 0.0, 1.0, 0.556924371559757, 1.0, 0.0, 0.0, 0.0, 0.0, 0.0, 0.0, 0.0]",120787,169349,N6,accept,0.615,ts,904,0
"[0.7843137254901961, -0.7843137254901961, 0.17994100294985255, 1.0, -0.6363636363636364, 0.0, 0.0, 0.0, 1.0, 0.6485163998686077, 1.0, 0.0, 0.0, 0.0, 0.0, 0.0, 0.0, 0.0]",120916,169349,N6,accept,0.8490196078431371,ts,1287,0
"[0.5367647058823529, -0.5367647058823529, -0.08070175438596489, 0.66, 0.18000000000000002, 0.0, 0.0, 0.0, 1.0, 0.7316375799157532, 1.0, 0.0, 0.0, 0.0, 0.0, 0.0, 0.0, 0.0]",85443,122721,N3,dismiss,-0.3,ts,802,1
"[0.3333333333333333, -0.3333333333333333, -0.5264684554024656, 0.0, 0.0, 0.0, 0.0, 0.0, 1.0, 0.7353115934875609, 1.0, 0.0, 0.0, 0.0, 0.0, 0.0, 0.0, 0.0]",141749,63859,N6,accept,0.5333333333333333,ts,1179,1
"[0.25000000000000006, -0.25000000000000006, -0.09111617312072894, 0.1, -0.059999999999999984, 0.0, 0.0, 0.0, 1.0, 0.7621185638122803, 1.0, 0.0, 0.0, 0.0, 0.0, 0.0, 0.0, 0.0]",30785,110598,N6,accept,0.475,ts,2740,0
"[0.0555555555555556, -0.0555555555555556, -0.05649999999999995, -0.32608695652173914, -0.15999999999999998, 0.0, 0.0, 0.0, 1.0, 0.6364745482894184, 1.0, 0.0, 0.0, 0.0, 0.0, 0.0, 0.0, 0.0]",155815,79359,N6,accept,0.3388888888888889,ts,1493,0
"[0.2800000000000001, -0.2800000000000001, -0.06526468455402455, 0.0, 0.0, 0.0, 0.0, 0.0, 1.0, 0.824758751469044, 1.0, 0.0, 0.0, 0.0, 0.0, 0.0, 0.0, 0.0]",141766,90178,N6,accept,0.496,ts,1385,1
"[0.8571428571428572, -0.8571428571428572, 0.05800000000000001, 0.054901960784313725, 0.0, 0.0, 0.0, 0.0, 1.0, 0.9269965060246893, 1.0, 0.0, 0.0, 0.0, 0.0, 0.0, 0.0, 0.0]",116982,117003,N3,dismiss,-0.3,ts,2433,1
"[0.12499999999999988, -0.12499999999999988, -0.06666666666666667, 0.4132231404958678, 0.0, 0.0, 0.0, 0.0, 1.0, 0.6870082097314609, 1.0, 0.0, 0.0, 0.0, 0.0, 0.0, 0.0, 0.0]",63222,114737,N3,dismiss,-0.3,ts,1000,1
"[0.5599999999999999, -0.5599999999999999, -0.4518842530282638, -0.01837270341207349, 0.06666666666666667, 0.0, 0.0, 0.0, 1.0, 0.7783245667803631, 1.0, 0.0, 0.0, 0.0, 0.0, 0.0, 0.0, 0.0]",106764,162740,N6,accept,0.692,ts,1895,1
"[0.5636363636363637, -0.5636363636363637, 0.23355263157894735, 0.011594202898550725, 0.6666666666666666, 0.0, 0.0, 0.0, 1.0, 0.7336359872815107, 1.0, 0.0, 0.0, 0.0, 0.0, 0.0, 0.0, 0.0]",123021,107563,N6,accept,0.6945454545454546,ts,1100,1
"[0.20000000000000007, -0.20000000000000007, -0.20398009950248752, -0.03064066852367688, -0.04, 0.0, 0.0, 0.0, 1.0, 0.7353804625909484, 1.0, 0.0, 0.0, 0.0, 0.0, 0.0, 0.0, 0.0]",43347,32065,N6,accept,0.44000000000000006,ts,1743,1
"[0.3636363636363637, -0.3636363636363637, 0.0, 0.0, 0.0, 0.0, 0.0, 0.0, 1.0, 0.8742764353476687, 1.0, 0.0, 0.0, 0.0, 0.0, 0.0, 0.0, 0.0]",123054,123174,N6,accept,0.5545454545454546,ts,2011,0
"[0.11999999999999993, -0.11999999999999993, -0.4177984274481773, 0.06552706552706553, -0.30434782608695654, 0.0, 0.0, 0.0, 1.0, 0.5944278878915169, 1.0, 0.0, 0.0, 0.0, 0.0, 0.0, 0.0, 0.0]",88671,162740,N3,dismiss,-0.3,ts,1030,1
"[0.4478527607361963, -0.4478527607361963, -0.6014828544949027, -0.022222222222222223, -0.012658227848101333, 0.0, 0.0, 0.0, 1.0, 0.7463272101226157, 1.0, 0.0, 0.0, 0.0, 0.0, 0.0, 0.0, 0.0]",15663,105899,N6,accept,0.6134969325153374,ts,2423,1
"[0.32919254658385094, -0.32919254658385094, 0.0, -0.17801047120418848, -0.2631578947368421, 0.0, 0.0, 0.0, 1.0, 0.757989917414392, 1.0, 0.0, 0.0, 0.0, 0.0, 0.0, 0.0, 0.0]",103705,145523,N6,accept,0.5304347826086957,ts,2032,0
"[0.1200000000000001, -0.1200000000000001, 0.1455847255369929, -0.07120743034055728, 0.14000000000000004, 0.0, 0.0, 0.0, 1.0, 0.687454790909646, 1.0, 0.0, 0.0, 0.0, 0.0, 0.0, 0.0, 0.0]",57279,59424,N6,accept,0.38400000000000006,ts,1960,1
"[0.16666666666666666, -0.16666666666666666, -0.05714285714285714, 1.0, -0.16000000000000006, 0.0, 0.0, 0.0, 1.0, 0.6083744677491859, 1.0, 0.0, 0.0, 0.0, 0.0, 0.0, 0.0, 0.0]",39888,19594,N6,accept,0.41666666666666663,ts,2270,1
"[0.5636363636363637, -0.5636363636363637, -0.17799999999999994, -0.014124293785310734, 0.5384615384615384, 0.0, 0.0, 0.0, 1.0, 0.7591846700306404, 1.0, 0.0, 0.0, 0.0, 0.0, 0.0, 0.0, 0.0]",108842,108839,N3,dismiss,-0.3,ts,1087,1
"[0.20000000000000007, -0.20000000000000007, -0.23388888888888892, 1.0, 1.0, 0.0, 0.0, 0.0, 1.0, 0.45422491495165007, 1.0, 0.0, 0.0, 0.0, 0.0, 0.0, 0.0, 0.0]",38174,141744,N3,accept,0.44000000000000006,ts,1712,1
"[0.36000000000000004, -0.36000000000000004, -0.4794794794794795, -0.5260869565217391, 0.3684210526315789, 0.0, 0.0, 0.0, 1.0, 0.5740754538673325, 1.0, 0.0, 0.0, 0.0, 0.0, 0.0, 0.0, 0.0]",191335,169893,N3,dismiss,-0.3,ts,1318,1
"[0.09090909090909098, -0.09090909090909098, -0.4600811907983762, -0.10182767624020887, -0.07692307692307693, 0.0, 0.0, 0.0, 1.0, 0.6145441364853682, 1.0, 0.0, 0.0, 0.0, 0.0, 0.0, 0.0, 0.0]",30022,174772,N6,accept,0.36363636363636365,ts,2972,1
"[0.6818181818181819, -0.6818181818181819, 0.024324324324324288, 0.02821316614420063, -0.65, 0.0, 0.0, 0.0, 1.0, 0.8158970926015877, 1.0, 0.0, 0.0, 0.0, 0.0, 0.0, 0.0, 0.0]",130294,49086,N6,accept,0.7772727272727273,ts,2371,0
"[0.8714285714285714, -0.8714285714285714, -0.15512820512820505, 0.16022099447513813, 0.7222222222222222, 0.0, 0.0, 0.0, 1.0, 0.7567952415809388, 1.0, 0.0, 0.0, 0.0, 0.0, 0.0, 0.0, 0.0]",146678,170138,N6,accept,0.9099999999999999,ts,592,0
"[0.1666666666666667, -0.1666666666666667, -0.13333333333333333, -0.04, -0.039999999999999994, 0.0, 0.0, 0.0, 1.0, 0.7413502371898478, 1.0, 0.0, 0.0, 0.0, 0.0, 0.0, 0.0, 0.0]",40383,156539,N6,accept,0.4166666666666667,ts,2783,0
"[0.30555555555555547, -0.30555555555555547, 0.06982156710628383, 0.0, 0.0, 0.0, 0.0, 0.0, 1.0, 0.831114921740408, 1.0, 0.0, 0.0, 0.0, 0.0, 0.0, 0.0, 0.0]",90178,141765,N6,accept,0.5138888888888888,ts,2101,1
"[0.14285714285714288, -0.14285714285714288, 0.2002503128911139, 0.9813084112149533, -0.15, 0.0, 0.0, 0.0, 1.0, 0.5689594320135174, 1.0, 0.0, 0.0, 0.0, 0.0, 0.0, 0.0, 0.0]",78135,55882,N3,dismiss,-0.3,ts,1544,1
"[0.6666666666666667, -0.6666666666666667, -0.10465116279069774, 1.0, 1.0, 0.0, 0.0, 0.0, 1.0, 0.6038630385693293, 1.0, 0.0, 0.0, 0.0, 0.0, 0.0, 0.0, 0.0]",147349,63878,N6,accept,0.7666666666666666,ts,966,1
"[0.3333333333333333, -0.3333333333333333, -0.36, -0.8966666666666666, -0.9090909090909091, 0.0, 0.0, 0.0, 1.0, 0.5121885165285073, 1.0, 0.0, 0.0, 0.0, 0.0, 0.0, 0.0, 0.0]",41388,40998,N3,dismiss,-0.3,ts,1545,1
"[0.3647540983606557, -0.3647540983606557, -0.1564647095565272, 0.011267605633802818, 0.0, 0.0, 0.0, 0.0, 1.0, 0.8175095715905534, 1.0, 0.0, 0.0, 0.0, 0.0, 0.0, 0.0, 0.0]",41679,85287,N6,accept,0.555327868852459,ts,2809,1
"[0.64, -0.64, -0.3215400624349636, 0.6818181818181818, -0.4600000000000001, 0.0, 0.0, 0.0, 1.0, 0.6393406062349359, 1.0, 0.0, 0.0, 0.0, 0.0, 0.0, 0.0, 0.0]",191662,128279,N6,accept,0.748,ts,1128,0
"[0.8611111111111112, -0.8611111111111112, -0.004983388704319008, 1.0, 1.0, 0.0, 0.0, 0.0, 1.0, 0.6647496719653584, 1.0, 0.0, 0.0, 0.0, 0.0, 0.0, 0.0, 0.0]",147349,16729,N6,accept,0.9027777777777777,ts,1910,1
"[0.4583333333333333, -0.4583333333333333, -0.1433260393873086, 0.22, 0.24000000000000005, 0.0, 0.0, 0.0, 1.0, 0.7386709394486253, 1.0, 0.0, 0.0, 0.0, 0.0, 0.0, 0.0, 0.0]",151789,123325,N6,accept,0.6208333333333333,ts,2625,0
"[0.7066666666666667, -0.7066666666666667, -0.08883826879271067, 1.0, -0.25, 0.0, 0.0, 0.0, 1.0, 0.7175078175163225, 1.0, 0.0, 0.0, 0.0, 0.0, 0.0, 0.0, 0.0]",128254,169349,N6,accept,0.7946666666666666,ts,947,1
"[0.46428571428571425, -0.46428571428571425, 0.15714899098325463, -0.05, -0.17272727272727276, 0.0, 0.0, 0.0, 1.0, 0.7884946537760977, 1.0, 0.0, 0.0, 0.0, 0.0, 0.0, 0.0, 0.0]",141736,63943,N6,accept,0.625,ts,429,0
"[0.6785714285714286, -0.6785714285714286, -0.06094182825484772, 0.10465116279069768, -0.20689655172413793, 0.0, 0.0, 0.0, 1.0, 0.8401414992281117, 1.0, 0.0, 0.0, 0.0, 0.0, 0.0, 0.0, 0.0]",123439,89765,N6,accept,0.7749999999999999,ts,641,0
"[0.4432989690721649, -0.4432989690721649, -0.2631578947368421, -0.08454810495626822, -0.46153846153846156, 0.0, 0.0, 0.0, 1.0, 0.6998256490951412, 1.0, 0.0, 0.0, 0.0, 0.0, 0.0, 0.0, 0.0]",104962,145523,N6,accept,0.6103092783505154,ts,768,0
"[0.14, -0.14, -0.44627054361567636, 0.0, 0.0, 0.0, 0.0, 0.0, 1.0, 0.6836643380059366, 1.0, 0.0, 0.0, 0.0, 0.0, 0.0, 0.0, 0.0]",72622,69993,N6,accept,0.398,ts,411,0
"[0.5636363636363637, -0.5636363636363637, -0.3181818181818182, 0.10826210826210826, 0.7142857142857143, 0.0, 0.0, 0.0, 1.0, 0.684759117069591, 1.0, 0.0, 0.0, 0.0, 0.0, 0.0, 0.0, 0.0]",151838,107588,N6,accept,0.6945454545454546,ts,2202,1
"[0.13333333333333328, -0.13333333333333328, -0.09600443951165374, -0.13846153846153847, -0.07999999999999999, 0.0, 0.0, 0.0, 1.0, 0.7059422282078749, 1.0, 0.0, 0.0, 0.0, 0.0, 0.0, 0.0, 0.0]",83435,143094,N6,accept,0.39333333333333326,ts,2558,1
"[0.1111111111111112, -0.1111111111111112, -0.5616605616605617, 0.16342412451361868, 0.3, 0.0, 0.0, 0.0, 1.0, 0.5468254204401923, 1.0, 0.0, 0.0, 0.0, 0.0, 0.0, 0.0, 0.0]",130292,174765,N6,accept,0.3777777777777778,ts,1277,0
"[0.75, -0.75, 0.0, 0.0, 0.0, 0.0, 0.0, 0.0, 1.0, 0.9523252675504453, 1.0, 0.0, 0.0, 0.0, 0.0, 0.0, 0.0, 0.0]",38239,56398,N6,accept,0.825,ts,966,0
"[0.22000000000000006, -0.22000000000000006, -0.2748368382886149, 0.0, 0.0, 0.0, 0.0, 0.0, 1.0, 0.7450578168936005, 1.0, 0.0, 0.0, 0.0, 0.0, 0.0, 0.0, 0.0]",141766,93850,N6,accept,0.454,ts,515,0
"[0.12162162162162155, -0.12162162162162155, 0.14842300556586271, -0.06303724928366762, -0.2, 0.0, 0.0, 0.0, 1.0, 0.6765208549881594, 1.0, 0.0, 0.0, 0.0, 0.0, 0.0, 0.0, 0.0]",63922,63891,N6,accept,0.3851351351351351,ts,2143,1
"[0.06086956521739117, -0.06086956521739117, 0.1509433962264151, -0.002849002849002849, 0.07142857142857142, 0.0, 0.0, 0.0, 1.0, 0.6998266361785278, 1.0, 0.0, 0.0, 0.0, 0.0, 0.0, 0.0, 0.0]",39517,15687,N6,accept,0.3426086956521738,ts,2967,0
"[0.07692307692307684, -0.07692307692307684, 0.0, 0.12169312169312169, 0.0, 0.0, 0.0, 0.0, 1.0, 0.7463141143425299, 1.0, 0.0, 0.0, 0.0, 0.0, 0.0, 0.0, 0.0]",115242,55882,N3,dismiss,-0.3,ts,2389,1
"[0.14285714285714285, -0.14285714285714285, -0.13156752062527144, -0.05190311418685121, 0.36363636363636365, 0.0, 0.0, 0.0, 1.0, 0.6641876162143715, 1.0, 0.0, 0.0, 0.0, 0.0, 0.0, 0.0, 0.0]",110153,115289,N6,accept,0.39999999999999997,ts,480,0
"[0.18750000000000003, -0.18750000000000003, -0.11764705882352941, 1.0, 0.44000000000000006, 0.0, 0.0, 0.0, 1.0, 0.5428990649558223, 1.0, 0.0, 0.0, 0.0, 0.0, 0.0, 0.0, 0.0]",18334,131606,N6,accept,0.43125,ts,2798,1
"[0.1666666666666667, -0.1666666666666667, 0.07142857142857142, -0.5081967213114754, 0.06000000000000001, 0.0, 0.0, 0.0, 1.0, 0.6719279802353277, 1.0, 0.0, 0.0, 0.0, 0.0, 0.0, 0.0, 0.0]",118798,71728,N6,accept,0.4166666666666667,ts,2705,1
"[0.4545454545454546, -0.4545454545454546, -0.31499999999999995, 0.0028735632183908046, 0.6666666666666666, 0.0, 0.0, 0.0, 1.0, 0.6933733676729809, 1.0, 0.0, 0.0, 0.0, 0.0, 0.0, 0.0, 0.0]",31966,108839,N6,accept,0.6181818181818182,ts,1421,0
"[0.25, -0.25, -0.316628701594533, 0.02976190476190476, 0.20192307692307687, 0.0, 0.0, 0.0, 1.0, 0.6872552925450732, 1.0, 0.0, 0.0, 0.0, 0.0, 0.0, 0.0, 0.0]",117146,117045,N6,accept,0.475,ts,1697,0
"[0.047619047619047505, -0.047619047619047505, 0.0, 0.0, 0.0, 0.0, 0.0, 0.0, 1.0, 0.7678268354169857, 1.0, 0.0, 0.0, 0.0, 0.0, 0.0, 0.0, 0.0]",111106,85228,N6,accept,0.33333333333333326,ts,1446,1
"[0.9074285714285715, -0.9074285714285715, 0.006926952141057898, -0.06338028169014084, -0.3157894736842105, 0.0, 0.0, 0.0, 1.0, 0.8783172077941633, 1.0, 0.0, 0.0, 0.0, 0.0, 0.0, 0.0, 0.0]",89666,128247,N6,accept,0.9352,ts,555,0
"[0.19999999999999998, -0.19999999999999998, -0.08869814020028616, 0.001579778830963665, 0.0, 0.0, 0.0, 0.0, 1.0, 0.7898445383035263, 1.0, 0.0, 0.0, 0.0, 0.0, 0.0, 0.0, 0.0]",19708,19715,N6,accept,0.43999999999999995,ts,2849,0
"[0.15999999999999998, -0.15999999999999998, 0.03777501037775011, 0.7087378640776699, 0.2105263157894737, 0.0, 0.0, 0.0, 1.0, 0.629122681326625, 1.0, 0.0, 0.0, 0.0, 0.0, 0.0, 0.0, 0.0]",59415,15171,N6,accept,0.412,ts,2882,0
"[0.31034482758620696, -0.31034482758620696, -0.7581317764804003, -0.9132947976878613, -0.8941176470588235, 0.0, 0.0, 0.0, 1.0, 0.45178117677251567, 1.0, 0.0, 0.0, 0.0, 0.0, 0.0, 0.0, 0.0]",64502,70828,N6,accept,0.5172413793103449,ts,1559,1
"[0.5454545454545454, -0.5454545454545454, -0.008000000000000007, -0.8403908794788274, -0.5, 0.0, 0.0, 0.0, 1.0, 0.6984613948531551, 1.0, 0.0, 0.0, 0.0, 0.0, 0.0, 0.0, 0.0]",69980,94324,N6,accept,0.6818181818181818,ts,504,0
"[0.10000000000000009, -0.10000000000000009, -0.2588235294117647, -0.975, -0.52, 0.0, 0.0, 0.0, 1.0, 0.48076478481180795, 1.0, 0.0, 0.0, 0.0, 0.0, 0.0, 0.0, 0.0]",91074,16650,N3,dismiss,-0.3,ts,665,1
"[0.06666666666666654, -0.06666666666666654, -0.026350461133069828, -0.14246575342465753, -0.13636363636363635, 0.0, 0.0, 0.0, 1.0, 0.6916546600964453, 1.0, 0.0, 0.0, 0.0, 0.0, 0.0, 0.0, 0.0]",141844,16911,N6,accept,0.34666666666666657,ts,2697,0
"[0.25, -0.25, -0.46332737030411447, -0.10824742268041238, 0.19047619047619047, 0.0, 0.0, 0.0, 1.0, 0.6420465769124615, 1.0, 0.0, 0.0, 0.0, 0.0, 0.0, 0.0, 0.0]",16906,117045,N6,accept,0.475,ts,1489,0
"[0.7531428571428572, -0.7531428571428572, -0.05604534005037787, 0.028169014084507043, -0.21052631578947367, 0.0, 0.0, 0.0, 1.0, 0.8717592703986687, 1.0, 0.0, 0.0, 0.0, 0.0, 0.0, 0.0, 0.0]",89666,128284,N6,accept,0.8271999999999999,ts,1333,0
"[0.25, -0.25, -0.316628701594533, -0.011428571428571429, 0.13636363636363635, 0.0, 0.0, 0.0, 1.0, 0.7065666744509789, 1.0, 0.0, 0.0, 0.0, 0.0, 0.0, 0.0, 0.0]",117111,117045,N6,accept,0.475,ts,2512,0
"[0.375, -0.375, -0.3021510755377689, -0.396011396011396, -0.25, 0.0, 0.0, 0.0, 1.0, 0.6456673732366522, 1.0, 0.0, 0.0, 0.0, 0.0, 0.0, 0.0, 0.0]",182867,84871,N6,accept,0.5625,ts,2835,1
"[0.33333333333333337, -0.33333333333333337, -0.04368673415023976, 0.4751131221719457, 0.25, 0.0, 0.0, 0.0, 1.0, 0.6977738805226098, 1.0, 0.0, 0.0, 0.0, 0.0, 0.0, 0.0, 0.0]",104466,155669,N6,accept,0.5333333333333333,ts,2041,0
"[0.5, -0.5, -0.28716461203770843, 0.0, 0.0, 0.0, 0.0, 0.0, 1.0, 0.8214037269579653, 1.0, 0.0, 0.0, 0.0, 0.0, 0.0, 0.0, 0.0]",141748,90177,N6,accept,0.6499999999999999,ts,796,1
"[0.14, -0.14, -0.323238566131026, 0.0, 0.0, 0.0, 0.0, 0.0, 1.0, 0.7065192485809642, 1.0, 0.0, 0.0, 0.0, 0.0, 0.0, 0.0, 0.0]",74215,69993,N6,accept,0.398,ts,1509,0
"[0.06666666666666664, -0.06666666666666664, 0.19471488178025034, 0.052434456928838954, -0.06666666666666667, 0.0, 0.0, 0.0, 1.0, 0.6767479924911965, 1.0, 0.0, 0.0, 0.0, 0.0, 0.0, 0.0, 0.0]",128242,84577,N6,accept,0.3466666666666666,ts,1327,1
"[0.11999999999999993, -0.11999999999999993, -0.051999999999999956, 0.002824858757062147, -0.07692307692307693, 0.0, 0.0, 0.0, 1.0, 0.752530796206604, 1.0, 0.0, 0.0, 0.0, 0.0, 0.0, 0.0, 0.0]",108827,109410,N6,accept,0.38399999999999995,ts,2141,1
"[0.010909090909090839, -0.010909090909090839, -0.7835593220338983, -0.14285714285714285, -0.08333333333333333, 0.0, 0.0, 0.0, 1.0, 0.5355134964909132, 1.0, 0.0, 0.0, 0.0, 0.0, 0.0, 0.0, 0.0]",51122,115323,N6,accept,0.3076363636363636,ts,1457,0
"[0.7714285714285714, -0.7714285714285714, -0.594927536231884, -0.34951456310679613, -0.6916666666666668, 0.0, 0.0, 0.0, 1.0, 0.6280510660329364, 1.0, 0.0, 0.0, 0.0, 0.0, 0.0, 0.0, 0.0]",54732,54927,N6,accept,0.8399999999999999,ts,935,0
"[0.1666666666666667, -0.1666666666666667, 0.0, 0.3, 0.22000000000000003, 0.0, 0.0, 0.0, 1.0, 0.6901568741775026, 1.0, 0.0, 0.0, 0.0, 0.0, 0.0, 0.0, 0.0]",41286,61090,N6,accept,0.4166666666666667,ts,1584,0
"[0.20000000000000007, -0.20000000000000007, -0.07166556071665561, 0.005698005698005698, 0.07142857142857142, 0.0, 0.0, 0.0, 1.0, 0.7744535627634775, 1.0, 0.0, 0.0, 0.0, 0.0, 0.0, 0.0, 0.0]",43335,88669,N6,accept,0.44000000000000006,ts,1337,1
"[0.6428571428571428, -0.6428571428571428, 0.08548812664907657, 0.006920415224913495, 0.0, 0.0, 0.0, 0.0, 1.0, 0.9030521017588727, 1.0, 0.0, 0.0, 0.0, 0.0, 0.0, 0.0, 0.0]",105432,29663,N6,accept,0.7499999999999999,ts,2142,0
"[0.20000000000000007, -0.20000000000000007, -0.5250569476082004, -0.0584958217270195, 0.0, 0.0, 0.0, 0.0, 1.0, 0.6762466262000264, 1.0, 0.0, 0.0, 0.0, 0.0, 0.0, 0.0, 0.0]",67082,108746,N6,accept,0.44000000000000006,ts,2801,1
"[0.25, -0.25, 0.0, 0.0, 0.0, 0.0, 0.0, 0.0, 1.0, 0.8395893495876965, 1.0, 0.0, 0.0, 0.0, 0.0, 0.0, 0.0, 0.0]",116977,117045,N6,accept,0.475,ts,1653,0
"[0.24324324324324328, -0.24324324324324328, -0.6781002638522428, -0.2677165354330709, -0.1578947368421053, 0.0, 0.0, 0.0, 1.0, 0.5860948410844389, 1.0, 0.0, 0.0, 0.0, 0.0, 0.0, 0.0, 0.0]",31679,85446,N6,accept,0.47027027027027024,ts,2371,1
"[0.35947712418300654, -0.35947712418300654, -0.3993333333333334, 0.10955056179775281, -0.16666666666666666, 0.0, 0.0, 0.0, 1.0, 0.6910499737016086, 1.0, 0.0, 0.0, 0.0, 0.0, 0.0, 0.0, 0.0]",138518,155693,N6,accept,0.5516339869281046,ts,2363,1
"[0.07692307692307684, -0.07692307692307684, 0.1430274135876043, -0.027777777777777776, 0.14285714285714285, 0.0, 0.0, 0.0, 1.0, 0.683578616246751, 1.0, 0.0, 0.0, 0.0, 0.0, 0.0, 0.0, 0.0]",78130,56248,N6,accept,0.35384615384615375,ts,963,1
"[0.56, -0.56, -0.0009990009990009777, 0.5495049504950495, -0.4, 0.0, 0.0, 0.0, 1.0, 0.7384325320464852, 1.0, 0.0, 0.0, 0.0, 0.0, 0.0, 0.0, 0.0]",170191,169349,N6,accept,0.692,ts,549,0
"[0.11111111111111115, -0.11111111111111115, -0.6376811594202898, 0.17475728155339806, 0.016666666666666607, 0.0, 0.0, 0.0, 1.0, 0.5979880051484318, 1.0, 0.0, 0.0, 0.0, 0.0, 0.0, 0.0, 0.0]",54732,81542,N6,accept,0.37777777777777777,ts,1434,1
"[0.5, -0.5, 0.13333333333333333, 0.0, 0.0, 0.0, 0.0, 0.0, 1.0, 0.8619729057697516, 1.0, 0.0, 0.0, 0.0, 0.0, 0.0, 0.0, 0.0]",135728,18435,N6,accept,0.6499999999999999,ts,1234,0
"[0.4444444444444445, -0.4444444444444445, 0.07079646017699111, -0.703125, -0.58, 0.0, 0.0, 0.0, 1.0, 0.6530726482238095, 1.0, 0.0, 0.0, 0.0, 0.0, 0.0, 0.0, 0.0]",169352,132873,N6,accept,0.6111111111111112,ts,2826,0
"[0.09999999999999996, -0.09999999999999996, 0.0, -0.1005586592178771, 0.0, 0.0, 0.0, 0.0, 1.0, 0.7598937305521247, 1.0, 0.0, 0.0, 0.0, 0.0, 0.0, 0.0, 0.0]",127521,108202,N6,accept,0.36999999999999994,ts,1018,0
"[0.06666666666666672, -0.06666666666666672, 0.0, 0.16532258064516128, -0.14285714285714285, 0.0, 0.0, 0.0, 1.0, 0.6954076018059581, 1.0, 0.0, 0.0, 0.0, 0.0, 0.0, 0.0, 0.0]",89593,105432,N6,accept,0.3466666666666667,ts,523,1
"[0.2380952380952381, -0.2380952380952381, -0.1721428571428571, -0.2979591836734694, 0.1111111111111111, 0.0, 0.0, 0.0, 1.0, 0.6801880575519375, 1.0, 0.0, 0.0, 0.0, 0.0, 0.0, 0.0, 0.0]",166142,73628,N6,accept,0.4666666666666667,ts,1106,1
"[0.14, -0.14, -0.31562500000000004, 0.030303030303030304, 0.0, 0.0, 0.0, 0.0, 1.0, 0.6993060113850216, 1.0, 0.0, 0.0, 0.0, 0.0, 0.0, 0.0, 0.0]",106755,69993,N6,accept,0.398,ts,1904,0
"[0.3333333333333333, -0.3333333333333333, -0.3076923076923077, -0.7, -0.6599999999999999, 0.0, 0.0, 0.0, 1.0, 0.5506757284984278, 1.0, 0.0, 0.0, 0.0, 0.0, 0.0, 0.0, 0.0]",156353,39764,N6,accept,0.5333333333333333,ts,2160,1
"[0.5636363636363637, -0.5636363636363637, -0.22954545454545458, -0.011396011396011397, 0.5714285714285714, 0.0, 0.0, 0.0, 1.0, 0.7429992451003153, 1.0, 0.0, 0.0, 0.0, 0.0, 0.0, 0.0, 0.0]",162723,108828,N6,accept,0.6945454545454546,ts,1605,0
"[0.5454545454545455, -0.5454545454545455, -0.34353018158023885, 0.0, 0.0, 0.0, 0.0, 0.0, 1.0, 0.8191303026203585, 1.0, 0.0, 0.0, 0.0, 0.0, 0.0, 0.0, 0.0]",54334,54345,N6,accept,0.6818181818181819,ts,2588,1
"[0.12499999999999988, -0.12499999999999988, -0.06666666666666667, 0.4132231404958678, 0.0, 0.0, 0.0, 0.0, 1.0, 0.6870082097314609, 1.0, 0.0, 0.0, 0.0, 0.0, 0.0, 0.0, 0.0]",63222,114737,N6,accept,0.3874999999999999,ts,1052,0
"[0.692, -0.692, 0.07598566308243732, 0.10727969348659004, 0.03571428571428559, 0.0, 0.0, 0.0, 1.0, 0.8767707971153142, 1.0, 0.0, 0.0, 0.0, 0.0, 0.0, 0.0, 0.0]",81449,114138,N6,accept,0.7844,ts,463,0
"[0.6333333333333334, -0.6333333333333334, -0.2992992992992993, -0.15270935960591134, 0.2857142857142857, 0.0, 0.0, 0.0, 1.0, 0.7400919559429552, 1.0, 0.0, 0.0, 0.0, 0.0, 0.0, 0.0, 0.0]",47180,169335,N6,accept,0.7433333333333334,ts,2261,0
"[0.5636363636363637, -0.5636363636363637, -0.5, -0.011396011396011397, 0.5714285714285714, 0.0, 0.0, 0.0, 1.0, 0.6902035732005655, 1.0, 0.0, 0.0, 0.0, 0.0, 0.0, 0.0, 0.0]",15534,107659,N6,accept,0.6945454545454546,ts,1957,1
"[0.8151260504201681, -0.8151260504201681, -0.42857142857142855, 1.0, -0.52, 0.0, 0.0, 0.0, 1.0, 0.6073227460427238, 1.0, 0.0, 0.0, 0.0, 0.0, 0.0, 0.0, 0.0]",104682,169349,N6,accept,0.8705882352941177,ts,2741,0
"[0.14, -0.14, -0.02666666666666673, 0.0625, -0.1, 0.0, 0.0, 0.0, 1.0, 0.7465385609804288, 1.0, 0.0, 0.0, 0.0, 0.0, 0.0, 0.0, 0.0]",141632,69993,N6,accept,0.398,ts,698,0
"[0.8133333333333334, -0.8133333333333334, -0.050125313283208024, 0.18840579710144928, -0.51, 0.0, 0.0, 0.0, 1.0, 0.7978317164661386, 1.0, 0.0, 0.0, 0.0, 0.0, 0.0, 0.0, 0.0]",48996,49086,N6,accept,0.8693333333333333,ts,1774,0
"[0.3636363636363637, -0.3636363636363637, 0.0, 0.061046511627906974, 0.0, 0.0, 0.0, 0.0, 1.0, 0.8570363402900383, 1.0, 0.0, 0.0, 0.0, 0.0, 0.0, 0.0, 0.0]",123210,123174,N3,dismiss,-0.3,ts,965,1
"[0.8571428571428572, -0.8571428571428572, -0.05673758865248227, 0.1288888888888889, -0.6617647058823529, 0.0, 0.0, 0.0, 1.0, 0.7988894224814327, 1.0, 0.0, 0.0, 0.0, 0.0, 0.0, 0.0, 0.0]",48746,54392,N6,accept,0.8999999999999999,ts,2193,1
"[0.3636363636363637, -0.3636363636363637, -0.0003316749585405642, -0.03038674033149171, 0.2727272727272727, 0.0, 0.0, 0.0, 1.0, 0.8022360079613046, 1.0, 0.0, 0.0, 0.0, 0.0, 0.0, 0.0, 0.0]",174793,74278,N6,accept,0.5545454545454546,ts,1781,1
"[0.4583333333333333, -0.4583333333333333, -0.3461377870563674, 0.02, 0.07999999999999999, 0.0, 0.0, 0.0, 1.0, 0.7711205717282401, 1.0, 0.0, 0.0, 0.0, 0.0, 0.0, 0.0, 0.0]",141805,123325,N6,accept,0.6208333333333333,ts,2123,1
"[0.41176470588235287, -0.41176470588235287, -0.10614525139664797, 0.12, 0.24, 0.0, 0.0, 0.0, 1.0, 0.7599295455936875, 1.0, 0.0, 0.0, 0.0, 0.0, 0.0, 0.0, 0.0]",63626,58615,N6,accept,0.588235294117647,ts,1518,0
"[0.22666666666666668, -0.22666666666666668, -0.5995995995995996, 0.0, 0.0, 0.0, 0.0, 0.0, 1.0, 0.6921564497180331, 1.0, 0.0, 0.0, 0.0, 0.0, 0.0, 0.0, 0.0]",71092,40258,N6,accept,0.45866666666666667,ts,559,0
"[0.44, -0.44, -0.3220035778175313, 0.09333333333333334, -0.5545454545454546, 0.0, 0.0, 0.0, 1.0, 0.6735644390777678, 1.0, 0.0, 0.0, 0.0, 0.0, 0.0, 0.0, 0.0]",16728,49086,N6,accept,0.608,ts,1429,1
"[0.2, -0.2, -0.3158168574401664, 0.6727272727272727, -0.08000000000000007, 0.0, 0.0, 0.0, 1.0, 0.5960573992464695, 1.0, 0.0, 0.0, 0.0, 0.0, 0.0, 0.0, 0.0]",191662,85163,N6,accept,0.43999999999999995,ts,2947,1
"[0.1428571428571428, -0.1428571428571428, 0.2, -0.3, -0.22000000000000003, 0.0, 0.0, 0.0, 1.0, 0.6157574613939959, 1.0, 0.0, 0.0, 0.0, 0.0, 0.0, 0.0, 0.0]",29449,41286,N6,accept,0.3999999999999999,ts,449,1
"[0.0769230769230768, -0.0769230769230768, 0.2, -0.75, -0.44000000000000006, 0.0, 0.0, 0.0, 1.0, 0.5084697864372832, 1.0, 0.0, 0.0, 0.0, 0.0, 0.0, 0.0, 0.0]",131606,81128,N6,accept,0.35384615384615375,ts,412,0
"[0.6512820512820513, -0.6512820512820513, -0.34, -0.44, -0.039999999999999994, 0.0, 0.0, 0.0, 1.0, 0.7399409974278731, 1.0, 0.0, 0.0, 0.0, 0.0, 0.0, 0.0, 0.0]",135298,66862,N6,accept,0.7558974358974359,ts,528,1
"[0.5, -0.5, 0.07799999999999997, -0.18333333333333332, 1.0, 0.0, 0.0, 0.0, 1.0, 0.7007805972815504, 1.0, 0.0, 0.0, 0.0, 0.0, 0.0, 0.0, 0.0]",69946,63873,N6,accept,0.6499999999999999,ts,586,1
"[0.25, -0.25, -0.5940460081190798, -0.0546448087431694, 1.0, 0.0, 0.0, 0.0, 1.0, 0.5370968143236092, 1.0, 0.0, 0.0, 0.0, 0.0, 0.0, 0.0, 0.0]",189368,117045,N6,accept,0.475,ts,663,0
"[0.3636363636363637, -0.3636363636363637, 0.0, 0.016713091922005572, 0.15384615384615385, 0.0, 0.0, 0.0, 1.0, 0.8296166021577667, 1.0, 0.0, 0.0, 0.0, 0.0, 0.0, 0.0, 0.0]",123551,123174,N6,accept,0.5545454545454546,ts,1963,0
"[0.33333333333333337, -0.33333333333333337, -0.5833333333333334, 0.0, 0.0, 0.0, 0.0, 0.0, 1.0, 0.727809934097922, 1.0, 0.0, 0.0, 0.0, 0.0, 0.0, 0.0, 0.0]",112487,38636,N6,accept,0.5333333333333333,ts,606,0
"[0.305327868852459, -0.305327868852459, -0.1261711430356028, 0.0, 0.0, 0.0, 0.0, 0.0, 1.0, 0.8125072644717871, 1.0, 0.0, 0.0, 0.0, 0.0, 0.0, 0.0, 0.0]",41679,146721,N6,accept,0.5137295081967213,ts,1368,1
"[0.20000000000000004, -0.20000000000000004, 0.10016694490818043, 0.0, 0.02500000000000006, 0.0, 0.0, 0.0, 1.0, 0.7792040533578343, 1.0, 0.0, 0.0, 0.0, 0.0, 0.0, 0.0, 0.0]",53365,19865,N6,accept,0.44,ts,2893,1
"[0.043062200956937836, -0.043062200956937836, -0.7251084934903905, 0.0, 0.0, 0.0, 0.0, 0.0, 1.0, 0.6130297832369747, 1.0, 0.0, 0.0, 0.0, 0.0, 0.0, 0.0, 0.0]",90708,54194,N6,accept,0.33014354066985646,ts,2783,1
"[0.6256684491978609, -0.6256684491978609, 0.0, -0.6137931034482759, -0.2, 0.0, 0.0, 0.0, 1.0, 0.7781312393010775, 1.0, 0.0, 0.0, 0.0, 0.0, 0.0, 0.0, 0.0]",151787,74186,N6,accept,0.7379679144385025,ts,2485,1
"[0.6818181818181819, -0.6818181818181819, -0.050125313283208024, 0.18840579710144928, -0.51, 0.0, 0.0, 0.0, 1.0, 0.7806619322864332, 1.0, 0.0, 0.0, 0.0, 0.0, 0.0, 0.0, 0.0]",48998,49086,N6,accept,0.7772727272727273,ts,1881,0
"[0.4, -0.4, -0.4794794794794795, -0.49130434782608695, 0.3157894736842105, 0.0, 0.0, 0.0, 1.0, 0.5968334567710198, 1.0, 0.0, 0.0, 0.0, 0.0, 0.0, 0.0, 0.0]",191334,183357,N6,accept,0.58,ts,1443,1
"[0.3500000000000001, -0.3500000000000001, 0.0, -0.3611111111111111, 0.043478260869565216, 0.0, 0.0, 0.0, 1.0, 0.7807457601820568, 1.0, 0.0, 0.0, 0.0, 0.0, 0.0, 0.0, 0.0]",110121,48548,N6,accept,0.545,ts,2206,1
"[0.09090909090909098, -0.09090909090909098, -0.43661971830985913, 0.06818181818181818, 0.16666666666666666, 0.0, 0.0, 0.0, 1.0, 0.6057589679083718, 1.0, 0.0, 0.0, 0.0, 0.0, 0.0, 0.0, 0.0]",57376,151841,N6,accept,0.36363636363636365,ts,1204,1
"[0.06249999999999994, -0.06249999999999994, -0.42495393524611735, 0.15263157894736842, -0.05263157894736842, 0.0, 0.0, 0.0, 1.0, 0.6044124951997967, 1.0, 0.0, 0.0, 0.0, 0.0, 0.0, 0.0, 0.0]",155625,127690,N6,accept,0.34374999999999994,ts,1320,1
"[0.25, -0.25, 0.0, 0.07453416149068323, 0.13636363636363635, 0.0, 0.0, 0.0, 1.0, 0.7830109453831142, 1.0, 0.0, 0.0, 0.0, 0.0, 0.0, 0.0, 0.0]",43090,117045,N6,accept,0.475,ts,434,0
"[0.3636363636363637, -0.3636363636363637, -0.24791666666666665, -0.07027027027027027, 1.0, 0.0, 0.0, 0.0, 1.0, 0.6415169590174974, 1.0, 0.0, 0.0, 0.0, 0.0, 0.0, 0.0, 0.0]",107308,123439,N6,accept,0.5545454545454546,ts,522,1
"[0.16666666666666663, -0.16666666666666663, -0.1497064579256361, -0.04, -0.039999999999999994, 0.0, 0.0, 0.0, 1.0, 0.7364152237187678, 1.0, 0.0, 0.0, 0.0, 0.0, 0.0, 0.0, 0.0]",122734,81996,N6,accept,0.41666666666666663,ts,1908,0
"[0.16666666666666666, -0.16666666666666666, -0.28374999999999995, -0.1484375, 1.0, 0.0, 0.0, 0.0, 1.0, 0.5518982882929058, 1.0, 0.0, 0.0, 0.0, 0.0, 0.0, 0.0, 0.0]",75984,81396,N6,accept,0.41666666666666663,ts,778,1
"[0.12280701754385964, -0.12280701754385964, -0.6153846153846154, 0.5263157894736842, -0.4, 0.0, 0.0, 0.0, 1.0, 0.47370431702429144, 1.0, 0.0, 0.0, 0.0, 0.0, 0.0, 0.0, 0.0]",187197,167155,N6,accept,0.38596491228070173,ts,1703,1
"[0.5636363636363636, -0.5636363636363636, 0.0, -0.024734982332155476, 0.0, 0.0, 0.0, 0.0, 1.0, 0.9149318998851651, 1.0, 0.0, 0.0, 0.0, 0.0, 0.0, 0.0, 0.0]",48999,48997,N6,accept,0.6945454545454545,ts,1544,0
"[0.52, -0.52, -0.058333333333333376, -0.07712765957446809, 0.5714285714285714, 0.0, 0.0, 0.0, 1.0, 0.7675469899349182, 1.0, 0.0, 0.0, 0.0, 0.0, 0.0, 0.0, 0.0]",151841,108828,N6,accept,0.6639999999999999,ts,2173,0
"[0.14, -0.14, -0.323238566131026, 0.0, 0.0, 0.0, 0.0, 0.0, 1.0, 0.7065192485809642, 1.0, 0.0, 0.0, 0.0, 0.0, 0.0, 0.0, 0.0]",74215,69993,N6,accept,0.398,ts,1329,0
"[0.39999999999999997, -0.39999999999999997, -0.35933147632311974, -0.3006134969325153, -0.26666666666666666, 0.0, 0.0, 0.0, 1.0, 0.651960824166897, 1.0, 0.0, 0.0, 0.0, 0.0, 0.0, 0.0, 0.0]",155669,178949,N6,accept,0.58,ts,2538,1
"[0.18831168831168835, -0.18831168831168835, 0.0, 0.15942028985507245, 0.18, 0.0, 0.0, 0.0, 1.0, 0.732496988669393, 1.0, 0.0, 0.0, 0.0, 0.0, 0.0, 0.0, 0.0]",151793,85224,N6,accept,0.4318181818181818,ts,405,0
"[0.25, -0.25, -0.22779136104319478, -0.27906976744186046, 0.16666666666666666, 0.0, 0.0, 0.0, 1.0, 0.6597256350698267, 1.0, 0.0, 0.0, 0.0, 0.0, 0.0, 0.0, 0.0]",84869,89593,N6,accept,0.475,ts,1309,1
"[0.2, -0.2, -0.31854379977246877, -0.18666666666666668, 0.11764705882352941, 0.0, 0.0, 0.0, 1.0, 0.6504103347990426, 1.0, 0.0, 0.0, 0.0, 0.0, 0.0, 0.0, 0.0]",169345,185524,N6,accept,0.43999999999999995,ts,929,1
"[0.16666666666666666, -0.16666666666666666, -0.49, -0.45226130653266333, -0.45454545454545453, 0.0, 0.0, 0.0, 1.0, 0.5074356917332821, 1.0, 0.0, 0.0, 0.0, 0.0, 0.0, 0.0, 0.0]",69112,164355,N6,accept,0.41666666666666663,ts,756,1
"[0.4545454545454546, -0.4545454545454546, -0.3942101501072195, -0.0169971671388102, 0.4666666666666667, 0.0, 0.0, 0.0, 1.0, 0.6930601486020554, 1.0, 0.0, 0.0, 0.0, 0.0, 0.0, 0.0, 0.0]",88669,108828,N6,accept,0.6181818181818182,ts,1865,1
"[0.25, -0.25, 0.0, 0.0, 0.0, 0.0, 0.0, 0.0, 1.0, 0.8395893495876965, 1.0, 0.0, 0.0, 0.0, 0.0, 0.0, 0.0, 0.0]",116939,117045,N6,accept,0.475,ts,2354,0
"[0.06666666666666672, -0.06666666666666672, 0.2002503128911139, 0.125, 0.09090909090909091, 0.0, 0.0, 0.0, 1.0, 0.6507969639330484, 1.0, 0.0, 0.0, 0.0, 0.0, 0.0, 0.0, 0.0]",139805,55915,N6,accept,0.3466666666666667,ts,474,1
"[0.14, -0.14, -0.31562500000000004, 0.030303030303030304, 0.0, 0.0, 0.0, 0.0, 1.0, 0.6993060113850216, 1.0, 0.0, 0.0, 0.0, 0.0, 0.0, 0.0, 0.0]",106755,69993,N6,accept,0.398,ts,691,0
"[0.7954545454545455, -0.7954545454545455, -0.13299232736572897, 0.08571428571428572, 1.0, 0.0, 0.0, 0.0, 1.0, 0.7399544151029783, 1.0, 0.0, 0.0, 0.0, 0.0, 0.0, 0.0, 0.0]",88363,89765,N6,accept,0.8568181818181819,ts,793,0
"[0.3636363636363637, -0.3636363636363637, 0.1013215859030837, 0.057971014492753624, 0.25, 0.0, 0.0, 0.0, 1.0, 0.7621489741842852, 1.0, 0.0, 0.0, 0.0, 0.0, 0.0, 0.0, 0.0]",123207,123174,N6,accept,0.5545454545454546,ts,1013,0
"[0.10245901639344263, -0.10245901639344263, -0.08326394671107411, 0.014285714285714285, -0.1111111111111111, 0.0, 0.0, 0.0, 1.0, 0.7233278320128769, 1.0, 0.0, 0.0, 0.0, 0.0, 0.0, 0.0, 0.0]",64290,64291,N6,accept,0.3717213114754098,ts,1843,1
"[0.8482142857142858, -0.8482142857142858, -0.14285714285714285, 0.0, 0.0, 0.0, 0.0, 0.0, 1.0, 0.913901854423174, 1.0, 0.0, 0.0, 0.0, 0.0, 0.0, 0.0, 0.0]",164512,18185,N6,accept,0.89375,ts,2984,1
"[0.20000000000000007, -0.20000000000000007, -0.00663349917081258, -0.002785515320334262, -0.44, 0.0, 0.0, 0.0, 1.0, 0.7315763827558615, 1.0, 0.0, 0.0, 0.0, 0.0, 0.0, 0.0, 0.0]",30201,135483,N6,accept,0.44000000000000006,ts,1231,1
"[0.0555555555555556, -0.0555555555555556, -0.30286857905270187, -0.27848101265822783, -0.13999999999999999, 0.0, 0.0, 0.0, 1.0, 0.5792292623515911, 1.0, 0.0, 0.0, 0.0, 0.0, 0.0, 0.0, 0.0]",155616,18005,N6,accept,0.3388888888888889,ts,526,1
"[0.11627906976744183, -0.11627906976744183, 0.0, -0.14759036144578314, -0.09090909090909091, 0.0, 0.0, 0.0, 1.0, 0.7298902829852456, 1.0, 0.0, 0.0, 0.0, 0.0, 0.0, 0.0, 0.0]",40740,38840,N6,accept,0.38139534883720927,ts,1144,1
"[0.24999999999999997, -0.24999999999999997, -0.27846265409717186, 0.0, 0.0, 0.0, 0.0, 0.0, 1.0, 0.7541829612825312, 1.0, 0.0, 0.0, 0.0, 0.0, 0.0, 0.0, 0.0]",141746,174748,N6,accept,0.475,ts,587,0
"[0.625, -0.625, 0.066711140760507, -0.08904109589041095, -0.13333333333333333, 0.0, 0.0, 0.0, 1.0, 0.8489572716197578, 1.0, 0.0, 0.0, 0.0, 0.0, 0.0, 0.0, 0.0]",128284,128247,N6,accept,0.7375,ts,476,0
"[0.2941176470588235, -0.2941176470588235, -0.20508744038155807, 0.9354838709677419, 0.58, 0.0, 0.0, 0.0, 1.0, 0.5564807400241625, 1.0, 0.0, 0.0, 0.0, 0.0, 0.0, 0.0, 0.0]",79359,18570,N6,accept,0.5058823529411764,ts,2773,0
"[0.11999999999999993, -0.11999999999999993, 0.1, -0.00847457627118644, 0.07692307692307693, 0.0, 0.0, 0.0, 1.0, 0.7343560069584029, 1.0, 0.0, 0.0, 0.0, 0.0, 0.0, 0.0, 0.0]",108784,162723,N6,accept,0.38399999999999995,ts,533,1
"[0.02500000000000002, -0.02500000000000002, -0.5444191343963554, -0.1, -0.039999999999999994, 0.0, 0.0, 0.0, 1.0, 0.5879691356329428, 1.0, 0.0, 0.0, 0.0, 0.0, 0.0, 0.0, 0.0]",30785,62503,N6,accept,0.3175,ts,976,1
"[0.09999999999999996, -0.09999999999999996, -0.06312499999999999, -0.3416666666666667, -0.44000000000000006, 0.0, 0.0, 0.0, 1.0, 0.6014572513528278, 1.0, 0.0, 0.0, 0.0, 0.0, 0.0, 0.0, 0.0]",18616,155616,N6,accept,0.36999999999999994,ts,1962,0
"[0.25000000000000006, -0.25000000000000006, 0.24608967674661097, -0.17687074829931973, 0.4117647058823529, 0.0, 0.0, 0.0, 1.0, 0.6329883469407463, 1.0, 0.0, 0.0, 0.0, 0.0, 0.0, 0.0, 0.0]",115240,86760,N6,accept,0.475,ts,1026,0
"[0.25000000000000006, -0.25000000000000006, -0.10427528675703858, -0.3401360544217687, 0.17647058823529413, 0.0, 0.0, 0.0, 1.0, 0.6833059974324363, 1.0, 0.0, 0.0, 0.0, 0.0, 0.0, 0.0, 0.0]",115240,139804,N6,accept,0.475,ts,702,1
"[0.55, -0.55, 0.11470588235294113, -0.05, -0.17272727272727276, 0.0, 0.0, 0.0, 1.0, 0.8203561366987663, 1.0, 0.0, 0.0, 0.0, 0.0, 0.0, 0.0, 0.0]",115238,49005,N6,accept,0.685,ts,2385,0
"[0.3500000000000001, -0.3500000000000001, 0.0, -0.3611111111111111, 0.043478260869565216, 0.0, 0.0, 0.0, 1.0, 0.7807457601820568, 1.0, 0.0, 0.0, 0.0, 0.0, 0.0, 0.0, 0.0]",110120,48548,N6,accept,0.545,ts,2977,1
"[0.6, -0.6, -0.14340918849291542, 0.0, 0.0, 0.0, 0.0, 0.0, 1.0, 0.8792040778334989, 1.0, 0.0, 0.0, 0.0, 0.0, 0.0, 0.0, 0.0]",141777,174761,N6,accept,0.72,ts,1843,1
"[0.12499999999999988, -0.12499999999999988, 0.22662889518413595, -0.23684210526315788, 0.10526315789473684, 0.0, 0.0, 0.0, 1.0, 0.6383733944913446, 1.0, 0.0, 0.0, 0.0, 0.0, 0.0, 0.0, 0.0]",180520,144702,N6,accept,0.3874999999999999,ts,1853,0
"[0.7, -0.7, -0.347, 0.0, 0.0, 0.0, 0.0, 0.0, 1.0, 0.8453663438129025, 1.0, 0.0, 0.0, 0.0, 0.0, 0.0, 0.0, 0.0]",129174,63859,N6,accept,0.7899999999999999,ts,2423,1
"[0.3230769230769231, -0.3230769230769231, -0.39503932244404116, 1.0, -0.6470588235294118, 0.0, 0.0, 0.0, 1.0, 0.49503773927859074, 1.0, 0.0, 0.0, 0.0, 0.0, 0.0, 0.0, 0.0]",61360,169349,N6,accept,0.5261538461538462,ts,1352,0
"[0.9442857142857142, -0.9442857142857142, -0.1, -0.8571428571428571, -0.9099999999999999, 0.0, 0.0, 0.0, 1.0, 0.6872767360360263, 1.0, 0.0, 0.0, 0.0, 0.0, 0.0, 0.0, 0.0]",153856,79461,N6,accept,0.9609999999999999,ts,575,0
"[0.16666666666666666, -0.16666666666666666, -0.46822742474916385, -0.369620253164557, -0.28, 0.0, 0.0, 0.0, 1.0, 0.5469355133928794, 1.0, 0.0, 0.0, 0.0, 0.0, 0.0, 0.0, 0.0]",121907,41685,N6,accept,0.41666666666666663,ts,1773,1
"[0.11904761904761903, -0.11904761904761903, 0.0, -0.11564625850340136, 0.06666666666666662, 0.0, 0.0, 0.0, 1.0, 0.7444764079184683, 1.0, 0.0, 0.0, 0.0, 0.0, 0.0, 0.0, 0.0]",91970,91969,N6,accept,0.3833333333333333,ts,510,1
"[0.8463114754098361, -0.8463114754098361, -0.4378513429106809, 0.008450704225352112, 0.3333333333333333, 0.0, 0.0, 0.0, 1.0, 0.771225797237038, 1.0, 0.0, 0.0, 0.0, 0.0, 0.0, 0.0, 0.0]",41679,151849,N6,accept,0.8924180327868851,ts,797,1
"[0.28571428571428575, -0.28571428571428575, 0.0, -0.1005586592178771, 0.14285714285714285, 0.0, 0.0, 0.0, 1.0, 0.7864257510470529, 1.0, 0.0, 0.0, 0.0, 0.0, 0.0, 0.0, 0.0]",128281,51122,N6,accept,0.5,ts,1313,0
"[0.25, -0.25, -0.5940460081190798, -0.0546448087431694, 1.0, 0.0, 0.0, 0.0, 1.0, 0.5370968143236092, 1.0, 0.0, 0.0, 0.0, 0.0, 0.0, 0.0, 0.0]",189368,117045,N6,accept,0.475,ts,2061,0
"[0.1111111111111112, -0.1111111111111112, -0.5616605616605617, 0.16342412451361868, 0.3, 0.0, 0.0, 0.0, 1.0, 0.5468254204401923, 1.0, 0.0, 0.0, 0.0, 0.0, 0.0, 0.0, 0.0]",130292,174765,N3,dismiss,-0.3,ts,1393,1
"[0.4444444444444445, -0.4444444444444445, 0.17096774193548378, -0.18, -0.58, 0.0, 0.0, 0.0, 1.0, 0.6894489194008218, 1.0, 0.0, 0.0, 0.0, 0.0, 0.0, 0.0, 0.0]",81420,132873,N6,accept,0.6111111111111112,ts,2525,0
"[0.25, -0.25, 0.0, 0.07453416149068323, 0.13636363636363635, 0.0, 0.0, 0.0, 1.0, 0.7830109453831142, 1.0, 0.0, 0.0, 0.0, 0.0, 0.0, 0.0, 0.0]",43089,117045,N6,accept,0.475,ts,1244,0
"[0.64, -0.64, 0.006949806949806939, -0.015957446808510637, -0.38, 0.0, 0.0, 0.0, 1.0, 0.8487468405875243, 1.0, 0.0, 0.0, 0.0, 0.0, 0.0, 0.0, 0.0]",19611,128279,N6,accept,0.748,ts,2793,1
"[0.08163265306122446, -0.08163265306122446, 0.0817610062893081, 0.002849002849002849, 0.08333333333333329, 0.0, 0.0, 0.0, 1.0, 0.7264097091680045, 1.0, 0.0, 0.0, 0.0, 0.0, 0.0, 0.0, 0.0]",105872,105899,N6,accept,0.3571428571428571,ts,2877,0
"[0.08163265306122446, -0.08163265306122446, 0.0817610062893081, 0.002849002849002849, 0.08333333333333329, 0.0, 0.0, 0.0, 1.0, 0.7264097091680045, 1.0, 0.0, 0.0, 0.0, 0.0, 0.0, 0.0, 0.0]",105872,105899,N6,accept,0.3571428571428571,ts,1738,0
"[0.0769230769230768, -0.0769230769230768, 0.2, -0.75, -0.44000000000000006, 0.0, 0.0, 0.0, 1.0, 0.5084697864372832, 1.0, 0.0, 0.0, 0.0, 0.0, 0.0, 0.0, 0.0]",131606,81128,N6,accept,0.35384615384615375,ts,528,0
"[0.14, -0.14, -0.02666666666666673, 0.0625, -0.1, 0.0, 0.0, 0.0, 1.0, 0.7465385609804288, 1.0, 0.0, 0.0, 0.0, 0.0, 0.0, 0.0, 0.0]",141632,69993,N6,accept,0.398,ts,2278,0
"[0.04247104247104243, -0.04247104247104243, -0.17496318114874818, 0.0030120481927710845, 0.13043478260869565, 0.0, 0.0, 0.0, 1.0, 0.6715094377199463, 1.0, 0.0, 0.0, 0.0, 0.0, 0.0, 0.0, 0.0]",61096,89601,N6,accept,0.3297297297297297,ts,1587,1
"[0.8571428571428572, -0.8571428571428572, 0.05800000000000001, 0.054901960784313725, 0.0, 0.0, 0.0, 0.0, 1.0, 0.9269965060246893, 1.0, 0.0, 0.0, 0.0, 0.0, 0.0, 0.0, 0.0]",116982,117003,N6,accept,0.8999999999999999,ts,474,0
"[0.415625, -0.415625, 0.1312500000000001, 0.0, 0.0, 0.0, 0.0, 0.0, 1.0, 0.8422044928641546, 1.0, 0.0, 0.0, 0.0, 0.0, 0.0, 0.0, 0.0]",152421,15139,N6,accept,0.5909375,ts,1508,1
"[0.20000000000000004, -0.20000000000000004, 0.052700922266139656, 0.1377245508982036, -0.05, 0.0, 0.0, 0.0, 1.0, 0.7524309879658798, 1.0, 0.0, 0.0, 0.0, 0.0, 0.0, 0.0, 0.0]",81498,158639,N6,accept,0.44,ts,887,1
"[0.2222222222222223, -0.2222222222222223, -0.4674457429048414, -0.007142857142857143, -0.015999999999999945, 0.0, 0.0, 0.0, 1.0, 0.7020522418437177, 1.0, 0.0, 0.0, 0.0, 0.0, 0.0, 0.0, 0.0]",19869,113424,N6,accept,0.4555555555555556,ts,2739,1
"[0.28571428571428575, -0.28571428571428575, 0.0, 0.11363636363636363, 0.0, 0.0, 0.0, 0.0, 1.0, 0.820537205423484, 1.0, 0.0, 0.0, 0.0, 0.0, 0.0, 0.0, 0.0]",170134,127333,N6,accept,0.5,ts,2400,0
"[0.5636363636363637, -0.5636363636363637, -0.15250000000000002, -0.01977401129943503, 0.6923076923076923, 0.0, 0.0, 0.0, 1.0, 0.7513430966277358, 1.0, 0.0, 0.0, 0.0, 0.0, 0.0, 0.0, 0.0]",108842,108828,N6,accept,0.6945454545454546,ts,1310,1
"[0.4, -0.28, -0.2697495183044316, -0.18333333333333332, 1.0, 0.0, 0.0, 0.0, 1.0, 0.586722181322074, 1.0, 0.0, 0.0, 0.0, 0.0, 0.0, 0.0, 0.0]",16718,42569,N6,accept,0.58,ts,2125,0
"[0.2, -0.2, 0.2222222222222222, -0.6008771929824561, 0.25, 0.0, 0.0, 0.0, 1.0, 0.5871437693950083, 1.0, 0.0, 0.0, 0.0, 0.0, 0.0, 0.0, 0.0]",118876,127600,N6,accept,0.43999999999999995,ts,1223,1
"[0.11999999999999993, -0.11999999999999993, -0.051999999999999956, 0.011299435028248588, 0.07692307692307693, 0.0, 0.0, 0.0, 1.0, 0.7500240501354423, 1.0, 0.0, 0.0, 0.0, 0.0, 0.0, 0.0, 0.0]",108827,111011,N6,accept,0.38399999999999995,ts,551,1
"[0.6666666666666666, -0.6666666666666666, 0.02440239043824711, -0.0761904761904762, -0.07692307692307693, 0.0, 0.0, 0.0, 1.0, 0.8882816996397667, 1.0, 0.0, 0.0, 0.0, 0.0, 0.0, 0.0, 0.0]",170958,29663,N6,accept,0.7666666666666666,ts,1794,1
"[0.3636363636363637, -0.3636363636363637, 0.0, 0.0, 0.0, 0.0, 0.0, 0.0, 1.0, 0.8742764353476687, 1.0, 0.0, 0.0, 0.0, 0.0, 0.0, 0.0, 0.0]",123031,123174,N6,accept,0.5545454545454546,ts,2613,0
"[0.4, -0.4, -0.4794794794794795, -0.49130434782608695, 0.3157894736842105, 0.0, 0.0, 0.0, 1.0, 0.5968334567710198, 1.0, 0.0, 0.0, 0.0, 0.0, 0.0, 0.0, 0.0]",191335,183357,N6,accept,0.58,ts,1097,1
"[0.1200000000000001, -0.1200000000000001, 0.1455847255369929, -0.08011869436201781, -0.52, 0.0, 0.0, 0.0, 1.0, 0.6248074521533694, 1.0, 0.0, 0.0, 0.0, 0.0, 0.0, 0.0, 0.0]",57278,59423,N6,accept,0.38400000000000006,ts,1534,0
"[0.26190476190476186, -0.26190476190476186, -0.16666666666666666, -0.04081632653061224, 0.08888888888888896, 0.0, 0.0, 0.0, 1.0, 0.7505722762436874, 1.0, 0.0, 0.0, 0.0, 0.0, 0.0, 0.0, 0.0]",91970,91957,N6,accept,0.4833333333333333,ts,2516,1
"[0.3, -0.3, -0.09090909090909091, 0.46, -0.08000000000000003, 0.0, 0.0, 0.0, 1.0, 0.709824759435147, 1.0, 0.0, 0.0, 0.0, 0.0, 0.0, 0.0, 0.0]",38740,41068,N6,accept,0.51,ts,2591,0
"[0.8944444444444444, -0.8944444444444444, 0.0, -0.02, 0.0, 0.0, 0.0, 0.0, 1.0, 0.962136410518863, 1.0, 0.0, 0.0, 0.0, 0.0, 0.0, 0.0, 0.0]",89731,83441,N6,accept,0.9261111111111111,ts,903,0
"[0.3, -0.3, -0.09090909090909091, 0.46, -0.08000000000000003, 0.0, 0.0, 0.0, 1.0, 0.709824759435147, 1.0, 0.0, 0.0, 0.0, 0.0, 0.0, 0.0, 0.0]",38740,41068,N6,accept,0.51,ts,649,0
"[0.625, -0.625, -0.24279210925644926, -0.02158273381294964, 0.0, 0.0, 0.0, 0.0, 1.0, 0.8502483349026053, 1.0, 0.0, 0.0, 0.0, 0.0, 0.0, 0.0, 0.0]",19865,81422,N6,accept,0.7375,ts,1269,1
"[0.7, -0.7, -0.3485838779956427, 0.24770642201834864, -0.9722222222222222, 0.0, 0.0, 0.0, 1.0, 0.6579082366698619, 1.0, 0.0, 0.0, 0.0, 0.0, 0.0, 0.0, 0.0]",164354,134921,N6,accept,0.7899999999999999,ts,2040,1
"[0.25, -0.25, 0.0, -0.008595988538681949, 0.13636363636363635, 0.0, 0.0, 0.0, 1.0, 0.8012276518471559, 1.0, 0.0, 0.0, 0.0, 0.0, 0.0, 0.0, 0.0]",43088,117045,N6,accept,0.475,ts,2574,0
"[0.20000000000000004, -0.20000000000000004, -0.44341372912801486, 0.08761329305135952, -0.07142857142857142, 0.0, 0.0, 0.0, 1.0, 0.6611419918461581, 1.0, 0.0, 0.0, 0.0, 0.0, 0.0, 0.0, 0.0]",63911,90182,N6,accept,0.44,ts,713,0
"[0.06666666666666664, -0.06666666666666664, 0.19471488178025034, 0.052434456928838954, -0.06666666666666667, 0.0, 0.0, 0.0, 1.0, 0.6767479924911965, 1.0, 0.0, 0.0, 0.0, 0.0, 0.0, 0.0, 0.0]",128242,84577,N6,accept,0.3466666666666666,ts,2953,0
"[0.7942857142857144, -0.7942857142857144, -0.3214124038026256, 0.19672131147540983, -0.375, 0.0, 0.0, 0.0, 1.0, 0.7349808423477768, 1.0, 0.0, 0.0, 0.0, 0.0, 0.0, 0.0, 0.0]",81541,128284,N6,accept,0.8560000000000001,ts,1724,1
"[0.09090909090909098, -0.09090909090909098, -0.5, 0.054878048780487805, 0.041666666666666664, 0.0, 0.0, 0.0, 1.0, 0.6298716109091275, 1.0, 0.0, 0.0, 0.0, 0.0, 0.0, 0.0, 0.0]",162867,116939,N6,accept,0.36363636363636365,ts,1771,1
"[0.3958333333333333, -0.3958333333333333, -0.39301972685887715, -0.02158273381294964, 0.0, 0.0, 0.0, 0.0, 1.0, 0.7679389230796307, 1.0, 0.0, 0.0, 0.0, 0.0, 0.0, 0.0, 0.0]",19865,40258,N6,accept,0.5770833333333333,ts,2077,1
"[0.09999999999999996, -0.09999999999999996, 0.0, 0.03870967741935484, -0.045454545454545456, 0.0, 0.0, 0.0, 1.0, 0.7630116146408217, 1.0, 0.0, 0.0, 0.0, 0.0, 0.0, 0.0, 0.0]",111130,108202,N6,accept,0.36999999999999994,ts,1929,0
"[0.5, -0.5, -0.24054316197866152, 0.18, 0.12000000000000002, 0.0, 0.0, 0.0, 1.0, 0.7550551776802823, 1.0, 0.0, 0.0, 0.0, 0.0, 0.0, 0.0, 0.0]",145085,123325,N6,accept,0.6499999999999999,ts,1330,1
"[0.2, -0.2, 0.06177606177606183, -0.2127659574468085, 0.06000000000000005, 0.0, 0.0, 0.0, 1.0, 0.7306346526818904, 1.0, 0.0, 0.0, 0.0, 0.0, 0.0, 0.0, 0.0]",19611,19607,N1,dismiss,-0.3,ts,1914,1
"[0.5576036866359447, -0.5576036866359447, -0.4044073853484217, 0.15579710144927536, 0.4, 0.0, 0.0, 0.0, 1.0, 0.6872933901369873, 1.0, 0.0, 0.0, 0.0, 0.0, 0.0, 0.0, 0.0]",64515,63925,N1,dismiss,-0.3,ts,2319,1
"[0.20000000000000004, -0.20000000000000004, -0.4444444444444444, -0.5061224489795918, 0.1111111111111111, 0.0, 0.0, 0.0, 1.0, 0.5796715609809813, 1.0, 0.0, 0.0, 0.0, 0.0, 0.0, 0.0, 0.0]",127333,63222,N6,accept,0.44,ts,511,1
"[0.8571428571428572, -0.8571428571428572, 0.05800000000000001, 0.054901960784313725, 0.0, 0.0, 0.0, 0.0, 1.0, 0.9269965060246893, 1.0, 0.0, 0.0, 0.0, 0.0, 0.0, 0.0, 0.0]",116982,117003,N3,dismiss,-0.3,ts,2299,1
"[0.25, -0.25, 0.22714285714285723, -0.08766233766233766, 0.0, 0.0, 0.0, 0.0, 1.0, 0.7424472880831784, 1.0, 0.0, 0.0, 0.0, 0.0, 0.0, 0.0, 0.0]",55744,21089,N6,accept,0.475,ts,1479,0
"[0.0555555555555556, -0.0555555555555556, 0.0, -0.42290748898678415, 0.13636363636363635, 0.0, 0.0, 0.0, 1.0, 0.6493614127689797, 1.0, 0.0, 0.0, 0.0, 0.0, 0.0, 0.0, 0.0]",169062,104682,N6,accept,0.3388888888888889,ts,1825,1
"[0.5454545454545454, -0.5454545454545454, -0.008000000000000007, -0.8403908794788274, -0.5, 0.0, 0.0, 0.0, 1.0, 0.6984613948531551, 1.0, 0.0, 0.0, 0.0, 0.0, 0.0, 0.0, 0.0]",69980,94324,N1,accept,0.6818181818181818,ts,2163,1
"[0.2307692307692307, -0.2307692307692307, 0.0, 1.0, 0.44000000000000006, 0.0, 0.0, 0.0, 1.0, 0.5995560389330946, 1.0, 0.0, 0.0, 0.0, 0.0, 0.0, 0.0, 0.0]",79461,68609,N3,dismiss,-0.3,ts,1756,1
"[0.27536231884057966, -0.27536231884057966, -0.2837389380530973, -0.24, -0.019999999999999973, 0.0, 0.0, 0.0, 1.0, 0.6980900885686553, 1.0, 0.0, 0.0, 0.0, 0.0, 0.0, 0.0, 0.0]",79808,189203,N6,accept,0.49275362318840576,ts,1080,1
"[0.1428571428571428, -0.1428571428571428, 0.2, -0.3, -0.22000000000000003, 0.0, 0.0, 0.0, 1.0, 0.6157574613939959, 1.0, 0.0, 0.0, 0.0, 0.0, 0.0, 0.0, 0.0]",29449,29439,N3,dismiss,-0.3,ts,1241,1
"[0.1666666666666667, -0.1666666666666667, 0.2, 0.0, 0.0, 0.0, 0.0, 0.0, 1.0, 0.7452936748080553, 1.0, 0.0, 0.0, 0.0, 0.0, 0.0, 0.0, 0.0]",18364,61090,N6,accept,0.4166666666666667,ts,2953,0
"[0.25, -0.25, -0.5708154506437768, -0.008595988538681949, 1.0, 0.0, 0.0, 0.0, 1.0, 0.5525921765486778, 1.0, 0.0, 0.0, 0.0, 0.0, 0.0, 0.0, 0.0]",189369,117045,N6,accept,0.475,ts,1252,0
"[0.38461538461538464, -0.38461538461538464, 0.08930987821380235, 0.6810810810810811, 0.8799999999999999, 0.0, 0.0, 0.0, 1.0, 0.6116138371065478, 1.0, 0.0, 0.0, 0.0, 0.0, 0.0, 0.0, 0.0]",175208,91068,N6,accept,0.5692307692307692,ts,1189,0
"[0.375, -0.375, -0.2828125, -0.45226130653266333, -0.45454545454545453, 0.0, 0.0, 0.0, 1.0, 0.6122023063259959, 1.0, 0.0, 0.0, 0.0, 0.0, 0.0, 0.0, 0.0]",69111,164355,N6,accept,0.5625,ts,941,1
"[0.20000000000000007, -0.20000000000000007, 0.2, -0.01694915254237288, -0.07692307692307693, 0.0, 0.0, 0.0, 1.0, 0.7305032209505417, 1.0, 0.0, 0.0, 0.0, 0.0, 0.0, 0.0, 0.0]",108743,31966,N6,accept,0.44000000000000006,ts,1820,1
"[0.3636363636363637, -0.3636363636363637, 0.020408163265306048, 0.0110803324099723, 0.07142857142857142, 0.0, 0.0, 0.0, 1.0, 0.8430216704000497, 1.0, 0.0, 0.0, 0.0, 0.0, 0.0, 0.0, 0.0]",123215,123174,N6,accept,0.5545454545454546,ts,1062,0
"[0.06666666666666672, -0.06666666666666672, -0.27227342549923195, -0.2810945273631841, -0.04, 0.0, 0.0, 0.0, 1.0, 0.6148993736690519, 1.0, 0.0, 0.0, 0.0, 0.0, 0.0, 0.0, 0.0]",116359,105432,N6,accept,0.3466666666666667,ts,2219,1
"[0.29999999999999993, -0.29999999999999993, -0.6334862385321101, 0.01904761904761905, -0.16666666666666666, 0.0, 0.0, 0.0, 1.0, 0.6636842635032897, 1.0, 0.0, 0.0, 0.0, 0.0, 0.0, 0.0, 0.0]",143384,78135,N3,dismiss,-0.3,ts,2583,1
"[0.4545454545454546, -0.4545454545454546, -0.29375, -0.0028735632183908046, 0.8333333333333334, 0.0, 0.0, 0.0, 1.0, 0.6867897445125909, 1.0, 0.0, 0.0, 0.0, 0.0, 0.0, 0.0, 0.0]",31966,108828,N6,accept,0.6181818181818182,ts,962,1
"[0.7306122448979592, -0.7306122448979592, -0.028856825749167567, -0.32151898734177214, -0.2, 0.0, 0.0, 0.0, 1.0, 0.8179430137749685, 1.0, 0.0, 0.0, 0.0, 0.0, 0.0, 0.0, 0.0]",155693,92135,N6,accept,0.8114285714285714,ts,1080,1
"[0.062499999999999965, -0.062499999999999965, 0.0, 0.07339449541284404, -0.038461538461538464, 0.0, 0.0, 0.0, 1.0, 0.7417846617265634, 1.0, 0.0, 0.0, 0.0, 0.0, 0.0, 0.0, 0.0]",169893,183357,N6,accept,0.34374999999999994,ts,1759,0
"[0.4545454545454546, -0.4545454545454546, -0.29375, -0.0028735632183908046, 0.8333333333333334, 0.0, 0.0, 0.0, 1.0, 0.6867897445125909, 1.0, 0.0, 0.0, 0.0, 0.0, 0.0, 0.0, 0.0]",32065,108828,N6,accept,0.6181818181818182,ts,785,1
"[0.14, -0.14, -0.02666666666666673, 0.0625, -0.1, 0.0, 0.0, 0.0, 1.0, 0.7465385609804288, 1.0, 0.0, 0.0, 0.0, 0.0, 0.0, 0.0, 0.0]",141632,69993,N6,accept,0.398,ts,811,0
"[0.6363636363636364, -0.6363636363636364, -0.2700729927007299, 0.0, 0.0, 0.0, 0.0, 0.0, 1.0, 0.8519911280552436, 1.0, 0.0, 0.0, 0.0, 0.0, 0.0, 0.0, 0.0]",141743,51605,N6,accept,0.7454545454545454,ts,2289,0
"[0.3142857142857143, -0.3142857142857143, -0.5006513243595311, -0.21107266435986158, 0.0, 0.0, 0.0, 0.0, 1.0, 0.6816641322507467, 1.0, 0.0, 0.0, 0.0, 0.0, 0.0, 0.0, 0.0]",110153,178949,N3,dismiss,-0.3,ts,1550,1
"[0.6909090909090908, -0.6909090909090908, -0.41158989598811296, -0.4, -0.1, 0.0, 0.0, 0.0, 1.0, 0.7221276459564802, 1.0, 0.0, 0.0, 0.0, 0.0, 0.0, 0.0, 0.0]",63997,66862,N6,accept,0.7836363636363635,ts,624,1
"[0.8857142857142857, -0.8857142857142857, -0.7536231884057971, -0.072, -0.4, 0.0, 0.0, 0.0, 1.0, 0.7088112677497157, 1.0, 0.0, 0.0, 0.0, 0.0, 0.0, 0.0, 0.0]",71136,175100,N1,dismiss,-0.3,ts,2001,1
"[0.4545454545454546, -0.4545454545454546, -0.5778331257783312, -0.030726256983240222, 1.0, 0.0, 0.0, 0.0, 1.0, 0.6034772490672271, 1.0, 0.0, 0.0, 0.0, 0.0, 0.0, 0.0, 0.0]",93936,108828,N6,accept,0.6181818181818182,ts,1849,0
"[0.4583333333333333, -0.4583333333333333, -0.327319587628866, 0.22, 0.24000000000000005, 0.0, 0.0, 0.0, 1.0, 0.692442265593947, 1.0, 0.0, 0.0, 0.0, 0.0, 0.0, 0.0, 0.0]",151790,123325,N6,accept,0.6208333333333333,ts,1218,1
"[0.06666666666666672, -0.06666666666666672, 0.0, 0.13541666666666666, 0.09090909090909091, 0.0, 0.0, 0.0, 1.0, 0.7143914778295586, 1.0, 0.0, 0.0, 0.0, 0.0, 0.0, 0.0, 0.0]",139805,115245,N1,dismiss,-0.3,ts,2725,1
"[0.3333333333333333, -0.3333333333333333, -0.5008347245409015, -0.32741116751269034, 0.07692307692307693, 0.0, 0.0, 0.0, 1.0, 0.6455231903144533, 1.0, 0.0, 0.0, 0.0, 0.0, 0.0, 0.0, 0.0]",92082,121068,N6,accept,0.5333333333333333,ts,2177,1
"[0.5, -0.5, 0.058823529411764705, -0.88, -0.7272727272727273, 0.0, 0.0, 0.0, 1.0, 0.6474218926144715, 1.0, 0.0, 0.0, 0.0, 0.0, 0.0, 0.0, 0.0]",18435,38174,N6,accept,0.6499999999999999,ts,658,1
"[0.5599999999999999, -0.5599999999999999, 0.0013342228152101116, 0.014035087719298246, 0.03571428571428559, 0.0, 0.0, 0.0, 1.0, 0.9064267245263649, 1.0, 0.0, 0.0, 0.0, 0.0, 0.0, 0.0, 0.0]",104485,114138,N6,accept,0.692,ts,2839,0
"[0.3911290322580645, -0.3911290322580645, -0.50017850767583, -0.08285714285714285, -0.04, 0.0, 0.0, 0.0, 1.0, 0.7209886712603468, 1.0, 0.0, 0.0, 0.0, 0.0, 0.0, 0.0, 0.0]",89602,103704,N6,accept,0.5737903225806451,ts,1781,1
"[0.6818181818181818, -0.6818181818181818, 0.2222222222222222, -0.15151515151515152, 0.040000000000000036, 0.0, 0.0, 0.0, 1.0, 0.8202337966156944, 1.0, 0.0, 0.0, 0.0, 0.0, 0.0, 0.0, 0.0]",30710,74186,N6,accept,0.7772727272727271,ts,2373,1
"[0.5367647058823529, -0.5367647058823529, -0.08070175438596489, 0.66, 0.18000000000000002, 0.0, 0.0, 0.0, 1.0, 0.7316375799157532, 1.0, 0.0, 0.0, 0.0, 0.0, 0.0, 0.0, 0.0]",85443,122721,N6,accept,0.675735294117647,ts,2037,0
"[0.2972972972972973, -0.2972972972972973, 0.052770448548812667, -0.2440944881889764, -0.2631578947368421, 0.0, 0.0, 0.0, 1.0, 0.7152849125461873, 1.0, 0.0, 0.0, 0.0, 0.0, 0.0, 0.0, 0.0]",31679,175226,N6,accept,0.5081081081081081,ts,1721,0
"[0.375, -0.375, -0.16641604010025066, -0.25671641791044775, -0.3076923076923077, 0.0, 0.0, 0.0, 1.0, 0.6916662122799394, 1.0, 0.0, 0.0, 0.0, 0.0, 0.0, 0.0, 0.0]",140787,52481,N6,accept,0.5625,ts,883,1
"[0.535483870967742, -0.535483870967742, -0.011911852293031567, 0.0036231884057971015, 0.0, 0.0, 0.0, 0.0, 1.0, 0.9106676184244814, 1.0, 0.0, 0.0, 0.0, 0.0, 0.0, 0.0, 0.0]",64515,16646,N6,accept,0.6748387096774193,ts,718,0
"[0.726890756302521, -0.726890756302521, 0.14196891191709854, -0.3549618320610687, 0.36, 0.0, 0.0, 0.0, 1.0, 0.7465779866666304, 1.0, 0.0, 0.0, 0.0, 0.0, 0.0, 0.0, 0.0]",61358,61360,N6,accept,0.8088235294117647,ts,2213,1
"[0.8742857142857143, -0.8742857142857143, 0.1455847255369929, -0.025157232704402517, -0.7042253521126761, 0.0, 0.0, 0.0, 1.0, 0.794954738530718, 1.0, 0.0, 0.0, 0.0, 0.0, 0.0, 0.0, 0.0]",57280,59423,N6,accept,0.9119999999999999,ts,1243,1
"[0.3636363636363637, -0.3636363636363637, 0.0, 0.0, 0.0, 0.0, 0.0, 0.0, 1.0, 0.8742764353476687, 1.0, 0.0, 0.0, 0.0, 0.0, 0.0, 0.0, 0.0]",123141,123174,N6,accept,0.5545454545454546,ts,1372,0
"[0.5555555555555556, -0.5555555555555556, -0.33913913913913923, -0.3275862068965517, 0.09523809523809523, 0.0, 0.0, 0.0, 1.0, 0.7239511393360022, 1.0, 0.0, 0.0, 0.0, 0.0, 0.0, 0.0, 0.0]",47180,120787,N3,dismiss,-0.3,ts,2900,1
"[0.23076923076923073, -0.23076923076923073, -0.11918951132300357, 0.009259259259259259, 0.14285714285714285, 0.0, 0.0, 0.0, 1.0, 0.7507902223343408, 1.0, 0.0, 0.0, 0.0, 0.0, 0.0, 0.0, 0.0]",78130,115244,N6,accept,0.46153846153846145,ts,509,1
"[0.415625, -0.415625, 0.1312500000000001, 0.0, 0.0, 0.0, 0.0, 0.0, 1.0, 0.8422044928641546, 1.0, 0.0, 0.0, 0.0, 0.0, 0.0, 0.0, 0.0]",152518,15139,N6,accept,0.5909375,ts,660,1
"[0.14, -0.14, -0.39014202172096907, 0.0, 0.0, 0.0, 0.0, 0.0, 1.0, 0.6933967894472572, 1.0, 0.0, 0.0, 0.0, 0.0, 0.0, 0.0, 0.0]",72623,69993,N6,accept,0.398,ts,1177,0
"[0.25, -0.25, 0.19809904952476243, 0.03133903133903134, 0.3333333333333333, 0.0, 0.0, 0.0, 1.0, 0.6920634653685489, 1.0, 0.0, 0.0, 0.0, 0.0, 0.0, 0.0, 0.0]",182867,129198,N6,accept,0.475,ts,2887,1
"[0.415625, -0.415625, 0.1312500000000001, 0.0, 0.0, 0.0, 0.0, 0.0, 1.0, 0.8422044928641546, 1.0, 0.0, 0.0, 0.0, 0.0, 0.0, 0.0, 0.0]",57061,15139,N3,accept,0.5909375,ts,2212,1
"[0.1111111111111112, -0.1111111111111112, -0.5135678391959799, 0.0, 0.0, 0.0, 0.0, 0.0, 1.0, 0.6628913050757039, 1.0, 0.0, 0.0, 0.0, 0.0, 0.0, 0.0, 0.0]",16809,110501,N6,accept,0.3777777777777778,ts,909,1
"[0.46153846153846156, -0.46153846153846156, -0.7849624060150376, -0.03125, 0.11999999999999993, 0.0, 0.0, 0.0, 1.0, 0.7003839178920463, 1.0, 0.0, 0.0, 0.0, 0.0, 0.0, 0.0, 0.0]",175226,85230,N1,dismiss,-0.3,ts,1033,1
"[0.14285714285714288, -0.14285714285714288, 0.08411892675852069, 0.0, 0.0, 0.0, 0.0, 0.0, 1.0, 0.7717968012528305, 1.0, 0.0, 0.0, 0.0, 0.0, 0.0, 0.0, 0.0]",141774,174759,N1,dismiss,-0.3,ts,2418,0
"[0.25, -0.25, -0.24812030075187969, 0.0581039755351682, 0.32978723404255317, 0.0, 0.0, 0.0, 1.0, 0.6724565857057285, 1.0, 0.0, 0.0, 0.0, 0.0, 0.0, 0.0, 0.0]",82380,117045,N1,dismiss,-0.3,ts,708,0
"[0.5798319327731092, -0.5798319327731092, 0.20898100172711576, -0.3015267175572519, 0.28, 0.0, 0.0, 0.0, 1.0, 0.7247410787141373, 1.0, 0.0, 0.0, 0.0, 0.0, 0.0, 0.0, 0.0]",61358,104681,N6,accept,0.7058823529411764,ts,1623,1
"[0.1666666666666667, -0.1666666666666667, -0.13333333333333333, -0.3, -0.16, 0.0, 0.0, 0.0, 1.0, 0.6556594342490147, 1.0, 0.0, 0.0, 0.0, 0.0, 0.0, 0.0, 0.0]",18490,156539,N1,accept,0.4166666666666667,ts,1885,0
"[0.040000000000000036, -0.040000000000000036, -0.08016032064128256, 0.6467889908256881, -0.4727272727272727, 0.0, 0.0, 0.0, 1.0, 0.5347747310946434, 1.0, 0.0, 0.0, 0.0, 0.0, 0.0, 0.0, 0.0]",185374,158412,N1,dismiss,-0.3,ts,1623,0
"[0.047619047619047505, -0.047619047619047505, -0.4842105263157895, -0.02, 0.039999999999999994, 0.0, 0.0, 0.0, 1.0, 0.6263491158595921, 1.0, 0.0, 0.0, 0.0, 0.0, 0.0, 0.0, 0.0]",111106,114070,N1,dismiss,-0.3,ts,1849,1
"[0.5454545454545455, -0.5454545454545455, -0.34353018158023885, 0.0, 0.0, 0.0, 0.0, 0.0, 1.0, 0.8191303026203585, 1.0, 0.0, 0.0, 0.0, 0.0, 0.0, 0.0, 0.0]",54334,54345,N1,dismiss,-0.3,ts,2415,1
"[0.20000000000000007, -0.20000000000000007, -0.5635935397039031, -0.11811023622047244, 1.0, 0.0, 0.0, 0.0, 1.0, 0.5263580713412344, 1.0, 0.0, 0.0, 0.0, 0.0, 0.0, 0.0, 0.0]",106733,107458,N1,dismiss,-0.3,ts,2440,1
"[0.4897959183673469, -0.4897959183673469, -0.42857142857142855, -0.19623655913978494, -0.3793103448275862, 0.0, 0.0, 0.0, 1.0, 0.662911188753205, 1.0, 0.0, 0.0, 0.0, 0.0, 0.0, 0.0, 0.0]",169065,104684,N1,dismiss,-0.3,ts,477,1
"[0.16666666666666663, -0.16666666666666663, -0.1497064579256361, -0.04, -0.039999999999999994, 0.0, 0.0, 0.0, 1.0, 0.7364152237187678, 1.0, 0.0, 0.0, 0.0, 0.0, 0.0, 0.0, 0.0]",122734,81996,N1,accept,0.41666666666666663,ts,2831,0
"[0.18831168831168835, -0.18831168831168835, 0.20250120250120254, 0.1111111111111111, -0.07999999999999999, 0.0, 0.0, 0.0, 1.0, 0.7001240443089605, 1.0, 0.0, 0.0, 0.0, 0.0, 0.0, 0.0, 0.0]",128341,85224,N1,accept,0.4318181818181818,ts,2987,0
"[0.11999999999999993, -0.11999999999999993, -0.5, 0.031073446327683617, 0.15384615384615385, 0.0, 0.0, 0.0, 1.0, 0.6193290526080371, 1.0, 0.0, 0.0, 0.0, 0.0, 0.0, 0.0, 0.0]",108784,123143,N1,dismiss,-0.3,ts,1766,1
"[0.19999999999999993, -0.19999999999999993, -0.55, -0.9, -0.8363636363636363, 0.0, 0.0, 0.0, 1.0, 0.4423573576868047, 1.0, 0.0, 0.0, 0.0, 0.0, 0.0, 0.0, 0.0]",126074,62598,N1,accept,0.43999999999999995,ts,2722,1
"[0.41666666666666663, -0.41666666666666663, 0.1926782273603083, -0.02158273381294964, 0.0, 0.0, 0.0, 0.0, 1.0, 0.8183544914832085, 1.0, 0.0, 0.0, 0.0, 0.0, 0.0, 0.0, 0.0]",125880,39280,N1,dismiss,-0.3,ts,948,0
"[0.20000000000000007, -0.20000000000000007, 0.2, -0.02824858757062147, -0.07692307692307693, 0.0, 0.0, 0.0, 1.0, 0.7272631233208297, 1.0, 0.0, 0.0, 0.0, 0.0, 0.0, 0.0, 0.0]",108743,31975,N1,dismiss,-0.3,ts,2400,1
"[0.41176470588235287, -0.41176470588235287, -0.10614525139664797, 0.12, 0.24, 0.0, 0.0, 0.0, 1.0, 0.7599295455936875, 1.0, 0.0, 0.0, 0.0, 0.0, 0.0, 0.0, 0.0]",63626,58615,N1,dismiss,-0.3,ts,1711,0
"[0.20000000000000007, -0.20000000000000007, -0.018032786885245924, 1.0, 0.74, 0.0, 0.0, 0.0, 1.0, 0.5608166915972946, 1.0, 0.0, 0.0, 0.0, 0.0, 0.0, 0.0, 0.0]",79856,135483,N1,dismiss,-0.3,ts,2065,1
"[0.20000000000000004, -0.20000000000000004, -0.32, -0.75, -0.44000000000000006, 0.0, 0.0, 0.0, 1.0, 0.5239735986960091, 1.0, 0.0, 0.0, 0.0, 0.0, 0.0, 0.0, 0.0]",69485,18334,N1,dismiss,-0.3,ts,1210,0
"[0.12499999999999999, -0.12499999999999999, -0.4235294117647059, 0.017605633802816902, -0.35294117647058826, 0.0, 0.0, 0.0, 1.0, 0.6009292107713861, 1.0, 0.0, 0.0, 0.0, 0.0, 0.0, 0.0, 0.0]",120828,110153,N1,dismiss,-0.3,ts,1478,0
"[0.1411042944785276, -0.1411042944785276, -0.07228915662650597, -0.025, -0.48101265822784817, 0.0, 0.0, 0.0, 1.0, 0.6752174307740954, 1.0, 0.0, 0.0, 0.0, 0.0, 0.0, 0.0, 0.0]",15663,117054,N1,accept,0.3987730061349693,ts,536,1
"[0.8944444444444444, -0.8944444444444444, 0.0, -0.02, 0.0, 0.0, 0.0, 0.0, 1.0, 0.962136410518863, 1.0, 0.0, 0.0, 0.0, 0.0, 0.0, 0.0, 0.0]",89731,83441,N1,dismiss,-0.3,ts,1773,0
"[0.25000000000000006, -0.25000000000000006, -0.0625, -0.34, 0.039999999999999994, 0.0, 0.0, 0.0, 1.0, 0.7305487309174494, 1.0, 0.0, 0.0, 0.0, 0.0, 0.0, 0.0, 0.0]",40998,50997,N1,dismiss,-0.3,ts,477,0
"[0.25, -0.25, 0.13333333333333333, 1.0, -0.23809523809523808, 0.0, 0.0, 0.0, 1.0, 0.600354712283968, 1.0, 0.0, 0.0, 0.0, 0.0, 0.0, 0.0, 0.0]",139964,113825,N1,accept,0.475,ts,791,0
"[0.5757575757575757, -0.5757575757575757, -0.35118525021949076, -0.15176151761517614, 0.5833333333333334, 0.0, 0.0, 0.0, 1.0, 0.6810559444621563, 1.0, 0.0, 0.0, 0.0, 0.0, 0.0, 0.0, 0.0]",141852,16911,N1,accept,0.7030303030303029,ts,2074,1
"[0.09999999999999996, -0.09999999999999996, 0.0, -0.1005586592178771, 0.0, 0.0, 0.0, 0.0, 1.0, 0.7598937305521247, 1.0, 0.0, 0.0, 0.0, 0.0, 0.0, 0.0, 0.0]",127521,108202,N1,dismiss,-0.3,ts,1448,0
"[0.722689075630252, -0.722689075630252, 0.20898100172711576, 0.31297709923664124, 0.08, 0.0, 0.0, 0.0, 1.0, 0.7883841872788766, 1.0, 0.0, 0.0, 0.0, 0.0, 0.0, 0.0, 0.0]",61358,169335,N1,dismiss,-0.3,ts,1423,1
"[0.28571428571428575, -0.28571428571428575, 0.23592419664927214, 0.4583333333333333, -0.1, 0.0, 0.0, 0.0, 1.0, 0.658588363112707, 1.0, 0.0, 0.0, 0.0, 0.0, 0.0, 0.0, 0.0]",139086,127333,N1,dismiss,-0.3,ts,1538,0
"[0.375, -0.375, 0.024727272727272716, -0.4527027027027027, 0.33999999999999997, 0.0, 0.0, 0.0, 1.0, 0.7044564132089861, 1.0, 0.0, 0.0, 0.0, 0.0, 0.0, 0.0, 0.0]",19607,154734,N1,dismiss,-0.3,ts,762,0
"[0.04494382022471914, -0.04494382022471914, -0.2535714285714286, -0.08064516129032258, 0.0, 0.0, 0.0, 0.0, 1.0, 0.6649279362905083, 1.0, 0.0, 0.0, 0.0, 0.0, 0.0, 0.0, 0.0]",79360,18005,N1,dismiss,-0.3,ts,504,0
"[0.20000000000000007, -0.20000000000000007, 0.20240480961923843, 1.0, 1.0, 0.0, 0.0, 0.0, 1.0, 0.47344812991345014, 1.0, 0.0, 0.0, 0.0, 0.0, 0.0, 0.0, 0.0]",169305,31966,N1,dismiss,-0.3,ts,1303,0
"[0.25, -0.25, 0.09090909090909091, 0.1, 0.49166666666666653, 0.0, 0.0, 0.0, 1.0, 0.6852588678547423, 1.0, 0.0, 0.0, 0.0, 0.0, 0.0, 0.0, 0.0]",110001,165914,N1,accept,0.475,ts,1995,0
"[0.4545454545454546, -0.4545454545454546, -0.10071942446043164, 0.03254437869822485, 0.6666666666666666, 0.0, 0.0, 0.0, 1.0, 0.7417729623391699, 1.0, 0.0, 0.0, 0.0, 0.0, 0.0, 0.0, 0.0]",108746,107563,N1,accept,0.6181818181818182,ts,1411,1
"[0.5599999999999999, -0.5599999999999999, 0.08267716535433069, 0.36, 1.0, 0.0, 0.0, 0.0, 1.0, 0.6842840609430062, 1.0, 0.0, 0.0, 0.0, 0.0, 0.0, 0.0, 0.0]",185411,89763,N3,dismiss,-0.3,ts,538,1
"[0.6136363636363636, -0.6136363636363636, 0.12023898431665417, -0.5661971830985916, -0.5818181818181819, 0.0, 0.0, 0.0, 1.0, 0.6839698412092579, 1.0, 0.0, 0.0, 0.0, 0.0, 0.0, 0.0, 0.0]",123260,142262,N1,accept,0.7295454545454545,ts,442,1
"[0.3636363636363637, -0.3636363636363637, 0.0, 0.016713091922005572, 0.25, 0.0, 0.0, 0.0, 1.0, 0.8103249790259089, 1.0, 0.0, 0.0, 0.0, 0.0, 0.0, 0.0, 0.0]",123014,123174,N1,dismiss,-0.3,ts,594,0
"[0.30000000000000004, -0.30000000000000004, -0.3508771929824562, -0.08, 0.059999999999999984, 0.0, 0.0, 0.0, 1.0, 0.7154773582189826, 1.0, 0.0, 0.0, 0.0, 0.0, 0.0, 0.0, 0.0]",110598,141822,N1,accept,0.51,ts,2701,0
"[0.35483870967741926, -0.35483870967741926, -0.25974025974025977, 0.0, 0.0, 0.0, 0.0, 0.0, 1.0, 0.790742212554951, 1.0, 0.0, 0.0, 0.0, 0.0, 0.0, 0.0, 0.0]",63937,48997,N1,dismiss,-0.3,ts,887,0
"[0.25, -0.25, 0.09090909090909091, 0.1, 0.49166666666666653, 0.0, 0.0, 0.0, 1.0, 0.6852588678547423, 1.0, 0.0, 0.0, 0.0, 0.0, 0.0, 0.0, 0.0]",110001,165914,N1,dismiss,-0.3,ts,696,0
"[0.09090909090909098, -0.09090909090909098, 0.16701461377870563, 0.10227272727272728, -0.125, 0.0, 0.0, 0.0, 1.0, 0.6661605042583887, 1.0, 0.0, 0.0, 0.0, 0.0, 0.0, 0.0, 0.0]",110877,16906,N1,dismiss,-0.3,ts,991,0
"[0.0555555555555556, -0.0555555555555556, -0.44341372912801486, 0.01764705882352941, 0.0, 0.0, 0.0, 0.0, 1.0, 0.6479755888896072, 1.0, 0.0, 0.0, 0.0, 0.0, 0.0, 0.0, 0.0]",123848,107052,N1,dismiss,-0.3,ts,1475,1
"[0.06666666666666665, -0.06666666666666665, -0.03710575139146568, -0.20212765957446807, -0.08333333333333333, 0.0, 0.0, 0.0, 1.0, 0.6877053690874355, 1.0, 0.0, 0.0, 0.0, 0.0, 0.0, 0.0, 0.0]",63878,16734,N1,dismiss,-0.3,ts,1578,1
"[0.11999999999999993, -0.11999999999999993, -0.5, 0.06552706552706553, 0.5714285714285714, 0.0, 0.0, 0.0, 1.0, 0.5475076325052248, 1.0, 0.0, 0.0, 0.0, 0.0, 0.0, 0.0, 0.0]",151839,89763,N1,accept,0.38399999999999995,ts,2488,1
"[0.25, -0.25, -0.46332737030411447, -0.10824742268041238, 0.19047619047619047, 0.0, 0.0, 0.0, 1.0, 0.6420465769124615, 1.0, 0.0, 0.0, 0.0, 0.0, 0.0, 0.0, 0.0]",16906,117045,N1,dismiss,-0.3,ts,2438,0
"[0.625, -0.625, -0.1381692573402418, -0.02158273381294964, 0.0, 0.0, 0.0, 0.0, 1.0, 0.8788920358628486, 1.0, 0.0, 0.0, 0.0, 0.0, 0.0, 0.0, 0.0]",108461,81422,N1,dismiss,-0.3,ts,1331,1
"[0.02500000000000002, -0.02500000000000002, -0.1863303498779495, 0.02, -0.07999999999999999, 0.0, 0.0, 0.0, 1.0, 0.6690903795112921, 1.0, 0.0, 0.0, 0.0, 0.0, 0.0, 0.0, 0.0]",130426,62540,N1,dismiss,-0.3,ts,798,0
"[0.10999999999999997, -0.10999999999999997, -0.125, -0.48333333333333334, -0.58, 0.0, 0.0, 0.0, 1.0, 0.5507150856559786, 1.0, 0.0, 0.0, 0.0, 0.0, 0.0, 0.0, 0.0]",18616,79360,N1,accept,0.37699999999999995,ts,2032,1
"[0.6153846153846154, -0.6153846153846154, 0.11299709020368566, -0.04, -0.020000000000000018, 0.0, 0.0, 0.0, 1.0, 0.8739678605030003, 1.0, 0.0, 0.0, 0.0, 0.0, 0.0, 0.0, 0.0]",145085,113027,N1,dismiss,-0.3,ts,2029,0
"[0.4069767441860465, -0.4069767441860465, -0.16522948539638388, 0.11255411255411256, -0.44642857142857145, 0.0, 0.0, 0.0, 1.0, 0.7110194640149824, 1.0, 0.0, 0.0, 0.0, 0.0, 0.0, 0.0, 0.0]",20076,20089,N1,dismiss,-0.3,ts,2443,1
"[0.14285714285714282, -0.14285714285714282, 0.21108179419525067, 0.2422145328719723, -0.7583333333333333, 0.0, 0.0, 0.0, 1.0, 0.5592152435602589, 1.0, 0.0, 0.0, 0.0, 0.0, 0.0, 0.0, 0.0]",105432,158412,N6,accept,0.39999999999999997,ts,2577,1
"[0.18831168831168835, -0.18831168831168835, 0.0, 0.15942028985507245, 0.18, 0.0, 0.0, 0.0, 1.0, 0.732496988669393, 1.0, 0.0, 0.0, 0.0, 0.0, 0.0, 0.0, 0.0]",151793,85224,N1,dismiss,-0.3,ts,2498,0
"[0.616, -0.616, -0.10601265822784818, -0.022535211267605635, 0.8333333333333334, 0.0, 0.0, 0.0, 1.0, 0.7654557625466683, 1.0, 0.0, 0.0, 0.0, 0.0, 0.0, 0.0, 0.0]",109421,108828,N1,dismiss,-0.3,ts,2261,0
"[0.25, -0.25, 0.22714285714285723, 0.052434456928838954, -0.06666666666666667, 0.0, 0.0, 0.0, 1.0, 0.7329119913938553, 1.0, 0.0, 0.0, 0.0, 0.0, 0.0, 0.0, 0.0]",57653,21089,N1,dismiss,-0.3,ts,2165,0
"[0.03273809523809514, -0.03273809523809514, 0.1926782273603083, 0.09, 0.09090909090909091, 0.0, 0.0, 0.0, 1.0, 0.6486620220280555, 1.0, 0.0, 0.0, 0.0, 0.0, 0.0, 0.0, 0.0]",16734,63891,N1,dismiss,-0.3,ts,1910,0
"[0.09999999999999996, -0.09999999999999996, 0.0, -0.23333333333333334, -0.42000000000000004, 0.0, 0.0, 0.0, 1.0, 0.6460411997111499, 1.0, 0.0, 0.0, 0.0, 0.0, 0.0, 0.0, 0.0]",18598,155815,N1,dismiss,-0.3,ts,1814,1
"[0.17090909090909095, -0.17090909090909095, -0.2345978755690441, 0.0, 0.0, 0.0, 0.0, 0.0, 1.0, 0.7378238220265599, 1.0, 0.0, 0.0, 0.0, 0.0, 0.0, 0.0, 0.0]",49870,147348,N1,dismiss,-0.3,ts,1686,1
"[0.5748571428571428, -0.5748571428571428, 0.0, -0.024734982332155476, 0.0, 0.0, 0.0, 0.0, 1.0, 0.9171184257932178, 1.0, 0.0, 0.0, 0.0, 0.0, 0.0, 0.0, 0.0]",63899,63937,N1,dismiss,-0.3,ts,2207,0
"[0.20000000000000004, -0.20000000000000004, -0.05555555555555555, -0.75, -0.44000000000000006, 0.0, 0.0, 0.0, 1.0, 0.5974829772502733, 1.0, 0.0, 0.0, 0.0, 0.0, 0.0, 0.0, 0.0]",68609,18334,N1,accept,0.44,ts,1541,1
"[0.09999999999999991, -0.09999999999999991, -0.715307582260372, 0.0, 0.0, 0.0, 0.0, 0.0, 1.0, 0.6350536090371364, 1.0, 0.0, 0.0, 0.0, 0.0, 0.0, 0.0, 0.0]",16689,16809,N1,dismiss,-0.3,ts,1503,0
"[0.7843137254901961, -0.7843137254901961, 0.17994100294985255, 1.0, -0.6363636363636364, 0.0, 0.0, 0.0, 1.0, 0.6485163998686077, 1.0, 0.0, 0.0, 0.0, 0.0, 0.0, 0.0, 0.0]",120916,169349,N1,accept,0.8490196078431371,ts,851,0
"[0.2941176470588236, -0.2941176470588236, 0.0, 1.0, 0.22000000000000003, 0.0, 0.0, 0.0, 1.0, 0.6533578724024277, 1.0, 0.0, 0.0, 0.0, 0.0, 0.0, 0.0, 0.0]",51572,50956,N1,dismiss,-0.3,ts,1162,0
"[0.018404907975460003, -0.018404907975460003, -0.2145505097312326, -0.011111111111111112, 0.39240506329113917, 0.0, 0.0, 0.0, 1.0, 0.6022532962352116, 1.0, 0.0, 0.0, 0.0, 0.0, 0.0, 0.0, 0.0]",15663,87724,N1,dismiss,-0.3,ts,2421,1
"[0.56, -0.56, 0.0, 1.0, -0.3333333333333333, 0.0, 0.0, 0.0, 1.0, 0.7152978852370033, 1.0, 0.0, 0.0, 0.0, 0.0, 0.0, 0.0, 0.0]",104684,169349,N1,dismiss,-0.3,ts,1812,0
"[0.28571428571428564, -0.28571428571428564, -0.1971481711097334, -0.12, -0.06000000000000001, 0.0, 0.0, 0.0, 1.0, 0.7368947788610691, 1.0, 0.0, 0.0, 0.0, 0.0, 0.0, 0.0, 0.0]",81570,189203,N1,dismiss,-0.3,ts,960,1
"[0.09999999999999996, -0.09999999999999996, 0.0, -0.1005586592178771, 0.0, 0.0, 0.0, 0.0, 1.0, 0.7598937305521247, 1.0, 0.0, 0.0, 0.0, 0.0, 0.0, 0.0, 0.0]",127521,108202,N1,dismiss,-0.3,ts,1289,0
"[0.4444444444444445, -0.4444444444444445, 0.17096774193548378, -0.18, -0.58, 0.0, 0.0, 0.0, 1.0, 0.6894489194008218, 1.0, 0.0, 0.0, 0.0, 0.0, 0.0, 0.0, 0.0]",81420,132873,N1,dismiss,-0.3,ts,2471,0
"[0.047619047619047505, -0.047619047619047505, -0.6536340852130326, -0.02, 0.0, 0.0, 0.0, 0.0, 1.0, 0.6160568845960114, 1.0, 0.0, 0.0, 0.0, 0.0, 0.0, 0.0, 0.0]",111106,119482,N1,dismiss,-0.3,ts,449,1
"[0.4545454545454546, -0.4545454545454546, -0.375, 0.11781609195402298, 1.0, 0.0, 0.0, 0.0, 1.0, 0.631459319493265, 1.0, 0.0, 0.0, 0.0, 0.0, 0.0, 0.0, 0.0]",32065,107588,N1,dismiss,-0.3,ts,2232,1
"[0.2941176470588235, -0.2941176470588235, -0.20508744038155807, 0.9354838709677419, 0.58, 0.0, 0.0, 0.0, 1.0, 0.5564807400241625, 1.0, 0.0, 0.0, 0.0, 0.0, 0.0, 0.0, 0.0]",79359,18570,N1,dismiss,-0.3,ts,547,0
"[0.3142857142857143, -0.3142857142857143, -0.5006513243595311, -0.21107266435986158, 0.0, 0.0, 0.0, 0.0, 1.0, 0.6816641322507467, 1.0, 0.0, 0.0, 0.0, 0.0, 0.0, 0.0, 0.0]",110153,178949,N6,accept,0.52,ts,1033,1
"[0.6875, -0.6875, -0.4357298474945534, -0.052924791086350974, 0.396551724137931, 0.0, 0.0, 0.0, 1.0, 0.7300701540116802, 1.0, 0.0, 0.0, 0.0, 0.0, 0.0, 0.0, 0.0]",158412,145532,N1,accept,0.78125,ts,2868,0
"[0.14, -0.14, -0.323238566131026, 0.0, 0.0, 0.0, 0.0, 0.0, 1.0, 0.7065192485809642, 1.0, 0.0, 0.0, 0.0, 0.0, 0.0, 0.0, 0.0]",74215,69993,N1,dismiss,-0.3,ts,999,0
"[0.5707070707070706, -0.5707070707070706, 0.0, -0.1, 0.1, 0.0, 0.0, 0.0, 1.0, 0.8691748323312947, 1.0, 0.0, 0.0, 0.0, 0.0, 0.0, 0.0, 0.0]",141703,87406,N1,dismiss,-0.3,ts,1541,1
"[0.16666666666666663, -0.16666666666666663, -0.271869328493648, 0.2, -0.020000000000000018, 0.0, 0.0, 0.0, 1.0, 0.6720108132142955, 1.0, 0.0, 0.0, 0.0, 0.0, 0.0, 0.0, 0.0]",87131,86978,N1,dismiss,-0.3,ts,612,1
"[0.09090909090909087, -0.09090909090909087, -0.13017127799736508, 0.82, 0.045454545454545456, 0.0, 0.0, 0.0, 1.0, 0.6041007760941072, 1.0, 0.0, 0.0, 0.0, 0.0, 0.0, 0.0, 0.0]",85794,120787,N1,dismiss,-0.3,ts,2231,1
"[0.3636363636363637, -0.3636363636363637, 0.0, 0.016713091922005572, 0.15384615384615385, 0.0, 0.0, 0.0, 1.0, 0.8296166021577667, 1.0, 0.0, 0.0, 0.0, 0.0, 0.0, 0.0, 0.0]",123551,123174,N1,dismiss,-0.3,ts,2149,0
"[0.19709090909090918, -0.19709090909090918, -0.07324621733149929, 0.0, 0.0, 0.0, 0.0, 0.0, 1.0, 0.7945750109053056, 1.0, 0.0, 0.0, 0.0, 0.0, 0.0, 0.0, 0.0]",85069,63876,N1,accept,0.43796363636363644,ts,1894,0
"[0.5, -0.5, -0.10344827586206896, 0.0, 0.0, 0.0, 0.0, 0.0, 1.0, 0.8714079900606294, 1.0, 0.0, 0.0, 0.0, 0.0, 0.0, 0.0, 0.0]",70828,129946,N1,dismiss,-0.3,ts,2033,0
"[0.8733333333333334, -0.8733333333333334, -0.15050000000000008, 0.3511450381679389, 0.1, 0.0, 0.0, 0.0, 1.0, 0.8112114287280383, 1.0, 0.0, 0.0, 0.0, 0.0, 0.0, 0.0, 0.0]",80035,87097,N1,dismiss,-0.3,ts,566,1
"[0.5454545454545455, -0.5454545454545455, -0.34353018158023885, 0.0, 0.0, 0.0, 0.0, 0.0, 1.0, 0.8191303026203585, 1.0, 0.0, 0.0, 0.0, 0.0, 0.0, 0.0, 0.0]",54334,54345,N6,accept,0.6818181818181819,ts,2546,1
"[0.47058823529411764, -0.47058823529411764, 0.15384615384615385, 0.0, 0.0, 0.0, 0.0, 0.0, 1.0, 0.8490503635579928, 1.0, 0.0, 0.0, 0.0, 0.0, 0.0, 0.0, 0.0]",156353,18570,N1,dismiss,-0.3,ts,1489,0
"[0.0714285714285715, -0.0714285714285715, -0.1111111111111111, 0.0, 0.0, 0.0, 0.0, 0.0, 1.0, 0.7368311669831881, 1.0, 0.0, 0.0, 0.0, 0.0, 0.0, 0.0, 0.0]",50807,57385,N1,accept,0.35000000000000003,ts,1553,1
"[0.06211180124223608, -0.06211180124223608, 0.0, -0.15968586387434555, 0.2631578947368421, 0.0, 0.0, 0.0, 1.0, 0.6708322026650078, 1.0, 0.0, 0.0, 0.0, 0.0, 0.0, 0.0, 0.0]",103705,103704,N1,dismiss,-0.3,ts,2778,1
"[0.16666666666666666, -0.16666666666666666, -0.058068872383524726, -0.335423197492163, -0.28, 0.0, 0.0, 0.0, 1.0, 0.651672887884462, 1.0, 0.0, 0.0, 0.0, 0.0, 0.0, 0.0, 0.0]",128276,84871,N1,accept,0.41666666666666663,ts,1798,1
"[0.6375, -0.6375, 0.0, -0.02158273381294964, 0.0, 0.0, 0.0, 0.0, 1.0, 0.9293128096864788, 1.0, 0.0, 0.0, 0.0, 0.0, 0.0, 0.0, 0.0]",85325,40258,N1,dismiss,-0.3,ts,2176,0
"[0.41176470588235287, -0.41176470588235287, -0.4265232974910394, 0.08, 0.12000000000000002, 0.0, 0.0, 0.0, 1.0, 0.7184106107941747, 1.0, 0.0, 0.0, 0.0, 0.0, 0.0, 0.0, 0.0]",88339,58615,N1,dismiss,-0.3,ts,502,0
"[0.010909090909090839, -0.010909090909090839, -0.7835593220338983, -0.14285714285714285, -0.08333333333333333, 0.0, 0.0, 0.0, 1.0, 0.5355134964909132, 1.0, 0.0, 0.0, 0.0, 0.0, 0.0, 0.0, 0.0]",51122,115323,N1,dismiss,-0.3,ts,2579,0
"[0.11458333333333333, -0.11458333333333333, -0.11504424778761058, -0.5561959654178674, -0.7909090909090909, 0.0, 0.0, 0.0, 1.0, 0.5315991195502442, 1.0, 0.0, 0.0, 0.0, 0.0, 0.0, 0.0, 0.0]",108828,142262,N1,dismiss,-0.3,ts,1591,0
"[0.2972972972972973, -0.2972972972972973, 0.052770448548812667, -0.2440944881889764, -0.2631578947368421, 0.0, 0.0, 0.0, 1.0, 0.7152849125461873, 1.0, 0.0, 0.0, 0.0, 0.0, 0.0, 0.0, 0.0]",31679,175226,N1,dismiss,-0.3,ts,1814,1
"[0.5588235294117647, -0.5588235294117647, -0.48514285714285715, 1.0, -0.23809523809523808, 0.0, 0.0, 0.0, 1.0, 0.5916319153496256, 1.0, 0.0, 0.0, 0.0, 0.0, 0.0, 0.0, 0.0]",104680,155692,N1,dismiss,-0.3,ts,517,1
"[0.125, -0.125, 0.0, -0.06666666666666667, 0.0, 0.0, 0.0, 0.0, 1.0, 0.777609297833477, 1.0, 0.0, 0.0, 0.0, 0.0, 0.0, 0.0, 0.0]",139964,175348,N1,dismiss,-0.3,ts,1838,1
"[0.19999999999999993, -0.19999999999999993, -0.5714285714285714, 1.0, 0.23809523809523808, 0.0, 0.0, 0.0, 1.0, 0.48000589499188684, 1.0, 0.0, 0.0, 0.0, 0.0, 0.0, 0.0, 0.0]",104680,29970,N1,dismiss,-0.3,ts,1806,1
"[0.20000000000000007, -0.20000000000000007, -0.07381661701423371, 0.005698005698005698, 0.07142857142857142, 0.0, 0.0, 0.0, 1.0, 0.773709636320306, 1.0, 0.0, 0.0, 0.0, 0.0, 0.0, 0.0, 0.0]",15528,88669,N1,dismiss,-0.3,ts,785,1
"[0.25, -0.25, 0.0, 0.07453416149068323, 0.13636363636363635, 0.0, 0.0, 0.0, 1.0, 0.7830109453831142, 1.0, 0.0, 0.0, 0.0, 0.0, 0.0, 0.0, 0.0]",43089,117045,N1,dismiss,-0.3,ts,665,0
"[0.18154761904761904, -0.18154761904761904, -0.32540675844806016, 0.0, 0.0, 0.0, 0.0, 0.0, 1.0, 0.7207701523456082, 1.0, 0.0, 0.0, 0.0, 0.0, 0.0, 0.0, 0.0]",16679,152267,N1,dismiss,-0.3,ts,2485,1
"[0.3636363636363637, -0.3636363636363637, 0.0, 0.016713091922005572, 0.25, 0.0, 0.0, 0.0, 1.0, 0.8103249790259089, 1.0, 0.0, 0.0, 0.0, 0.0, 0.0, 0.0, 0.0]",123014,123174,N1,dismiss,-0.3,ts,2462,0
"[0.25, -0.25, -0.25925925925925924, 0.0778816199376947, 0.13636363636363635, 0.0, 0.0, 0.0, 1.0, 0.7012290684696982, 1.0, 0.0, 0.0, 0.0, 0.0, 0.0, 0.0, 0.0]",142493,117045,N1,accept,0.475,ts,2831,0
"[0.14, -0.14, -0.323238566131026, 0.0, 0.0, 0.0, 0.0, 0.0, 1.0, 0.7065192485809642, 1.0, 0.0, 0.0, 0.0, 0.0, 0.0, 0.0, 0.0]",74215,69993,N1,dismiss,-0.3,ts,2286,0
"[0.09090909090909087, -0.09090909090909087, -0.13017127799736508, 0.82, 0.045454545454545456, 0.0, 0.0, 0.0, 1.0, 0.6041007760941072, 1.0, 0.0, 0.0, 0.0, 0.0, 0.0, 0.0, 0.0]",85795,120787,N1,accept,0.3636363636363636,ts,510,1
"[0.16216216216216217, -0.16216216216216217, -0.16666666666666666, 0.08461538461538462, 0.020833333333333447, 0.0, 0.0, 0.0, 1.0, 0.7234709814458078, 1.0, 0.0, 0.0, 0.0, 0.0, 0.0, 0.0, 0.0]",91969,91957,N1,dismiss,-0.3,ts,2396,0
"[0.55, -0.55, -0.051636363636363695, 0.25, -0.44000000000000006, 0.0, 0.0, 0.0, 1.0, 0.753018755400742, 1.0, 0.0, 0.0, 0.0, 0.0, 0.0, 0.0, 0.0]",19607,128279,N1,dismiss,-0.3,ts,2836,0
"[0.5636363636363637, -0.5636363636363637, 0.23253903040262944, 0.12753623188405797, 1.0, 0.0, 0.0, 0.0, 1.0, 0.6843183977363809, 1.0, 0.0, 0.0, 0.0, 0.0, 0.0, 0.0, 0.0]",123006,107588,N1,dismiss,-0.3,ts,1204,0
"[0.25000000000000006, -0.25000000000000006, 0.20033388981636072, 1.0, -0.21052631578947367, 0.0, 0.0, 0.0, 1.0, 0.5859408089214666, 1.0, 0.0, 0.0, 0.0, 0.0, 0.0, 0.0, 0.0]",185524,128242,N1,dismiss,-0.3,ts,442,0
"[0.09999999999999991, -0.09999999999999991, -0.665546218487395, 0.0, 0.0, 0.0, 0.0, 0.0, 1.0, 0.6400589572696636, 1.0, 0.0, 0.0, 0.0, 0.0, 0.0, 0.0, 0.0]",54201,16809,N1,dismiss,-0.3,ts,2532,0
"[0.5, -0.5, -0.8650904033379694, -0.17027863777089783, -0.1, 0.0, 0.0, 0.0, 1.0, 0.6737533899518656, 1.0, 0.0, 0.0, 0.0, 0.0, 0.0, 0.0, 0.0]",87863,117029,N1,dismiss,-0.3,ts,540,1
"[0.25, -0.25, 0.2124062031015508, 0.001215066828675577, 0.0, 0.0, 0.0, 0.0, 1.0, 0.7700037600548302, 1.0, 0.0, 0.0, 0.0, 0.0, 0.0, 0.0, 0.0]",30337,15457,N1,dismiss,-0.3,ts,626,0
"[0.3636363636363637, -0.3636363636363637, 0.0, 0.0, 0.0, 0.0, 0.0, 0.0, 1.0, 0.8742764353476687, 1.0, 0.0, 0.0, 0.0, 0.0, 0.0, 0.0, 0.0]",123054,123174,N1,dismiss,-0.3,ts,2361,0
"[0.11475409836065566, -0.11475409836065566, -0.3639207507820647, 0.008645533141210375, -0.13793103448275856, 0.0, 0.0, 0.0, 1.0, 0.6504690940879523, 1.0, 0.0, 0.0, 0.0, 0.0, 0.0, 0.0, 0.0]",54573,15687,N1,dismiss,-0.3,ts,2308,1
"[0.09090909090909098, -0.09090909090909098, -0.45196211096075783, -0.1618798955613577, -0.15384615384615385, 0.0, 0.0, 0.0, 1.0, 0.583661446327673, 1.0, 0.0, 0.0, 0.0, 0.0, 0.0, 0.0, 0.0]",30022,142493,N1,dismiss,-0.3,ts,2154,1
"[0.22602739726027393, -0.22602739726027393, -0.1261711430356028, 0.0, 0.125, 0.0, 0.0, 0.0, 1.0, 0.7538711302491253, 1.0, 0.0, 0.0, 0.0, 0.0, 0.0, 0.0, 0.0]",43388,146721,N1,accept,0.4582191780821917,ts,1452,0
"[0.19999999999999993, -0.19999999999999993, -0.25, -0.8833333333333333, -0.7454545454545454, 0.0, 0.0, 0.0, 1.0, 0.5035447216368699, 1.0, 0.0, 0.0, 0.0, 0.0, 0.0, 0.0, 0.0]",126074,18330,N1,dismiss,-0.3,ts,2341,1
"[0.5599999999999999, -0.5599999999999999, -0.5522388059701493, -0.04891304347826087, 0.33928571428571436, 0.0, 0.0, 0.0, 1.0, 0.6998512317173424, 1.0, 0.0, 0.0, 0.0, 0.0, 0.0, 0.0, 0.0]",174790,30105,N1,dismiss,-0.3,ts,1895,1
"[0.25, -0.25, -0.44881101376720905, 0.3220338983050847, 1.0, 0.0, 0.0, 0.0, 1.0, 0.5006694423277561, 1.0, 0.0, 0.0, 0.0, 0.0, 0.0, 0.0, 0.0]",158428,146728,N1,dismiss,-0.3,ts,1088,1
"[0.2857142857142857, -0.2857142857142857, -0.16666666666666666, -0.48333333333333334, -0.38, 0.0, 0.0, 0.0, 1.0, 0.6215402245940977, 1.0, 0.0, 0.0, 0.0, 0.0, 0.0, 0.0, 0.0]",50807,41650,N1,dismiss,-0.3,ts,2237,1
"[0.7000000000000001, -0.7000000000000001, -0.35, 0.0, 0.0, 0.0, 0.0, 0.0, 1.0, 0.8447686501604755, 1.0, 0.0, 0.0, 0.0, 0.0, 0.0, 0.0, 0.0]",63921,63920,N1,accept,0.79,ts,2844,0
"[0.5384615384615385, -0.5384615384615385, -0.03231017770597738, -0.08256880733944955, -0.08333333333333333, 0.0, 0.0, 0.0, 1.0, 0.8587022838216644, 1.0, 0.0, 0.0, 0.0, 0.0, 0.0, 0.0, 0.0]",63891,16729,N1,dismiss,-0.3,ts,2696,1
"[0.04761904761904766, -0.04761904761904766, -0.39722724532851117, 0.15162454873646208, 0.4, 0.0, 0.0, 0.0, 1.0, 0.5363539792335147, 1.0, 0.0, 0.0, 0.0, 0.0, 0.0, 0.0, 0.0]",16646,63925,N1,dismiss,-0.3,ts,2816,0
"[0.10000000000000007, -0.10000000000000007, -0.17519908987485786, -0.01048951048951049, -0.14285714285714285, 0.0, 0.0, 0.0, 1.0, 0.6877102891525925, 1.0, 0.0, 0.0, 0.0, 0.0, 0.0, 0.0, 0.0]",115366,134111,N1,dismiss,-0.3,ts,1082,1
"[0.5636363636363637, -0.5636363636363637, -0.10601265822784818, 0.017595307917888565, 0.8333333333333334, 0.0, 0.0, 0.0, 1.0, 0.7571052284670172, 1.0, 0.0, 0.0, 0.0, 0.0, 0.0, 0.0, 0.0]",116193,108828,N1,dismiss,-0.3,ts,1069,0
"[0.1666666666666667, -0.1666666666666667, -0.29411764705882354, -0.1, -0.19999999999999996, 0.0, 0.0, 0.0, 1.0, 0.6456485600683607, 1.0, 0.0, 0.0, 0.0, 0.0, 0.0, 0.0, 0.0]",40189,61090,N1,dismiss,-0.3,ts,1799,1
"[0.7058823529411765, -0.7058823529411765, -0.23136049192928515, -0.15774647887323945, 0.058823529411764705, 0.0, 0.0, 0.0, 1.0, 0.8149827918709462, 1.0, 0.0, 0.0, 0.0, 0.0, 0.0, 0.0, 0.0]",134227,104684,N1,accept,0.7941176470588236,ts,1540,1
"[0.06666666666666665, -0.06666666666666665, 0.11560693641618497, 0.0, 0.0, 0.0, 0.0, 0.0, 1.0, 0.7336309436321661, 1.0, 0.0, 0.0, 0.0, 0.0, 0.0, 0.0, 0.0]",16722,16725,N1,dismiss,-0.3,ts,1031,1
"[0.47058823529411764, -0.47058823529411764, 0.15384615384615385, 1.0, 0.6599999999999999, 0.0, 0.0, 0.0, 1.0, 0.5943309476945812, 1.0, 0.0, 0.0, 0.0, 0.0, 0.0, 0.0, 0.0]",37982,133969,N1,dismiss,-0.3,ts,1800,0
"[0.5599999999999999, -0.5599999999999999, 0.08267716535433069, 0.36, 1.0, 0.0, 0.0, 0.0, 1.0, 0.6842840609430062, 1.0, 0.0, 0.0, 0.0, 0.0, 0.0, 0.0, 0.0]",185411,89763,N1,accept,0.692,ts,2858,0
"[0.33333333333333337, -0.33333333333333337, -0.6677740863787376, 1.0, 1.0, 0.0, 0.0, 0.0, 1.0, 0.4199746037012671, 1.0, 0.0, 0.0, 0.0, 0.0, 0.0, 0.0, 0.0]",147349,174745,N1,dismiss,-0.3,ts,1357,1
"[0.28571428571428564, -0.28571428571428564, -0.12987362194138205, 0.0, 0.0, 0.0, 0.0, 0.0, 1.0, 0.80528098462751, 1.0, 0.0, 0.0, 0.0, 0.0, 0.0, 0.0, 0.0]",55412,74215,N1,accept,0.4999999999999999,ts,1424,1
"[0.25, -0.25, -0.316628701594533, -0.011428571428571429, 0.13636363636363635, 0.0, 0.0, 0.0, 1.0, 0.7065666744509789, 1.0, 0.0, 0.0, 0.0, 0.0, 0.0, 0.0, 0.0]",117111,117045,N1,dismiss,-0.3,ts,2619,0
"[0.5636363636363637, -0.5636363636363637, -0.5024875621890547, -0.027855153203342618, 0.6, 0.0, 0.0, 0.0, 1.0, 0.6824336821005992, 1.0, 0.0, 0.0, 0.0, 0.0, 0.0, 0.0, 0.0]",29710,107563,N1,accept,0.6945454545454546,ts,2984,1
"[0.7, -0.7, -0.39919839679358715, 0.41284403669724773, -0.1636363636363637, 0.0, 0.0, 0.0, 1.0, 0.7092846715396024, 1.0, 0.0, 0.0, 0.0, 0.0, 0.0, 0.0, 0.0]",185374,115951,N1,dismiss,-0.3,ts,1225,1
"[0.07692307692307684, -0.07692307692307684, -0.1872881355932203, 0.4411764705882353, -0.2916666666666667, 0.0, 0.0, 0.0, 1.0, 0.5620114161518501, 1.0, 0.0, 0.0, 0.0, 0.0, 0.0, 0.0, 0.0]",92709,115240,N1,dismiss,-0.3,ts,1342,0
"[0.537037037037037, -0.537037037037037, -0.5418604651162792, 1.0, 1.0, 0.0, 0.0, 0.0, 1.0, 0.48629217131583413, 1.0, 0.0, 0.0, 0.0, 0.0, 0.0, 0.0, 0.0]",147349,141765,N1,dismiss,-0.3,ts,2225,1
"[0.24242424242424238, -0.24242424242424238, -0.158311345646438, -0.08536585365853659, -0.21999999999999997, 0.0, 0.0, 0.0, 1.0, 0.7058869977996952, 1.0, 0.0, 0.0, 0.0, 0.0, 0.0, 0.0, 0.0]",110035,19597,N1,dismiss,-0.3,ts,1753,1
"[0.25, -0.25, -0.24812030075187969, 0.005813953488372093, 0.041666666666666664, 0.0, 0.0, 0.0, 1.0, 0.7476249554836153, 1.0, 0.0, 0.0, 0.0, 0.0, 0.0, 0.0, 0.0]",174772,117045,N1,dismiss,-0.3,ts,2409,0
"[0.6818181818181819, -0.6818181818181819, 0.0, -0.7517241379310344, -0.3, 0.0, 0.0, 0.0, 1.0, 0.7584198157764016, 1.0, 0.0, 0.0, 0.0, 0.0, 0.0, 0.0, 0.0]",151787,189308,N1,dismiss,-0.3,ts,1632,1
"[0.39999999999999997, -0.39999999999999997, 0.1097533881359699, 0.48717948717948717, -0.08695652173913043, 0.0, 0.0, 0.0, 1.0, 0.72751596380738, 1.0, 0.0, 0.0, 0.0, 0.0, 0.0, 0.0, 0.0]",120796,47180,N1,dismiss,-0.3,ts,1421,0
"[0.2, -0.2, 0.10110110110110104, -0.6043478260869565, 0.05263157894736842, 0.0, 0.0, 0.0, 1.0, 0.6660152152276981, 1.0, 0.0, 0.0, 0.0, 0.0, 0.0, 0.0, 0.0]",191335,127600,N1,dismiss,-0.3,ts,2067,0
"[0.9598214285714286, -0.9598214285714286, 0.2222222222222222, -0.6, -0.6363636363636364, 0.0, 0.0, 0.0, 1.0, 0.6888361719661423, 1.0, 0.0, 0.0, 0.0, 0.0, 0.0, 0.0, 0.0]",51061,50956,N1,accept,0.971875,ts,2405,0
"[0.14, -0.14, -0.5615615615615616, 0.0, 0.0, 0.0, 0.0, 0.0, 1.0, 0.6667940993816643, 1.0, 0.0, 0.0, 0.0, 0.0, 0.0, 0.0, 0.0]",93922,69993,N1,dismiss,-0.3,ts,2344,0
"[0.027027027027027053, -0.027027027027027053, -0.03710575139146568, -0.14040114613180515, -0.26666666666666666, 0.0, 0.0, 0.0, 1.0, 0.647098222594745, 1.0, 0.0, 0.0, 0.0, 0.0, 0.0, 0.0, 0.0]",63922,16722,N1,accept,0.31891891891891894,ts,1195,1
"[0.2, -0.2, -0.861516452074392, 0.0, 0.0, 0.0, 0.0, 0.0, 1.0, 0.6585329291503521, 1.0, 0.0, 0.0, 0.0, 0.0, 0.0, 0.0, 0.0]",16689,110501,N1,dismiss,-0.3,ts,1552,1
"[0.09090909090909086, -0.09090909090909086, 0.09717868338557999, 0.3394495412844037, 0.0, 0.0, 0.0, 0.0, 1.0, 0.6746301399931264, 1.0, 0.0, 0.0, 0.0, 0.0, 0.0, 0.0, 0.0]",182863,39888,N1,dismiss,-0.3,ts,2848,1
"[0.14, -0.14, -0.12400000000000005, 0.05263157894736842, -0.1, 0.0, 0.0, 0.0, 1.0, 0.7156363704875062, 1.0, 0.0, 0.0, 0.0, 0.0, 0.0, 0.0, 0.0]",174942,69993,N1,dismiss,-0.3,ts,2600,0
"[0.2, -0.2, 0.10110110110110104, -0.6043478260869565, 0.05263157894736842, 0.0, 0.0, 0.0, 1.0, 0.6660152152276981, 1.0, 0.0, 0.0, 0.0, 0.0, 0.0, 0.0, 0.0]",191334,127600,N1,dismiss,-0.3,ts,1568,0
"[0.8833333333333333, -0.8833333333333333, -0.24200000000000002, 0.09333333333333334, -0.5545454545454546, 0.0, 0.0, 0.0, 1.0, 0.7642049796472842, 1.0, 0.0, 0.0, 0.0, 0.0, 0.0, 0.0, 0.0]",40487,49086,N1,accept,0.9183333333333332,ts,1850,1
"[0.19999999999999993, -0.19999999999999993, 0.125, 0.0, 0.0, 0.0, 0.0, 0.0, 1.0, 0.7785883097271787, 1.0, 0.0, 0.0, 0.0, 0.0, 0.0, 0.0, 0.0]",75387,18219,N1,dismiss,-0.3,ts,1439,0
"[0.4545454545454546, -0.4545454545454546, -0.10071942446043164, 0.15088757396449703, 1.0, 0.0, 0.0, 0.0, 1.0, 0.6929116885886869, 1.0, 0.0, 0.0, 0.0, 0.0, 0.0, 0.0, 0.0]",108746,107588,N1,dismiss,-0.3,ts,1383,1
"[0.6818181818181819, -0.6818181818181819, 0.19956379498364232, 0.015873015873015872, -0.13999999999999999, 0.0, 0.0, 0.0, 1.0, 0.8356052274651412, 1.0, 0.0, 0.0, 0.0, 0.0, 0.0, 0.0, 0.0]",82102,125786,N1,dismiss,-0.3,ts,2346,1
"[0.30000000000000004, -0.30000000000000004, -0.2663949610967024, 0.04198473282442748, 0.0, 0.0, 0.0, 0.0, 1.0, 0.7607866701733167, 1.0, 0.0, 0.0, 0.0, 0.0, 0.0, 0.0, 0.0]",107855,133081,N1,dismiss,-0.3,ts,2366,0
"[0.3636363636363637, -0.3636363636363637, 0.0, 0.0, 0.0, 0.0, 0.0, 0.0, 1.0, 0.8742764353476687, 1.0, 0.0, 0.0, 0.0, 0.0, 0.0, 0.0, 0.0]",123548,123174,N1,accept,0.5545454545454546,ts,2556,0
"[0.11688311688311692, -0.11688311688311692, -0.5506883604505632, -0.36893203883495146, -0.37037037037037035, 0.0, 0.0, 0.0, 1.0, 0.503104350369461, 1.0, 0.0, 0.0, 0.0, 0.0, 0.0, 0.0, 0.0]",138627,110152,N1,dismiss,-0.3,ts,905,1
"[0.2222222222222222, -0.2222222222222222, 0.0, 0.14, 0.06000000000000001, 0.0, 0.0, 0.0, 1.0, 0.776783811108841, 1.0, 0.0, 0.0, 0.0, 0.0, 0.0, 0.0, 0.0]",141703,122719,N1,dismiss,-0.3,ts,2462,1
"[0.6304347826086956, -0.6304347826086956, -0.030371567043618666, 0.01984126984126984, -0.42592592592592593, 0.0, 0.0, 0.0, 1.0, 0.8308228755199523, 1.0, 0.0, 0.0, 0.0, 0.0, 0.0, 0.0, 0.0]",89552,20089,N1,dismiss,-0.3,ts,2047,1
"[0.9485714285714286, -0.9485714285714286, -0.7682608695652173, 0.2912621359223301, -0.4583333333333333, 0.0, 0.0, 0.0, 1.0, 0.659324447512109, 1.0, 0.0, 0.0, 0.0, 0.0, 0.0, 0.0, 0.0]",54732,128247,N1,dismiss,-0.3,ts,2728,1
"[0.4, -0.4, -0.463379260333575, 0.0, 0.0, 0.0, 0.0, 0.0, 1.0, 0.7634293363767123, 1.0, 0.0, 0.0, 0.0, 0.0, 0.0, 0.0, 0.0]",141750,107066,N1,accept,0.58,ts,1192,1
"[0.1666666666666667, -0.1666666666666667, 0.0, 1.0, 1.0, 0.0, 0.0, 0.0, 1.0, 0.5151700224508992, 1.0, 0.0, 0.0, 0.0, 0.0, 0.0, 0.0, 0.0]",37985,126074,N1,dismiss,-0.3,ts,2694,1
"[0.64, -0.64, -0.21645796064400719, -0.5691489361702128, 0.4, 0.0, 0.0, 0.0, 1.0, 0.681246145030448, 1.0, 0.0, 0.0, 0.0, 0.0, 0.0, 0.0, 0.0]",19596,19598,N1,dismiss,-0.3,ts,2813,0
"[0.4545454545454546, -0.4545454545454546, -0.4991652754590985, -0.025139664804469275, 1.0, 0.0, 0.0, 0.0, 1.0, 0.6181743451401159, 1.0, 0.0, 0.0, 0.0, 0.0, 0.0, 0.0, 0.0]",135483,107563,N1,dismiss,-0.3,ts,2810,1
"[0.5599999999999999, -0.5599999999999999, -0.3905817174515236, 0.0872093023255814, -0.2413793103448276, 0.0, 0.0, 0.0, 1.0, 0.7315804609111057, 1.0, 0.0, 0.0, 0.0, 0.0, 0.0, 0.0, 0.0]",123511,89763,N1,dismiss,-0.3,ts,2074,1
"[0.5636363636363637, -0.5636363636363637, -0.20886075949367092, 0.14076246334310852, 1.0, 0.0, 0.0, 0.0, 1.0, 0.6873760656798449, 1.0, 0.0, 0.0, 0.0, 0.0, 0.0, 0.0, 0.0]",116193,107588,N1,dismiss,-0.3,ts,1757,1
"[0.6512820512820513, -0.6512820512820513, -0.34, -0.44, -0.039999999999999994, 0.0, 0.0, 0.0, 1.0, 0.7399409974278731, 1.0, 0.0, 0.0, 0.0, 0.0, 0.0, 0.0, 0.0]",135298,66862,N6,accept,0.7558974358974359,ts,2013,1
"[0.16666666666666666, -0.16666666666666666, -0.6900000000000001, -0.46733668341708545, -0.45454545454545453, 0.0, 0.0, 0.0, 1.0, 0.48088604214828723, 1.0, 0.0, 0.0, 0.0, 0.0, 0.0, 0.0, 0.0]",69112,84871,N1,dismiss,-0.3,ts,432,1
"[0.25000000000000006, -0.25000000000000006, 0.24608967674661097, -0.17687074829931973, 0.4117647058823529, 0.0, 0.0, 0.0, 1.0, 0.6329883469407463, 1.0, 0.0, 0.0, 0.0, 0.0, 0.0, 0.0, 0.0]",115240,86760,N1,dismiss,-0.3,ts,1246,0
"[0.25, -0.25, 0.0, 0.0, 0.0, 0.0, 0.0, 0.0, 1.0, 0.8395893495876965, 1.0, 0.0, 0.0, 0.0, 0.0, 0.0, 0.0, 0.0]",116977,117045,N1,dismiss,-0.3,ts,2022,0
"[0.9228571428571429, -0.9228571428571429, -0.2761430511543685, 0.09917355371900827, -0.4583333333333333, 0.0, 0.0, 0.0, 1.0, 0.7685935228198763, 1.0, 0.0, 0.0, 0.0, 0.0, 0.0, 0.0, 0.0]",110166,128247,N1,accept,0.946,ts,1740,1
"[0.12280701754385964, -0.12280701754385964, -0.6153846153846154, 0.5263157894736842, -0.4, 0.0, 0.0, 0.0, 1.0, 0.47370431702429144, 1.0, 0.0, 0.0, 0.0, 0.0, 0.0, 0.0, 0.0]",187197,167155,N1,accept,0.38596491228070173,ts,2547,1
"[0.5714285714285715, -0.5714285714285715, -0.5994993742177722, 0.24481327800829875, 0.1, 0.0, 0.0, 0.0, 1.0, 0.6987327501453318, 1.0, 0.0, 0.0, 0.0, 0.0, 0.0, 0.0, 0.0]",16682,60788,N1,dismiss,-0.3,ts,2858,1
"[0.2, -0.2, 0.043256997455470604, 0.8, 0.49056603773584917, 0.0, 0.0, 0.0, 1.0, 0.5927701423564039, 1.0, 0.0, 0.0, 0.0, 0.0, 0.0, 0.0, 0.0]",59416,15178,N1,accept,0.43999999999999995,ts,2698,0
"[0.5636363636363637, -0.5636363636363637, 0.05263157894736842, -0.019662921348314606, 1.0, 0.0, 0.0, 0.0, 1.0, 0.747815505128765, 1.0, 0.0, 0.0, 0.0, 0.0, 0.0, 0.0, 0.0]",107747,107563,N1,dismiss,-0.3,ts,1806,1
"[0.19999999999999993, -0.19999999999999993, -0.25, -0.8833333333333333, -0.7454545454545454, 0.0, 0.0, 0.0, 1.0, 0.5035447216368699, 1.0, 0.0, 0.0, 0.0, 0.0, 0.0, 0.0, 0.0]",126074,18330,N1,dismiss,-0.3,ts,664,0
"[0.7, -0.7, -0.22128683102826216, 0.3654618473895582, -0.55, 0.0, 0.0, 0.0, 1.0, 0.6960780647996615, 1.0, 0.0, 0.0, 0.0, 0.0, 0.0, 0.0, 0.0]",52481,145532,N1,dismiss,-0.3,ts,1027,1
"[0.5599999999999999, -0.5599999999999999, 0.12422360248447198, 0.43846153846153846, 0.702127659574468, 0.0, 0.0, 0.0, 1.0, 0.6766961201880444, 1.0, 0.0, 0.0, 0.0, 0.0, 0.0, 0.0, 0.0]",185582,162740,N1,dismiss,-0.3,ts,1656,1
"[0.7787610619469026, -0.7787610619469026, -0.3566833452466047, 0.008450704225352112, 0.3333333333333333, 0.0, 0.0, 0.0, 1.0, 0.7784158884362526, 1.0, 0.0, 0.0, 0.0, 0.0, 0.0, 0.0, 0.0]",146721,151849,N1,dismiss,-0.3,ts,810,1
"[0.33333333333333337, -0.33333333333333337, -0.6677740863787376, 1.0, 1.0, 0.0, 0.0, 0.0, 1.0, 0.4199746037012671, 1.0, 0.0, 0.0, 0.0, 0.0, 0.0, 0.0, 0.0]",147349,174745,N6,accept,0.5333333333333333,ts,1376,1
"[0.39285714285714285, -0.39285714285714285, -0.1965194109772423, 0.11255411255411256, -0.42592592592592593, 0.0, 0.0, 0.0, 1.0, 0.7011040251103882, 1.0, 0.0, 0.0, 0.0, 0.0, 0.0, 0.0, 0.0]",20077,20089,N1,dismiss,-0.3,ts,1631,0
"[0.20000000000000004, -0.20000000000000004, -0.11148148148148146, -0.40816326530612246, 0.16666666666666666, 0.0, 0.0, 0.0, 1.0, 0.6566446277478687, 1.0, 0.0, 0.0, 0.0, 0.0, 0.0, 0.0, 0.0]",127333,155856,N1,dismiss,-0.3,ts,2828,0
"[0.20000000000000007, -0.20000000000000007, -0.4779342723004695, -0.03977272727272727, 0.0, 0.0, 0.0, 0.0, 1.0, 0.6882541717575904, 1.0, 0.0, 0.0, 0.0, 0.0, 0.0, 0.0, 0.0]",74281,108746,N1,dismiss,-0.3,ts,793,1
"[0.5636363636363637, -0.5636363636363637, -0.16666666666666666, -0.0113314447592068, 0.42857142857142855, 0.0, 0.0, 0.0, 1.0, 0.7757728250593904, 1.0, 0.0, 0.0, 0.0, 0.0, 0.0, 0.0, 0.0]",87720,107563,N1,dismiss,-0.3,ts,2403,1
"[0.38461538461538464, -0.38461538461538464, 0.08930987821380235, 0.372972972972973, 0.6, 0.0, 0.0, 0.0, 1.0, 0.6637130900770327, 1.0, 0.0, 0.0, 0.0, 0.0, 0.0, 0.0, 0.0]",175208,91067,N1,dismiss,-0.3,ts,909,1
"[0.72, -0.72, -0.2654424040066778, -0.28888888888888886, -0.11999999999999997, 0.0, 0.0, 0.0, 1.0, 0.7680824282523034, 1.0, 0.0, 0.0, 0.0, 0.0, 0.0, 0.0, 0.0]",33289,125786,N1,dismiss,-0.3,ts,570,1
"[0.5588235294117647, -0.5588235294117647, 0.1111111111111111, 0.0, 0.0, 0.0, 0.0, 0.0, 1.0, 0.8813657870885948, 1.0, 0.0, 0.0, 0.0, 0.0, 0.0, 0.0, 0.0]",167076,18598,N1,dismiss,-0.3,ts,1560,1
"[0.7942857142857144, -0.7942857142857144, -0.3214124038026256, 0.19672131147540983, -0.375, 0.0, 0.0, 0.0, 1.0, 0.7349808423477768, 1.0, 0.0, 0.0, 0.0, 0.0, 0.0, 0.0, 0.0]",81541,128284,N1,accept,0.8560000000000001,ts,2892,1
"[0.2727272727272727, -0.2727272727272727, -0.07061958694203868, -0.03690036900369004, -0.0117647058823529, 0.0, 0.0, 0.0, 1.0, 0.8064217516346286, 1.0, 0.0, 0.0, 0.0, 0.0, 0.0, 0.0, 0.0]",81453,81449,N1,dismiss,-0.3,ts,527,0
"[0.46153846153846156, -0.46153846153846156, -0.7518796992481204, -0.256, 0.33999999999999997, 0.0, 0.0, 0.0, 1.0, 0.6102111112024573, 1.0, 0.0, 0.0, 0.0, 0.0, 0.0, 0.0, 0.0]",110599,122732,N6,accept,0.6230769230769231,ts,829,1
"[0.20000000000000004, -0.20000000000000004, -0.4728789986091795, -0.26463104325699743, -0.2, 0.0, 0.0, 0.0, 1.0, 0.5894090933455034, 1.0, 0.0, 0.0, 0.0, 0.0, 0.0, 0.0, 0.0]",110096,105432,N6,accept,0.44,ts,1969,1
"[0.20000000000000004, -0.20000000000000004, -0.5272727272727272, 0.1978021978021978, 0.3, 0.0, 0.0, 0.0, 1.0, 0.5758109939927043, 1.0, 0.0, 0.0, 0.0, 0.0, 0.0, 0.0, 0.0]",127600,169893,N6,accept,0.44,ts,762,1
"[0.25000000000000006, -0.25000000000000006, -0.0646666666666667, -0.10112359550561797, 0.19718309859154937, 0.0, 0.0, 0.0, 1.0, 0.7389755735892841, 1.0, 0.0, 0.0, 0.0, 0.0, 0.0, 0.0, 0.0]",147103,127487,N1,accept,0.475,ts,2966,0
"[0.1666666666666667, -0.1666666666666667, 0.0, 1.0, 1.0, 0.0, 0.0, 0.0, 1.0, 0.5151700224508992, 1.0, 0.0, 0.0, 0.0, 0.0, 0.0, 0.0, 0.0]",37985,126074,N1,dismiss,-0.3,ts,1946,1
"[0.56, -0.56, -0.27891304347826085, -0.6214057507987221, 1.0, 0.0, 0.0, 0.0, 1.0, 0.5964122902963748, 1.0, 0.0, 0.0, 0.0, 0.0, 0.0, 0.0, 0.0]",128295,117335,N1,dismiss,-0.3,ts,2638,1
"[0.6666666666666667, -0.6666666666666667, 0.23277737490935468, 0.0, 0.0, 0.0, 0.0, 0.0, 1.0, 0.8659558877868416, 1.0, 0.0, 0.0, 0.0, 0.0, 0.0, 0.0, 0.0]",141751,56398,N1,dismiss,-0.3,ts,2934,0
"[0.7576530612244898, -0.7576530612244898, -0.04534606205250594, -0.6555555555555556, -0.6199999999999999, 0.0, 0.0, 0.0, 1.0, 0.7198017822501334, 1.0, 0.0, 0.0, 0.0, 0.0, 0.0, 0.0, 0.0]",33276,174927,N6,accept,0.8303571428571428,ts,2249,1
"[0.04545454545454549, -0.04545454545454549, -0.0646666666666667, -0.008264462809917356, -0.22727272727272727, 0.0, 0.0, 0.0, 1.0, 0.6855067967400382, 1.0, 0.0, 0.0, 0.0, 0.0, 0.0, 0.0, 0.0]",138639,127487,N6,accept,0.33181818181818185,ts,1079,1
"[0.14, -0.14, -0.31562500000000004, 0.030303030303030304, 0.0, 0.0, 0.0, 0.0, 1.0, 0.6993060113850216, 1.0, 0.0, 0.0, 0.0, 0.0, 0.0, 0.0, 0.0]",130086,69993,N1,accept,0.398,ts,1092,0
"[0.25, -0.25, 0.0, -0.008595988538681949, 0.08695652173913043, 0.0, 0.0, 0.0, 1.0, 0.8130880893622596, 1.0, 0.0, 0.0, 0.0, 0.0, 0.0, 0.0, 0.0]",57106,117045,N1,accept,0.475,ts,406,0
"[0.15999999999999998, -0.15999999999999998, 0.03777501037775011, 0.7087378640776699, 0.2105263157894737, 0.0, 0.0, 0.0, 1.0, 0.629122681326625, 1.0, 0.0, 0.0, 0.0, 0.0, 0.0, 0.0, 0.0]",59415,15171,N1,dismiss,-0.3,ts,2319,0
"[0.3000000000000001, -0.3000000000000001, -0.5036615134255492, 0.0, 0.0, 0.0, 0.0, 0.0, 1.0, 0.7285138093516589, 1.0, 0.0, 0.0, 0.0, 0.0, 0.0, 0.0, 0.0]",85447,85446,N1,dismiss,-0.3,ts,2626,0
"[0.24999999999999997, -0.24999999999999997, -0.4147058823529412, 0.0, 0.0, 0.0, 0.0, 0.0, 1.0, 0.726850521859211, 1.0, 0.0, 0.0, 0.0, 0.0, 0.0, 0.0, 0.0]",51609,174748,N6,accept,0.475,ts,410,1
"[0.3636363636363637, -0.3636363636363637, 0.0, 0.0, 0.0, 0.0, 0.0, 0.0, 1.0, 0.8742764353476687, 1.0, 0.0, 0.0, 0.0, 0.0, 0.0, 0.0, 0.0]",123012,123174,N1,accept,0.5545454545454546,ts,1883,0
"[0.6375, -0.6375, 0.0, -0.02158273381294964, 0.0, 0.0, 0.0, 0.0, 1.0, 0.9293128096864788, 1.0, 0.0, 0.0, 0.0, 0.0, 0.0, 0.0, 0.0]",85325,40258,N6,accept,0.7462499999999999,ts,1675,1
"[0.02500000000000002, -0.02500000000000002, 0.0, -0.08, -0.039999999999999994, 0.0, 0.0, 0.0, 1.0, 0.7256596282421947, 1.0, 0.0, 0.0, 0.0, 0.0, 0.0, 0.0, 0.0]",18064,62540,N1,dismiss,-0.3,ts,1291,0
"[0.25, -0.25, 0.0, 0.0, -0.10714285714285714, 0.0, 0.0, 0.0, 1.0, 0.8106570116385049, 1.0, 0.0, 0.0, 0.0, 0.0, 0.0, 0.0, 0.0]",43098,117045,N6,accept,0.475,ts,900,1
"[0.7, -0.7, -0.16722222222222222, 0.31063829787234043, -0.08000000000000007, 0.0, 0.0, 0.0, 1.0, 0.7970089998353722, 1.0, 0.0, 0.0, 0.0, 0.0, 0.0, 0.0, 0.0]",145577,115951,N1,dismiss,-0.3,ts,1646,1
"[0.14, -0.14, -0.12400000000000005, 0.05263157894736842, -0.1, 0.0, 0.0, 0.0, 1.0, 0.7156363704875062, 1.0, 0.0, 0.0, 0.0, 0.0, 0.0, 0.0, 0.0]",174942,69993,N1,accept,0.398,ts,2740,0
"[0.19230769230769232, -0.19230769230769232, 0.0, 0.11363636363636363, 0.0, 0.0, 0.0, 0.0, 1.0, 0.7896850702294859, 1.0, 0.0, 0.0, 0.0, 0.0, 0.0, 0.0, 0.0]",114738,166142,N6,accept,0.4346153846153846,ts,535,0
"[0.1666666666666667, -0.1666666666666667, 0.2, 0.0, 0.0, 0.0, 0.0, 0.0, 1.0, 0.7452936748080553, 1.0, 0.0, 0.0, 0.0, 0.0, 0.0, 0.0, 0.0]",18364,61090,N6,accept,0.4166666666666667,ts,1439,0
"[0.19999999999999993, -0.19999999999999993, 0.0, -0.5102040816326531, 0.25999999999999995, 0.0, 0.0, 0.0, 1.0, 0.6660734035981001, 1.0, 0.0, 0.0, 0.0, 0.0, 0.0, 0.0, 0.0]",41169,41870,N1,dismiss,-0.3,ts,2361,1
"[0.3, -0.3, -0.5454545454545454, -0.9, -0.8363636363636363, 0.0, 0.0, 0.0, 1.0, 0.4756119353946255, 1.0, 0.0, 0.0, 0.0, 0.0, 0.0, 0.0, 0.0]",41688,29449,N1,dismiss,-0.3,ts,876,1
"[0.13333333333333333, -0.13333333333333333, 0.0, 0.0, 0.0, 0.0, 0.0, 0.0, 1.0, 0.799343830056226, 1.0, 0.0, 0.0, 0.0, 0.0, 0.0, 0.0, 0.0]",93851,93856,N6,accept,0.3933333333333333,ts,440,0
"[0.6818181818181819, -0.6818181818181819, -0.050125313283208024, 0.18840579710144928, -0.51, 0.0, 0.0, 0.0, 1.0, 0.7806619322864332, 1.0, 0.0, 0.0, 0.0, 0.0, 0.0, 0.0, 0.0]",48998,49086,N6,accept,0.7772727272727273,ts,1833,0
"[0.5757575757575757, -0.5757575757575757, -0.35118525021949076, -0.15176151761517614, 0.5833333333333334, 0.0, 0.0, 0.0, 1.0, 0.6810559444621563, 1.0, 0.0, 0.0, 0.0, 0.0, 0.0, 0.0, 0.0]",141852,16911,N6,accept,0.7030303030303029,ts,1338,1
"[0.7411764705882353, -0.7411764705882353, 0.002506265664160437, 0.39732142857142855, -0.7, 0.0, 0.0, 0.0, 1.0, 0.7549222534913111, 1.0, 0.0, 0.0, 0.0, 0.0, 0.0, 0.0, 0.0]",86748,169349,N1,accept,0.8188235294117647,ts,2577,1
"[0.19999999999999993, -0.19999999999999993, -0.25, -0.8833333333333333, -0.7454545454545454, 0.0, 0.0, 0.0, 1.0, 0.5035447216368699, 1.0, 0.0, 0.0, 0.0, 0.0, 0.0, 0.0, 0.0]",126074,18330,N6,accept,0.43999999999999995,ts,2943,0
"[0.5111111111111111, -0.5111111111111111, -0.0021154427319431935, 0.34076433121019106, 0.16666666666666666, 0.0, 0.0, 0.0, 1.0, 0.7937585263005966, 1.0, 0.0, 0.0, 0.0, 0.0, 0.0, 0.0, 0.0]",104690,61314,N1,accept,0.6577777777777778,ts,581,1
"[0.3000000000000001, -0.3000000000000001, -0.5036615134255492, 0.0, 0.0, 0.0, 0.0, 0.0, 1.0, 0.7285138093516589, 1.0, 0.0, 0.0, 0.0, 0.0, 0.0, 0.0, 0.0]",85447,85446,N3,dismiss,-0.3,ts,513,1
"[0.20000000000000007, -0.20000000000000007, 0.141273450824332, -0.002785515320334262, -0.4583333333333333, 0.0, 0.0, 0.0, 1.0, 0.6827445268392174, 1.0, 0.0, 0.0, 0.0, 0.0, 0.0, 0.0, 0.0]",43361,93935,N3,accept,0.44000000000000006,ts,935,1
"[0.20000000000000004, -0.20000000000000004, 0.13175230566534912, -0.281437125748503, 0.0, 0.0, 0.0, 0.0, 1.0, 0.7119344123552447, 1.0, 0.0, 0.0, 0.0, 0.0, 0.0, 0.0, 0.0]",81498,78136,N6,accept,0.44,ts,2366,1
"[0.5, -0.5, 0.18808777429467086, 0.5045871559633027, -0.24000000000000005, 0.0, 0.0, 0.0, 1.0, 0.6935790844320542, 1.0, 0.0, 0.0, 0.0, 0.0, 0.0, 0.0, 0.0]",182863,110035,N6,accept,0.6499999999999999,ts,1616,0
"[0.25000000000000006, -0.25000000000000006, 0.12999999999999995, -0.518850987432675, 0.2692307692307692, 0.0, 0.0, 0.0, 1.0, 0.6344866680249548, 1.0, 0.0, 0.0, 0.0, 0.0, 0.0, 0.0, 0.0]",29970,120916,N6,accept,0.475,ts,1209,1
"[0.25, -0.25, 0.0, 0.011695906432748537, 0.25, 0.0, 0.0, 0.0, 1.0, 0.7771008967590011, 1.0, 0.0, 0.0, 0.0, 0.0, 0.0, 0.0, 0.0]",43087,117045,N6,accept,0.475,ts,1646,0
"[0.9228571428571429, -0.9228571428571429, -0.1956740442655935, 0.09917355371900827, -0.4583333333333333, 0.0, 0.0, 0.0, 1.0, 0.788696004070243, 1.0, 0.0, 0.0, 0.0, 0.0, 0.0, 0.0, 0.0]",81543,128247,N6,accept,0.946,ts,2525,0
"[0.16666666666666666, -0.16666666666666666, 0.04175365344467641, -0.39779005524861877, -0.65625, 0.0, 0.0, 0.0, 1.0, 0.6032763925226974, 1.0, 0.0, 0.0, 0.0, 0.0, 0.0, 0.0, 0.0]",129198,185374,N6,accept,0.41666666666666663,ts,1782,1
"[0.7954545454545455, -0.7954545454545455, -0.058333333333333376, 0.08571428571428572, 1.0, 0.0, 0.0, 0.0, 1.0, 0.7646405915394846, 1.0, 0.0, 0.0, 0.0, 0.0, 0.0, 0.0, 0.0]",30082,89765,N1,dismiss,-0.3,ts,2523,1
"[0.0555555555555556, -0.0555555555555556, -0.16666666666666666, 0.0, -0.10714285714285714, 0.0, 0.0, 0.0, 1.0, 0.6851591657739663, 1.0, 0.0, 0.0, 0.0, 0.0, 0.0, 0.0, 0.0]",111476,107052,N6,accept,0.3388888888888889,ts,1041,0
"[0.02500000000000002, -0.02500000000000002, -0.028182701652089328, -0.06, -0.07999999999999999, 0.0, 0.0, 0.0, 1.0, 0.709268980968216, 1.0, 0.0, 0.0, 0.0, 0.0, 0.0, 0.0, 0.0]",114070,62540,N6,accept,0.3175,ts,1327,1
"[0.20000000000000007, -0.20000000000000007, 0.2, -0.02824858757062147, -0.07692307692307693, 0.0, 0.0, 0.0, 1.0, 0.7272631233208297, 1.0, 0.0, 0.0, 0.0, 0.0, 0.0, 0.0, 0.0]",108842,31975,N1,dismiss,-0.3,ts,2724,1
"[0.25, -0.25, -0.316628701594533, 0.02976190476190476, 0.20192307692307687, 0.0, 0.0, 0.0, 1.0, 0.6872552925450732, 1.0, 0.0, 0.0, 0.0, 0.0, 0.0, 0.0, 0.0]",117146,117045,N6,accept,0.475,ts,2116,0
"[0.3000000000000001, -0.3000000000000001, -0.5036615134255492, 0.0, 0.0, 0.0, 0.0, 0.0, 1.0, 0.7285138093516589, 1.0, 0.0, 0.0, 0.0, 0.0, 0.0, 0.0, 0.0]",85447,85446,N1,dismiss,-0.3,ts,2100,1
"[0.20000000000000004, -0.20000000000000004, -0.634703196347032, 0.07407407407407407, -0.74, 0.0, 0.0, 0.0, 1.0, 0.5425189848892313, 1.0, 0.0, 0.0, 0.0, 0.0, 0.0, 0.0, 0.0]",19598,106004,N1,dismiss,-0.3,ts,2038,1
"[0.6875, -0.6875, 0.05571428571428579, 0.18461538461538463, -0.6592592592592593, 0.0, 0.0, 0.0, 1.0, 0.7663329371063949, 1.0, 0.0, 0.0, 0.0, 0.0, 0.0, 0.0, 0.0]",20014,140660,N6,accept,0.78125,ts,2699,0
"[0.12918660287081332, -0.12918660287081332, -0.19466831990080596, 0.0, 0.0, 0.0, 0.0, 0.0, 1.0, 0.73334879878766, 1.0, 0.0, 0.0, 0.0, 0.0, 0.0, 0.0, 0.0]",90708,16645,N6,accept,0.3904306220095693,ts,1433,0
"[0.16000000000000003, -0.16000000000000003, -0.18225255972696255, -0.4230769230769231, -0.07142857142857142, 0.0, 0.0, 0.0, 1.0, 0.6421729785518976, 1.0, 0.0, 0.0, 0.0, 0.0, 0.0, 0.0, 0.0]",115366,179649,N1,dismiss,-0.3,ts,2267,1
"[0.5798319327731092, -0.5798319327731092, -0.45428571428571424, 0.9574468085106383, -0.3103448275862069, 0.0, 0.0, 0.0, 1.0, 0.608671101107952, 1.0, 0.0, 0.0, 0.0, 0.0, 0.0, 0.0, 0.0]",104679,146668,N6,accept,0.7058823529411764,ts,694,1
"[0.25, -0.25, -0.46332737030411447, -0.10824742268041238, 0.19047619047619047, 0.0, 0.0, 0.0, 1.0, 0.6420465769124615, 1.0, 0.0, 0.0, 0.0, 0.0, 0.0, 0.0, 0.0]",16906,117045,N6,accept,0.475,ts,2368,0
"[0.20000000000000007, -0.20000000000000007, -0.1629802095459837, -0.0498220640569395, 0.07142857142857142, 0.0, 0.0, 0.0, 1.0, 0.7330005118464727, 1.0, 0.0, 0.0, 0.0, 0.0, 0.0, 0.0, 0.0]",21089,128242,N6,accept,0.44000000000000006,ts,2712,1
"[0.25, -0.25, 0.0, 0.011695906432748537, 0.25, 0.0, 0.0, 0.0, 1.0, 0.7771008967590011, 1.0, 0.0, 0.0, 0.0, 0.0, 0.0, 0.0, 0.0]",43087,117045,N6,accept,0.475,ts,1932,0
"[0.25, -0.25, -0.050125313283208024, -0.18151815181518152, 0.12, 0.0, 0.0, 0.0, 1.0, 0.7428398400256682, 1.0, 0.0, 0.0, 0.0, 0.0, 0.0, 0.0, 0.0]",169373,89593,N6,accept,0.475,ts,2724,1
"[0.6375, -0.6375, 0.0, -0.02158273381294964, 0.0, 0.0, 0.0, 0.0, 1.0, 0.9293128096864788, 1.0, 0.0, 0.0, 0.0, 0.0, 0.0, 0.0, 0.0]",85325,40258,N6,accept,0.7462499999999999,ts,508,0
"[0.75, -0.75, -0.25348605577689237, -0.022222222222222223, -0.6461538461538462, 0.0, 0.0, 0.0, 1.0, 0.757463333284378, 1.0, 0.0, 0.0, 0.0, 0.0, 0.0, 0.0, 0.0]",170958,115951,N6,accept,0.825,ts,1875,1
"[0.13888888888888887, -0.13888888888888887, -0.34867564046895355, -0.11041009463722397, 0.0, 0.0, 0.0, 0.0, 1.0, 0.6712022690137475, 1.0, 0.0, 0.0, 0.0, 0.0, 0.0, 0.0, 0.0]",103715,91957,N1,dismiss,-0.3,ts,626,1
"[0.14285714285714296, -0.14285714285714296, 0.0, -0.056666666666666664, -0.09090909090909091, 0.0, 0.0, 0.0, 1.0, 0.7617571302480617, 1.0, 0.0, 0.0, 0.0, 0.0, 0.0, 0.0, 0.0]",174761,49000,N6,accept,0.4,ts,2134,1
"[0.4545454545454546, -0.4545454545454546, -0.375, 0.1308139534883721, 1.0, 0.0, 0.0, 0.0, 1.0, 0.6284182472827946, 1.0, 0.0, 0.0, 0.0, 0.0, 0.0, 0.0, 0.0]",31975,107588,N6,accept,0.6181818181818182,ts,2962,0
"[0.25, -0.25, -0.24812030075187969, 0.01764705882352941, 0.13636363636363635, 0.0, 0.0, 0.0, 1.0, 0.7203456543782418, 1.0, 0.0, 0.0, 0.0, 0.0, 0.0, 0.0, 0.0]",117159,117045,N6,accept,0.475,ts,2095,0
"[0.5, -0.5, -0.10344827586206896, 0.0, 0.0, 0.0, 0.0, 0.0, 1.0, 0.8714079900606294, 1.0, 0.0, 0.0, 0.0, 0.0, 0.0, 0.0, 0.0]",70828,129946,N6,accept,0.6499999999999999,ts,1521,0
"[0.4117647058823529, -0.4117647058823529, 0.06737825216811207, 0.5, 0.42000000000000004, 0.0, 0.0, 0.0, 1.0, 0.682096144039557, 1.0, 0.0, 0.0, 0.0, 0.0, 0.0, 0.0, 0.0]",169362,18616,N1,dismiss,-0.3,ts,1806,1
"[0.2800000000000001, -0.2800000000000001, -0.2748368382886149, 0.0, 0.0, 0.0, 0.0, 0.0, 1.0, 0.7646602306691772, 1.0, 0.0, 0.0, 0.0, 0.0, 0.0, 0.0, 0.0]",141766,174745,N6,accept,0.496,ts,2047,1
"[0.0666666666666666, -0.0666666666666666, 0.0, -0.2328767123287671, 0.1111111111111111, 0.0, 0.0, 0.0, 1.0, 0.689176913736021, 1.0, 0.0, 0.0, 0.0, 0.0, 0.0, 0.0, 0.0]",127690,139086,N6,accept,0.3466666666666666,ts,759,1
"[0.32919254658385094, -0.32919254658385094, 0.0, -0.17801047120418848, -0.2631578947368421, 0.0, 0.0, 0.0, 1.0, 0.757989917414392, 1.0, 0.0, 0.0, 0.0, 0.0, 0.0, 0.0, 0.0]",103705,145523,N6,accept,0.5304347826086957,ts,2650,0
"[0.03846153846153849, -0.03846153846153849, -0.04092526690391467, 0.05982905982905983, 0.18644067796610161, 0.0, 0.0, 0.0, 1.0, 0.6850846278071606, 1.0, 0.0, 0.0, 0.0, 0.0, 0.0, 0.0, 0.0]",43763,59417,N6,accept,0.3269230769230769,ts,2573,1
"[0.30000000000000004, -0.30000000000000004, -0.3508771929824562, -0.08, 0.059999999999999984, 0.0, 0.0, 0.0, 1.0, 0.7154773582189826, 1.0, 0.0, 0.0, 0.0, 0.0, 0.0, 0.0, 0.0]",110598,141822,N6,accept,0.51,ts,846,0
"[0.6666666666666667, -0.6666666666666667, -0.10465116279069774, 1.0, 1.0, 0.0, 0.0, 0.0, 1.0, 0.6038630385693293, 1.0, 0.0, 0.0, 0.0, 0.0, 0.0, 0.0, 0.0]",147349,63878,N6,accept,0.7666666666666666,ts,1143,1
"[0.09090909090909098, -0.09090909090909098, -0.4, -0.006172839506172839, 0.1, 0.0, 0.0, 0.0, 1.0, 0.644716099989655, 1.0, 0.0, 0.0, 0.0, 0.0, 0.0, 0.0, 0.0]",162891,43090,N6,accept,0.36363636363636365,ts,1225,1
"[0.3636363636363637, -0.3636363636363637, -0.056651017214397456, -0.002840909090909091, 0.16666666666666666, 0.0, 0.0, 0.0, 1.0, 0.8094824635768882, 1.0, 0.0, 0.0, 0.0, 0.0, 0.0, 0.0, 0.0]",74280,74278,N1,dismiss,-0.3,ts,1781,1
"[0.7647058823529411, -0.7647058823529411, -0.0027190332326285016, 0.092, -0.23333333333333334, 0.0, 0.0, 0.0, 1.0, 0.8719634179340141, 1.0, 0.0, 0.0, 0.0, 0.0, 0.0, 0.0, 0.0]",61306,120787,N6,accept,0.8352941176470587,ts,826,1
"[0.3142857142857143, -0.3142857142857143, -0.5006513243595311, -0.21107266435986158, 0.0, 0.0, 0.0, 0.0, 1.0, 0.6816641322507467, 1.0, 0.0, 0.0, 0.0, 0.0, 0.0, 0.0, 0.0]",110153,178949,N6,accept,0.52,ts,2168,1
"[0.24999999999999992, -0.24999999999999992, -0.1164, 0.0, -0.01639344262295076, 0.0, 0.0, 0.0, 1.0, 0.7932134703500135, 1.0, 0.0, 0.0, 0.0, 0.0, 0.0, 0.0, 0.0]",81542,110166,N6,accept,0.4749999999999999,ts,497,1
"[0.24999999999999997, -0.24999999999999997, 0.05517033463973465, 0.45147679324894513, 0.08, 0.0, 0.0, 0.0, 1.0, 0.7073223076628614, 1.0, 0.0, 0.0, 0.0, 0.0, 0.0, 0.0, 0.0]",117335,169335,N1,dismiss,-0.3,ts,841,1
"[0.050000000000000044, -0.050000000000000044, 0.23767935121646902, 0.28, -0.21999999999999997, 0.0, 0.0, 0.0, 1.0, 0.5753341503687988, 1.0, 0.0, 0.0, 0.0, 0.0, 0.0, 0.0, 0.0]",115984,94324,N6,accept,0.335,ts,1248,0
"[0.3333333333333333, -0.3333333333333333, 0.10987791342952277, -0.31264367816091954, 0.125, 0.0, 0.0, 0.0, 1.0, 0.7231585078394918, 1.0, 0.0, 0.0, 0.0, 0.0, 0.0, 0.0, 0.0]",155692,104684,N6,accept,0.5333333333333333,ts,904,1
"[0.18750000000000003, -0.18750000000000003, -0.29411764705882354, 1.0, 0.44000000000000006, 0.0, 0.0, 0.0, 1.0, 0.4958926669599128, 1.0, 0.0, 0.0, 0.0, 0.0, 0.0, 0.0, 0.0]",18334,51654,N3,accept,0.43125,ts,1878,1
"[0.24999999999999997, -0.24999999999999997, -0.4147058823529412, 0.0, 0.0, 0.0, 0.0, 0.0, 1.0, 0.726850521859211, 1.0, 0.0, 0.0, 0.0, 0.0, 0.0, 0.0, 0.0]",51609,174748,N1,dismiss,-0.3,ts,1506,1
"[0.1666666666666666, -0.1666666666666666, 0.0, 0.0, 0.0, 0.0, 0.0, 0.0, 1.0, 0.8112296656009272, 1.0, 0.0, 0.0, 0.0, 0.0, 0.0, 0.0, 0.0]",60788,60783,N1,dismiss,-0.3,ts,747,1
"[0.3636363636363637, -0.3636363636363637, 0.0, 0.061046511627906974, 0.0, 0.0, 0.0, 0.0, 1.0, 0.8570363402900383, 1.0, 0.0, 0.0, 0.0, 0.0, 0.0, 0.0, 0.0]",123043,123174,N6,accept,0.5545454545454546,ts,2926,0
"[0.47058823529411764, -0.47058823529411764, 0.18181818181818182, 0.14, 0.18000000000000002, 0.0, 0.0, 0.0, 1.0, 0.759069863248445, 1.0, 0.0, 0.0, 0.0, 0.0, 0.0, 0.0, 0.0]",18323,37953,N6,accept,0.6294117647058823,ts,2678,0
"[0.4583333333333333, -0.4583333333333333, -0.3461377870563674, 0.02, 0.07999999999999999, 0.0, 0.0, 0.0, 1.0, 0.7711205717282401, 1.0, 0.0, 0.0, 0.0, 0.0, 0.0, 0.0, 0.0]",141805,123325,N6,accept,0.6208333333333333,ts,1602,0
"[0.10000000000000007, -0.10000000000000007, -0.17519908987485786, -0.01048951048951049, -0.14285714285714285, 0.0, 0.0, 0.0, 1.0, 0.6877102891525925, 1.0, 0.0, 0.0, 0.0, 0.0, 0.0, 0.0, 0.0]",115366,134111,N6,accept,0.37000000000000005,ts,1741,0
"[0.32919254658385094, -0.32919254658385094, 0.0, -0.17801047120418848, -0.2631578947368421, 0.0, 0.0, 0.0, 1.0, 0.757989917414392, 1.0, 0.0, 0.0, 0.0, 0.0, 0.0, 0.0, 0.0]",103705,145523,N6,accept,0.5304347826086957,ts,609,0
"[0.20000000000000004, -0.20000000000000004, -0.32341001353179977, 0.11009174311926606, 0.016666666666666607, 0.0, 0.0, 0.0, 1.0, 0.6930080043376406, 1.0, 0.0, 0.0, 0.0, 0.0, 0.0, 0.0, 0.0]",115244,81542,N6,accept,0.44,ts,834,1
"[0.6818181818181819, -0.6818181818181819, -0.050125313283208024, 0.18840579710144928, -0.51, 0.0, 0.0, 0.0, 1.0, 0.7806619322864332, 1.0, 0.0, 0.0, 0.0, 0.0, 0.0, 0.0, 0.0]",48998,49086,N6,accept,0.7772727272727273,ts,515,0
"[0.040000000000000036, -0.040000000000000036, 0.0, 0.0, 0.0, 0.0, 0.0, 0.0, 1.0, 0.7649820258822859, 1.0, 0.0, 0.0, 0.0, 0.0, 0.0, 0.0, 0.0]",141765,141753,N6,accept,0.328,ts,1825,0
"[0.02631578947368412, -0.02631578947368412, -0.43, 0.019867549668874173, 0.0285714285714286, 0.0, 0.0, 0.0, 1.0, 0.6303211836867184, 1.0, 0.0, 0.0, 0.0, 0.0, 0.0, 0.0, 0.0]",41398,15200,N6,accept,0.3184210526315789,ts,1162,0
"[0.9228571428571429, -0.9228571428571429, -0.1956740442655935, 0.09917355371900827, -0.4583333333333333, 0.0, 0.0, 0.0, 1.0, 0.788696004070243, 1.0, 0.0, 0.0, 0.0, 0.0, 0.0, 0.0, 0.0]",81543,128247,N1,dismiss,-0.3,ts,519,1
"[0.4000000000000001, -0.4000000000000001, -0.5271936185641769, 0.0, 0.0, 0.0, 0.0, 0.0, 1.0, 0.7539435621656189, 1.0, 0.0, 0.0, 0.0, 0.0, 0.0, 0.0, 0.0]",141769,63864,N6,accept,0.5800000000000001,ts,425,1
"[0.3000000000000001, -0.3000000000000001, -0.5036615134255492, 0.0, 0.0, 0.0, 0.0, 0.0, 1.0, 0.7285138093516589, 1.0, 0.0, 0.0, 0.0, 0.0, 0.0, 0.0, 0.0]",85447,85446,N6,accept,0.51,ts,2238,0
"[0.1666666666666667, -0.1666666666666667, -0.13333333333333333, -0.3, -0.16, 0.0, 0.0, 0.0, 1.0, 0.6556594342490147, 1.0, 0.0, 0.0, 0.0, 0.0, 0.0, 0.0, 0.0]",18490,156539,N6,accept,0.4166666666666667,ts,2192,0
"[0.5111111111111111, -0.5111111111111111, -0.0021154427319431935, 0.34076433121019106, 0.16666666666666666, 0.0, 0.0, 0.0, 1.0, 0.7937585263005966, 1.0, 0.0, 0.0, 0.0, 0.0, 0.0, 0.0, 0.0]",104690,61314,N6,accept,0.6577777777777778,ts,2065,1
"[0.20000000000000007, -0.20000000000000007, 0.2185128983308041, 0.022857142857142857, -0.1447368421052631, 0.0, 0.0, 0.0, 1.0, 0.7076149613275927, 1.0, 0.0, 0.0, 0.0, 0.0, 0.0, 0.0, 0.0]",43097,93935,N6,accept,0.44000000000000006,ts,2235,1
"[0.30000000000000004, -0.30000000000000004, -0.2663949610967024, 0.04198473282442748, 0.0, 0.0, 0.0, 0.0, 1.0, 0.7607866701733167, 1.0, 0.0, 0.0, 0.0, 0.0, 0.0, 0.0, 0.0]",107855,133081,N6,accept,0.51,ts,1678,0
"[0.415625, -0.415625, 0.056934306569343146, 0.0625, -0.1, 0.0, 0.0, 0.0, 1.0, 0.8220384072510981, 1.0, 0.0, 0.0, 0.0, 0.0, 0.0, 0.0, 0.0]",141833,15139,N6,accept,0.5909375,ts,1756,1
"[0.6632653061224489, -0.6632653061224489, 0.0, -0.07526881720430108, -0.06896551724137931, 0.0, 0.0, 0.0, 1.0, 0.8995713911303937, 1.0, 0.0, 0.0, 0.0, 0.0, 0.0, 0.0, 0.0]",169065,169335,N6,accept,0.7642857142857142,ts,2770,1
"[0.4444444444444445, -0.4444444444444445, 0.17096774193548378, -0.18, -0.58, 0.0, 0.0, 0.0, 1.0, 0.6894489194008218, 1.0, 0.0, 0.0, 0.0, 0.0, 0.0, 0.0, 0.0]",81420,132873,N6,accept,0.6111111111111112,ts,558,0
"[0.25, -0.25, -0.5272727272727272, 0.2857142857142857, 0.25, 0.0, 0.0, 0.0, 1.0, 0.5849468133591713, 1.0, 0.0, 0.0, 0.0, 0.0, 0.0, 0.0, 0.0]",127600,183357,N6,accept,0.475,ts,2102,1
"[0.8571428571428572, -0.8571428571428572, 0.03199999999999985, 0.050980392156862744, -0.12000000000000002, 0.0, 0.0, 0.0, 1.0, 0.9055549142837571, 1.0, 0.0, 0.0, 0.0, 0.0, 0.0, 0.0, 0.0]",116982,117029,N6,accept,0.8999999999999999,ts,510,1
"[0.8530612244897959, -0.8530612244897959, -0.3026455026455026, 0.10526315789473684, 0.631578947368421, 0.0, 0.0, 0.0, 1.0, 0.7372147538127957, 1.0, 0.0, 0.0, 0.0, 0.0, 0.0, 0.0, 0.0]",180524,170138,N6,accept,0.897142857142857,ts,762,0
"[0.6000000000000001, -0.6000000000000001, 0.1111111111111111, 0.0, 0.0, 0.0, 0.0, 0.0, 1.0, 0.8892219481331178, 1.0, 0.0, 0.0, 0.0, 0.0, 0.0, 0.0, 0.0]",38176,112477,N3,dismiss,-0.3,ts,433,1
"[0.3636363636363637, -0.3636363636363637, 0.0, 0.0, 0.0, 0.0, 0.0, 0.0, 1.0, 0.8742764353476687, 1.0, 0.0, 0.0, 0.0, 0.0, 0.0, 0.0, 0.0]",123141,123174,N3,dismiss,-0.3,ts,866,1
"[0.8944444444444444, -0.8944444444444444, 0.0, -0.02, 0.0, 0.0, 0.0, 0.0, 1.0, 0.962136410518863, 1.0, 0.0, 0.0, 0.0, 0.0, 0.0, 0.0, 0.0]",89731,83441,N6,accept,0.9261111111111111,ts,1902,0
"[0.5636363636363637, -0.5636363636363637, -0.3181818181818182, 0.10826210826210826, 0.7142857142857143, 0.0, 0.0, 0.0, 1.0, 0.684759117069591, 1.0, 0.0, 0.0, 0.0, 0.0, 0.0, 0.0, 0.0]",162722,107588,N6,accept,0.6945454545454546,ts,1277,1
"[0.25, -0.25, 0.0, 0.0, -0.10714285714285714, 0.0, 0.0, 0.0, 1.0, 0.8106570116385049, 1.0, 0.0, 0.0, 0.0, 0.0, 0.0, 0.0, 0.0]",43098,117045,N6,accept,0.475,ts,637,0
"[0.41176470588235287, -0.41176470588235287, -0.4265232974910394, 0.08, 0.12000000000000002, 0.0, 0.0, 0.0, 1.0, 0.7184106107941747, 1.0, 0.0, 0.0, 0.0, 0.0, 0.0, 0.0, 0.0]",88339,58615,N6,accept,0.588235294117647,ts,2258,0
"[0.3939393939393939, -0.3939393939393939, -0.5260755048287973, -0.037940379403794036, -0.08333333333333333, 0.0, 0.0, 0.0, 1.0, 0.7184857157262193, 1.0, 0.0, 0.0, 0.0, 0.0, 0.0, 0.0, 0.0]",141852,110893,N6,accept,0.5757575757575757,ts,1866,1
"[0.692, -0.692, 0.07598566308243732, 0.10727969348659004, 0.03571428571428559, 0.0, 0.0, 0.0, 1.0, 0.8767707971153142, 1.0, 0.0, 0.0, 0.0, 0.0, 0.0, 0.0, 0.0]",81449,114138,N6,accept,0.7844,ts,1022,1
"[0.2, -0.2, -0.8373109243697479, 0.0, 0.0, 0.0, 0.0, 0.0, 1.0, 0.660303957852938, 1.0, 0.0, 0.0, 0.0, 0.0, 0.0, 0.0, 0.0]",54201,110501,N6,accept,0.43999999999999995,ts,1255,1
"[0.09090909090909098, -0.09090909090909098, -0.47058823529411764, 0.062146892655367235, 0.07692307692307693, 0.0, 0.0, 0.0, 1.0, 0.6229935115750544, 1.0, 0.0, 0.0, 0.0, 0.0, 0.0, 0.0, 0.0]",108741,151841,N6,accept,0.36363636363636365,ts,1202,1
"[0.5, -0.5, 0.21883656509695287, 0.020348837209302327, -0.5172413793103449, 0.0, 0.0, 0.0, 1.0, 0.7352240172093395, 1.0, 0.0, 0.0, 0.0, 0.0, 0.0, 0.0, 0.0]",123511,151839,N6,accept,0.6499999999999999,ts,624,0
"[0.19999999999999993, -0.19999999999999993, -0.1875, 0.0, 0.0, 0.0, 0.0, 0.0, 1.0, 0.7602860088710922, 1.0, 0.0, 0.0, 0.0, 0.0, 0.0, 0.0, 0.0]",73358,117926,N3,dismiss,-0.3,ts,526,1
"[0.09090909090909098, -0.09090909090909098, -0.48200000000000004, 0.05, 0.5942028985507245, 0.0, 0.0, 0.0, 1.0, 0.5415856453653679, 1.0, 0.0, 0.0, 0.0, 0.0, 0.0, 0.0, 0.0]",162892,106979,N6,accept,0.36363636363636365,ts,647,1
"[0.7942857142857144, -0.7942857142857144, -0.3214124038026256, 0.19672131147540983, -0.375, 0.0, 0.0, 0.0, 1.0, 0.7349808423477768, 1.0, 0.0, 0.0, 0.0, 0.0, 0.0, 0.0, 0.0]",81541,128284,N6,accept,0.8560000000000001,ts,493,1
"[0.12280701754385964, -0.12280701754385964, -0.6153846153846154, 0.5263157894736842, -0.4, 0.0, 0.0, 0.0, 1.0, 0.47370431702429144, 1.0, 0.0, 0.0, 0.0, 0.0, 0.0, 0.0, 0.0]",187197,167155,N6,accept,0.38596491228070173,ts,2049,1
"[0.38461538461538464, -0.38461538461538464, 0.08930987821380235, 0.6810810810810811, 0.8799999999999999, 0.0, 0.0, 0.0, 1.0, 0.6116138371065478, 1.0, 0.0, 0.0, 0.0, 0.0, 0.0, 0.0, 0.0]",175208,91068,N6,accept,0.5692307692307692,ts,960,0
"[0.6222222222222222, -0.6222222222222222, -0.2, -0.06, -0.1, 0.0, 0.0, 0.0, 1.0, 0.8229477435143618, 1.0, 0.0, 0.0, 0.0, 0.0, 0.0, 0.0, 0.0]",135207,41800,N6,accept,0.7355555555555555,ts,805,1
"[0.20000000000000007, -0.20000000000000007, -0.2488262910798122, -0.022727272727272728, -0.041666666666666664, 0.0, 0.0, 0.0, 1.0, 0.7257604933508731, 1.0, 0.0, 0.0, 0.0, 0.0, 0.0, 0.0, 0.0]",74282,31972,N6,accept,0.44000000000000006,ts,1250,1
"[0.3333333333333333, -0.3333333333333333, -0.48406676783004554, -0.44761904761904764, -0.6129032258064516, 0.0, 0.0, 0.0, 1.0, 0.546792220645576, 1.0, 0.0, 0.0, 0.0, 0.0, 0.0, 0.0, 0.0]",170138,175100,N6,accept,0.5333333333333333,ts,2591,0
"[0.6000000000000001, -0.6000000000000001, 0.1111111111111111, 0.0, 0.0, 0.0, 0.0, 0.0, 1.0, 0.8892219481331178, 1.0, 0.0, 0.0, 0.0, 0.0, 0.0, 0.0, 0.0]",38176,112477,N6,accept,0.72,ts,2984,0
"[0.12499999999999988, -0.12499999999999988, -0.4164235097957482, 0.1793103448275862, -0.047619047619047616, 0.0, 0.0, 0.0, 1.0, 0.6244645839381715, 1.0, 0.0, 0.0, 0.0, 0.0, 0.0, 0.0, 0.0]",155856,114737,N6,accept,0.3874999999999999,ts,1459,1
"[0.3636363636363637, -0.3636363636363637, 0.0, 0.0, 0.0, 0.0, 0.0, 0.0, 1.0, 0.8742764353476687, 1.0, 0.0, 0.0, 0.0, 0.0, 0.0, 0.0, 0.0]",123031,123174,N6,accept,0.5545454545454546,ts,2064,0
"[0.1666666666666667, -0.1666666666666667, 0.0, 0.3, 0.22000000000000003, 0.0, 0.0, 0.0, 1.0, 0.6901568741775026, 1.0, 0.0, 0.0, 0.0, 0.0, 0.0, 0.0, 0.0]",41286,61090,N6,accept,0.4166666666666667,ts,1156,0
"[0.5, -0.5, -0.18852459016393436, 0.0, 0.0, 0.0, 0.0, 0.0, 1.0, 0.8459637063264451, 1.0, 0.0, 0.0, 0.0, 0.0, 0.0, 0.0, 0.0]",85446,122732,N6,accept,0.6499999999999999,ts,1597,0
"[0.39999999999999997, -0.39999999999999997, -0.3935599284436494, -0.24507042253521127, 0.9411764705882353, 0.0, 0.0, 0.0, 1.0, 0.5900088963039656, 1.0, 0.0, 0.0, 0.0, 0.0, 0.0, 0.0, 0.0]",88157,120916,N6,accept,0.58,ts,2277,1
"[0.16666666666666663, -0.16666666666666663, 0.0612765957446809, -0.11475409836065574, -0.45999999999999996, 0.0, 0.0, 0.0, 1.0, 0.6671779591632033, 1.0, 0.0, 0.0, 0.0, 0.0, 0.0, 0.0, 0.0]",83437,185708,N6,accept,0.41666666666666663,ts,2695,0
"[0.19999999999999993, -0.19999999999999993, -0.3181818181818182, -0.8833333333333333, -0.7454545454545454, 0.0, 0.0, 0.0, 1.0, 0.4880812579943533, 1.0, 0.0, 0.0, 0.0, 0.0, 0.0, 0.0, 0.0]",41688,18330,N6,accept,0.43999999999999995,ts,1392,0
"[0.7236842105263158, -0.7236842105263158, -0.5, -0.8461538461538461, -0.6981132075471698, 0.0, 0.0, 0.0, 1.0, 0.5871292809857416, 1.0, 0.0, 0.0, 0.0, 0.0, 0.0, 0.0, 0.0]",123829,63998,N6,accept,0.8065789473684211,ts,1042,1
"[0.03846153846153849, -0.03846153846153849, -0.1427046263345196, -0.11965811965811966, -0.03389830508474579, 0.0, 0.0, 0.0, 1.0, 0.6729908702806418, 1.0, 0.0, 0.0, 0.0, 0.0, 0.0, 0.0, 0.0]",43763,59415,N6,accept,0.3269230769230769,ts,1658,1
"[0.1111111111111111, -0.1111111111111111, -0.2028985507246377, -0.6842105263157895, 0.125, 0.0, 0.0, 0.0, 1.0, 0.5795705702918189, 1.0, 0.0, 0.0, 0.0, 0.0, 0.0, 0.0, 0.0]",87177,164892,N6,accept,0.37777777777777777,ts,2609,1
"[0.28571428571428564, -0.28571428571428564, -0.1971481711097334, -0.12, -0.06000000000000001, 0.0, 0.0, 0.0, 1.0, 0.7368947788610691, 1.0, 0.0, 0.0, 0.0, 0.0, 0.0, 0.0, 0.0]",81570,189203,N3,dismiss,-0.3,ts,1044,1
"[0.11458333333333333, -0.11458333333333333, -0.08759124087591248, -0.5587392550143266, -0.77, 0.0, 0.0, 0.0, 1.0, 0.5416340437403093, 1.0, 0.0, 0.0, 0.0, 0.0, 0.0, 0.0, 0.0]",108839,142262,N6,accept,0.3802083333333333,ts,1723,0
"[0.5, -0.5, -0.28716461203770843, 0.0, 0.0, 0.0, 0.0, 0.0, 1.0, 0.8214037269579653, 1.0, 0.0, 0.0, 0.0, 0.0, 0.0, 0.0, 0.0]",141748,90177,N6,accept,0.6499999999999999,ts,2977,1
"[0.625, -0.625, -0.13377926421404682, 0.9653179190751445, -0.595, 0.0, 0.0, 0.0, 1.0, 0.6539585682082435, 1.0, 0.0, 0.0, 0.0, 0.0, 0.0, 0.0, 0.0]",158410,145532,N6,accept,0.7375,ts,2867,1
"[0.25, -0.25, 0.09090909090909091, -0.32456140350877194, -0.10500000000000007, 0.0, 0.0, 0.0, 1.0, 0.706303156982304, 1.0, 0.0, 0.0, 0.0, 0.0, 0.0, 0.0, 0.0]",123778,165914,N6,accept,0.475,ts,2619,0
"[0.2, -0.2, -0.1010222489476849, -0.30522088353413657, 0.1111111111111111, 0.0, 0.0, 0.0, 1.0, 0.6878171106346154, 1.0, 0.0, 0.0, 0.0, 0.0, 0.0, 0.0, 0.0]",52481,158410,N6,accept,0.43999999999999995,ts,2689,1
"[0.3636363636363637, -0.3636363636363637, 0.020408163265306048, 0.0110803324099723, 0.07142857142857142, 0.0, 0.0, 0.0, 1.0, 0.8430216704000497, 1.0, 0.0, 0.0, 0.0, 0.0, 0.0, 0.0, 0.0]",123215,123174,N6,accept,0.5545454545454546,ts,2848,0
"[0.02500000000000002, -0.02500000000000002, -0.1863303498779495, 0.02, -0.07999999999999999, 0.0, 0.0, 0.0, 1.0, 0.6690903795112921, 1.0, 0.0, 0.0, 0.0, 0.0, 0.0, 0.0, 0.0]",130430,62539,N6,accept,0.3175,ts,1176,0
"[0.47058823529411764, -0.47058823529411764, 0.07142857142857142, 0.0, 0.0, 0.0, 0.0, 0.0, 1.0, 0.8753976473896923, 1.0, 0.0, 0.0, 0.0, 0.0, 0.0, 0.0, 0.0]",51616,70937,N6,accept,0.6294117647058823,ts,548,1
"[0.31176470588235294, -0.31176470588235294, 0.058823529411764705, -0.8775510204081632, -0.18000000000000002, 0.0, 0.0, 0.0, 1.0, 0.6674608978145462, 1.0, 0.0, 0.0, 0.0, 0.0, 0.0, 0.0, 0.0]",41169,79461,N6,accept,0.518235294117647,ts,894,1
"[0.0555555555555556, -0.0555555555555556, 0.0, -0.42290748898678415, 0.13636363636363635, 0.0, 0.0, 0.0, 1.0, 0.6493614127689797, 1.0, 0.0, 0.0, 0.0, 0.0, 0.0, 0.0, 0.0]",169062,104682,N6,accept,0.3388888888888889,ts,2760,1
"[0.14, -0.14, -0.3363636363636364, 0.0, 0.0, 0.0, 0.0, 0.0, 1.0, 0.7038046069838829, 1.0, 0.0, 0.0, 0.0, 0.0, 0.0, 0.0, 0.0]",72620,69993,N6,accept,0.398,ts,733,0
"[0.17647058823529413, -0.17647058823529413, 0.05772136597159252, 0.816, -0.26666666666666666, 0.0, 0.0, 0.0, 1.0, 0.6101949203993131, 1.0, 0.0, 0.0, 0.0, 0.0, 0.0, 0.0, 0.0]",104691,169062,N6,accept,0.4235294117647059,ts,2596,1
"[0.65, -0.65, 0.0, 0.0, 0.0, 0.0, 0.0, 0.0, 1.0, 0.9377233209062918, 1.0, 0.0, 0.0, 0.0, 0.0, 0.0, 0.0, 0.0]",30619,30620,N6,accept,0.7549999999999999,ts,2899,0
"[0.018181818181818195, -0.018181818181818195, 0.060698027314112286, 0.0, 0.0, 0.0, 0.0, 0.0, 1.0, 0.7339531141075869, 1.0, 0.0, 0.0, 0.0, 0.0, 0.0, 0.0, 0.0]",49870,147468,N6,accept,0.31272727272727274,ts,470,0
"[0.5636363636363637, -0.5636363636363637, 0.07142857142857142, -0.016901408450704224, 0.8181818181818182, 0.0, 0.0, 0.0, 1.0, 0.7697647418315443, 1.0, 0.0, 0.0, 0.0, 0.0, 0.0, 0.0, 0.0]",123018,107563,N6,accept,0.6945454545454546,ts,1029,1
"[0.5, -0.5, -0.28622540250447226, 0.2619718309859155, 1.0, 0.0, 0.0, 0.0, 1.0, 0.620464255263077, 1.0, 0.0, 0.0, 0.0, 0.0, 0.0, 0.0, 0.0]",88157,86748,N6,accept,0.6499999999999999,ts,1625,1
"[0.3508064516129032, -0.3508064516129032, -0.50017850767583, 0.09142857142857143, -0.24, 0.0, 0.0, 0.0, 1.0, 0.6619198091492486, 1.0, 0.0, 0.0, 0.0, 0.0, 0.0, 0.0, 0.0]",89602,103705,N6,accept,0.5455645161290322,ts,2229,1
"[0.19117647058823523, -0.19117647058823523, -0.06984866123399301, -0.2669039145907473, 0.9285714285714286, 0.0, 0.0, 0.0, 1.0, 0.6050857620321691, 1.0, 0.0, 0.0, 0.0, 0.0, 0.0, 0.0, 0.0]",84577,138627,N6,accept,0.4338235294117646,ts,1683,1
"[0.28571428571428575, -0.28571428571428575, -0.5994993742177722, 0.24481327800829875, 0.1, 0.0, 0.0, 0.0, 1.0, 0.6260687675061121, 1.0, 0.0, 0.0, 0.0, 0.0, 0.0, 0.0, 0.0]",16682,60782,N6,accept,0.5,ts,1997,1
"[0.7066666666666667, -0.7066666666666667, 0.21951219512195133, 0.22745098039215686, -0.3684210526315789, 0.0, 0.0, 0.0, 1.0, 0.7423189475802244, 1.0, 0.0, 0.0, 0.0, 0.0, 0.0, 0.0, 0.0]",155668,169349,N6,accept,0.7946666666666666,ts,820,1
"[0.2777777777777778, -0.2777777777777778, -0.06612339930151347, 0.08247422680412371, 0.15, 0.0, 0.0, 0.0, 1.0, 0.7620679351527899, 1.0, 0.0, 0.0, 0.0, 0.0, 0.0, 0.0, 0.0]",139804,155844,N6,accept,0.49444444444444446,ts,2022,1
"[0.375, -0.375, -0.19485714285714287, -0.7743732590529248, 0.5399999999999999, 0.0, 0.0, 0.0, 1.0, 0.5957240201168404, 1.0, 0.0, 0.0, 0.0, 0.0, 0.0, 0.0, 0.0]",85164,154734,N6,accept,0.5625,ts,2399,1
"[0.5636363636363637, -0.5636363636363637, -0.16573971078976643, -0.022408963585434174, 0.6666666666666666, 0.0, 0.0, 0.0, 1.0, 0.748709328628749, 1.0, 0.0, 0.0, 0.0, 0.0, 0.0, 0.0, 0.0]",166050,107563,N6,accept,0.6945454545454546,ts,1878,1
"[0.20000000000000007, -0.20000000000000007, -0.0719734660033167, -0.016713091922005572, 0.2, 0.0, 0.0, 0.0, 1.0, 0.7416318447803406, 1.0, 0.0, 0.0, 0.0, 0.0, 0.0, 0.0, 0.0]",30201,88669,N3,accept,0.44000000000000006,ts,1452,1
"[0.2647058823529412, -0.2647058823529412, 0.06312684365781712, 0.6231343283582089, -0.5151515151515151, 0.0, 0.0, 0.0, 1.0, 0.6173068316819965, 1.0, 0.0, 0.0, 0.0, 0.0, 0.0, 0.0, 0.0]",120916,155692,N6,accept,0.48529411764705876,ts,2795,1
"[0.19999999999999998, -0.19999999999999998, -0.2417739628040058, -0.1990521327014218, 0.0, 0.0, 0.0, 0.0, 1.0, 0.6968853300062658, 1.0, 0.0, 0.0, 0.0, 0.0, 0.0, 0.0, 0.0]",19708,19720,N6,accept,0.43999999999999995,ts,1133,1
"[0.0555555555555556, -0.0555555555555556, -0.05649999999999995, -0.32608695652173914, -0.15999999999999998, 0.0, 0.0, 0.0, 1.0, 0.6364745482894184, 1.0, 0.0, 0.0, 0.0, 0.0, 0.0, 0.0, 0.0]",155815,79359,N6,accept,0.3388888888888889,ts,1221,0
"[0.25, -0.25, -0.17102202763715965, 0.0, 0.0, 0.0, 0.0, 0.0, 1.0, 0.781652731750395, 1.0, 0.0, 0.0, 0.0, 0.0, 0.0, 0.0, 0.0]",15456,15457,N3,dismiss,-0.3,ts,1316,1
"[0.16666666666666666, -0.16666666666666666, -0.11866359447004608, -0.4577114427860697, -0.28, 0.0, 0.0, 0.0, 1.0, 0.6147097547619285, 1.0, 0.0, 0.0, 0.0, 0.0, 0.0, 0.0, 0.0]",116359,164355,N6,accept,0.41666666666666663,ts,1890,0
"[0.8714285714285714, -0.8714285714285714, -0.31282586027111575, 0.7355371900826446, 0.55, 0.0, 0.0, 0.0, 1.0, 0.6572526633932373, 1.0, 0.0, 0.0, 0.0, 0.0, 0.0, 0.0, 0.0]",56538,170138,N6,accept,0.9099999999999999,ts,2724,1
"[0.20000000000000004, -0.20000000000000004, -0.14724770642201832, 0.0, -0.041666666666666664, 0.0, 0.0, 0.0, 1.0, 0.7598162879753003, 1.0, 0.0, 0.0, 0.0, 0.0, 0.0, 0.0, 0.0]",143384,84737,N6,accept,0.44,ts,1493,0
"[0.16666666666666663, -0.16666666666666663, -0.14808510638297875, -0.0546448087431694, -0.020000000000000018, 0.0, 0.0, 0.0, 1.0, 0.7385508607535283, 1.0, 0.0, 0.0, 0.0, 0.0, 0.0, 0.0, 0.0]",83437,87100,N6,accept,0.41666666666666663,ts,824,1
"[0.1, -0.07, -0.2697495183044316, -0.05, -0.17272727272727276, 0.0, 0.0, 0.0, 1.0, 0.63467239594446, 1.0, 0.0, 0.0, 0.0, 0.0, 0.0, 0.0, 0.0]",49082,49005,N6,accept,0.37,ts,1882,0
"[0.25, -0.25, 0.0, -0.008595988538681949, 0.13636363636363635, 0.0, 0.0, 0.0, 1.0, 0.8012276518471559, 1.0, 0.0, 0.0, 0.0, 0.0, 0.0, 0.0, 0.0]",43088,117045,N6,accept,0.475,ts,2877,0
"[0.20000000000000007, -0.20000000000000007, -0.07166556071665561, 0.005698005698005698, 0.07142857142857142, 0.0, 0.0, 0.0, 1.0, 0.7744535627634775, 1.0, 0.0, 0.0, 0.0, 0.0, 0.0, 0.0, 0.0]",43335,88669,N1,dismiss,-0.3,ts,2361,1
"[0.5, -0.5, 0.14336917562724016, -0.1926605504587156, -0.45999999999999996, 0.0, 0.0, 0.0, 1.0, 0.7207415459493114, 1.0, 0.0, 0.0, 0.0, 0.0, 0.0, 0.0, 0.0]",19612,19600,N6,accept,0.6499999999999999,ts,1270,1
"[0.47058823529411764, -0.47058823529411764, 0.15384615384615385, 0.0, 0.0, 0.0, 0.0, 0.0, 1.0, 0.8490503635579928, 1.0, 0.0, 0.0, 0.0, 0.0, 0.0, 0.0, 0.0]",156353,18570,N6,accept,0.6294117647058823,ts,2082,0
"[0.20000000000000007, -0.20000000000000007, -0.33657289002557544, -0.04, 1.0, 0.0, 0.0, 0.0, 1.0, 0.5636876947802636, 1.0, 0.0, 0.0, 0.0, 0.0, 0.0, 0.0, 0.0]",88363,107554,N6,accept,0.44000000000000006,ts,609,1
"[0.15999999999999998, -0.15999999999999998, -0.18367346938775508, 0.3225806451612903, 0.0571428571428572, 0.0, 0.0, 0.0, 1.0, 0.659874950334628, 1.0, 0.0, 0.0, 0.0, 0.0, 0.0, 0.0, 0.0]",59417,152287,N6,accept,0.412,ts,2418,1
"[0.5170454545454546, -0.5170454545454546, 0.0, 0.11764705882352941, 0.05999999999999996, 0.0, 0.0, 0.0, 1.0, 0.8641277186819578, 1.0, 0.0, 0.0, 0.0, 0.0, 0.0, 0.0, 0.0]",130670,87407,N6,accept,0.6619318181818181,ts,1846,1
"[0.25, -0.25, 0.0, 0.0, 0.0, 0.0, 0.0, 0.0, 1.0, 0.8395893495876965, 1.0, 0.0, 0.0, 0.0, 0.0, 0.0, 0.0, 0.0]",116939,117045,N6,accept,0.475,ts,1137,0
"[0.25, -0.25, 0.09090909090909091, 0.06944444444444445, -0.005555555555555635, 0.0, 0.0, 0.0, 1.0, 0.7852312004718296, 1.0, 0.0, 0.0, 0.0, 0.0, 0.0, 0.0, 0.0]",164892,165914,N6,accept,0.475,ts,1069,0
"[0.6666666666666666, -0.6666666666666666, 0.09717186366932572, 0.0, 0.0, 0.0, 0.0, 0.0, 1.0, 0.9050735068250562, 1.0, 0.0, 0.0, 0.0, 0.0, 0.0, 0.0, 0.0]",141749,90167,N6,accept,0.7666666666666666,ts,2972,0
"[0.5714285714285715, -0.5714285714285715, -0.5994993742177722, 0.24481327800829875, 0.1, 0.0, 0.0, 0.0, 1.0, 0.6987327501453318, 1.0, 0.0, 0.0, 0.0, 0.0, 0.0, 0.0, 0.0]",16682,60788,N6,accept,0.7,ts,782,1
"[0.375, -0.375, 0.024727272727272716, -0.4527027027027027, 0.33999999999999997, 0.0, 0.0, 0.0, 1.0, 0.7044564132089861, 1.0, 0.0, 0.0, 0.0, 0.0, 0.0, 0.0, 0.0]",19607,154734,N6,accept,0.5625,ts,924,0
"[0.5764705882352941, -0.5764705882352941, 0.0, -0.8775510204081632, -0.18000000000000002, 0.0, 0.0, 0.0, 1.0, 0.7552534703733591, 1.0, 0.0, 0.0, 0.0, 0.0, 0.0, 0.0, 0.0]",41169,18334,N6,accept,0.7035294117647057,ts,1889,1
"[0.11999999999999993, -0.11999999999999993, 0.0928689883913766, -0.002849002849002849, -0.4571428571428572, 0.0, 0.0, 0.0, 1.0, 0.6698866032291669, 1.0, 0.0, 0.0, 0.0, 0.0, 0.0, 0.0, 0.0]",15535,43097,N3,dismiss,-0.3,ts,2136,1
"[0.16666666666666663, -0.16666666666666663, 0.20020020020020018, 0.02040816326530612, 0.14583333333333337, 0.0, 0.0, 0.0, 1.0, 0.7012934475096448, 1.0, 0.0, 0.0, 0.0, 0.0, 0.0, 0.0, 0.0]",16681,63869,N6,accept,0.41666666666666663,ts,1233,0
"[0.5, -0.5, -0.12990777338603424, 1.0, 0.2727272727272727, 0.0, 0.0, 0.0, 1.0, 0.6540070179142446, 1.0, 0.0, 0.0, 0.0, 0.0, 0.0, 0.0, 0.0]",85794,61314,N6,accept,0.6499999999999999,ts,2098,1
"[0.24999999999999997, -0.24999999999999997, -0.46371428571428575, -0.12301587301587301, -0.25, 0.0, 0.0, 0.0, 1.0, 0.6269674754267696, 1.0, 0.0, 0.0, 0.0, 0.0, 0.0, 0.0, 0.0]",115390,104466,N6,accept,0.475,ts,2695,1
"[0.12209302325581393, -0.12209302325581393, -0.6105702364394994, 0.38961038961038963, -0.14285714285714285, 0.0, 0.0, 0.0, 1.0, 0.5357946105629052, 1.0, 0.0, 0.0, 0.0, 0.0, 0.0, 0.0, 0.0]",20076,103704,N1,dismiss,-0.3,ts,2777,1
"[0.24242424242424238, -0.24242424242424238, -0.158311345646438, -0.4634146341463415, -0.15999999999999998, 0.0, 0.0, 0.0, 1.0, 0.6511177391618957, 1.0, 0.0, 0.0, 0.0, 0.0, 0.0, 0.0, 0.0]",110035,19600,N6,accept,0.4696969696969696,ts,1909,0
"[0.3032258064516129, -0.3032258064516129, -0.046875, -0.002849002849002849, 0.07142857142857142, 0.0, 0.0, 0.0, 1.0, 0.817748560930307, 1.0, 0.0, 0.0, 0.0, 0.0, 0.0, 0.0, 0.0]",15686,15687,N6,accept,0.512258064516129,ts,2846,0
"[0.78, -0.78, -0.5652173913043478, 0.0, 0.0, 0.0, 0.0, 0.0, 1.0, 0.8206466101270193, 1.0, 0.0, 0.0, 0.0, 0.0, 0.0, 0.0, 0.0]",128295,169349,N6,accept,0.8459999999999999,ts,1913,0
"[0.4583333333333333, -0.4583333333333333, -0.1433260393873086, 0.22, 0.24000000000000005, 0.0, 0.0, 0.0, 1.0, 0.7386709394486253, 1.0, 0.0, 0.0, 0.0, 0.0, 0.0, 0.0, 0.0]",151789,123325,N6,accept,0.6208333333333333,ts,579,0
"[0.25, -0.25, -0.5708154506437768, -0.008595988538681949, 1.0, 0.0, 0.0, 0.0, 1.0, 0.5525921765486778, 1.0, 0.0, 0.0, 0.0, 0.0, 0.0, 0.0, 0.0]",189369,117045,N6,accept,0.475,ts,598,0
"[0.7066666666666667, -0.7066666666666667, 0.21951219512195133, 0.22745098039215686, -0.3684210526315789, 0.0, 0.0, 0.0, 1.0, 0.7423189475802244, 1.0, 0.0, 0.0, 0.0, 0.0, 0.0, 0.0, 0.0]",155668,169349,N6,accept,0.7946666666666666,ts,1372,0
"[0.3636363636363637, -0.3636363636363637, 0.0, 0.0, 0.0, 0.0, 0.0, 0.0, 1.0, 0.8742764353476687, 1.0, 0.0, 0.0, 0.0, 0.0, 0.0, 0.0, 0.0]",123143,123174,N6,accept,0.5545454545454546,ts,2963,0
"[0.5636363636363637, -0.5636363636363637, -0.4547263681592039, -0.005698005698005698, 0.42857142857142855, 0.0, 0.0, 0.0, 1.0, 0.7146769810531584, 1.0, 0.0, 0.0, 0.0, 0.0, 0.0, 0.0, 0.0]",15532,108839,N6,accept,0.6945454545454546,ts,2704,1
"[0.375, -0.375, 0.07148288973384026, -0.5597826086956522, 0.4, 0.0, 0.0, 0.0, 1.0, 0.6671768370261847, 1.0, 0.0, 0.0, 0.0, 0.0, 0.0, 0.0, 0.0]",85163,154734,N6,accept,0.5625,ts,2133,0
"[0.09090909090909098, -0.09090909090909098, -0.5, 0.054878048780487805, 0.041666666666666664, 0.0, 0.0, 0.0, 1.0, 0.6298716109091275, 1.0, 0.0, 0.0, 0.0, 0.0, 0.0, 0.0, 0.0]",162867,117053,N6,accept,0.36363636363636365,ts,1162,1
"[0.0555555555555556, -0.0555555555555556, -0.16666666666666666, 0.01764705882352941, 0.0, 0.0, 0.0, 0.0, 1.0, 0.7088897221869671, 1.0, 0.0, 0.0, 0.0, 0.0, 0.0, 0.0, 0.0]",123852,105724,N6,accept,0.3388888888888889,ts,406,1
"[0.5151515151515151, -0.5151515151515151, -0.060150375939849676, 0.1076923076923077, -0.07142857142857142, 0.0, 0.0, 0.0, 1.0, 0.8404252540200962, 1.0, 0.0, 0.0, 0.0, 0.0, 0.0, 0.0, 0.0]",90175,90182,N6,accept,0.6606060606060606,ts,2921,0
"[0.11999999999999998, -0.11999999999999998, -0.2654424040066778, -0.4111111111111111, -0.039999999999999994, 0.0, 0.0, 0.0, 1.0, 0.6165226491381179, 1.0, 0.0, 0.0, 0.0, 0.0, 0.0, 0.0, 0.0]",33289,122719,N6,accept,0.38399999999999995,ts,735,1
"[0.050000000000000044, -0.050000000000000044, 0.23767935121646902, 0.28, -0.21999999999999997, 0.0, 0.0, 0.0, 1.0, 0.5753341503687988, 1.0, 0.0, 0.0, 0.0, 0.0, 0.0, 0.0, 0.0]",115984,94324,N6,accept,0.335,ts,2211,0
"[0.01111111111111112, -0.01111111111111112, -0.06604402935290195, -0.21518987341772153, -0.13999999999999999, 0.0, 0.0, 0.0, 1.0, 0.6403259248577577, 1.0, 0.0, 0.0, 0.0, 0.0, 0.0, 0.0, 0.0]",155616,79360,N6,accept,0.30777777777777776,ts,995,0
"[0.4444444444444445, -0.4444444444444445, 0.18241042345276867, -0.34, -0.6, 0.0, 0.0, 0.0, 1.0, 0.6557316228780911, 1.0, 0.0, 0.0, 0.0, 0.0, 0.0, 0.0, 0.0]",169354,132873,N6,accept,0.6111111111111112,ts,531,0
"[0.1666666666666667, -0.1666666666666667, 0.2, 0.0, 0.0, 0.0, 0.0, 0.0, 1.0, 0.7452936748080553, 1.0, 0.0, 0.0, 0.0, 0.0, 0.0, 0.0, 0.0]",18364,61090,N6,accept,0.4166666666666667,ts,2088,0
"[0.5, -0.5, 0.07799999999999997, 0.25333333333333335, 0.09090909090909091, 0.0, 0.0, 0.0, 1.0, 0.795337099463009, 1.0, 0.0, 0.0, 0.0, 0.0, 0.0, 0.0, 0.0]",40487,63878,N6,accept,0.6499999999999999,ts,2972,1
"[0.39692982456140347, -0.39692982456140347, 0.15305313243457572, 0.0, 0.0, 0.0, 0.0, 0.0, 1.0, 0.8307027899342155, 1.0, 0.0, 0.0, 0.0, 0.0, 0.0, 0.0, 0.0]",147348,85069,N6,accept,0.5778508771929824,ts,1011,0
"[0.20000000000000004, -0.20000000000000004, -0.3409090909090909, 0.0, 0.0, 0.0, 0.0, 0.0, 1.0, 0.7239674946003922, 1.0, 0.0, 0.0, 0.0, 0.0, 0.0, 0.0, 0.0]",51022,70828,N6,accept,0.44,ts,2043,0
"[0.20000000000000007, -0.20000000000000007, 0.09090909090909091, -0.019943019943019943, -0.17857142857142858, 0.0, 0.0, 0.0, 1.0, 0.7386644578940104, 1.0, 0.0, 0.0, 0.0, 0.0, 0.0, 0.0, 0.0]",151838,31972,N6,accept,0.44000000000000006,ts,1840,0
"[0.41176470588235287, -0.41176470588235287, -0.4265232974910394, 0.08, 0.12000000000000002, 0.0, 0.0, 0.0, 1.0, 0.7184106107941747, 1.0, 0.0, 0.0, 0.0, 0.0, 0.0, 0.0, 0.0]",88339,58615,N6,accept,0.588235294117647,ts,1861,0
"[0.25, -0.25, -0.24812030075187969, 0.0581039755351682, 0.32978723404255317, 0.0, 0.0, 0.0, 1.0, 0.6724565857057285, 1.0, 0.0, 0.0, 0.0, 0.0, 0.0, 0.0, 0.0]",82380,117045,N6,accept,0.475,ts,1488,0
"[0.2045454545454546, -0.2045454545454546, -0.24931506849315063, -0.019553072625698324, 1.0, 0.0, 0.0, 0.0, 1.0, 0.605028229497204, 1.0, 0.0, 0.0, 0.0, 0.0, 0.0, 0.0, 0.0]",93935,74278,N6,accept,0.44318181818181823,ts,2104,0
"[0.08139534883720925, -0.08139534883720925, -0.3082851637764933, 0.017045454545454544, 0.3194444444444444, 0.0, 0.0, 0.0, 1.0, 0.6124853436068625, 1.0, 0.0, 0.0, 0.0, 0.0, 0.0, 0.0, 0.0]",54520,43387,N6,accept,0.35697674418604647,ts,1441,1
"[0.16000000000000003, -0.16000000000000003, 0.06048982000590136, -0.4169611307420495, 0.08333333333333333, 0.0, 0.0, 0.0, 1.0, 0.6782079465127508, 1.0, 0.0, 0.0, 0.0, 0.0, 0.0, 0.0, 0.0]",134112,179649,N6,accept,0.41200000000000003,ts,1009,1
"[0.19999999999999993, -0.19999999999999993, -0.64, -0.7017543859649122, -0.18, 0.0, 0.0, 0.0, 1.0, 0.519947046261621, 1.0, 0.0, 0.0, 0.0, 0.0, 0.0, 0.0, 0.0]",87407,66862,N6,accept,0.43999999999999995,ts,858,1
"[0.305327868852459, -0.305327868852459, 0.16486261448792677, 0.014285714285714285, 0.0, 0.0, 0.0, 0.0, 1.0, 0.796710707014152, 1.0, 0.0, 0.0, 0.0, 0.0, 0.0, 0.0, 0.0]",64290,146721,N6,accept,0.5137295081967213,ts,2797,0
"[0.14285714285714285, -0.14285714285714285, -0.13156752062527144, -0.05190311418685121, 0.36363636363636365, 0.0, 0.0, 0.0, 1.0, 0.6641876162143715, 1.0, 0.0, 0.0, 0.0, 0.0, 0.0, 0.0, 0.0]",110153,115289,N6,accept,0.39999999999999997,ts,1271,0
"[0.38461538461538464, -0.38461538461538464, 0.08930987821380235, 0.6810810810810811, 0.8799999999999999, 0.0, 0.0, 0.0, 1.0, 0.6116138371065478, 1.0, 0.0, 0.0, 0.0, 0.0, 0.0, 0.0, 0.0]",175208,91068,N6,accept,0.5692307692307692,ts,2673,0
"[0.8380952380952381, -0.8380952380952381, -0.64, -0.8172043010752689, -0.2, 0.0, 0.0, 0.0, 1.0, 0.6479842485759726, 1.0, 0.0, 0.0, 0.0, 0.0, 0.0, 0.0, 0.0]",126323,66862,N6,accept,0.8866666666666667,ts,2066,1
"[0.5714285714285715, -0.5714285714285715, -0.2190923317683881, -0.014492753623188406, 0.0, 0.0, 0.0, 0.0, 1.0, 0.8484515741825384, 1.0, 0.0, 0.0, 0.0, 0.0, 0.0, 0.0, 0.0]",81462,81422,N6,accept,0.7,ts,419,1
"[0.4545454545454546, -0.4545454545454546, -0.375, -0.0028735632183908046, 0.8333333333333334, 0.0, 0.0, 0.0, 1.0, 0.6701200877280795, 1.0, 0.0, 0.0, 0.0, 0.0, 0.0, 0.0, 0.0]",31966,107659,N6,accept,0.6181818181818182,ts,1729,1
"[0.5599999999999999, -0.5599999999999999, 0.08267716535433069, 0.36, 1.0, 0.0, 0.0, 0.0, 1.0, 0.6842840609430062, 1.0, 0.0, 0.0, 0.0, 0.0, 0.0, 0.0, 0.0]",185411,89763,N6,accept,0.692,ts,1333,0
"[0.5599999999999999, -0.5599999999999999, 0.052291801162040054, 0.29454545454545455, -0.2448979591836735, 0.0, 0.0, 0.0, 1.0, 0.7767295963695724, 1.0, 0.0, 0.0, 0.0, 0.0, 0.0, 0.0, 0.0]",185412,87718,N6,accept,0.692,ts,1489,0
"[0.25, -0.25, 0.0, 0.0, 0.0, 0.0, 0.0, 0.0, 1.0, 0.8395893495876965, 1.0, 0.0, 0.0, 0.0, 0.0, 0.0, 0.0, 0.0]",116939,117045,N6,accept,0.475,ts,676,0
"[0.20000000000000007, -0.20000000000000007, 0.2, -0.01694915254237288, -0.07692307692307693, 0.0, 0.0, 0.0, 1.0, 0.7305032209505417, 1.0, 0.0, 0.0, 0.0, 0.0, 0.0, 0.0, 0.0]",108842,31966,N6,accept,0.44000000000000006,ts,842,1
"[0.09999999999999996, -0.09999999999999996, 0.0, 0.03870967741935484, -0.045454545454545456, 0.0, 0.0, 0.0, 1.0, 0.7630116146408217, 1.0, 0.0, 0.0, 0.0, 0.0, 0.0, 0.0, 0.0]",111130,108202,N6,accept,0.36999999999999994,ts,1023,0
"[0.7954545454545455, -0.7954545454545455, -0.058333333333333376, 0.08571428571428572, 1.0, 0.0, 0.0, 0.0, 1.0, 0.7646405915394846, 1.0, 0.0, 0.0, 0.0, 0.0, 0.0, 0.0, 0.0]",30082,89765,N6,accept,0.8568181818181819,ts,2185,1
"[0.3636363636363637, -0.3636363636363637, 0.2033333333333334, -0.1568627450980392, 0.16, 0.0, 0.0, 0.0, 1.0, 0.7259799511934714, 1.0, 0.0, 0.0, 0.0, 0.0, 0.0, 0.0, 0.0]",89764,123439,N6,accept,0.5545454545454546,ts,2503,0
"[0.8742857142857143, -0.8742857142857143, 0.1455847255369929, -0.025157232704402517, -0.7042253521126761, 0.0, 0.0, 0.0, 1.0, 0.794954738530718, 1.0, 0.0, 0.0, 0.0, 0.0, 0.0, 0.0, 0.0]",57280,59423,N6,accept,0.9119999999999999,ts,2051,0
"[0.6666666666666667, -0.6666666666666667, 0.23277737490935468, 0.0, 0.0, 0.0, 0.0, 0.0, 1.0, 0.8659558877868416, 1.0, 0.0, 0.0, 0.0, 0.0, 0.0, 0.0, 0.0]",141751,56398,N1,dismiss,-0.3,ts,2857,1
"[0.1666666666666667, -0.1666666666666667, -0.22940563086548488, 0.0380952380952381, 0.0, 0.0, 0.0, 0.0, 1.0, 0.7266325231925359, 1.0, 0.0, 0.0, 0.0, 0.0, 0.0, 0.0, 0.0]",56248,115244,N6,accept,0.4166666666666667,ts,2272,1
"[0.75, -0.75, 0.0, 0.0, 0.0, 0.0, 0.0, 0.0, 1.0, 0.9523252675504453, 1.0, 0.0, 0.0, 0.0, 0.0, 0.0, 0.0, 0.0]",38239,56398,N6,accept,0.825,ts,2884,0
"[0.5, -0.5, -0.8696, -0.05956112852664577, -0.21428571428571427, 0.0, 0.0, 0.0, 1.0, 0.674790161344931, 1.0, 0.0, 0.0, 0.0, 0.0, 0.0, 0.0, 0.0]",63925,63864,N6,accept,0.6499999999999999,ts,1678,1
"[0.8705882352941177, -0.8705882352941177, -0.23136049192928515, 0.7633802816901408, -0.29411764705882354, 0.0, 0.0, 0.0, 1.0, 0.7076028026503194, 1.0, 0.0, 0.0, 0.0, 0.0, 0.0, 0.0, 0.0]",134227,169349,N6,accept,0.9094117647058824,ts,1683,0
"[0.64, -0.64, -0.06526468455402455, 0.0, 0.0, 0.0, 0.0, 0.0, 1.0, 0.9115953603082338, 1.0, 0.0, 0.0, 0.0, 0.0, 0.0, 0.0, 0.0]",141769,90178,N6,accept,0.748,ts,865,1
"[0.24999999999999994, -0.24999999999999994, -0.11782032400589111, 0.014492753623188406, 0.01626016260162596, 0.0, 0.0, 0.0, 1.0, 0.7885172541022555, 1.0, 0.0, 0.0, 0.0, 0.0, 0.0, 0.0, 0.0]",108507,19869,N6,accept,0.475,ts,789,1
"[0.25, -0.25, -0.24812030075187969, 0.005813953488372093, 0.041666666666666664, 0.0, 0.0, 0.0, 1.0, 0.7476249554836153, 1.0, 0.0, 0.0, 0.0, 0.0, 0.0, 0.0, 0.0]",174773,117045,N6,accept,0.475,ts,620,0
"[0.5333333333333333, -0.5333333333333333, 0.15799999999999997, 0.0, 0.0, 0.0, 0.0, 0.0, 1.0, 0.8618210826004871, 1.0, 0.0, 0.0, 0.0, 0.0, 0.0, 0.0, 0.0]",40487,16725,N6,accept,0.6733333333333333,ts,2781,1
"[0.3636363636363637, -0.3636363636363637, -0.11352941176470586, -0.00847457627118644, 0.07692307692307693, 0.0, 0.0, 0.0, 1.0, 0.8097408558563012, 1.0, 0.0, 0.0, 0.0, 0.0, 0.0, 0.0, 0.0]",108741,74278,N6,accept,0.5545454545454546,ts,509,1
"[0.2222222222222223, -0.2222222222222223, 0.11131725417439703, 0.08529411764705883, 0.10400000000000005, 0.0, 0.0, 0.0, 1.0, 0.7387660108640149, 1.0, 0.0, 0.0, 0.0, 0.0, 0.0, 0.0, 0.0]",123848,76847,N6,accept,0.4555555555555556,ts,2486,0
"[0.5785714285714285, -0.5785714285714285, 0.05000000000000007, 1.0, 1.0, 0.0, 0.0, 0.0, 1.0, 0.6087881772484282, 1.0, 0.0, 0.0, 0.0, 0.0, 0.0, 0.0, 0.0]",174937,63936,N6,accept,0.7049999999999998,ts,2110,1
"[0.3142857142857143, -0.3142857142857143, -0.5006513243595311, -0.21107266435986158, 0.0, 0.0, 0.0, 0.0, 1.0, 0.6816641322507467, 1.0, 0.0, 0.0, 0.0, 0.0, 0.0, 0.0, 0.0]",110153,178949,N6,accept,0.52,ts,582,1
"[0.07692307692307698, -0.07692307692307698, 0.16149369544131903, 0.16, 0.040000000000000036, 0.0, 0.0, 0.0, 1.0, 0.6709052205940557, 1.0, 0.0, 0.0, 0.0, 0.0, 0.0, 0.0, 0.0]",145085,141805,N6,accept,0.35384615384615387,ts,570,0
"[0.375, -0.375, -0.19485714285714287, -0.7743732590529248, 0.5399999999999999, 0.0, 0.0, 0.0, 1.0, 0.5957240201168404, 1.0, 0.0, 0.0, 0.0, 0.0, 0.0, 0.0, 0.0]",85164,154734,N6,accept,0.5625,ts,1320,1
"[0.41333333333333333, -0.41333333333333333, 0.0, 0.0, 0.0, 0.0, 0.0, 0.0, 1.0, 0.8877820071345368, 1.0, 0.0, 0.0, 0.0, 0.0, 0.0, 0.0, 0.0]",48996,48998,N6,accept,0.5893333333333333,ts,878,1
"[0.7576530612244898, -0.7576530612244898, -0.04534606205250594, -0.6666666666666666, -0.33999999999999997, 0.0, 0.0, 0.0, 1.0, 0.7514982057090797, 1.0, 0.0, 0.0, 0.0, 0.0, 0.0, 0.0, 0.0]",33277,174927,N6,accept,0.8303571428571428,ts,1799,0
"[0.09722222222222213, -0.09722222222222213, 0.14842300556586271, -0.13031914893617022, 0.0, 0.0, 0.0, 0.0, 1.0, 0.7004176814126454, 1.0, 0.0, 0.0, 0.0, 0.0, 0.0, 0.0, 0.0]",63878,63891,N6,accept,0.36805555555555547,ts,2488,0
"[0.6136363636363636, -0.6136363636363636, 0.22448979591836735, -0.5661971830985916, -0.5818181818181819, 0.0, 0.0, 0.0, 1.0, 0.6543752726498029, 1.0, 0.0, 0.0, 0.0, 0.0, 0.0, 0.0, 0.0]",123023,142262,N6,accept,0.7295454545454545,ts,2268,0
"[0.2941176470588235, -0.2941176470588235, -0.20508744038155807, 0.9354838709677419, 0.58, 0.0, 0.0, 0.0, 1.0, 0.5564807400241625, 1.0, 0.0, 0.0, 0.0, 0.0, 0.0, 0.0, 0.0]",79359,18570,N6,accept,0.5058823529411764,ts,1267,0
"[0.24999999999999992, -0.24999999999999992, -0.48413125336202256, 1.0, -0.2608695652173913, 0.0, 0.0, 0.0, 1.0, 0.5241024203212179, 1.0, 0.0, 0.0, 0.0, 0.0, 0.0, 0.0, 0.0]",84737,55882,N6,accept,0.4749999999999999,ts,2416,1
"[0.26470588235294124, -0.26470588235294124, -0.7098497495826377, -0.22, -0.07999999999999999, 0.0, 0.0, 0.0, 1.0, 0.6171417564827884, 1.0, 0.0, 0.0, 0.0, 0.0, 0.0, 0.0, 0.0]",18053,81996,N6,accept,0.4852941176470589,ts,1568,1
"[0.6333333333333333, -0.6333333333333333, -0.05709795704557359, -0.6208017334777898, -0.025974025974025997, 0.0, 0.0, 0.0, 1.0, 0.799107209583746, 1.0, 0.0, 0.0, 0.0, 0.0, 0.0, 0.0, 0.0]",185512,30105,N6,accept,0.7433333333333333,ts,2716,1
"[0.30769230769230776, -0.30769230769230776, -0.10013531799729371, 0.372972972972973, 0.019999999999999928, 0.0, 0.0, 0.0, 1.0, 0.7367973902440537, 1.0, 0.0, 0.0, 0.0, 0.0, 0.0, 0.0, 0.0]",175208,54392,N6,accept,0.5153846153846154,ts,538,1
"[0.19230769230769232, -0.19230769230769232, 0.0, 0.11363636363636363, 0.0, 0.0, 0.0, 0.0, 1.0, 0.7896850702294859, 1.0, 0.0, 0.0, 0.0, 0.0, 0.0, 0.0, 0.0]",114738,166142,N6,accept,0.4346153846153846,ts,2180,0
"[0.5636363636363637, -0.5636363636363637, -0.16666666666666666, -0.0169971671388102, 0.5714285714285714, 0.0, 0.0, 0.0, 1.0, 0.7583006312428955, 1.0, 0.0, 0.0, 0.0, 0.0, 0.0, 0.0, 0.0]",87721,107659,N6,accept,0.6945454545454546,ts,1831,1
"[0.20000000000000004, -0.20000000000000004, -0.6334862385321101, 1.0, -0.375, 0.0, 0.0, 0.0, 1.0, 0.46352703055457606, 1.0, 0.0, 0.0, 0.0, 0.0, 0.0, 0.0, 0.0]",85929,139806,N6,accept,0.44,ts,1729,1
"[0.02631578947368412, -0.02631578947368412, -0.43, 0.019867549668874173, 0.0285714285714286, 0.0, 0.0, 0.0, 1.0, 0.6303211836867184, 1.0, 0.0, 0.0, 0.0, 0.0, 0.0, 0.0, 0.0]",41398,15200,N6,accept,0.3184210526315789,ts,420,0
"[0.0285714285714286, -0.0285714285714286, 0.0, -0.4375, -0.039999999999999994, 0.0, 0.0, 0.0, 1.0, 0.6617044856731337, 1.0, 0.0, 0.0, 0.0, 0.0, 0.0, 0.0, 0.0]",125786,189308,N6,accept,0.32,ts,1643,0
"[0.20000000000000007, -0.20000000000000007, -0.20398009950248752, -0.008547008547008548, 0.0, 0.0, 0.0, 0.0, 1.0, 0.7532869108470774, 1.0, 0.0, 0.0, 0.0, 0.0, 0.0, 0.0, 0.0]",72081,31966,N3,accept,0.44000000000000006,ts,1416,1
"[0.2045454545454546, -0.2045454545454546, 0.006343906510851462, -0.019553072625698324, 1.0, 0.0, 0.0, 0.0, 1.0, 0.6864109839014316, 1.0, 0.0, 0.0, 0.0, 0.0, 0.0, 0.0, 0.0]",135483,74278,N3,dismiss,-0.3,ts,2454,1
"[0.8730158730158731, -0.8730158730158731, 0.14184397163120568, 0.1288888888888889, -0.23529411764705876, 0.0, 0.0, 0.0, 1.0, 0.826249285934507, 1.0, 0.0, 0.0, 0.0, 0.0, 0.0, 0.0, 0.0]",48746,91067,N6,accept,0.9111111111111112,ts,2582,1
"[0.040000000000000036, -0.040000000000000036, 0.15037593984962405, 0.5676855895196506, -0.6375, 0.0, 0.0, 0.0, 1.0, 0.5031443816332022, 1.0, 0.0, 0.0, 0.0, 0.0, 0.0, 0.0, 0.0]",185375,158412,N6,accept,0.328,ts,2941,0
"[0.3636363636363637, -0.3636363636363637, 0.0, 0.0, 0.0, 0.0, 0.0, 0.0, 1.0, 0.8742764353476687, 1.0, 0.0, 0.0, 0.0, 0.0, 0.0, 0.0, 0.0]",123054,123174,N6,accept,0.5545454545454546,ts,623,0
"[0.39999999999999997, -0.39999999999999997, 0.0, -0.32, -0.12000000000000002, 0.0, 0.0, 0.0, 1.0, 0.7813504345159491, 1.0, 0.0, 0.0, 0.0, 0.0, 0.0, 0.0, 0.0]",71728,50997,N6,accept,0.58,ts,2274,1
"[0.24999999999999997, -0.24999999999999997, -0.6068, 0.0, 0.0, 0.0, 0.0, 0.0, 1.0, 0.6990144894328193, 1.0, 0.0, 0.0, 0.0, 0.0, 0.0, 0.0, 0.0]",69947,90177,N6,accept,0.475,ts,1586,1
"[0.07142857142857154, -0.07142857142857154, 0.2002503128911139, 0.7663551401869159, -0.15, 0.0, 0.0, 0.0, 1.0, 0.554195768035352, 1.0, 0.0, 0.0, 0.0, 0.0, 0.0, 0.0, 0.0]",78135,115242,N6,accept,0.3500000000000001,ts,2603,0
"[0.8530612244897959, -0.8530612244897959, -0.49268668206312544, 0.4482758620689655, 0.47619047619047616, 0.0, 0.0, 0.0, 1.0, 0.6578232997225838, 1.0, 0.0, 0.0, 0.0, 0.0, 0.0, 0.0, 0.0]",144702,170138,N6,accept,0.897142857142857,ts,2323,1
"[0.25, -0.25, 0.0, 0.011695906432748537, 0.25, 0.0, 0.0, 0.0, 1.0, 0.7771008967590011, 1.0, 0.0, 0.0, 0.0, 0.0, 0.0, 0.0, 0.0]",43087,117045,N6,accept,0.475,ts,2432,0
"[0.1, -0.07, -0.2697495183044316, -0.05, -0.17272727272727276, 0.0, 0.0, 0.0, 1.0, 0.63467239594446, 1.0, 0.0, 0.0, 0.0, 0.0, 0.0, 0.0, 0.0]",49082,49005,N3,dismiss,-0.3,ts,2381,1
"[0.39999999999999997, -0.39999999999999997, -0.7121401752190238, -0.13307984790874525, -0.26666666666666666, 0.0, 0.0, 0.0, 1.0, 0.6353431571611287, 1.0, 0.0, 0.0, 0.0, 0.0, 0.0, 0.0, 0.0]",120829,178949,N6,accept,0.58,ts,1032,1
"[0.7647058823529411, -0.7647058823529411, -0.05685714285714291, 1.0, 0.09523809523809523, 0.0, 0.0, 0.0, 1.0, 0.7738437243577441, 1.0, 0.0, 0.0, 0.0, 0.0, 0.0, 0.0, 0.0]",104680,120787,N6,accept,0.8352941176470587,ts,510,1
"[0.4705882352941177, -0.4705882352941177, 0.0, -0.75, -0.44000000000000006, 0.0, 0.0, 0.0, 1.0, 0.6977090282141576, 1.0, 0.0, 0.0, 0.0, 0.0, 0.0, 0.0, 0.0]",41870,18334,N6,accept,0.6294117647058823,ts,2275,1
"[0.17500000000000002, -0.17500000000000002, 0.06028476219327483, 0.2600732600732601, 0.17391304347826086, 0.0, 0.0, 0.0, 1.0, 0.6865394554618305, 1.0, 0.0, 0.0, 0.0, 0.0, 0.0, 0.0, 0.0]",120787,169335,N6,accept,0.4225,ts,1888,0
"[0.7, -0.7, -0.004432951606944994, 0.25333333333333335, 0.09090909090909091, 0.0, 0.0, 0.0, 1.0, 0.8591242692968568, 1.0, 0.0, 0.0, 0.0, 0.0, 0.0, 0.0, 0.0]",82038,63878,N6,accept,0.7899999999999999,ts,1955,1
"[0.7647058823529411, -0.7647058823529411, -0.0027190332326285016, 0.092, -0.23333333333333334, 0.0, 0.0, 0.0, 1.0, 0.8719634179340141, 1.0, 0.0, 0.0, 0.0, 0.0, 0.0, 0.0, 0.0]",61306,120787,N6,accept,0.8352941176470587,ts,2413,1
"[0.14285714285714288, -0.14285714285714288, 0.2002503128911139, 0.9813084112149533, -0.15, 0.0, 0.0, 0.0, 1.0, 0.5689594320135174, 1.0, 0.0, 0.0, 0.0, 0.0, 0.0, 0.0, 0.0]",78135,55882,N6,accept,0.4,ts,2036,1
"[0.25, -0.25, 0.1813365933170334, 0.06976744186046512, 0.375, 0.0, 0.0, 0.0, 1.0, 0.6800714943350291, 1.0, 0.0, 0.0, 0.0, 0.0, 0.0, 0.0, 0.0]",84869,71447,N6,accept,0.475,ts,2173,0
"[0.12499999999999988, -0.12499999999999988, 0.22662889518413595, -0.23684210526315788, 0.10526315789473684, 0.0, 0.0, 0.0, 1.0, 0.6383733944913446, 1.0, 0.0, 0.0, 0.0, 0.0, 0.0, 0.0, 0.0]",180520,144702,N6,accept,0.3874999999999999,ts,2368,0
"[0.0555555555555556, -0.0555555555555556, -0.16666666666666666, 0.01764705882352941, 0.13636363636363635, 0.0, 0.0, 0.0, 1.0, 0.6730847801914981, 1.0, 0.0, 0.0, 0.0, 0.0, 0.0, 0.0, 0.0]",123856,107052,N6,accept,0.3388888888888889,ts,2682,1
"[0.1842105263157895, -0.1842105263157895, 0.0, -0.0035335689045936395, -0.019999999999999928, 0.0, 0.0, 0.0, 1.0, 0.8104350430499354, 1.0, 0.0, 0.0, 0.0, 0.0, 0.0, 0.0, 0.0]",38840,91957,N6,accept,0.42894736842105263,ts,1389,1
"[0.22222222222222215, -0.22222222222222215, -0.09255898366606173, 0.16153846153846155, 0.020000000000000018, 0.0, 0.0, 0.0, 1.0, 0.7492855744837049, 1.0, 0.0, 0.0, 0.0, 0.0, 0.0, 0.0, 0.0]",87131,108112,N6,accept,0.4555555555555555,ts,2344,0
"[0.5535714285714286, -0.5535714285714286, 0.15414258188824664, 0.0, 0.0, 0.0, 0.0, 0.0, 1.0, 0.8671080873886962, 1.0, 0.0, 0.0, 0.0, 0.0, 0.0, 0.0, 0.0]",16734,16729,N6,accept,0.6875,ts,2405,1
"[0.25, -0.25, 0.0, -0.008595988538681949, 0.13636363636363635, 0.0, 0.0, 0.0, 1.0, 0.8012276518471559, 1.0, 0.0, 0.0, 0.0, 0.0, 0.0, 0.0, 0.0]",43088,117045,N6,accept,0.475,ts,1453,0
"[0.25, -0.25, 0.0, -0.005747126436781609, -0.16666666666666666, 0.0, 0.0, 0.0, 1.0, 0.7953547792253595, 1.0, 0.0, 0.0, 0.0, 0.0, 0.0, 0.0, 0.0]",117105,117045,N6,accept,0.475,ts,2192,0
"[0.11111111111111106, -0.11111111111111106, -0.5466908431550318, 1.0, -0.13333333333333333, 0.0, 0.0, 0.0, 1.0, 0.4860572473163492, 1.0, 0.0, 0.0, 0.0, 0.0, 0.0, 0.0, 0.0]",104691,29970,N6,accept,0.3777777777777777,ts,2986,1
"[0.7600000000000001, -0.7600000000000001, 0.0, 0.0, 0.0, 0.0, 0.0, 0.0, 1.0, 0.9536035234414215, 1.0, 0.0, 0.0, 0.0, 0.0, 0.0, 0.0, 0.0]",141772,141753,N6,accept,0.8320000000000001,ts,1076,0
"[0.1500000000000001, -0.1500000000000001, 0.0, -0.35714285714285715, -0.1, 0.0, 0.0, 0.0, 1.0, 0.7015604788698512, 1.0, 0.0, 0.0, 0.0, 0.0, 0.0, 0.0, 0.0]",74186,189308,N6,accept,0.405,ts,2030,0
"[0.9328, -0.9328, -0.050125313283208024, 0.09333333333333334, -0.5545454545454546, 0.0, 0.0, 0.0, 1.0, 0.8261536289686636, 1.0, 0.0, 0.0, 0.0, 0.0, 0.0, 0.0, 0.0]",174763,49086,N6,accept,0.95296,ts,1707,1
"[0.12918660287081332, -0.12918660287081332, -0.19466831990080596, 0.0, 0.0, 0.0, 0.0, 0.0, 1.0, 0.73334879878766, 1.0, 0.0, 0.0, 0.0, 0.0, 0.0, 0.0, 0.0]",90708,16645,N6,accept,0.3904306220095693,ts,592,0
"[0.5, -0.5, -0.4592875318066158, 0.0, 0.0, 0.0, 0.0, 0.0, 1.0, 0.7886047001257124, 1.0, 0.0, 0.0, 0.0, 0.0, 0.0, 0.0, 0.0]",90179,56398,N6,accept,0.6499999999999999,ts,2226,0
"[0.5, -0.5, -0.4586, -0.05956112852664577, -0.21428571428571427, 0.0, 0.0, 0.0, 1.0, 0.7195852783317834, 1.0, 0.0, 0.0, 0.0, 0.0, 0.0, 0.0, 0.0]",63925,82038,N6,accept,0.6499999999999999,ts,2029,0
"[0.43037974683544306, -0.43037974683544306, -0.2679665738161559, -0.01675977653631285, -0.17894736842105266, 0.0, 0.0, 0.0, 1.0, 0.7591219835504905, 1.0, 0.0, 0.0, 0.0, 0.0, 0.0, 0.0, 0.0]",43387,111012,N6,accept,0.6012658227848101,ts,810,1
"[0.27272727272727276, -0.27272727272727276, -0.36066666666666664, 0.6388888888888888, -0.25, 0.0, 0.0, 0.0, 1.0, 0.5769238404291309, 1.0, 0.0, 0.0, 0.0, 0.0, 0.0, 0.0, 0.0]",56406,185391,N6,accept,0.4909090909090909,ts,756,1
"[0.022222222222222244, -0.022222222222222244, -0.2781954887218045, 0.2204724409448819, -0.039999999999999945, 0.0, 0.0, 0.0, 1.0, 0.6079667847108523, 1.0, 0.0, 0.0, 0.0, 0.0, 0.0, 0.0, 0.0]",54392,59423,N6,accept,0.31555555555555553,ts,2502,1
"[0.8944444444444444, -0.8944444444444444, 0.0, -0.02, 0.0, 0.0, 0.0, 0.0, 1.0, 0.962136410518863, 1.0, 0.0, 0.0, 0.0, 0.0, 0.0, 0.0, 0.0]",89731,83441,N6,accept,0.9261111111111111,ts,2648,0
"[0.076923076923077, -0.076923076923077, 0.0, 0.0, 0.0, 0.0, 0.0, 0.0, 1.0, 0.7787188164556538, 1.0, 0.0, 0.0, 0.0, 0.0, 0.0, 0.0, 0.0]",93850,174745,N6,accept,0.35384615384615387,ts,2537,0
"[0.16666666666666663, -0.16666666666666663, -0.1497064579256361, -0.04, -0.039999999999999994, 0.0, 0.0, 0.0, 1.0, 0.7364152237187678, 1.0, 0.0, 0.0, 0.0, 0.0, 0.0, 0.0, 0.0]",122734,81996,N6,accept,0.41666666666666663,ts,2296,0
"[0.25, -0.25, 0.0, 0.011695906432748537, 0.25, 0.0, 0.0, 0.0, 1.0, 0.7771008967590011, 1.0, 0.0, 0.0, 0.0, 0.0, 0.0, 0.0, 0.0]",43087,117045,N6,accept,0.475,ts,1270,0
"[0.18831168831168835, -0.18831168831168835, 0.0, 0.15942028985507245, 0.18, 0.0, 0.0, 0.0, 1.0, 0.732496988669393, 1.0, 0.0, 0.0, 0.0, 0.0, 0.0, 0.0, 0.0]",151793,85224,N6,accept,0.4318181818181818,ts,1604,0
"[0.36571428571428577, -0.36571428571428577, 0.2005012531328321, 0.06333333333333334, 0.2727272727272727, 0.0, 0.0, 0.0, 1.0, 0.7278827034687902, 1.0, 0.0, 0.0, 0.0, 0.0, 0.0, 0.0, 0.0]",174761,63924,N6,accept,0.556,ts,1453,0
"[0.8571428571428571, -0.8571428571428571, 0.0, -0.11498257839721254, -0.054545454545454515, 0.0, 0.0, 0.0, 1.0, 0.9181815185255802, 1.0, 0.0, 0.0, 0.0, 0.0, 0.0, 0.0, 0.0]",91072,91067,N6,accept,0.8999999999999999,ts,2370,1
"[0.12499999999999999, -0.12499999999999999, -0.4235294117647059, 0.09885931558935361, -0.26666666666666666, 0.0, 0.0, 0.0, 1.0, 0.5931551167573187, 1.0, 0.0, 0.0, 0.0, 0.0, 0.0, 0.0, 0.0]",120829,110153,N6,accept,0.38749999999999996,ts,1680,0
"[0.12499999999999993, -0.12499999999999993, 0.10362694300518135, -0.007194244604316547, 0.0, 0.0, 0.0, 0.0, 1.0, 0.756753131913337, 1.0, 0.0, 0.0, 0.0, 0.0, 0.0, 0.0, 0.0]",108461,81462,N6,accept,0.38749999999999996,ts,1661,1
"[0.5636363636363637, -0.5636363636363637, 0.07142857142857142, -0.016901408450704224, 0.8181818181818182, 0.0, 0.0, 0.0, 1.0, 0.7697647418315443, 1.0, 0.0, 0.0, 0.0, 0.0, 0.0, 0.0, 0.0]",123005,107563,N6,accept,0.6945454545454546,ts,1409,1
"[0.19999999999999993, -0.19999999999999993, -0.55, -0.9, -0.8363636363636363, 0.0, 0.0, 0.0, 1.0, 0.4423573576868047, 1.0, 0.0, 0.0, 0.0, 0.0, 0.0, 0.0, 0.0]",126074,62598,N6,accept,0.43999999999999995,ts,1523,1
"[0.25000000000000006, -0.25000000000000006, -0.0625, -0.34, 0.039999999999999994, 0.0, 0.0, 0.0, 1.0, 0.7305487309174494, 1.0, 0.0, 0.0, 0.0, 0.0, 0.0, 0.0, 0.0]",40998,50997,N6,accept,0.475,ts,2066,1
"[0.3230769230769231, -0.3230769230769231, -0.0012099213551118918, 1.0, -0.17647058823529413, 0.0, 0.0, 0.0, 1.0, 0.6749942815801884, 1.0, 0.0, 0.0, 0.0, 0.0, 0.0, 0.0, 0.0]",61360,61314,N6,accept,0.5261538461538462,ts,2303,1
"[0.45, -0.45, 0.0003029385034839478, 0.5421245421245421, 0.21739130434782608, 0.0, 0.0, 0.0, 1.0, 0.7447778267558439, 1.0, 0.0, 0.0, 0.0, 0.0, 0.0, 0.0, 0.0]",120787,61314,N6,accept,0.615,ts,2793,1
"[0.5, -0.5, 0.058823529411764705, -0.88, -0.7272727272727273, 0.0, 0.0, 0.0, 1.0, 0.6474218926144715, 1.0, 0.0, 0.0, 0.0, 0.0, 0.0, 0.0, 0.0]",18435,38174,N6,accept,0.6499999999999999,ts,954,1
"[0.56, -0.56, -0.0009990009990009777, 0.5495049504950495, -0.4, 0.0, 0.0, 0.0, 1.0, 0.7384325320464852, 1.0, 0.0, 0.0, 0.0, 0.0, 0.0, 0.0, 0.0]",170191,169349,N6,accept,0.692,ts,1707,0
"[0.25, -0.25, 0.22714285714285723, 0.052434456928838954, -0.06666666666666667, 0.0, 0.0, 0.0, 1.0, 0.7329119913938553, 1.0, 0.0, 0.0, 0.0, 0.0, 0.0, 0.0, 0.0]",57653,21089,N6,accept,0.475,ts,1820,0
"[0.09090909090909098, -0.09090909090909098, 0.0, -0.04105571847507331, -0.2769230769230769, 0.0, 0.0, 0.0, 1.0, 0.7082668120554471, 1.0, 0.0, 0.0, 0.0, 0.0, 0.0, 0.0, 0.0]",174771,82380,N6,accept,0.36363636363636365,ts,2869,1
"[0.5, -0.5, -0.8696, -0.05956112852664577, -0.21428571428571427, 0.0, 0.0, 0.0, 1.0, 0.674790161344931, 1.0, 0.0, 0.0, 0.0, 0.0, 0.0, 0.0, 0.0]",63925,63864,N6,accept,0.6499999999999999,ts,2259,1
"[0.25, -0.25, -0.25925925925925924, 0.0778816199376947, 0.13636363636363635, 0.0, 0.0, 0.0, 1.0, 0.7012290684696982, 1.0, 0.0, 0.0, 0.0, 0.0, 0.0, 0.0, 0.0]",142493,117045,N6,accept,0.475,ts,2338,0
"[0.35483870967741926, -0.35483870967741926, -0.25974025974025977, 0.0, 0.0, 0.0, 0.0, 0.0, 1.0, 0.790742212554951, 1.0, 0.0, 0.0, 0.0, 0.0, 0.0, 0.0, 0.0]",63937,48997,N6,accept,0.5483870967741935,ts,1884,0
"[0.1666666666666667, -0.1666666666666667, 0.1, 1.0, 1.0, 0.0, 0.0, 0.0, 1.0, 0.4789161730664955, 1.0, 0.0, 0.0, 0.0, 0.0, 0.0, 0.0, 0.0]",37985,41688,N6,accept,0.4166666666666667,ts,2279,0
"[0.2777777777777778, -0.2777777777777778, -0.3287029288702929, -0.1322314049586777, -0.041666666666666664, 0.0, 0.0, 0.0, 1.0, 0.7053178057911953, 1.0, 0.0, 0.0, 0.0, 0.0, 0.0, 0.0, 0.0]",86760,155844,N6,accept,0.49444444444444446,ts,1432,1
"[0.41935483870967744, -0.41935483870967744, -0.20460048426150115, -0.005649717514124294, 0.1641791044776119, 0.0, 0.0, 0.0, 1.0, 0.7785128988253786, 1.0, 0.0, 0.0, 0.0, 0.0, 0.0, 0.0, 0.0]",43382,111012,N6,accept,0.5935483870967742,ts,1033,1
"[0.9586734693877551, -0.9586734693877551, -0.5997496871088861, 0.22018348623853212, -0.4583333333333333, 0.0, 0.0, 0.0, 1.0, 0.6901405882097237, 1.0, 0.0, 0.0, 0.0, 0.0, 0.0, 0.0, 0.0]",115245,128247,N6,accept,0.9710714285714286,ts,737,1
"[0.20000000000000007, -0.20000000000000007, -0.23388888888888892, 1.0, 1.0, 0.0, 0.0, 0.0, 1.0, 0.45422491495165007, 1.0, 0.0, 0.0, 0.0, 0.0, 0.0, 0.0, 0.0]",38174,141744,N6,accept,0.44000000000000006,ts,1095,1
"[0.19999999999999993, -0.19999999999999993, -0.3181818181818182, -0.8833333333333333, -0.7454545454545454, 0.0, 0.0, 0.0, 1.0, 0.4880812579943533, 1.0, 0.0, 0.0, 0.0, 0.0, 0.0, 0.0, 0.0]",41688,18330,N6,accept,0.43999999999999995,ts,683,0
"[0.5636363636363637, -0.5636363636363637, -0.22954545454545458, -0.011396011396011397, 0.5714285714285714, 0.0, 0.0, 0.0, 1.0, 0.7429992451003153, 1.0, 0.0, 0.0, 0.0, 0.0, 0.0, 0.0, 0.0]",162722,108828,N3,dismiss,-0.3,ts,2891,1
"[0.20000000000000004, -0.20000000000000004, -0.0333889816360601, 0.0, 0.02500000000000006, 0.0, 0.0, 0.0, 1.0, 0.8025931412027293, 1.0, 0.0, 0.0, 0.0, 0.0, 0.0, 0.0, 0.0]",53365,108461,N6,accept,0.44,ts,1414,1
"[0.25, -0.25, -0.5940460081190798, -0.0546448087431694, 1.0, 0.0, 0.0, 0.0, 1.0, 0.5370968143236092, 1.0, 0.0, 0.0, 0.0, 0.0, 0.0, 0.0, 0.0]",189368,117045,N6,accept,0.475,ts,2108,0
"[0.18367346938775517, -0.18367346938775517, -0.19556667858419732, -0.012345679012345678, -0.1, 0.0, 0.0, 0.0, 1.0, 0.7215954028956971, 1.0, 0.0, 0.0, 0.0, 0.0, 0.0, 0.0, 0.0]",135547,141632,N6,accept,0.4285714285714286,ts,2179,1
"[0.47058823529411764, -0.47058823529411764, 0.0, 0.0, 0.0, 0.0, 0.0, 0.0, 1.0, 0.902022067439656, 1.0, 0.0, 0.0, 0.0, 0.0, 0.0, 0.0, 0.0]",107697,51138,N6,accept,0.6294117647058823,ts,1510,1
"[0.56, -0.56, 0.0, 1.0, -0.3333333333333333, 0.0, 0.0, 0.0, 1.0, 0.7152978852370033, 1.0, 0.0, 0.0, 0.0, 0.0, 0.0, 0.0, 0.0]",104684,169349,N3,accept,0.692,ts,697,1
"[0.2000000000000001, -0.2000000000000001, 0.16082064857710124, 0.0949367088607595, -0.05999999999999996, 0.0, 0.0, 0.0, 1.0, 0.7249174291137734, 1.0, 0.0, 0.0, 0.0, 0.0, 0.0, 0.0, 0.0]",147858,87098,N6,accept,0.44000000000000006,ts,1641,1
"[0.4, -0.4, -0.18209408194233698, 0.0, 0.0, 0.0, 0.0, 0.0, 1.0, 0.8232144824729183, 1.0, 0.0, 0.0, 0.0, 0.0, 0.0, 0.0, 0.0]",49870,147380,N6,accept,0.58,ts,1752,1
"[0.8944444444444444, -0.8944444444444444, 0.0, -0.02, 0.0, 0.0, 0.0, 0.0, 1.0, 0.962136410518863, 1.0, 0.0, 0.0, 0.0, 0.0, 0.0, 0.0, 0.0]",89731,83441,N6,accept,0.9261111111111111,ts,2808,0
"[0.13333333333333328, -0.13333333333333328, -0.07126567844925884, -0.028901734104046242, -0.07999999999999999, 0.0, 0.0, 0.0, 1.0, 0.7421727843140296, 1.0, 0.0, 0.0, 0.0, 0.0, 0.0, 0.0, 0.0]",87098,143094,N3,dismiss,-0.3,ts,1819,1
"[0.3359073359073359, -0.3359073359073359, -0.09102402022755991, -0.3063063063063063, 0.16666666666666666, 0.0, 0.0, 0.0, 1.0, 0.7217689819748582, 1.0, 0.0, 0.0, 0.0, 0.0, 0.0, 0.0, 0.0]",20071,20076,N6,accept,0.5351351351351351,ts,1939,1
"[0.5945945945945946, -0.5945945945945946, 0.11131725417439703, -0.14040114613180515, -0.26666666666666666, 0.0, 0.0, 0.0, 1.0, 0.789436773317604, 1.0, 0.0, 0.0, 0.0, 0.0, 0.0, 0.0, 0.0]",63922,16729,N6,accept,0.7162162162162162,ts,2692,1
"[0.3720930232558139, -0.3720930232558139, -0.6105702364394994, 0.3593073593073593, -0.5, 0.0, 0.0, 0.0, 1.0, 0.5639236343511838, 1.0, 0.0, 0.0, 0.0, 0.0, 0.0, 0.0, 0.0]",20076,145523,N6,accept,0.5604651162790697,ts,576,1
"[0.2922374429223744, -0.2922374429223744, 0.22661217075386023, 0.011267605633802818, 0.125, 0.0, 0.0, 0.0, 1.0, 0.7436629812278469, 1.0, 0.0, 0.0, 0.0, 0.0, 0.0, 0.0, 0.0]",64291,85287,N6,accept,0.504566210045662,ts,1378,0
"[0.5698529411764707, -0.5698529411764707, -0.29411764705882354, 0.0, 0.0, 0.0, 0.0, 0.0, 1.0, 0.8344508010326082, 1.0, 0.0, 0.0, 0.0, 0.0, 0.0, 0.0, 0.0]",41870,51654,N6,accept,0.6988970588235295,ts,2729,1
"[0.02500000000000002, -0.02500000000000002, -0.5444191343963554, -0.06, -0.039999999999999994, 0.0, 0.0, 0.0, 1.0, 0.5981975881788192, 1.0, 0.0, 0.0, 0.0, 0.0, 0.0, 0.0, 0.0]",30785,62540,N6,accept,0.3175,ts,889,1
"[0.11999999999999993, -0.11999999999999993, 0.0023271276595744775, 0.0, 0.0, 0.0, 0.0, 0.0, 1.0, 0.7935915288179701, 1.0, 0.0, 0.0, 0.0, 0.0, 0.0, 0.0, 0.0]",130440,15531,N6,accept,0.38399999999999995,ts,693,1
"[0.5599999999999999, -0.5599999999999999, 0.0, -0.024734982332155476, 0.0, 0.0, 0.0, 0.0, 1.0, 0.9142123270597203, 1.0, 0.0, 0.0, 0.0, 0.0, 0.0, 0.0, 0.0]",49000,48998,N6,accept,0.692,ts,1816,1
"[0.06666666666666672, -0.06666666666666672, -0.3238461538461539, -0.15, -0.13999999999999996, 0.0, 0.0, 0.0, 1.0, 0.6040576707602408, 1.0, 0.0, 0.0, 0.0, 0.0, 0.0, 0.0, 0.0]",57043,141655,N6,accept,0.3466666666666667,ts,418,0
"[0.5, -0.5, 0.0, 0.0, 0.0, 0.0, 0.0, 0.0, 1.0, 0.9087872380968218, 1.0, 0.0, 0.0, 0.0, 0.0, 0.0, 0.0, 0.0]",141772,141766,N6,accept,0.6499999999999999,ts,1111,1
"[0.2, -0.07, -0.29684601113172543, 0.0, 0.0, 0.0, 0.0, 0.0, 1.0, 0.6866108486748183, 1.0, 0.0, 0.0, 0.0, 0.0, 0.0, 0.0, 0.0]",63919,48992,N6,accept,0.43999999999999995,ts,1172,0
"[0.27999999999999997, -0.27999999999999997, 0.22005571030640667, -0.2636363636363636, 0.31999999999999995, 0.0, 0.0, 0.0, 1.0, 0.6456512718839392, 1.0, 0.0, 0.0, 0.0, 0.0, 0.0, 0.0, 0.0]",84107,19598,N6,accept,0.496,ts,1244,0
"[0.41935483870967744, -0.41935483870967744, -0.20460048426150115, -0.005649717514124294, 0.1641791044776119, 0.0, 0.0, 0.0, 1.0, 0.7785128988253786, 1.0, 0.0, 0.0, 0.0, 0.0, 0.0, 0.0, 0.0]",43382,111012,N6,accept,0.5935483870967742,ts,2408,1
"[0.3636363636363637, -0.3636363636363637, 0.020408163265306048, 0.0110803324099723, 0.07142857142857142, 0.0, 0.0, 0.0, 1.0, 0.8430216704000497, 1.0, 0.0, 0.0, 0.0, 0.0, 0.0, 0.0, 0.0]",123215,123174,N6,accept,0.5545454545454546,ts,1905,0
"[0.6061776061776062, -0.6061776061776062, -0.11605301914580268, -0.22590361445783133, -0.32608695652173914, 0.0, 0.0, 0.0, 1.0, 0.7623757478285988, 1.0, 0.0, 0.0, 0.0, 0.0, 0.0, 0.0, 0.0]",61096,20089,N6,accept,0.7243243243243243,ts,2216,1
"[0.01111111111111112, -0.01111111111111112, -0.06604402935290195, -0.21518987341772153, -0.13999999999999999, 0.0, 0.0, 0.0, 1.0, 0.6403259248577577, 1.0, 0.0, 0.0, 0.0, 0.0, 0.0, 0.0, 0.0]",155616,79360,N6,accept,0.30777777777777776,ts,1971,0
"[0.19999999999999996, -0.19999999999999996, -0.20040080160320642, 0.0, 0.0, 0.0, 0.0, 0.0, 1.0, 0.7567847392414749, 1.0, 0.0, 0.0, 0.0, 0.0, 0.0, 0.0, 0.0]",130669,30619,N6,accept,0.43999999999999995,ts,2772,1
"[0.3636363636363637, -0.3636363636363637, 0.0, 0.0, 0.0, 0.0, 0.0, 0.0, 1.0, 0.8742764353476687, 1.0, 0.0, 0.0, 0.0, 0.0, 0.0, 0.0, 0.0]",123141,123174,N6,accept,0.5545454545454546,ts,1031,0
"[0.20000000000000007, -0.20000000000000007, 0.12899999999999992, -0.01694915254237288, -0.07692307692307693, 0.0, 0.0, 0.0, 1.0, 0.7509582581647994, 1.0, 0.0, 0.0, 0.0, 0.0, 0.0, 0.0, 0.0]",108842,31973,N3,dismiss,-0.3,ts,834,1
"[0.14285714285714288, -0.14285714285714288, -0.16684045881126172, -0.4514285714285714, 0.29411764705882354, 0.0, 0.0, 0.0, 1.0, 0.5901301128303514, 1.0, 0.0, 0.0, 0.0, 0.0, 0.0, 0.0, 0.0]",78003,139805,N6,accept,0.4,ts,2062,1
"[0.5636363636363637, -0.5636363636363637, -0.16666666666666666, -0.0169971671388102, 0.5714285714285714, 0.0, 0.0, 0.0, 1.0, 0.7583006312428955, 1.0, 0.0, 0.0, 0.0, 0.0, 0.0, 0.0, 0.0]",87721,107659,N6,accept,0.6945454545454546,ts,692,1
"[0.25000000000000006, -0.25000000000000006, -0.0646666666666667, -0.043824701195219126, -0.13265306122448986, 0.0, 0.0, 0.0, 1.0, 0.7677835227290333, 1.0, 0.0, 0.0, 0.0, 0.0, 0.0, 0.0, 0.0]",138640,127487,N6,accept,0.475,ts,536,1
"[0.20000000000000007, -0.20000000000000007, -0.06259780907668232, 0.017045454545454544, -0.4166666666666667, 0.0, 0.0, 0.0, 1.0, 0.7094552875739797, 1.0, 0.0, 0.0, 0.0, 0.0, 0.0, 0.0, 0.0]",74280,135481,N6,accept,0.44000000000000006,ts,1709,1
"[0.3636363636363637, -0.3636363636363637, -0.0003316749585405642, 0.0, 0.0, 0.0, 0.0, 0.0, 1.0, 0.8741438093578355, 1.0, 0.0, 0.0, 0.0, 0.0, 0.0, 0.0, 0.0]",15532,74278,N6,accept,0.5545454545454546,ts,1375,0
"[0.16666666666666663, -0.16666666666666663, -0.271869328493648, 0.2, -0.020000000000000018, 0.0, 0.0, 0.0, 1.0, 0.6720108132142955, 1.0, 0.0, 0.0, 0.0, 0.0, 0.0, 0.0, 0.0]",87131,86978,N6,accept,0.41666666666666663,ts,2570,1
"[0.25, -0.25, -0.24812030075187969, 0.005813953488372093, 0.041666666666666664, 0.0, 0.0, 0.0, 1.0, 0.7476249554836153, 1.0, 0.0, 0.0, 0.0, 0.0, 0.0, 0.0, 0.0]",174773,117045,N3,dismiss,-0.3,ts,2613,1
"[0.14, -0.14, -0.12400000000000005, 0.05263157894736842, -0.1, 0.0, 0.0, 0.0, 1.0, 0.7156363704875062, 1.0, 0.0, 0.0, 0.0, 0.0, 0.0, 0.0, 0.0]",174942,69993,N6,accept,0.398,ts,1631,0
"[0.03846153846153842, -0.03846153846153842, 0.0, 0.0, 0.0, 0.0, 0.0, 0.0, 1.0, 0.7644070962643087, 1.0, 0.0, 0.0, 0.0, 0.0, 0.0, 0.0, 0.0]",48548,51122,N6,accept,0.32692307692307687,ts,966,0
"[0.75, -0.75, -0.4117647058823529, 0.0, 0.0, 0.0, 0.0, 0.0, 1.0, 0.8401012535087563, 1.0, 0.0, 0.0, 0.0, 0.0, 0.0, 0.0, 0.0]",37946,93843,N6,accept,0.825,ts,2251,1
"[0.8545454545454545, -0.8545454545454545, -0.18181818181818182, 0.3, -0.019999999999999973, 0.0, 0.0, 0.0, 1.0, 0.8297110935800956, 1.0, 0.0, 0.0, 0.0, 0.0, 0.0, 0.0, 0.0]",122718,30711,N6,accept,0.8981818181818182,ts,1697,1
"[0.3571428571428572, -0.3571428571428572, -0.26666666666666666, -0.6, -0.6363636363636364, 0.0, 0.0, 0.0, 1.0, 0.5769526376464258, 1.0, 0.0, 0.0, 0.0, 0.0, 0.0, 0.0, 0.0]",41373,50956,N6,accept,0.55,ts,2327,1
"[0.09883720930232553, -0.09883720930232553, 0.04084778420038544, 0.019886363636363636, 0.24999999999999997, 0.0, 0.0, 0.0, 1.0, 0.7062360331845564, 1.0, 0.0, 0.0, 0.0, 0.0, 0.0, 0.0, 0.0]",54520,85287,N6,accept,0.36918604651162784,ts,1875,1
"[0.125, -0.125, 0.12343750000000009, -0.01256281407035176, -0.09090909090909091, 0.0, 0.0, 0.0, 1.0, 0.7239220151355386, 1.0, 0.0, 0.0, 0.0, 0.0, 0.0, 0.0, 0.0]",69111,110096,N6,accept,0.38749999999999996,ts,2463,1
"[0.39999999999999997, -0.39999999999999997, 0.0, -0.32, -0.12000000000000002, 0.0, 0.0, 0.0, 1.0, 0.7813504345159491, 1.0, 0.0, 0.0, 0.0, 0.0, 0.0, 0.0, 0.0]",71728,50997,N6,accept,0.58,ts,970,1
"[0.0714285714285715, -0.0714285714285715, -0.1111111111111111, 0.0, 0.0, 0.0, 0.0, 0.0, 1.0, 0.7368311669831881, 1.0, 0.0, 0.0, 0.0, 0.0, 0.0, 0.0, 0.0]",50807,57385,N6,accept,0.35000000000000003,ts,644,1
"[0.6724598930481284, -0.6724598930481284, -0.2159090909090909, -0.5655172413793104, -0.12000000000000002, 0.0, 0.0, 0.0, 1.0, 0.7375694479925554, 1.0, 0.0, 0.0, 0.0, 0.0, 0.0, 0.0, 0.0]",151787,82101,N6,accept,0.7707219251336899,ts,2611,1
"[0.25000000000000006, -0.25000000000000006, -0.09111617312072894, 0.1, -0.059999999999999984, 0.0, 0.0, 0.0, 1.0, 0.7621185638122803, 1.0, 0.0, 0.0, 0.0, 0.0, 0.0, 0.0, 0.0]",30785,110598,N6,accept,0.475,ts,1980,0
"[0.4444444444444445, -0.4444444444444445, 0.07079646017699111, -0.703125, -0.58, 0.0, 0.0, 0.0, 1.0, 0.6530726482238095, 1.0, 0.0, 0.0, 0.0, 0.0, 0.0, 0.0, 0.0]",169352,132873,N6,accept,0.6111111111111112,ts,783,0
"[0.20000000000000007, -0.20000000000000007, 0.06400000000000006, 1.0, 1.0, 0.0, 0.0, 0.0, 1.0, 0.5209741066595128, 1.0, 0.0, 0.0, 0.0, 0.0, 0.0, 0.0, 0.0]",142264,107170,N6,accept,0.44000000000000006,ts,627,1
"[0.22666666666666668, -0.22666666666666668, -0.5995995995995996, 0.0, 0.0, 0.0, 0.0, 0.0, 1.0, 0.6921564497180331, 1.0, 0.0, 0.0, 0.0, 0.0, 0.0, 0.0, 0.0]",71092,40258,N6,accept,0.45866666666666667,ts,2062,0
"[0.6000000000000001, -0.6000000000000001, 0.1111111111111111, 1.0, 1.0, 0.0, 0.0, 0.0, 1.0, 0.5953401686575794, 1.0, 0.0, 0.0, 0.0, 0.0, 0.0, 0.0, 0.0]",38174,112477,N6,accept,0.72,ts,1359,0
"[0.1250000000000001, -0.1250000000000001, 0.16218749999999993, 0.0, 0.0, 0.0, 0.0, 0.0, 1.0, 0.7409291148542603, 1.0, 0.0, 0.0, 0.0, 0.0, 0.0, 0.0, 0.0]",152421,55412,N6,accept,0.38750000000000007,ts,1537,1
"[0.1875, -0.1875, -0.5643949930458971, 0.02, -0.039999999999999945, 0.0, 0.0, 0.0, 1.0, 0.6657861386175713, 1.0, 0.0, 0.0, 0.0, 0.0, 0.0, 0.0, 0.0]",63907,123325,N3,dismiss,-0.3,ts,1536,1
"[0.3636363636363637, -0.3636363636363637, 0.0, 0.061046511627906974, 0.0, 0.0, 0.0, 0.0, 1.0, 0.8570363402900383, 1.0, 0.0, 0.0, 0.0, 0.0, 0.0, 0.0, 0.0]",123210,123174,N3,dismiss,-0.3,ts,1097,1
"[0.062499999999999965, -0.062499999999999965, 0.0, 0.07339449541284404, -0.038461538461538464, 0.0, 0.0, 0.0, 1.0, 0.7417846617265634, 1.0, 0.0, 0.0, 0.0, 0.0, 0.0, 0.0, 0.0]",169893,183357,N6,accept,0.34374999999999994,ts,1908,0
"[0.3508064516129032, -0.3508064516129032, -0.50017850767583, 0.14714714714714713, -0.2692307692307692, 0.0, 0.0, 0.0, 1.0, 0.6434746313969197, 1.0, 0.0, 0.0, 0.0, 0.0, 0.0, 0.0, 0.0]",89601,103705,N3,dismiss,-0.3,ts,1403,1
"[0.07692307692307684, -0.07692307692307684, 0.0, -0.2222222222222222, 0.0, 0.0, 0.0, 0.0, 1.0, 0.7248958747201469, 1.0, 0.0, 0.0, 0.0, 0.0, 0.0, 0.0, 0.0]",115242,115240,N6,accept,0.35384615384615375,ts,1293,0
"[0.25806451612903236, -0.25806451612903236, -0.171875, 0.0, 0.0, 0.0, 0.0, 0.0, 1.0, 0.784034908252429, 1.0, 0.0, 0.0, 0.0, 0.0, 0.0, 0.0, 0.0]",15686,39517,N6,accept,0.48064516129032264,ts,1984,1
"[0.2941176470588236, -0.2941176470588236, 0.0, 1.0, 0.48, 0.0, 0.0, 0.0, 1.0, 0.6188615559348754, 1.0, 0.0, 0.0, 0.0, 0.0, 0.0, 0.0, 0.0]",51575,50956,N6,accept,0.5058823529411764,ts,991,0
"[0.7058823529411764, -0.7058823529411764, 0.09698996655518391, 1.0, 0.11764705882352941, 0.0, 0.0, 0.0, 1.0, 0.730823395382631, 1.0, 0.0, 0.0, 0.0, 0.0, 0.0, 0.0, 0.0]",89664,155668,N6,accept,0.7941176470588234,ts,842,1
"[0.1, -0.07, -0.2697495183044316, -0.05, -0.17272727272727276, 0.0, 0.0, 0.0, 1.0, 0.63467239594446, 1.0, 0.0, 0.0, 0.0, 0.0, 0.0, 0.0, 0.0]",49082,49005,N6,accept,0.37,ts,1200,0
"[0.375, -0.375, -0.19485714285714287, -0.7743732590529248, 0.5399999999999999, 0.0, 0.0, 0.0, 1.0, 0.5957240201168404, 1.0, 0.0, 0.0, 0.0, 0.0, 0.0, 0.0, 0.0]",85164,154734,N6,accept,0.5625,ts,2987,0
"[0.568, -0.568, -0.6114508060033351, 0.0, 0.0, 0.0, 0.0, 0.0, 1.0, 0.7819031711023983, 1.0, 0.0, 0.0, 0.0, 0.0, 0.0, 0.0, 0.0]",49130,147468,N6,accept,0.6976,ts,1055,1
"[0.6, -0.6, 0.14277777777777778, 0.12790697674418605, 1.0, 0.0, 0.0, 0.0, 1.0, 0.7038070298214638, 1.0, 0.0, 0.0, 0.0, 0.0, 0.0, 0.0, 0.0]",145578,29663,N3,dismiss,-0.3,ts,2839,1
"[0.1200000000000001, -0.1200000000000001, 0.1455847255369929, -0.054878048780487805, -0.8250000000000001, 0.0, 0.0, 0.0, 1.0, 0.6072134063167107, 1.0, 0.0, 0.0, 0.0, 0.0, 0.0, 0.0, 0.0]",57551,59423,N3,dismiss,-0.3,ts,2320,1
"[0.5, -0.5, -0.033333333333333375, -0.5652173913043478, -0.29999999999999993, 0.0, 0.0, 0.0, 1.0, 0.7266443061735018, 1.0, 0.0, 0.0, 0.0, 0.0, 0.0, 0.0, 0.0]",19594,19597,N6,accept,0.6499999999999999,ts,1499,1
"[0.8714285714285714, -0.8714285714285714, -0.34034034034034033, -0.14285714285714285, 0.7222222222222222, 0.0, 0.0, 0.0, 1.0, 0.7152452814798028, 1.0, 0.0, 0.0, 0.0, 0.0, 0.0, 0.0, 0.0]",155975,170138,N6,accept,0.9099999999999999,ts,698,1
"[0.16666666666666663, -0.16666666666666663, -0.45154264972776775, 0.2153846153846154, 0.05999999999999996, 0.0, 0.0, 0.0, 1.0, 0.6228325061737006, 1.0, 0.0, 0.0, 0.0, 0.0, 0.0, 0.0, 0.0]",87131,147858,N3,dismiss,-0.3,ts,2427,1
"[0.8088235294117647, -0.8088235294117647, -0.05542857142857136, 0.2900763358778626, 0.6190476190476191, 0.0, 0.0, 0.0, 1.0, 0.76588748501108, 1.0, 0.0, 0.0, 0.0, 0.0, 0.0, 0.0, 0.0]",104680,61360,N6,accept,0.8661764705882353,ts,1753,1
"[0.3548387096774194, -0.3548387096774194, -0.535437760571769, -1.0, -1.0, 0.0, 0.0, 0.0, 1.0, 0.48091857104383345, 1.0, 0.0, 0.0, 0.0, 0.0, 0.0, 0.0, 0.0]",64515,174937,N3,dismiss,-0.3,ts,2453,1
"[0.20000000000000007, -0.20000000000000007, -0.24733333333333338, -0.008547008547008548, -0.14285714285714285, 0.0, 0.0, 0.0, 1.0, 0.7049622618678494, 1.0, 0.0, 0.0, 0.0, 0.0, 0.0, 0.0, 0.0]",15534,31973,N6,accept,0.44000000000000006,ts,530,1
"[0.17090909090909095, -0.17090909090909095, -0.2345978755690441, 0.0, 0.0, 0.0, 0.0, 0.0, 1.0, 0.7378238220265599, 1.0, 0.0, 0.0, 0.0, 0.0, 0.0, 0.0, 0.0]",49870,147348,N3,dismiss,-0.3,ts,1547,1
"[0.5764705882352941, -0.5764705882352941, 0.0, -0.8775510204081632, -0.18000000000000002, 0.0, 0.0, 0.0, 1.0, 0.7552534703733591, 1.0, 0.0, 0.0, 0.0, 0.0, 0.0, 0.0, 0.0]",41169,18334,N3,dismiss,-0.3,ts,2610,1
"[0.30000000000000004, -0.30000000000000004, -0.3508771929824562, -0.08, 0.059999999999999984, 0.0, 0.0, 0.0, 1.0, 0.7154773582189826, 1.0, 0.0, 0.0, 0.0, 0.0, 0.0, 0.0, 0.0]",110598,141822,N6,accept,0.51,ts,455,1
"[0.06666666666666672, -0.06666666666666672, 0.24221635883905013, 0.35080645161290325, -0.10714285714285714, 0.0, 0.0, 0.0, 1.0, 0.593561725503707, 1.0, 0.0, 0.0, 0.0, 0.0, 0.0, 0.0, 0.0]",89593,87090,N3,dismiss,-0.3,ts,528,1
"[0.604, -0.604, -0.49629629629629635, -0.4588235294117647, -0.3684210526315789, 0.0, 0.0, 0.0, 1.0, 0.6356367491076025, 1.0, 0.0, 0.0, 0.0, 0.0, 0.0, 0.0, 0.0]",115396,108025,N6,accept,0.7227999999999999,ts,1171,1
"[0.24999999999999997, -0.24999999999999997, -0.27846265409717186, 0.0, 0.0, 0.0, 0.0, 0.0, 1.0, 0.7541829612825312, 1.0, 0.0, 0.0, 0.0, 0.0, 0.0, 0.0, 0.0]",141746,174748,N3,accept,0.475,ts,718,0
"[0.6818181818181819, -0.6818181818181819, -0.050125313283208024, 0.18840579710144928, -0.51, 0.0, 0.0, 0.0, 1.0, 0.7806619322864332, 1.0, 0.0, 0.0, 0.0, 0.0, 0.0, 0.0, 0.0]",48998,49086,N3,accept,0.7772727272727273,ts,701,0
"[0.08163265306122446, -0.08163265306122446, -0.17772215269086356, 0.002849002849002849, 0.08333333333333329, 0.0, 0.0, 0.0, 1.0, 0.696752543249875, 1.0, 0.0, 0.0, 0.0, 0.0, 0.0, 0.0, 0.0]",105910,111012,N6,accept,0.3571428571428571,ts,423,1
"[0.3333333333333333, -0.3333333333333333, -0.058823529411764705, -0.08, -0.36, 0.0, 0.0, 0.0, 1.0, 0.7441656491344851, 1.0, 0.0, 0.0, 0.0, 0.0, 0.0, 0.0, 0.0]",40189,40998,N3,dismiss,-0.3,ts,2206,0
"[0.56, -0.56, -0.0009990009990009777, 0.5495049504950495, -0.4, 0.0, 0.0, 0.0, 1.0, 0.7384325320464852, 1.0, 0.0, 0.0, 0.0, 0.0, 0.0, 0.0, 0.0]",170191,169349,N3,dismiss,-0.3,ts,1044,0
"[0.21875000000000008, -0.21875000000000008, 0.0, -0.9, -0.8363636363636363, 0.0, 0.0, 0.0, 1.0, 0.5821637381151326, 1.0, 0.0, 0.0, 0.0, 0.0, 0.0, 0.0, 0.0]",51061,18359,N3,accept,0.453125,ts,2170,1
"[0.09090909090909098, -0.09090909090909098, 0.0, 0.008797653958944282, -0.07692307692307693, 0.0, 0.0, 0.0, 1.0, 0.7598755374816407, 1.0, 0.0, 0.0, 0.0, 0.0, 0.0, 0.0, 0.0]",174771,174773,N3,dismiss,-0.3,ts,515,1
"[0.24999999999999997, -0.24999999999999997, -0.07773386034255607, 1.0, 0.22727272727272727, 0.0, 0.0, 0.0, 1.0, 0.6172933326580574, 1.0, 0.0, 0.0, 0.0, 0.0, 0.0, 0.0, 0.0]",85794,169335,N6,accept,0.475,ts,1709,1
"[0.8151260504201681, -0.8151260504201681, -0.05657142857142848, 0.7914893617021277, -0.034482758620689655, 0.0, 0.0, 0.0, 1.0, 0.8095242182939427, 1.0, 0.0, 0.0, 0.0, 0.0, 0.0, 0.0, 0.0]",104679,61314,N3,dismiss,-0.3,ts,1277,1
"[0.3636363636363637, -0.3636363636363637, 0.0, 0.0, 0.0, 0.0, 0.0, 0.0, 1.0, 0.8742764353476687, 1.0, 0.0, 0.0, 0.0, 0.0, 0.0, 0.0, 0.0]",123012,123174,N3,dismiss,-0.3,ts,873,0
"[0.5, -0.5, 0.0, 0.0, 0.0, 0.0, 0.0, 0.0, 1.0, 0.9087872380968218, 1.0, 0.0, 0.0, 0.0, 0.0, 0.0, 0.0, 0.0]",60782,60783,N3,dismiss,-0.3,ts,2233,0
"[0.11999999999999993, -0.11999999999999993, 0.2222222222222222, -0.0056657223796034, 0.0, 0.0, 0.0, 0.0, 1.0, 0.7210661718528755, 1.0, 0.0, 0.0, 0.0, 0.0, 0.0, 0.0, 0.0]",107307,162722,N3,dismiss,-0.3,ts,1868,1
"[0.11458333333333333, -0.11458333333333333, 0.0, -0.5561959654178674, -0.7909090909090909, 0.0, 0.0, 0.0, 1.0, 0.5727064609689967, 1.0, 0.0, 0.0, 0.0, 0.0, 0.0, 0.0, 0.0]",107659,142262,N6,accept,0.3802083333333333,ts,1741,1
"[0.8253968253968255, -0.8253968253968255, -0.42857142857142855, 0.3788546255506608, -0.45454545454545453, 0.0, 0.0, 0.0, 1.0, 0.6768468297737433, 1.0, 0.0, 0.0, 0.0, 0.0, 0.0, 0.0, 0.0]",169062,169349,N3,dismiss,-0.3,ts,2967,0
"[0.7066666666666667, -0.7066666666666667, -0.15685403243723606, -0.45054945054945056, -0.043478260869565216, 0.0, 0.0, 0.0, 1.0, 0.790988441045057, 1.0, 0.0, 0.0, 0.0, 0.0, 0.0, 0.0, 0.0]",120796,85795,N6,accept,0.7946666666666666,ts,922,1
"[0.3636363636363637, -0.3636363636363637, 0.0, 0.0, 0.0, 0.0, 0.0, 0.0, 1.0, 0.8742764353476687, 1.0, 0.0, 0.0, 0.0, 0.0, 0.0, 0.0, 0.0]",123031,123174,N3,dismiss,-0.3,ts,824,0
"[0.6, -0.6, 0.13377926421404682, -0.2, 1.0, 0.0, 0.0, 0.0, 1.0, 0.6926094214666402, 1.0, 0.0, 0.0, 0.0, 0.0, 0.0, 0.0, 0.0]",121055,120916,N3,dismiss,-0.3,ts,1249,1
"[0.11458333333333333, -0.11458333333333333, -0.11504424778761058, -0.5561959654178674, -0.7909090909090909, 0.0, 0.0, 0.0, 1.0, 0.5315991195502442, 1.0, 0.0, 0.0, 0.0, 0.0, 0.0, 0.0, 0.0]",108828,142262,N3,dismiss,-0.3,ts,1168,0
"[0.25, -0.25, -0.5272727272727272, 0.2857142857142857, 0.25, 0.0, 0.0, 0.0, 1.0, 0.5849468133591713, 1.0, 0.0, 0.0, 0.0, 0.0, 0.0, 0.0, 0.0]",127600,183357,N3,accept,0.475,ts,971,0
"[0.25000000000000006, -0.25000000000000006, 0.0, 0.08, -0.059999999999999984, 0.0, 0.0, 0.0, 1.0, 0.8004489834402018, 1.0, 0.0, 0.0, 0.0, 0.0, 0.0, 0.0, 0.0]",85228,110598,N3,dismiss,-0.3,ts,1443,0
"[0.64, -0.64, 0.15567282321899734, -0.5691489361702128, 0.4, 0.0, 0.0, 0.0, 1.0, 0.6980152721232434, 1.0, 0.0, 0.0, 0.0, 0.0, 0.0, 0.0, 0.0]",84106,19598,N3,dismiss,-0.3,ts,2254,0
"[0.19999999999999993, -0.19999999999999993, -0.25, -0.8833333333333333, -0.7454545454545454, 0.0, 0.0, 0.0, 1.0, 0.5035447216368699, 1.0, 0.0, 0.0, 0.0, 0.0, 0.0, 0.0, 0.0]",126074,18330,N3,dismiss,-0.3,ts,2261,0
"[0.16666666666666666, -0.16666666666666666, 0.039583333333333304, -0.1484375, 0.375, 0.0, 0.0, 0.0, 1.0, 0.6783323694372307, 1.0, 0.0, 0.0, 0.0, 0.0, 0.0, 0.0, 0.0]",75984,185374,N3,dismiss,-0.3,ts,2182,0
"[0.24324324324324323, -0.24324324324324323, 0.1767304860088365, -0.009036144578313253, 0.08695652173913043, 0.0, 0.0, 0.0, 1.0, 0.7511926611517339, 1.0, 0.0, 0.0, 0.0, 0.0, 0.0, 0.0, 0.0]",61096,158420,N3,dismiss,-0.3,ts,2901,0
"[0.5599999999999999, -0.5599999999999999, -0.5095052807115065, 0.0, 0.0, 0.0, 0.0, 0.0, 1.0, 0.793642646214267, 1.0, 0.0, 0.0, 0.0, 0.0, 0.0, 0.0, 0.0]",49130,16660,N3,accept,0.692,ts,1436,0
"[0.02631578947368412, -0.02631578947368412, -0.43, 0.019867549668874173, 0.0285714285714286, 0.0, 0.0, 0.0, 1.0, 0.6303211836867184, 1.0, 0.0, 0.0, 0.0, 0.0, 0.0, 0.0, 0.0]",41398,15200,N3,dismiss,-0.3,ts,1152,0
"[0.1666666666666667, -0.1666666666666667, -0.13333333333333333, -0.04, -0.039999999999999994, 0.0, 0.0, 0.0, 1.0, 0.7413502371898478, 1.0, 0.0, 0.0, 0.0, 0.0, 0.0, 0.0, 0.0]",40383,156539,N3,accept,0.4166666666666667,ts,2715,0
"[0.09999999999999991, -0.09999999999999991, -0.715307582260372, 0.0, 0.0, 0.0, 0.0, 0.0, 1.0, 0.6350536090371364, 1.0, 0.0, 0.0, 0.0, 0.0, 0.0, 0.0, 0.0]",16689,16809,N3,dismiss,-0.3,ts,2240,0
"[0.5, -0.5, -0.052770448548812667, -0.4148936170212766, 0.08000000000000007, 0.0, 0.0, 0.0, 1.0, 0.7819976516061806, 1.0, 0.0, 0.0, 0.0, 0.0, 0.0, 0.0, 0.0]",84106,84107,N3,accept,0.6499999999999999,ts,2960,1
"[0.5888888888888888, -0.5888888888888888, 0.02833834263632461, 0.06333333333333334, 0.2727272727272727, 0.0, 0.0, 0.0, 1.0, 0.8350920649925228, 1.0, 0.0, 0.0, 0.0, 0.0, 0.0, 0.0, 0.0]",141734,63924,N6,accept,0.7122222222222221,ts,2344,1
"[0.75, -0.75, 0.0, 0.0, 0.0, 0.0, 0.0, 0.0, 1.0, 0.9523252675504453, 1.0, 0.0, 0.0, 0.0, 0.0, 0.0, 0.0, 0.0]",38239,56398,N3,dismiss,-0.3,ts,2678,0
"[0.5599999999999999, -0.5599999999999999, 0.052291801162040054, 0.29454545454545455, -0.2448979591836735, 0.0, 0.0, 0.0, 1.0, 0.7767295963695724, 1.0, 0.0, 0.0, 0.0, 0.0, 0.0, 0.0, 0.0]",185412,87718,N3,dismiss,-0.3,ts,1045,0
"[0.30000000000000004, -0.30000000000000004, -0.264375, -0.15829145728643215, -0.24242424242424243, 0.0, 0.0, 0.0, 1.0, 0.6750067513856775, 1.0, 0.0, 0.0, 0.0, 0.0, 0.0, 0.0, 0.0]",69111,87090,N3,dismiss,-0.3,ts,493,1
"[0.5636363636363637, -0.5636363636363637, 0.02750000000000008, -0.019662921348314606, 1.0, 0.0, 0.0, 0.0, 1.0, 0.7570950094690099, 1.0, 0.0, 0.0, 0.0, 0.0, 0.0, 0.0, 0.0]",109094,108839,N3,dismiss,-0.3,ts,1167,1
"[0.22666666666666668, -0.22666666666666668, -0.5995995995995996, 0.0, 0.0, 0.0, 0.0, 0.0, 1.0, 0.6921564497180331, 1.0, 0.0, 0.0, 0.0, 0.0, 0.0, 0.0, 0.0]",71092,40258,N6,accept,0.45866666666666667,ts,1654,1
"[0.6724598930481284, -0.6724598930481284, 0.0, -0.5586206896551724, -0.26, 0.0, 0.0, 0.0, 1.0, 0.7795601453171943, 1.0, 0.0, 0.0, 0.0, 0.0, 0.0, 0.0, 0.0]",151787,125786,N3,dismiss,-0.3,ts,2857,1
"[0.8, -0.8, 0.13333333333333333, 0.0, 0.0, 0.0, 0.0, 0.0, 1.0, 0.9115993194259686, 1.0, 0.0, 0.0, 0.0, 0.0, 0.0, 0.0, 0.0]",190833,51605,N3,accept,0.8599999999999999,ts,1876,0
"[0.56, -0.56, 0.0, 1.0, -0.3333333333333333, 0.0, 0.0, 0.0, 1.0, 0.7152978852370033, 1.0, 0.0, 0.0, 0.0, 0.0, 0.0, 0.0, 0.0]",104684,169349,N3,accept,0.692,ts,2238,0
"[0.8835294117647059, -0.8835294117647059, -0.44212860310421287, -0.04498269896193772, -0.07692307692307693, 0.0, 0.0, 0.0, 1.0, 0.8153327974814609, 1.0, 0.0, 0.0, 0.0, 0.0, 0.0, 0.0, 0.0]",179676,108025,N3,accept,0.9184705882352941,ts,1563,1
"[0.5636363636363636, -0.5636363636363636, 0.0, -0.024734982332155476, 0.0, 0.0, 0.0, 0.0, 1.0, 0.9149318998851651, 1.0, 0.0, 0.0, 0.0, 0.0, 0.0, 0.0, 0.0]",48999,48997,N1,dismiss,-0.3,ts,820,1
"[0.3, -0.3, -0.28, 0.0, 0.0, 0.0, 0.0, 0.0, 1.0, 0.769716564082265, 1.0, 0.0, 0.0, 0.0, 0.0, 0.0, 0.0, 0.0]",69485,50807,N6,accept,0.51,ts,2379,1
"[0.24999999999999992, -0.24999999999999992, -0.18808777429467086, -0.007194244604316547, -0.02439024390243908, 0.0, 0.0, 0.0, 1.0, 0.7676014166610969, 1.0, 0.0, 0.0, 0.0, 0.0, 0.0, 0.0, 0.0]",113424,125887,N3,dismiss,-0.3,ts,2399,0
"[0.6785714285714286, -0.6785714285714286, -0.06094182825484772, 0.10465116279069768, -0.20689655172413793, 0.0, 0.0, 0.0, 1.0, 0.8401414992281117, 1.0, 0.0, 0.0, 0.0, 0.0, 0.0, 0.0, 0.0]",123439,89765,N3,dismiss,-0.3,ts,1052,0
"[0.09493670886075957, -0.09493670886075957, 0.05134788189987163, -0.11168831168831168, 0.47761194029850745, 0.0, 0.0, 0.0, 1.0, 0.643523776888406, 1.0, 0.0, 0.0, 0.0, 0.0, 0.0, 0.0, 0.0]",43373,43377,N6,accept,0.3664556962025317,ts,2950,1
"[0.16000000000000003, -0.16000000000000003, 0.06048982000590136, -0.4169611307420495, 0.08333333333333333, 0.0, 0.0, 0.0, 1.0, 0.6782079465127508, 1.0, 0.0, 0.0, 0.0, 0.0, 0.0, 0.0, 0.0]",134112,179649,N3,dismiss,-0.3,ts,1951,1
"[0.8857142857142857, -0.8857142857142857, -0.7536231884057971, -0.072, -0.4, 0.0, 0.0, 0.0, 1.0, 0.7088112677497157, 1.0, 0.0, 0.0, 0.0, 0.0, 0.0, 0.0, 0.0]",71136,175100,N3,dismiss,-0.3,ts,1021,1
"[0.43333333333333335, -0.43333333333333335, 0.1111111111111111, 0.26, 0.12000000000000002, 0.0, 0.0, 0.0, 1.0, 0.760237233460153, 1.0, 0.0, 0.0, 0.0, 0.0, 0.0, 0.0, 0.0]",63753,18364,N3,dismiss,-0.3,ts,1822,0
"[0.01111111111111112, -0.01111111111111112, -0.3, -0.3541666666666667, -0.13999999999999999, 0.0, 0.0, 0.0, 1.0, 0.5511658124955352, 1.0, 0.0, 0.0, 0.0, 0.0, 0.0, 0.0, 0.0]",155816,79360,N3,dismiss,-0.3,ts,622,1
"[0.03846153846153842, -0.03846153846153842, 0.0, 0.0, 0.0, 0.0, 0.0, 0.0, 1.0, 0.7644070962643087, 1.0, 0.0, 0.0, 0.0, 0.0, 0.0, 0.0, 0.0]",48548,51122,N3,dismiss,-0.3,ts,1938,0
"[0.625, -0.625, 0.066711140760507, -0.08904109589041095, -0.13333333333333333, 0.0, 0.0, 0.0, 1.0, 0.8489572716197578, 1.0, 0.0, 0.0, 0.0, 0.0, 0.0, 0.0, 0.0]",128284,128247,N1,dismiss,-0.3,ts,2928,1
"[0.4117647058823529, -0.4117647058823529, 0.0006671114076050558, -0.225, 0.040000000000000036, 0.0, 0.0, 0.0, 1.0, 0.8212169206981313, 1.0, 0.0, 0.0, 0.0, 0.0, 0.0, 0.0, 0.0]",169362,41650,N3,dismiss,-0.3,ts,589,1
"[0.4432989690721649, -0.4432989690721649, -0.2631578947368421, -0.08454810495626822, -0.46153846153846156, 0.0, 0.0, 0.0, 1.0, 0.6998256490951412, 1.0, 0.0, 0.0, 0.0, 0.0, 0.0, 0.0, 0.0]",104962,145523,N6,accept,0.6103092783505154,ts,1551,1
"[0.2380952380952381, -0.2380952380952381, -0.1721428571428571, -0.2979591836734694, 0.1111111111111111, 0.0, 0.0, 0.0, 1.0, 0.6801880575519375, 1.0, 0.0, 0.0, 0.0, 0.0, 0.0, 0.0, 0.0]",166142,73628,N3,dismiss,-0.3,ts,1309,1
"[0.4545454545454546, -0.4545454545454546, -0.5778331257783312, -0.030726256983240222, 1.0, 0.0, 0.0, 0.0, 1.0, 0.6034772490672271, 1.0, 0.0, 0.0, 0.0, 0.0, 0.0, 0.0, 0.0]",93935,108828,N3,dismiss,-0.3,ts,1380,1
"[0.27272727272727276, -0.27272727272727276, -0.36066666666666664, 0.6388888888888888, -0.25, 0.0, 0.0, 0.0, 1.0, 0.5769238404291309, 1.0, 0.0, 0.0, 0.0, 0.0, 0.0, 0.0, 0.0]",56406,185391,N3,accept,0.4909090909090909,ts,994,1
"[0.12499999999999988, -0.12499999999999988, 0.1864406779661017, 0.3464566929133858, 0.0, 0.0, 0.0, 0.0, 1.0, 0.65910022537907, 1.0, 0.0, 0.0, 0.0, 0.0, 0.0, 0.0, 0.0]",92706,114737,N6,accept,0.3874999999999999,ts,1070,1
"[0.4545454545454546, -0.4545454545454546, -0.5905354919053549, -0.025139664804469275, 1.0, 0.0, 0.0, 0.0, 1.0, 0.6045651464350823, 1.0, 0.0, 0.0, 0.0, 0.0, 0.0, 0.0, 0.0]",93936,108839,N3,dismiss,-0.3,ts,1369,1
"[0.20000000000000007, -0.20000000000000007, -0.20380601596071202, -0.10160427807486631, 0.875, 0.0, 0.0, 0.0, 1.0, 0.60435783142046, 1.0, 0.0, 0.0, 0.0, 0.0, 0.0, 0.0, 0.0]",162740,107554,N6,accept,0.44000000000000006,ts,2597,1
"[0.3321428571428571, -0.3321428571428571, -0.15715948777648428, 0.0, 0.0, 0.0, 0.0, 0.0, 1.0, 0.8112351165082288, 1.0, 0.0, 0.0, 0.0, 0.0, 0.0, 0.0, 0.0]",93923,15139,N3,dismiss,-0.3,ts,1035,1
"[0.8530612244897959, -0.8530612244897959, -0.3026455026455026, 0.10526315789473684, 0.631578947368421, 0.0, 0.0, 0.0, 1.0, 0.7372147538127957, 1.0, 0.0, 0.0, 0.0, 0.0, 0.0, 0.0, 0.0]",180524,170138,N3,dismiss,-0.3,ts,2452,0
"[0.20000000000000007, -0.20000000000000007, -0.0016666666666666904, 0.019943019943019943, -0.5, 0.0, 0.0, 0.0, 1.0, 0.7214793530593256, 1.0, 0.0, 0.0, 0.0, 0.0, 0.0, 0.0, 0.0]",15534,135482,N3,dismiss,-0.3,ts,2164,1
"[0.52, -0.52, 0.11648223645894, 0.0, 0.0, 0.0, 0.0, 0.0, 1.0, 0.8716130198763568, 1.0, 0.0, 0.0, 0.0, 0.0, 0.0, 0.0, 0.0]",142501,54196,N3,dismiss,-0.3,ts,417,0
"[0.2972972972972973, -0.2972972972972973, 0.052770448548812667, -0.2440944881889764, -0.2631578947368421, 0.0, 0.0, 0.0, 1.0, 0.7152849125461873, 1.0, 0.0, 0.0, 0.0, 0.0, 0.0, 0.0, 0.0]",31679,175226,N6,accept,0.5081081081081081,ts,1140,1
"[0.18367346938775517, -0.18367346938775517, 0.15695387915623885, 0.04938271604938271, -0.2, 0.0, 0.0, 0.0, 1.0, 0.6997447192288843, 1.0, 0.0, 0.0, 0.0, 0.0, 0.0, 0.0, 0.0]",135547,74215,N3,dismiss,-0.3,ts,2652,1
"[0.6, -0.6, 0.19662594531704472, 0.3348623853211009, 0.4117647058823529, 0.0, 0.0, 0.0, 1.0, 0.7066556192934125, 1.0, 0.0, 0.0, 0.0, 0.0, 0.0, 0.0, 0.0]",81396,29663,N1,dismiss,-0.3,ts,1208,1
"[0.5833333333333334, -0.5833333333333334, -0.10370370370370366, -0.1894150417827298, 1.0, 0.0, 0.0, 0.0, 1.0, 0.6914955644422529, 1.0, 0.0, 0.0, 0.0, 0.0, 0.0, 0.0, 0.0]",158412,29663,N3,accept,0.7083333333333333,ts,2086,0
"[0.24999999999999997, -0.24999999999999997, -0.4147058823529412, 0.0, 0.0, 0.0, 0.0, 0.0, 1.0, 0.726850521859211, 1.0, 0.0, 0.0, 0.0, 0.0, 0.0, 0.0, 0.0]",51609,174748,N3,dismiss,-0.3,ts,2037,0
"[0.25000000000000006, -0.25000000000000006, 0.24608967674661097, -0.42924528301886794, 0.4117647058823529, 0.0, 0.0, 0.0, 1.0, 0.5912500777360127, 1.0, 0.0, 0.0, 0.0, 0.0, 0.0, 0.0, 0.0]",55882,86760,N1,accept,0.475,ts,1476,1
"[0.3333333333333333, -0.3333333333333333, -0.3770833333333334, -0.32421875, 1.0, 0.0, 0.0, 0.0, 1.0, 0.5455071568997623, 1.0, 0.0, 0.0, 0.0, 0.0, 0.0, 0.0, 0.0]",75984,158410,N6,accept,0.5333333333333333,ts,704,1
"[0.8714285714285714, -0.8714285714285714, -0.23282887077997672, 0.75, 0.55, 0.0, 0.0, 0.0, 1.0, 0.6748322766805989, 1.0, 0.0, 0.0, 0.0, 0.0, 0.0, 0.0, 0.0]",78136,170138,N3,dismiss,-0.3,ts,1336,1
"[0.5555555555555556, -0.35, -0.41692307692307695, 0.0, 0.0, 0.0, 0.0, 0.0, 1.0, 0.7572625285445833, 1.0, 0.0, 0.0, 0.0, 0.0, 0.0, 0.0, 0.0]",63920,48992,N1,dismiss,-0.3,ts,422,1
"[0.7, -0.7, -0.347, 0.0, 0.0, 0.0, 0.0, 0.0, 1.0, 0.8453663438129025, 1.0, 0.0, 0.0, 0.0, 0.0, 0.0, 0.0, 0.0]",129174,63859,N3,dismiss,-0.3,ts,1039,1
"[0.0769230769230768, -0.0769230769230768, 0.2, -0.75, -0.44000000000000006, 0.0, 0.0, 0.0, 1.0, 0.5084697864372832, 1.0, 0.0, 0.0, 0.0, 0.0, 0.0, 0.0, 0.0]",131606,81128,N3,dismiss,-0.3,ts,1184,0
"[0.14, -0.14, -0.02666666666666673, 0.0625, -0.1, 0.0, 0.0, 0.0, 1.0, 0.7465385609804288, 1.0, 0.0, 0.0, 0.0, 0.0, 0.0, 0.0, 0.0]",141632,69993,N1,dismiss,-0.3,ts,2352,1
"[0.3513513513513513, -0.3513513513513513, -0.05562579013906437, -0.3063063063063063, 0.125, 0.0, 0.0, 0.0, 1.0, 0.7478291309084784, 1.0, 0.0, 0.0, 0.0, 0.0, 0.0, 0.0, 0.0]",20071,20077,N3,accept,0.5459459459459459,ts,640,1
"[0.11458333333333333, -0.11458333333333333, 0.0, -0.5561959654178674, -0.7909090909090909, 0.0, 0.0, 0.0, 1.0, 0.5727064609689967, 1.0, 0.0, 0.0, 0.0, 0.0, 0.0, 0.0, 0.0]",107659,142262,N1,dismiss,-0.3,ts,1022,1
"[0.604, -0.604, -0.49629629629629635, -0.4588235294117647, -0.3684210526315789, 0.0, 0.0, 0.0, 1.0, 0.6356367491076025, 1.0, 0.0, 0.0, 0.0, 0.0, 0.0, 0.0, 0.0]",115396,108025,N3,dismiss,-0.3,ts,1616,0
"[0.20000000000000004, -0.20000000000000004, -0.05555555555555555, -0.75, -0.44000000000000006, 0.0, 0.0, 0.0, 1.0, 0.5974829772502733, 1.0, 0.0, 0.0, 0.0, 0.0, 0.0, 0.0, 0.0]",68609,18334,N1,dismiss,-0.3,ts,1161,1
"[0.5, -0.5, -0.3941229930324144, 1.0, -0.4782608695652174, 0.0, 0.0, 0.0, 1.0, 0.5686467955570524, 1.0, 0.0, 0.0, 0.0, 0.0, 0.0, 0.0, 0.0]",86743,169349,N1,dismiss,-0.3,ts,2112,1
"[0.35000000000000003, -0.35000000000000003, 0.027816411682892905, -0.42724458204334365, -0.31999999999999995, 0.0, 0.0, 0.0, 1.0, 0.702483663576583, 1.0, 0.0, 0.0, 0.0, 0.0, 0.0, 0.0, 0.0]",87863,175208,N3,dismiss,-0.3,ts,781,1
"[0.24999999999999997, -0.24999999999999997, -0.4993742177722153, 0.04182509505703422, 0.0, 0.0, 0.0, 0.0, 1.0, 0.7012203212124449, 1.0, 0.0, 0.0, 0.0, 0.0, 0.0, 0.0, 0.0]",120829,115289,N3,dismiss,-0.3,ts,1057,1
"[0.604, -0.604, -0.49629629629629635, -0.4588235294117647, -0.3684210526315789, 0.0, 0.0, 0.0, 1.0, 0.6356367491076025, 1.0, 0.0, 0.0, 0.0, 0.0, 0.0, 0.0, 0.0]",115396,108025,N6,accept,0.7227999999999999,ts,486,0
"[0.20000000000000004, -0.20000000000000004, -0.05555555555555555, -0.75, -0.44000000000000006, 0.0, 0.0, 0.0, 1.0, 0.5974829772502733, 1.0, 0.0, 0.0, 0.0, 0.0, 0.0, 0.0, 0.0]",68609,18334,N3,dismiss,-0.3,ts,604,1
"[0.076923076923077, -0.076923076923077, 0.0, 0.0, 0.0, 0.0, 0.0, 0.0, 1.0, 0.7787188164556538, 1.0, 0.0, 0.0, 0.0, 0.0, 0.0, 0.0, 0.0]",93861,174758,N3,accept,0.35384615384615387,ts,1593,1
"[0.5636363636363637, -0.5636363636363637, 0.23253903040262944, 0.12753623188405797, 1.0, 0.0, 0.0, 0.0, 1.0, 0.6843183977363809, 1.0, 0.0, 0.0, 0.0, 0.0, 0.0, 0.0, 0.0]",123006,107588,N6,accept,0.6945454545454546,ts,2156,1
"[0.0384615384615385, -0.0384615384615385, 0.22897483118477596, 0.02976190476190476, 0.05999999999999996, 0.0, 0.0, 0.0, 1.0, 0.6652929903136966, 1.0, 0.0, 0.0, 0.0, 0.0, 0.0, 0.0, 0.0]",143094,87100,N1,dismiss,-0.3,ts,1879,1
"[0.05737704918032792, -0.05737704918032792, -0.4473409801876955, 0.011527377521613832, -0.19540229885057464, 0.0, 0.0, 0.0, 1.0, 0.6012691354747454, 1.0, 0.0, 0.0, 0.0, 0.0, 0.0, 0.0, 0.0]",54573,39517,N1,accept,0.34016393442622955,ts,647,1
"[0.5882352941176471, -0.5882352941176471, 0.16666666666666666, 0.2752808988764045, 0.2222222222222222, 0.0, 0.0, 0.0, 1.0, 0.7528762160343654, 1.0, 0.0, 0.0, 0.0, 0.0, 0.0, 0.0, 0.0]",138518,169062,N3,dismiss,-0.3,ts,956,1
"[0.20000000000000007, -0.20000000000000007, -0.20380601596071202, -0.10160427807486631, 0.875, 0.0, 0.0, 0.0, 1.0, 0.60435783142046, 1.0, 0.0, 0.0, 0.0, 0.0, 0.0, 0.0, 0.0]",162740,107458,N1,dismiss,-0.3,ts,738,1
"[0.2727272727272727, -0.2727272727272727, -0.27048634243837444, 0.0, 0.0, 0.0, 0.0, 0.0, 1.0, 0.7633614666745693, 1.0, 0.0, 0.0, 0.0, 0.0, 0.0, 0.0, 0.0]",81453,81452,N6,accept,0.49090909090909085,ts,1928,1
"[0.02857142857142844, -0.02857142857142844, -0.3211788211788212, -0.022792022792022793, 0.5200000000000001, 0.0, 0.0, 0.0, 1.0, 0.5622519721506657, 1.0, 0.0, 0.0, 0.0, 0.0, 0.0, 0.0, 0.0]",117054,185707,N3,accept,0.3199999999999999,ts,1210,1
"[0.13846153846153844, -0.13846153846153844, -0.04767580452920143, 0.009259259259259259, 0.14285714285714285, 0.0, 0.0, 0.0, 1.0, 0.7429691792392996, 1.0, 0.0, 0.0, 0.0, 0.0, 0.0, 0.0, 0.0]",78130,115245,N1,dismiss,-0.3,ts,1280,1
"[0.2222222222222223, -0.2222222222222223, 0.11131725417439703, 0.08529411764705883, 0.10400000000000005, 0.0, 0.0, 0.0, 1.0, 0.7387660108640149, 1.0, 0.0, 0.0, 0.0, 0.0, 0.0, 0.0, 0.0]",123848,76847,N3,dismiss,-0.3,ts,1569,0
"[0.3636363636363637, -0.3636363636363637, 0.0, 0.0, 0.0, 0.0, 0.0, 0.0, 1.0, 0.8742764353476687, 1.0, 0.0, 0.0, 0.0, 0.0, 0.0, 0.0, 0.0]",74279,74278,N3,dismiss,-0.3,ts,1782,0
"[0.13793103448275862, -0.13793103448275862, -0.6330275229357798, -0.9132947976878613, -0.8941176470588235, 0.0, 0.0, 0.0, 1.0, 0.4066193539943744, 1.0, 0.0, 0.0, 0.0, 0.0, 0.0, 0.0, 0.0]",64502,51022,N3,dismiss,-0.3,ts,2397,0
"[0.19999999999999993, -0.19999999999999993, -0.1875, 0.0, 0.0, 0.0, 0.0, 0.0, 1.0, 0.7602860088710922, 1.0, 0.0, 0.0, 0.0, 0.0, 0.0, 0.0, 0.0]",73358,117926,N1,dismiss,-0.3,ts,2807,1
"[0.22164948453608244, -0.22164948453608244, -0.2631578947368421, -0.0641399416909621, -0.07692307692307693, 0.0, 0.0, 0.0, 1.0, 0.7088927203903614, 1.0, 0.0, 0.0, 0.0, 0.0, 0.0, 0.0, 0.0]",104962,103704,N6,accept,0.45515463917525767,ts,2550,1
"[0.19999999999999993, -0.19999999999999993, 0.11764705882352941, 0.0, 0.0, 0.0, 0.0, 0.0, 1.0, 0.7808958257091974, 1.0, 0.0, 0.0, 0.0, 0.0, 0.0, 0.0, 0.0]",104417,18611,N3,dismiss,-0.3,ts,2646,1
"[0.5636363636363637, -0.5636363636363637, -0.0625, 0.09269662921348315, 1.0, 0.0, 0.0, 0.0, 1.0, 0.7236596581281033, 1.0, 0.0, 0.0, 0.0, 0.0, 0.0, 0.0, 0.0]",109094,107588,N6,accept,0.6945454545454546,ts,2551,1
"[0.03240740740740754, -0.03240740740740754, -0.09090909090909091, 0.6775956284153005, 0.21999999999999992, 0.0, 0.0, 0.0, 1.0, 0.5641839558423116, 1.0, 0.0, 0.0, 0.0, 0.0, 0.0, 0.0, 0.0]",104492,69980,N6,accept,0.32268518518518524,ts,2285,1
"[0.20000000000000007, -0.20000000000000007, 0.026363636363636287, -0.008547008547008548, -0.14285714285714285, 0.0, 0.0, 0.0, 1.0, 0.7727351749443683, 1.0, 0.0, 0.0, 0.0, 0.0, 0.0, 0.0, 0.0]",151838,31973,N6,accept,0.44000000000000006,ts,1236,1
"[0.24999999999999994, -0.24999999999999994, -0.2356406480117821, 0.007246376811594203, 0.0, 0.0, 0.0, 0.0, 1.0, 0.7622715073471614, 1.0, 0.0, 0.0, 0.0, 0.0, 0.0, 0.0, 0.0]",108507,125880,N3,dismiss,-0.3,ts,2095,1
"[0.64, -0.64, -0.0346408558329088, -0.05, -0.17272727272727276, 0.0, 0.0, 0.0, 1.0, 0.8645923634066793, 1.0, 0.0, 0.0, 0.0, 0.0, 0.0, 0.0, 0.0]",90181,49005,N3,dismiss,-0.3,ts,2687,0
"[0.3636363636363637, -0.3636363636363637, 0.10804174340085952, -0.08021390374331551, 0.8125, 0.0, 0.0, 0.0, 1.0, 0.6927136909281788, 1.0, 0.0, 0.0, 0.0, 0.0, 0.0, 0.0, 0.0]",162740,123439,N3,accept,0.5545454545454546,ts,2802,0
"[0.5, -0.5, 0.0, 0.0, 0.0, 0.0, 0.0, 0.0, 1.0, 0.9087872380968218, 1.0, 0.0, 0.0, 0.0, 0.0, 0.0, 0.0, 0.0]",141769,141766,N6,accept,0.6499999999999999,ts,1601,1
"[0.14000000000000004, -0.14000000000000004, -0.303, -0.2843601895734597, 0.41999999999999993, 0.0, 0.0, 0.0, 1.0, 0.5605413624853973, 1.0, 0.0, 0.0, 0.0, 0.0, 0.0, 0.0, 0.0]",162680,115226,N3,dismiss,-0.3,ts,2987,1
"[0.6594594594594594, -0.6594594594594594, 0.03710575139146568, -0.14040114613180515, -0.26666666666666666, 0.0, 0.0, 0.0, 1.0, 0.8262227313596372, 1.0, 0.0, 0.0, 0.0, 0.0, 0.0, 0.0, 0.0]",63922,16731,N3,dismiss,-0.3,ts,1368,1
"[0.6428571428571429, -0.6428571428571429, -0.05457142857142847, -0.30837004405286345, 0.09090909090909091, 0.0, 0.0, 0.0, 1.0, 0.8218841519059766, 1.0, 0.0, 0.0, 0.0, 0.0, 0.0, 0.0, 0.0]",169062,104690,N3,dismiss,-0.3,ts,1322,1
"[0.07692307692307684, -0.07692307692307684, -0.1872881355932203, 1.0, -0.2916666666666667, 0.0, 0.0, 0.0, 1.0, 0.5172933252956673, 1.0, 0.0, 0.0, 0.0, 0.0, 0.0, 0.0, 0.0]",92709,55882,N3,dismiss,-0.3,ts,1882,1
"[0.4444444444444445, -0.4444444444444445, 0.10401459854014582, -0.54, -0.6, 0.0, 0.0, 0.0, 1.0, 0.6542508615673612, 1.0, 0.0, 0.0, 0.0, 0.0, 0.0, 0.0, 0.0]",169353,132873,N3,accept,0.6111111111111112,ts,2349,0
"[0.9271428571428572, -0.9271428571428572, 0.2222222222222222, 0.32, -0.039999999999999994, 0.0, 0.0, 0.0, 1.0, 0.8166293780580514, 1.0, 0.0, 0.0, 0.0, 0.0, 0.0, 0.0, 0.0]",18359,51575,N6,accept,0.9490000000000001,ts,1335,1
"[0.09999999999999996, -0.09999999999999996, 0.0, 0.03870967741935484, -0.045454545454545456, 0.0, 0.0, 0.0, 1.0, 0.7630116146408217, 1.0, 0.0, 0.0, 0.0, 0.0, 0.0, 0.0, 0.0]",111130,108202,N3,accept,0.36999999999999994,ts,2999,0
"[0.41176470588235287, -0.41176470588235287, -0.10614525139664797, 0.12, 0.24, 0.0, 0.0, 0.0, 1.0, 0.7599295455936875, 1.0, 0.0, 0.0, 0.0, 0.0, 0.0, 0.0, 0.0]",63626,58615,N3,dismiss,-0.3,ts,847,0
"[0.11458333333333333, -0.11458333333333333, 0.0, -0.5561959654178674, -0.7909090909090909, 0.0, 0.0, 0.0, 1.0, 0.5727064609689967, 1.0, 0.0, 0.0, 0.0, 0.0, 0.0, 0.0, 0.0]",107659,142262,N3,dismiss,-0.3,ts,2026,0
"[0.5, -0.5, -0.4592875318066158, 0.0, 0.0, 0.0, 0.0, 0.0, 1.0, 0.7886047001257124, 1.0, 0.0, 0.0, 0.0, 0.0, 0.0, 0.0, 0.0]",90179,56398,N1,dismiss,-0.3,ts,2641,1
"[0.20000000000000007, -0.20000000000000007, 0.09090909090909091, -0.008547008547008548, -0.14285714285714285, 0.0, 0.0, 0.0, 1.0, 0.7497580191893745, 1.0, 0.0, 0.0, 0.0, 0.0, 0.0, 0.0, 0.0]",70002,32065,N3,accept,0.44000000000000006,ts,1850,1
"[0.3636363636363637, -0.3636363636363637, 0.0, 0.016713091922005572, 0.15384615384615385, 0.0, 0.0, 0.0, 1.0, 0.8296166021577667, 1.0, 0.0, 0.0, 0.0, 0.0, 0.0, 0.0, 0.0]",123140,123174,N6,accept,0.5545454545454546,ts,2788,1
"[0.673202614379085, -0.673202614379085, -0.3955877908733757, 0.196, -0.4, 0.0, 0.0, 0.0, 1.0, 0.7008375037227806, 1.0, 0.0, 0.0, 0.0, 0.0, 0.0, 0.0, 0.0]",104691,104684,N6,accept,0.7712418300653594,ts,1055,1
"[0.20000000000000007, -0.20000000000000007, -0.4699435403520425, -0.02564102564102564, -0.21428571428571427, 0.0, 0.0, 0.0, 1.0, 0.6411800033479265, 1.0, 0.0, 0.0, 0.0, 0.0, 0.0, 0.0, 0.0]",15533,107170,N3,dismiss,-0.3,ts,2152,1
"[0.1250000000000001, -0.1250000000000001, 0.0, 0.14285714285714285, -0.06000000000000001, 0.0, 0.0, 0.0, 1.0, 0.7420929594459014, 1.0, 0.0, 0.0, 0.0, 0.0, 0.0, 0.0, 0.0]",74186,125786,N3,dismiss,-0.3,ts,1280,1
"[0.5367647058823529, -0.5367647058823529, -0.08070175438596489, 0.66, 0.18000000000000002, 0.0, 0.0, 0.0, 1.0, 0.7316375799157532, 1.0, 0.0, 0.0, 0.0, 0.0, 0.0, 0.0, 0.0]",85443,122721,N6,accept,0.675735294117647,ts,888,1
"[0.07692307692307684, -0.07692307692307684, -0.1872881355932203, 1.0, -0.22727272727272727, 0.0, 0.0, 0.0, 1.0, 0.5317456847362717, 1.0, 0.0, 0.0, 0.0, 0.0, 0.0, 0.0, 0.0]",169794,55882,N6,accept,0.35384615384615375,ts,1535,1
"[0.3636363636363637, -0.3636363636363637, -0.1783073130649137, 0.057971014492753624, 0.25, 0.0, 0.0, 0.0, 1.0, 0.7388435060343711, 1.0, 0.0, 0.0, 0.0, 0.0, 0.0, 0.0, 0.0]",123006,123174,N1,dismiss,-0.3,ts,2407,1
"[0.20000000000000007, -0.20000000000000007, -0.25256537570340953, -0.008547008547008548, -0.14285714285714285, 0.0, 0.0, 0.0, 1.0, 0.7036927698508484, 1.0, 0.0, 0.0, 0.0, 0.0, 0.0, 0.0, 0.0]",15528,31973,N3,dismiss,-0.3,ts,1209,1
"[0.0555555555555556, -0.0555555555555556, -0.16666666666666666, 0.01764705882352941, 0.0, 0.0, 0.0, 0.0, 1.0, 0.7088897221869671, 1.0, 0.0, 0.0, 0.0, 0.0, 0.0, 0.0, 0.0]",123852,107052,N3,dismiss,-0.3,ts,1357,0
"[0.19709090909090918, -0.19709090909090918, -0.07324621733149929, 0.0, 0.0, 0.0, 0.0, 0.0, 1.0, 0.7945750109053056, 1.0, 0.0, 0.0, 0.0, 0.0, 0.0, 0.0, 0.0]",85069,63876,N3,dismiss,-0.3,ts,1060,0
"[0.09999999999999996, -0.09999999999999996, 0.0, -0.1005586592178771, 0.0, 0.0, 0.0, 0.0, 1.0, 0.7598937305521247, 1.0, 0.0, 0.0, 0.0, 0.0, 0.0, 0.0, 0.0]",127521,108202,N6,accept,0.36999999999999994,ts,2686,1
"[0.3142857142857143, -0.3142857142857143, -0.5006513243595311, -0.21107266435986158, 0.0, 0.0, 0.0, 0.0, 1.0, 0.6816641322507467, 1.0, 0.0, 0.0, 0.0, 0.0, 0.0, 0.0, 0.0]",110153,178949,N3,dismiss,-0.3,ts,1534,1
"[0.6909090909090909, -0.6909090909090909, 0.0, -0.32075471698113206, -0.11999999999999997, 0.0, 0.0, 0.0, 1.0, 0.8410807546925714, 1.0, 0.0, 0.0, 0.0, 0.0, 0.0, 0.0, 0.0]",122719,189308,N1,dismiss,-0.3,ts,2699,1
"[0.06211180124223608, -0.06211180124223608, 0.0, -0.15968586387434555, 0.2631578947368421, 0.0, 0.0, 0.0, 1.0, 0.6708322026650078, 1.0, 0.0, 0.0, 0.0, 0.0, 0.0, 0.0, 0.0]",103705,103704,N3,dismiss,-0.3,ts,2192,1
"[0.20000000000000004, -0.20000000000000004, -0.14724770642201832, 0.0, -0.041666666666666664, 0.0, 0.0, 0.0, 1.0, 0.7598162879753003, 1.0, 0.0, 0.0, 0.0, 0.0, 0.0, 0.0, 0.0]",143384,84737,N6,accept,0.44,ts,552,1
"[0.2, -0.2, 0.09333333333333324, -0.1895734597156398, 0.6, 0.0, 0.0, 0.0, 1.0, 0.6366180946932497, 1.0, 0.0, 0.0, 0.0, 0.0, 0.0, 0.0, 0.0]",162680,15178,N3,dismiss,-0.3,ts,924,0
"[0.3333333333333333, -0.3333333333333333, -0.3770833333333334, -0.32421875, 1.0, 0.0, 0.0, 0.0, 1.0, 0.5455071568997623, 1.0, 0.0, 0.0, 0.0, 0.0, 0.0, 0.0, 0.0]",75984,158410,N3,dismiss,-0.3,ts,1750,1
"[0.7942857142857144, -0.7942857142857144, -0.24597585513078465, 0.2066115702479339, -0.375, 0.0, 0.0, 0.0, 1.0, 0.7501239090858726, 1.0, 0.0, 0.0, 0.0, 0.0, 0.0, 0.0, 0.0]",81543,128284,N3,dismiss,-0.3,ts,412,0
"[0.8944444444444444, -0.8944444444444444, 0.0, -0.02, 0.0, 0.0, 0.0, 0.0, 1.0, 0.962136410518863, 1.0, 0.0, 0.0, 0.0, 0.0, 0.0, 0.0, 0.0]",89731,83441,N1,dismiss,-0.3,ts,1246,1
"[0.1764705882352941, -0.1764705882352941, 0.0, 0.05045871559633028, 0.0, 0.0, 0.0, 0.0, 1.0, 0.8002741033846621, 1.0, 0.0, 0.0, 0.0, 0.0, 0.0, 0.0, 0.0]",173998,173997,N1,accept,0.4235294117647058,ts,1645,1
"[0.20000000000000004, -0.20000000000000004, -0.634703196347032, 0.07407407407407407, -0.74, 0.0, 0.0, 0.0, 1.0, 0.5425189848892313, 1.0, 0.0, 0.0, 0.0, 0.0, 0.0, 0.0, 0.0]",19598,106004,N3,accept,0.44,ts,575,0
"[0.19709090909090918, -0.19709090909090918, -0.07324621733149929, 0.0, 0.0, 0.0, 0.0, 0.0, 1.0, 0.7945750109053056, 1.0, 0.0, 0.0, 0.0, 0.0, 0.0, 0.0, 0.0]",85069,63876,N1,dismiss,-0.3,ts,1948,1
"[0.040000000000000036, -0.040000000000000036, 0.0, 0.0, 0.0, 0.0, 0.0, 0.0, 1.0, 0.7649820258822859, 1.0, 0.0, 0.0, 0.0, 0.0, 0.0, 0.0, 0.0]",141765,141753,N1,dismiss,-0.3,ts,444,1
"[0.02500000000000002, -0.02500000000000002, -0.1863303498779495, -0.02, -0.07999999999999999, 0.0, 0.0, 0.0, 1.0, 0.6690903795112921, 1.0, 0.0, 0.0, 0.0, 0.0, 0.0, 0.0, 0.0]",130426,62503,N6,accept,0.3175,ts,2504,1
"[0.02857142857142844, -0.02857142857142844, -0.43774069319640574, 0.02, 0.019999999999999973, 0.0, 0.0, 0.0, 1.0, 0.6322768417624829, 1.0, 0.0, 0.0, 0.0, 0.0, 0.0, 0.0, 0.0]",33303,77265,N6,accept,0.3199999999999999,ts,2519,1
"[0.11458333333333333, -0.11458333333333333, 0.0, -0.5587392550143266, -0.77, 0.0, 0.0, 0.0, 1.0, 0.5737732739088267, 1.0, 0.0, 0.0, 0.0, 0.0, 0.0, 0.0, 0.0]",107563,142262,N3,accept,0.3802083333333333,ts,1313,0
"[0.3636363636363637, -0.3636363636363637, 0.146788990825688, 0.0110803324099723, 0.36363636363636365, 0.0, 0.0, 0.0, 1.0, 0.7425908749935993, 1.0, 0.0, 0.0, 0.0, 0.0, 0.0, 0.0, 0.0]",93938,123174,N3,dismiss,-0.3,ts,1766,0
"[0.1200000000000001, -0.1200000000000001, 0.1455847255369929, -0.07120743034055728, 0.14000000000000004, 0.0, 0.0, 0.0, 1.0, 0.687454790909646, 1.0, 0.0, 0.0, 0.0, 0.0, 0.0, 0.0, 0.0]",57279,59424,N1,accept,0.38400000000000006,ts,2709,1
"[0.14285714285714288, -0.14285714285714288, 0.2002503128911139, 0.37383177570093457, -0.15, 0.0, 0.0, 0.0, 1.0, 0.6189066123031219, 1.0, 0.0, 0.0, 0.0, 0.0, 0.0, 0.0, 0.0]",78135,115240,N3,dismiss,-0.3,ts,1074,1
"[0.2307692307692307, -0.2307692307692307, 0.06666666666666667, 0.0, 0.0, 0.0, 0.0, 0.0, 1.0, 0.8082747076223531, 1.0, 0.0, 0.0, 0.0, 0.0, 0.0, 0.0, 0.0]",131606,18616,N6,accept,0.46153846153846145,ts,941,1
"[0.4485294117647059, -0.4485294117647059, 0.09333333333333324, -0.0843806104129264, -0.2692307692307692, 0.0, 0.0, 0.0, 1.0, 0.776901172593482, 1.0, 0.0, 0.0, 0.0, 0.0, 0.0, 0.0, 0.0]",29970,155668,N3,dismiss,-0.3,ts,497,1
"[0.28571428571428564, -0.28571428571428564, 0.1669449081803006, -0.05420054200542006, -0.9057971014492753, 0.0, 0.0, 0.0, 1.0, 0.6533573854314844, 1.0, 0.0, 0.0, 0.0, 0.0, 0.0, 0.0, 0.0]",76847,189369,N3,dismiss,-0.3,ts,1542,1
"[0.08333333333333322, -0.08333333333333322, 0.0, 0.0, 0.0, 0.0, 0.0, 0.0, 1.0, 0.7810882504428991, 1.0, 0.0, 0.0, 0.0, 0.0, 0.0, 0.0, 0.0]",174745,93864,N1,dismiss,-0.3,ts,1984,1
"[0.8742857142857143, -0.8742857142857143, 0.1455847255369929, -0.025157232704402517, -0.7042253521126761, 0.0, 0.0, 0.0, 1.0, 0.794954738530718, 1.0, 0.0, 0.0, 0.0, 0.0, 0.0, 0.0, 0.0]",57280,59423,N1,dismiss,-0.3,ts,433,1
"[0.5, -0.5, -0.003496503496503511, 0.792, 0.1111111111111111, 0.0, 0.0, 0.0, 1.0, 0.7582770524839175, 1.0, 0.0, 0.0, 0.0, 0.0, 0.0, 0.0, 0.0]",170190,86748,N1,dismiss,-0.3,ts,722,1
"[0.10714285714285708, -0.10714285714285708, -0.2935429056924384, -0.25671641791044775, -0.28, 0.0, 0.0, 0.0, 1.0, 0.5764722103585493, 1.0, 0.0, 0.0, 0.0, 0.0, 0.0, 0.0, 0.0]",87090,52481,N1,dismiss,-0.3,ts,1139,1
"[0.20000000000000004, -0.20000000000000004, -0.3409090909090909, 0.0, 0.0, 0.0, 0.0, 0.0, 1.0, 0.7239674946003922, 1.0, 0.0, 0.0, 0.0, 0.0, 0.0, 0.0, 0.0]",51022,70828,N6,accept,0.44,ts,975,1
"[0.3, -0.3, -0.28, 0.0, 0.0, 0.0, 0.0, 0.0, 1.0, 0.769716564082265, 1.0, 0.0, 0.0, 0.0, 0.0, 0.0, 0.0, 0.0]",69485,50807,N1,dismiss,-0.3,ts,1882,1
"[0.3, -0.3, -0.602897102897103, 0.0, 0.6200000000000001, 0.0, 0.0, 0.0, 1.0, 0.608773199379965, 1.0, 0.0, 0.0, 0.0, 0.0, 0.0, 0.0, 0.0]",117054,105872,N3,accept,0.51,ts,652,1
"[0.10999999999999997, -0.10999999999999997, -0.125, -0.48333333333333334, -0.58, 0.0, 0.0, 0.0, 1.0, 0.5507150856559786, 1.0, 0.0, 0.0, 0.0, 0.0, 0.0, 0.0, 0.0]",18616,79360,N1,dismiss,-0.3,ts,2084,1
"[0.4583333333333333, -0.4583333333333333, -0.327319587628866, 0.22, 0.24000000000000005, 0.0, 0.0, 0.0, 1.0, 0.692442265593947, 1.0, 0.0, 0.0, 0.0, 0.0, 0.0, 0.0, 0.0]",151790,123325,N6,accept,0.6208333333333333,ts,2184,1
"[0.15999999999999998, -0.15999999999999998, -0.0667779632721202, 0.0, 0.0, 0.0, 0.0, 0.0, 1.0, 0.7838696440013408, 1.0, 0.0, 0.0, 0.0, 0.0, 0.0, 0.0, 0.0]",16729,16731,N6,accept,0.412,ts,1339,1
"[0.5, -0.5, -0.033333333333333375, -0.744927536231884, -0.23999999999999994, 0.0, 0.0, 0.0, 1.0, 0.722516941965584, 1.0, 0.0, 0.0, 0.0, 0.0, 0.0, 0.0, 0.0]",19594,19600,N6,accept,0.6499999999999999,ts,1250,1
"[0.5636363636363637, -0.5636363636363637, -0.5024875621890547, -0.033426183844011144, 0.6923076923076923, 0.0, 0.0, 0.0, 1.0, 0.673245592471575, 1.0, 0.0, 0.0, 0.0, 0.0, 0.0, 0.0, 0.0]",43372,107659,N6,accept,0.6945454545454546,ts,725,1
"[0.3636363636363637, -0.3636363636363637, -0.056651017214397456, -0.002840909090909091, 0.16666666666666666, 0.0, 0.0, 0.0, 1.0, 0.8094824635768882, 1.0, 0.0, 0.0, 0.0, 0.0, 0.0, 0.0, 0.0]",74282,74278,N3,dismiss,-0.3,ts,2573,1
"[0.14, -0.14, -0.31562500000000004, 0.030303030303030304, 0.0, 0.0, 0.0, 0.0, 1.0, 0.6993060113850216, 1.0, 0.0, 0.0, 0.0, 0.0, 0.0, 0.0, 0.0]",106755,69993,N3,dismiss,-0.3,ts,2717,0
"[0.9442857142857142, -0.9442857142857142, -0.1, -0.8571428571428571, -0.9099999999999999, 0.0, 0.0, 0.0, 1.0, 0.6872767360360263, 1.0, 0.0, 0.0, 0.0, 0.0, 0.0, 0.0, 0.0]",153856,79461,N6,accept,0.9609999999999999,ts,2487,1
"[0.1200000000000001, -0.1200000000000001, 0.1455847255369929, -0.054878048780487805, -0.8250000000000001, 0.0, 0.0, 0.0, 1.0, 0.6072134063167107, 1.0, 0.0, 0.0, 0.0, 0.0, 0.0, 0.0, 0.0]",57551,59423,N3,dismiss,-0.3,ts,2121,0
"[0.25, -0.25, -0.24812030075187969, 0.01764705882352941, 0.13636363636363635, 0.0, 0.0, 0.0, 1.0, 0.7203456543782418, 1.0, 0.0, 0.0, 0.0, 0.0, 0.0, 0.0, 0.0]",117159,117045,N3,dismiss,-0.3,ts,2401,0
"[0.33333333333333337, -0.33333333333333337, -0.3220035778175313, 0.09333333333333334, -0.5545454545454546, 0.0, 0.0, 0.0, 1.0, 0.6445028751316437, 1.0, 0.0, 0.0, 0.0, 0.0, 0.0, 0.0, 0.0]",16731,49086,N3,dismiss,-0.3,ts,2214,0
"[0.1428571428571428, -0.1428571428571428, 0.0, -0.75, -0.44000000000000006, 0.0, 0.0, 0.0, 1.0, 0.5984532043847945, 1.0, 0.0, 0.0, 0.0, 0.0, 0.0, 0.0, 0.0]",50807,81128,N3,accept,0.3999999999999999,ts,502,1
"[0.16666666666666666, -0.16666666666666666, 0.21539500337609718, -0.19122257053291536, -0.608, 0.0, 0.0, 0.0, 1.0, 0.5880194588419783, 1.0, 0.0, 0.0, 0.0, 0.0, 0.0, 0.0, 0.0]",128276,145578,N3,dismiss,-0.3,ts,1189,1
"[0.12, -0.12, 0.08428571428571437, -0.18032786885245902, -0.3125, 0.0, 0.0, 0.0, 1.0, 0.6483664614798773, 1.0, 0.0, 0.0, 0.0, 0.0, 0.0, 0.0, 0.0]",104681,85794,N3,accept,0.384,ts,1982,1
"[0.7411764705882353, -0.7411764705882353, 0.08428571428571437, -0.563953488372093, -0.18518518518518517, 0.0, 0.0, 0.0, 1.0, 0.7722738027302286, 1.0, 0.0, 0.0, 0.0, 0.0, 0.0, 0.0, 0.0]",104685,85795,N1,dismiss,-0.3,ts,2587,1
"[0.20000000000000007, -0.20000000000000007, -0.2794444444444444, -0.04, 1.0, 0.0, 0.0, 0.0, 1.0, 0.5760362365604412, 1.0, 0.0, 0.0, 0.0, 0.0, 0.0, 0.0, 0.0]",30082,107554,N3,accept,0.44000000000000006,ts,2336,1
"[0.375, -0.375, -0.5170068027210885, 0.0, 0.0, 0.0, 0.0, 0.0, 1.0, 0.7485728828665705, 1.0, 0.0, 0.0, 0.0, 0.0, 0.0, 0.0, 0.0]",30574,170956,N3,dismiss,-0.3,ts,2731,0
"[0.09999999999999998, -0.09999999999999998, 0.0027855153203343017, -0.020172910662824207, 0.13636363636363635, 0.0, 0.0, 0.0, 1.0, 0.7443737934329575, 1.0, 0.0, 0.0, 0.0, 0.0, 0.0, 0.0, 0.0]",82377,123852,N3,dismiss,-0.3,ts,1160,0
"[0.4545454545454546, -0.4545454545454546, -0.375, -0.0028735632183908046, 0.8333333333333334, 0.0, 0.0, 0.0, 1.0, 0.6701200877280795, 1.0, 0.0, 0.0, 0.0, 0.0, 0.0, 0.0, 0.0]",32065,107659,N1,dismiss,-0.3,ts,1955,1
"[0.1111111111111112, -0.1111111111111112, -0.5135678391959799, 0.0, 0.0, 0.0, 0.0, 0.0, 1.0, 0.6628913050757039, 1.0, 0.0, 0.0, 0.0, 0.0, 0.0, 0.0, 0.0]",16809,110501,N6,accept,0.3777777777777778,ts,2745,1
"[0.20000000000000007, -0.20000000000000007, -0.2716236722306526, -0.017142857142857144, 0.5131578947368421, 0.0, 0.0, 0.0, 1.0, 0.6376929489907578, 1.0, 0.0, 0.0, 0.0, 0.0, 0.0, 0.0, 0.0]",43097,31972,N3,dismiss,-0.3,ts,2976,1
"[0.062499999999999965, -0.062499999999999965, 0.0, 0.07339449541284404, -0.038461538461538464, 0.0, 0.0, 0.0, 1.0, 0.7417846617265634, 1.0, 0.0, 0.0, 0.0, 0.0, 0.0, 0.0, 0.0]",169893,183357,N3,dismiss,-0.3,ts,2468,0
"[0.4545454545454546, -0.4545454545454546, -0.060150375939849676, 0.02046783625730994, 0.8181818181818182, 0.0, 0.0, 0.0, 1.0, 0.7486924175651021, 1.0, 0.0, 0.0, 0.0, 0.0, 0.0, 0.0, 0.0]",107170,107563,N3,dismiss,-0.3,ts,2642,1
"[0.25999999999999995, -0.25999999999999995, -0.5504587155963302, 0.09, 0.2727272727272727, 0.0, 0.0, 0.0, 1.0, 0.6215804979836184, 1.0, 0.0, 0.0, 0.0, 0.0, 0.0, 0.0, 0.0]",63869,63923,N3,dismiss,-0.3,ts,1190,1
"[0.06666666666666672, -0.06666666666666672, 0.07292616226071093, 0.11295681063122924, 0.041666666666666664, 0.0, 0.0, 0.0, 1.0, 0.7054487779313395, 1.0, 0.0, 0.0, 0.0, 0.0, 0.0, 0.0, 0.0]",116369,87090,N3,dismiss,-0.3,ts,743,1
"[0.09999999999999991, -0.09999999999999991, -0.715307582260372, 0.0, 0.0, 0.0, 0.0, 0.0, 1.0, 0.6350536090371364, 1.0, 0.0, 0.0, 0.0, 0.0, 0.0, 0.0, 0.0]",16689,16809,N3,dismiss,-0.3,ts,1219,0
"[0.3636363636363637, -0.3636363636363637, 0.146788990825688, 0.0110803324099723, 0.36363636363636365, 0.0, 0.0, 0.0, 1.0, 0.7425908749935993, 1.0, 0.0, 0.0, 0.0, 0.0, 0.0, 0.0, 0.0]",93938,123174,N3,dismiss,-0.3,ts,2385,0
"[0.22999999999999998, -0.22999999999999998, 0.018888888888888882, 0.54, 0.07999999999999999, 0.0, 0.0, 0.0, 1.0, 0.7043297407421301, 1.0, 0.0, 0.0, 0.0, 0.0, 0.0, 0.0, 0.0]",30621,82102,N3,dismiss,-0.3,ts,2520,1
"[0.5652173913043479, -0.5652173913043479, 0.1575289575289576, -0.06862745098039216, 0.12000000000000005, 0.0, 0.0, 0.0, 1.0, 0.8171887144159775, 1.0, 0.0, 0.0, 0.0, 0.0, 0.0, 0.0, 0.0]",179650,104485,N6,accept,0.6956521739130435,ts,887,1
"[0.8857142857142857, -0.8857142857142857, -0.7536231884057971, -0.072, -0.4, 0.0, 0.0, 0.0, 1.0, 0.7088112677497157, 1.0, 0.0, 0.0, 0.0, 0.0, 0.0, 0.0, 0.0]",71136,175100,N3,accept,0.9199999999999999,ts,2594,1
"[0.3235294117647059, -0.3235294117647059, -0.13114754098360656, -0.027700831024930747, -0.2222222222222222, 0.0, 0.0, 0.0, 1.0, 0.7545679795264808, 1.0, 0.0, 0.0, 0.0, 0.0, 0.0, 0.0, 0.0]",15685,39517,N3,dismiss,-0.3,ts,1572,1
"[0.2045454545454546, -0.2045454545454546, -0.666110183639399, 0.019553072625698324, 1.0, 0.0, 0.0, 0.0, 1.0, 0.5366655678938613, 1.0, 0.0, 0.0, 0.0, 0.0, 0.0, 0.0, 0.0]",135482,123174,N3,dismiss,-0.3,ts,1884,0
"[0.8530612244897959, -0.8530612244897959, -0.4003639672429481, 0.4482758620689655, 0.47619047619047616, 0.0, 0.0, 0.0, 1.0, 0.6729637351096623, 1.0, 0.0, 0.0, 0.0, 0.0, 0.0, 0.0, 0.0]",180522,170138,N6,accept,0.897142857142857,ts,457,1
"[0.33333333333333337, -0.33333333333333337, -0.5833333333333334, 0.0, 0.0, 0.0, 0.0, 0.0, 1.0, 0.727809934097922, 1.0, 0.0, 0.0, 0.0, 0.0, 0.0, 0.0, 0.0]",112487,38636,N3,dismiss,-0.3,ts,1470,0
"[0.1250000000000001, -0.1250000000000001, 0.16218749999999993, 0.0, 0.0, 0.0, 0.0, 0.0, 1.0, 0.7409291148542603, 1.0, 0.0, 0.0, 0.0, 0.0, 0.0, 0.0, 0.0]",57061,55412,N3,dismiss,-0.3,ts,1610,0
"[0.12499999999999988, -0.12499999999999988, 0.22662889518413595, -0.23684210526315788, 0.10526315789473684, 0.0, 0.0, 0.0, 1.0, 0.6383733944913446, 1.0, 0.0, 0.0, 0.0, 0.0, 0.0, 0.0, 0.0]",180520,144702,N3,dismiss,-0.3,ts,2103,0
"[0.28571428571428564, -0.28571428571428564, -0.2549476135040746, -0.029411764705882353, 0.0, 0.0, 0.0, 0.0, 1.0, 0.7625743560830361, 1.0, 0.0, 0.0, 0.0, 0.0, 0.0, 0.0, 0.0]",93923,106755,N3,accept,0.4999999999999999,ts,1090,1
"[0.10714285714285712, -0.10714285714285712, -0.22940563086548488, 0.009259259259259259, 0.0, 0.0, 0.0, 0.0, 1.0, 0.7134908721243683, 1.0, 0.0, 0.0, 0.0, 0.0, 0.0, 0.0, 0.0]",55915,115244,N3,dismiss,-0.3,ts,1130,0
"[0.5636363636363637, -0.5636363636363637, -0.4547263681592039, -0.027855153203342618, 0.5384615384615384, 0.0, 0.0, 0.0, 1.0, 0.6956890230785281, 1.0, 0.0, 0.0, 0.0, 0.0, 0.0, 0.0, 0.0]",43372,108839,N3,dismiss,-0.3,ts,617,1
"[0.07692307692307684, -0.07692307692307684, -0.1872881355932203, 0.3867924528301887, -0.22727272727272727, 0.0, 0.0, 0.0, 1.0, 0.5806488195218563, 1.0, 0.0, 0.0, 0.0, 0.0, 0.0, 0.0, 0.0]",169794,115240,N1,dismiss,-0.3,ts,1872,1
"[0.28571428571428564, -0.28571428571428564, 0.1629802095459837, 0.0, 0.0, 0.0, 0.0, 0.0, 1.0, 0.7953984364798392, 1.0, 0.0, 0.0, 0.0, 0.0, 0.0, 0.0, 0.0]",93923,93922,N3,dismiss,-0.3,ts,2265,0
"[0.040000000000000036, -0.040000000000000036, 0.0, 0.0, 0.0, 0.0, 0.0, 0.0, 1.0, 0.7649820258822859, 1.0, 0.0, 0.0, 0.0, 0.0, 0.0, 0.0, 0.0]",141765,141753,N3,dismiss,-0.3,ts,1305,0
"[0.2, -0.2, -0.861516452074392, 0.0, 0.0, 0.0, 0.0, 0.0, 1.0, 0.6585329291503521, 1.0, 0.0, 0.0, 0.0, 0.0, 0.0, 0.0, 0.0]",16689,110501,N3,dismiss,-0.3,ts,2894,1
"[0.5636363636363637, -0.5636363636363637, -0.15250000000000002, -0.01977401129943503, 0.6923076923076923, 0.0, 0.0, 0.0, 1.0, 0.7513430966277358, 1.0, 0.0, 0.0, 0.0, 0.0, 0.0, 0.0, 0.0]",108743,108828,N1,dismiss,-0.3,ts,2673,1
"[0.808695652173913, -0.808695652173913, 0.15907335907335912, -0.05555555555555555, 0.1599999999999999, 0.0, 0.0, 0.0, 1.0, 0.8480449897760274, 1.0, 0.0, 0.0, 0.0, 0.0, 0.0, 0.0, 0.0]",179650,114138,N3,dismiss,-0.3,ts,2284,0
"[0.20000000000000007, -0.20000000000000007, 0.19142857142857142, -0.04788732394366197, 0.09090909090909091, 0.0, 0.0, 0.0, 1.0, 0.7205734669549364, 1.0, 0.0, 0.0, 0.0, 0.0, 0.0, 0.0, 0.0]",123005,108746,N3,dismiss,-0.3,ts,1481,1
"[0.04545454545454549, -0.04545454545454549, -0.0646666666666667, -0.008264462809917356, -0.22727272727272727, 0.0, 0.0, 0.0, 1.0, 0.6855067967400382, 1.0, 0.0, 0.0, 0.0, 0.0, 0.0, 0.0, 0.0]",138639,127487,N3,accept,0.33181818181818185,ts,1030,0
"[0.72, -0.72, -0.39266487213997303, -0.09711286089238845, 0.9333333333333333, 0.0, 0.0, 0.0, 1.0, 0.6862101798544106, 1.0, 0.0, 0.0, 0.0, 0.0, 0.0, 0.0, 0.0]",106764,123439,N3,dismiss,-0.3,ts,2708,1
"[0.5636363636363637, -0.5636363636363637, -0.5447647951441579, -0.002857142857142857, 1.0, 0.0, 0.0, 0.0, 1.0, 0.644332182336334, 1.0, 0.0, 0.0, 0.0, 0.0, 0.0, 0.0, 0.0]",43097,107563,N3,dismiss,-0.3,ts,1279,1
"[0.25, -0.25, -0.3076404494382023, -0.0024271844660194173, 0.0, 0.0, 0.0, 0.0, 1.0, 0.7469607690022103, 1.0, 0.0, 0.0, 0.0, 0.0, 0.0, 0.0, 0.0]",70069,189231,N3,dismiss,-0.3,ts,1166,0
"[0.692, -0.692, 0.07598566308243732, 0.10727969348659004, 0.03571428571428559, 0.0, 0.0, 0.0, 1.0, 0.8767707971153142, 1.0, 0.0, 0.0, 0.0, 0.0, 0.0, 0.0, 0.0]",81449,114138,N3,dismiss,-0.3,ts,1695,0
"[0.050000000000000044, -0.050000000000000044, 0.23767935121646902, 0.28, -0.21999999999999997, 0.0, 0.0, 0.0, 1.0, 0.5753341503687988, 1.0, 0.0, 0.0, 0.0, 0.0, 0.0, 0.0, 0.0]",115984,94324,N3,dismiss,-0.3,ts,1174,0
"[0.8333333333333334, -0.8333333333333334, -0.461, 0.0, 0.0, 0.0, 0.0, 0.0, 1.0, 0.8416154698912451, 1.0, 0.0, 0.0, 0.0, 0.0, 0.0, 0.0, 0.0]",63921,63919,N3,dismiss,-0.3,ts,1065,1
"[0.28571428571428564, -0.28571428571428564, -0.333889816360601, -0.07859078590785908, -0.20289855072463772, 0.0, 0.0, 0.0, 1.0, 0.6817500277409434, 1.0, 0.0, 0.0, 0.0, 0.0, 0.0, 0.0, 0.0]",76847,117159,N3,dismiss,-0.3,ts,548,1
"[0.4545454545454546, -0.4545454545454546, -0.014388489208633, 0.03254437869822485, 0.6666666666666666, 0.0, 0.0, 0.0, 1.0, 0.7725888753691011, 1.0, 0.0, 0.0, 0.0, 0.0, 0.0, 0.0, 0.0]",108746,108839,N3,dismiss,-0.3,ts,1193,1
"[0.7402597402597403, -0.7402597402597403, 0.1514392991239048, 1.0, -0.5555555555555556, 0.0, 0.0, 0.0, 1.0, 0.650708755416801, 1.0, 0.0, 0.0, 0.0, 0.0, 0.0, 0.0, 0.0]",138627,128295,N1,dismiss,-0.3,ts,481,1
"[0.5, -0.5, -0.4172461752433937, -0.026706231454005934, 1.0, 0.0, 0.0, 0.0, 1.0, 0.6458945881303048, 1.0, 0.0, 0.0, 0.0, 0.0, 0.0, 0.0, 0.0]",87402,57551,N3,dismiss,-0.3,ts,973,1
"[0.041666666666666574, -0.041666666666666574, -0.6251673360107095, 0.6536796536796536, -0.2962962962962963, 0.0, 0.0, 0.0, 1.0, 0.4464002989034202, 1.0, 0.0, 0.0, 0.0, 0.0, 0.0, 0.0, 0.0]",20077,103705,N3,dismiss,-0.3,ts,2944,1
"[0.1250000000000001, -0.1250000000000001, 0.0, 0.14285714285714285, -0.06000000000000001, 0.0, 0.0, 0.0, 1.0, 0.7420929594459014, 1.0, 0.0, 0.0, 0.0, 0.0, 0.0, 0.0, 0.0]",74186,125786,N3,dismiss,-0.3,ts,1714,1
"[0.3636363636363637, -0.3636363636363637, 0.0, 0.016713091922005572, 0.15384615384615385, 0.0, 0.0, 0.0, 1.0, 0.8296166021577667, 1.0, 0.0, 0.0, 0.0, 0.0, 0.0, 0.0, 0.0]",123551,123174,N3,dismiss,-0.3,ts,2102,0
"[0.4444444444444445, -0.4444444444444445, 0.18241042345276867, -0.34, -0.6, 0.0, 0.0, 0.0, 1.0, 0.6557316228780911, 1.0, 0.0, 0.0, 0.0, 0.0, 0.0, 0.0, 0.0]",169354,132873,N3,accept,0.6111111111111112,ts,2523,0
"[0.5636363636363637, -0.5636363636363637, -0.16573971078976643, -0.022408963585434174, 0.6666666666666666, 0.0, 0.0, 0.0, 1.0, 0.748709328628749, 1.0, 0.0, 0.0, 0.0, 0.0, 0.0, 0.0, 0.0]",166050,107563,N3,accept,0.6945454545454546,ts,2530,1
"[0.7058823529411765, -0.7058823529411765, 0.13651877133105803, 1.0, 0.11764705882352941, 0.0, 0.0, 0.0, 1.0, 0.7183013517884813, 1.0, 0.0, 0.0, 0.0, 0.0, 0.0, 0.0, 0.0]",169345,115396,N3,dismiss,-0.3,ts,1899,0
"[0.726890756302521, -0.726890756302521, 0.14196891191709854, -0.3549618320610687, 0.36, 0.0, 0.0, 0.0, 1.0, 0.7465779866666304, 1.0, 0.0, 0.0, 0.0, 0.0, 0.0, 0.0, 0.0]",61358,61360,N3,dismiss,-0.3,ts,1918,1
"[0.25, -0.25, 0.0, 0.0, 0.0, 0.0, 0.0, 0.0, 1.0, 0.8395893495876965, 1.0, 0.0, 0.0, 0.0, 0.0, 0.0, 0.0, 0.0]",117053,117045,N3,dismiss,-0.3,ts,1030,0
"[0.5636363636363637, -0.5636363636363637, -0.16573971078976643, -0.022408963585434174, 0.6666666666666666, 0.0, 0.0, 0.0, 1.0, 0.748709328628749, 1.0, 0.0, 0.0, 0.0, 0.0, 0.0, 0.0, 0.0]",166050,107563,N3,dismiss,-0.3,ts,2197,1
"[0.25, -0.25, 0.0, -0.008595988538681949, 0.08695652173913043, 0.0, 0.0, 0.0, 1.0, 0.8130880893622596, 1.0, 0.0, 0.0, 0.0, 0.0, 0.0, 0.0, 0.0]",57106,117045,N3,dismiss,-0.3,ts,573,0
"[0.09090909090909098, -0.09090909090909098, 0.0, -0.002881844380403458, 0.041666666666666664, 0.0, 0.0, 0.0, 1.0, 0.7710257573776895, 1.0, 0.0, 0.0, 0.0, 0.0, 0.0, 0.0, 0.0]",43107,116939,N3,dismiss,-0.3,ts,2400,1
"[0.3636363636363637, -0.3636363636363637, -0.6721311475409836, 1.0, 1.0, 0.0, 0.0, 0.0, 1.0, 0.4377984245192624, 1.0, 0.0, 0.0, 0.0, 0.0, 0.0, 0.0, 0.0]",79856,123174,N3,dismiss,-0.3,ts,1886,0
"[0.5370370370370371, -0.5370370370370371, -0.2713636363636363, -0.8087431693989071, -0.06000000000000005, 0.0, 0.0, 0.0, 1.0, 0.6958125988425242, 1.0, 0.0, 0.0, 0.0, 0.0, 0.0, 0.0, 0.0]",104492,115984,N3,dismiss,-0.3,ts,401,1
"[0.09090909090909098, -0.09090909090909098, -0.16701461377870563, -0.022727272727272728, 0.0, 0.0, 0.0, 0.0, 1.0, 0.7204221880154186, 1.0, 0.0, 0.0, 0.0, 0.0, 0.0, 0.0, 0.0]",110877,174772,N3,dismiss,-0.3,ts,2006,1
"[0.5333333333333333, -0.5333333333333333, 0.15799999999999997, 0.0, 0.0, 0.0, 0.0, 0.0, 1.0, 0.8618210826004871, 1.0, 0.0, 0.0, 0.0, 0.0, 0.0, 0.0, 0.0]",40487,16725,N3,dismiss,-0.3,ts,1071,1
"[0.5, -0.5, -0.8650904033379694, -0.20474777448071216, -0.2800000000000001, 0.0, 0.0, 0.0, 1.0, 0.6295168364539148, 1.0, 0.0, 0.0, 0.0, 0.0, 0.0, 0.0, 0.0]",87402,117029,N3,dismiss,-0.3,ts,1210,1
"[0.6666666666666666, -0.6666666666666666, 0.09717186366932572, 0.0, 0.0, 0.0, 0.0, 0.0, 1.0, 0.9050735068250562, 1.0, 0.0, 0.0, 0.0, 0.0, 0.0, 0.0, 0.0]",141749,90167,N6,accept,0.7666666666666666,ts,1593,1
"[0.8877551020408163, -0.8877551020408163, 0.10987791342952277, 0.5848101265822785, -0.2, 0.0, 0.0, 0.0, 1.0, 0.7750756348785899, 1.0, 0.0, 0.0, 0.0, 0.0, 0.0, 0.0, 0.0]",155693,169349,N3,accept,0.9214285714285713,ts,2374,1
"[0.3, -0.3, -0.13969732246798602, -0.06287425149700598, 1.0, 0.0, 0.0, 0.0, 1.0, 0.6392477541235398, 1.0, 0.0, 0.0, 0.0, 0.0, 0.0, 0.0, 0.0]",64439,16911,N3,dismiss,-0.3,ts,686,1
"[0.1666666666666667, -0.1666666666666667, 0.0, 0.3, 0.22000000000000003, 0.0, 0.0, 0.0, 1.0, 0.6901568741775026, 1.0, 0.0, 0.0, 0.0, 0.0, 0.0, 0.0, 0.0]",29439,61090,N3,dismiss,-0.3,ts,1620,0
"[0.1666666666666667, -0.1666666666666667, -0.16666666666666666, 0.64, 0.06000000000000001, 0.0, 0.0, 0.0, 1.0, 0.6292795882912379, 1.0, 0.0, 0.0, 0.0, 0.0, 0.0, 0.0, 0.0]",81128,41650,N3,dismiss,-0.3,ts,2980,1
"[0.16666666666666663, -0.16666666666666663, 0.07903525046382186, 0.0, 0.0, 0.0, 0.0, 0.0, 1.0, 0.7819875829786701, 1.0, 0.0, 0.0, 0.0, 0.0, 0.0, 0.0, 0.0]",147380,85069,N3,dismiss,-0.3,ts,801,0
"[0.5652173913043479, -0.5652173913043479, 0.1575289575289576, -0.06862745098039216, 0.12000000000000005, 0.0, 0.0, 0.0, 1.0, 0.8171887144159775, 1.0, 0.0, 0.0, 0.0, 0.0, 0.0, 0.0, 0.0]",179650,104485,N3,dismiss,-0.3,ts,1959,0
"[0.33333333333333326, -0.33333333333333326, -0.7118840579710145, 0.17475728155339806, 0.0, 0.0, 0.0, 0.0, 1.0, 0.6694448123318628, 1.0, 0.0, 0.0, 0.0, 0.0, 0.0, 0.0, 0.0]",54732,81543,N3,dismiss,-0.3,ts,1068,1
"[0.56, -0.56, -0.0009990009990009777, 0.5495049504950495, -0.4, 0.0, 0.0, 0.0, 1.0, 0.7384325320464852, 1.0, 0.0, 0.0, 0.0, 0.0, 0.0, 0.0, 0.0]",170191,169349,N3,accept,0.692,ts,522,0
"[0.16666666666666663, -0.16666666666666663, -0.1497064579256361, -0.04, -0.039999999999999994, 0.0, 0.0, 0.0, 1.0, 0.7364152237187678, 1.0, 0.0, 0.0, 0.0, 0.0, 0.0, 0.0, 0.0]",122734,81996,N3,dismiss,-0.3,ts,683,0
"[0.5, -0.5, -0.35778175313059035, -0.4148936170212766, 0.08000000000000007, 0.0, 0.0, 0.0, 1.0, 0.6998134226636865, 1.0, 0.0, 0.0, 0.0, 0.0, 0.0, 0.0, 0.0]",19596,84107,N3,dismiss,-0.3,ts,437,1
"[0.9137254901960783, -0.9137254901960783, 0.05563282336578581, -0.43820224719101125, 0.4666666666666667, 0.0, 0.0, 0.0, 1.0, 0.7700744049956784, 1.0, 0.0, 0.0, 0.0, 0.0, 0.0, 0.0, 0.0]",128242,85794,N3,accept,0.9396078431372548,ts,2485,1
"[0.11458333333333333, -0.11458333333333333, 0.0, -0.5587392550143266, -0.77, 0.0, 0.0, 0.0, 1.0, 0.5737732739088267, 1.0, 0.0, 0.0, 0.0, 0.0, 0.0, 0.0, 0.0]",107563,142262,N3,accept,0.3802083333333333,ts,1449,0
"[0.02500000000000002, -0.02500000000000002, -0.1863303498779495, -0.02, -0.07999999999999999, 0.0, 0.0, 0.0, 1.0, 0.6690903795112921, 1.0, 0.0, 0.0, 0.0, 0.0, 0.0, 0.0, 0.0]",130426,62503,N3,accept,0.3175,ts,2996,0
"[0.5798319327731092, -0.5798319327731092, -0.42857142857142855, 0.14122137404580154, -0.28, 0.0, 0.0, 0.0, 1.0, 0.7089584050761922, 1.0, 0.0, 0.0, 0.0, 0.0, 0.0, 0.0, 0.0]",104682,104684,N3,dismiss,-0.3,ts,1380,1
"[0.0285714285714286, -0.0285714285714286, 0.0, -0.4375, -0.039999999999999994, 0.0, 0.0, 0.0, 1.0, 0.6617044856731337, 1.0, 0.0, 0.0, 0.0, 0.0, 0.0, 0.0, 0.0]",125786,189308,N3,dismiss,-0.3,ts,2058,0
"[0.13333333333333333, -0.13333333333333333, 0.0, 0.0, 0.0, 0.0, 0.0, 0.0, 1.0, 0.799343830056226, 1.0, 0.0, 0.0, 0.0, 0.0, 0.0, 0.0, 0.0]",93851,93856,N3,dismiss,-0.3,ts,1848,0
"[0.5588235294117647, -0.5588235294117647, -0.5045317220543807, 1.0, -0.36666666666666664, 0.0, 0.0, 0.0, 1.0, 0.5849156836559666, 1.0, 0.0, 0.0, 0.0, 0.0, 0.0, 0.0, 0.0]",61306,155668,N3,dismiss,-0.3,ts,2704,1
"[0.07142857142857154, -0.07142857142857154, 0.0, 0.28654970760233917, -0.1, 0.0, 0.0, 0.0, 1.0, 0.6840596024730199, 1.0, 0.0, 0.0, 0.0, 0.0, 0.0, 0.0, 0.0]",114737,114738,N3,dismiss,-0.3,ts,2816,1
"[0.8, -0.8, 0.17647058823529413, 0.0, 0.0, 0.0, 0.0, 0.0, 1.0, 0.898937356285638, 1.0, 0.0, 0.0, 0.0, 0.0, 0.0, 0.0, 0.0]",18435,112477,N3,dismiss,-0.3,ts,938,0
"[0.09999999999999998, -0.09999999999999998, 0.061946902654867304, -0.008595988538681949, 0.2727272727272727, 0.0, 0.0, 0.0, 1.0, 0.6982959757009977, 1.0, 0.0, 0.0, 0.0, 0.0, 0.0, 0.0, 0.0]",82376,111476,N3,dismiss,-0.3,ts,1383,1
"[0.25, -0.25, -0.7960544217687074, -0.23383084577114427, -0.7125, 0.0, 0.0, 0.0, 1.0, 0.5103346365551422, 1.0, 0.0, 0.0, 0.0, 0.0, 0.0, 0.0, 0.0]",30574,115951,N3,dismiss,-0.3,ts,1123,1
"[0.25, -0.25, 0.0, 0.0, 0.0, 0.0, 0.0, 0.0, 1.0, 0.8395893495876965, 1.0, 0.0, 0.0, 0.0, 0.0, 0.0, 0.0, 0.0]",116977,117045,N1,accept,0.475,ts,1463,1
"[0.3333333333333333, -0.3333333333333333, -0.48776065276518593, 0.072, 0.1, 0.0, 0.0, 0.0, 1.0, 0.6936212189550044, 1.0, 0.0, 0.0, 0.0, 0.0, 0.0, 0.0, 0.0]",104691,120916,N3,dismiss,-0.3,ts,2137,1
"[0.10714285714285712, -0.10714285714285712, -0.22940563086548488, 0.009259259259259259, 0.0, 0.0, 0.0, 0.0, 1.0, 0.7134908721243683, 1.0, 0.0, 0.0, 0.0, 0.0, 0.0, 0.0, 0.0]",55915,115244,N3,dismiss,-0.3,ts,2971,0
"[0.09090909090909098, -0.09090909090909098, -0.40298507462686567, 0.07122507122507123, 0.0, 0.0, 0.0, 0.0, 1.0, 0.6532966594257494, 1.0, 0.0, 0.0, 0.0, 0.0, 0.0, 0.0, 0.0]",15532,151841,N3,dismiss,-0.3,ts,671,1
"[0.32, -0.32, -0.17941176470588238, -0.2, 0.09999999999999995, 0.0, 0.0, 0.0, 1.0, 0.7246180433810674, 1.0, 0.0, 0.0, 0.0, 0.0, 0.0, 0.0, 0.0]",104417,88339,N6,accept,0.524,ts,2247,1
"[0.1666666666666667, -0.1666666666666667, -0.7180327868852459, 0.005714285714285714, 0.03999999999999997, 0.0, 0.0, 0.0, 1.0, 0.6455649444844354, 1.0, 0.0, 0.0, 0.0, 0.0, 0.0, 0.0, 0.0]",15687,105899,N3,dismiss,-0.3,ts,879,0
"[0.20000000000000007, -0.20000000000000007, -0.2488262910798122, -0.011363636363636364, 0.0, 0.0, 0.0, 0.0, 1.0, 0.7410487326541809, 1.0, 0.0, 0.0, 0.0, 0.0, 0.0, 0.0, 0.0]",57376,31966,N3,dismiss,-0.3,ts,1619,1
"[0.08823529411764701, -0.08823529411764701, 0.04918032786885246, -0.027700831024930747, -0.2222222222222222, 0.0, 0.0, 0.0, 1.0, 0.7022535857628591, 1.0, 0.0, 0.0, 0.0, 0.0, 0.0, 0.0, 0.0]",15685,15686,N3,accept,0.3617647058823529,ts,1612,0
"[0.1666666666666667, -0.1666666666666667, 0.1, 1.0, 1.0, 0.0, 0.0, 0.0, 1.0, 0.4789161730664955, 1.0, 0.0, 0.0, 0.0, 0.0, 0.0, 0.0, 0.0]",37985,41688,N3,dismiss,-0.3,ts,1313,0
"[0.6, -0.6, -0.17555110220440878, 0.3348623853211009, 1.0, 0.0, 0.0, 0.0, 1.0, 0.6607458692324787, 1.0, 0.0, 0.0, 0.0, 0.0, 0.0, 0.0, 0.0]",185374,29663,N3,dismiss,-0.3,ts,2533,1
"[0.12499999999999988, -0.12499999999999988, 0.18272841051314134, 0.0, 0.0, 0.0, 0.0, 0.0, 1.0, 0.7351092199119997, 1.0, 0.0, 0.0, 0.0, 0.0, 0.0, 0.0, 0.0]",158639,180524,N3,accept,0.3874999999999999,ts,1523,0
"[0.25, -0.25, -0.24812030075187969, 0.005813953488372093, 0.041666666666666664, 0.0, 0.0, 0.0, 1.0, 0.7476249554836153, 1.0, 0.0, 0.0, 0.0, 0.0, 0.0, 0.0, 0.0]",174772,117045,N3,dismiss,-0.3,ts,1865,0
"[0.3987730061349693, -0.3987730061349693, -0.6316033364226136, -0.025, -0.08860759493670887, 0.0, 0.0, 0.0, 1.0, 0.7088081766263578, 1.0, 0.0, 0.0, 0.0, 0.0, 0.0, 0.0, 0.0]",15663,105872,N3,accept,0.5791411042944785,ts,841,1
"[0.25, -0.25, 0.0, 0.07453416149068323, 0.13636363636363635, 0.0, 0.0, 0.0, 1.0, 0.7830109453831142, 1.0, 0.0, 0.0, 0.0, 0.0, 0.0, 0.0, 0.0]",43090,117045,N3,dismiss,-0.3,ts,1761,0
"[0.20000000000000007, -0.20000000000000007, -0.5521408839779005, 0.0, 0.0, 0.0, 0.0, 0.0, 1.0, 0.6891179239049421, 1.0, 0.0, 0.0, 0.0, 0.0, 0.0, 0.0, 0.0]",135543,107458,N3,dismiss,-0.3,ts,2341,1
"[0.4545454545454546, -0.4545454545454546, -0.060150375939849676, 0.014619883040935672, 1.0, 0.0, 0.0, 0.0, 1.0, 0.741483609451724, 1.0, 0.0, 0.0, 0.0, 0.0, 0.0, 0.0, 0.0]",107170,107659,N3,dismiss,-0.3,ts,1630,1
"[0.8705882352941177, -0.8705882352941177, -0.2844364937388193, 0.7633802816901408, -0.29411764705882354, 0.0, 0.0, 0.0, 1.0, 0.6949217795554031, 1.0, 0.0, 0.0, 0.0, 0.0, 0.0, 0.0, 0.0]",88157,169349,N3,accept,0.9094117647058824,ts,2086,0
"[0.1478260869565217, -0.1478260869565217, -0.7000000000000001, 0.0, 0.0285714285714286, 0.0, 0.0, 0.0, 1.0, 0.6455320222776031, 1.0, 0.0, 0.0, 0.0, 0.0, 0.0, 0.0, 0.0]",39517,105872,N3,dismiss,-0.3,ts,798,1
"[0.2380952380952381, -0.2380952380952381, -0.1721428571428571, -0.2979591836734694, 0.1111111111111111, 0.0, 0.0, 0.0, 1.0, 0.6801880575519375, 1.0, 0.0, 0.0, 0.0, 0.0, 0.0, 0.0, 0.0]",166142,73628,N6,accept,0.4666666666666667,ts,1067,1
"[0.5636363636363637, -0.5636363636363637, -0.20886075949367092, 0.09577464788732394, 1.0, 0.0, 0.0, 0.0, 1.0, 0.6980330881785503, 1.0, 0.0, 0.0, 0.0, 0.0, 0.0, 0.0, 0.0]",109410,107588,N3,dismiss,-0.3,ts,2245,1
"[0.34, -0.34, 0.14848484848484844, -0.5246376811594203, -0.07999999999999999, 0.0, 0.0, 0.0, 1.0, 0.6964498867791362, 1.0, 0.0, 0.0, 0.0, 0.0, 0.0, 0.0, 0.0]",19594,110035,N3,accept,0.538,ts,2717,0
"[0.55, -0.55, 0.0, 0.006872852233676976, 0.0, 0.0, 0.0, 0.0, 1.0, 0.9173977756641208, 1.0, 0.0, 0.0, 0.0, 0.0, 0.0, 0.0, 0.0]",106148,106147,N1,dismiss,-0.3,ts,2913,1
"[0.040000000000000036, -0.040000000000000036, -0.08016032064128256, 0.6467889908256881, -0.4727272727272727, 0.0, 0.0, 0.0, 1.0, 0.5347747310946434, 1.0, 0.0, 0.0, 0.0, 0.0, 0.0, 0.0, 0.0]",185374,158412,N3,accept,0.328,ts,681,0
"[0.28571428571428575, -0.28571428571428575, 0.0, 0.11363636363636363, 0.0, 0.0, 0.0, 0.0, 1.0, 0.820537205423484, 1.0, 0.0, 0.0, 0.0, 0.0, 0.0, 0.0, 0.0]",170134,127333,N3,dismiss,-0.3,ts,1757,0
"[0.5599999999999999, -0.5599999999999999, 0.1733193277310925, -0.03260869565217391, -0.21428571428571427, 0.0, 0.0, 0.0, 1.0, 0.8011098453972897, 1.0, 0.0, 0.0, 0.0, 0.0, 0.0, 0.0, 0.0]",87447,85282,N3,accept,0.692,ts,507,0
"[0.3411764705882352, -0.3411764705882352, -0.18181818181818182, 0.46, -0.05999999999999996, 0.0, 0.0, 0.0, 1.0, 0.6996744652049984, 1.0, 0.0, 0.0, 0.0, 0.0, 0.0, 0.0, 0.0]",87406,30711,N3,accept,0.5388235294117646,ts,1574,1
"[0.3, -0.3, 0.2, 0.0, 0.0, 0.0, 0.0, 0.0, 1.0, 0.7895387605196299, 1.0, 0.0, 0.0, 0.0, 0.0, 0.0, 0.0, 0.0]",133969,50807,N3,dismiss,-0.3,ts,1926,0
"[0.1666666666666667, -0.1666666666666667, -0.15503875968992248, 0.029411764705882353, 0.0, 0.0, 0.0, 0.0, 1.0, 0.7493386575941129, 1.0, 0.0, 0.0, 0.0, 0.0, 0.0, 0.0, 0.0]",92714,143384,N3,dismiss,-0.3,ts,1152,1
"[0.16666666666666666, -0.16666666666666666, -0.37909624008278714, -0.36141304347826086, -0.696969696969697, 0.0, 0.0, 0.0, 1.0, 0.5149533605680354, 1.0, 0.0, 0.0, 0.0, 0.0, 0.0, 0.0, 0.0]",71447,145577,N6,accept,0.41666666666666663,ts,1652,1
"[0.8571428571428572, -0.8571428571428572, 0.0, -0.04, 0.0, 0.0, 0.0, 0.0, 1.0, 0.9529674423825959, 1.0, 0.0, 0.0, 0.0, 0.0, 0.0, 0.0, 0.0]",16648,16650,N3,dismiss,-0.3,ts,2234,0
"[0.64, -0.64, -0.21645796064400719, -0.5691489361702128, 0.4, 0.0, 0.0, 0.0, 1.0, 0.681246145030448, 1.0, 0.0, 0.0, 0.0, 0.0, 0.0, 0.0, 0.0]",19596,19598,N3,dismiss,-0.3,ts,1957,0
"[0.28571428571428564, -0.28571428571428564, 0.10016694490818043, -0.051490514905149054, -0.18115942028985507, 0.0, 0.0, 0.0, 1.0, 0.7544538446072436, 1.0, 0.0, 0.0, 0.0, 0.0, 0.0, 0.0, 0.0]",76847,16901,N3,dismiss,-0.3,ts,1178,1
"[0.3714285714285714, -0.3714285714285714, -0.25974025974025977, 0.0, 0.0, 0.0, 0.0, 0.0, 1.0, 0.7954295127189384, 1.0, 0.0, 0.0, 0.0, 0.0, 0.0, 0.0, 0.0]",63899,48999,N3,dismiss,-0.3,ts,564,1
"[0.1764705882352941, -0.1764705882352941, 0.0, 0.05045871559633028, 0.0, 0.0, 0.0, 0.0, 1.0, 0.8002741033846621, 1.0, 0.0, 0.0, 0.0, 0.0, 0.0, 0.0, 0.0]",173998,173997,N3,dismiss,-0.3,ts,1392,0
"[0.25, -0.25, -0.7625099285146941, -0.32338308457711445, -0.984375, 0.0, 0.0, 0.0, 1.0, 0.48261789721960435, 1.0, 0.0, 0.0, 0.0, 0.0, 0.0, 0.0, 0.0]",127415,134921,N3,dismiss,-0.3,ts,2529,1
"[0.16666666666666674, -0.16666666666666674, 0.0, 0.0672782874617737, 0.07142857142857142, 0.0, 0.0, 0.0, 1.0, 0.7723768643349369, 1.0, 0.0, 0.0, 0.0, 0.0, 0.0, 0.0, 0.0]",63923,63922,N3,dismiss,-0.3,ts,1566,1
"[0.18154761904761904, -0.18154761904761904, -0.2720901126408011, 0.0, 0.0, 0.0, 0.0, 0.0, 1.0, 0.7325093646379542, 1.0, 0.0, 0.0, 0.0, 0.0, 0.0, 0.0, 0.0]",16679,85069,N3,dismiss,-0.3,ts,1535,1
"[0.22784810126582283, -0.22784810126582283, 0.2310654685494223, -0.0987012987012987, 0.298507462686567, 0.0, 0.0, 0.0, 1.0, 0.6639494779334293, 1.0, 0.0, 0.0, 0.0, 0.0, 0.0, 0.0, 0.0]",43373,54573,N3,dismiss,-0.3,ts,2194,0
"[0.11458333333333333, -0.11458333333333333, -0.08759124087591248, -0.5587392550143266, -0.77, 0.0, 0.0, 0.0, 1.0, 0.5416340437403093, 1.0, 0.0, 0.0, 0.0, 0.0, 0.0, 0.0, 0.0]",108839,142262,N6,accept,0.3802083333333333,ts,2285,1
"[0.017857142857142873, -0.017857142857142873, -0.32540675844806016, 0.0, 0.0, 0.0, 0.0, 0.0, 1.0, 0.6610190788056989, 1.0, 0.0, 0.0, 0.0, 0.0, 0.0, 0.0, 0.0]",16679,147380,N6,accept,0.3125,ts,2458,1
"[0.9215686274509803, -0.9215686274509803, 0.10217028380634387, -0.30710659898477155, 0.7692307692307693, 0.0, 0.0, 0.0, 1.0, 0.7467728463475091, 1.0, 0.0, 0.0, 0.0, 0.0, 0.0, 0.0, 0.0]",92082,120787,N3,accept,0.9450980392156862,ts,825,1
"[0.6, -0.6, -0.10370370370370366, 0.3348623853211009, 0.3333333333333333, 0.0, 0.0, 0.0, 1.0, 0.7454021480082622, 1.0, 0.0, 0.0, 0.0, 0.0, 0.0, 0.0, 0.0]",164354,29663,N3,accept,0.72,ts,1833,1
"[0.07142857142857138, -0.07142857142857138, -0.2748368382886149, 0.0, 0.0, 0.0, 0.0, 0.0, 1.0, 0.6921113090677342, 1.0, 0.0, 0.0, 0.0, 0.0, 0.0, 0.0, 0.0]",141774,93856,N3,dismiss,-0.3,ts,2569,1
"[0.56, -0.56, 0.047120418848167464, 0.36086956521739133, -0.4, 0.0, 0.0, 0.0, 1.0, 0.7437502917188107, 1.0, 0.0, 0.0, 0.0, 0.0, 0.0, 0.0, 0.0]",146668,169349,N3,accept,0.692,ts,2306,0
"[0.14, -0.14, -0.16016016016016016, 0.0, 0.0, 0.0, 0.0, 0.0, 1.0, 0.7469249197385348, 1.0, 0.0, 0.0, 0.0, 0.0, 0.0, 0.0, 0.0]",93922,79362,N3,dismiss,-0.3,ts,2028,0
"[0.11999999999999993, -0.11999999999999993, 0.16683250414593703, 0.022792022792022793, -0.14285714285714285, 0.0, 0.0, 0.0, 1.0, 0.6938164446999331, 1.0, 0.0, 0.0, 0.0, 0.0, 0.0, 0.0, 0.0]",15535,43361,N3,dismiss,-0.3,ts,2653,0
"[0.8964705882352941, -0.8964705882352941, 0.002506265664160437, 1.0, -0.14285714285714285, 0.0, 0.0, 0.0, 1.0, 0.7927939099583732, 1.0, 0.0, 0.0, 0.0, 0.0, 0.0, 0.0, 0.0]",60954,169349,N3,dismiss,-0.3,ts,2078,0
"[0.75, -0.75, 0.0, 0.0, 0.0, 0.0, 0.0, 0.0, 1.0, 0.9523252675504453, 1.0, 0.0, 0.0, 0.0, 0.0, 0.0, 0.0, 0.0]",129174,93843,N6,accept,0.825,ts,1093,1
"[0.0714285714285715, -0.0714285714285715, -0.1111111111111111, 0.0, 0.0, 0.0, 0.0, 0.0, 1.0, 0.7368311669831881, 1.0, 0.0, 0.0, 0.0, 0.0, 0.0, 0.0, 0.0]",50807,57385,N3,dismiss,-0.3,ts,1673,1
"[0.5170454545454546, -0.5170454545454546, -0.2654424040066778, -0.31666666666666665, 0.05999999999999996, 0.0, 0.0, 0.0, 1.0, 0.742816761343357, 1.0, 0.0, 0.0, 0.0, 0.0, 0.0, 0.0, 0.0]",17805,87406,N3,accept,0.6619318181818181,ts,2808,1
"[0.050000000000000044, -0.050000000000000044, 0.23767935121646902, 0.28, -0.21999999999999997, 0.0, 0.0, 0.0, 1.0, 0.5753341503687988, 1.0, 0.0, 0.0, 0.0, 0.0, 0.0, 0.0, 0.0]",115984,94324,N6,accept,0.335,ts,941,1
"[0.9075630252100839, -0.9075630252100839, -0.22770663562281723, -0.15658362989323843, 0.7857142857142857, 0.0, 0.0, 0.0, 1.0, 0.7368446712621034, 1.0, 0.0, 0.0, 0.0, 0.0, 0.0, 0.0, 0.0]",84577,117335,N3,dismiss,-0.3,ts,1123,1
"[0.6363636363636364, -0.6363636363636364, -0.2700729927007299, 0.0, 0.0, 0.0, 0.0, 0.0, 1.0, 0.8519911280552436, 1.0, 0.0, 0.0, 0.0, 0.0, 0.0, 0.0, 0.0]",141743,51605,N3,dismiss,-0.3,ts,2461,0
"[0.3, -0.3, -0.09090909090909091, 0.46, -0.08000000000000003, 0.0, 0.0, 0.0, 1.0, 0.709824759435147, 1.0, 0.0, 0.0, 0.0, 0.0, 0.0, 0.0, 0.0]",38740,41068,N3,dismiss,-0.3,ts,2442,0
"[0.4962962962962963, -0.4962962962962963, -0.15, 0.0, 0.0, 0.0, 0.0, 0.0, 1.0, 0.8561193652923813, 1.0, 0.0, 0.0, 0.0, 0.0, 0.0, 0.0, 0.0]",135207,18279,N3,dismiss,-0.3,ts,1409,1
"[0.09999999999999994, -0.09999999999999994, -0.2309859154929577, -0.9540229885057471, -0.9038461538461539, 0.0, 0.0, 0.0, 1.0, 0.4600896146042551, 1.0, 0.0, 0.0, 0.0, 0.0, 0.0, 0.0, 0.0]",91073,16648,N3,dismiss,-0.3,ts,1667,1
"[0.09090909090909098, -0.09090909090909098, -0.13666666666666671, -0.03170028818443804, -0.08333333333333333, 0.0, 0.0, 0.0, 1.0, 0.703806361531609, 1.0, 0.0, 0.0, 0.0, 0.0, 0.0, 0.0, 0.0]",43107,106979,N3,dismiss,-0.3,ts,829,1
"[0.28476821192052976, -0.28476821192052976, 0.0, -0.021806853582554516, -0.4166666666666667, 0.0, 0.0, 0.0, 1.0, 0.7595229641394782, 1.0, 0.0, 0.0, 0.0, 0.0, 0.0, 0.0, 0.0]",103704,145523,N3,dismiss,-0.3,ts,2018,0
"[0.22602739726027393, -0.22602739726027393, -0.1261711430356028, 0.0, 0.125, 0.0, 0.0, 0.0, 1.0, 0.7538711302491253, 1.0, 0.0, 0.0, 0.0, 0.0, 0.0, 0.0, 0.0]",43388,146721,N3,dismiss,-0.3,ts,803,0
"[0.2000000000000001, -0.2000000000000001, 0.16082064857710124, 0.0949367088607595, -0.05999999999999996, 0.0, 0.0, 0.0, 1.0, 0.7249174291137734, 1.0, 0.0, 0.0, 0.0, 0.0, 0.0, 0.0, 0.0]",147858,87098,N3,dismiss,-0.3,ts,1335,1
"[0.20754716981132082, -0.20754716981132082, 0.0, -0.07255520504731862, 0.0, 0.0, 0.0, 0.0, 1.0, 0.805148558684546, 1.0, 0.0, 0.0, 0.0, 0.0, 0.0, 0.0, 0.0]",91968,91970,N3,accept,0.44528301886792454,ts,1020,0
"[0.10714285714285703, -0.10714285714285703, -0.15714899098325463, 0.0, 0.0, 0.0, 0.0, 0.0, 1.0, 0.7358964590411524, 1.0, 0.0, 0.0, 0.0, 0.0, 0.0, 0.0, 0.0]",141736,90181,N3,dismiss,-0.3,ts,760,1
"[0.36974789915966383, -0.36974789915966383, -0.3728571428571429, 0.19148936170212766, -0.4482758620689655, 0.0, 0.0, 0.0, 1.0, 0.6343433257324399, 1.0, 0.0, 0.0, 0.0, 0.0, 0.0, 0.0, 0.0]",104679,128254,N3,accept,0.5588235294117647,ts,1857,1
"[0.3636363636363637, -0.3636363636363637, 0.0, 0.0, 0.0, 0.0, 0.0, 0.0, 1.0, 0.8742764353476687, 1.0, 0.0, 0.0, 0.0, 0.0, 0.0, 0.0, 0.0]",123548,123174,N3,dismiss,-0.3,ts,1451,0
"[0.25, -0.25, 0.08600392413342063, 0.006075334143377886, 0.0, 0.0, 0.0, 0.0, 1.0, 0.8061722905617785, 1.0, 0.0, 0.0, 0.0, 0.0, 0.0, 0.0, 0.0]",75083,30338,N3,accept,0.475,ts,2743,0
"[0.47058823529411764, -0.47058823529411764, 0.07692307692307693, 1.0, 0.6599999999999999, 0.0, 0.0, 0.0, 1.0, 0.6187834354083326, 1.0, 0.0, 0.0, 0.0, 0.0, 0.0, 0.0, 0.0]",37982,39150,N3,accept,0.6294117647058823,ts,2372,1
"[0.11999999999999993, -0.11999999999999993, 0.1, -0.00847457627118644, 0.07692307692307693, 0.0, 0.0, 0.0, 1.0, 0.7343560069584029, 1.0, 0.0, 0.0, 0.0, 0.0, 0.0, 0.0, 0.0]",108784,70002,N3,dismiss,-0.3,ts,2425,1
"[0.2, -0.2, 0.015444015444015528, -0.02127659574468085, 0.0, 0.0, 0.0, 0.0, 1.0, 0.8104959025064576, 1.0, 0.0, 0.0, 0.0, 0.0, 0.0, 0.0, 0.0]",19611,85163,N3,dismiss,-0.3,ts,2628,1
"[0.11111111111111115, -0.11111111111111115, 0.11641443538998836, 0.8247422680412371, -0.1, 0.0, 0.0, 0.0, 1.0, 0.6013748846829513, 1.0, 0.0, 0.0, 0.0, 0.0, 0.0, 0.0, 0.0]",139804,185391,N3,dismiss,-0.3,ts,1349,0
"[0.25, -0.25, 0.0, 0.0, -0.10714285714285714, 0.0, 0.0, 0.0, 1.0, 0.8106570116385049, 1.0, 0.0, 0.0, 0.0, 0.0, 0.0, 0.0, 0.0]",43098,117045,N3,dismiss,-0.3,ts,1470,0
"[0.568, -0.568, -0.6114508060033351, 0.0, 0.0, 0.0, 0.0, 0.0, 1.0, 0.7819031711023983, 1.0, 0.0, 0.0, 0.0, 0.0, 0.0, 0.0, 0.0]",49130,147468,N3,dismiss,-0.3,ts,967,1
"[0.3636363636363637, -0.3636363636363637, 0.1013215859030837, 0.057971014492753624, 0.25, 0.0, 0.0, 0.0, 1.0, 0.7621489741842852, 1.0, 0.0, 0.0, 0.0, 0.0, 0.0, 0.0, 0.0]",123207,123174,N3,accept,0.5545454545454546,ts,2369,0
"[0.17090909090909095, -0.17090909090909095, -0.428377153218495, 0.0, 0.0, 0.0, 0.0, 0.0, 1.0, 0.6976303500772216, 1.0, 0.0, 0.0, 0.0, 0.0, 0.0, 0.0, 0.0]",16660,147348,N3,dismiss,-0.3,ts,1154,1
"[0.28571428571428564, -0.28571428571428564, -0.35943517329910146, 0.26, 0.06000000000000001, 0.0, 0.0, 0.0, 1.0, 0.670708318241587, 1.0, 0.0, 0.0, 0.0, 0.0, 0.0, 0.0, 0.0]",33303,130669,N3,dismiss,-0.3,ts,1610,1
"[0.5, -0.5, 0.07837837837837834, 1.0, 1.0, 0.0, 0.0, 0.0, 1.0, 0.5933091452435134, 1.0, 0.0, 0.0, 0.0, 0.0, 0.0, 0.0, 0.0]",115299,86748,N3,dismiss,-0.3,ts,1628,1
"[0.09999999999999998, -0.09999999999999998, 0.061946902654867304, -0.025787965616045846, 0.13636363636363635, 0.0, 0.0, 0.0, 1.0, 0.7205707775737011, 1.0, 0.0, 0.0, 0.0, 0.0, 0.0, 0.0, 0.0]",82376,123852,N3,accept,0.37,ts,1173,0
"[0.604, -0.604, -0.49629629629629635, -0.4588235294117647, -0.3684210526315789, 0.0, 0.0, 0.0, 1.0, 0.6356367491076025, 1.0, 0.0, 0.0, 0.0, 0.0, 0.0, 0.0, 0.0]",115396,108025,N3,accept,0.7227999999999999,ts,1428,0
"[0.25, -0.25, -0.24812030075187969, 0.005813953488372093, 0.041666666666666664, 0.0, 0.0, 0.0, 1.0, 0.7476249554836153, 1.0, 0.0, 0.0, 0.0, 0.0, 0.0, 0.0, 0.0]",174773,117045,N3,dismiss,-0.3,ts,506,0
"[0.16666666666666666, -0.16666666666666666, -0.16749999999999995, 1.0, 0.06145251396648053, 0.0, 0.0, 0.0, 1.0, 0.5897690701959244, 1.0, 0.0, 0.0, 0.0, 0.0, 0.0, 0.0, 0.0]",165914,191334,N3,accept,0.41666666666666663,ts,1523,1
"[0.2, -0.2, -0.425, -0.1678832116788321, -0.26666666666666666, 0.0, 0.0, 0.0, 1.0, 0.603526579115756, 1.0, 0.0, 0.0, 0.0, 0.0, 0.0, 0.0, 0.0]",115289,178949,N3,dismiss,-0.3,ts,2393,0
"[0.5, -0.5, 0.0, 0.0, 0.0, 0.0, 0.0, 0.0, 1.0, 0.9087872380968218, 1.0, 0.0, 0.0, 0.0, 0.0, 0.0, 0.0, 0.0]",141772,141766,N3,dismiss,-0.3,ts,2847,1
"[0.6, -0.6, 0.14277777777777778, 0.23829787234042554, 1.0, 0.0, 0.0, 0.0, 1.0, 0.6816493155826848, 1.0, 0.0, 0.0, 0.0, 0.0, 0.0, 0.0, 0.0]",145577,29663,N3,accept,0.72,ts,2917,0
"[0.11627906976744183, -0.11627906976744183, 0.0, -0.14759036144578314, -0.09090909090909091, 0.0, 0.0, 0.0, 1.0, 0.7298902829852456, 1.0, 0.0, 0.0, 0.0, 0.0, 0.0, 0.0, 0.0]",40740,38840,N3,accept,0.38139534883720927,ts,1155,1
"[0.3636363636363637, -0.3636363636363637, -0.49899799599198397, 1.0, 1.0, 0.0, 0.0, 0.0, 1.0, 0.45780911203583813, 1.0, 0.0, 0.0, 0.0, 0.0, 0.0, 0.0, 0.0]",169305,123174,N3,dismiss,-0.3,ts,1114,0
"[0.04545454545454549, -0.04545454545454549, -0.0646666666666667, -0.008264462809917356, -0.22727272727272727, 0.0, 0.0, 0.0, 1.0, 0.6855067967400382, 1.0, 0.0, 0.0, 0.0, 0.0, 0.0, 0.0, 0.0]",138639,127487,N3,dismiss,-0.3,ts,1948,0
"[0.0555555555555556, -0.0555555555555556, -0.16666666666666666, 0.01764705882352941, 0.0, 0.0, 0.0, 0.0, 1.0, 0.7088897221869671, 1.0, 0.0, 0.0, 0.0, 0.0, 0.0, 0.0, 0.0]",123852,105724,N3,dismiss,-0.3,ts,1602,1
"[0.35999999999999993, -0.35999999999999993, 0.125, 1.0, 1.0, 0.0, 0.0, 0.0, 1.0, 0.5327936544339077, 1.0, 0.0, 0.0, 0.0, 0.0, 0.0, 0.0, 0.0]",18355,51061,N3,dismiss,-0.3,ts,2330,0
"[0.06666666666666672, -0.06666666666666672, -0.3238461538461539, -0.15, -0.13999999999999996, 0.0, 0.0, 0.0, 1.0, 0.6040576707602408, 1.0, 0.0, 0.0, 0.0, 0.0, 0.0, 0.0, 0.0]",57043,141655,N3,dismiss,-0.3,ts,1431,0
"[0.11999999999999993, -0.11999999999999993, -0.3012866333095068, -0.002849002849002849, -0.6739130434782609, 0.0, 0.0, 0.0, 1.0, 0.5921188550995421, 1.0, 0.0, 0.0, 0.0, 0.0, 0.0, 0.0, 0.0]",88671,88363,N3,dismiss,-0.3,ts,479,1
"[0.7058823529411765, -0.7058823529411765, 0.13651877133105803, 1.0, 0.11764705882352941, 0.0, 0.0, 0.0, 1.0, 0.7183013517884813, 1.0, 0.0, 0.0, 0.0, 0.0, 0.0, 0.0, 0.0]",169345,115396,N3,dismiss,-0.3,ts,715,0
"[0.20000000000000007, -0.20000000000000007, -0.3060869565217391, -0.022857142857142857, -0.08333333333333333, 0.0, 0.0, 0.0, 1.0, 0.7015318332953658, 1.0, 0.0, 0.0, 0.0, 0.0, 0.0, 0.0, 0.0]",108745,107170,N3,dismiss,-0.3,ts,1460,1
"[0.28571428571428564, -0.28571428571428564, -0.13955364345254095, -0.029411764705882353, 0.0, 0.0, 0.0, 0.0, 1.0, 0.7937544046665308, 1.0, 0.0, 0.0, 0.0, 0.0, 0.0, 0.0, 0.0]",55412,106755,N3,dismiss,-0.3,ts,1769,1
"[0.5599999999999999, -0.5599999999999999, 0.000555864369094028, 0.17, -0.29090909090909095, 0.0, 0.0, 0.0, 1.0, 0.8118277859362935, 1.0, 0.0, 0.0, 0.0, 0.0, 0.0, 0.0, 0.0]",183166,30103,N3,dismiss,-0.3,ts,1197,1
"[0.42400000000000004, -0.42400000000000004, -0.49874686716791977, 0.0, 0.0, 0.0, 0.0, 0.0, 1.0, 0.764302981573891, 1.0, 0.0, 0.0, 0.0, 0.0, 0.0, 0.0, 0.0]",174763,174745,N3,dismiss,-0.3,ts,859,1
"[0.19999999999999993, -0.19999999999999993, 0.041666666666666664, 0.0, 0.0, 0.0, 0.0, 0.0, 1.0, 0.8068370360387624, 1.0, 0.0, 0.0, 0.0, 0.0, 0.0, 0.0, 0.0]",18185,82489,N3,dismiss,-0.3,ts,2348,0
"[0.7595959595959596, -0.7595959595959596, 0.0, -0.2, -0.05999999999999996, 0.0, 0.0, 0.0, 1.0, 0.8871385510165881, 1.0, 0.0, 0.0, 0.0, 0.0, 0.0, 0.0, 0.0]",141703,189308,N3,dismiss,-0.3,ts,1795,0
"[0.20000000000000007, -0.20000000000000007, -0.25008302889405515, -0.008547008547008548, -0.14285714285714285, 0.0, 0.0, 0.0, 1.0, 0.7042934253613377, 1.0, 0.0, 0.0, 0.0, 0.0, 0.0, 0.0, 0.0]",15533,31973,N3,dismiss,-0.3,ts,1072,1
"[0.2222222222222223, -0.2222222222222223, 0.11131725417439703, 0.08529411764705883, 0.10400000000000005, 0.0, 0.0, 0.0, 1.0, 0.7387660108640149, 1.0, 0.0, 0.0, 0.0, 0.0, 0.0, 0.0, 0.0]",123848,76847,N3,dismiss,-0.3,ts,2416,0
"[0.6136363636363636, -0.6136363636363636, -0.16573971078976643, -0.5686274509803921, -0.6166666666666667, 0.0, 0.0, 0.0, 1.0, 0.6669029880120972, 1.0, 0.0, 0.0, 0.0, 0.0, 0.0, 0.0, 0.0]",166050,142262,N3,dismiss,-0.3,ts,1318,1
"[0.1666666666666667, -0.1666666666666667, 0.0, 0.3, 0.22000000000000003, 0.0, 0.0, 0.0, 1.0, 0.6901568741775026, 1.0, 0.0, 0.0, 0.0, 0.0, 0.0, 0.0, 0.0]",41286,61090,N3,dismiss,-0.3,ts,1541,0
"[0.0555555555555556, -0.0555555555555556, 0.0, -0.48237885462555063, 0.3181818181818182, 0.0, 0.0, 0.0, 1.0, 0.6073285707775768, 1.0, 0.0, 0.0, 0.0, 0.0, 0.0, 0.0, 0.0]",169062,104679,N3,dismiss,-0.3,ts,2171,1
"[0.20000000000000007, -0.20000000000000007, -0.20364050056882826, -0.11888111888111888, 0.14285714285714285, 0.0, 0.0, 0.0, 1.0, 0.6868996987666001, 1.0, 0.0, 0.0, 0.0, 0.0, 0.0, 0.0, 0.0]",115366,115390,N3,dismiss,-0.3,ts,1785,0
"[0.19999999999999993, -0.19999999999999993, -0.25, 0.0, 0.0, 0.0, 0.0, 0.0, 1.0, 0.7441342850554244, 1.0, 0.0, 0.0, 0.0, 0.0, 0.0, 0.0, 0.0]",18185,18219,N3,dismiss,-0.3,ts,2250,1
"[0.6222222222222222, -0.6222222222222222, 0.0, -0.1, 0.019999999999999973, 0.0, 0.0, 0.0, 1.0, 0.8999640846725089, 1.0, 0.0, 0.0, 0.0, 0.0, 0.0, 0.0, 0.0]",135207,37985,N3,accept,0.7355555555555555,ts,2373,0
"[0.5636363636363637, -0.5636363636363637, -0.16666666666666666, -0.0113314447592068, 0.42857142857142855, 0.0, 0.0, 0.0, 1.0, 0.7757728250593904, 1.0, 0.0, 0.0, 0.0, 0.0, 0.0, 0.0, 0.0]",87720,107563,N3,dismiss,-0.3,ts,2203,1
"[0.4117647058823529, -0.4117647058823529, -0.04260651629072671, 0.026785714285714284, -0.5, 0.0, 0.0, 0.0, 1.0, 0.7683928906177794, 1.0, 0.0, 0.0, 0.0, 0.0, 0.0, 0.0, 0.0]",86748,146668,N3,dismiss,-0.3,ts,1309,1
"[0.20000000000000004, -0.20000000000000004, -0.32, -0.75, -0.44000000000000006, 0.0, 0.0, 0.0, 1.0, 0.5239735986960091, 1.0, 0.0, 0.0, 0.0, 0.0, 0.0, 0.0, 0.0]",69485,18334,N3,accept,0.44,ts,1825,1
"[0.25, -0.25, 0.0, -0.008595988538681949, 0.13636363636363635, 0.0, 0.0, 0.0, 1.0, 0.8012276518471559, 1.0, 0.0, 0.0, 0.0, 0.0, 0.0, 0.0, 0.0]",43088,117045,N3,dismiss,-0.3,ts,2718,0
"[0.20000000000000007, -0.20000000000000007, -0.2510779436152571, -0.008547008547008548, -0.14285714285714285, 0.0, 0.0, 0.0, 1.0, 0.7040523268798877, 1.0, 0.0, 0.0, 0.0, 0.0, 0.0, 0.0, 0.0]",15531,31973,N3,dismiss,-0.3,ts,792,1
"[0.3636363636363637, -0.3636363636363637, 0.0, 0.0, 0.0, 0.0, 0.0, 0.0, 1.0, 0.8742764353476687, 1.0, 0.0, 0.0, 0.0, 0.0, 0.0, 0.0, 0.0]",123548,123174,N3,dismiss,-0.3,ts,1469,0
"[0.25, -0.25, 0.0, 0.0, 0.0, 0.0, 0.0, 0.0, 1.0, 0.8395893495876965, 1.0, 0.0, 0.0, 0.0, 0.0, 0.0, 0.0, 0.0]",116977,117045,N3,dismiss,-0.3,ts,2103,0
"[0.47058823529411764, -0.47058823529411764, 0.18181818181818182, 0.14, 0.18000000000000002, 0.0, 0.0, 0.0, 1.0, 0.759069863248445, 1.0, 0.0, 0.0, 0.0, 0.0, 0.0, 0.0, 0.0]",18323,37953,N3,dismiss,-0.3,ts,840,0
"[0.6031746031746031, -0.6031746031746031, -0.42857142857142855, -0.34140969162995594, -0.18181818181818182, 0.0, 0.0, 0.0, 1.0, 0.6945769131213755, 1.0, 0.0, 0.0, 0.0, 0.0, 0.0, 0.0, 0.0]",169062,104684,N3,dismiss,-0.3,ts,1050,1
"[0.5636363636363637, -0.5636363636363637, 0.12999999999999995, 1.0, 1.0, 0.0, 0.0, 0.0, 1.0, 0.5887271993139739, 1.0, 0.0, 0.0, 0.0, 0.0, 0.0, 0.0, 0.0]",142264,108828,N3,dismiss,-0.3,ts,1100,1
"[0.7066666666666667, -0.7066666666666667, -0.08883826879271067, 1.0, -0.25, 0.0, 0.0, 0.0, 1.0, 0.7175078175163225, 1.0, 0.0, 0.0, 0.0, 0.0, 0.0, 0.0, 0.0]",128254,169349,N3,accept,0.7946666666666666,ts,434,0
"[0.5, -0.5, -0.26666666666666666, 0.18, 0.33999999999999997, 0.0, 0.0, 0.0, 1.0, 0.7067604797643213, 1.0, 0.0, 0.0, 0.0, 0.0, 0.0, 0.0, 0.0]",50997,51572,N3,dismiss,-0.3,ts,1979,1
"[0.7794117647058824, -0.7794117647058824, 0.2053511705685619, 0.6415094339622641, 0.14285714285714285, 0.0, 0.0, 0.0, 1.0, 0.7429356121561764, 1.0, 0.0, 0.0, 0.0, 0.0, 0.0, 0.0, 0.0]",121068,155692,N3,dismiss,-0.3,ts,2691,1
"[0.46428571428571425, -0.46428571428571425, 0.15714899098325463, -0.05, -0.17272727272727276, 0.0, 0.0, 0.0, 1.0, 0.7884946537760977, 1.0, 0.0, 0.0, 0.0, 0.0, 0.0, 0.0, 0.0]",141736,63943,N3,dismiss,-0.3,ts,2896,0
"[0.20000000000000007, -0.20000000000000007, -0.47011952191235057, -0.04735376044568245, -0.12, 0.0, 0.0, 0.0, 1.0, 0.6553750680351249, 1.0, 0.0, 0.0, 0.0, 0.0, 0.0, 0.0, 0.0]",30202,107170,N3,dismiss,-0.3,ts,593,1
"[0.14, -0.14, -0.323238566131026, 0.0, 0.0, 0.0, 0.0, 0.0, 1.0, 0.7065192485809642, 1.0, 0.0, 0.0, 0.0, 0.0, 0.0, 0.0, 0.0]",74215,69993,N3,dismiss,-0.3,ts,611,0
"[0.7428571428571429, -0.7428571428571429, 0.11799999999999997, -0.4462809917355372, -0.6967213114754098, 0.0, 0.0, 0.0, 1.0, 0.7080228091104681, 1.0, 0.0, 0.0, 0.0, 0.0, 0.0, 0.0, 0.0]",81542,54927,N3,accept,0.8200000000000001,ts,2503,0
"[0.24999999999999997, -0.24999999999999997, 0.1, 0.0, 0.0, 0.0, 0.0, 0.0, 1.0, 0.8033355002032929, 1.0, 0.0, 0.0, 0.0, 0.0, 0.0, 0.0, 0.0]",51138,18239,N3,dismiss,-0.3,ts,2031,0
"[0.39999999999999997, -0.39999999999999997, 0.1097533881359699, 0.48717948717948717, -0.08695652173913043, 0.0, 0.0, 0.0, 1.0, 0.72751596380738, 1.0, 0.0, 0.0, 0.0, 0.0, 0.0, 0.0, 0.0]",120796,47180,N3,dismiss,-0.3,ts,1947,1
"[0.8944444444444444, -0.8944444444444444, 0.0, -0.02, 0.0, 0.0, 0.0, 0.0, 1.0, 0.962136410518863, 1.0, 0.0, 0.0, 0.0, 0.0, 0.0, 0.0, 0.0]",89731,83441,N3,dismiss,-0.3,ts,1267,0
"[0.20000000000000007, -0.20000000000000007, -0.2745454545454545, -0.02564102564102564, -0.21428571428571427, 0.0, 0.0, 0.0, 1.0, 0.6785405236319723, 1.0, 0.0, 0.0, 0.0, 0.0, 0.0, 0.0, 0.0]",151838,107170,N3,dismiss,-0.3,ts,2301,1
"[0.5, -0.5, -0.2748368382886149, 0.0, 0.0, 0.0, 0.0, 0.0, 1.0, 0.8242148607647296, 1.0, 0.0, 0.0, 0.0, 0.0, 0.0, 0.0, 0.0]",141750,93863,N3,dismiss,-0.3,ts,1110,1
"[0.5454545454545455, -0.5454545454545455, -0.01848519548503194, 0.0, 0.0, 0.0, 0.0, 0.0, 1.0, 0.9112606985062438, 1.0, 0.0, 0.0, 0.0, 0.0, 0.0, 0.0, 0.0]",54334,189219,N3,dismiss,-0.3,ts,1712,0
"[0.34, -0.34, -0.14545454545454548, -0.5565217391304348, -0.33999999999999997, 0.0, 0.0, 0.0, 1.0, 0.6422791980497113, 1.0, 0.0, 0.0, 0.0, 0.0, 0.0, 0.0, 0.0]",19594,120700,N3,accept,0.538,ts,1649,1
"[0.5, -0.5, -0.35778175313059035, -0.4148936170212766, 0.08000000000000007, 0.0, 0.0, 0.0, 1.0, 0.6998134226636865, 1.0, 0.0, 0.0, 0.0, 0.0, 0.0, 0.0, 0.0]",19596,84107,N3,dismiss,-0.3,ts,1650,1
"[0.8866666666666667, -0.8866666666666667, 0.0, -0.6210526315789474, -0.36, 0.0, 0.0, 0.0, 1.0, 0.7836415160089223, 1.0, 0.0, 0.0, 0.0, 0.0, 0.0, 0.0, 0.0]",122720,189308,N3,dismiss,-0.3,ts,2271,0
"[0.22164948453608244, -0.22164948453608244, -0.2631578947368421, -0.0641399416909621, -0.07692307692307693, 0.0, 0.0, 0.0, 1.0, 0.7088927203903614, 1.0, 0.0, 0.0, 0.0, 0.0, 0.0, 0.0, 0.0]",104962,103704,N3,accept,0.45515463917525767,ts,1672,1
"[0.02500000000000002, -0.02500000000000002, -0.1863303498779495, -0.16, -0.12000000000000002, 0.0, 0.0, 0.0, 1.0, 0.6240669300145485, 1.0, 0.0, 0.0, 0.0, 0.0, 0.0, 0.0, 0.0]",130425,62540,N3,dismiss,-0.3,ts,1858,1
"[0.6699999999999999, -0.6699999999999999, -0.2391304347826087, -0.4504792332268371, 1.0, 0.0, 0.0, 0.0, 1.0, 0.6381333799777587, 1.0, 0.0, 0.0, 0.0, 0.0, 0.0, 0.0, 0.0]",128295,169335,N3,dismiss,-0.3,ts,1029,1
"[0.22602739726027393, -0.22602739726027393, -0.1261711430356028, 0.0, 0.125, 0.0, 0.0, 0.0, 1.0, 0.7538711302491253, 1.0, 0.0, 0.0, 0.0, 0.0, 0.0, 0.0, 0.0]",43388,146721,N3,dismiss,-0.3,ts,1519,1
"[0.7058823529411764, -0.7058823529411764, 0.2053511705685619, 0.29850746268656714, 0.14285714285714285, 0.0, 0.0, 0.0, 1.0, 0.7742295963878625, 1.0, 0.0, 0.0, 0.0, 0.0, 0.0, 0.0, 0.0]",121055,155692,N3,accept,0.7941176470588234,ts,2633,1
"[0.12499999999999988, -0.12499999999999988, -0.06666666666666667, 0.4132231404958678, 0.0, 0.0, 0.0, 0.0, 1.0, 0.6870082097314609, 1.0, 0.0, 0.0, 0.0, 0.0, 0.0, 0.0, 0.0]",63222,114737,N3,dismiss,-0.3,ts,2762,0
"[0.19999999999999993, -0.19999999999999993, -0.64, 0.0, 0.0, 0.0, 0.0, 0.0, 1.0, 0.6784356132035365, 1.0, 0.0, 0.0, 0.0, 0.0, 0.0, 0.0, 0.0]",77920,62598,N3,dismiss,-0.3,ts,1892,1
"[0.14, -0.14, -0.39014202172096907, 0.0, 0.0, 0.0, 0.0, 0.0, 1.0, 0.6933967894472572, 1.0, 0.0, 0.0, 0.0, 0.0, 0.0, 0.0, 0.0]",72623,69993,N3,dismiss,-0.3,ts,2880,1
"[0.8285714285714286, -0.8285714285714286, -0.3003754693366709, -0.3020833333333333, -0.6636363636363636, 0.0, 0.0, 0.0, 1.0, 0.693006442450227, 1.0, 0.0, 0.0, 0.0, 0.0, 0.0, 0.0, 0.0]",139805,54927,N3,accept,0.8799999999999999,ts,1918,1
"[0.6785714285714286, -0.6785714285714286, -0.06094182825484772, 0.10465116279069768, -0.20689655172413793, 0.0, 0.0, 0.0, 1.0, 0.8401414992281117, 1.0, 0.0, 0.0, 0.0, 0.0, 0.0, 0.0, 0.0]",123439,89765,N3,accept,0.7749999999999999,ts,2768,0
"[0.8214285714285714, -0.8214285714285714, -0.012517385257301885, 0.022900763358778626, 0.06666666666666667, 0.0, 0.0, 0.0, 1.0, 0.9304158681241259, 1.0, 0.0, 0.0, 0.0, 0.0, 0.0, 0.0, 0.0]",110096,170956,N3,accept,0.875,ts,2399,1
"[0.2, -0.2, -0.08949011446409984, 1.0, -0.22000000000000003, 0.0, 0.0, 0.0, 1.0, 0.5882796200363843, 1.0, 0.0, 0.0, 0.0, 0.0, 0.0, 0.0, 0.0]",191662,85164,N3,dismiss,-0.3,ts,1608,0
"[0.10999999999999997, -0.10999999999999997, -0.3, -0.48333333333333334, -0.58, 0.0, 0.0, 0.0, 1.0, 0.504717256260503, 1.0, 0.0, 0.0, 0.0, 0.0, 0.0, 0.0, 0.0]",18598,79360,N3,accept,0.37699999999999995,ts,487,1
"[0.2222222222222223, -0.2222222222222223, -0.4674457429048414, -0.007142857142857143, -0.015999999999999945, 0.0, 0.0, 0.0, 1.0, 0.7020522418437177, 1.0, 0.0, 0.0, 0.0, 0.0, 0.0, 0.0, 0.0]",19869,113424,N3,dismiss,-0.3,ts,2903,1
"[0.75, -0.75, 0.0, 0.0, 0.0, 0.0, 0.0, 0.0, 1.0, 0.9523252675504453, 1.0, 0.0, 0.0, 0.0, 0.0, 0.0, 0.0, 0.0]",129174,93843,N3,dismiss,-0.3,ts,2338,0
"[0.2941176470588236, -0.2941176470588236, 0.0, 1.0, 0.48, 0.0, 0.0, 0.0, 1.0, 0.6188615559348754, 1.0, 0.0, 0.0, 0.0, 0.0, 0.0, 0.0, 0.0]",51575,50956,N3,dismiss,-0.3,ts,528,0
"[0.24999999999999992, -0.24999999999999992, 0.19068162208800685, -0.27325581395348836, 0.0, 0.0, 0.0, 0.0, 1.0, 0.7130201955158844, 1.0, 0.0, 0.0, 0.0, 0.0, 0.0, 0.0, 0.0]",73628,71136,N3,dismiss,-0.3,ts,2638,0
"[0.3636363636363637, -0.3636363636363637, 0.0, 0.016713091922005572, 0.15384615384615385, 0.0, 0.0, 0.0, 1.0, 0.8296166021577667, 1.0, 0.0, 0.0, 0.0, 0.0, 0.0, 0.0, 0.0]",123140,123174,N3,dismiss,-0.3,ts,2772,0
"[0.5535714285714286, -0.5535714285714286, 0.15414258188824664, 0.0, 0.0, 0.0, 0.0, 0.0, 1.0, 0.8671080873886962, 1.0, 0.0, 0.0, 0.0, 0.0, 0.0, 0.0, 0.0]",16734,16729,N3,dismiss,-0.3,ts,2643,1
"[0.7, -0.7, -0.1279813845258872, 0.41284403669724773, -0.45882352941176474, 0.0, 0.0, 0.0, 1.0, 0.7258944569740007, 1.0, 0.0, 0.0, 0.0, 0.0, 0.0, 0.0, 0.0]",81396,115951,N3,dismiss,-0.3,ts,1346,1
"[0.2, -0.2, -0.861516452074392, 0.0, 0.0, 0.0, 0.0, 0.0, 1.0, 0.6585329291503521, 1.0, 0.0, 0.0, 0.0, 0.0, 0.0, 0.0, 0.0]",16689,110501,N3,dismiss,-0.3,ts,2503,1
"[0.5636363636363637, -0.5636363636363637, 0.21071428571428566, -0.022535211267605635, 1.0, 0.0, 0.0, 0.0, 1.0, 0.7170834252613659, 1.0, 0.0, 0.0, 0.0, 0.0, 0.0, 0.0, 0.0]",123018,108828,N3,dismiss,-0.3,ts,1832,0
"[0.3382352941176471, -0.3382352941176471, -0.3671817512877116, 0.026239067055393587, 0.1641791044776119, 0.0, 0.0, 0.0, 1.0, 0.7132792099227282, 1.0, 0.0, 0.0, 0.0, 0.0, 0.0, 0.0, 0.0]",185707,105899,N3,dismiss,-0.3,ts,1113,0
"[0.4545454545454546, -0.4545454545454546, -0.29375, -0.0028735632183908046, 0.8333333333333334, 0.0, 0.0, 0.0, 1.0, 0.6867897445125909, 1.0, 0.0, 0.0, 0.0, 0.0, 0.0, 0.0, 0.0]",32065,108828,N3,dismiss,-0.3,ts,516,0
"[0.5636363636363637, -0.5636363636363637, -0.10601265822784818, -0.030726256983240222, 0.5714285714285714, 0.0, 0.0, 0.0, 1.0, 0.7728563055873505, 1.0, 0.0, 0.0, 0.0, 0.0, 0.0, 0.0, 0.0]",111011,108828,N3,dismiss,-0.3,ts,440,1
"[0.4, -0.28, -0.29684601113172543, 0.0, 0.0, 0.0, 0.0, 0.0, 1.0, 0.759689501888925, 1.0, 0.0, 0.0, 0.0, 0.0, 0.0, 0.0, 0.0]",63873,42569,N3,dismiss,-0.3,ts,1345,0
"[0.20000000000000004, -0.20000000000000004, 0.13333333333333333, -0.75, -0.44000000000000006, 0.0, 0.0, 0.0, 1.0, 0.5717007815603291, 1.0, 0.0, 0.0, 0.0, 0.0, 0.0, 0.0, 0.0]",133969,18334,N3,dismiss,-0.3,ts,1103,1
"[0.09090909090909098, -0.09090909090909098, -0.3849114703618168, 0.0, 0.0, 0.0, 0.0, 0.0, 1.0, 0.6765001730348132, 1.0, 0.0, 0.0, 0.0, 0.0, 0.0, 0.0, 0.0]",43671,43690,N3,dismiss,-0.3,ts,1216,0
"[0.25, -0.25, -0.24812030075187969, 0.005813953488372093, 0.041666666666666664, 0.0, 0.0, 0.0, 1.0, 0.7476249554836153, 1.0, 0.0, 0.0, 0.0, 0.0, 0.0, 0.0, 0.0]",174772,117045,N3,dismiss,-0.3,ts,2511,0
"[0.1111111111111112, -0.1111111111111112, -0.09008189262966337, 0.15579710144927536, 0.4, 0.0, 0.0, 0.0, 1.0, 0.6355529250549651, 1.0, 0.0, 0.0, 0.0, 0.0, 0.0, 0.0, 0.0]",64516,63925,N3,dismiss,-0.3,ts,656,0
"[0.13953488372093023, -0.13953488372093023, 0.2, -0.11262798634812286, 0.021276595744680774, 0.0, 0.0, 0.0, 1.0, 0.699136362980252, 1.0, 0.0, 0.0, 0.0, 0.0, 0.0, 0.0, 0.0]",33338,91969,N3,dismiss,-0.3,ts,2136,1
"[0.1666666666666667, -0.1666666666666667, -0.52, -0.9, -0.8363636363636363, 0.0, 0.0, 0.0, 1.0, 0.43487558982697444, 1.0, 0.0, 0.0, 0.0, 0.0, 0.0, 0.0, 0.0]",41388,61090,N3,accept,0.4166666666666667,ts,1278,1
"[0.2222222222222223, -0.2222222222222223, 0.11131725417439703, 0.08529411764705883, 0.10400000000000005, 0.0, 0.0, 0.0, 1.0, 0.7387660108640149, 1.0, 0.0, 0.0, 0.0, 0.0, 0.0, 0.0, 0.0]",123848,76847,N3,dismiss,-0.3,ts,1431,0
"[0.8714285714285714, -0.8714285714285714, -0.34034034034034033, -0.14285714285714285, 0.7222222222222222, 0.0, 0.0, 0.0, 1.0, 0.7152452814798028, 1.0, 0.0, 0.0, 0.0, 0.0, 0.0, 0.0, 0.0]",155975,170138,N3,dismiss,-0.3,ts,2591,1
"[0.75, -0.75, -0.2554780876494024, -0.1365079365079365, -0.9807692307692307, 0.0, 0.0, 0.0, 1.0, 0.7075679907624713, 1.0, 0.0, 0.0, 0.0, 0.0, 0.0, 0.0, 0.0]",170958,134921,N3,dismiss,-0.3,ts,496,1
"[0.1111111111111111, -0.1111111111111111, 0.14492753623188406, -0.6622807017543859, 0.125, 0.0, 0.0, 0.0, 1.0, 0.5976675593139278, 1.0, 0.0, 0.0, 0.0, 0.0, 0.0, 0.0, 0.0]",87177,183583,N3,dismiss,-0.3,ts,1544,0
"[0.20000000000000007, -0.20000000000000007, -0.0719734660033167, -0.016713091922005572, 0.15384615384615385, 0.0, 0.0, 0.0, 1.0, 0.7513550599637473, 1.0, 0.0, 0.0, 0.0, 0.0, 0.0, 0.0, 0.0]",43372,88669,N3,accept,0.44000000000000006,ts,666,1
"[0.8482142857142858, -0.8482142857142858, -0.42857142857142855, 0.0, 0.0, 0.0, 0.0, 0.0, 1.0, 0.8484809649435068, 1.0, 0.0, 0.0, 0.0, 0.0, 0.0, 0.0, 0.0]",164512,75387,N3,dismiss,-0.3,ts,1953,1
"[0.2432432432432433, -0.2432432432432433, 0.20876826722338204, -0.05956112852664577, -0.21428571428571427, 0.0, 0.0, 0.0, 1.0, 0.6999772145110154, 1.0, 0.0, 0.0, 0.0, 0.0, 0.0, 0.0, 0.0]",63924,16725,N3,dismiss,-0.3,ts,2112,0
"[0.7999999999999999, -0.7999999999999999, -0.24200000000000002, -0.11666666666666667, -0.18181818181818182, 0.0, 0.0, 0.0, 1.0, 0.8047313163458458, 1.0, 0.0, 0.0, 0.0, 0.0, 0.0, 0.0, 0.0]",69947,48992,N3,dismiss,-0.3,ts,1297,1
"[0.5, -0.5, 0.058823529411764705, 0.0, 0.0, 0.0, 0.0, 0.0, 1.0, 0.886589191177377, 1.0, 0.0, 0.0, 0.0, 0.0, 0.0, 0.0, 0.0]",18435,38176,N3,dismiss,-0.3,ts,2415,1
"[0.5, -0.5, -0.004522158577027391, 0.7763713080168776, 0.12, 0.0, 0.0, 0.0, 1.0, 0.7567307076871725, 1.0, 0.0, 0.0, 0.0, 0.0, 0.0, 0.0, 0.0]",117335,61314,N3,dismiss,-0.3,ts,2907,1
"[0.20000000000000004, -0.20000000000000004, -0.1501877346683354, 0.0, 0.02500000000000006, 0.0, 0.0, 0.0, 1.0, 0.7636205904617083, 1.0, 0.0, 0.0, 0.0, 0.0, 0.0, 0.0, 0.0]",53366,108507,N3,dismiss,-0.3,ts,1124,0
"[0.09090909090909098, -0.09090909090909098, -0.4429561200923788, 0.0, 0.0, 0.0, 0.0, 0.0, 1.0, 0.6663487318691406, 1.0, 0.0, 0.0, 0.0, 0.0, 0.0, 0.0, 0.0]",43671,113685,N3,accept,0.36363636363636365,ts,2607,1
"[0.09090909090909098, -0.09090909090909098, -0.4, 0.008746355685131196, 0.13636363636363635, 0.0, 0.0, 0.0, 1.0, 0.6353409222790694, 1.0, 0.0, 0.0, 0.0, 0.0, 0.0, 0.0, 0.0]",162866,117053,N3,dismiss,-0.3,ts,2420,1
"[0.4000000000000001, -0.4000000000000001, 0.0, 0.0, 0.0, 0.0, 0.0, 0.0, 1.0, 0.8842623917495089, 1.0, 0.0, 0.0, 0.0, 0.0, 0.0, 0.0, 0.0]",60782,60788,N3,dismiss,-0.3,ts,2143,0
"[0.4545454545454546, -0.4545454545454546, -0.6264009962640099, -0.025139664804469275, 1.0, 0.0, 0.0, 0.0, 1.0, 0.6003158088348971, 1.0, 0.0, 0.0, 0.0, 0.0, 0.0, 0.0, 0.0]",93935,107563,N3,dismiss,-0.3,ts,472,1
"[0.16326530612244894, -0.16326530612244894, 0.0, -0.02601156069364162, -0.4117647058823529, 0.0, 0.0, 0.0, 1.0, 0.7182572044369081, 1.0, 0.0, 0.0, 0.0, 0.0, 0.0, 0.0, 0.0]",63901,63915,N3,dismiss,-0.3,ts,1023,0
"[0.294478527607362, -0.294478527607362, 0.22798887859128833, -0.025, -0.11392405063291143, 0.0, 0.0, 0.0, 1.0, 0.7426536066065215, 1.0, 0.0, 0.0, 0.0, 0.0, 0.0, 0.0, 0.0]",15663,39517,N3,dismiss,-0.3,ts,2984,0
"[0.1666666666666667, -0.1666666666666667, -0.14285714285714285, -0.5081967213114754, 0.06000000000000001, 0.0, 0.0, 0.0, 1.0, 0.6488478589003487, 1.0, 0.0, 0.0, 0.0, 0.0, 0.0, 0.0, 0.0]",118798,61090,N3,dismiss,-0.3,ts,1328,1
"[0.1666666666666667, -0.1666666666666667, -0.7180327868852459, 0.005714285714285714, 0.03999999999999997, 0.0, 0.0, 0.0, 1.0, 0.6455649444844354, 1.0, 0.0, 0.0, 0.0, 0.0, 0.0, 0.0, 0.0]",15687,105899,N3,dismiss,-0.3,ts,2497,1
"[0.2857142857142857, -0.2857142857142857, 0.2, 0.0, 0.0, 0.0, 0.0, 0.0, 1.0, 0.7850956941465927, 1.0, 0.0, 0.0, 0.0, 0.0, 0.0, 0.0, 0.0]",29449,61090,N3,dismiss,-0.3,ts,2760,1
"[0.5636363636363636, -0.5636363636363636, 0.0, -0.024734982332155476, 0.0, 0.0, 0.0, 0.0, 1.0, 0.9149318998851651, 1.0, 0.0, 0.0, 0.0, 0.0, 0.0, 0.0, 0.0]",48999,48997,N3,dismiss,-0.3,ts,671,0
"[0.13793103448275862, -0.13793103448275862, -0.6330275229357798, -0.9132947976878613, -0.8941176470588235, 0.0, 0.0, 0.0, 1.0, 0.4066193539943744, 1.0, 0.0, 0.0, 0.0, 0.0, 0.0, 0.0, 0.0]",64502,51022,N3,dismiss,-0.3,ts,1321,0
"[0.25, -0.25, 0.0, 0.0, 0.0, 0.0, 0.0, 0.0, 1.0, 0.8395893495876965, 1.0, 0.0, 0.0, 0.0, 0.0, 0.0, 0.0, 0.0]",116939,117045,N3,dismiss,-0.3,ts,1524,0
"[0.20000000000000007, -0.20000000000000007, 0.19142857142857142, -0.04788732394366197, 0.09090909090909091, 0.0, 0.0, 0.0, 1.0, 0.7205734669549364, 1.0, 0.0, 0.0, 0.0, 0.0, 0.0, 0.0, 0.0]",123005,108746,N3,dismiss,-0.3,ts,2119,1
"[0.7576530612244898, -0.7576530612244898, -0.04534606205250594, -0.6666666666666666, -0.33999999999999997, 0.0, 0.0, 0.0, 1.0, 0.7514982057090797, 1.0, 0.0, 0.0, 0.0, 0.0, 0.0, 0.0, 0.0]",33277,174927,N3,accept,0.8303571428571428,ts,2023,0
"[0.24999999999999994, -0.24999999999999994, -0.5759117896522477, -0.1375, 0.0, 0.0, 0.0, 0.0, 1.0, 0.6667371447270449, 1.0, 0.0, 0.0, 0.0, 0.0, 0.0, 0.0, 0.0]",85441,151793,N3,accept,0.475,ts,1837,0
"[0.7352941176470589, -0.7352941176470589, 0.0009074410163339726, 0.036303630363036306, 0.0, 0.0, 0.0, 0.0, 1.0, 0.9395205045608058, 1.0, 0.0, 0.0, 0.0, 0.0, 0.0, 0.0, 0.0]",65211,104690,N3,dismiss,-0.3,ts,2576,1
"[0.8944444444444444, -0.8944444444444444, 0.0, -0.02, 0.0, 0.0, 0.0, 0.0, 1.0, 0.962136410518863, 1.0, 0.0, 0.0, 0.0, 0.0, 0.0, 0.0, 0.0]",89731,83441,N3,accept,0.9261111111111111,ts,687,0
"[0.2045454545454546, -0.2045454545454546, -0.24931506849315063, -0.019553072625698324, 1.0, 0.0, 0.0, 0.0, 1.0, 0.605028229497204, 1.0, 0.0, 0.0, 0.0, 0.0, 0.0, 0.0, 0.0]",93936,74278,N3,dismiss,-0.3,ts,2563,1
"[0.5, -0.5, 0.03799999999999997, 0.0, 0.0, 0.0, 0.0, 0.0, 1.0, 0.8941504794086983, 1.0, 0.0, 0.0, 0.0, 0.0, 0.0, 0.0, 0.0]",69946,16718,N3,dismiss,-0.3,ts,2976,1
"[0.625, -0.625, -0.2317548746518106, 0.016722408026755852, -0.07692307692307693, 0.0, 0.0, 0.0, 1.0, 0.8330090859287487, 1.0, 0.0, 0.0, 0.0, 0.0, 0.0, 0.0, 0.0]",174765,141757,N3,dismiss,-0.3,ts,1993,0
"[0.14, -0.14, -0.12400000000000005, 0.05263157894736842, -0.1, 0.0, 0.0, 0.0, 1.0, 0.7156363704875062, 1.0, 0.0, 0.0, 0.0, 0.0, 0.0, 0.0, 0.0]",174942,69993,N3,dismiss,-0.3,ts,1316,0
"[0.3636363636363637, -0.3636363636363637, 0.10804174340085952, -0.08021390374331551, 0.8125, 0.0, 0.0, 0.0, 1.0, 0.6927136909281788, 1.0, 0.0, 0.0, 0.0, 0.0, 0.0, 0.0, 0.0]",162740,123439,N3,dismiss,-0.3,ts,1201,1
"[0.08333333333333322, -0.08333333333333322, 0.0, 0.0, 0.0, 0.0, 0.0, 0.0, 1.0, 0.7810882504428991, 1.0, 0.0, 0.0, 0.0, 0.0, 0.0, 0.0, 0.0]",174745,93864,N3,dismiss,-0.3,ts,2409,0
"[0.8730158730158731, -0.8730158730158731, 0.14184397163120568, 0.38222222222222224, -0.02941176470588238, 0.0, 0.0, 0.0, 1.0, 0.8279088857079205, 1.0, 0.0, 0.0, 0.0, 0.0, 0.0, 0.0, 0.0]",48746,91068,N3,accept,0.9111111111111112,ts,2774,1
"[0.3958333333333333, -0.3958333333333333, -0.309153713298791, -0.02158273381294964, 0.0, 0.0, 0.0, 0.0, 1.0, 0.7845809003273395, 1.0, 0.0, 0.0, 0.0, 0.0, 0.0, 0.0, 0.0]",108461,40258,N3,dismiss,-0.3,ts,2515,1
"[0.25000000000000006, -0.25000000000000006, 0.1111111111111111, 0.0, 0.0, 0.0, 0.0, 0.0, 1.0, 0.7997368301710582, 1.0, 0.0, 0.0, 0.0, 0.0, 0.0, 0.0, 0.0]",62598,18364,N3,accept,0.475,ts,1206,1
"[0.5, -0.5, 0.0, -0.45507246376811594, -0.09999999999999995, 0.0, 0.0, 0.0, 1.0, 0.7919667347710206, 1.0, 0.0, 0.0, 0.0, 0.0, 0.0, 0.0, 0.0]",19594,19599,N3,accept,0.6499999999999999,ts,2926,1
"[0.75, -0.75, -0.42588325652841785, -0.32338308457711445, -0.98, 0.0, 0.0, 0.0, 1.0, 0.6373466511356165, 1.0, 0.0, 0.0, 0.0, 0.0, 0.0, 0.0, 0.0]",116359,134921,N3,dismiss,-0.3,ts,2299,1
"[0.3783783783783783, -0.3783783783783783, -0.6460176991150443, 0.14714714714714713, -0.20833333333333334, 0.0, 0.0, 0.0, 1.0, 0.6439795492580085, 1.0, 0.0, 0.0, 0.0, 0.0, 0.0, 0.0, 0.0]",20071,103705,N3,accept,0.5648648648648648,ts,1375,1
"[0.9075630252100839, -0.9075630252100839, -0.23143189755529694, -0.028469750889679714, 0.6428571428571429, 0.0, 0.0, 0.0, 1.0, 0.7782374490108421, 1.0, 0.0, 0.0, 0.0, 0.0, 0.0, 0.0, 0.0]",84577,86743,N3,accept,0.9352941176470586,ts,2313,1
"[0.19512195121951212, -0.19512195121951212, 0.1573604060913707, 0.27450980392156865, 0.16666666666666666, 0.0, 0.0, 0.0, 1.0, 0.6612561616586466, 1.0, 0.0, 0.0, 0.0, 0.0, 0.0, 0.0, 0.0]",141752,90175,N3,dismiss,-0.3,ts,2543,0
"[0.6173469387755102, -0.6173469387755102, 0.12640801001251561, 0.019943019943019943, 0.6666666666666666, 0.0, 0.0, 0.0, 1.0, 0.7711798312726024, 1.0, 0.0, 0.0, 0.0, 0.0, 0.0, 0.0, 0.0]",105910,151849,N3,dismiss,-0.3,ts,2664,0
"[0.65, -0.65, -0.2793946449359721, -0.02857142857142857, -0.015999999999999945, 0.0, 0.0, 0.0, 1.0, 0.8390483890196441, 1.0, 0.0, 0.0, 0.0, 0.0, 0.0, 0.0, 0.0]",19856,39280,N3,dismiss,-0.3,ts,2481,1
"[0.17010309278350508, -0.17010309278350508, -0.2631578947368421, 0.11370262390670553, -0.2692307692307692, 0.0, 0.0, 0.0, 1.0, 0.6376314959661844, 1.0, 0.0, 0.0, 0.0, 0.0, 0.0, 0.0, 0.0]",104962,103705,N3,accept,0.41907216494845356,ts,2947,0
"[0.6136363636363636, -0.6136363636363636, -0.5305164319248826, -0.5625, -0.6166666666666667, 0.0, 0.0, 0.0, 1.0, 0.5931435787165132, 1.0, 0.0, 0.0, 0.0, 0.0, 0.0, 0.0, 0.0]",74281,142262,N3,dismiss,-0.3,ts,1012,1
"[0.5215311004784688, -0.5215311004784688, -0.19849999999999995, -0.8859934853420195, -0.27999999999999997, 0.0, 0.0, 0.0, 1.0, 0.6591531334939468, 1.0, 0.0, 0.0, 0.0, 0.0, 0.0, 0.0, 0.0]",69980,115984,N3,dismiss,-0.3,ts,1951,1
"[0.5636363636363637, -0.5636363636363637, 0.22448979591836735, -0.016901408450704224, 0.8181818181818182, 0.0, 0.0, 0.0, 1.0, 0.724044986814595, 1.0, 0.0, 0.0, 0.0, 0.0, 0.0, 0.0, 0.0]",123023,107563,N3,dismiss,-0.3,ts,1726,0
"[0.375, -0.375, -0.19485714285714287, -0.7743732590529248, 0.5399999999999999, 0.0, 0.0, 0.0, 1.0, 0.5957240201168404, 1.0, 0.0, 0.0, 0.0, 0.0, 0.0, 0.0, 0.0]",85164,154734,N3,dismiss,-0.3,ts,2904,0
"[0.19999999999999993, -0.19999999999999993, 0.06666666666666667, 0.02, -0.16, 0.0, 0.0, 0.0, 1.0, 0.7509035883553894, 1.0, 0.0, 0.0, 0.0, 0.0, 0.0, 0.0, 0.0]",71728,40998,N3,dismiss,-0.3,ts,1396,0
"[0.30000000000000004, -0.30000000000000004, -0.3508771929824562, -0.08, 0.059999999999999984, 0.0, 0.0, 0.0, 1.0, 0.7154773582189826, 1.0, 0.0, 0.0, 0.0, 0.0, 0.0, 0.0, 0.0]",110598,141822,N3,dismiss,-0.3,ts,843,0
"[0.25, -0.25, -0.316628701594533, -0.011428571428571429, 0.13636363636363635, 0.0, 0.0, 0.0, 1.0, 0.7065666744509789, 1.0, 0.0, 0.0, 0.0, 0.0, 0.0, 0.0, 0.0]",117111,117045,N3,accept,0.475,ts,2166,0
"[0.16666666666666666, -0.16666666666666666, -0.25, 1.0, -0.10614525139664797, 0.0, 0.0, 0.0, 1.0, 0.5568152427176047, 1.0, 0.0, 0.0, 0.0, 0.0, 0.0, 0.0, 0.0]",165914,118876,N3,dismiss,-0.3,ts,858,1
"[0.3, -0.3, -0.602897102897103, 0.0, 0.6200000000000001, 0.0, 0.0, 0.0, 1.0, 0.608773199379965, 1.0, 0.0, 0.0, 0.0, 0.0, 0.0, 0.0, 0.0]",117054,105872,N3,dismiss,-0.3,ts,2525,1
"[0.20000000000000007, -0.20000000000000007, 0.17909090909090916, -0.10160427807486631, 0.36363636363636365, 0.0, 0.0, 0.0, 1.0, 0.6575173146638584, 1.0, 0.0, 0.0, 0.0, 0.0, 0.0, 0.0, 0.0]",89763,107458,N3,dismiss,-0.3,ts,661,0
"[0.3333333333333333, -0.3333333333333333, 0.11098779134295228, -0.07126436781609195, 0.25, 0.0, 0.0, 0.0, 1.0, 0.7467702677471373, 1.0, 0.0, 0.0, 0.0, 0.0, 0.0, 0.0, 0.0]",155692,170191,N3,dismiss,-0.3,ts,1939,0
"[0.19999999999999996, -0.19999999999999996, -0.18088012139605475, -0.01662049861495845, 0.5942028985507245, 0.0, 0.0, 0.0, 1.0, 0.6529198266549806, 1.0, 0.0, 0.0, 0.0, 0.0, 0.0, 0.0, 0.0]",16971,110893,N3,dismiss,-0.3,ts,995,0
"[0.23809523809523817, -0.23809523809523817, -0.10962715637173061, 0.806060606060606, 0.3076923076923077, 0.0, 0.0, 0.0, 1.0, 0.6072817749644154, 1.0, 0.0, 0.0, 0.0, 0.0, 0.0, 0.0, 0.0]",179649,104963,N3,accept,0.4666666666666667,ts,2600,1
"[0.4444444444444445, -0.4444444444444445, -0.04221635883905017, -0.58, -0.7, 0.0, 0.0, 0.0, 1.0, 0.6635149056613419, 1.0, 0.0, 0.0, 0.0, 0.0, 0.0, 0.0, 0.0]",145573,132873,N3,dismiss,-0.3,ts,2587,1
"[0.294478527607362, -0.294478527607362, 0.22798887859128833, -0.025, -0.11392405063291143, 0.0, 0.0, 0.0, 1.0, 0.7426536066065215, 1.0, 0.0, 0.0, 0.0, 0.0, 0.0, 0.0, 0.0]",15663,39517,N3,dismiss,-0.3,ts,1140,0
"[0.9485714285714285, -0.9485714285714285, 0.2222222222222222, 1.0, 0.44000000000000006, 0.0, 0.0, 0.0, 1.0, 0.6671004355547396, 1.0, 0.0, 0.0, 0.0, 0.0, 0.0, 0.0, 0.0]",18359,50956,N3,dismiss,-0.3,ts,1892,1
"[0.8835294117647059, -0.8835294117647059, -0.28114285714285714, 0.033707865168539325, -0.2, 0.0, 0.0, 0.0, 1.0, 0.8217735861101357, 1.0, 0.0, 0.0, 0.0, 0.0, 0.0, 0.0, 0.0]",57653,108025,N3,dismiss,-0.3,ts,2576,1
"[0.1666666666666667, -0.1666666666666667, -0.13333333333333333, -0.04, -0.039999999999999994, 0.0, 0.0, 0.0, 1.0, 0.7413502371898478, 1.0, 0.0, 0.0, 0.0, 0.0, 0.0, 0.0, 0.0]",40383,156539,N3,dismiss,-0.3,ts,566,0
"[0.5599999999999999, -0.5599999999999999, 0.052291801162040054, 0.29454545454545455, -0.2448979591836735, 0.0, 0.0, 0.0, 1.0, 0.7767295963695724, 1.0, 0.0, 0.0, 0.0, 0.0, 0.0, 0.0, 0.0]",185412,87718,N3,dismiss,-0.3,ts,1109,0
"[0.3636363636363637, -0.3636363636363637, 0.0, 0.016713091922005572, 0.25, 0.0, 0.0, 0.0, 1.0, 0.8103249790259089, 1.0, 0.0, 0.0, 0.0, 0.0, 0.0, 0.0, 0.0]",123014,123174,N3,dismiss,-0.3,ts,435,0
"[0.34, -0.34, 0.14848484848484844, -0.5246376811594203, -0.07999999999999999, 0.0, 0.0, 0.0, 1.0, 0.6964498867791362, 1.0, 0.0, 0.0, 0.0, 0.0, 0.0, 0.0, 0.0]",19594,110035,N3,accept,0.538,ts,1779,0
"[0.75, -0.75, 0.0, 0.0, 0.0, 0.0, 0.0, 0.0, 1.0, 0.9523252675504453, 1.0, 0.0, 0.0, 0.0, 0.0, 0.0, 0.0, 0.0]",38239,56398,N3,dismiss,-0.3,ts,2023,0
"[0.09090909090909098, -0.09090909090909098, -0.4, 0.008746355685131196, 0.13636363636363635, 0.0, 0.0, 0.0, 1.0, 0.6353409222790694, 1.0, 0.0, 0.0, 0.0, 0.0, 0.0, 0.0, 0.0]",162866,116939,N3,dismiss,-0.3,ts,2339,1
"[0.36974789915966383, -0.36974789915966383, -0.3775474956822107, 0.6603053435114504, -0.36, 0.0, 0.0, 0.0, 1.0, 0.5830459079235263, 1.0, 0.0, 0.0, 0.0, 0.0, 0.0, 0.0, 0.0]",61358,155692,N3,dismiss,-0.3,ts,2179,1
"[0.8333333333333334, -0.8333333333333334, -0.461, 0.0, 0.0, 0.0, 0.0, 0.0, 1.0, 0.8416154698912451, 1.0, 0.0, 0.0, 0.0, 0.0, 0.0, 0.0, 0.0]",63921,63919,N3,accept,0.8833333333333333,ts,2978,1
"[0.04494382022471914, -0.04494382022471914, -0.2535714285714286, -0.08064516129032258, 0.0, 0.0, 0.0, 0.0, 1.0, 0.6649279362905083, 1.0, 0.0, 0.0, 0.0, 0.0, 0.0, 0.0, 0.0]",79360,18005,N3,dismiss,-0.3,ts,1758,0
"[0.24999999999999994, -0.24999999999999994, -0.21244309559939312, 0.0, 0.0, 0.0, 0.0, 0.0, 1.0, 0.7703581884115928, 1.0, 0.0, 0.0, 0.0, 0.0, 0.0, 0.0, 0.0]",19865,125880,N3,dismiss,-0.3,ts,1059,1
"[0.25000000000000006, -0.25000000000000006, 0.13333333333333333, 0.0, 0.0, 0.0, 0.0, 0.0, 1.0, 0.7927750172606263, 1.0, 0.0, 0.0, 0.0, 0.0, 0.0, 0.0, 0.0]",18330,40189,N3,dismiss,-0.3,ts,1765,0
"[0.25, -0.25, 0.006516290726816993, -0.05970149253731343, 0.0, 0.0, 0.0, 0.0, 1.0, 0.8201172595015521, 1.0, 0.0, 0.0, 0.0, 0.0, 0.0, 0.0, 0.0]",140787,170958,N3,dismiss,-0.3,ts,420,1
"[0.33333333333333337, -0.33333333333333337, -0.5833333333333334, 0.0, 0.0, 0.0, 0.0, 0.0, 1.0, 0.727809934097922, 1.0, 0.0, 0.0, 0.0, 0.0, 0.0, 0.0, 0.0]",112487,38636,N3,dismiss,-0.3,ts,595,0
"[0.16216216216216217, -0.16216216216216217, -0.16666666666666666, 0.08461538461538462, 0.020833333333333447, 0.0, 0.0, 0.0, 1.0, 0.7234709814458078, 1.0, 0.0, 0.0, 0.0, 0.0, 0.0, 0.0, 0.0]",91969,91957,N3,accept,0.4135135135135135,ts,1253,0
"[0.8705882352941177, -0.8705882352941177, -0.42857142857142855, 1.0, -0.42857142857142855, 0.0, 0.0, 0.0, 1.0, 0.6144162966974241, 1.0, 0.0, 0.0, 0.0, 0.0, 0.0, 0.0, 0.0]",104680,169349,N3,dismiss,-0.3,ts,1373,1
"[0.5535714285714286, -0.5535714285714286, 0.03454231433506045, 0.0, 0.0, 0.0, 0.0, 0.0, 1.0, 0.9068164715016619, 1.0, 0.0, 0.0, 0.0, 0.0, 0.0, 0.0, 0.0]",16725,16729,N3,dismiss,-0.3,ts,1586,1
"[0.02500000000000002, -0.02500000000000002, -0.1863303498779495, 0.02, -0.07999999999999999, 0.0, 0.0, 0.0, 1.0, 0.6690903795112921, 1.0, 0.0, 0.0, 0.0, 0.0, 0.0, 0.0, 0.0]",130430,62539,N3,dismiss,-0.3,ts,709,0
"[0.14, -0.14, -0.3363636363636364, 0.0, 0.0, 0.0, 0.0, 0.0, 1.0, 0.7038046069838829, 1.0, 0.0, 0.0, 0.0, 0.0, 0.0, 0.0, 0.0]",72620,69993,N3,dismiss,-0.3,ts,1420,0
"[0.11458333333333333, -0.11458333333333333, 0.0, -0.5561959654178674, -0.7909090909090909, 0.0, 0.0, 0.0, 1.0, 0.5727064609689967, 1.0, 0.0, 0.0, 0.0, 0.0, 0.0, 0.0, 0.0]",107659,142262,N3,dismiss,-0.3,ts,405,0
"[0.20000000000000004, -0.20000000000000004, -0.32, -0.75, -0.44000000000000006, 0.0, 0.0, 0.0, 1.0, 0.5239735986960091, 1.0, 0.0, 0.0, 0.0, 0.0, 0.0, 0.0, 0.0]",69485,18334,N3,dismiss,-0.3,ts,1385,1
"[0.16564417177914098, -0.16564417177914098, -0.3702502316960148, -0.04722222222222222, -0.1518987341772152, 0.0, 0.0, 0.0, 1.0, 0.6534274253056699, 1.0, 0.0, 0.0, 0.0, 0.0, 0.0, 0.0, 0.0]",15663,185707,N3,dismiss,-0.3,ts,1711,1
"[0.8530612244897959, -0.8530612244897959, -0.49268668206312544, 0.4482758620689655, 0.47619047619047616, 0.0, 0.0, 0.0, 1.0, 0.6578232997225838, 1.0, 0.0, 0.0, 0.0, 0.0, 0.0, 0.0, 0.0]",144702,170138,N3,accept,0.897142857142857,ts,1770,1
"[0.3, -0.3, 0.2, 0.0, 0.0, 0.0, 0.0, 0.0, 1.0, 0.7895387605196299, 1.0, 0.0, 0.0, 0.0, 0.0, 0.0, 0.0, 0.0]",133969,50807,N3,dismiss,-0.3,ts,926,0
"[0.047619047619047575, -0.047619047619047575, -0.4578571428571428, -0.3183673469387755, 0.1111111111111111, 0.0, 0.0, 0.0, 1.0, 0.5473361262425684, 1.0, 0.0, 0.0, 0.0, 0.0, 0.0, 0.0, 0.0]",166142,81498,N3,dismiss,-0.3,ts,742,1
"[0.16666666666666666, -0.16666666666666666, -0.1439243027888445, -0.30793650793650795, -0.34615384615384615, 0.0, 0.0, 0.0, 1.0, 0.6172930427449141, 1.0, 0.0, 0.0, 0.0, 0.0, 0.0, 0.0, 0.0]",170958,81396,N3,dismiss,-0.3,ts,2517,1
"[0.4444444444444445, -0.4444444444444445, 0.07079646017699111, -0.703125, -0.58, 0.0, 0.0, 0.0, 1.0, 0.6530726482238095, 1.0, 0.0, 0.0, 0.0, 0.0, 0.0, 0.0, 0.0]",169352,132873,N3,dismiss,-0.3,ts,1873,0
"[0.25, -0.25, -0.05202601300650321, -0.2934472934472934, 0.16666666666666666, 0.0, 0.0, 0.0, 1.0, 0.7107124348057497, 1.0, 0.0, 0.0, 0.0, 0.0, 0.0, 0.0, 0.0]",182867,89593,N3,accept,0.475,ts,1891,1
"[0.3636363636363637, -0.3636363636363637, 0.0, 0.016713091922005572, 0.15384615384615385, 0.0, 0.0, 0.0, 1.0, 0.8296166021577667, 1.0, 0.0, 0.0, 0.0, 0.0, 0.0, 0.0, 0.0]",123140,123174,N3,accept,0.5545454545454546,ts,579,0
"[0.3142857142857143, -0.3142857142857143, -0.502322495023225, -0.005698005698005698, 0.42857142857142855, 0.0, 0.0, 0.0, 1.0, 0.6450293626561832, 1.0, 0.0, 0.0, 0.0, 0.0, 0.0, 0.0, 0.0]",74278,107563,N3,dismiss,-0.3,ts,1998,1
"[0.8151260504201681, -0.8151260504201681, -0.05657142857142848, 0.7914893617021277, -0.034482758620689655, 0.0, 0.0, 0.0, 1.0, 0.8095242182939427, 1.0, 0.0, 0.0, 0.0, 0.0, 0.0, 0.0, 0.0]",104679,61314,N3,dismiss,-0.3,ts,835,1
"[0.3230769230769231, -0.3230769230769231, -0.0012099213551118918, 1.0, -0.17647058823529413, 0.0, 0.0, 0.0, 1.0, 0.6749942815801884, 1.0, 0.0, 0.0, 0.0, 0.0, 0.0, 0.0, 0.0]",61360,61314,N3,dismiss,-0.3,ts,1496,0
"[0.8857142857142857, -0.8857142857142857, -0.16971214017521905, 0.15048543689320387, -0.07407407407407407, 0.0, 0.0, 0.0, 1.0, 0.8500213841209034, 1.0, 0.0, 0.0, 0.0, 0.0, 0.0, 0.0, 0.0]",138627,117335,N3,accept,0.9199999999999999,ts,2634,1
"[0.09999999999999991, -0.09999999999999991, -0.715307582260372, 0.0, 0.0, 0.0, 0.0, 0.0, 1.0, 0.6350536090371364, 1.0, 0.0, 0.0, 0.0, 0.0, 0.0, 0.0, 0.0]",16689,16809,N3,dismiss,-0.3,ts,2503,0
"[0.7942857142857144, -0.7942857142857144, -0.24357239512855217, -0.3853211009174312, -0.6916666666666668, 0.0, 0.0, 0.0, 1.0, 0.6876495392228945, 1.0, 0.0, 0.0, 0.0, 0.0, 0.0, 0.0, 0.0]",115244,54927,N3,dismiss,-0.3,ts,1648,0
"[0.14285714285714288, -0.14285714285714288, 0.06235565819861427, -0.13793103448275862, -0.047619047619047616, 0.0, 0.0, 0.0, 1.0, 0.7295276906658968, 1.0, 0.0, 0.0, 0.0, 0.0, 0.0, 0.0, 0.0]",144702,71136,N3,dismiss,-0.3,ts,1701,1
"[0.3636363636363637, -0.3636363636363637, -0.056651017214397456, -0.002840909090909091, 0.16666666666666666, 0.0, 0.0, 0.0, 1.0, 0.8094824635768882, 1.0, 0.0, 0.0, 0.0, 0.0, 0.0, 0.0, 0.0]",43334,74278,N3,dismiss,-0.3,ts,1539,1
"[0.24999999999999997, -0.24999999999999997, -0.3948, 0.0, 0.0, 0.0, 0.0, 0.0, 1.0, 0.7303946234902753, 1.0, 0.0, 0.0, 0.0, 0.0, 0.0, 0.0, 0.0]",69946,90167,N3,dismiss,-0.3,ts,1996,1
"[0.1886792452830189, -0.1886792452830189, -0.16666666666666666, 0.0473186119873817, 0.2222222222222222, 0.0, 0.0, 0.0, 1.0, 0.6948629551380799, 1.0, 0.0, 0.0, 0.0, 0.0, 0.0, 0.0, 0.0]",91968,40740,N3,dismiss,-0.3,ts,2593,1
"[0.9137254901960783, -0.9137254901960783, 0.10217028380634387, -0.30710659898477155, 0.7692307692307693, 0.0, 0.0, 0.0, 1.0, 0.7461101272734247, 1.0, 0.0, 0.0, 0.0, 0.0, 0.0, 0.0, 0.0]",92082,86743,N3,dismiss,-0.3,ts,2464,1
"[0.8877551020408163, -0.8877551020408163, 0.10987791342952277, 0.5848101265822785, -0.2, 0.0, 0.0, 0.0, 1.0, 0.7750756348785899, 1.0, 0.0, 0.0, 0.0, 0.0, 0.0, 0.0, 0.0]",155693,169349,N3,dismiss,-0.3,ts,1435,0
"[0.16666666666666663, -0.16666666666666663, -0.5250181290790428, 0.0, 0.0, 0.0, 0.0, 0.0, 1.0, 0.6812146778495171, 1.0, 0.0, 0.0, 0.0, 0.0, 0.0, 0.0, 0.0]",141748,63863,N3,accept,0.41666666666666663,ts,2869,1
"[0.41176470588235287, -0.41176470588235287, -0.4265232974910394, 0.08, 0.12000000000000002, 0.0, 0.0, 0.0, 1.0, 0.7184106107941747, 1.0, 0.0, 0.0, 0.0, 0.0, 0.0, 0.0, 0.0]",88339,58615,N3,dismiss,-0.3,ts,1288,0
"[0.7058823529411765, -0.7058823529411765, -0.23059185242121447, 0.13802816901408452, 0.17647058823529413, 0.0, 0.0, 0.0, 1.0, 0.7916189648489724, 1.0, 0.0, 0.0, 0.0, 0.0, 0.0, 0.0, 0.0]",134227,170191,N3,dismiss,-0.3,ts,413,1
"[0.415625, -0.415625, 0.1312500000000001, 0.0, 0.0, 0.0, 0.0, 0.0, 1.0, 0.8422044928641546, 1.0, 0.0, 0.0, 0.0, 0.0, 0.0, 0.0, 0.0]",152421,15139,N3,dismiss,-0.3,ts,2699,0
"[0.6029411764705882, -0.6029411764705882, 0.0, 0.0, 0.0, 0.0, 0.0, 0.0, 1.0, 0.9296098135166916, 1.0, 0.0, 0.0, 0.0, 0.0, 0.0, 0.0, 0.0]",107697,70105,N3,dismiss,-0.3,ts,2282,0
"[0.4444444444444445, -0.4444444444444445, 0.10401459854014582, -0.54, -0.6, 0.0, 0.0, 0.0, 1.0, 0.6542508615673612, 1.0, 0.0, 0.0, 0.0, 0.0, 0.0, 0.0, 0.0]",169353,132873,N3,dismiss,-0.3,ts,2007,0
"[0.296, -0.296, 0.2, -0.01694915254237288, -0.07692307692307693, 0.0, 0.0, 0.0, 1.0, 0.7619137030425129, 1.0, 0.0, 0.0, 0.0, 0.0, 0.0, 0.0, 0.0]",108827,32065,N3,dismiss,-0.3,ts,2269,1
"[0.6029411764705882, -0.6029411764705882, 0.1111111111111111, -0.2, -0.44000000000000006, 0.0, 0.0, 0.0, 1.0, 0.7525227377576363, 1.0, 0.0, 0.0, 0.0, 0.0, 0.0, 0.0, 0.0]",167076,155816,N3,accept,0.7220588235294116,ts,1543,1
"[0.13846153846153844, -0.13846153846153844, 0.19546247818499135, 0.02857142857142857, 0.043478260869565216, 0.0, 0.0, 0.0, 1.0, 0.7156517480890073, 1.0, 0.0, 0.0, 0.0, 0.0, 0.0, 0.0, 0.0]",155844,55915,N3,dismiss,-0.3,ts,976,1
"[0.14285714285714285, -0.14285714285714285, 0.13333333333333333, 1.0, -0.23809523809523808, 0.0, 0.0, 0.0, 1.0, 0.5596889746063702, 1.0, 0.0, 0.0, 0.0, 0.0, 0.0, 0.0, 0.0]",175348,113825,N3,dismiss,-0.3,ts,1287,0
"[0.1666666666666667, -0.1666666666666667, 0.07142857142857142, -0.5081967213114754, 0.06000000000000001, 0.0, 0.0, 0.0, 1.0, 0.6719279802353277, 1.0, 0.0, 0.0, 0.0, 0.0, 0.0, 0.0, 0.0]",118798,71728,N3,accept,0.4166666666666667,ts,671,1
"[0.25, -0.25, -0.24812030075187969, 0.005813953488372093, 0.041666666666666664, 0.0, 0.0, 0.0, 1.0, 0.7476249554836153, 1.0, 0.0, 0.0, 0.0, 0.0, 0.0, 0.0, 0.0]",174773,117045,N3,dismiss,-0.3,ts,2776,0
"[0.24999999999999992, -0.24999999999999992, 0.058823529411764705, 0.0, 0.0, 0.0, 0.0, 0.0, 1.0, 0.8173913026682517, 1.0, 0.0, 0.0, 0.0, 0.0, 0.0, 0.0, 0.0]",18334,81128,N3,dismiss,-0.3,ts,1419,1
"[0.1886792452830189, -0.1886792452830189, -0.16666666666666666, -0.07570977917981073, 0.06818181818181814, 0.0, 0.0, 0.0, 1.0, 0.7220323095576072, 1.0, 0.0, 0.0, 0.0, 0.0, 0.0, 0.0, 0.0]",91966,33338,N3,dismiss,-0.3,ts,2547,1
"[0.3333333333333333, -0.3333333333333333, 0.0016694490818030287, -0.09644670050761421, 0.38461538461538464, 0.0, 0.0, 0.0, 1.0, 0.7580535088160933, 1.0, 0.0, 0.0, 0.0, 0.0, 0.0, 0.0, 0.0]",92082,138519,N3,dismiss,-0.3,ts,2436,1
"[0.20000000000000007, -0.20000000000000007, -0.5635935397039031, -0.11811023622047244, 1.0, 0.0, 0.0, 0.0, 1.0, 0.5263580713412344, 1.0, 0.0, 0.0, 0.0, 0.0, 0.0, 0.0, 0.0]",106733,107458,N3,accept,0.44000000000000006,ts,1818,1
"[0.25, -0.25, 0.0, 0.0, -0.10714285714285714, 0.0, 0.0, 0.0, 1.0, 0.8106570116385049, 1.0, 0.0, 0.0, 0.0, 0.0, 0.0, 0.0, 0.0]",43098,117045,N3,dismiss,-0.3,ts,2350,0
"[0.24999999999999997, -0.24999999999999997, 0.11420612813370477, -0.15950920245398773, 0.0, 0.0, 0.0, 0.0, 1.0, 0.7577778993431036, 1.0, 0.0, 0.0, 0.0, 0.0, 0.0, 0.0, 0.0]",155669,115289,N3,dismiss,-0.3,ts,2339,0
"[0.11999999999999993, -0.11999999999999993, 0.16683250414593703, 0.022792022792022793, -0.14285714285714285, 0.0, 0.0, 0.0, 1.0, 0.6938164446999331, 1.0, 0.0, 0.0, 0.0, 0.0, 0.0, 0.0, 0.0]",15535,43361,N3,dismiss,-0.3,ts,690,0
"[0.415625, -0.415625, 0.1312500000000001, 0.0, 0.0, 0.0, 0.0, 0.0, 1.0, 0.8422044928641546, 1.0, 0.0, 0.0, 0.0, 0.0, 0.0, 0.0, 0.0]",57061,15139,N3,dismiss,-0.3,ts,852,1
"[0.4583333333333333, -0.4583333333333333, -0.1433260393873086, 0.22, 0.24000000000000005, 0.0, 0.0, 0.0, 1.0, 0.7386709394486253, 1.0, 0.0, 0.0, 0.0, 0.0, 0.0, 0.0, 0.0]",151789,123325,N3,dismiss,-0.3,ts,2197,0
"[0.18367346938775517, -0.18367346938775517, -0.1898898250162022, -0.0030864197530864196, -0.1, 0.0, 0.0, 0.0, 1.0, 0.7258751124337371, 1.0, 0.0, 0.0, 0.0, 0.0, 0.0, 0.0, 0.0]",135548,174942,N3,dismiss,-0.3,ts,574,1
"[0.1764705882352941, -0.1764705882352941, 0.0, 0.05045871559633028, 0.0, 0.0, 0.0, 0.0, 1.0, 0.8002741033846621, 1.0, 0.0, 0.0, 0.0, 0.0, 0.0, 0.0, 0.0]",173998,173997,N3,dismiss,-0.3,ts,1871,0
"[0.023255813953488292, -0.023255813953488292, 0.1956001912960306, 0.16556291390728478, -0.014285714285714235, 0.0, 0.0, 0.0, 1.0, 0.6474584734267568, 1.0, 0.0, 0.0, 0.0, 0.0, 0.0, 0.0, 0.0]",115226,15171,N3,dismiss,-0.3,ts,2564,0
"[0.28571428571428564, -0.28571428571428564, -0.4991652754590985, -0.05420054200542006, -0.1666666666666667, 0.0, 0.0, 0.0, 1.0, 0.666800350227791, 1.0, 0.0, 0.0, 0.0, 0.0, 0.0, 0.0, 0.0]",76847,57106,N3,accept,0.4999999999999999,ts,463,1
"[0.25, -0.25, -0.17102202763715965, 0.0, 0.0, 0.0, 0.0, 0.0, 1.0, 0.781652731750395, 1.0, 0.0, 0.0, 0.0, 0.0, 0.0, 0.0, 0.0]",15456,15457,N3,dismiss,-0.3,ts,2307,1
"[0.19999999999999993, -0.19999999999999993, -0.25, -0.8833333333333333, -0.7454545454545454, 0.0, 0.0, 0.0, 1.0, 0.5035447216368699, 1.0, 0.0, 0.0, 0.0, 0.0, 0.0, 0.0, 0.0]",126074,18330,N3,dismiss,-0.3,ts,2395,0
"[0.07368421052631577, -0.07368421052631577, -0.0029910269192422096, -0.28205128205128205, -0.15999999999999998, 0.0, 0.0, 0.0, 1.0, 0.6705796921838537, 1.0, 0.0, 0.0, 0.0, 0.0, 0.0, 0.0, 0.0]",86978,80033,N3,accept,0.35157894736842105,ts,2337,1
"[0.25, -0.25, -0.25925925925925924, 0.048484848484848485, 0.041666666666666664, 0.0, 0.0, 0.0, 1.0, 0.7328139323987184, 1.0, 0.0, 0.0, 0.0, 0.0, 0.0, 0.0, 0.0]",142494,117045,N3,dismiss,-0.3,ts,1075,0
"[0.3, -0.3, 0.15, 0.44, 0.07999999999999999, 0.0, 0.0, 0.0, 1.0, 0.6936774005460145, 1.0, 0.0, 0.0, 0.0, 0.0, 0.0, 0.0, 0.0]",85440,82101,N3,dismiss,-0.3,ts,2113,1
"[0.28476821192052976, -0.28476821192052976, 0.0, -0.021806853582554516, -0.4166666666666667, 0.0, 0.0, 0.0, 1.0, 0.7595229641394782, 1.0, 0.0, 0.0, 0.0, 0.0, 0.0, 0.0, 0.0]",103704,145523,N3,dismiss,-0.3,ts,490,0
"[0.030303030303030328, -0.030303030303030328, -0.3734335839598998, 0.06153846153846154, -0.14285714285714285, 0.0, 0.0, 0.0, 1.0, 0.6014765009872357, 1.0, 0.0, 0.0, 0.0, 0.0, 0.0, 0.0, 0.0]",90175,93854,N3,dismiss,-0.3,ts,1990,1
"[0.03846153846153842, -0.03846153846153842, 0.0, 0.0, 0.0, 0.0, 0.0, 0.0, 1.0, 0.7644070962643087, 1.0, 0.0, 0.0, 0.0, 0.0, 0.0, 0.0, 0.0]",48548,51122,N3,dismiss,-0.3,ts,810,0
"[0.294478527607362, -0.294478527607362, 0.22798887859128833, -0.025, -0.11392405063291143, 0.0, 0.0, 0.0, 1.0, 0.7426536066065215, 1.0, 0.0, 0.0, 0.0, 0.0, 0.0, 0.0, 0.0]",15663,39517,N3,dismiss,-0.3,ts,2026,0
"[0.3142857142857143, -0.3142857142857143, -0.43762441937624424, -0.011396011396011397, 0.5714285714285714, 0.0, 0.0, 0.0, 1.0, 0.6376457195707799, 1.0, 0.0, 0.0, 0.0, 0.0, 0.0, 0.0, 0.0]",74278,108828,N3,dismiss,-0.3,ts,582,1
"[0.0666666666666666, -0.0666666666666666, 0.0, -0.2328767123287671, 0.1111111111111111, 0.0, 0.0, 0.0, 1.0, 0.689176913736021, 1.0, 0.0, 0.0, 0.0, 0.0, 0.0, 0.0, 0.0]",127690,139086,N3,dismiss,-0.3,ts,2289,1
"[0.14, -0.14, -0.31562500000000004, 0.030303030303030304, 0.0, 0.0, 0.0, 0.0, 1.0, 0.6993060113850216, 1.0, 0.0, 0.0, 0.0, 0.0, 0.0, 0.0, 0.0]",106755,69993,N3,dismiss,-0.3,ts,1318,0
"[0.65, -0.65, -0.2252816020025032, -0.014492753623188406, 0.02500000000000006, 0.0, 0.0, 0.0, 1.0, 0.8535761436419191, 1.0, 0.0, 0.0, 0.0, 0.0, 0.0, 0.0, 0.0]",53366,39280,N3,dismiss,-0.3,ts,896,1
"[0.11111111111111106, -0.11111111111111106, 0.21052631578947367, 0.22440944881889763, 0.86, 0.0, 0.0, 0.0, 1.0, 0.5451733916109797, 1.0, 0.0, 0.0, 0.0, 0.0, 0.0, 0.0, 0.0]",54392,91068,N3,dismiss,-0.3,ts,688,0
"[0.11999999999999993, -0.11999999999999993, 0.160337552742616, -0.011267605633802818, 0.16666666666666666, 0.0, 0.0, 0.0, 1.0, 0.6937892301694432, 1.0, 0.0, 0.0, 0.0, 0.0, 0.0, 0.0, 0.0]",109421,70000,N3,dismiss,-0.3,ts,2784,1
"[0.08163265306122446, -0.08163265306122446, 0.0817610062893081, 0.002849002849002849, 0.08333333333333329, 0.0, 0.0, 0.0, 1.0, 0.7264097091680045, 1.0, 0.0, 0.0, 0.0, 0.0, 0.0, 0.0, 0.0]",105872,105899,N3,dismiss,-0.3,ts,1171,0
"[0.3636363636363637, -0.3636363636363637, 0.0, 0.016713091922005572, 0.25, 0.0, 0.0, 0.0, 1.0, 0.8103249790259089, 1.0, 0.0, 0.0, 0.0, 0.0, 0.0, 0.0, 0.0]",123014,123174,N3,dismiss,-0.3,ts,1555,0
"[0.09090909090909098, -0.09090909090909098, -0.4600811907983762, -0.1462140992167102, -0.2769230769230769, 0.0, 0.0, 0.0, 1.0, 0.5617496096857657, 1.0, 0.0, 0.0, 0.0, 0.0, 0.0, 0.0, 0.0]",30022,82380,N3,dismiss,-0.3,ts,722,1
"[0.5599999999999999, -0.5599999999999999, -0.1018907563025209, -0.059782608695652176, -0.07142857142857142, 0.0, 0.0, 0.0, 1.0, 0.8477079830211879, 1.0, 0.0, 0.0, 0.0, 0.0, 0.0, 0.0, 0.0]",87447,85283,N3,dismiss,-0.3,ts,2260,1
"[0.8, -0.8, 0.13333333333333333, 0.0, 0.0, 0.0, 0.0, 0.0, 1.0, 0.9115993194259686, 1.0, 0.0, 0.0, 0.0, 0.0, 0.0, 0.0, 0.0]",190833,51605,N3,dismiss,-0.3,ts,2026,0
"[0.3235294117647059, -0.3235294117647059, -0.13114754098360656, -0.027700831024930747, -0.2222222222222222, 0.0, 0.0, 0.0, 1.0, 0.7545679795264808, 1.0, 0.0, 0.0, 0.0, 0.0, 0.0, 0.0, 0.0]",15685,39517,N3,dismiss,-0.3,ts,1353,1
"[0.3636363636363637, -0.3636363636363637, 0.0027777777777778173, -0.019943019943019943, 1.0, 0.0, 0.0, 0.0, 1.0, 0.7179568439356568, 1.0, 0.0, 0.0, 0.0, 0.0, 0.0, 0.0, 0.0]",30103,123439,N3,dismiss,-0.3,ts,1763,0
"[0.16666666666666666, -0.16666666666666666, -0.04375000000000003, -0.1484375, 1.0, 0.0, 0.0, 0.0, 1.0, 0.6182567245250014, 1.0, 0.0, 0.0, 0.0, 0.0, 0.0, 0.0, 0.0]",75984,164355,N3,dismiss,-0.3,ts,1472,1
"[0.1250000000000001, -0.1250000000000001, 0.16218749999999993, 0.0, 0.0, 0.0, 0.0, 0.0, 1.0, 0.7409291148542603, 1.0, 0.0, 0.0, 0.0, 0.0, 0.0, 0.0, 0.0]",152518,55412,N3,dismiss,-0.3,ts,1698,0
"[0.13888888888888887, -0.13888888888888887, -0.34867564046895355, -0.11041009463722397, 0.0, 0.0, 0.0, 0.0, 1.0, 0.6712022690137475, 1.0, 0.0, 0.0, 0.0, 0.0, 0.0, 0.0, 0.0]",103715,91957,N3,accept,0.3972222222222222,ts,2721,0
"[0.24999999999999997, -0.24999999999999997, 0.16666666666666666, 0.0, 0.0, 0.0, 0.0, 0.0, 1.0, 0.7828956117024544, 1.0, 0.0, 0.0, 0.0, 0.0, 0.0, 0.0, 0.0]",18305,18309,N3,dismiss,-0.3,ts,2009,0
"[0.3636363636363637, -0.3636363636363637, 0.0, 0.0, 0.0, 0.0, 0.0, 0.0, 1.0, 0.8742764353476687, 1.0, 0.0, 0.0, 0.0, 0.0, 0.0, 0.0, 0.0]",123031,123174,N3,accept,0.5545454545454546,ts,976,0
"[0.2800000000000001, -0.2800000000000001, -0.06526468455402455, 0.0, 0.0, 0.0, 0.0, 0.0, 1.0, 0.824758751469044, 1.0, 0.0, 0.0, 0.0, 0.0, 0.0, 0.0, 0.0]",141766,90178,N3,dismiss,-0.3,ts,1736,1
"[0.24999999999999997, -0.24999999999999997, -0.4147058823529412, 0.0, 0.0, 0.0, 0.0, 0.0, 1.0, 0.726850521859211, 1.0, 0.0, 0.0, 0.0, 0.0, 0.0, 0.0, 0.0]",51609,174748,N3,dismiss,-0.3,ts,2168,0
"[0.2727272727272727, -0.2727272727272727, -0.07061958694203868, -0.03690036900369004, -0.0117647058823529, 0.0, 0.0, 0.0, 1.0, 0.8064217516346286, 1.0, 0.0, 0.0, 0.0, 0.0, 0.0, 0.0, 0.0]",81453,81449,N3,dismiss,-0.3,ts,1674,0
"[0.3636363636363637, -0.3636363636363637, -0.2982456140350877, 0.025280898876404494, 1.0, 0.0, 0.0, 0.0, 1.0, 0.6344969066583939, 1.0, 0.0, 0.0, 0.0, 0.0, 0.0, 0.0, 0.0]",107747,123174,N3,dismiss,-0.3,ts,514,0
"[0.20000000000000004, -0.20000000000000004, -0.5272727272727272, 0.1978021978021978, 0.3, 0.0, 0.0, 0.0, 1.0, 0.5758109939927043, 1.0, 0.0, 0.0, 0.0, 0.0, 0.0, 0.0, 0.0]",127600,169893,N3,dismiss,-0.3,ts,2228,1
"[0.8714285714285714, -0.8714285714285714, -0.23282887077997672, 0.75, 0.55, 0.0, 0.0, 0.0, 1.0, 0.6748322766805989, 1.0, 0.0, 0.0, 0.0, 0.0, 0.0, 0.0, 0.0]",78136,170138,N3,accept,0.9099999999999999,ts,2152,1
"[0.20000000000000007, -0.20000000000000007, -0.5004694835680751, -0.028409090909090908, -0.08333333333333333, 0.0, 0.0, 0.0, 1.0, 0.6650221215675229, 1.0, 0.0, 0.0, 0.0, 0.0, 0.0, 0.0, 0.0]",43334,107170,N3,dismiss,-0.3,ts,402,1
"[0.75, -0.75, 0.07799999999999997, -0.11666666666666667, -0.18181818181818182, 0.0, 0.0, 0.0, 1.0, 0.8464921298349981, 1.0, 0.0, 0.0, 0.0, 0.0, 0.0, 0.0, 0.0]",69947,63919,N3,dismiss,-0.3,ts,1166,0
"[0.19999999999999993, -0.19999999999999993, -0.4, 0.1, 0.19999999999999996, 0.0, 0.0, 0.0, 1.0, 0.6360515658033852, 1.0, 0.0, 0.0, 0.0, 0.0, 0.0, 0.0, 0.0]",77920,18330,N3,dismiss,-0.3,ts,911,0
"[0.8, -0.8, 0.13333333333333333, 0.0, 0.0, 0.0, 0.0, 0.0, 1.0, 0.9115993194259686, 1.0, 0.0, 0.0, 0.0, 0.0, 0.0, 0.0, 0.0]",190833,51605,N3,dismiss,-0.3,ts,2349,0
"[0.1666666666666667, -0.1666666666666667, -0.15503875968992248, -0.009174311926605505, 0.0, 0.0, 0.0, 0.0, 1.0, 0.7551804891068353, 1.0, 0.0, 0.0, 0.0, 0.0, 0.0, 0.0, 0.0]",92712,85929,N3,dismiss,-0.3,ts,929,0
"[0.16666666666666666, -0.16666666666666666, -0.04175365344467641, -0.39779005524861877, -0.4375, 0.0, 0.0, 0.0, 1.0, 0.625433743165096, 1.0, 0.0, 0.0, 0.0, 0.0, 0.0, 0.0, 0.0]",129198,164355,N3,dismiss,-0.3,ts,2786,1
"[0.3911290322580645, -0.3911290322580645, -0.50017850767583, -0.08285714285714285, -0.04, 0.0, 0.0, 0.0, 1.0, 0.7209886712603468, 1.0, 0.0, 0.0, 0.0, 0.0, 0.0, 0.0, 0.0]",89602,103704,N3,dismiss,-0.3,ts,1416,1
"[0.25, -0.25, 0.0, 0.07453416149068323, 0.13636363636363635, 0.0, 0.0, 0.0, 1.0, 0.7830109453831142, 1.0, 0.0, 0.0, 0.0, 0.0, 0.0, 0.0, 0.0]",43090,117045,N3,dismiss,-0.3,ts,487,0
"[0.6666666666666666, -0.6666666666666666, 0.09717186366932572, 0.0, 0.0, 0.0, 0.0, 0.0, 1.0, 0.9050735068250562, 1.0, 0.0, 0.0, 0.0, 0.0, 0.0, 0.0, 0.0]",141749,90167,N3,dismiss,-0.3,ts,2758,0
"[0.19999999999999996, -0.19999999999999996, -0.56752655538695, -0.0221606648199446, -0.20289855072463772, 0.0, 0.0, 0.0, 1.0, 0.6305729458313653, 1.0, 0.0, 0.0, 0.0, 0.0, 0.0, 0.0, 0.0]",16971,79771,N3,dismiss,-0.3,ts,2711,1
"[0.02500000000000002, -0.02500000000000002, -0.375, -0.2857142857142857, -0.020000000000000018, 0.0, 0.0, 0.0, 1.0, 0.5826700526614829, 1.0, 0.0, 0.0, 0.0, 0.0, 0.0, 0.0, 0.0]",74186,81568,N3,dismiss,-0.3,ts,2146,1
"[0.040000000000000036, -0.040000000000000036, 0.0, 0.0, 0.0, 0.0, 0.0, 0.0, 1.0, 0.7649820258822859, 1.0, 0.0, 0.0, 0.0, 0.0, 0.0, 0.0, 0.0]",141765,141753,N3,accept,0.328,ts,2325,0
"[0.4814814814814815, -0.4814814814814815, 0.20678513731825532, -0.28923076923076924, 0.125, 0.0, 0.0, 0.0, 1.0, 0.7377621693157228, 1.0, 0.0, 0.0, 0.0, 0.0, 0.0, 0.0, 0.0]",41414,20077,N3,dismiss,-0.3,ts,754,0
"[0.13333333333333344, -0.13333333333333344, -0.1, -0.75, -0.44000000000000006, 0.0, 0.0, 0.0, 1.0, 0.5587769414463242, 1.0, 0.0, 0.0, 0.0, 0.0, 0.0, 0.0, 0.0]",70105,79461,N3,dismiss,-0.3,ts,851,0
"[0.5599999999999999, -0.5599999999999999, 0.08267716535433069, 0.36, 1.0, 0.0, 0.0, 0.0, 1.0, 0.6842840609430062, 1.0, 0.0, 0.0, 0.0, 0.0, 0.0, 0.0, 0.0]",185411,89763,N3,dismiss,-0.3,ts,2619,0
"[0.20000000000000004, -0.20000000000000004, -0.0333889816360601, 0.0, 0.02500000000000006, 0.0, 0.0, 0.0, 1.0, 0.8025931412027293, 1.0, 0.0, 0.0, 0.0, 0.0, 0.0, 0.0, 0.0]",53365,108461,N3,accept,0.44,ts,1804,1
"[0.02500000000000002, -0.02500000000000002, -0.1863303498779495, 0.02, -0.07999999999999999, 0.0, 0.0, 0.0, 1.0, 0.6690903795112921, 1.0, 0.0, 0.0, 0.0, 0.0, 0.0, 0.0, 0.0]",130430,62539,N3,accept,0.3175,ts,2537,0
"[0.20000000000000004, -0.20000000000000004, -0.17521902377972465, 0.007246376811594203, 0.02500000000000006, 0.0, 0.0, 0.0, 1.0, 0.7542302249952597, 1.0, 0.0, 0.0, 0.0, 0.0, 0.0, 0.0, 0.0]",53366,19865,N3,dismiss,-0.3,ts,2968,1
"[0.52, -0.52, -0.0866666666666666, -0.07180851063829788, 0.42857142857142855, 0.0, 0.0, 0.0, 1.0, 0.7749369740378187, 1.0, 0.0, 0.0, 0.0, 0.0, 0.0, 0.0, 0.0]",151841,108839,N3,accept,0.6639999999999999,ts,2850,1
"[0.5833333333333334, -0.5833333333333334, 0.15414258188824664, 0.0, 0.0, 0.0, 0.0, 0.0, 1.0, 0.8729175563161161, 1.0, 0.0, 0.0, 0.0, 0.0, 0.0, 0.0, 0.0]",16722,16729,N3,accept,0.7083333333333333,ts,2970,0
"[0.6818181818181819, -0.6818181818181819, 0.0, -0.7517241379310344, -0.3, 0.0, 0.0, 0.0, 1.0, 0.7584198157764016, 1.0, 0.0, 0.0, 0.0, 0.0, 0.0, 0.0, 0.0]",151787,189308,N3,dismiss,-0.3,ts,2575,1
"[0.6136363636363636, -0.6136363636363636, 0.22448979591836735, -0.5661971830985916, -0.5818181818181819, 0.0, 0.0, 0.0, 1.0, 0.6543752726498029, 1.0, 0.0, 0.0, 0.0, 0.0, 0.0, 0.0, 0.0]",123023,142262,N3,dismiss,-0.3,ts,2947,1
"[0.08554572271386432, -0.08554572271386432, -0.40957827019299503, -0.0028169014084507044, -0.25555555555555554, 0.0, 0.0, 0.0, 1.0, 0.6091970020573167, 1.0, 0.0, 0.0, 0.0, 0.0, 0.0, 0.0, 0.0]",146721,43382,N3,dismiss,-0.3,ts,2297,1
"[0.9271428571428572, -0.9271428571428572, 0.2222222222222222, 0.32, -0.039999999999999994, 0.0, 0.0, 0.0, 1.0, 0.8166293780580514, 1.0, 0.0, 0.0, 0.0, 0.0, 0.0, 0.0, 0.0]",18359,51575,N3,accept,0.9490000000000001,ts,2806,0
"[0.13953488372093023, -0.13953488372093023, 0.2, -0.21686746987951808, -0.12727272727272732, 0.0, 0.0, 0.0, 1.0, 0.6491415867196744, 1.0, 0.0, 0.0, 0.0, 0.0, 0.0, 0.0, 0.0]",40740,91969,N3,dismiss,-0.3,ts,1631,1
"[0.5023041474654377, -0.5023041474654377, -0.3454437164979154, 0.0, 0.0, 0.0, 0.0, 0.0, 1.0, 0.8095278203365398, 1.0, 0.0, 0.0, 0.0, 0.0, 0.0, 0.0, 0.0]",64515,64516,N3,accept,0.6516129032258065,ts,1932,1
"[0.7, -0.7, -0.347, 0.0, 0.0, 0.0, 0.0, 0.0, 1.0, 0.8453663438129025, 1.0, 0.0, 0.0, 0.0, 0.0, 0.0, 0.0, 0.0]",129174,63859,N3,dismiss,-0.3,ts,1408,1
"[0.07142857142857154, -0.07142857142857154, 0.0, 0.28654970760233917, -0.1, 0.0, 0.0, 0.0, 1.0, 0.6840596024730199, 1.0, 0.0, 0.0, 0.0, 0.0, 0.0, 0.0, 0.0]",114737,114738,N3,dismiss,-0.3,ts,2053,0
"[0.3230769230769231, -0.3230769230769231, -0.0012099213551118918, 1.0, -0.17647058823529413, 0.0, 0.0, 0.0, 1.0, 0.6749942815801884, 1.0, 0.0, 0.0, 0.0, 0.0, 0.0, 0.0, 0.0]",61360,61314,N3,dismiss,-0.3,ts,1021,0
"[0.03846153846153849, -0.03846153846153849, -0.04092526690391467, -0.11965811965811966, -0.13559322033898316, 0.0, 0.0, 0.0, 1.0, 0.6811350654321555, 1.0, 0.0, 0.0, 0.0, 0.0, 0.0, 0.0, 0.0]",43763,117087,N3,dismiss,-0.3,ts,2033,1
"[0.17090909090909095, -0.17090909090909095, -0.428377153218495, 0.0, 0.0, 0.0, 0.0, 0.0, 1.0, 0.6976303500772216, 1.0, 0.0, 0.0, 0.0, 0.0, 0.0, 0.0, 0.0]",16660,147348,N3,dismiss,-0.3,ts,2841,1
"[0.19999999999999993, -0.19999999999999993, -0.25, -0.8833333333333333, -0.7454545454545454, 0.0, 0.0, 0.0, 1.0, 0.5035447216368699, 1.0, 0.0, 0.0, 0.0, 0.0, 0.0, 0.0, 0.0]",126074,18330,N3,dismiss,-0.3,ts,1366,0
"[0.2142857142857143, -0.2142857142857143, 0.0, -0.09363295880149813, 0.5492957746478874, 0.0, 0.0, 0.0, 1.0, 0.7020840351677758, 1.0, 0.0, 0.0, 0.0, 0.0, 0.0, 0.0, 0.0]",147103,138639,N3,dismiss,-0.3,ts,1610,0
"[0.47058823529411764, -0.47058823529411764, 0.18181818181818182, 0.14, 0.18000000000000002, 0.0, 0.0, 0.0, 1.0, 0.759069863248445, 1.0, 0.0, 0.0, 0.0, 0.0, 0.0, 0.0, 0.0]",18323,37953,N3,dismiss,-0.3,ts,669,0
"[0.43333333333333335, -0.43333333333333335, 0.1111111111111111, 0.26, 0.12000000000000002, 0.0, 0.0, 0.0, 1.0, 0.760237233460153, 1.0, 0.0, 0.0, 0.0, 0.0, 0.0, 0.0, 0.0]",63753,18364,N3,accept,0.6033333333333333,ts,2486,0
"[0.08333333333333326, -0.08333333333333326, 0.0, 0.1125, 0.18181818181818182, 0.0, 0.0, 0.0, 1.0, 0.7051372725166374, 1.0, 0.0, 0.0, 0.0, 0.0, 0.0, 0.0, 0.0]",73738,73736,N3,dismiss,-0.3,ts,1291,0
"[0.14285714285714288, -0.14285714285714288, -0.18779342723004694, 0.007246376811594203, 0.0, 0.0, 0.0, 0.0, 1.0, 0.7379852194013543, 1.0, 0.0, 0.0, 0.0, 0.0, 0.0, 0.0, 0.0]",81462,125880,N3,dismiss,-0.3,ts,1387,1
"[0.017857142857142873, -0.017857142857142873, -0.32540675844806016, 0.0, 0.0, 0.0, 0.0, 0.0, 1.0, 0.6610190788056989, 1.0, 0.0, 0.0, 0.0, 0.0, 0.0, 0.0, 0.0]",16679,147380,N3,dismiss,-0.3,ts,2690,1
"[0.9537142857142857, -0.9537142857142857, -0.5672530446549391, 0.22018348623853212, -0.4583333333333333, 0.0, 0.0, 0.0, 1.0, 0.6938095598036568, 1.0, 0.0, 0.0, 0.0, 0.0, 0.0, 0.0, 0.0]",115244,128247,N3,dismiss,-0.3,ts,1807,1
"[0.8571428571428572, -0.8571428571428572, 0.0, 0.0, 0.0, 0.0, 0.0, 0.0, 1.0, 0.9644999904246006, 1.0, 0.0, 0.0, 0.0, 0.0, 0.0, 0.0, 0.0]",16649,16650,N3,dismiss,-0.3,ts,2855,0
"[0.39999999999999997, -0.39999999999999997, -0.35933147632311974, -0.3006134969325153, -0.26666666666666666, 0.0, 0.0, 0.0, 1.0, 0.651960824166897, 1.0, 0.0, 0.0, 0.0, 0.0, 0.0, 0.0, 0.0]",155669,178949,N3,dismiss,-0.3,ts,1047,1
"[0.5636363636363637, -0.5636363636363637, 0.07142857142857142, -0.022535211267605635, 1.0, 0.0, 0.0, 0.0, 1.0, 0.7592372348838375, 1.0, 0.0, 0.0, 0.0, 0.0, 0.0, 0.0, 0.0]",123018,107659,N3,dismiss,-0.3,ts,1263,1
"[0.11627906976744183, -0.11627906976744183, 0.0, -0.034129692832764506, 0.0638297872340425, 0.0, 0.0, 0.0, 1.0, 0.7652934573031218, 1.0, 0.0, 0.0, 0.0, 0.0, 0.0, 0.0, 0.0]",33338,38840,N3,accept,0.38139534883720927,ts,1367,1
"[0.1666666666666667, -0.1666666666666667, 0.0, 0.3, 0.22000000000000003, 0.0, 0.0, 0.0, 1.0, 0.6901568741775026, 1.0, 0.0, 0.0, 0.0, 0.0, 0.0, 0.0, 0.0]",29439,61090,N3,dismiss,-0.3,ts,1718,0
"[0.5599999999999999, -0.5599999999999999, -0.0726817042606516, 0.127208480565371, 0.4, 0.0, 0.0, 0.0, 1.0, 0.7780984743454837, 1.0, 0.0, 0.0, 0.0, 0.0, 0.0, 0.0, 0.0]",49000,130294,N3,accept,0.692,ts,2486,1
"[0.3636363636363637, -0.3636363636363637, 0.0, 0.016713091922005572, 0.15384615384615385, 0.0, 0.0, 0.0, 1.0, 0.8296166021577667, 1.0, 0.0, 0.0, 0.0, 0.0, 0.0, 0.0, 0.0]",123551,123174,N3,dismiss,-0.3,ts,1485,0
"[0.5, -0.5, -0.03129890453834116, -0.014492753623188406, 0.0, 0.0, 0.0, 0.0, 1.0, 0.8923660563935448, 1.0, 0.0, 0.0, 0.0, 0.0, 0.0, 0.0, 0.0]",81462,39280,N3,dismiss,-0.3,ts,1766,0
"[0.07368421052631577, -0.07368421052631577, -0.0004997501249376093, -0.30864197530864196, -0.27999999999999997, 0.0, 0.0, 0.0, 1.0, 0.6439122951233253, 1.0, 0.0, 0.0, 0.0, 0.0, 0.0, 0.0, 0.0]",146547,80033,N3,dismiss,-0.3,ts,1415,1
"[0.3636363636363637, -0.3636363636363637, 0.0, 0.0, 0.0, 0.0, 0.0, 0.0, 1.0, 0.8742764353476687, 1.0, 0.0, 0.0, 0.0, 0.0, 0.0, 0.0, 0.0]",123143,123174,N3,accept,0.5545454545454546,ts,735,0
"[0.5170454545454546, -0.5170454545454546, 0.0, 0.11764705882352941, 0.05999999999999996, 0.0, 0.0, 0.0, 1.0, 0.8641277186819578, 1.0, 0.0, 0.0, 0.0, 0.0, 0.0, 0.0, 0.0]",130670,87407,N3,dismiss,-0.3,ts,2741,1
"[0.10000000000000007, -0.10000000000000007, -0.17519908987485786, -0.01048951048951049, -0.14285714285714285, 0.0, 0.0, 0.0, 1.0, 0.6877102891525925, 1.0, 0.0, 0.0, 0.0, 0.0, 0.0, 0.0, 0.0]",115366,134111,N3,accept,0.37000000000000005,ts,929,1
"[0.3636363636363637, -0.3636363636363637, 0.0, 0.0, 0.0, 0.0, 0.0, 0.0, 1.0, 0.8742764353476687, 1.0, 0.0, 0.0, 0.0, 0.0, 0.0, 0.0, 0.0]",123010,123174,N3,dismiss,-0.3,ts,1651,0
"[0.5, -0.5, -0.04432132963988923, -0.17732558139534885, -0.6758620689655173, 0.0, 0.0, 0.0, 1.0, 0.7358535109656288, 1.0, 0.0, 0.0, 0.0, 0.0, 0.0, 0.0, 0.0]",123511,185510,N3,dismiss,-0.3,ts,2345,1
"[0.6363636363636364, -0.6363636363636364, -0.2700729927007299, 0.0, 0.0, 0.0, 0.0, 0.0, 1.0, 0.8519911280552436, 1.0, 0.0, 0.0, 0.0, 0.0, 0.0, 0.0, 0.0]",141743,51605,N3,dismiss,-0.3,ts,1461,0
"[0.39999999999999997, -0.39999999999999997, 0.1097533881359699, 0.48717948717948717, -0.08695652173913043, 0.0, 0.0, 0.0, 1.0, 0.72751596380738, 1.0, 0.0, 0.0, 0.0, 0.0, 0.0, 0.0, 0.0]",120796,47180,N3,dismiss,-0.3,ts,2005,0
"[0.3333333333333333, -0.3333333333333333, -0.33121869782971614, -0.6192893401015228, 0.3076923076923077, 0.0, 0.0, 0.0, 1.0, 0.5931822309375188, 1.0, 0.0, 0.0, 0.0, 0.0, 0.0, 0.0, 0.0]",92082,107861,N3,dismiss,-0.3,ts,2550,1
"[0.3636363636363637, -0.3636363636363637, 0.0, 0.061046511627906974, 0.0, 0.0, 0.0, 0.0, 1.0, 0.8570363402900383, 1.0, 0.0, 0.0, 0.0, 0.0, 0.0, 0.0, 0.0]",123009,123174,N3,dismiss,-0.3,ts,2625,0
"[0.8714285714285714, -0.8714285714285714, -0.4171011470281544, -0.6214689265536724, -0.5888888888888889, 0.0, 0.0, 0.0, 1.0, 0.642206462275072, 1.0, 0.0, 0.0, 0.0, 0.0, 0.0, 0.0, 0.0]",185391,54927,N3,dismiss,-0.3,ts,1083,1
"[0.56, -0.56, 0.047120418848167464, 0.36086956521739133, -0.4, 0.0, 0.0, 0.0, 1.0, 0.7437502917188107, 1.0, 0.0, 0.0, 0.0, 0.0, 0.0, 0.0, 0.0]",146668,169349,N3,dismiss,-0.3,ts,1184,0
"[0.44000000000000006, -0.44000000000000006, -0.1795454545454545, -0.019943019943019943, 1.0, 0.0, 0.0, 0.0, 1.0, 0.6959857418670581, 1.0, 0.0, 0.0, 0.0, 0.0, 0.0, 0.0, 0.0]",151839,123439,N3,dismiss,-0.3,ts,2912,1
"[0.2307692307692307, -0.2307692307692307, 0.0, 1.0, 0.44000000000000006, 0.0, 0.0, 0.0, 1.0, 0.5995560389330946, 1.0, 0.0, 0.0, 0.0, 0.0, 0.0, 0.0, 0.0]",79461,68609,N3,dismiss,-0.3,ts,1294,0
"[0.28571428571428564, -0.28571428571428564, -0.2549476135040746, -0.029411764705882353, 0.0, 0.0, 0.0, 0.0, 1.0, 0.7625743560830361, 1.0, 0.0, 0.0, 0.0, 0.0, 0.0, 0.0, 0.0]",93923,106755,N3,dismiss,-0.3,ts,2193,1
"[0.8253968253968255, -0.8253968253968255, -0.05657142857142848, -0.07268722466960352, 0.2727272727272727, 0.0, 0.0, 0.0, 1.0, 0.8564739922883224, 1.0, 0.0, 0.0, 0.0, 0.0, 0.0, 0.0, 0.0]",169062,61314,N3,accept,0.8777777777777778,ts,606,1
"[0.2, -0.2, -0.425, -0.1678832116788321, -0.26666666666666666, 0.0, 0.0, 0.0, 1.0, 0.603526579115756, 1.0, 0.0, 0.0, 0.0, 0.0, 0.0, 0.0, 0.0]",115289,178949,N3,dismiss,-0.3,ts,418,0
"[0.2515151515151516, -0.2515151515151516, -0.18550000000000005, 0.5, 0.1, 0.0, 0.0, 0.0, 1.0, 0.6560844790808397, 1.0, 0.0, 0.0, 0.0, 0.0, 0.0, 0.0, 0.0]",80033,143094,N3,dismiss,-0.3,ts,2180,1
"[0.28571428571428564, -0.28571428571428564, -0.07916181606519221, 0.0, 0.0, 0.0, 0.0, 0.0, 1.0, 0.8217463836304342, 1.0, 0.0, 0.0, 0.0, 0.0, 0.0, 0.0, 0.0]",93923,72622,N3,accept,0.4999999999999999,ts,579,1
"[0.4235294117647059, -0.4235294117647059, 0.057401812688821705, 0.488, -0.03333333333333333, 0.0, 0.0, 0.0, 1.0, 0.7655783045055141, 1.0, 0.0, 0.0, 0.0, 0.0, 0.0, 0.0, 0.0]",61306,169065,N3,accept,0.5964705882352941,ts,2615,1
"[0.018987341772151913, -0.018987341772151913, -0.07966573816155988, -0.0111731843575419, -0.29473684210526313, 0.0, 0.0, 0.0, 1.0, 0.6575391462900055, 1.0, 0.0, 0.0, 0.0, 0.0, 0.0, 0.0, 0.0]",43387,43382,N3,accept,0.31329113924050633,ts,1473,1
"[0.20000000000000007, -0.20000000000000007, -0.018032786885245924, 1.0, 0.74, 0.0, 0.0, 0.0, 1.0, 0.5608166915972946, 1.0, 0.0, 0.0, 0.0, 0.0, 0.0, 0.0, 0.0]",79856,135481,N3,dismiss,-0.3,ts,874,0
"[0.23076923076923075, -0.23076923076923075, -0.43301759133964823, 0.772972972972973, 1.0, 0.0, 0.0, 0.0, 1.0, 0.4523059183699954, 1.0, 0.0, 0.0, 0.0, 0.0, 0.0, 0.0, 0.0]",175208,57551,N3,dismiss,-0.3,ts,2229,1
"[0.30000000000000004, -0.30000000000000004, -0.2663949610967024, 0.04198473282442748, 0.0, 0.0, 0.0, 0.0, 1.0, 0.7607866701733167, 1.0, 0.0, 0.0, 0.0, 0.0, 0.0, 0.0, 0.0]",107855,133081,N3,accept,0.51,ts,2227,0
"[0.25000000000000006, -0.25000000000000006, 0.20033388981636072, 1.0, -0.2631578947368421, 0.0, 0.0, 0.0, 1.0, 0.5692901544143816, 1.0, 0.0, 0.0, 0.0, 0.0, 0.0, 0.0, 0.0]",185524,55377,N3,dismiss,-0.3,ts,891,1
"[0.3636363636363637, -0.3636363636363637, 0.0, 0.0, 0.0, 0.0, 0.0, 0.0, 1.0, 0.8742764353476687, 1.0, 0.0, 0.0, 0.0, 0.0, 0.0, 0.0, 0.0]",123010,123174,N3,accept,0.5545454545454546,ts,1805,0
"[0.2142857142857143, -0.2142857142857143, 0.0, -0.09363295880149813, 0.5492957746478874, 0.0, 0.0, 0.0, 1.0, 0.7020840351677758, 1.0, 0.0, 0.0, 0.0, 0.0, 0.0, 0.0, 0.0]",147103,138639,N3,dismiss,-0.3,ts,1117,0
"[0.30000000000000004, -0.30000000000000004, 0.07455197132616495, 0.09195402298850575, 0.0, 0.0, 0.0, 0.0, 1.0, 0.80257251054552, 1.0, 0.0, 0.0, 0.0, 0.0, 0.0, 0.0, 0.0]",81449,104485,N3,dismiss,-0.3,ts,819,1
"[0.25, -0.25, -0.18823529411764706, 0.0, 0.0, 0.0, 0.0, 0.0, 1.0, 0.7768452100027552, 1.0, 0.0, 0.0, 0.0, 0.0, 0.0, 0.0, 0.0]",113825,87177,N3,dismiss,-0.3,ts,955,0
"[0.4069767441860465, -0.4069767441860465, -0.16522948539638388, 0.11255411255411256, -0.44642857142857145, 0.0, 0.0, 0.0, 1.0, 0.7110194640149824, 1.0, 0.0, 0.0, 0.0, 0.0, 0.0, 0.0, 0.0]",20076,20089,N3,accept,0.5848837209302326,ts,1318,1
"[0.06249999999999994, -0.06249999999999994, -0.42495393524611735, 0.15263157894736842, -0.05263157894736842, 0.0, 0.0, 0.0, 1.0, 0.6044124951997967, 1.0, 0.0, 0.0, 0.0, 0.0, 0.0, 0.0, 0.0]",155625,127690,N3,dismiss,-0.3,ts,1633,1
"[0.8714285714285714, -0.8714285714285714, -0.4314063848144952, 0.22093023255813954, 0.55, 0.0, 0.0, 0.0, 1.0, 0.6966389331720354, 1.0, 0.0, 0.0, 0.0, 0.0, 0.0, 0.0, 0.0]",73628,170138,N3,dismiss,-0.3,ts,649,0
"[0.7058823529411765, -0.7058823529411765, -0.04595404595404586, 0.84, -0.4444444444444444, 0.0, 0.0, 0.0, 1.0, 0.7183640289709969, 1.0, 0.0, 0.0, 0.0, 0.0, 0.0, 0.0, 0.0]",170190,146668,N3,dismiss,-0.3,ts,2587,1
"[0.6666666666666666, -0.6666666666666666, -0.5428888888888889, -0.26884422110552764, -0.2727272727272727, 0.0, 0.0, 0.0, 1.0, 0.6824776259315414, 1.0, 0.0, 0.0, 0.0, 0.0, 0.0, 0.0, 0.0]",69112,29663,N3,dismiss,-0.3,ts,2040,1
"[0.6222222222222222, -0.6222222222222222, -0.2, -0.06, -0.1, 0.0, 0.0, 0.0, 1.0, 0.8229477435143618, 1.0, 0.0, 0.0, 0.0, 0.0, 0.0, 0.0, 0.0]",135207,41800,N3,dismiss,-0.3,ts,2437,1
"[0.8417582417582418, -0.8417582417582418, -0.3031662926950885, -0.3619047619047619, -0.6782608695652174, 0.0, 0.0, 0.0, 1.0, 0.6833853205968139, 1.0, 0.0, 0.0, 0.0, 0.0, 0.0, 0.0, 0.0]",155844,54927,N3,dismiss,-0.3,ts,479,1
"[0.11999999999999993, -0.11999999999999993, -0.617, 0.011299435028248588, -0.07692307692307693, 0.0, 0.0, 0.0, 1.0, 0.6280041391704184, 1.0, 0.0, 0.0, 0.0, 0.0, 0.0, 0.0, 0.0]",108827,93937,N3,dismiss,-0.3,ts,1124,1
"[0.8727272727272728, -0.8727272727272728, 0.0, 0.3, -0.07999999999999999, 0.0, 0.0, 0.0, 1.0, 0.8761546154017625, 1.0, 0.0, 0.0, 0.0, 0.0, 0.0, 0.0, 0.0]",122718,125786,N3,accept,0.9109090909090909,ts,737,1
"[0.33888888888888896, -0.33888888888888896, 0.1111111111111111, 0.26, 0.12000000000000002, 0.0, 0.0, 0.0, 1.0, 0.7344811410346426, 1.0, 0.0, 0.0, 0.0, 0.0, 0.0, 0.0, 0.0]",63753,29449,N3,dismiss,-0.3,ts,2674,0
"[0.5, -0.5, -0.10344827586206896, 0.0, 0.0, 0.0, 0.0, 0.0, 1.0, 0.8714079900606294, 1.0, 0.0, 0.0, 0.0, 0.0, 0.0, 0.0, 0.0]",70828,129946,N3,dismiss,-0.3,ts,537,0
"[0.1250000000000001, -0.1250000000000001, 0.16218749999999993, 0.0, 0.0, 0.0, 0.0, 0.0, 1.0, 0.7409291148542603, 1.0, 0.0, 0.0, 0.0, 0.0, 0.0, 0.0, 0.0]",57061,55412,N3,accept,0.38750000000000007,ts,1729,0
"[0.25, -0.25, -0.7625099285146941, -0.32338308457711445, -0.984375, 0.0, 0.0, 0.0, 1.0, 0.48261789721960435, 1.0, 0.0, 0.0, 0.0, 0.0, 0.0, 0.0, 0.0]",127415,134921,N3,dismiss,-0.3,ts,1186,1
"[0.33888888888888896, -0.33888888888888896, 0.1111111111111111, 0.26, 0.12000000000000002, 0.0, 0.0, 0.0, 1.0, 0.7344811410346426, 1.0, 0.0, 0.0, 0.0, 0.0, 0.0, 0.0, 0.0]",63753,29449,N3,accept,0.5372222222222223,ts,2946,1
"[0.11764705882352951, -0.11764705882352951, -0.6587646076794657, -0.18, -0.039999999999999994, 0.0, 0.0, 0.0, 1.0, 0.5903434434275853, 1.0, 0.0, 0.0, 0.0, 0.0, 0.0, 0.0, 0.0]",18053,122734,N3,dismiss,-0.3,ts,536,1
"[0.896470588235294, -0.896470588235294, -0.5132127955493742, 0.003745318352059925, -0.2, 0.0, 0.0, 0.0, 1.0, 0.7892851545630684, 1.0, 0.0, 0.0, 0.0, 0.0, 0.0, 0.0, 0.0]",128242,92135,N3,dismiss,-0.3,ts,2883,1
"[0.5636363636363637, -0.5636363636363637, -0.43781094527363185, -0.011396011396011397, 0.8333333333333334, 0.0, 0.0, 0.0, 1.0, 0.6804436133378147, 1.0, 0.0, 0.0, 0.0, 0.0, 0.0, 0.0, 0.0]",72081,108828,N3,accept,0.6945454545454546,ts,668,1
"[0.24242424242424238, -0.24242424242424238, -0.129287598944591, 0.14634146341463414, -0.019999999999999973, 0.0, 0.0, 0.0, 1.0, 0.7475906702273, 1.0, 0.0, 0.0, 0.0, 0.0, 0.0, 0.0, 0.0]",110035,19599,N3,dismiss,-0.3,ts,1476,1
"[0.8835294117647059, -0.8835294117647059, -0.4411372723234119, -0.04498269896193772, -0.07692307692307693, 0.0, 0.0, 0.0, 1.0, 0.8154967360572816, 1.0, 0.0, 0.0, 0.0, 0.0, 0.0, 0.0, 0.0]",179677,108025,N3,dismiss,-0.3,ts,2823,1
"[0.3636363636363637, -0.3636363636363637, 0.0, 0.061046511627906974, 0.0, 0.0, 0.0, 0.0, 1.0, 0.8570363402900383, 1.0, 0.0, 0.0, 0.0, 0.0, 0.0, 0.0, 0.0]",123009,123174,N3,dismiss,-0.3,ts,1905,0
"[0.7600000000000001, -0.7600000000000001, 0.0, 0.0, 0.0, 0.0, 0.0, 0.0, 1.0, 0.9536035234414215, 1.0, 0.0, 0.0, 0.0, 0.0, 0.0, 0.0, 0.0]",141769,141753,N3,accept,0.8320000000000001,ts,2686,1
"[0.20000000000000004, -0.20000000000000004, -0.4444444444444444, -0.5061224489795918, 0.1111111111111111, 0.0, 0.0, 0.0, 1.0, 0.5796715609809813, 1.0, 0.0, 0.0, 0.0, 0.0, 0.0, 0.0, 0.0]",127333,63222,N3,dismiss,-0.3,ts,1536,1
"[0.4, -0.28, -0.29684601113172543, 0.0, 0.0, 0.0, 0.0, 0.0, 1.0, 0.759689501888925, 1.0, 0.0, 0.0, 0.0, 0.0, 0.0, 0.0, 0.0]",63873,42569,N3,accept,0.58,ts,2045,0
"[0.36571428571428577, -0.36571428571428577, 0.2005012531328321, 0.06333333333333334, 0.2727272727272727, 0.0, 0.0, 0.0, 1.0, 0.7278827034687902, 1.0, 0.0, 0.0, 0.0, 0.0, 0.0, 0.0, 0.0]",174761,63924,N3,dismiss,-0.3,ts,1747,1
"[0.14000000000000004, -0.14000000000000004, -0.303, -0.2843601895734597, 0.41999999999999993, 0.0, 0.0, 0.0, 1.0, 0.5605413624853973, 1.0, 0.0, 0.0, 0.0, 0.0, 0.0, 0.0, 0.0]",162680,115226,N3,dismiss,-0.3,ts,1321,1
"[0.3636363636363637, -0.3636363636363637, 0.14285714285714285, 0.028169014084507043, 0.36363636363636365, 0.0, 0.0, 0.0, 1.0, 0.7388385917974343, 1.0, 0.0, 0.0, 0.0, 0.0, 0.0, 0.0, 0.0]",123011,123174,N3,accept,0.5545454545454546,ts,480,0
"[0.6574074074074074, -0.6574074074074074, -0.10465116279069774, 1.0, 1.0, 0.0, 0.0, 0.0, 1.0, 0.6015267368350139, 1.0, 0.0, 0.0, 0.0, 0.0, 0.0, 0.0, 0.0]",147349,63922,N3,dismiss,-0.3,ts,2035,1
"[0.3636363636363637, -0.3636363636363637, 0.0, 0.061046511627906974, 0.0, 0.0, 0.0, 0.0, 1.0, 0.8570363402900383, 1.0, 0.0, 0.0, 0.0, 0.0, 0.0, 0.0, 0.0]",123210,123174,N3,dismiss,-0.3,ts,453,0
"[0.10000000000000009, -0.10000000000000009, -0.2588235294117647, -0.975, -0.52, 0.0, 0.0, 0.0, 1.0, 0.48076478481180795, 1.0, 0.0, 0.0, 0.0, 0.0, 0.0, 0.0, 0.0]",91074,16650,N3,dismiss,-0.3,ts,1451,0
"[0.6363636363636364, -0.6363636363636364, -0.2700729927007299, 0.0, 0.0, 0.0, 0.0, 0.0, 1.0, 0.8519911280552436, 1.0, 0.0, 0.0, 0.0, 0.0, 0.0, 0.0, 0.0]",141743,51605,N3,dismiss,-0.3,ts,2391,0
"[0.09090909090909098, -0.09090909090909098, 0.0, -0.07204610951008646, -0.08333333333333333, 0.0, 0.0, 0.0, 1.0, 0.7407246055659577, 1.0, 0.0, 0.0, 0.0, 0.0, 0.0, 0.0, 0.0]",43107,43089,N3,accept,0.36363636363636365,ts,2894,1
"[0.64, -0.64, -0.21645796064400719, -0.5691489361702128, 0.4, 0.0, 0.0, 0.0, 1.0, 0.681246145030448, 1.0, 0.0, 0.0, 0.0, 0.0, 0.0, 0.0, 0.0]",19596,19598,N3,dismiss,-0.3,ts,1877,0
"[0.580952380952381, -0.580952380952381, 0.0, -0.45161290322580644, -0.07999999999999999, 0.0, 0.0, 0.0, 1.0, 0.8141354131117764, 1.0, 0.0, 0.0, 0.0, 0.0, 0.0, 0.0, 0.0]",126323,130670,N3,dismiss,-0.3,ts,1005,1
"[0.24242424242424238, -0.24242424242424238, 0.13120567375886522, -0.0196078431372549, 0.040000000000000015, 0.0, 0.0, 0.0, 1.0, 0.7736411098263166, 1.0, 0.0, 0.0, 0.0, 0.0, 0.0, 0.0, 0.0]",120700,19597,N3,accept,0.4696969696969696,ts,553,1
"[0.09090909090909098, -0.09090909090909098, -0.5, 0.054878048780487805, 0.16666666666666666, 0.0, 0.0, 0.0, 1.0, 0.5993446453007973, 1.0, 0.0, 0.0, 0.0, 0.0, 0.0, 0.0, 0.0]",162867,43098,N3,dismiss,-0.3,ts,2351,1
"[0.5454545454545454, -0.5454545454545454, -0.008000000000000007, -0.8403908794788274, -0.5, 0.0, 0.0, 0.0, 1.0, 0.6984613948531551, 1.0, 0.0, 0.0, 0.0, 0.0, 0.0, 0.0, 0.0]",69980,94324,N3,accept,0.6818181818181818,ts,1579,0
"[0.02857142857142844, -0.02857142857142844, -0.20152761457109283, -0.008670520231213872, -0.1518987341772152, 0.0, 0.0, 0.0, 1.0, 0.6524855845390131, 1.0, 0.0, 0.0, 0.0, 0.0, 0.0, 0.0, 0.0]",117162,185707,N3,accept,0.3199999999999999,ts,806,0
"[0.72, -0.72, -0.42404006677796324, -0.3, 0.020000000000000018, 0.0, 0.0, 0.0, 1.0, 0.7603871955058701, 1.0, 0.0, 0.0, 0.0, 0.0, 0.0, 0.0, 0.0]",33289,82101,N3,dismiss,-0.3,ts,1609,1
"[0.3333333333333333, -0.3333333333333333, 0.22073170731707326, -0.20784313725490197, 0.05263157894736842, 0.0, 0.0, 0.0, 1.0, 0.7281444460834263, 1.0, 0.0, 0.0, 0.0, 0.0, 0.0, 0.0, 0.0]",155668,170191,N3,accept,0.5333333333333333,ts,836,0
"[0.45, -0.45, 0.0, 0.31196581196581197, -0.2830188679245283, 0.0, 0.0, 0.0, 1.0, 0.7626054500386172, 1.0, 0.0, 0.0, 0.0, 0.0, 0.0, 0.0, 0.0]",123829,69980,N3,accept,0.615,ts,1597,1
"[0.03240740740740754, -0.03240740740740754, -0.09090909090909091, 0.6775956284153005, 0.21999999999999992, 0.0, 0.0, 0.0, 1.0, 0.5641839558423116, 1.0, 0.0, 0.0, 0.0, 0.0, 0.0, 0.0, 0.0]",104492,69980,N3,dismiss,-0.3,ts,2764,0
"[0.07692307692307684, -0.07692307692307684, -0.0039890301670405534, -0.08571428571428572, -0.043478260869565216, 0.0, 0.0, 0.0, 1.0, 0.7410061614869147, 1.0, 0.0, 0.0, 0.0, 0.0, 0.0, 0.0, 0.0]",155844,139805,N3,dismiss,-0.3,ts,823,1
"[0.11458333333333333, -0.11458333333333333, 0.0, -0.5561959654178674, -0.7909090909090909, 0.0, 0.0, 0.0, 1.0, 0.5727064609689967, 1.0, 0.0, 0.0, 0.0, 0.0, 0.0, 0.0, 0.0]",107659,142262,N3,dismiss,-0.3,ts,1539,0
"[0.19999999999999993, -0.19999999999999993, -0.64, -0.7017543859649122, -0.18, 0.0, 0.0, 0.0, 1.0, 0.519947046261621, 1.0, 0.0, 0.0, 0.0, 0.0, 0.0, 0.0, 0.0]",87407,66862,N3,dismiss,-0.3,ts,975,1
"[0.3636363636363637, -0.3636363636363637, 0.14285714285714285, 0.028169014084507043, 0.36363636363636365, 0.0, 0.0, 0.0, 1.0, 0.7388385917974343, 1.0, 0.0, 0.0, 0.0, 0.0, 0.0, 0.0, 0.0]",123011,123174,N3,dismiss,-0.3,ts,2966,0
"[0.5636363636363637, -0.5636363636363637, -0.5024875621890547, 0.08356545961002786, 0.92, 0.0, 0.0, 0.0, 1.0, 0.6461185256191377, 1.0, 0.0, 0.0, 0.0, 0.0, 0.0, 0.0, 0.0]",29710,107588,N3,accept,0.6945454545454546,ts,1015,1
"[0.12280701754385964, -0.12280701754385964, -0.6153846153846154, 0.5263157894736842, -0.4, 0.0, 0.0, 0.0, 1.0, 0.47370431702429144, 1.0, 0.0, 0.0, 0.0, 0.0, 0.0, 0.0, 0.0]",187197,167155,N3,accept,0.38596491228070173,ts,593,1
"[0.023255813953488393, -0.023255813953488393, 0.03894297635605003, 0.0, -0.03571428571428571, 0.0, 0.0, 0.0, 1.0, 0.7333907959334611, 1.0, 0.0, 0.0, 0.0, 0.0, 0.0, 0.0, 0.0]",20076,20077,N3,dismiss,-0.3,ts,1260,0
"[0.25, -0.25, 0.09090909090909091, 0.1, 0.49166666666666653, 0.0, 0.0, 0.0, 1.0, 0.6852588678547423, 1.0, 0.0, 0.0, 0.0, 0.0, 0.0, 0.0, 0.0]",110001,165914,N3,dismiss,-0.3,ts,913,0
"[0.16326530612244894, -0.16326530612244894, 0.0, -0.02601156069364162, -0.4117647058823529, 0.0, 0.0, 0.0, 1.0, 0.7182572044369081, 1.0, 0.0, 0.0, 0.0, 0.0, 0.0, 0.0, 0.0]",63901,63915,N3,dismiss,-0.3,ts,1212,0
"[0.18918918918918928, -0.18918918918918928, -0.03710575139146568, -0.08256880733944955, -0.21428571428571427, 0.0, 0.0, 0.0, 1.0, 0.7296783300594867, 1.0, 0.0, 0.0, 0.0, 0.0, 0.0, 0.0, 0.0]",63923,16722,N3,dismiss,-0.3,ts,1173,1
"[0.6851851851851852, -0.6851851851851852, -0.030371567043618666, -0.20923076923076922, -0.3541666666666667, 0.0, 0.0, 0.0, 1.0, 0.8040452833533511, 1.0, 0.0, 0.0, 0.0, 0.0, 0.0, 0.0, 0.0]",41414,20089,N3,dismiss,-0.3,ts,2951,1
"[0.17500000000000002, -0.17500000000000002, 0.06028476219327483, 0.2600732600732601, 0.17391304347826086, 0.0, 0.0, 0.0, 1.0, 0.6865394554618305, 1.0, 0.0, 0.0, 0.0, 0.0, 0.0, 0.0, 0.0]",120787,169335,N3,dismiss,-0.3,ts,2364,0
"[0.9400000000000001, -0.9400000000000001, 0.11470588235294113, -0.18333333333333332, 1.0, 0.0, 0.0, 0.0, 1.0, 0.7517552768639826, 1.0, 0.0, 0.0, 0.0, 0.0, 0.0, 0.0, 0.0]",37946,42569,N3,dismiss,-0.3,ts,867,0
"[0.25, -0.25, 0.2124062031015508, 0.001215066828675577, 0.0, 0.0, 0.0, 0.0, 1.0, 0.7700037600548302, 1.0, 0.0, 0.0, 0.0, 0.0, 0.0, 0.0, 0.0]",30337,15457,N3,dismiss,-0.3,ts,1691,0
"[0.3636363636363637, -0.3636363636363637, 0.14285714285714285, 0.028169014084507043, 0.36363636363636365, 0.0, 0.0, 0.0, 1.0, 0.7388385917974343, 1.0, 0.0, 0.0, 0.0, 0.0, 0.0, 0.0, 0.0]",123011,123174,N3,dismiss,-0.3,ts,2312,0
"[0.9421428571428572, -0.9421428571428572, -0.3604, 0.09917355371900827, -0.4672131147540983, 0.0, 0.0, 0.0, 1.0, 0.7512507405087534, 1.0, 0.0, 0.0, 0.0, 0.0, 0.0, 0.0, 0.0]",81542,128247,N3,dismiss,-0.3,ts,485,1
"[0.648, -0.648, 0.1801637852593267, 0.20863309352517986, 1.0, 0.0, 0.0, 0.0, 1.0, 0.678459202837453, 1.0, 0.0, 0.0, 0.0, 0.0, 0.0, 0.0, 0.0]",185410,107458,N3,accept,0.7536,ts,664,0
"[0.3, -0.3, -0.25611175785797446, -0.014285714285714285, -0.015999999999999945, 0.0, 0.0, 0.0, 1.0, 0.7663580400368346, 1.0, 0.0, 0.0, 0.0, 0.0, 0.0, 0.0, 0.0]",19856,81462,N3,dismiss,-0.3,ts,2864,1
"[0.7576530612244898, -0.7576530612244898, -0.04534606205250594, -0.6555555555555556, -0.6199999999999999, 0.0, 0.0, 0.0, 1.0, 0.7198017822501334, 1.0, 0.0, 0.0, 0.0, 0.0, 0.0, 0.0, 0.0]",33276,174927,N3,dismiss,-0.3,ts,897,0
"[0.24999999999999994, -0.24999999999999994, -0.5759117896522477, -0.1375, 0.0, 0.0, 0.0, 0.0, 1.0, 0.6667371447270449, 1.0, 0.0, 0.0, 0.0, 0.0, 0.0, 0.0, 0.0]",85441,151793,N3,dismiss,-0.3,ts,1999,0
"[0.33333333333333337, -0.33333333333333337, -0.5833333333333334, 0.0, 0.0, 0.0, 0.0, 0.0, 1.0, 0.727809934097922, 1.0, 0.0, 0.0, 0.0, 0.0, 0.0, 0.0, 0.0]",112487,38636,N3,dismiss,-0.3,ts,615,0
"[0.6875, -0.6875, 0.1547058823529411, 1.0, 0.8333333333333334, 0.0, 0.0, 0.0, 1.0, 0.6216248415072391, 1.0, 0.0, 0.0, 0.0, 0.0, 0.0, 0.0, 0.0]",18437,90181,N3,dismiss,-0.3,ts,2898,0
"[0.535483870967742, -0.535483870967742, -0.011911852293031567, 0.0036231884057971015, 0.0, 0.0, 0.0, 0.0, 1.0, 0.9106676184244814, 1.0, 0.0, 0.0, 0.0, 0.0, 0.0, 0.0, 0.0]",64515,16646,N3,dismiss,-0.3,ts,2668,0
"[0.4444444444444444, -0.27999999999999997, -0.17076923076923078, 0.0, 0.0, 0.0, 0.0, 0.0, 1.0, 0.7913678346806224, 1.0, 0.0, 0.0, 0.0, 0.0, 0.0, 0.0, 0.0]",63920,63919,N3,dismiss,-0.3,ts,2200,0
"[0.47058823529411764, -0.47058823529411764, -0.11764705882352941, -0.1, -0.19999999999999996, 0.0, 0.0, 0.0, 1.0, 0.7834473599029986, 1.0, 0.0, 0.0, 0.0, 0.0, 0.0, 0.0, 0.0]",40189,70937,N3,dismiss,-0.3,ts,961,1
"[0.12499999999999988, -0.12499999999999988, 0.10011641443538992, 0.5833333333333334, -0.05, 0.0, 0.0, 0.0, 1.0, 0.6424774264918087, 1.0, 0.0, 0.0, 0.0, 0.0, 0.0, 0.0, 0.0]",78136,180524,N3,dismiss,-0.3,ts,1282,1
"[0.20000000000000007, -0.20000000000000007, -0.006303915063039193, 0.019943019943019943, -0.5, 0.0, 0.0, 0.0, 1.0, 0.7196391729676981, 1.0, 0.0, 0.0, 0.0, 0.0, 0.0, 0.0, 0.0]",43335,135482,N3,dismiss,-0.3,ts,730,1
"[0.2857142857142858, -0.2857142857142858, -0.19920000000000002, 0.1456953642384106, -0.040000000000000036, 0.0, 0.0, 0.0, 1.0, 0.735861369124238, 1.0, 0.0, 0.0, 0.0, 0.0, 0.0, 0.0, 0.0]",108112,87100,N3,accept,0.5,ts,1256,1
"[0.7, -0.7, 0.07168458781362008, 0.2830188679245283, -0.9722222222222222, 0.0, 0.0, 0.0, 1.0, 0.7253640172583175, 1.0, 0.0, 0.0, 0.0, 0.0, 0.0, 0.0, 0.0]",84871,134921,N3,dismiss,-0.3,ts,428,1
"[0.47058823529411764, -0.47058823529411764, 0.15384615384615385, 1.0, 0.6599999999999999, 0.0, 0.0, 0.0, 1.0, 0.5943309476945812, 1.0, 0.0, 0.0, 0.0, 0.0, 0.0, 0.0, 0.0]",37982,133969,N3,accept,0.6294117647058823,ts,2335,0
"[0.5636363636363637, -0.5636363636363637, 0.23253903040262944, 0.011594202898550725, 0.6666666666666666, 0.0, 0.0, 0.0, 1.0, 0.7338903808542905, 1.0, 0.0, 0.0, 0.0, 0.0, 0.0, 0.0, 0.0]",123006,107563,N3,dismiss,-0.3,ts,2873,1
"[0.04545454545454549, -0.04545454545454549, -0.0646666666666667, -0.008264462809917356, -0.22727272727272727, 0.0, 0.0, 0.0, 1.0, 0.6855067967400382, 1.0, 0.0, 0.0, 0.0, 0.0, 0.0, 0.0, 0.0]",138639,127487,N3,accept,0.33181818181818185,ts,2085,0
"[0.3768115942028985, -0.3768115942028985, 0.16155088852988703, -0.08333333333333333, 0.037037037037037035, 0.0, 0.0, 0.0, 1.0, 0.789002293334841, 1.0, 0.0, 0.0, 0.0, 0.0, 0.0, 0.0, 0.0]",89552,20076,N3,accept,0.5637681159420289,ts,1281,1
"[0.5, -0.5, -0.4592875318066158, 0.0, 0.0, 0.0, 0.0, 0.0, 1.0, 0.7886047001257124, 1.0, 0.0, 0.0, 0.0, 0.0, 0.0, 0.0, 0.0]",90179,56398,N3,dismiss,-0.3,ts,1177,0
"[0.25, -0.25, -0.316628701594533, 0.02976190476190476, 0.20192307692307687, 0.0, 0.0, 0.0, 1.0, 0.6872552925450732, 1.0, 0.0, 0.0, 0.0, 0.0, 0.0, 0.0, 0.0]",117146,117045,N3,dismiss,-0.3,ts,680,0
"[0.3636363636363637, -0.3636363636363637, 0.0, 0.0, 0.0, 0.0, 0.0, 0.0, 1.0, 0.8742764353476687, 1.0, 0.0, 0.0, 0.0, 0.0, 0.0, 0.0, 0.0]",123548,123174,N3,accept,0.5545454545454546,ts,1383,0
"[0.5636363636363637, -0.5636363636363637, -0.5305164319248826, -0.008522727272727272, 0.6666666666666666, 0.0, 0.0, 0.0, 1.0, 0.6783958893723203, 1.0, 0.0, 0.0, 0.0, 0.0, 0.0, 0.0, 0.0]",74281,107563,N3,dismiss,-0.3,ts,1116,1
"[0.09090909090909098, -0.09090909090909098, -0.24812030075187969, 0.002932551319648094, -0.23076923076923078, 0.0, 0.0, 0.0, 1.0, 0.6493139776056457, 1.0, 0.0, 0.0, 0.0, 0.0, 0.0, 0.0, 0.0]",174771,43087,N3,dismiss,-0.3,ts,771,1
"[0.16216216216216217, -0.16216216216216217, -0.16666666666666666, 0.08461538461538462, 0.020833333333333447, 0.0, 0.0, 0.0, 1.0, 0.7234709814458078, 1.0, 0.0, 0.0, 0.0, 0.0, 0.0, 0.0, 0.0]",91969,91957,N3,accept,0.4135135135135135,ts,572,0
"[0.7559322033898305, -0.7559322033898305, -0.34188034188034194, 0.36231884057971014, 0.2, 0.0, 0.0, 0.0, 1.0, 0.7272533969879976, 1.0, 0.0, 0.0, 0.0, 0.0, 0.0, 0.0, 0.0]",63936,63878,N3,dismiss,-0.3,ts,1893,1
"[0.142857142857143, -0.142857142857143, -0.2792, 0.2913907284768212, -0.020000000000000018, 0.0, 0.0, 0.0, 1.0, 0.6450608850380813, 1.0, 0.0, 0.0, 0.0, 0.0, 0.0, 0.0, 0.0]",108112,83435,N3,dismiss,-0.3,ts,576,1
"[0.5333333333333333, -0.5333333333333333, 0.15799999999999997, 0.0, 0.0, 0.0, 0.0, 0.0, 1.0, 0.8618210826004871, 1.0, 0.0, 0.0, 0.0, 0.0, 0.0, 0.0, 0.0]",40487,16725,N3,dismiss,-0.3,ts,756,1
"[0.7954545454545455, -0.7954545454545455, -0.4296769851951548, -0.0026246719160104987, 0.5333333333333333, 0.0, 0.0, 0.0, 1.0, 0.7434156060173731, 1.0, 0.0, 0.0, 0.0, 0.0, 0.0, 0.0, 0.0]",106733,89765,N3,dismiss,-0.3,ts,915,1
"[0.6029411764705882, -0.6029411764705882, 0.0, 0.0, 0.0, 0.0, 0.0, 0.0, 1.0, 0.9296098135166916, 1.0, 0.0, 0.0, 0.0, 0.0, 0.0, 0.0, 0.0]",107697,70105,N3,dismiss,-0.3,ts,2202,1
"[0.4235294117647059, -0.4235294117647059, -0.2159090909090909, 0.10526315789473684, 0.020000000000000018, 0.0, 0.0, 0.0, 1.0, 0.7859292749421055, 1.0, 0.0, 0.0, 0.0, 0.0, 0.0, 0.0, 0.0]",87407,82101,N3,dismiss,-0.3,ts,2399,1
"[0.12499999999999988, -0.12499999999999988, 0.1864406779661017, 0.3464566929133858, 0.0, 0.0, 0.0, 0.0, 1.0, 0.65910022537907, 1.0, 0.0, 0.0, 0.0, 0.0, 0.0, 0.0, 0.0]",92706,114737,N3,dismiss,-0.3,ts,958,1
"[0.20000000000000007, -0.20000000000000007, -0.2488262910798122, -0.011363636363636364, 0.0, 0.0, 0.0, 0.0, 1.0, 0.7410487326541809, 1.0, 0.0, 0.0, 0.0, 0.0, 0.0, 0.0, 0.0]",43334,32065,N3,accept,0.44000000000000006,ts,2698,1
"[0.1666666666666667, -0.1666666666666667, -0.28112267994567675, 0.17355371900826447, -0.20833333333333334, 0.0, 0.0, 0.0, 1.0, 0.6301107558702879, 1.0, 0.0, 0.0, 0.0, 0.0, 0.0, 0.0, 0.0]",110166,89666,N3,dismiss,-0.3,ts,1055,1
"[0.25, -0.25, -0.7960544217687074, -0.23383084577114427, -0.7125, 0.0, 0.0, 0.0, 1.0, 0.5103346365551422, 1.0, 0.0, 0.0, 0.0, 0.0, 0.0, 0.0, 0.0]",30574,115951,N3,accept,0.475,ts,1635,1
"[0.8392857142857143, -0.8392857142857143, -0.17391304347826086, -0.11498257839721254, -0.5818181818181819, 0.0, 0.0, 0.0, 1.0, 0.769972890134619, 1.0, 0.0, 0.0, 0.0, 0.0, 0.0, 0.0, 0.0]",91072,54392,N3,dismiss,-0.3,ts,1987,1
"[0.15, -0.15, -0.47750000000000004, -0.525, -0.58, 0.0, 0.0, 0.0, 1.0, 0.4817956353842709, 1.0, 0.0, 0.0, 0.0, 0.0, 0.0, 0.0, 0.0]",18598,18005,N3,dismiss,-0.3,ts,2855,1
"[0.1, -0.07, -0.2697495183044316, -0.05, -0.17272727272727276, 0.0, 0.0, 0.0, 1.0, 0.63467239594446, 1.0, 0.0, 0.0, 0.0, 0.0, 0.0, 0.0, 0.0]",49082,49005,N3,dismiss,-0.3,ts,1776,0
"[0.2000000000000001, -0.2000000000000001, 0.1744127936031983, 0.12962962962962962, -0.1, 0.0, 0.0, 0.0, 1.0, 0.7024844421991034, 1.0, 0.0, 0.0, 0.0, 0.0, 0.0, 0.0, 0.0]",146547,83437,N3,dismiss,-0.3,ts,1729,1
"[0.7559322033898305, -0.7559322033898305, -0.3663003663003664, 0.08695652173913043, 0.1, 0.0, 0.0, 0.0, 1.0, 0.7980838780577649, 1.0, 0.0, 0.0, 0.0, 0.0, 0.0, 0.0, 0.0]",63936,16722,N3,accept,0.8291525423728814,ts,2094,1
"[0.3636363636363637, -0.3636363636363637, 0.0, 0.061046511627906974, 0.0, 0.0, 0.0, 0.0, 1.0, 0.8570363402900383, 1.0, 0.0, 0.0, 0.0, 0.0, 0.0, 0.0, 0.0]",123009,123174,N3,dismiss,-0.3,ts,2606,0
"[0.7787610619469026, -0.7787610619469026, 0.0027855153203343017, 0.008450704225352112, 0.3333333333333333, 0.0, 0.0, 0.0, 1.0, 0.8793064268333981, 1.0, 0.0, 0.0, 0.0, 0.0, 0.0, 0.0, 0.0]",143110,151849,N3,dismiss,-0.3,ts,2356,0
"[0.37500000000000006, -0.37500000000000006, 0.0, -0.3611111111111111, 0.043478260869565216, 0.0, 0.0, 0.0, 1.0, 0.7878158040247939, 1.0, 0.0, 0.0, 0.0, 0.0, 0.0, 0.0, 0.0]",125913,51122,N3,dismiss,-0.3,ts,2085,0
"[0.06666666666666664, -0.06666666666666664, 0.19471488178025034, -0.08766233766233766, 0.0, 0.0, 0.0, 0.0, 1.0, 0.6862832891805196, 1.0, 0.0, 0.0, 0.0, 0.0, 0.0, 0.0, 0.0]",55377,84577,N3,dismiss,-0.3,ts,2148,0
"[0.5, -0.5, -0.4172461752433937, 0.0, 0.0, 0.0, 0.0, 0.0, 1.0, 0.795606196800465, 1.0, 0.0, 0.0, 0.0, 0.0, 0.0, 0.0, 0.0]",87402,57278,N3,dismiss,-0.3,ts,2151,1
"[0.5166666666666667, -0.5166666666666667, -0.332220367278798, -0.02158273381294964, 0.02500000000000006, 0.0, 0.0, 0.0, 1.0, 0.8017164592835999, 1.0, 0.0, 0.0, 0.0, 0.0, 0.0, 0.0, 0.0]",53365,40258,N3,dismiss,-0.3,ts,1924,1
"[0.05714285714285719, -0.05714285714285719, -0.49874686716791977, 0.0, 0.0, 0.0, 0.0, 0.0, 1.0, 0.6451367672871084, 1.0, 0.0, 0.0, 0.0, 0.0, 0.0, 0.0, 0.0]",174761,93864,N3,dismiss,-0.3,ts,475,1
"[0.648, -0.648, 0.12880765883376852, 0.20863309352517986, 1.0, 0.0, 0.0, 0.0, 1.0, 0.693548136379965, 1.0, 0.0, 0.0, 0.0, 0.0, 0.0, 0.0, 0.0]",185576,107554,N3,accept,0.7536,ts,1201,0
"[0.3000000000000001, -0.3000000000000001, -0.528957528957529, 0.0, 0.0, 0.0, 0.0, 0.0, 1.0, 0.7249105321469098, 1.0, 0.0, 0.0, 0.0, 0.0, 0.0, 0.0, 0.0]",85444,85446,N3,dismiss,-0.3,ts,2411,0
"[0.37500000000000006, -0.37500000000000006, 0.0, -0.3611111111111111, 0.043478260869565216, 0.0, 0.0, 0.0, 1.0, 0.7878158040247939, 1.0, 0.0, 0.0, 0.0, 0.0, 0.0, 0.0, 0.0]",125913,51122,N3,dismiss,-0.3,ts,1204,1
"[0.41176470588235287, -0.41176470588235287, -0.10614525139664797, 0.12, 0.24, 0.0, 0.0, 0.0, 1.0, 0.7599295455936875, 1.0, 0.0, 0.0, 0.0, 0.0, 0.0, 0.0, 0.0]",63626,58615,N3,accept,0.588235294117647,ts,1368,0
"[0.8714285714285714, -0.8714285714285714, -0.2588235294117647, -0.9809523809523809, -0.9324324324324325, 0.0, 0.0, 0.0, 1.0, 0.6293980130464618, 1.0, 0.0, 0.0, 0.0, 0.0, 0.0, 0.0, 0.0]",91071,16650,N3,dismiss,-0.3,ts,1899,0
"[0.64, -0.64, -0.21645796064400719, -0.5691489361702128, 0.4, 0.0, 0.0, 0.0, 1.0, 0.681246145030448, 1.0, 0.0, 0.0, 0.0, 0.0, 0.0, 0.0, 0.0]",19596,19598,N3,dismiss,-0.3,ts,2856,0
"[0.11458333333333333, -0.11458333333333333, 0.0, -0.5561959654178674, -0.7909090909090909, 0.0, 0.0, 0.0, 1.0, 0.5727064609689967, 1.0, 0.0, 0.0, 0.0, 0.0, 0.0, 0.0, 0.0]",107659,142262,N3,dismiss,-0.3,ts,2756,0
"[0.56, -0.56, 0.047120418848167464, 0.36086956521739133, -0.4, 0.0, 0.0, 0.0, 1.0, 0.7437502917188107, 1.0, 0.0, 0.0, 0.0, 0.0, 0.0, 0.0, 0.0]",146668,169349,N3,dismiss,-0.3,ts,1194,0
"[0.14, -0.14, -0.02666666666666673, 0.0625, -0.1, 0.0, 0.0, 0.0, 1.0, 0.7465385609804288, 1.0, 0.0, 0.0, 0.0, 0.0, 0.0, 0.0, 0.0]",141632,69993,N3,dismiss,-0.3,ts,1168,0
"[0.2058823529411765, -0.2058823529411765, -0.0625, -0.02, 0.16, 0.0, 0.0, 0.0, 1.0, 0.7543817618859714, 1.0, 0.0, 0.0, 0.0, 0.0, 0.0, 0.0, 0.0]",40998,70937,N3,accept,0.4441176470588235,ts,2748,0
"[0.19999999999999996, -0.19999999999999996, -0.20040080160320642, 0.0, 0.0, 0.0, 0.0, 0.0, 1.0, 0.7567847392414749, 1.0, 0.0, 0.0, 0.0, 0.0, 0.0, 0.0, 0.0]",130669,30619,N3,dismiss,-0.3,ts,997,0
"[0.28571428571428564, -0.28571428571428564, -0.39499865555256786, -0.058823529411764705, 0.1, 0.0, 0.0, 0.0, 1.0, 0.6979619658365656, 1.0, 0.0, 0.0, 0.0, 0.0, 0.0, 0.0, 0.0]",55412,141632,N3,dismiss,-0.3,ts,1391,1
"[0.09090909090909098, -0.09090909090909098, -0.3736951983298538, -0.017045454545454544, 0.041666666666666664, 0.0, 0.0, 0.0, 1.0, 0.6615805401157776, 1.0, 0.0, 0.0, 0.0, 0.0, 0.0, 0.0, 0.0]",110877,117053,N3,dismiss,-0.3,ts,1032,1
"[0.3636363636363637, -0.3636363636363637, -0.28315412186379924, 0.3931297709923664, 0.7241379310344829, 0.0, 0.0, 0.0, 1.0, 0.5913779457118944, 1.0, 0.0, 0.0, 0.0, 0.0, 0.0, 0.0, 0.0]",185575,123174,N3,accept,0.5545454545454546,ts,798,0
"[0.32, -0.32, -0.3934782608695652, -0.2, 0.09999999999999995, 0.0, 0.0, 0.0, 1.0, 0.6759641556517004, 1.0, 0.0, 0.0, 0.0, 0.0, 0.0, 0.0, 0.0]",38212,88339,N3,dismiss,-0.3,ts,1512,1
"[0.09523809523809519, -0.09523809523809519, -0.16666666666666666, -0.03741496598639456, 0.1111111111111111, 0.0, 0.0, 0.0, 1.0, 0.6880753628815747, 1.0, 0.0, 0.0, 0.0, 0.0, 0.0, 0.0, 0.0]",91970,38840,N3,dismiss,-0.3,ts,463,1
"[0.7843137254901961, -0.7843137254901961, 0.17994100294985255, 1.0, -0.6363636363636364, 0.0, 0.0, 0.0, 1.0, 0.6485163998686077, 1.0, 0.0, 0.0, 0.0, 0.0, 0.0, 0.0, 0.0]",120916,169349,N3,accept,0.8490196078431371,ts,688,1
"[0.3636363636363637, -0.3636363636363637, 0.0, 0.0, 0.0, 0.0, 0.0, 0.0, 1.0, 0.8742764353476687, 1.0, 0.0, 0.0, 0.0, 0.0, 0.0, 0.0, 0.0]",123548,123174,N3,dismiss,-0.3,ts,2426,0
"[0.3000000000000001, -0.3000000000000001, -0.528957528957529, 0.0, 0.0, 0.0, 0.0, 0.0, 1.0, 0.7249105321469098, 1.0, 0.0, 0.0, 0.0, 0.0, 0.0, 0.0, 0.0]",85444,85446,N3,dismiss,-0.3,ts,2777,0
"[0.3000000000000001, -0.3000000000000001, -0.7555110220440883, 0.03333333333333333, 0.45999999999999996, 0.0, 0.0, 0.0, 1.0, 0.599715517942224, 1.0, 0.0, 0.0, 0.0, 0.0, 0.0, 0.0, 0.0]",44266,85446,N3,dismiss,-0.3,ts,1012,1
"[0.8530612244897959, -0.8530612244897959, -0.4003639672429481, 0.4482758620689655, 0.47619047619047616, 0.0, 0.0, 0.0, 1.0, 0.6729637351096623, 1.0, 0.0, 0.0, 0.0, 0.0, 0.0, 0.0, 0.0]",180522,170138,N3,dismiss,-0.3,ts,510,0
"[0.3636363636363637, -0.3636363636363637, 0.0, 0.016713091922005572, 0.25, 0.0, 0.0, 0.0, 1.0, 0.8103249790259089, 1.0, 0.0, 0.0, 0.0, 0.0, 0.0, 0.0, 0.0]",123014,123174,N3,dismiss,-0.3,ts,2159,0
"[0.431578947368421, -0.431578947368421, 0.1, -0.21794871794871795, -0.490566037735849, 0.0, 0.0, 0.0, 1.0, 0.7094556616298944, 1.0, 0.0, 0.0, 0.0, 0.0, 0.0, 0.0, 0.0]",123829,104492,N3,accept,0.6021052631578947,ts,1311,0
"[0.24242424242424238, -0.24242424242424238, 0.17021276595744683, 0.22875816993464052, 0.24000000000000005, 0.0, 0.0, 0.0, 1.0, 0.6671422863770378, 1.0, 0.0, 0.0, 0.0, 0.0, 0.0, 0.0, 0.0]",120700,19599,N3,accept,0.4696969696969696,ts,1788,1
"[0.02500000000000002, -0.02500000000000002, -0.028182701652089328, -0.1, -0.07999999999999999, 0.0, 0.0, 0.0, 1.0, 0.6990405284223395, 1.0, 0.0, 0.0, 0.0, 0.0, 0.0, 0.0, 0.0]",114070,62503,N3,accept,0.3175,ts,2005,0
"[0.08163265306122446, -0.08163265306122446, 0.0817610062893081, 0.002849002849002849, 0.08333333333333329, 0.0, 0.0, 0.0, 1.0, 0.7264097091680045, 1.0, 0.0, 0.0, 0.0, 0.0, 0.0, 0.0, 0.0]",105872,105899,N3,dismiss,-0.3,ts,1862,0
"[0.5833333333333334, -0.5833333333333334, 0.07707129094412332, 0.0, 0.0, 0.0, 0.0, 0.0, 1.0, 0.897406360636464, 1.0, 0.0, 0.0, 0.0, 0.0, 0.0, 0.0, 0.0]",16722,16728,N3,accept,0.7083333333333333,ts,1292,1
"[0.2199999999999999, -0.2199999999999999, -0.08333333333333333, -0.02, -0.020000000000000018, 0.0, 0.0, 0.0, 1.0, 0.7871633709495124, 1.0, 0.0, 0.0, 0.0, 0.0, 0.0, 0.0, 0.0]",85440,81568,N3,dismiss,-0.3,ts,1259,1
"[0.09090909090909098, -0.09090909090909098, -0.09819639278557118, 1.0, 1.0, 0.0, 0.0, 0.0, 1.0, 0.4581350254540959, 1.0, 0.0, 0.0, 0.0, 0.0, 0.0, 0.0, 0.0]",169305,151841,N3,dismiss,-0.3,ts,2372,1
"[0.20000000000000007, -0.20000000000000007, -0.00663349917081258, 0.019943019943019943, -0.5, 0.0, 0.0, 0.0, 1.0, 0.7195090339231701, 1.0, 0.0, 0.0, 0.0, 0.0, 0.0, 0.0, 0.0]",15531,135481,N3,dismiss,-0.3,ts,1121,0
"[0.264, -0.264, -0.2317559863169897, 0.0, 0.0, 0.0, 0.0, 0.0, 1.0, 0.7699444006148144, 1.0, 0.0, 0.0, 0.0, 0.0, 0.0, 0.0, 0.0]",147381,63876,N3,dismiss,-0.3,ts,1677,1
"[0.1, -0.07, -0.2697495183044316, -0.05, -0.17272727272727276, 0.0, 0.0, 0.0, 1.0, 0.63467239594446, 1.0, 0.0, 0.0, 0.0, 0.0, 0.0, 0.0, 0.0]",49082,49005,N3,accept,0.37,ts,596,0
"[0.46153846153846156, -0.46153846153846156, -0.7518796992481204, -0.256, 0.33999999999999997, 0.0, 0.0, 0.0, 1.0, 0.6102111112024573, 1.0, 0.0, 0.0, 0.0, 0.0, 0.0, 0.0, 0.0]",110599,122732,N3,accept,0.6230769230769231,ts,1694,0
"[0.6029411764705882, -0.6029411764705882, 0.1, 0.0, 0.0, 0.0, 0.0, 0.0, 1.0, 0.8933559641322879, 1.0, 0.0, 0.0, 0.0, 0.0, 0.0, 0.0, 0.0]",107697,18239,N3,dismiss,-0.3,ts,1961,0
"[0.20000000000000007, -0.20000000000000007, 0.2, -0.03910614525139665, 1.0, 0.0, 0.0, 0.0, 1.0, 0.5981434951011854, 1.0, 0.0, 0.0, 0.0, 0.0, 0.0, 0.0, 0.0]",106065,31972,N3,dismiss,-0.3,ts,2503,1
"[0.4545454545454546, -0.4545454545454546, -0.375, 0.00872093023255814, 0.9130434782608695, 0.0, 0.0, 0.0, 1.0, 0.6642111244519927, 1.0, 0.0, 0.0, 0.0, 0.0, 0.0, 0.0, 0.0]",31972,107659,N3,dismiss,-0.3,ts,1469,0
"[0.3636363636363637, -0.3636363636363637, 0.146788990825688, 0.0110803324099723, 0.36363636363636365, 0.0, 0.0, 0.0, 1.0, 0.7425908749935993, 1.0, 0.0, 0.0, 0.0, 0.0, 0.0, 0.0, 0.0]",93938,123174,N3,dismiss,-0.3,ts,1408,0
"[0.25, -0.25, 0.09090909090909091, -0.32456140350877194, -0.10500000000000007, 0.0, 0.0, 0.0, 1.0, 0.706303156982304, 1.0, 0.0, 0.0, 0.0, 0.0, 0.0, 0.0, 0.0]",123778,165914,N3,dismiss,-0.3,ts,2375,0
"[0.0555555555555556, -0.0555555555555556, -0.30286857905270187, -0.27848101265822783, -0.13999999999999999, 0.0, 0.0, 0.0, 1.0, 0.5792292623515911, 1.0, 0.0, 0.0, 0.0, 0.0, 0.0, 0.0, 0.0]",155616,18005,N3,dismiss,-0.3,ts,755,1
"[0.03273809523809514, -0.03273809523809514, 0.1926782273603083, 0.09, 0.09090909090909091, 0.0, 0.0, 0.0, 1.0, 0.6486620220280555, 1.0, 0.0, 0.0, 0.0, 0.0, 0.0, 0.0, 0.0]",16734,63891,N3,dismiss,-0.3,ts,1947,1
"[0.3636363636363637, -0.3636363636363637, -0.0003316749585405642, -0.022284122562674095, 0.12, 0.0, 0.0, 0.0, 1.0, 0.8355995376463724, 1.0, 0.0, 0.0, 0.0, 0.0, 0.0, 0.0, 0.0]",29710,74278,N3,dismiss,-0.3,ts,1205,0
"[0.56, -0.56, -0.0009990009990009777, 0.5495049504950495, -0.4, 0.0, 0.0, 0.0, 1.0, 0.7384325320464852, 1.0, 0.0, 0.0, 0.0, 0.0, 0.0, 0.0, 0.0]",170191,169349,N3,dismiss,-0.3,ts,980,0
"[0.028571428571428595, -0.028571428571428595, 0.19956379498364232, 1.0, 0.12000000000000002, 0.0, 0.0, 0.0, 1.0, 0.5239886533924623, 1.0, 0.0, 0.0, 0.0, 0.0, 0.0, 0.0, 0.0]",82102,151787,N3,dismiss,-0.3,ts,1498,1
"[0.5636363636363637, -0.5636363636363637, -0.5305164319248826, 0.10511363636363637, 1.0, 0.0, 0.0, 0.0, 1.0, 0.6332517680268945, 1.0, 0.0, 0.0, 0.0, 0.0, 0.0, 0.0, 0.0]",57376,107588,N3,dismiss,-0.3,ts,2783,1
"[0.6000000000000001, -0.6000000000000001, -0.18882352941176475, 0.0, 0.0, 0.0, 0.0, 0.0, 1.0, 0.8661689454314895, 1.0, 0.0, 0.0, 0.0, 0.0, 0.0, 0.0, 0.0]",18435,141744,N3,accept,0.72,ts,2665,1
"[0.4444444444444445, -0.4444444444444445, 0.07079646017699111, -0.703125, -0.58, 0.0, 0.0, 0.0, 1.0, 0.6530726482238095, 1.0, 0.0, 0.0, 0.0, 0.0, 0.0, 0.0, 0.0]",169352,132873,N3,dismiss,-0.3,ts,492,0
"[0.076923076923077, -0.076923076923077, 0.0, 0.0, 0.0, 0.0, 0.0, 0.0, 1.0, 0.7787188164556538, 1.0, 0.0, 0.0, 0.0, 0.0, 0.0, 0.0, 0.0]",93861,174758,N3,dismiss,-0.3,ts,1643,0
"[0.2922374429223744, -0.2922374429223744, -0.4840724547158027, -0.0028169014084507044, -0.16249999999999998, 0.0, 0.0, 0.0, 1.0, 0.6865640294156614, 1.0, 0.0, 0.0, 0.0, 0.0, 0.0, 0.0, 0.0]",43388,43382,N3,dismiss,-0.3,ts,2261,1
"[0.25, -0.25, -0.316628701594533, 0.02976190476190476, 0.20192307692307687, 0.0, 0.0, 0.0, 1.0, 0.6872552925450732, 1.0, 0.0, 0.0, 0.0, 0.0, 0.0, 0.0, 0.0]",117146,117045,N3,dismiss,-0.3,ts,2137,0
"[0.20000000000000007, -0.20000000000000007, -0.00663349917081258, -0.002785515320334262, -0.46153846153846156, 0.0, 0.0, 0.0, 1.0, 0.7289531529832809, 1.0, 0.0, 0.0, 0.0, 0.0, 0.0, 0.0, 0.0]",43372,135481,N3,dismiss,-0.3,ts,2412,0
"[0.6136363636363636, -0.6136363636363636, -0.5024875621890547, -0.5612535612535613, -0.6714285714285715, 0.0, 0.0, 0.0, 1.0, 0.5927230526114791, 1.0, 0.0, 0.0, 0.0, 0.0, 0.0, 0.0, 0.0]",15532,142262,N3,dismiss,-0.3,ts,1041,1
"[0.2058823529411765, -0.2058823529411765, -0.0625, -0.02, 0.16, 0.0, 0.0, 0.0, 1.0, 0.7543817618859714, 1.0, 0.0, 0.0, 0.0, 0.0, 0.0, 0.0, 0.0]",40998,70937,N3,dismiss,-0.3,ts,1417,0
"[0.604, -0.604, -0.49629629629629635, -0.4588235294117647, -0.3684210526315789, 0.0, 0.0, 0.0, 1.0, 0.6356367491076025, 1.0, 0.0, 0.0, 0.0, 0.0, 0.0, 0.0, 0.0]",115396,108025,N3,accept,0.7227999999999999,ts,2722,0
"[0.20000000000000007, -0.20000000000000007, -0.0016666666666666904, 0.019943019943019943, -0.5, 0.0, 0.0, 0.0, 1.0, 0.7214793530593256, 1.0, 0.0, 0.0, 0.0, 0.0, 0.0, 0.0, 0.0]",15534,135483,N3,accept,0.44000000000000006,ts,1483,1
"[0.24999999999999992, -0.24999999999999992, 0.0, -0.4067796610169492, 0.3333333333333333, 0.0, 0.0, 0.0, 1.0, 0.6830935405928722, 1.0, 0.0, 0.0, 0.0, 0.0, 0.0, 0.0, 0.0]",185391,56248,N3,dismiss,-0.3,ts,1479,0
"[0.24324324324324323, -0.24324324324324323, 0.1767304860088365, -0.009036144578313253, 0.08695652173913043, 0.0, 0.0, 0.0, 1.0, 0.7511926611517339, 1.0, 0.0, 0.0, 0.0, 0.0, 0.0, 0.0, 0.0]",61096,158420,N3,dismiss,-0.3,ts,751,0
"[0.8857142857142857, -0.8857142857142857, -0.1737171464330414, 0.32524271844660196, -0.14814814814814814, 0.0, 0.0, 0.0, 1.0, 0.7983285485626278, 1.0, 0.0, 0.0, 0.0, 0.0, 0.0, 0.0, 0.0]",138627,86743,N3,accept,0.9199999999999999,ts,2820,1
"[0.9586734693877551, -0.9586734693877551, -0.6665276329509906, 0.23148148148148148, -0.4583333333333333, 0.0, 0.0, 0.0, 1.0, 0.6804480438233301, 1.0, 0.0, 0.0, 0.0, 0.0, 0.0, 0.0, 0.0]",55915,128247,N3,dismiss,-0.3,ts,1536,1
"[0.27272727272727276, -0.27272727272727276, -0.36066666666666664, 0.6388888888888888, -0.25, 0.0, 0.0, 0.0, 1.0, 0.5769238404291309, 1.0, 0.0, 0.0, 0.0, 0.0, 0.0, 0.0, 0.0]",56406,185391,N3,accept,0.4909090909090909,ts,1170,1
"[0.16666666666666663, -0.16666666666666663, 0.07903525046382186, 0.0, 0.0, 0.0, 0.0, 0.0, 1.0, 0.7819875829786701, 1.0, 0.0, 0.0, 0.0, 0.0, 0.0, 0.0, 0.0]",147380,85069,N3,dismiss,-0.3,ts,1782,0
"[0.5454545454545455, -0.5454545454545455, -0.34353018158023885, 0.0, 0.0, 0.0, 0.0, 0.0, 1.0, 0.8191303026203585, 1.0, 0.0, 0.0, 0.0, 0.0, 0.0, 0.0, 0.0]",54334,54345,N3,dismiss,-0.3,ts,1809,1
"[0.20000000000000004, -0.20000000000000004, -0.3409090909090909, 0.0, 0.0, 0.0, 0.0, 0.0, 1.0, 0.7239674946003922, 1.0, 0.0, 0.0, 0.0, 0.0, 0.0, 0.0, 0.0]",51022,70828,N3,accept,0.44,ts,1407,0
"[0.25, -0.25, -0.316628701594533, 0.02976190476190476, 0.20192307692307687, 0.0, 0.0, 0.0, 1.0, 0.6872552925450732, 1.0, 0.0, 0.0, 0.0, 0.0, 0.0, 0.0, 0.0]",117146,117045,N3,accept,0.475,ts,2544,0
"[0.7954545454545455, -0.7954545454545455, -0.058333333333333376, 0.08571428571428572, 1.0, 0.0, 0.0, 0.0, 1.0, 0.7646405915394846, 1.0, 0.0, 0.0, 0.0, 0.0, 0.0, 0.0, 0.0]",30105,89765,N3,dismiss,-0.3,ts,1324,1
"[0.5, -0.5, -0.03129890453834116, -0.014492753623188406, 0.0, 0.0, 0.0, 0.0, 1.0, 0.8923660563935448, 1.0, 0.0, 0.0, 0.0, 0.0, 0.0, 0.0, 0.0]",81462,39280,N3,dismiss,-0.3,ts,1469,1
"[0.25000000000000006, -0.25000000000000006, -0.0625, -0.34, 0.039999999999999994, 0.0, 0.0, 0.0, 1.0, 0.7305487309174494, 1.0, 0.0, 0.0, 0.0, 0.0, 0.0, 0.0, 0.0]",40998,50997,N3,dismiss,-0.3,ts,897,0
"[0.5111111111111111, -0.5111111111111111, -0.24024024024024024, -0.6305418719211823, 0.047619047619047616, 0.0, 0.0, 0.0, 1.0, 0.7138194627580985, 1.0, 0.0, 0.0, 0.0, 0.0, 0.0, 0.0, 0.0]",47180,85794,N3,dismiss,-0.3,ts,1098,1
"[0.11999999999999993, -0.11999999999999993, 0.1333333333333334, 0.23674911660777384, -0.20212765957446813, 0.0, 0.0, 0.0, 1.0, 0.6412498894682975, 1.0, 0.0, 0.0, 0.0, 0.0, 0.0, 0.0, 0.0]",185510,88363,N3,accept,0.38399999999999995,ts,855,0
"[0.3636363636363637, -0.3636363636363637, -0.1417995444191343, -0.022284122562674095, 0.16666666666666666, 0.0, 0.0, 0.0, 1.0, 0.7758313806143559, 1.0, 0.0, 0.0, 0.0, 0.0, 0.0, 0.0, 0.0]",67082,74278,N3,dismiss,-0.3,ts,1554,1
"[0.03846153846153842, -0.03846153846153842, 0.0, 0.0, 0.0, 0.0, 0.0, 0.0, 1.0, 0.7644070962643087, 1.0, 0.0, 0.0, 0.0, 0.0, 0.0, 0.0, 0.0]",48548,51122,N3,dismiss,-0.3,ts,2853,0
"[0.4444444444444445, -0.4444444444444445, -0.04221635883905017, -0.58, -0.7, 0.0, 0.0, 0.0, 1.0, 0.6635149056613419, 1.0, 0.0, 0.0, 0.0, 0.0, 0.0, 0.0, 0.0]",145573,132873,N3,dismiss,-0.3,ts,475,1
"[0.8, -0.8, 0.17647058823529413, 0.0, 0.0, 0.0, 0.0, 0.0, 1.0, 0.898937356285638, 1.0, 0.0, 0.0, 0.0, 0.0, 0.0, 0.0, 0.0]",18435,112477,N3,dismiss,-0.3,ts,2848,0
"[0.20000000000000004, -0.20000000000000004, -0.6972222222222223, -0.46153846153846156, -0.059999999999999984, 0.0, 0.0, 0.0, 1.0, 0.565054577528199, 1.0, 0.0, 0.0, 0.0, 0.0, 0.0, 0.0, 0.0]",51193,18528,N3,dismiss,-0.3,ts,1654,0
"[0.6785714285714286, -0.6785714285714286, -0.06094182825484772, 0.10465116279069768, -0.20689655172413793, 0.0, 0.0, 0.0, 1.0, 0.8401414992281117, 1.0, 0.0, 0.0, 0.0, 0.0, 0.0, 0.0, 0.0]",123439,89765,N3,dismiss,-0.3,ts,2750,0
"[0.3333333333333333, -0.3333333333333333, -0.0879271070615034, 0.44285714285714284, 0.25, 0.0, 0.0, 0.0, 1.0, 0.6861198608584137, 1.0, 0.0, 0.0, 0.0, 0.0, 0.0, 0.0, 0.0]",128254,170191,N3,accept,0.5333333333333333,ts,2686,1
"[0.1666666666666667, -0.1666666666666667, 0.0, 1.0, 1.0, 0.0, 0.0, 0.0, 1.0, 0.5151700224508992, 1.0, 0.0, 0.0, 0.0, 0.0, 0.0, 0.0, 0.0]",37985,126074,N3,accept,0.4166666666666667,ts,1035,1
"[0.11999999999999993, -0.11999999999999993, 0.2222222222222222, -0.0056657223796034, 0.0, 0.0, 0.0, 0.0, 1.0, 0.7210661718528755, 1.0, 0.0, 0.0, 0.0, 0.0, 0.0, 0.0, 0.0]",107307,70000,N3,dismiss,-0.3,ts,2533,1
"[0.1666666666666667, -0.1666666666666667, -0.29411764705882354, -0.1, -0.19999999999999996, 0.0, 0.0, 0.0, 1.0, 0.6456485600683607, 1.0, 0.0, 0.0, 0.0, 0.0, 0.0, 0.0, 0.0]",40189,61090,N3,dismiss,-0.3,ts,1396,1
"[0.19999999999999993, -0.19999999999999993, 0.041666666666666664, 0.0, 0.0, 0.0, 0.0, 0.0, 1.0, 0.8068370360387624, 1.0, 0.0, 0.0, 0.0, 0.0, 0.0, 0.0, 0.0]",18185,82489,N3,dismiss,-0.3,ts,2244,0
"[0.13888888888888887, -0.13888888888888887, -0.34867564046895355, -0.11041009463722397, 0.0, 0.0, 0.0, 0.0, 1.0, 0.6712022690137475, 1.0, 0.0, 0.0, 0.0, 0.0, 0.0, 0.0, 0.0]",103715,91957,N3,dismiss,-0.3,ts,773,0
"[0.05737704918032792, -0.05737704918032792, -0.4473409801876955, 0.011527377521613832, -0.19540229885057464, 0.0, 0.0, 0.0, 1.0, 0.6012691354747454, 1.0, 0.0, 0.0, 0.0, 0.0, 0.0, 0.0, 0.0]",54573,39517,N3,accept,0.34016393442622955,ts,1327,1
"[0.41666666666666663, -0.41666666666666663, 0.1926782273603083, -0.02158273381294964, 0.0, 0.0, 0.0, 0.0, 1.0, 0.8183544914832085, 1.0, 0.0, 0.0, 0.0, 0.0, 0.0, 0.0, 0.0]",125880,39280,N3,dismiss,-0.3,ts,1618,0
"[0.20000000000000004, -0.20000000000000004, -0.6972222222222223, -0.46153846153846156, -0.059999999999999984, 0.0, 0.0, 0.0, 1.0, 0.565054577528199, 1.0, 0.0, 0.0, 0.0, 0.0, 0.0, 0.0, 0.0]",51193,18528,N3,dismiss,-0.3,ts,1617,0
"[0.25, -0.25, -0.7960544217687074, -0.23383084577114427, -0.7125, 0.0, 0.0, 0.0, 1.0, 0.5103346365551422, 1.0, 0.0, 0.0, 0.0, 0.0, 0.0, 0.0, 0.0]",30574,115951,N3,dismiss,-0.3,ts,2879,1
"[0.25000000000000006, -0.25000000000000006, -0.0625, -0.34, 0.039999999999999994, 0.0, 0.0, 0.0, 1.0, 0.7305487309174494, 1.0, 0.0, 0.0, 0.0, 0.0, 0.0, 0.0, 0.0]",40998,50997,N3,dismiss,-0.3,ts,2661,1
"[0.1250000000000001, -0.1250000000000001, 0.16218749999999993, 0.0, 0.0, 0.0, 0.0, 0.0, 1.0, 0.7409291148542603, 1.0, 0.0, 0.0, 0.0, 0.0, 0.0, 0.0, 0.0]",57061,55412,N3,dismiss,-0.3,ts,2376,0
"[0.8944444444444444, -0.8944444444444444, 0.0, -0.02, 0.0, 0.0, 0.0, 0.0, 1.0, 0.962136410518863, 1.0, 0.0, 0.0, 0.0, 0.0, 0.0, 0.0, 0.0]",89731,83441,N3,dismiss,-0.3,ts,2891,0
"[0.15, -0.15, 0.2222222222222222, 1.0, 0.24000000000000005, 0.0, 0.0, 0.0, 1.0, 0.5400636177089168, 1.0, 0.0, 0.0, 0.0, 0.0, 0.0, 0.0, 0.0]",30710,151787,N3,accept,0.40499999999999997,ts,800,1
"[0.11458333333333333, -0.11458333333333333, -0.08759124087591248, -0.5587392550143266, -0.77, 0.0, 0.0, 0.0, 1.0, 0.5416340437403093, 1.0, 0.0, 0.0, 0.0, 0.0, 0.0, 0.0, 0.0]",108839,142262,N3,accept,0.3802083333333333,ts,1884,0
"[0.4235294117647059, -0.4235294117647059, 0.0, 0.46, -0.11999999999999997, 0.0, 0.0, 0.0, 1.0, 0.7681937490550494, 1.0, 0.0, 0.0, 0.0, 0.0, 0.0, 0.0, 0.0]",87406,125786,N3,dismiss,-0.3,ts,909,1
"[0.3647540983606557, -0.3647540983606557, -0.1564647095565272, 0.011267605633802818, 0.0, 0.0, 0.0, 0.0, 1.0, 0.8175095715905534, 1.0, 0.0, 0.0, 0.0, 0.0, 0.0, 0.0, 0.0]",41679,85287,N3,accept,0.555327868852459,ts,2979,1
"[0.25, -0.25, -0.18823529411764706, 0.0, 0.0, 0.0, 0.0, 0.0, 1.0, 0.7768452100027552, 1.0, 0.0, 0.0, 0.0, 0.0, 0.0, 0.0, 0.0]",113825,87177,N3,dismiss,-0.3,ts,881,0
"[0.22222222222222215, -0.22222222222222215, -0.09255898366606173, 0.16153846153846155, 0.020000000000000018, 0.0, 0.0, 0.0, 1.0, 0.7492855744837049, 1.0, 0.0, 0.0, 0.0, 0.0, 0.0, 0.0, 0.0]",87131,108112,N3,dismiss,-0.3,ts,2645,0
"[0.24242424242424238, -0.24242424242424238, -0.129287598944591, 0.14634146341463414, -0.019999999999999973, 0.0, 0.0, 0.0, 1.0, 0.7475906702273, 1.0, 0.0, 0.0, 0.0, 0.0, 0.0, 0.0, 0.0]",110035,19599,N3,dismiss,-0.3,ts,2445,0
"[0.5, -0.5, -0.8696, -0.05956112852664577, -0.21428571428571427, 0.0, 0.0, 0.0, 1.0, 0.674790161344931, 1.0, 0.0, 0.0, 0.0, 0.0, 0.0, 0.0, 0.0]",63925,63864,N3,dismiss,-0.3,ts,2160,1
"[0.5, -0.5, -0.4592875318066158, 0.0, 0.0, 0.0, 0.0, 0.0, 1.0, 0.7886047001257124, 1.0, 0.0, 0.0, 0.0, 0.0, 0.0, 0.0, 0.0]",90179,56398,N3,dismiss,-0.3,ts,1218,0
"[0.18154761904761904, -0.18154761904761904, -0.32540675844806016, 0.0, 0.0, 0.0, 0.0, 0.0, 1.0, 0.7207701523456082, 1.0, 0.0, 0.0, 0.0, 0.0, 0.0, 0.0, 0.0]",16679,152267,N3,dismiss,-0.3,ts,2580,1
"[0.25, -0.25, -0.18823529411764706, 0.0, 0.0, 0.0, 0.0, 0.0, 1.0, 0.7768452100027552, 1.0, 0.0, 0.0, 0.0, 0.0, 0.0, 0.0, 0.0]",113825,87177,N3,dismiss,-0.3,ts,2505,0
"[0.25000000000000006, -0.25000000000000006, 0.20033388981636072, 1.0, -0.2631578947368421, 0.0, 0.0, 0.0, 1.0, 0.5692901544143816, 1.0, 0.0, 0.0, 0.0, 0.0, 0.0, 0.0, 0.0]",185524,55377,N3,dismiss,-0.3,ts,2826,1
"[0.25, -0.25, -0.25925925925925924, 0.048484848484848485, 0.041666666666666664, 0.0, 0.0, 0.0, 1.0, 0.7328139323987184, 1.0, 0.0, 0.0, 0.0, 0.0, 0.0, 0.0, 0.0]",142494,117045,N3,dismiss,-0.3,ts,1596,0
"[0.28571428571428575, -0.28571428571428575, 0.0, 0.11363636363636363, 0.0, 0.0, 0.0, 0.0, 1.0, 0.820537205423484, 1.0, 0.0, 0.0, 0.0, 0.0, 0.0, 0.0, 0.0]",170134,127333,N3,dismiss,-0.3,ts,1652,0
"[0.1200000000000001, -0.1200000000000001, 0.1455847255369929, -0.08011869436201781, -0.52, 0.0, 0.0, 0.0, 1.0, 0.6248074521533694, 1.0, 0.0, 0.0, 0.0, 0.0, 0.0, 0.0, 0.0]",57278,59423,N3,dismiss,-0.3,ts,1606,1
"[0.19999999999999987, -0.19999999999999987, 0.2, 0.46, 0.0, 0.0, 0.0, 0.0, 1.0, 0.6666700184827028, 1.0, 0.0, 0.0, 0.0, 0.0, 0.0, 0.0, 0.0]",85440,30711,N3,dismiss,-0.3,ts,2175,0
"[0.5599999999999999, -0.5599999999999999, -0.0027700831024931143, 0.01744186046511628, -0.7413793103448276, 0.0, 0.0, 0.0, 1.0, 0.7992565395294952, 1.0, 0.0, 0.0, 0.0, 0.0, 0.0, 0.0, 0.0]",123511,30105,N3,dismiss,-0.3,ts,994,1
"[0.12499999999999988, -0.12499999999999988, 0.145985401459854, 0.19834710743801653, 0.05, 0.0, 0.0, 0.0, 1.0, 0.6822979276547984, 1.0, 0.0, 0.0, 0.0, 0.0, 0.0, 0.0, 0.0]",56538,180522,N3,dismiss,-0.3,ts,713,0
"[0.5, -0.5, -0.10344827586206896, 0.0, 0.0, 0.0, 0.0, 0.0, 1.0, 0.8714079900606294, 1.0, 0.0, 0.0, 0.0, 0.0, 0.0, 0.0, 0.0]",70828,129946,N3,accept,0.6499999999999999,ts,865,0
"[0.5599999999999999, -0.5599999999999999, -0.0027700831024931143, 0.020348837209302327, -0.7310344827586207, 0.0, 0.0, 0.0, 1.0, 0.7991286415975737, 1.0, 0.0, 0.0, 0.0, 0.0, 0.0, 0.0, 0.0]",123511,30103,N3,dismiss,-0.3,ts,2381,1
"[0.5833333333333333, -0.5833333333333333, -0.014175257731958841, 0.0, 0.1, 0.0, 0.0, 0.0, 1.0, 0.8931955318196763, 1.0, 0.0, 0.0, 0.0, 0.0, 0.0, 0.0, 0.0]",151790,113027,N3,dismiss,-0.3,ts,914,0
"[0.20000000000000007, -0.20000000000000007, 0.0, 0.019943019943019943, -0.5, 0.0, 0.0, 0.0, 1.0, 0.7221449098484211, 1.0, 0.0, 0.0, 0.0, 0.0, 0.0, 0.0, 0.0]",189329,135483,N3,dismiss,-0.3,ts,804,1
"[0.5636363636363637, -0.5636363636363637, 0.12023898431665417, -0.022535211267605635, 1.0, 0.0, 0.0, 0.0, 1.0, 0.743112048426343, 1.0, 0.0, 0.0, 0.0, 0.0, 0.0, 0.0, 0.0]",123260,107659,N3,accept,0.6945454545454546,ts,2407,1
"[0.35000000000000003, -0.35000000000000003, 0.027816411682892905, -0.45103857566765576, -0.5, 0.0, 0.0, 0.0, 1.0, 0.6756055460954731, 1.0, 0.0, 0.0, 0.0, 0.0, 0.0, 0.0, 0.0]",87402,175208,N3,accept,0.5449999999999999,ts,2494,0
"[0.13953488372093023, -0.13953488372093023, 0.2, -0.11262798634812286, 0.021276595744680774, 0.0, 0.0, 0.0, 1.0, 0.699136362980252, 1.0, 0.0, 0.0, 0.0, 0.0, 0.0, 0.0, 0.0]",33338,91969,N3,accept,0.39767441860465114,ts,1433,1
"[0.8666666666666667, -0.8666666666666667, -0.18181818181818182, -0.3118279569892473, -0.07999999999999999, 0.0, 0.0, 0.0, 1.0, 0.8126783462979066, 1.0, 0.0, 0.0, 0.0, 0.0, 0.0, 0.0, 0.0]",126323,30711,N3,dismiss,-0.3,ts,1959,1
"[0.0555555555555556, -0.0555555555555556, -0.05649999999999995, -0.32608695652173914, -0.15999999999999998, 0.0, 0.0, 0.0, 1.0, 0.6364745482894184, 1.0, 0.0, 0.0, 0.0, 0.0, 0.0, 0.0, 0.0]",155815,79359,N3,accept,0.3388888888888889,ts,1222,0
"[0.2, -0.2, 0.10110110110110104, -0.6043478260869565, 0.05263157894736842, 0.0, 0.0, 0.0, 1.0, 0.6660152152276981, 1.0, 0.0, 0.0, 0.0, 0.0, 0.0, 0.0, 0.0]",191335,127600,N3,dismiss,-0.3,ts,1976,0
"[0.25, -0.25, -0.25925925925925924, 0.048484848484848485, 0.041666666666666664, 0.0, 0.0, 0.0, 1.0, 0.7328139323987184, 1.0, 0.0, 0.0, 0.0, 0.0, 0.0, 0.0, 0.0]",142494,117045,N3,dismiss,-0.3,ts,2113,0
"[0.3500000000000001, -0.3500000000000001, 0.0, -0.3611111111111111, 0.043478260869565216, 0.0, 0.0, 0.0, 1.0, 0.7807457601820568, 1.0, 0.0, 0.0, 0.0, 0.0, 0.0, 0.0, 0.0]",125913,48548,N3,dismiss,-0.3,ts,1605,0
"[0.5599999999999999, -0.5599999999999999, -0.6672226855713094, -0.08, -0.09090909090909091, 0.0, 0.0, 0.0, 1.0, 0.7269976058249097, 1.0, 0.0, 0.0, 0.0, 0.0, 0.0, 0.0, 0.0]",63869,48998,N3,dismiss,-0.3,ts,1128,1
"[0.2307692307692307, -0.2307692307692307, 0.06666666666666667, 0.0, 0.0, 0.0, 0.0, 0.0, 1.0, 0.8082747076223531, 1.0, 0.0, 0.0, 0.0, 0.0, 0.0, 0.0, 0.0]",131606,18616,N3,dismiss,-0.3,ts,2358,1
"[0.3, -0.3, 0.2, 0.0, 0.0, 0.0, 0.0, 0.0, 1.0, 0.7895387605196299, 1.0, 0.0, 0.0, 0.0, 0.0, 0.0, 0.0, 0.0]",133969,50807,N3,dismiss,-0.3,ts,2632,0
"[0.25000000000000006, -0.25000000000000006, 0.17647058823529413, -0.1, 0.019999999999999973, 0.0, 0.0, 0.0, 1.0, 0.7470410829548414, 1.0, 0.0, 0.0, 0.0, 0.0, 0.0, 0.0, 0.0]",18279,37985,N3,dismiss,-0.3,ts,1236,0
"[0.11458333333333333, -0.11458333333333333, -0.11504424778761058, -0.5561959654178674, -0.7909090909090909, 0.0, 0.0, 0.0, 1.0, 0.5315991195502442, 1.0, 0.0, 0.0, 0.0, 0.0, 0.0, 0.0, 0.0]",108828,142262,N3,dismiss,-0.3,ts,2236,0
"[0.18181818181818185, -0.18181818181818185, -0.4273333333333333, -0.10185185185185185, -0.16666666666666666, 0.0, 0.0, 0.0, 1.0, 0.6314604801885487, 1.0, 0.0, 0.0, 0.0, 0.0, 0.0, 0.0, 0.0]",56406,139804,N3,dismiss,-0.3,ts,981,1
"[0.3, -0.3, -0.09090909090909091, 0.46, -0.08000000000000003, 0.0, 0.0, 0.0, 1.0, 0.709824759435147, 1.0, 0.0, 0.0, 0.0, 0.0, 0.0, 0.0, 0.0]",38740,41068,N3,dismiss,-0.3,ts,1377,0
"[0.65, -0.65, -0.2252816020025032, -0.014492753623188406, 0.02500000000000006, 0.0, 0.0, 0.0, 1.0, 0.8535761436419191, 1.0, 0.0, 0.0, 0.0, 0.0, 0.0, 0.0, 0.0]",53366,39280,N3,accept,0.7549999999999999,ts,1213,1
"[0.19999999999999993, -0.19999999999999993, -0.3181818181818182, -0.8833333333333333, -0.7454545454545454, 0.0, 0.0, 0.0, 1.0, 0.4880812579943533, 1.0, 0.0, 0.0, 0.0, 0.0, 0.0, 0.0, 0.0]",41688,18330,N3,dismiss,-0.3,ts,2392,0
"[0.02631578947368412, -0.02631578947368412, -0.43, 0.019867549668874173, 0.0285714285714286, 0.0, 0.0, 0.0, 1.0, 0.6303211836867184, 1.0, 0.0, 0.0, 0.0, 0.0, 0.0, 0.0, 0.0]",41398,15200,N3,accept,0.3184210526315789,ts,1242,0
"[0.09999999999999996, -0.09999999999999996, 0.0, 0.0, 0.0, 0.0, 0.0, 0.0, 1.0, 0.7872212584058295, 1.0, 0.0, 0.0, 0.0, 0.0, 0.0, 0.0, 0.0]",138519,138518,N3,dismiss,-0.3,ts,2514,1
"[0.18750000000000003, -0.18750000000000003, -0.29411764705882354, 1.0, 0.44000000000000006, 0.0, 0.0, 0.0, 1.0, 0.4958926669599128, 1.0, 0.0, 0.0, 0.0, 0.0, 0.0, 0.0, 0.0]",18334,51654,N3,dismiss,-0.3,ts,1098,1
"[0.6818181818181818, -0.6818181818181818, 0.0, 0.09803921568627451, 0.0, 0.0, 0.0, 0.0, 1.0, 0.9160359245826784, 1.0, 0.0, 0.0, 0.0, 0.0, 0.0, 0.0, 0.0]",130670,74186,N3,dismiss,-0.3,ts,2476,1
"[0.9271428571428572, -0.9271428571428572, 0.2222222222222222, -0.14, 0.21999999999999997, 0.0, 0.0, 0.0, 1.0, 0.8090410868744287, 1.0, 0.0, 0.0, 0.0, 0.0, 0.0, 0.0, 0.0]",18359,51572,N3,dismiss,-0.3,ts,2906,1
"[0.20000000000000007, -0.20000000000000007, -0.20398009950248752, -0.008547008547008548, -0.14285714285714285, 0.0, 0.0, 0.0, 1.0, 0.7160085048083703, 1.0, 0.0, 0.0, 0.0, 0.0, 0.0, 0.0, 0.0]",151840,32065,N3,dismiss,-0.3,ts,2889,1
"[0.02500000000000002, -0.02500000000000002, -0.1863303498779495, 0.02, -0.07999999999999999, 0.0, 0.0, 0.0, 1.0, 0.6690903795112921, 1.0, 0.0, 0.0, 0.0, 0.0, 0.0, 0.0, 0.0]",130430,62539,N3,accept,0.3175,ts,2355,0
"[0.1886792452830189, -0.1886792452830189, -0.16666666666666666, -0.07570977917981073, 0.06818181818181814, 0.0, 0.0, 0.0, 1.0, 0.7220323095576072, 1.0, 0.0, 0.0, 0.0, 0.0, 0.0, 0.0, 0.0]",91966,33338,N3,dismiss,-0.3,ts,1687,1
"[0.2000000000000001, -0.2000000000000001, 0.16082064857710124, 0.0949367088607595, -0.05999999999999996, 0.0, 0.0, 0.0, 1.0, 0.7249174291137734, 1.0, 0.0, 0.0, 0.0, 0.0, 0.0, 0.0, 0.0]",147858,87098,N3,dismiss,-0.3,ts,2904,1
"[0.24242424242424238, -0.24242424242424238, -0.129287598944591, 0.14634146341463414, -0.019999999999999973, 0.0, 0.0, 0.0, 1.0, 0.7475906702273, 1.0, 0.0, 0.0, 0.0, 0.0, 0.0, 0.0, 0.0]",110035,19599,N3,accept,0.4696969696969696,ts,2983,0
"[0.688, -0.688, -0.5409015025041736, -0.5555555555555556, -0.07999999999999999, 0.0, 0.0, 0.0, 1.0, 0.6886745812183204, 1.0, 0.0, 0.0, 0.0, 0.0, 0.0, 0.0, 0.0]",33289,81568,N3,dismiss,-0.3,ts,1566,1
"[0.1666666666666667, -0.1666666666666667, -0.28112267994567675, 0.17355371900826447, -0.20833333333333334, 0.0, 0.0, 0.0, 1.0, 0.6301107558702879, 1.0, 0.0, 0.0, 0.0, 0.0, 0.0, 0.0, 0.0]",110166,89666,N3,dismiss,-0.3,ts,2456,0
"[0.2307692307692307, -0.2307692307692307, 0.0, 1.0, 0.44000000000000006, 0.0, 0.0, 0.0, 1.0, 0.5995560389330946, 1.0, 0.0, 0.0, 0.0, 0.0, 0.0, 0.0, 0.0]",79461,68609,N3,dismiss,-0.3,ts,2766,0
"[0.6818181818181819, -0.6818181818181819, -0.050125313283208024, 0.18840579710144928, -0.51, 0.0, 0.0, 0.0, 1.0, 0.7806619322864332, 1.0, 0.0, 0.0, 0.0, 0.0, 0.0, 0.0, 0.0]",48998,49086,N3,dismiss,-0.3,ts,869,0
"[0.11458333333333333, -0.11458333333333333, -0.08759124087591248, -0.5587392550143266, -0.77, 0.0, 0.0, 0.0, 1.0, 0.5416340437403093, 1.0, 0.0, 0.0, 0.0, 0.0, 0.0, 0.0, 0.0]",108839,142262,N3,dismiss,-0.3,ts,1335,0
"[0.3333333333333333, -0.3333333333333333, 0.11098779134295228, -0.07126436781609195, 0.25, 0.0, 0.0, 0.0, 1.0, 0.7467702677471373, 1.0, 0.0, 0.0, 0.0, 0.0, 0.0, 0.0, 0.0]",155692,170191,N3,accept,0.5333333333333333,ts,2176,1
"[0.85, -0.85, -0.005000000000000071, 0.0, 0.0, 0.0, 0.0, 0.0, 1.0, 0.9617967240690748, 1.0, 0.0, 0.0, 0.0, 0.0, 0.0, 0.0, 0.0]",38018,174748,N3,dismiss,-0.3,ts,905,0
"[0.2045454545454546, -0.2045454545454546, 0.006343906510851462, -0.019553072625698324, 1.0, 0.0, 0.0, 0.0, 1.0, 0.6864109839014316, 1.0, 0.0, 0.0, 0.0, 0.0, 0.0, 0.0, 0.0]",135481,74278,N3,accept,0.44318181818181823,ts,1240,0
"[0.5576036866359447, -0.5576036866359447, -0.4044073853484217, 0.15579710144927536, 0.4, 0.0, 0.0, 0.0, 1.0, 0.6872933901369873, 1.0, 0.0, 0.0, 0.0, 0.0, 0.0, 0.0, 0.0]",64515,63925,N3,accept,0.6903225806451613,ts,2367,1
"[0.8857142857142857, -0.8857142857142857, -0.1737171464330414, 0.32524271844660196, -0.14814814814814814, 0.0, 0.0, 0.0, 1.0, 0.7983285485626278, 1.0, 0.0, 0.0, 0.0, 0.0, 0.0, 0.0, 0.0]",138627,86743,N3,dismiss,-0.3,ts,2324,1
"[0.2, -0.2, 0.21706864564007414, 0.6601941747572816, 0.5490196078431374, 0.0, 0.0, 0.0, 1.0, 0.5424762137879036, 1.0, 0.0, 0.0, 0.0, 0.0, 0.0, 0.0, 0.0]",117087,15178,N3,dismiss,-0.3,ts,1759,0
"[0.3636363636363637, -0.3636363636363637, 0.0, 0.016713091922005572, 0.15384615384615385, 0.0, 0.0, 0.0, 1.0, 0.8296166021577667, 1.0, 0.0, 0.0, 0.0, 0.0, 0.0, 0.0, 0.0]",123140,123174,N3,accept,0.5545454545454546,ts,1516,0
"[0.5, -0.5, -0.3333333333333333, 0.0, 0.0, 0.0, 0.0, 0.0, 1.0, 0.8114706619033403, 1.0, 0.0, 0.0, 0.0, 0.0, 0.0, 0.0, 0.0]",135728,38178,N3,dismiss,-0.3,ts,2551,1
"[0.5698529411764707, -0.5698529411764707, -0.29411764705882354, 0.0, 0.0, 0.0, 0.0, 0.0, 1.0, 0.8344508010326082, 1.0, 0.0, 0.0, 0.0, 0.0, 0.0, 0.0, 0.0]",41870,51654,N3,dismiss,-0.3,ts,1628,1
"[0.6724598930481284, -0.6724598930481284, -0.2159090909090909, -0.5655172413793104, -0.12000000000000002, 0.0, 0.0, 0.0, 1.0, 0.7375694479925554, 1.0, 0.0, 0.0, 0.0, 0.0, 0.0, 0.0, 0.0]",151787,82101,N3,dismiss,-0.3,ts,444,1
"[0.02500000000000002, -0.02500000000000002, -0.028182701652089328, -0.1, -0.07999999999999999, 0.0, 0.0, 0.0, 1.0, 0.6990405284223395, 1.0, 0.0, 0.0, 0.0, 0.0, 0.0, 0.0, 0.0]",114070,62503,N3,dismiss,-0.3,ts,531,0
"[0.20000000000000004, -0.20000000000000004, -0.3409090909090909, 0.0, 0.0, 0.0, 0.0, 0.0, 1.0, 0.7239674946003922, 1.0, 0.0, 0.0, 0.0, 0.0, 0.0, 0.0, 0.0]",51022,70828,N3,dismiss,-0.3,ts,2194,0
"[0.5652173913043479, -0.5652173913043479, 0.1575289575289576, -0.06862745098039216, 0.12000000000000005, 0.0, 0.0, 0.0, 1.0, 0.8171887144159775, 1.0, 0.0, 0.0, 0.0, 0.0, 0.0, 0.0, 0.0]",179650,104485,N3,accept,0.6956521739130435,ts,1928,1
"[0.1200000000000001, -0.1200000000000001, 0.1455847255369929, -0.08536585365853659, -0.625, 0.0, 0.0, 0.0, 1.0, 0.6134308998417168, 1.0, 0.0, 0.0, 0.0, 0.0, 0.0, 0.0, 0.0]",57551,59424,N3,dismiss,-0.3,ts,2390,1
"[0.52, -0.52, -0.16666666666666666, 0.034574468085106384, 0.7142857142857143, 0.0, 0.0, 0.0, 1.0, 0.7324087467207093, 1.0, 0.0, 0.0, 0.0, 0.0, 0.0, 0.0, 0.0]",151841,107588,N3,dismiss,-0.3,ts,2323,1
"[0.7411764705882353, -0.7411764705882353, 0.18103756708407867, -0.23098591549295774, 0.35294117647058826, 0.0, 0.0, 0.0, 1.0, 0.7589742677962524, 1.0, 0.0, 0.0, 0.0, 0.0, 0.0, 0.0, 0.0]",88157,86743,N3,dismiss,-0.3,ts,1257,1
"[0.0555555555555556, -0.0555555555555556, -0.16666666666666666, 0.01764705882352941, 0.13636363636363635, 0.0, 0.0, 0.0, 1.0, 0.6730847801914981, 1.0, 0.0, 0.0, 0.0, 0.0, 0.0, 0.0, 0.0]",123856,107052,N3,dismiss,-0.3,ts,1283,0
"[0.18181818181818185, -0.18181818181818185, -0.4273333333333333, -0.10185185185185185, -0.16666666666666666, 0.0, 0.0, 0.0, 1.0, 0.6314604801885487, 1.0, 0.0, 0.0, 0.0, 0.0, 0.0, 0.0, 0.0]",56406,139804,N3,dismiss,-0.3,ts,1578,1
"[0.7321428571428571, -0.7321428571428571, -0.36321155480033984, -0.08059701492537313, -0.632, 0.0, 0.0, 0.0, 1.0, 0.7167386189194057, 1.0, 0.0, 0.0, 0.0, 0.0, 0.0, 0.0, 0.0]",87090,115951,N3,accept,0.8125,ts,655,1
"[0.13333333333333344, -0.13333333333333344, -0.18181818181818182, -0.75, -0.44000000000000006, 0.0, 0.0, 0.0, 1.0, 0.5340595765105035, 1.0, 0.0, 0.0, 0.0, 0.0, 0.0, 0.0, 0.0]",18239,79461,N3,dismiss,-0.3,ts,2205,0
"[0.46153846153846156, -0.46153846153846156, -0.7849624060150376, -0.256, 0.33999999999999997, 0.0, 0.0, 0.0, 1.0, 0.6073646963417112, 1.0, 0.0, 0.0, 0.0, 0.0, 0.0, 0.0, 0.0]",110599,85230,N3,dismiss,-0.3,ts,2016,1
"[0.3508064516129032, -0.3508064516129032, -0.50017850767583, 0.09142857142857143, -0.24, 0.0, 0.0, 0.0, 1.0, 0.6619198091492486, 1.0, 0.0, 0.0, 0.0, 0.0, 0.0, 0.0, 0.0]",89602,103705,N3,accept,0.5455645161290322,ts,2592,1
"[0.6029411764705882, -0.6029411764705882, 0.1, 0.0, 0.0, 0.0, 0.0, 0.0, 1.0, 0.8933559641322879, 1.0, 0.0, 0.0, 0.0, 0.0, 0.0, 0.0, 0.0]",107697,18239,N3,dismiss,-0.3,ts,1661,0
"[0.5636363636363637, -0.5636363636363637, -0.10601265822784818, -0.022535211267605635, 0.8333333333333334, 0.0, 0.0, 0.0, 1.0, 0.7556815464153064, 1.0, 0.0, 0.0, 0.0, 0.0, 0.0, 0.0, 0.0]",109410,108828,N3,dismiss,-0.3,ts,1782,1
"[0.5599999999999999, -0.5599999999999999, 0.052291801162040054, 0.29454545454545455, -0.2448979591836735, 0.0, 0.0, 0.0, 1.0, 0.7767295963695724, 1.0, 0.0, 0.0, 0.0, 0.0, 0.0, 0.0, 0.0]",185412,87718,N3,dismiss,-0.3,ts,1190,0
"[0.1250000000000001, -0.1250000000000001, -0.3333333333333333, -0.1, -0.19999999999999996, 0.0, 0.0, 0.0, 1.0, 0.6223743436505965, 1.0, 0.0, 0.0, 0.0, 0.0, 0.0, 0.0, 0.0]",18330,29449,N3,dismiss,-0.3,ts,726,1
"[0.8133333333333334, -0.8133333333333334, -0.050125313283208024, 0.18840579710144928, -0.51, 0.0, 0.0, 0.0, 1.0, 0.7978317164661386, 1.0, 0.0, 0.0, 0.0, 0.0, 0.0, 0.0, 0.0]",48996,49086,N3,accept,0.8693333333333333,ts,953,1
"[0.15000000000000013, -0.15000000000000013, -0.2657894736842106, -0.2, 0.09999999999999995, 0.0, 0.0, 0.0, 1.0, 0.6462125021901608, 1.0, 0.0, 0.0, 0.0, 0.0, 0.0, 0.0, 0.0]",38124,88339,N3,dismiss,-0.3,ts,2946,0
"[0.7722033898305085, -0.7722033898305085, -0.2930402930402931, 0.08695652173913043, 0.1, 0.0, 0.0, 0.0, 1.0, 0.8152876332643514, 1.0, 0.0, 0.0, 0.0, 0.0, 0.0, 0.0, 0.0]",63936,16725,N3,dismiss,-0.3,ts,836,1
"[0.8530612244897959, -0.8530612244897959, -0.4003639672429481, 0.4482758620689655, 0.47619047619047616, 0.0, 0.0, 0.0, 1.0, 0.6729637351096623, 1.0, 0.0, 0.0, 0.0, 0.0, 0.0, 0.0, 0.0]",180522,170138,N3,dismiss,-0.3,ts,1535,0
"[0.3, -0.3, -0.13969732246798602, -0.06287425149700598, 1.0, 0.0, 0.0, 0.0, 1.0, 0.6392477541235398, 1.0, 0.0, 0.0, 0.0, 0.0, 0.0, 0.0, 0.0]",64439,16911,N3,dismiss,-0.3,ts,1171,1
"[0.24999999999999997, -0.24999999999999997, 0.11420612813370477, -0.15950920245398773, 0.0, 0.0, 0.0, 0.0, 1.0, 0.7577778993431036, 1.0, 0.0, 0.0, 0.0, 0.0, 0.0, 0.0, 0.0]",155669,115289,N3,dismiss,-0.3,ts,1811,0
"[0.6666666666666666, -0.6666666666666666, -0.2664051355206847, -0.15406976744186046, 0.0, 0.0, 0.0, 0.0, 1.0, 0.8180110862732273, 1.0, 0.0, 0.0, 0.0, 0.0, 0.0, 0.0, 0.0]",116466,29663,N3,dismiss,-0.3,ts,688,1
"[0.25, -0.25, -0.10594947025264866, -0.125, 0.0, 0.0, 0.0, 0.0, 1.0, 0.7682187581006461, 1.0, 0.0, 0.0, 0.0, 0.0, 0.0, 0.0, 0.0]",84869,116369,N3,dismiss,-0.3,ts,2829,1
"[0.20000000000000007, -0.20000000000000007, -0.11333333333333329, -0.031161473087818695, -0.21428571428571427, 0.0, 0.0, 0.0, 1.0, 0.72091821574052, 1.0, 0.0, 0.0, 0.0, 0.0, 0.0, 0.0, 0.0]",87720,107170,N3,dismiss,-0.3,ts,2064,1
"[0.6818181818181819, -0.6818181818181819, 0.024324324324324288, 0.02821316614420063, -0.65, 0.0, 0.0, 0.0, 1.0, 0.8158970926015877, 1.0, 0.0, 0.0, 0.0, 0.0, 0.0, 0.0, 0.0]",130294,49086,N3,dismiss,-0.3,ts,1885,0
"[0.20000000000000007, -0.20000000000000007, 0.14322323462414582, -0.002785515320334262, -0.4583333333333333, 0.0, 0.0, 0.0, 1.0, 0.6821577251119463, 1.0, 0.0, 0.0, 0.0, 0.0, 0.0, 0.0, 0.0]",67082,93935,N3,dismiss,-0.3,ts,1994,0
"[0.3636363636363637, -0.3636363636363637, 0.0, 0.061046511627906974, 0.0, 0.0, 0.0, 0.0, 1.0, 0.8570363402900383, 1.0, 0.0, 0.0, 0.0, 0.0, 0.0, 0.0, 0.0]",123009,123174,N3,accept,0.5545454545454546,ts,722,0
"[0.07368421052631577, -0.07368421052631577, -0.0004997501249376093, -0.30864197530864196, -0.27999999999999997, 0.0, 0.0, 0.0, 1.0, 0.6439122951233253, 1.0, 0.0, 0.0, 0.0, 0.0, 0.0, 0.0, 0.0]",146547,80033,N3,dismiss,-0.3,ts,1136,1
"[0.2045454545454546, -0.2045454545454546, 0.07719799857040743, -0.0056657223796034, -0.06666666666666667, 0.0, 0.0, 0.0, 1.0, 0.7753573266178757, 1.0, 0.0, 0.0, 0.0, 0.0, 0.0, 0.0, 0.0]",88669,74278,N3,accept,0.44318181818181823,ts,2463,0
"[0.11999999999999993, -0.11999999999999993, -0.2727272727272727, 0.014245014245014245, -0.5714285714285714, 0.0, 0.0, 0.0, 1.0, 0.6040586542140709, 1.0, 0.0, 0.0, 0.0, 0.0, 0.0, 0.0, 0.0]",70001,109094,N3,dismiss,-0.3,ts,2686,1
"[0.25, -0.25, -0.316628701594533, -0.011428571428571429, 0.13636363636363635, 0.0, 0.0, 0.0, 1.0, 0.7065666744509789, 1.0, 0.0, 0.0, 0.0, 0.0, 0.0, 0.0, 0.0]",117111,117045,N3,dismiss,-0.3,ts,1409,0
"[0.8705882352941177, -0.8705882352941177, 0.18139534883720945, 0.18591549295774648, 0.6470588235294118, 0.0, 0.0, 0.0, 1.0, 0.7494954230130966, 1.0, 0.0, 0.0, 0.0, 0.0, 0.0, 0.0, 0.0]",88157,61314,N3,dismiss,-0.3,ts,2563,1
"[0.8714285714285714, -0.8714285714285714, -0.34034034034034033, -0.14285714285714285, 0.7222222222222222, 0.0, 0.0, 0.0, 1.0, 0.7152452814798028, 1.0, 0.0, 0.0, 0.0, 0.0, 0.0, 0.0, 0.0]",155975,170138,N3,dismiss,-0.3,ts,1482,0
"[0.5, -0.5, -0.2967213114754098, 0.0, 0.0, 0.0, 0.0, 0.0, 1.0, 0.8192716832933844, 1.0, 0.0, 0.0, 0.0, 0.0, 0.0, 0.0, 0.0]",85446,85230,N3,dismiss,-0.3,ts,2035,1
"[0.8785714285714287, -0.8785714285714287, -0.35714285714285715, 0.0, 0.0, 0.0, 0.0, 0.0, 1.0, 0.8644708419781049, 1.0, 0.0, 0.0, 0.0, 0.0, 0.0, 0.0, 0.0]",164512,18219,N3,accept,0.915,ts,507,1
"[0.7, -0.7, -0.041374214998152976, 0.0, 0.0, 0.0, 0.0, 0.0, 1.0, 0.9295681312196775, 1.0, 0.0, 0.0, 0.0, 0.0, 0.0, 0.0, 0.0]",82038,16722,N3,dismiss,-0.3,ts,1269,1
"[0.20000000000000007, -0.20000000000000007, -0.20398009950248752, -0.03064066852367688, -0.04, 0.0, 0.0, 0.0, 1.0, 0.7353804625909484, 1.0, 0.0, 0.0, 0.0, 0.0, 0.0, 0.0, 0.0]",29710,31966,N3,accept,0.44000000000000006,ts,2485,1
"[0.13888888888888887, -0.13888888888888887, -0.34867564046895355, -0.11041009463722397, 0.0, 0.0, 0.0, 0.0, 1.0, 0.6712022690137475, 1.0, 0.0, 0.0, 0.0, 0.0, 0.0, 0.0, 0.0]",103715,91957,N3,dismiss,-0.3,ts,1884,0
"[0.1250000000000001, -0.1250000000000001, 0.16218749999999993, 0.0, 0.0, 0.0, 0.0, 0.0, 1.0, 0.7409291148542603, 1.0, 0.0, 0.0, 0.0, 0.0, 0.0, 0.0, 0.0]",152421,55412,N3,dismiss,-0.3,ts,1991,0
"[0.10999999999999997, -0.10999999999999997, -0.06666666666666667, 0.0, -0.2, 0.0, 0.0, 0.0, 1.0, 0.7164623591348536, 1.0, 0.0, 0.0, 0.0, 0.0, 0.0, 0.0, 0.0]",41650,79360,N3,dismiss,-0.3,ts,1693,1
"[0.12499999999999988, -0.12499999999999988, 0.1864406779661017, 0.3464566929133858, 0.0, 0.0, 0.0, 0.0, 1.0, 0.65910022537907, 1.0, 0.0, 0.0, 0.0, 0.0, 0.0, 0.0, 0.0]",92706,114737,N3,accept,0.3874999999999999,ts,1802,0
"[0.26470588235294124, -0.26470588235294124, 0.1392694063926941, 0.24, 0.040000000000000036, 0.0, 0.0, 0.0, 1.0, 0.7270201311319596, 1.0, 0.0, 0.0, 0.0, 0.0, 0.0, 0.0, 0.0]",77265,130669,N3,accept,0.4852941176470589,ts,892,0
"[0.24999999999999997, -0.24999999999999997, -0.4117647058823529, 0.0, 0.0, 0.0, 0.0, 0.0, 1.0, 0.7273653355460075, 1.0, 0.0, 0.0, 0.0, 0.0, 0.0, 0.0, 0.0]",51607,174753,N3,accept,0.475,ts,669,0
"[0.72, -0.72, 0.14583333333333334, 0.02, 0.06000000000000001, 0.0, 0.0, 0.0, 1.0, 0.8748597557133838, 1.0, 0.0, 0.0, 0.0, 0.0, 0.0, 0.0, 0.0]",135298,81568,N3,dismiss,-0.3,ts,1844,0
"[0.8530612244897959, -0.8530612244897959, -0.4003639672429481, 0.4482758620689655, 0.47619047619047616, 0.0, 0.0, 0.0, 1.0, 0.6729637351096623, 1.0, 0.0, 0.0, 0.0, 0.0, 0.0, 0.0, 0.0]",180522,170138,N3,dismiss,-0.3,ts,2288,0
"[0.06666666666666654, -0.06666666666666654, -0.026350461133069828, -0.14246575342465753, -0.13636363636363635, 0.0, 0.0, 0.0, 1.0, 0.6916546600964453, 1.0, 0.0, 0.0, 0.0, 0.0, 0.0, 0.0, 0.0]",141844,16911,N3,dismiss,-0.3,ts,1039,0
"[0.7942857142857144, -0.7942857142857144, -0.3214124038026256, 0.2066115702479339, -0.375, 0.0, 0.0, 0.0, 1.0, 0.7329985361225249, 1.0, 0.0, 0.0, 0.0, 0.0, 0.0, 0.0, 0.0]",110166,128284,N3,dismiss,-0.3,ts,1834,1
"[0.5, -0.5, 0.14336917562724016, 0.3761467889908257, -0.5199999999999999, 0.0, 0.0, 0.0, 1.0, 0.6826397230933525, 1.0, 0.0, 0.0, 0.0, 0.0, 0.0, 0.0, 0.0]",19612,19597,N3,accept,0.6499999999999999,ts,2328,1
"[0.3636363636363637, -0.3636363636363637, -0.28315412186379924, 0.3931297709923664, 0.7241379310344829, 0.0, 0.0, 0.0, 1.0, 0.5913779457118944, 1.0, 0.0, 0.0, 0.0, 0.0, 0.0, 0.0, 0.0]",185575,123174,N3,dismiss,-0.3,ts,780,0
"[0.7058823529411765, -0.7058823529411765, 0.002506265664160437, -0.041666666666666664, 0.2, 0.0, 0.0, 0.0, 1.0, 0.8838579635290126, 1.0, 0.0, 0.0, 0.0, 0.0, 0.0, 0.0, 0.0]",58951,104684,N3,dismiss,-0.3,ts,1916,1
"[0.4444444444444445, -0.4444444444444445, -0.04221635883905017, -0.58, -0.7, 0.0, 0.0, 0.0, 1.0, 0.6635149056613419, 1.0, 0.0, 0.0, 0.0, 0.0, 0.0, 0.0, 0.0]",145573,132873,N3,dismiss,-0.3,ts,1988,1
"[0.3636363636363637, -0.3636363636363637, 0.0, 0.016713091922005572, 0.15384615384615385, 0.0, 0.0, 0.0, 1.0, 0.8296166021577667, 1.0, 0.0, 0.0, 0.0, 0.0, 0.0, 0.0, 0.0]",123551,123174,N3,dismiss,-0.3,ts,1350,0
"[0.20000000000000004, -0.20000000000000004, -0.4444444444444444, -0.5061224489795918, 0.1111111111111111, 0.0, 0.0, 0.0, 1.0, 0.5796715609809813, 1.0, 0.0, 0.0, 0.0, 0.0, 0.0, 0.0, 0.0]",127333,63222,N3,dismiss,-0.3,ts,2486,1
"[0.2222222222222222, -0.2222222222222222, -0.16636363636363638, 0.34, 0.12000000000000002, 0.0, 0.0, 0.0, 1.0, 0.667758053116748, 1.0, 0.0, 0.0, 0.0, 0.0, 0.0, 0.0, 0.0]",141703,82102,N3,dismiss,-0.3,ts,2938,1
"[0.6818181818181819, -0.6818181818181819, 0.024324324324324288, 0.02821316614420063, -0.65, 0.0, 0.0, 0.0, 1.0, 0.8158970926015877, 1.0, 0.0, 0.0, 0.0, 0.0, 0.0, 0.0, 0.0]",130294,49086,N3,dismiss,-0.3,ts,1273,0
"[0.7954545454545455, -0.7954545454545455, -0.41470994475138123, 0.13095238095238096, -0.23333333333333334, 0.0, 0.0, 0.0, 1.0, 0.7546522405081744, 1.0, 0.0, 0.0, 0.0, 0.0, 0.0, 0.0, 0.0]",135543,89765,N3,dismiss,-0.3,ts,1046,1
"[0.33333333333333337, -0.33333333333333337, -0.05657142857142848, 0.2238372093023256, 0.037037037037037035, 0.0, 0.0, 0.0, 1.0, 0.779291250461128, 1.0, 0.0, 0.0, 0.0, 0.0, 0.0, 0.0, 0.0]",169335,61314,N3,dismiss,-0.3,ts,2273,1
"[0.6785714285714286, -0.6785714285714286, -0.06094182825484772, 0.10465116279069768, -0.20689655172413793, 0.0, 0.0, 0.0, 1.0, 0.8401414992281117, 1.0, 0.0, 0.0, 0.0, 0.0, 0.0, 0.0, 0.0]",123439,89765,N3,dismiss,-0.3,ts,2570,0
"[0.8, -0.8, 0.13333333333333333, 0.0, 0.0, 0.0, 0.0, 0.0, 1.0, 0.9115993194259686, 1.0, 0.0, 0.0, 0.0, 0.0, 0.0, 0.0, 0.0]",190833,51605,N3,dismiss,-0.3,ts,510,0
"[0.7954545454545455, -0.7954545454545455, -0.41470994475138123, 0.13095238095238096, -0.23333333333333334, 0.0, 0.0, 0.0, 1.0, 0.7546522405081744, 1.0, 0.0, 0.0, 0.0, 0.0, 0.0, 0.0, 0.0]",135543,89765,N3,dismiss,-0.3,ts,1311,1
"[0.01453488372093018, -0.01453488372093018, 0.07822736030828521, 0.008522727272727272, 0.24999999999999997, 0.0, 0.0, 0.0, 1.0, 0.6649282141640869, 1.0, 0.0, 0.0, 0.0, 0.0, 0.0, 0.0, 0.0]",54520,146721,N3,dismiss,-0.3,ts,1476,0
"[0.56, -0.56, 0.0, 1.0, -0.3333333333333333, 0.0, 0.0, 0.0, 1.0, 0.7152978852370033, 1.0, 0.0, 0.0, 0.0, 0.0, 0.0, 0.0, 0.0]",104684,169349,N3,dismiss,-0.3,ts,2740,0
"[0.9352941176470587, -0.9352941176470587, -0.001497753369945139, 1.0, -0.29411764705882354, 0.0, 0.0, 0.0, 1.0, 0.7544570723510369, 1.0, 0.0, 0.0, 0.0, 0.0, 0.0, 0.0, 0.0]",107861,169349,N3,dismiss,-0.3,ts,1629,1
"[0.25, -0.25, -0.5708154506437768, -0.008595988538681949, 1.0, 0.0, 0.0, 0.0, 1.0, 0.5525921765486778, 1.0, 0.0, 0.0, 0.0, 0.0, 0.0, 0.0, 0.0]",189369,117045,N3,dismiss,-0.3,ts,1741,0
"[0.3, -0.3, -0.09090909090909091, 0.46, -0.08000000000000003, 0.0, 0.0, 0.0, 1.0, 0.709824759435147, 1.0, 0.0, 0.0, 0.0, 0.0, 0.0, 0.0, 0.0]",38740,41068,N3,dismiss,-0.3,ts,1765,0
"[0.367741935483871, -0.367741935483871, -0.03268765133171908, -0.00847457627118644, 0.07462686567164178, 0.0, 0.0, 0.0, 1.0, 0.8394568191052507, 1.0, 0.0, 0.0, 0.0, 0.0, 0.0, 0.0, 0.0]",43382,105910,N3,dismiss,-0.3,ts,793,1
"[0.18749999999999997, -0.18749999999999997, -0.4164235097957482, 0.5172413793103449, -0.14285714285714285, 0.0, 0.0, 0.0, 1.0, 0.5715104383342711, 1.0, 0.0, 0.0, 0.0, 0.0, 0.0, 0.0, 0.0]",155856,114738,N3,accept,0.43124999999999997,ts,2198,1
"[0.20000000000000007, -0.20000000000000007, -0.006303915063039193, 0.019943019943019943, -0.5, 0.0, 0.0, 0.0, 1.0, 0.7196391729676981, 1.0, 0.0, 0.0, 0.0, 0.0, 0.0, 0.0, 0.0]",43335,135483,N3,dismiss,-0.3,ts,2649,0
"[0.3636363636363637, -0.3636363636363637, 0.0, 0.016713091922005572, 0.15384615384615385, 0.0, 0.0, 0.0, 1.0, 0.8296166021577667, 1.0, 0.0, 0.0, 0.0, 0.0, 0.0, 0.0, 0.0]",123551,123174,N3,dismiss,-0.3,ts,2670,0
"[0.08823529411764701, -0.08823529411764701, 0.04918032786885246, -0.027700831024930747, -0.2222222222222222, 0.0, 0.0, 0.0, 1.0, 0.7022535857628591, 1.0, 0.0, 0.0, 0.0, 0.0, 0.0, 0.0, 0.0]",15685,15686,N3,dismiss,-0.3,ts,551,0
"[0.09090909090909098, -0.09090909090909098, -0.4, 0.008746355685131196, 0.13636363636363635, 0.0, 0.0, 0.0, 1.0, 0.6353409222790694, 1.0, 0.0, 0.0, 0.0, 0.0, 0.0, 0.0, 0.0]",162866,116939,N3,dismiss,-0.3,ts,1072,1
"[0.11458333333333333, -0.11458333333333333, 0.0, -0.5561959654178674, -0.7909090909090909, 0.0, 0.0, 0.0, 1.0, 0.5727064609689967, 1.0, 0.0, 0.0, 0.0, 0.0, 0.0, 0.0, 0.0]",107659,142262,N3,accept,0.3802083333333333,ts,2312,0
"[0.25, -0.25, 0.22714285714285723, -0.08766233766233766, 0.0, 0.0, 0.0, 0.0, 1.0, 0.7424472880831784, 1.0, 0.0, 0.0, 0.0, 0.0, 0.0, 0.0, 0.0]",55744,21089,N3,dismiss,-0.3,ts,2156,0
"[0.4545454545454546, -0.4545454545454546, -0.29375, -0.0028735632183908046, 0.8333333333333334, 0.0, 0.0, 0.0, 1.0, 0.6867897445125909, 1.0, 0.0, 0.0, 0.0, 0.0, 0.0, 0.0, 0.0]",32065,108828,N3,dismiss,-0.3,ts,2310,1
"[0.25, -0.25, 0.0, 0.0, 0.0, 0.0, 0.0, 0.0, 1.0, 0.8395893495876965, 1.0, 0.0, 0.0, 0.0, 0.0, 0.0, 0.0, 0.0]",116977,117045,N3,dismiss,-0.3,ts,1618,0
"[0.3500000000000001, -0.3500000000000001, 0.0, -0.3611111111111111, 0.043478260869565216, 0.0, 0.0, 0.0, 1.0, 0.7807457601820568, 1.0, 0.0, 0.0, 0.0, 0.0, 0.0, 0.0, 0.0]",125913,48548,N3,dismiss,-0.3,ts,1652,1
"[0.1250000000000001, -0.1250000000000001, -0.3333333333333333, -0.1, -0.19999999999999996, 0.0, 0.0, 0.0, 1.0, 0.6223743436505965, 1.0, 0.0, 0.0, 0.0, 0.0, 0.0, 0.0, 0.0]",18330,29449,N3,dismiss,-0.3,ts,2866,1
"[0.16326530612244894, -0.16326530612244894, 0.0, -0.02601156069364162, -0.4117647058823529, 0.0, 0.0, 0.0, 1.0, 0.7182572044369081, 1.0, 0.0, 0.0, 0.0, 0.0, 0.0, 0.0, 0.0]",63901,63915,N3,accept,0.41428571428571426,ts,2006,0
"[0.5636363636363637, -0.5636363636363637, 0.23253903040262944, 0.005797101449275362, 0.8333333333333334, 0.0, 0.0, 0.0, 1.0, 0.7243913063121337, 1.0, 0.0, 0.0, 0.0, 0.0, 0.0, 0.0, 0.0]",123006,107659,N3,dismiss,-0.3,ts,877,0
"[0.20000000000000004, -0.20000000000000004, 0.13175230566534912, -0.281437125748503, 0.0, 0.0, 0.0, 0.0, 1.0, 0.7119344123552447, 1.0, 0.0, 0.0, 0.0, 0.0, 0.0, 0.0, 0.0]",81498,78136,N3,dismiss,-0.3,ts,2548,1
"[0.16666666666666666, -0.16666666666666666, 0.042234332425068105, -0.06837606837606838, -0.47058823529411764, 0.0, 0.0, 0.0, 1.0, 0.6843829948468139, 1.0, 0.0, 0.0, 0.0, 0.0, 0.0, 0.0, 0.0]",146728,164355,N3,dismiss,-0.3,ts,1389,1
"[0.3333333333333333, -0.3333333333333333, -0.42588325652841785, -0.5696517412935324, -0.2, 0.0, 0.0, 0.0, 1.0, 0.5994156879372393, 1.0, 0.0, 0.0, 0.0, 0.0, 0.0, 0.0, 0.0]",116359,158410,N3,dismiss,-0.3,ts,2246,1
"[0.2, -0.2, -0.425, -0.1678832116788321, -0.26666666666666666, 0.0, 0.0, 0.0, 1.0, 0.603526579115756, 1.0, 0.0, 0.0, 0.0, 0.0, 0.0, 0.0, 0.0]",115289,178949,N3,dismiss,-0.3,ts,421,0
"[0.06086956521739117, -0.06086956521739117, 0.1509433962264151, -0.002849002849002849, 0.07142857142857142, 0.0, 0.0, 0.0, 1.0, 0.6998266361785278, 1.0, 0.0, 0.0, 0.0, 0.0, 0.0, 0.0, 0.0]",39517,15687,N3,dismiss,-0.3,ts,1897,0
"[0.22666666666666668, -0.22666666666666668, -0.5995995995995996, 0.0, 0.0, 0.0, 0.0, 0.0, 1.0, 0.6921564497180331, 1.0, 0.0, 0.0, 0.0, 0.0, 0.0, 0.0, 0.0]",71092,40258,N3,dismiss,-0.3,ts,2348,0
"[0.047619047619047505, -0.047619047619047505, -0.49874686716791977, 0.0, 0.0, 0.0, 0.0, 0.0, 1.0, 0.6415873556454346, 1.0, 0.0, 0.0, 0.0, 0.0, 0.0, 0.0, 0.0]",111106,18064,N3,dismiss,-0.3,ts,1112,1
"[0.6785714285714286, -0.6785714285714286, -0.06094182825484772, 0.10465116279069768, -0.20689655172413793, 0.0, 0.0, 0.0, 1.0, 0.8401414992281117, 1.0, 0.0, 0.0, 0.0, 0.0, 0.0, 0.0, 0.0]",123439,89765,N3,dismiss,-0.3,ts,852,0
"[0.10714285714285712, -0.10714285714285712, -0.22940563086548488, 0.009259259259259259, 0.0, 0.0, 0.0, 0.0, 1.0, 0.7134908721243683, 1.0, 0.0, 0.0, 0.0, 0.0, 0.0, 0.0, 0.0]",55915,115244,N3,dismiss,-0.3,ts,2816,0
"[0.4, -0.4, -0.4794794794794795, -0.49130434782608695, 0.3157894736842105, 0.0, 0.0, 0.0, 1.0, 0.5968334567710198, 1.0, 0.0, 0.0, 0.0, 0.0, 0.0, 0.0, 0.0]",191334,183357,N3,dismiss,-0.3,ts,1158,1
"[0.7500000000000001, -0.7500000000000001, 0.0, 0.0, 0.0, 0.0, 0.0, 0.0, 1.0, 0.9523252675504453, 1.0, 0.0, 0.0, 0.0, 0.0, 0.0, 0.0, 0.0]",141772,141765,N3,dismiss,-0.3,ts,1752,1
"[0.22602739726027393, -0.22602739726027393, -0.1261711430356028, 0.0, 0.125, 0.0, 0.0, 0.0, 1.0, 0.7538711302491253, 1.0, 0.0, 0.0, 0.0, 0.0, 0.0, 0.0, 0.0]",43388,146721,N3,dismiss,-0.3,ts,1650,0
"[0.7066666666666667, -0.7066666666666667, -0.15685403243723606, -0.45054945054945056, -0.043478260869565216, 0.0, 0.0, 0.0, 1.0, 0.790988441045057, 1.0, 0.0, 0.0, 0.0, 0.0, 0.0, 0.0, 0.0]",120796,85795,N3,dismiss,-0.3,ts,1296,1
"[0.5, -0.5, -0.4592875318066158, 0.0, 0.0, 0.0, 0.0, 0.0, 1.0, 0.7886047001257124, 1.0, 0.0, 0.0, 0.0, 0.0, 0.0, 0.0, 0.0]",90179,56398,N3,dismiss,-0.3,ts,742,0
"[0.39999999999999997, -0.39999999999999997, 0.21505376344086022, -0.3197969543147208, 1.0, 0.0, 0.0, 0.0, 1.0, 0.6003913445971276, 1.0, 0.0, 0.0, 0.0, 0.0, 0.0, 0.0, 0.0]",92081,120916,N3,dismiss,-0.3,ts,2752,0
"[0.6785714285714286, -0.6785714285714286, -0.18634607127522543, -0.05, -0.17272727272727276, 0.0, 0.0, 0.0, 1.0, 0.8219339185546796, 1.0, 0.0, 0.0, 0.0, 0.0, 0.0, 0.0, 0.0]",141736,49005,N3,dismiss,-0.3,ts,982,1
"[0.3333333333333333, -0.3333333333333333, -0.0879271070615034, -0.06367041198501873, 1.0, 0.0, 0.0, 0.0, 1.0, 0.6744638811799699, 1.0, 0.0, 0.0, 0.0, 0.0, 0.0, 0.0, 0.0]",39429,170190,N3,dismiss,-0.3,ts,994,1
"[0.5983606557377049, -0.5983606557377049, -0.33472106577851785, 0.002857142857142857, -0.19999999999999998, 0.0, 0.0, 0.0, 1.0, 0.780866738606171, 1.0, 0.0, 0.0, 0.0, 0.0, 0.0, 0.0, 0.0]",64290,105910,N3,dismiss,-0.3,ts,1961,1
"[0.22784810126582283, -0.22784810126582283, 0.2310654685494223, -0.0987012987012987, 0.298507462686567, 0.0, 0.0, 0.0, 1.0, 0.6639494779334293, 1.0, 0.0, 0.0, 0.0, 0.0, 0.0, 0.0, 0.0]",43373,54573,N3,dismiss,-0.3,ts,543,0
"[0.28571428571428575, -0.28571428571428575, 0.0, -0.1005586592178771, 0.14285714285714285, 0.0, 0.0, 0.0, 1.0, 0.7864257510470529, 1.0, 0.0, 0.0, 0.0, 0.0, 0.0, 0.0, 0.0]",128281,51122,N3,dismiss,-0.3,ts,2361,1
"[0.3636363636363637, -0.3636363636363637, 0.0, 0.016713091922005572, 0.15384615384615385, 0.0, 0.0, 0.0, 1.0, 0.8296166021577667, 1.0, 0.0, 0.0, 0.0, 0.0, 0.0, 0.0, 0.0]",123140,123174,N3,dismiss,-0.3,ts,1313,0
"[0.4444444444444445, -0.4444444444444445, 0.07079646017699111, -0.703125, -0.58, 0.0, 0.0, 0.0, 1.0, 0.6530726482238095, 1.0, 0.0, 0.0, 0.0, 0.0, 0.0, 0.0, 0.0]",169352,132873,N3,dismiss,-0.3,ts,2019,0
"[0.2941176470588236, -0.2941176470588236, 0.0, 1.0, 0.48, 0.0, 0.0, 0.0, 1.0, 0.6188615559348754, 1.0, 0.0, 0.0, 0.0, 0.0, 0.0, 0.0, 0.0]",51575,50956,N3,dismiss,-0.3,ts,901,0
"[0.25, -0.25, -0.27321341759844436, -0.06529209621993128, -0.9791666666666666, 0.0, 0.0, 0.0, 1.0, 0.6081937542219744, 1.0, 0.0, 0.0, 0.0, 0.0, 0.0, 0.0, 0.0]",29663,134921,N3,accept,0.475,ts,625,1
"[0.3636363636363637, -0.3636363636363637, 0.0, 0.016713091922005572, 0.25, 0.0, 0.0, 0.0, 1.0, 0.8103249790259089, 1.0, 0.0, 0.0, 0.0, 0.0, 0.0, 0.0, 0.0]",123014,123174,N3,accept,0.5545454545454546,ts,1354,0
"[0.375, -0.375, 0.15037593984962405, -0.3492537313432836, -0.3076923076923077, 0.0, 0.0, 0.0, 1.0, 0.681173782067926, 1.0, 0.0, 0.0, 0.0, 0.0, 0.0, 0.0, 0.0]",140787,164354,N3,accept,0.5625,ts,924,1
"[0.3636363636363637, -0.3636363636363637, 0.0, 0.016713091922005572, 0.25, 0.0, 0.0, 0.0, 1.0, 0.8103249790259089, 1.0, 0.0, 0.0, 0.0, 0.0, 0.0, 0.0, 0.0]",123014,123174,N3,dismiss,-0.3,ts,2264,0
"[0.11999999999999993, -0.11999999999999993, 0.09090909090909091, 0.05413105413105413, -0.03571428571428571, 0.0, 0.0, 0.0, 1.0, 0.7355390703478111, 1.0, 0.0, 0.0, 0.0, 0.0, 0.0, 0.0, 0.0]",151839,107308,N3,dismiss,-0.3,ts,2983,0
"[0.6848739495798319, -0.6848739495798319, 0.04796274738067509, -0.028469750889679714, 0.6428571428571429, 0.0, 0.0, 0.0, 1.0, 0.8080788795916292, 1.0, 0.0, 0.0, 0.0, 0.0, 0.0, 0.0, 0.0]",84577,120796,N3,dismiss,-0.3,ts,2171,1
"[0.2, -0.2, -0.425, -0.1678832116788321, -0.26666666666666666, 0.0, 0.0, 0.0, 1.0, 0.603526579115756, 1.0, 0.0, 0.0, 0.0, 0.0, 0.0, 0.0, 0.0]",115289,178949,N3,dismiss,-0.3,ts,414,0
"[0.5599999999999999, -0.5599999999999999, 0.0013342228152101116, 0.014035087719298246, 0.03571428571428559, 0.0, 0.0, 0.0, 1.0, 0.9064267245263649, 1.0, 0.0, 0.0, 0.0, 0.0, 0.0, 0.0, 0.0]",104485,114138,N3,accept,0.692,ts,1056,0
"[0.4485294117647059, -0.4485294117647059, 0.2013333333333333, -0.21903052064631956, -0.38461538461538464, 0.0, 0.0, 0.0, 1.0, 0.6967090570352744, 1.0, 0.0, 0.0, 0.0, 0.0, 0.0, 0.0, 0.0]",29970,155692,N3,dismiss,-0.3,ts,1177,0
"[0.5636363636363637, -0.5636363636363637, 0.23253903040262944, 0.12753623188405797, 1.0, 0.0, 0.0, 0.0, 1.0, 0.6843183977363809, 1.0, 0.0, 0.0, 0.0, 0.0, 0.0, 0.0, 0.0]",123006,107588,N3,dismiss,-0.3,ts,1495,0
"[0.23076923076923075, -0.23076923076923075, -0.43301759133964823, 0.772972972972973, 1.0, 0.0, 0.0, 0.0, 1.0, 0.4523059183699954, 1.0, 0.0, 0.0, 0.0, 0.0, 0.0, 0.0, 0.0]",175208,57551,N3,accept,0.4615384615384615,ts,487,1
"[0.5636363636363637, -0.5636363636363637, -0.43781094527363185, -0.011396011396011397, 0.8333333333333334, 0.0, 0.0, 0.0, 1.0, 0.6804436133378147, 1.0, 0.0, 0.0, 0.0, 0.0, 0.0, 0.0, 0.0]",72081,108828,N3,dismiss,-0.3,ts,2275,0
"[0.41176470588235287, -0.41176470588235287, -0.10614525139664797, 0.12, 0.24, 0.0, 0.0, 0.0, 1.0, 0.7599295455936875, 1.0, 0.0, 0.0, 0.0, 0.0, 0.0, 0.0, 0.0]",63626,58615,N3,dismiss,-0.3,ts,2147,0
"[0.25, -0.25, -0.24812030075187969, 0.005813953488372093, 0.041666666666666664, 0.0, 0.0, 0.0, 1.0, 0.7476249554836153, 1.0, 0.0, 0.0, 0.0, 0.0, 0.0, 0.0, 0.0]",174773,117045,N3,accept,0.475,ts,535,0
"[0.25, -0.25, 0.2124062031015508, 0.001215066828675577, 0.0, 0.0, 0.0, 0.0, 1.0, 0.7700037600548302, 1.0, 0.0, 0.0, 0.0, 0.0, 0.0, 0.0, 0.0]",30337,15457,N3,dismiss,-0.3,ts,714,0
"[0.3382352941176471, -0.3382352941176471, -0.3671817512877116, 0.026239067055393587, 0.1641791044776119, 0.0, 0.0, 0.0, 1.0, 0.7132792099227282, 1.0, 0.0, 0.0, 0.0, 0.0, 0.0, 0.0, 0.0]",185707,105899,N3,accept,0.5367647058823529,ts,1279,0
"[0.6228571428571429, -0.6228571428571429, 0.0, -0.08, -0.09090909090909091, 0.0, 0.0, 0.0, 1.0, 0.8860309527056134, 1.0, 0.0, 0.0, 0.0, 0.0, 0.0, 0.0, 0.0]",174761,48998,N3,accept,0.736,ts,725,1
"[0.1250000000000001, -0.1250000000000001, 0.1111111111111111, 0.0, 0.0, 0.0, 0.0, 0.0, 1.0, 0.7564807805603966, 1.0, 0.0, 0.0, 0.0, 0.0, 0.0, 0.0, 0.0]",62598,29449,N3,accept,0.38750000000000007,ts,1019,0
"[0.65, -0.65, 0.0, 0.0, 0.0, 0.0, 0.0, 0.0, 1.0, 0.9377233209062918, 1.0, 0.0, 0.0, 0.0, 0.0, 0.0, 0.0, 0.0]",30619,30620,N3,dismiss,-0.3,ts,2927,0
"[0.375, -0.375, -0.8010012515644556, 0.4067796610169492, 0.9148936170212765, 0.0, 0.0, 0.0, 1.0, 0.5083147967010017, 1.0, 0.0, 0.0, 0.0, 0.0, 0.0, 0.0, 0.0]",158428,41685,N3,dismiss,-0.3,ts,2722,1
"[0.8833333333333333, -0.8833333333333333, -0.2159090909090909, -0.3225806451612903, 0.0, 0.0, 0.0, 0.0, 1.0, 0.8255576692423943, 1.0, 0.0, 0.0, 0.0, 0.0, 0.0, 0.0, 0.0]",126323,82101,N3,dismiss,-0.3,ts,2087,1
"[0.7600000000000001, -0.7600000000000001, 0.0, 0.0, 0.0, 0.0, 0.0, 0.0, 1.0, 0.9536035234414215, 1.0, 0.0, 0.0, 0.0, 0.0, 0.0, 0.0, 0.0]",141772,141753,N3,dismiss,-0.3,ts,2007,0
"[0.09090909090909098, -0.09090909090909098, -0.13666666666666671, -0.03170028818443804, -0.08333333333333333, 0.0, 0.0, 0.0, 1.0, 0.703806361531609, 1.0, 0.0, 0.0, 0.0, 0.0, 0.0, 0.0, 0.0]",43107,106979,N3,accept,0.36363636363636365,ts,2966,1
"[0.9285714285714285, -0.9285714285714285, -0.8650904033379694, -0.15723270440251572, -0.5352112676056338, 0.0, 0.0, 0.0, 1.0, 0.6673563572267989, 1.0, 0.0, 0.0, 0.0, 0.0, 0.0, 0.0, 0.0]",87864,117029,N3,dismiss,-0.3,ts,2655,1
"[0.85, -0.85, -0.24349999999999997, 0.0, 0.0, 0.0, 0.0, 0.0, 1.0, 0.8866801639081674, 1.0, 0.0, 0.0, 0.0, 0.0, 0.0, 0.0, 0.0]",112476,90167,N3,dismiss,-0.3,ts,594,1
"[0.023255813953488292, -0.023255813953488292, 0.05212816834050693, 0.08609271523178808, 0.0571428571428572, 0.0, 0.0, 0.0, 1.0, 0.6989901745905753, 1.0, 0.0, 0.0, 0.0, 0.0, 0.0, 0.0, 0.0]",115226,152287,N3,accept,0.3162790697674418,ts,1499,1
"[0.19230769230769232, -0.19230769230769232, 0.0, 0.11363636363636363, 0.0, 0.0, 0.0, 0.0, 1.0, 0.7896850702294859, 1.0, 0.0, 0.0, 0.0, 0.0, 0.0, 0.0, 0.0]",114738,166142,N3,dismiss,-0.3,ts,2389,0
"[0.11999999999999993, -0.11999999999999993, -0.4444444444444444, 0.0339943342776204, 0.07142857142857142, 0.0, 0.0, 0.0, 1.0, 0.6469150191170184, 1.0, 0.0, 0.0, 0.0, 0.0, 0.0, 0.0, 0.0]",107307,123031,N3,dismiss,-0.3,ts,777,1
"[0.20000000000000007, -0.20000000000000007, 0.17909090909090916, -0.10160427807486631, 0.36363636363636365, 0.0, 0.0, 0.0, 1.0, 0.6575173146638584, 1.0, 0.0, 0.0, 0.0, 0.0, 0.0, 0.0, 0.0]",89763,107458,N3,dismiss,-0.3,ts,655,1
"[0.55, -0.55, -0.051636363636363695, 0.25, -0.44000000000000006, 0.0, 0.0, 0.0, 1.0, 0.753018755400742, 1.0, 0.0, 0.0, 0.0, 0.0, 0.0, 0.0, 0.0]",19607,128279,N3,dismiss,-0.3,ts,1975,1
"[0.3, -0.3, 0.2, 0.0, 0.0, 0.0, 0.0, 0.0, 1.0, 0.7895387605196299, 1.0, 0.0, 0.0, 0.0, 0.0, 0.0, 0.0, 0.0]",133969,50807,N3,dismiss,-0.3,ts,2560,0
"[0.25000000000000006, -0.25000000000000006, 0.20033388981636072, 1.0, -0.21052631578947367, 0.0, 0.0, 0.0, 1.0, 0.5859408089214666, 1.0, 0.0, 0.0, 0.0, 0.0, 0.0, 0.0, 0.0]",185524,128242,N3,dismiss,-0.3,ts,2610,0
"[0.5636363636363637, -0.5636363636363637, 0.17849462365591412, 0.3320610687022901, 1.0, 0.0, 0.0, 0.0, 1.0, 0.6505032987096852, 1.0, 0.0, 0.0, 0.0, 0.0, 0.0, 0.0, 0.0]",185575,108839,N3,dismiss,-0.3,ts,1940,0
"[0.1666666666666667, -0.1666666666666667, 0.0, 0.3, 0.22000000000000003, 0.0, 0.0, 0.0, 1.0, 0.6901568741775026, 1.0, 0.0, 0.0, 0.0, 0.0, 0.0, 0.0, 0.0]",41286,61090,N3,dismiss,-0.3,ts,559,0
"[0.7402597402597403, -0.7402597402597403, 0.1514392991239048, 1.0, -0.5555555555555556, 0.0, 0.0, 0.0, 1.0, 0.650708755416801, 1.0, 0.0, 0.0, 0.0, 0.0, 0.0, 0.0, 0.0]",138627,128295,N3,dismiss,-0.3,ts,2243,0
"[0.7306122448979592, -0.7306122448979592, -0.028856825749167567, -0.32151898734177214, -0.2, 0.0, 0.0, 0.0, 1.0, 0.8179430137749685, 1.0, 0.0, 0.0, 0.0, 0.0, 0.0, 0.0, 0.0]",155693,92135,N3,dismiss,-0.3,ts,1297,1
"[0.15, -0.15, 0.0, 1.0, 0.2, 0.0, 0.0, 0.0, 1.0, 0.6096274051554273, 1.0, 0.0, 0.0, 0.0, 0.0, 0.0, 0.0, 0.0]",130670,151787,N3,dismiss,-0.3,ts,704,1
"[0.25, -0.25, -0.18823529411764706, 0.0, 0.0, 0.0, 0.0, 0.0, 1.0, 0.7768452100027552, 1.0, 0.0, 0.0, 0.0, 0.0, 0.0, 0.0, 0.0]",113825,87177,N3,accept,0.475,ts,2851,0
"[0.472, -0.472, -0.6195652173913043, -0.5718849840255591, 0.0, 0.0, 0.0, 0.0, 1.0, 0.658074819109653, 1.0, 0.0, 0.0, 0.0, 0.0, 0.0, 0.0, 0.0]",128295,92135,N3,accept,0.6304,ts,2815,1
"[0.11999999999999993, -0.11999999999999993, -0.05565217391304353, 0.3215547703180212, 0.702127659574468, 0.0, 0.0, 0.0, 1.0, 0.589134277285568, 1.0, 0.0, 0.0, 0.0, 0.0, 0.0, 0.0, 0.0]",185510,162740,N3,dismiss,-0.3,ts,2171,1
"[0.3636363636363637, -0.3636363636363637, 0.0, 0.016713091922005572, 0.25, 0.0, 0.0, 0.0, 1.0, 0.8103249790259089, 1.0, 0.0, 0.0, 0.0, 0.0, 0.0, 0.0, 0.0]",123014,123174,N3,accept,0.5545454545454546,ts,1178,0
"[0.5636363636363637, -0.5636363636363637, 0.05263157894736842, -0.019662921348314606, 1.0, 0.0, 0.0, 0.0, 1.0, 0.747815505128765, 1.0, 0.0, 0.0, 0.0, 0.0, 0.0, 0.0, 0.0]",107747,107563,N3,dismiss,-0.3,ts,1440,1
"[0.7576530612244898, -0.7576530612244898, -0.04534606205250594, -0.6555555555555556, -0.6199999999999999, 0.0, 0.0, 0.0, 1.0, 0.7198017822501334, 1.0, 0.0, 0.0, 0.0, 0.0, 0.0, 0.0, 0.0]",33276,174927,N3,dismiss,-0.3,ts,1054,0
"[0.75, -0.75, 0.009453072248480675, -0.14733542319749215, -0.98, 0.0, 0.0, 0.0, 1.0, 0.781424825776788, 1.0, 0.0, 0.0, 0.0, 0.0, 0.0, 0.0, 0.0]",128276,134921,N3,accept,0.825,ts,1064,0
"[0.7653333333333334, -0.7653333333333334, -0.42918454935622324, 1.0, 1.0, 0.0, 0.0, 0.0, 1.0, 0.5428352688468681, 1.0, 0.0, 0.0, 0.0, 0.0, 0.0, 0.0, 0.0]",106727,48998,N3,dismiss,-0.3,ts,1237,1
"[0.20000000000000007, -0.20000000000000007, -0.316628701594533, -0.04178272980501393, 0.0, 0.0, 0.0, 0.0, 1.0, 0.7169747355103745, 1.0, 0.0, 0.0, 0.0, 0.0, 0.0, 0.0, 0.0]",67082,31975,N3,accept,0.44000000000000006,ts,1378,1
"[0.1428571428571428, -0.1428571428571428, 0.2, -0.3, -0.22000000000000003, 0.0, 0.0, 0.0, 1.0, 0.6157574613939959, 1.0, 0.0, 0.0, 0.0, 0.0, 0.0, 0.0, 0.0]",29449,29439,N3,accept,0.3999999999999999,ts,2029,0
"[0.9333333333333335, -0.9333333333333335, 0.11470588235294113, -0.13398692810457516, -0.18181818181818182, 0.0, 0.0, 0.0, 1.0, 0.8493488906934371, 1.0, 0.0, 0.0, 0.0, 0.0, 0.0, 0.0, 0.0]",50818,48992,N3,dismiss,-0.3,ts,2889,0
"[0.6222222222222222, -0.6222222222222222, 0.0, -0.1, 0.019999999999999973, 0.0, 0.0, 0.0, 1.0, 0.8999640846725089, 1.0, 0.0, 0.0, 0.0, 0.0, 0.0, 0.0, 0.0]",135207,37985,N3,dismiss,-0.3,ts,2417,0
"[0.5, -0.5, -0.28716461203770843, 0.0, 0.0, 0.0, 0.0, 0.0, 1.0, 0.8214037269579653, 1.0, 0.0, 0.0, 0.0, 0.0, 0.0, 0.0, 0.0]",141748,90177,N3,dismiss,-0.3,ts,2840,1
"[0.5714285714285715, -0.5714285714285715, -0.5994993742177722, 0.24481327800829875, 0.1, 0.0, 0.0, 0.0, 1.0, 0.6987327501453318, 1.0, 0.0, 0.0, 0.0, 0.0, 0.0, 0.0, 0.0]",16682,60788,N3,dismiss,-0.3,ts,2707,0
"[0.8727272727272728, -0.8727272727272728, 0.0, 0.3, -0.07999999999999999, 0.0, 0.0, 0.0, 1.0, 0.8761546154017625, 1.0, 0.0, 0.0, 0.0, 0.0, 0.0, 0.0, 0.0]",122718,125786,N3,dismiss,-0.3,ts,2768,0
"[0.9074285714285715, -0.9074285714285715, 0.006926952141057898, -0.06338028169014084, -0.3157894736842105, 0.0, 0.0, 0.0, 1.0, 0.8783172077941633, 1.0, 0.0, 0.0, 0.0, 0.0, 0.0, 0.0, 0.0]",89666,128247,N3,dismiss,-0.3,ts,1489,0
"[0.09999999999999996, -0.09999999999999996, 0.0, -0.1005586592178771, 0.0, 0.0, 0.0, 0.0, 1.0, 0.7598937305521247, 1.0, 0.0, 0.0, 0.0, 0.0, 0.0, 0.0, 0.0]",127521,108202,N3,dismiss,-0.3,ts,2910,0
"[0.11999999999999993, -0.11999999999999993, -0.33510638297872336, 0.019943019943019943, -0.9071428571428571, 0.0, 0.0, 0.0, 1.0, 0.5654181400394699, 1.0, 0.0, 0.0, 0.0, 0.0, 0.0, 0.0, 0.0]",130440,106065,N3,dismiss,-0.3,ts,2786,1
"[0.5636363636363636, -0.5636363636363636, 0.0, -0.024734982332155476, 0.0, 0.0, 0.0, 0.0, 1.0, 0.9149318998851651, 1.0, 0.0, 0.0, 0.0, 0.0, 0.0, 0.0, 0.0]",48999,48997,N3,dismiss,-0.3,ts,769,0
"[0.5833333333333333, -0.5833333333333333, -0.014175257731958841, 0.0, 0.1, 0.0, 0.0, 0.0, 1.0, 0.8931955318196763, 1.0, 0.0, 0.0, 0.0, 0.0, 0.0, 0.0, 0.0]",151790,113027,N3,dismiss,-0.3,ts,2339,0
"[0.75, -0.75, 0.0, 1.0, 0.8333333333333334, 0.0, 0.0, 0.0, 1.0, 0.6835721076933059, 1.0, 0.0, 0.0, 0.0, 0.0, 0.0, 0.0, 0.0]",18437,115238,N3,dismiss,-0.3,ts,2342,1
"[0.12499999999999988, -0.12499999999999988, 0.145985401459854, 0.19834710743801653, 0.05, 0.0, 0.0, 0.0, 1.0, 0.6822979276547984, 1.0, 0.0, 0.0, 0.0, 0.0, 0.0, 0.0, 0.0]",56538,180522,N3,dismiss,-0.3,ts,660,0
"[0.8571428571428572, -0.8571428571428572, 0.05800000000000001, 0.054901960784313725, 0.0, 0.0, 0.0, 0.0, 1.0, 0.9269965060246893, 1.0, 0.0, 0.0, 0.0, 0.0, 0.0, 0.0, 0.0]",116982,117003,N3,dismiss,-0.3,ts,472,0
"[0.2045454545454546, -0.2045454545454546, 0.006343906510851462, -0.019553072625698324, 1.0, 0.0, 0.0, 0.0, 1.0, 0.6864109839014316, 1.0, 0.0, 0.0, 0.0, 0.0, 0.0, 0.0, 0.0]",135483,74278,N3,dismiss,-0.3,ts,2062,0
"[0.8961038961038962, -0.8961038961038962, -0.1737171464330414, 0.32524271844660196, -0.14814814814814814, 0.0, 0.0, 0.0, 1.0, 0.7992703165512968, 1.0, 0.0, 0.0, 0.0, 0.0, 0.0, 0.0, 0.0]",138627,120787,N3,dismiss,-0.3,ts,1793,1
"[0.1, -0.07, -0.2697495183044316, -0.05, -0.17272727272727276, 0.0, 0.0, 0.0, 1.0, 0.63467239594446, 1.0, 0.0, 0.0, 0.0, 0.0, 0.0, 0.0, 0.0]",49082,49005,N3,dismiss,-0.3,ts,503,0
"[0.24242424242424238, -0.24242424242424238, -0.129287598944591, 0.14634146341463414, -0.019999999999999973, 0.0, 0.0, 0.0, 1.0, 0.7475906702273, 1.0, 0.0, 0.0, 0.0, 0.0, 0.0, 0.0, 0.0]",110035,19599,N3,dismiss,-0.3,ts,403,0
"[0.4444444444444445, -0.4444444444444445, -0.04221635883905017, -0.58, -0.7, 0.0, 0.0, 0.0, 1.0, 0.6635149056613419, 1.0, 0.0, 0.0, 0.0, 0.0, 0.0, 0.0, 0.0]",145573,132873,N3,dismiss,-0.3,ts,2382,1
"[0.08928571428571436, -0.08928571428571436, -0.26666666666666666, -0.9233333333333333, -0.7363636363636363, 0.0, 0.0, 0.0, 1.0, 0.45867183971799486, 1.0, 0.0, 0.0, 0.0, 0.0, 0.0, 0.0, 0.0]",41373,51572,N3,dismiss,-0.3,ts,2953,1
"[0.27999999999999997, -0.27999999999999997, -0.07452093683463454, 1.0, -0.78, 0.0, 0.0, 0.0, 1.0, 0.5645640780394282, 1.0, 0.0, 0.0, 0.0, 0.0, 0.0, 0.0, 0.0]",154734,128279,N3,dismiss,-0.3,ts,1239,0
"[0.56, -0.56, -0.0009990009990009777, 0.5495049504950495, -0.4, 0.0, 0.0, 0.0, 1.0, 0.7384325320464852, 1.0, 0.0, 0.0, 0.0, 0.0, 0.0, 0.0, 0.0]",170191,169349,N3,dismiss,-0.3,ts,727,0
"[0.1, -0.07, -0.2697495183044316, -0.05, -0.17272727272727276, 0.0, 0.0, 0.0, 1.0, 0.63467239594446, 1.0, 0.0, 0.0, 0.0, 0.0, 0.0, 0.0, 0.0]",49082,49005,N3,accept,0.37,ts,2114,0
"[0.22602739726027393, -0.22602739726027393, -0.1261711430356028, 0.0, 0.125, 0.0, 0.0, 0.0, 1.0, 0.7538711302491253, 1.0, 0.0, 0.0, 0.0, 0.0, 0.0, 0.0, 0.0]",43388,146721,N3,dismiss,-0.3,ts,2167,0
"[0.4444444444444445, -0.4444444444444445, 0.18241042345276867, -0.34, -0.6, 0.0, 0.0, 0.0, 1.0, 0.6557316228780911, 1.0, 0.0, 0.0, 0.0, 0.0, 0.0, 0.0, 0.0]",169354,132873,N3,dismiss,-0.3,ts,505,0
"[0.13333333333333333, -0.13333333333333333, 0.0, 0.0, 0.0, 0.0, 0.0, 0.0, 1.0, 0.799343830056226, 1.0, 0.0, 0.0, 0.0, 0.0, 0.0, 0.0, 0.0]",93851,93856,N3,dismiss,-0.3,ts,2159,0
"[0.7058823529411765, -0.7058823529411765, 0.13651877133105803, 1.0, 0.11764705882352941, 0.0, 0.0, 0.0, 1.0, 0.7183013517884813, 1.0, 0.0, 0.0, 0.0, 0.0, 0.0, 0.0, 0.0]",169345,115396,N3,accept,0.7941176470588236,ts,2334,0
"[0.11111111111111106, -0.11111111111111106, 0.21052631578947367, 0.0, 0.5800000000000001, 0.0, 0.0, 0.0, 1.0, 0.6195791414577161, 1.0, 0.0, 0.0, 0.0, 0.0, 0.0, 0.0, 0.0]",54392,91067,N3,dismiss,-0.3,ts,1635,1
"[0.5584415584415584, -0.5584415584415584, -0.5681570338058888, -0.7301587301587301, -0.2, 0.0, 0.0, 0.0, 1.0, 0.6207146207072534, 1.0, 0.0, 0.0, 0.0, 0.0, 0.0, 0.0, 0.0]",82102,66862,N3,dismiss,-0.3,ts,2404,1
"[0.15999999999999998, -0.15999999999999998, -0.30025445292620867, 0.7263157894736842, 0.39622641509433976, 0.0, 0.0, 0.0, 1.0, 0.5215834348101834, 1.0, 0.0, 0.0, 0.0, 0.0, 0.0, 0.0, 0.0]",59416,152287,N3,dismiss,-0.3,ts,1037,1
"[0.5555555555555556, -0.35, -0.41692307692307695, 0.0, 0.0, 0.0, 0.0, 0.0, 1.0, 0.7572625285445833, 1.0, 0.0, 0.0, 0.0, 0.0, 0.0, 0.0, 0.0]",63920,48992,N3,dismiss,-0.3,ts,1890,1
"[0.7899159663865546, -0.7899159663865546, 0.0035087719298245758, 1.0, 0.05263157894736842, 0.0, 0.0, 0.0, 1.0, 0.792333687559113, 1.0, 0.0, 0.0, 0.0, 0.0, 0.0, 0.0, 0.0]",185563,170191,N3,accept,0.8529411764705881,ts,832,1
"[0.1666666666666667, -0.1666666666666667, -0.15503875968992248, -0.03669724770642202, 0.0, 0.0, 0.0, 0.0, 1.0, 0.7472928128791391, 1.0, 0.0, 0.0, 0.0, 0.0, 0.0, 0.0, 0.0]",92712,143384,N3,dismiss,-0.3,ts,2891,0
"[0.10714285714285708, -0.10714285714285708, -0.025063721325403562, -0.3492537313432836, -0.28, 0.0, 0.0, 0.0, 1.0, 0.6403382381964977, 1.0, 0.0, 0.0, 0.0, 0.0, 0.0, 0.0, 0.0]",87090,164355,N3,dismiss,-0.3,ts,1174,1
"[0.5714285714285715, -0.5714285714285715, 0.0, 0.0, 0.0, 0.0, 0.0, 0.0, 1.0, 0.9236956675786846, 1.0, 0.0, 0.0, 0.0, 0.0, 0.0, 0.0, 0.0]",37993,60788,N3,accept,0.7,ts,872,0
"[0.13333333333333344, -0.13333333333333344, -0.1, -0.75, -0.44000000000000006, 0.0, 0.0, 0.0, 1.0, 0.5587769414463242, 1.0, 0.0, 0.0, 0.0, 0.0, 0.0, 0.0, 0.0]",70105,79461,N3,dismiss,-0.3,ts,634,0
"[0.5170454545454546, -0.5170454545454546, -0.10071942446043164, -0.5443786982248521, -0.6166666666666667, 0.0, 0.0, 0.0, 1.0, 0.6702427770390287, 1.0, 0.0, 0.0, 0.0, 0.0, 0.0, 0.0, 0.0]",108746,142262,N3,dismiss,-0.3,ts,2682,1
