context,item_id,alternative_id,nudge_type,action,reward,algorithm,dwell_time_ms,is_exploration
"[0.5636363636363637, -0.5636363636363637, -0.16573971078976643, 0.0896358543417367, 1.0, 0.0, 0.0, 0.0, 1.0, 0.7114261295235756, 1.0, 0.0, 0.0, 0.0, 0.0, 0.0, 0.0, 0.0]",166050,107588,N1,dismiss,0.0,ts,692,1
"[0.35714285714285715, -0.35714285714285715, -0.642, 0.06989247311827956, -0.4411764705882353, 0.0, 0.0, 0.0, 1.0, 0.6203227193678967, 1.0, 0.0, 0.0, 0.0, 0.0, 0.0, 0.0, 0.0]",151762,130323,N2,dismiss,-0.024999999999999998,ts,1402,1
"[0.02500000000000002, -0.02500000000000002, -0.33110367892976583, -0.14, -0.039999999999999994, 0.0, 0.0, 0.0, 1.0, 0.614347964489818, 1.0, 0.0, 0.0, 0.0, 0.0, 0.0, 0.0, 0.0]",54434,62540,N3,dismiss,-0.049999999999999996,ts,2681,1
"[0.20000000000000007, -0.20000000000000007, -0.23388888888888892, 1.0, 1.0, 0.0, 0.0, 0.0, 1.0, 0.45422491495165007, 1.0, 0.0, 0.0, 0.0, 0.0, 0.0, 0.0, 0.0]",38174,141744,N4,accept,0.11000000000000001,ts,629,1
"[0.11999999999999993, -0.11999999999999993, -0.47257383966244726, 0.028169014084507043, 0.25, 0.0, 0.0, 0.0, 1.0, 0.605007186683123, 1.0, 0.0, 0.0, 0.0, 0.0, 0.0, 0.0, 0.0]",109421,123141,N5,dismiss,-0.09999999999999999,ts,2043,1
"[0.04761904761904766, -0.04761904761904766, -0.39722724532851117, 0.15162454873646208, 0.4, 0.0, 0.0, 0.0, 1.0, 0.5363539792335147, 1.0, 0.0, 0.0, 0.0, 0.0, 0.0, 0.0, 0.0]",16646,63925,N6,dismiss,-0.125,ts,2723,1
"[0.28571428571428575, -0.28571428571428575, -0.3087719298245614, 0.0, 0.0, 0.0, 0.0, 0.0, 1.0, 0.7588851506539235, 1.0, 0.0, 0.0, 0.0, 0.0, 0.0, 0.0, 0.0]",174761,141765,N6,dismiss,-0.15,ts,936,1
"[0.41666666666666663, -0.41666666666666663, 0.0333889816360601, -0.02857142857142857, -0.015999999999999945, 0.0, 0.0, 0.0, 1.0, 0.8626753628631801, 1.0, 0.0, 0.0, 0.0, 0.0, 0.0, 0.0, 0.0]",19869,39280,N1,dismiss,-0.17500000000000002,ts,697,1
"[0.19999999999999993, -0.19999999999999993, -0.55, -0.9, -0.8363636363636363, 0.0, 0.0, 0.0, 1.0, 0.4423573576868047, 1.0, 0.0, 0.0, 0.0, 0.0, 0.0, 0.0, 0.0]",126074,62598,N1,accept,0.2933333333333333,ts,1273,1
"[0.2, -0.2, 0.2222222222222222, -0.6008771929824561, 0.25, 0.0, 0.0, 0.0, 1.0, 0.5871437693950083, 1.0, 0.0, 0.0, 0.0, 0.0, 0.0, 0.0, 0.0]",118876,127600,N6,dismiss,-0.22499999999999998,ts,1913,0
"[0.14, -0.14, -0.3363636363636364, 0.0, 0.0, 0.0, 0.0, 0.0, 1.0, 0.7038046069838829, 1.0, 0.0, 0.0, 0.0, 0.0, 0.0, 0.0, 0.0]",72620,69993,N6,dismiss,-0.25,ts,1639,0
"[0.17010309278350508, -0.17010309278350508, -0.2631578947368421, 0.11370262390670553, -0.2692307692307692, 0.0, 0.0, 0.0, 1.0, 0.6376314959661844, 1.0, 0.0, 0.0, 0.0, 0.0, 0.0, 0.0, 0.0]",104962,103705,N5,dismiss,-0.27499999999999997,ts,2671,1
"[0.4545454545454546, -0.4545454545454546, -0.4991652754590985, -0.030726256983240222, 1.0, 0.0, 0.0, 0.0, 1.0, 0.6149980633441622, 1.0, 0.0, 0.0, 0.0, 0.0, 0.0, 0.0, 0.0]",135482,107659,N5,dismiss,-0.3,ts,2587,1
"[0.7058823529411765, -0.7058823529411765, 0.0035087719298245758, 0.2948717948717949, 0.3333333333333333, 0.0, 0.0, 0.0, 1.0, 0.8050876802404883, 1.0, 0.0, 0.0, 0.0, 0.0, 0.0, 0.0, 0.0]",58951,170191,N1,dismiss,-0.3,ts,511,1
"[0.7, -0.7, -0.24200000000000002, -0.18333333333333332, 1.0, 0.0, 0.0, 0.0, 1.0, 0.6895957508951762, 1.0, 0.0, 0.0, 0.0, 0.0, 0.0, 0.0, 0.0]",69946,42569,N2,accept,0.7899999999999999,ts,2291,1
"[0.8571428571428572, -0.8571428571428572, 0.0, -0.04, 0.0, 0.0, 0.0, 0.0, 1.0, 0.9529674423825959, 1.0, 0.0, 0.0, 0.0, 0.0, 0.0, 0.0, 0.0]",16648,16650,N2,dismiss,-0.3,ts,1782,0
"[0.13793103448275862, -0.13793103448275862, -0.6330275229357798, -0.9132947976878613, -0.8941176470588235, 0.0, 0.0, 0.0, 1.0, 0.4066193539943744, 1.0, 0.0, 0.0, 0.0, 0.0, 0.0, 0.0, 0.0]",64502,51022,N5,dismiss,-0.3,ts,735,1
"[0.2, -0.2, -0.425, -0.1678832116788321, -0.26666666666666666, 0.0, 0.0, 0.0, 1.0, 0.603526579115756, 1.0, 0.0, 0.0, 0.0, 0.0, 0.0, 0.0, 0.0]",115289,178949,N5,dismiss,-0.3,ts,1833,1
"[0.8285714285714286, -0.8285714285714286, -0.522463768115942, 0.68, 0.55, 0.0, 0.0, 0.0, 1.0, 0.6203403653485181, 1.0, 0.0, 0.0, 0.0, 0.0, 0.0, 0.0, 0.0]",71136,170138,N5,dismiss,-0.3,ts,2826,1
"[0.23076923076923075, -0.23076923076923075, -0.43301759133964823, 0.772972972972973, 1.0, 0.0, 0.0, 0.0, 1.0, 0.4523059183699954, 1.0, 0.0, 0.0, 0.0, 0.0, 0.0, 0.0, 0.0]",175208,57551,N2,dismiss,-0.3,ts,754,1
"[0.2941176470588235, -0.2941176470588235, -0.20508744038155807, 0.9354838709677419, 0.58, 0.0, 0.0, 0.0, 1.0, 0.5564807400241625, 1.0, 0.0, 0.0, 0.0, 0.0, 0.0, 0.0, 0.0]",79359,18570,N2,dismiss,-0.3,ts,2303,1
"[0.5, -0.5, -0.8650904033379694, -0.17027863777089783, -0.1, 0.0, 0.0, 0.0, 1.0, 0.6737533899518656, 1.0, 0.0, 0.0, 0.0, 0.0, 0.0, 0.0, 0.0]",87863,117029,N2,dismiss,-0.3,ts,1144,1
"[0.3, -0.3, -0.5454545454545454, -0.9, -0.8363636363636363, 0.0, 0.0, 0.0, 1.0, 0.4756119353946255, 1.0, 0.0, 0.0, 0.0, 0.0, 0.0, 0.0, 0.0]",41688,29449,N1,dismiss,-0.3,ts,2841,1
"[0.648, -0.648, 0.12880765883376852, 0.20863309352517986, 1.0, 0.0, 0.0, 0.0, 1.0, 0.693548136379965, 1.0, 0.0, 0.0, 0.0, 0.0, 0.0, 0.0, 0.0]",185577,107554,N3,dismiss,-0.3,ts,2516,1
"[0.19999999999999993, -0.19999999999999993, 0.0, 0.0, 0.0, 0.0, 0.0, 0.0, 1.0, 0.8228281531128978, 1.0, 0.0, 0.0, 0.0, 0.0, 0.0, 0.0, 0.0]",133283,82419,N1,accept,0.43999999999999995,ts,2980,0
"[0.625, -0.625, -0.2317548746518106, 0.016722408026755852, -0.07692307692307693, 0.0, 0.0, 0.0, 1.0, 0.8330090859287487, 1.0, 0.0, 0.0, 0.0, 0.0, 0.0, 0.0, 0.0]",174765,141757,N1,dismiss,-0.3,ts,1672,0
"[0.6756756756756757, -0.6756756756756757, -0.5128205128205129, 0.032846715328467155, -0.16666666666666666, 0.0, 0.0, 0.0, 1.0, 0.761458522469446, 1.0, 0.0, 0.0, 0.0, 0.0, 0.0, 0.0, 0.0]",130295,49000,N6,dismiss,-0.3,ts,881,1
"[0.296, -0.296, -0.24811594202898546, 0.1872791519434629, 1.0, 0.0, 0.0, 0.0, 1.0, 0.5810148785045811, 1.0, 0.0, 0.0, 0.0, 0.0, 0.0, 0.0, 0.0]",185510,107458,N1,dismiss,-0.3,ts,2376,1
"[0.24999999999999997, -0.24999999999999997, -0.27846265409717186, 0.0, 0.0, 0.0, 0.0, 0.0, 1.0, 0.7541829612825312, 1.0, 0.0, 0.0, 0.0, 0.0, 0.0, 0.0, 0.0]",141746,174748,N1,dismiss,-0.3,ts,2855,0
"[0.2777777777777778, -0.2777777777777778, -0.02328288707799767, 0.1134020618556701, 0.05, 0.0, 0.0, 0.0, 1.0, 0.7947171443990272, 1.0, 0.0, 0.0, 0.0, 0.0, 0.0, 0.0, 0.0]",139804,78130,N1,dismiss,-0.3,ts,1531,1
"[0.25000000000000006, -0.25000000000000006, 0.13333333333333333, 0.0, 0.0, 0.0, 0.0, 0.0, 1.0, 0.7927750172606263, 1.0, 0.0, 0.0, 0.0, 0.0, 0.0, 0.0, 0.0]",18330,40189,N5,dismiss,-0.3,ts,1921,1
"[0.3, -0.3, -0.09090909090909091, 0.46, -0.08000000000000003, 0.0, 0.0, 0.0, 1.0, 0.709824759435147, 1.0, 0.0, 0.0, 0.0, 0.0, 0.0, 0.0, 0.0]",38740,41068,N1,dismiss,-0.3,ts,1306,0
"[0.39285714285714285, -0.39285714285714285, -0.1965194109772423, 0.11255411255411256, -0.42592592592592593, 0.0, 0.0, 0.0, 1.0, 0.7011040251103882, 1.0, 0.0, 0.0, 0.0, 0.0, 0.0, 0.0, 0.0]",20077,20089,N2,dismiss,-0.3,ts,877,1
"[0.14285714285714285, -0.14285714285714285, -0.13156752062527144, -0.05190311418685121, 0.36363636363636365, 0.0, 0.0, 0.0, 1.0, 0.6641876162143715, 1.0, 0.0, 0.0, 0.0, 0.0, 0.0, 0.0, 0.0]",110153,115289,N1,dismiss,-0.3,ts,2417,0
"[0.28571428571428575, -0.28571428571428575, 0.23592419664927214, 0.4583333333333333, -0.1, 0.0, 0.0, 0.0, 1.0, 0.658588363112707, 1.0, 0.0, 0.0, 0.0, 0.0, 0.0, 0.0, 0.0]",139086,127333,N1,dismiss,-0.3,ts,1919,0
"[0.20000000000000007, -0.20000000000000007, 0.06400000000000006, 1.0, 1.0, 0.0, 0.0, 0.0, 1.0, 0.5209741066595128, 1.0, 0.0, 0.0, 0.0, 0.0, 0.0, 0.0, 0.0]",142264,107170,N1,dismiss,-0.3,ts,805,1
"[0.33333333333333326, -0.33333333333333326, -0.7118840579710145, 0.17475728155339806, 0.0, 0.0, 0.0, 0.0, 1.0, 0.6694448123318628, 1.0, 0.0, 0.0, 0.0, 0.0, 0.0, 0.0, 0.0]",54732,81543,N1,dismiss,-0.3,ts,2573,1
"[0.5151515151515151, -0.5151515151515151, -0.060150375939849676, 0.1076923076923077, -0.07142857142857142, 0.0, 0.0, 0.0, 1.0, 0.8404252540200962, 1.0, 0.0, 0.0, 0.0, 0.0, 0.0, 0.0, 0.0]",90175,90182,N1,dismiss,-0.3,ts,806,1
"[0.6428571428571429, -0.6428571428571429, -0.5994993742177722, 0.24481327800829875, 0.1, 0.0, 0.0, 0.0, 1.0, 0.71158268971853, 1.0, 0.0, 0.0, 0.0, 0.0, 0.0, 0.0, 0.0]",16682,60783,N1,dismiss,-0.3,ts,1335,1
"[0.9299999999999999, -0.9299999999999999, 0.0, -0.16417910447761194, -0.3, 0.0, 0.0, 0.0, 1.0, 0.8614040215906213, 1.0, 0.0, 0.0, 0.0, 0.0, 0.0, 0.0, 0.0]",79807,74186,N1,dismiss,-0.3,ts,789,1
"[0.12499999999999999, -0.12499999999999999, 0.2222222222222222, -0.19696969696969696, 0.06000000000000001, 0.0, 0.0, 0.0, 1.0, 0.6587666822838626, 1.0, 0.0, 0.0, 0.0, 0.0, 0.0, 0.0, 0.0]",30710,122719,N1,dismiss,-0.3,ts,1933,1
"[0.7, -0.7, -0.07168458781362008, 0.6037735849056604, -0.55, 0.0, 0.0, 0.0, 1.0, 0.7135085213251466, 1.0, 0.0, 0.0, 0.0, 0.0, 0.0, 0.0, 0.0]",84871,145532,N1,accept,0.7899999999999999,ts,749,0
"[0.2794117647058824, -0.2794117647058824, -0.4150110375275938, 0.023323615160349854, 0.07462686567164178, 0.0, 0.0, 0.0, 1.0, 0.7086208261787135, 1.0, 0.0, 0.0, 0.0, 0.0, 0.0, 0.0, 0.0]",185707,105872,N1,dismiss,-0.3,ts,2157,0
"[0.20000000000000007, -0.20000000000000007, -0.11911764705882355, 0.011299435028248588, -0.46153846153846156, 0.0, 0.0, 0.0, 1.0, 0.6866739965311752, 1.0, 0.0, 0.0, 0.0, 0.0, 0.0, 0.0, 0.0]",108741,135482,N1,dismiss,-0.3,ts,1495,1
"[0.11999999999999993, -0.11999999999999993, -0.13043478260869565, 0.4416961130742049, 1.0, 0.0, 0.0, 0.0, 1.0, 0.516030777236637, 1.0, 0.0, 0.0, 0.0, 0.0, 0.0, 0.0, 0.0]",185510,89764,N1,dismiss,-0.3,ts,1665,0
"[0.44999999999999996, -0.44999999999999996, -0.5305164319248826, 0.10569105691056911, 0.6666666666666666, 0.0, 0.0, 0.0, 1.0, 0.6272437205132538, 1.0, 0.0, 0.0, 0.0, 0.0, 0.0, 0.0, 0.0]",43370,89764,N1,accept,0.615,ts,986,1
"[0.2588235294117647, -0.2588235294117647, 0.057401812688821705, 0.816, -0.26666666666666666, 0.0, 0.0, 0.0, 1.0, 0.6380953629008363, 1.0, 0.0, 0.0, 0.0, 0.0, 0.0, 0.0, 0.0]",61306,169062,N2,accept,0.48117647058823526,ts,2993,1
"[0.6428571428571429, -0.6428571428571429, -0.5994993742177722, 0.24481327800829875, 0.1, 0.0, 0.0, 0.0, 1.0, 0.71158268971853, 1.0, 0.0, 0.0, 0.0, 0.0, 0.0, 0.0, 0.0]",16682,60783,N1,dismiss,-0.3,ts,2258,1
"[0.12499999999999999, -0.12499999999999999, -0.4235294117647059, 0.017605633802816902, -0.35294117647058826, 0.0, 0.0, 0.0, 1.0, 0.6009292107713861, 1.0, 0.0, 0.0, 0.0, 0.0, 0.0, 0.0, 0.0]",120828,110153,N1,dismiss,-0.3,ts,573,0
"[0.1250000000000001, -0.1250000000000001, 0.2222222222222222, 0.0, -0.06000000000000001, 0.0, 0.0, 0.0, 1.0, 0.7076074431705994, 1.0, 0.0, 0.0, 0.0, 0.0, 0.0, 0.0, 0.0]",30711,125786,N1,dismiss,-0.3,ts,2748,1
"[0.4, -0.4, -0.29684601113172543, 0.0, 0.0, 0.0, 0.0, 0.0, 1.0, 0.7947192856371645, 1.0, 0.0, 0.0, 0.0, 0.0, 0.0, 0.0, 0.0]",63943,49005,N1,dismiss,-0.3,ts,2059,0
"[0.20000000000000007, -0.20000000000000007, -0.23388888888888892, 0.0, 0.0, 0.0, 0.0, 0.0, 1.0, 0.7481066944271884, 1.0, 0.0, 0.0, 0.0, 0.0, 0.0, 0.0, 0.0]",38176,141744,N1,accept,0.44000000000000006,ts,2931,1
"[0.6818181818181819, -0.6818181818181819, -0.050125313283208024, 0.18840579710144928, -0.51, 0.0, 0.0, 0.0, 1.0, 0.7806619322864332, 1.0, 0.0, 0.0, 0.0, 0.0, 0.0, 0.0, 0.0]",48998,49086,N1,accept,0.7772727272727273,ts,833,0
"[0.7411764705882353, -0.7411764705882353, -0.0027190332326285016, 0.092, -0.23333333333333334, 0.0, 0.0, 0.0, 1.0, 0.8689403973760628, 1.0, 0.0, 0.0, 0.0, 0.0, 0.0, 0.0, 0.0]",61306,86743,N1,dismiss,-0.3,ts,2021,0
"[0.1666666666666667, -0.1666666666666667, 0.07142857142857142, -0.5081967213114754, 0.06000000000000001, 0.0, 0.0, 0.0, 1.0, 0.6719279802353277, 1.0, 0.0, 0.0, 0.0, 0.0, 0.0, 0.0, 0.0]",118798,71728,N1,dismiss,-0.3,ts,2986,1
"[0.6848739495798319, -0.6848739495798319, -0.17794486215538852, 1.0, 0.0, 0.0, 0.0, 0.0, 1.0, 0.7335761080901412, 1.0, 0.0, 0.0, 0.0, 0.0, 0.0, 0.0, 0.0]",185563,155668,N1,dismiss,-0.3,ts,1841,0
"[0.1666666666666667, -0.1666666666666667, -0.28112267994567675, 0.17355371900826447, -0.20833333333333334, 0.0, 0.0, 0.0, 1.0, 0.6301107558702879, 1.0, 0.0, 0.0, 0.0, 0.0, 0.0, 0.0, 0.0]",110166,89666,N2,accept,0.4166666666666667,ts,1575,1
"[0.3636363636363637, -0.3636363636363637, 0.0, 0.061046511627906974, 0.0, 0.0, 0.0, 0.0, 1.0, 0.8570363402900383, 1.0, 0.0, 0.0, 0.0, 0.0, 0.0, 0.0, 0.0]",123210,123174,N1,dismiss,-0.3,ts,2476,0
"[0.20000000000000007, -0.20000000000000007, -0.12025316455696208, -0.055865921787709494, -0.14285714285714285, 0.0, 0.0, 0.0, 1.0, 0.7269382859371072, 1.0, 0.0, 0.0, 0.0, 0.0, 0.0, 0.0, 0.0]",111011,108746,N1,dismiss,-0.3,ts,2741,1
"[0.7058823529411764, -0.7058823529411764, 0.09698996655518391, 1.0, 0.11764705882352941, 0.0, 0.0, 0.0, 1.0, 0.730823395382631, 1.0, 0.0, 0.0, 0.0, 0.0, 0.0, 0.0, 0.0]",89664,155668,N1,accept,0.7941176470588234,ts,653,0
"[0.19999999999999993, -0.19999999999999993, -0.64, 0.0, 0.0, 0.0, 0.0, 0.0, 1.0, 0.6784356132035365, 1.0, 0.0, 0.0, 0.0, 0.0, 0.0, 0.0, 0.0]",77920,62598,N1,dismiss,-0.3,ts,724,1
"[0.2, -0.2, -0.861516452074392, 0.0, 0.0, 0.0, 0.0, 0.0, 1.0, 0.6585329291503521, 1.0, 0.0, 0.0, 0.0, 0.0, 0.0, 0.0, 0.0]",16689,110501,N1,dismiss,-0.3,ts,2647,0
"[0.7321428571428571, -0.7321428571428571, -0.5943166441136671, -0.2376237623762376, -0.632, 0.0, 0.0, 0.0, 1.0, 0.6465295575745066, 1.0, 0.0, 0.0, 0.0, 0.0, 0.0, 0.0, 0.0]",81395,115951,N1,accept,0.8125,ts,2447,1
"[0.5636363636363637, -0.5636363636363637, -0.5024875621890547, -0.03591160220994475, 0.8181818181818182, 0.0, 0.0, 0.0, 1.0, 0.6641899063491224, 1.0, 0.0, 0.0, 0.0, 0.0, 0.0, 0.0, 0.0]",174793,107563,N1,dismiss,-0.3,ts,1593,0
"[0.367741935483871, -0.367741935483871, -0.03268765133171908, -0.00847457627118644, 0.07462686567164178, 0.0, 0.0, 0.0, 1.0, 0.8394568191052507, 1.0, 0.0, 0.0, 0.0, 0.0, 0.0, 0.0, 0.0]",43382,105910,N1,dismiss,-0.3,ts,2106,0
"[0.3636363636363637, -0.3636363636363637, 0.0, 0.061046511627906974, 0.0, 0.0, 0.0, 0.0, 1.0, 0.8570363402900383, 1.0, 0.0, 0.0, 0.0, 0.0, 0.0, 0.0, 0.0]",123043,123174,N1,dismiss,-0.3,ts,1877,0
"[0.24999999999999994, -0.24999999999999994, -0.21244309559939312, 0.0, 0.0, 0.0, 0.0, 0.0, 1.0, 0.7703581884115928, 1.0, 0.0, 0.0, 0.0, 0.0, 0.0, 0.0, 0.0]",19865,125880,N1,dismiss,-0.3,ts,468,1
"[0.75, -0.75, 0.0, 0.0, 0.0, 0.0, 0.0, 0.0, 1.0, 0.9523252675504453, 1.0, 0.0, 0.0, 0.0, 0.0, 0.0, 0.0, 0.0]",129174,93843,N1,dismiss,-0.3,ts,2790,0
"[0.20000000000000007, -0.20000000000000007, 0.2, -0.02824858757062147, -0.07692307692307693, 0.0, 0.0, 0.0, 1.0, 0.7272631233208297, 1.0, 0.0, 0.0, 0.0, 0.0, 0.0, 0.0, 0.0]",108743,31975,N1,dismiss,-0.3,ts,1487,1
"[0.6375, -0.6375, 0.0, -0.02158273381294964, 0.0, 0.0, 0.0, 0.0, 1.0, 0.9293128096864788, 1.0, 0.0, 0.0, 0.0, 0.0, 0.0, 0.0, 0.0]",85325,40258,N3,accept,0.7462499999999999,ts,2976,1
"[0.7819767441860465, -0.7819767441860465, -0.30635838150289013, 0.017045454545454544, 0.6666666666666666, 0.0, 0.0, 0.0, 1.0, 0.7491925582097295, 1.0, 0.0, 0.0, 0.0, 0.0, 0.0, 0.0, 0.0]",54520,151849,N3,accept,0.8473837209302324,ts,1392,1
"[0.06666666666666672, -0.06666666666666672, -0.017118997912317333, -0.07458563535911603, -0.21875, 0.0, 0.0, 0.0, 1.0, 0.6942458109219237, 1.0, 0.0, 0.0, 0.0, 0.0, 0.0, 0.0, 0.0]",129198,87090,N5,accept,0.3466666666666667,ts,2206,1
"[0.4105263157894737, -0.4105263157894737, 0.047499999999999966, 1.0, 0.45999999999999996, 0.0, 0.0, 0.0, 1.0, 0.6367898999026158, 1.0, 0.0, 0.0, 0.0, 0.0, 0.0, 0.0, 0.0]",174924,33276,N1,accept,0.5873684210526315,ts,2575,1
"[0.56, -0.56, -0.0009990009990009777, 0.5495049504950495, -0.4, 0.0, 0.0, 0.0, 1.0, 0.7384325320464852, 1.0, 0.0, 0.0, 0.0, 0.0, 0.0, 0.0, 0.0]",170191,169349,N1,accept,0.692,ts,2092,0
"[0.9075630252100839, -0.9075630252100839, -0.23143189755529694, -0.028469750889679714, 0.6428571428571429, 0.0, 0.0, 0.0, 1.0, 0.7782374490108421, 1.0, 0.0, 0.0, 0.0, 0.0, 0.0, 0.0, 0.0]",84577,86743,N2,accept,0.9352941176470586,ts,963,1
"[0.4218289085545723, -0.4218289085545723, -0.10974930362116986, -0.011267605633802818, -0.19999999999999998, 0.0, 0.0, 0.0, 1.0, 0.7977743690443887, 1.0, 0.0, 0.0, 0.0, 0.0, 0.0, 0.0, 0.0]",143110,105910,N1,dismiss,-0.3,ts,2348,0
"[0.17857142857142852, -0.17857142857142852, -0.6495619524405507, 0.16109422492401215, -0.24, 0.0, 0.0, 0.0, 1.0, 0.5714633308355492, 1.0, 0.0, 0.0, 0.0, 0.0, 0.0, 0.0, 0.0]",158420,103705,N1,dismiss,-0.3,ts,1576,1
"[0.3636363636363637, -0.3636363636363637, 0.1013215859030837, 0.057971014492753624, 0.25, 0.0, 0.0, 0.0, 1.0, 0.7621489741842852, 1.0, 0.0, 0.0, 0.0, 0.0, 0.0, 0.0, 0.0]",123207,123174,N1,dismiss,-0.3,ts,1351,0
"[0.6173469387755102, -0.6173469387755102, 0.12640801001251561, 0.019943019943019943, 0.6666666666666666, 0.0, 0.0, 0.0, 1.0, 0.7711798312726024, 1.0, 0.0, 0.0, 0.0, 0.0, 0.0, 0.0, 0.0]",105910,151849,N2,dismiss,-0.3,ts,1872,1
"[0.028571428571428595, -0.028571428571428595, 0.19956379498364232, 1.0, 0.12000000000000002, 0.0, 0.0, 0.0, 1.0, 0.5239886533924623, 1.0, 0.0, 0.0, 0.0, 0.0, 0.0, 0.0, 0.0]",82102,151787,N2,dismiss,-0.3,ts,2060,1
"[0.25, -0.25, -0.8238095238095238, -0.15422885572139303, -0.746875, 0.0, 0.0, 0.0, 1.0, 0.5219571085949904, 1.0, 0.0, 0.0, 0.0, 0.0, 0.0, 0.0, 0.0]",30574,145532,N1,dismiss,-0.3,ts,1608,0
"[0.1111111111111112, -0.1111111111111112, -0.5135678391959799, 0.0, 0.0, 0.0, 0.0, 0.0, 1.0, 0.6628913050757039, 1.0, 0.0, 0.0, 0.0, 0.0, 0.0, 0.0, 0.0]",16809,110501,N1,dismiss,-0.3,ts,947,0
"[0.2515151515151516, -0.2515151515151516, -0.18550000000000005, 0.5, 0.1, 0.0, 0.0, 0.0, 1.0, 0.6560844790808397, 1.0, 0.0, 0.0, 0.0, 0.0, 0.0, 0.0, 0.0]",80033,143094,N5,dismiss,-0.3,ts,2881,1
"[0.75, -0.75, -0.3454231433506045, 0.09333333333333334, -0.5545454545454546, 0.0, 0.0, 0.0, 1.0, 0.7264924658555187, 1.0, 0.0, 0.0, 0.0, 0.0, 0.0, 0.0, 0.0]",16725,49086,N5,dismiss,-0.3,ts,2840,1
"[0.2307692307692307, -0.2307692307692307, 0.06666666666666667, 0.0, 0.0, 0.0, 0.0, 0.0, 1.0, 0.8082747076223531, 1.0, 0.0, 0.0, 0.0, 0.0, 0.0, 0.0, 0.0]",131606,18616,N1,accept,0.46153846153846145,ts,2600,0
"[0.4545454545454546, -0.4545454545454546, -0.4510851419031719, -0.025139664804469275, 1.0, 0.0, 0.0, 0.0, 1.0, 0.6256131721190654, 1.0, 0.0, 0.0, 0.0, 0.0, 0.0, 0.0, 0.0]",135481,108839,N2,dismiss,-0.3,ts,1312,1
"[0.30000000000000004, -0.30000000000000004, -0.2663949610967024, 0.04198473282442748, 0.0, 0.0, 0.0, 0.0, 1.0, 0.7607866701733167, 1.0, 0.0, 0.0, 0.0, 0.0, 0.0, 0.0, 0.0]",107855,133081,N3,dismiss,-0.3,ts,2296,1
"[0.3, -0.3, 0.05868118572292794, -0.22442244224422442, 0.20833333333333334, 0.0, 0.0, 0.0, 1.0, 0.7279681908025001, 1.0, 0.0, 0.0, 0.0, 0.0, 0.0, 0.0, 0.0]",65211,104679,N1,dismiss,-0.3,ts,1340,1
"[0.09090909090909098, -0.09090909090909098, 0.0, -0.06666666666666667, -0.15384615384615385, 0.0, 0.0, 0.0, 1.0, 0.7254283817143667, 1.0, 0.0, 0.0, 0.0, 0.0, 0.0, 0.0, 0.0]",43134,43089,N1,accept,0.36363636363636365,ts,1172,1
"[0.6818181818181819, -0.6818181818181819, 0.024324324324324288, 0.02821316614420063, -0.65, 0.0, 0.0, 0.0, 1.0, 0.8158970926015877, 1.0, 0.0, 0.0, 0.0, 0.0, 0.0, 0.0, 0.0]",130294,49086,N2,accept,0.7772727272727273,ts,2117,1
"[0.0555555555555556, -0.0555555555555556, -0.44341372912801486, 0.01764705882352941, 0.0, 0.0, 0.0, 0.0, 1.0, 0.6479755888896072, 1.0, 0.0, 0.0, 0.0, 0.0, 0.0, 0.0, 0.0]",123848,107052,N2,dismiss,-0.3,ts,574,1
"[0.09999999999999996, -0.09999999999999996, -0.06312499999999999, -0.3416666666666667, -0.44000000000000006, 0.0, 0.0, 0.0, 1.0, 0.6014572513528278, 1.0, 0.0, 0.0, 0.0, 0.0, 0.0, 0.0, 0.0]",18616,155616,N1,dismiss,-0.3,ts,2708,1
"[0.1250000000000001, -0.1250000000000001, 0.16218749999999993, 0.0, 0.0, 0.0, 0.0, 0.0, 1.0, 0.7409291148542603, 1.0, 0.0, 0.0, 0.0, 0.0, 0.0, 0.0, 0.0]",152518,55412,N1,dismiss,-0.3,ts,1688,0
"[0.7, -0.7, -0.4357298474945534, 0.5596330275229358, -0.55, 0.0, 0.0, 0.0, 1.0, 0.6280282458239237, 1.0, 0.0, 0.0, 0.0, 0.0, 0.0, 0.0, 0.0]",164355,145532,N1,dismiss,-0.3,ts,2031,0
"[0.5166666666666667, -0.5166666666666667, -0.5343422584400466, -0.02857142857142857, -0.015999999999999945, 0.0, 0.0, 0.0, 1.0, 0.7680937310292789, 1.0, 0.0, 0.0, 0.0, 0.0, 0.0, 0.0, 0.0]",19856,40258,N1,accept,0.6616666666666666,ts,1384,0
"[0.415625, -0.415625, 0.1312500000000001, 0.0, 0.0, 0.0, 0.0, 0.0, 1.0, 0.8422044928641546, 1.0, 0.0, 0.0, 0.0, 0.0, 0.0, 0.0, 0.0]",57061,15139,N1,dismiss,-0.3,ts,2614,1
"[0.2142857142857143, -0.2142857142857143, 0.0, -0.09363295880149813, 0.5492957746478874, 0.0, 0.0, 0.0, 1.0, 0.7020840351677758, 1.0, 0.0, 0.0, 0.0, 0.0, 0.0, 0.0, 0.0]",147103,138639,N1,dismiss,-0.3,ts,581,0
"[0.16666666666666666, -0.16666666666666666, -0.2028571428571429, -0.2534246575342466, 0.05999999999999996, 0.0, 0.0, 0.0, 1.0, 0.6679264251231176, 1.0, 0.0, 0.0, 0.0, 0.0, 0.0, 0.0, 0.0]",39888,19612,N1,dismiss,-0.3,ts,2163,1
"[0.5, -0.5, -0.03853564547206166, -0.02158273381294964, 0.0, 0.0, 0.0, 0.0, 1.0, 0.8876149427547736, 1.0, 0.0, 0.0, 0.0, 0.0, 0.0, 0.0, 0.0]",125880,81422,N2,dismiss,-0.3,ts,2491,1
"[0.1111111111111112, -0.1111111111111112, -0.5135678391959799, 0.0, 0.0, 0.0, 0.0, 0.0, 1.0, 0.6628913050757039, 1.0, 0.0, 0.0, 0.0, 0.0, 0.0, 0.0, 0.0]",16809,110501,N1,dismiss,-0.3,ts,2002,0
"[0.564516129032258, -0.564516129032258, -0.50017850767583, -0.057057057057057055, -0.46153846153846156, 0.0, 0.0, 0.0, 1.0, 0.6893123723116645, 1.0, 0.0, 0.0, 0.0, 0.0, 0.0, 0.0, 0.0]",89601,145523,N1,accept,0.6951612903225806,ts,500,1
"[0.3636363636363637, -0.3636363636363637, 0.0, 0.061046511627906974, 0.0, 0.0, 0.0, 0.0, 1.0, 0.8570363402900383, 1.0, 0.0, 0.0, 0.0, 0.0, 0.0, 0.0, 0.0]",123043,123174,N1,accept,0.5545454545454546,ts,980,0
"[0.13636363636363646, -0.13636363636363646, -0.12300000000000004, 0.5446428571428571, 0.18, 0.0, 0.0, 0.0, 1.0, 0.6119393419576029, 1.0, 0.0, 0.0, 0.0, 0.0, 0.0, 0.0, 0.0]",80033,87098,N2,dismiss,-0.3,ts,1740,1
"[0.5, -0.5, 0.21883656509695287, 0.020348837209302327, -0.5172413793103449, 0.0, 0.0, 0.0, 1.0, 0.7352240172093395, 1.0, 0.0, 0.0, 0.0, 0.0, 0.0, 0.0, 0.0]",123511,151839,N1,dismiss,-0.3,ts,2277,1
"[0.4000000000000001, -0.4000000000000001, 0.0, 0.0, 0.0, 0.0, 0.0, 0.0, 1.0, 0.8842623917495089, 1.0, 0.0, 0.0, 0.0, 0.0, 0.0, 0.0, 0.0]",60782,60788,N3,dismiss,-0.3,ts,2159,1
"[0.8571428571428572, -0.8571428571428572, 0.0, 0.059748427672955975, -0.33802816901408445, 0.0, 0.0, 0.0, 1.0, 0.8738978396594365, 1.0, 0.0, 0.0, 0.0, 0.0, 0.0, 0.0, 0.0]",87864,87402,N3,dismiss,-0.3,ts,1561,1
"[0.18367346938775517, -0.18367346938775517, -0.19556667858419732, -0.012345679012345678, -0.1, 0.0, 0.0, 0.0, 1.0, 0.7215954028956971, 1.0, 0.0, 0.0, 0.0, 0.0, 0.0, 0.0, 0.0]",135547,141632,N1,dismiss,-0.3,ts,2387,1
"[0.23076923076923073, -0.23076923076923073, -0.4578571428571428, -0.2409090909090909, 0.1111111111111111, 0.0, 0.0, 0.0, 1.0, 0.6260456862267325, 1.0, 0.0, 0.0, 0.0, 0.0, 0.0, 0.0, 0.0]",114738,81498,N1,accept,0.46153846153846145,ts,2964,1
"[0.08554572271386432, -0.08554572271386432, -0.07966573816155988, -0.0028169014084507044, -0.25555555555555554, 0.0, 0.0, 0.0, 1.0, 0.6915790740971535, 1.0, 0.0, 0.0, 0.0, 0.0, 0.0, 0.0, 0.0]",143110,43382,N5,dismiss,-0.3,ts,402,1
"[0.3, -0.3, -0.28, 0.0, 0.0, 0.0, 0.0, 0.0, 1.0, 0.769716564082265, 1.0, 0.0, 0.0, 0.0, 0.0, 0.0, 0.0, 0.0]",69485,50807,N1,dismiss,-0.3,ts,940,1
"[0.3571428571428571, -0.3571428571428571, -0.6251673360107095, 0.3593073593073593, -0.48148148148148145, 0.0, 0.0, 0.0, 1.0, 0.5600940953373862, 1.0, 0.0, 0.0, 0.0, 0.0, 0.0, 0.0, 0.0]",20077,145523,N3,accept,0.5499999999999999,ts,1522,1
"[0.2941176470588236, -0.2941176470588236, 0.0, 1.0, 0.48, 0.0, 0.0, 0.0, 1.0, 0.6188615559348754, 1.0, 0.0, 0.0, 0.0, 0.0, 0.0, 0.0, 0.0]",51575,50956,N1,dismiss,-0.3,ts,1077,0
"[0.20000000000000007, -0.20000000000000007, -0.0719734660033167, -0.016713091922005572, 0.2, 0.0, 0.0, 0.0, 1.0, 0.7416318447803406, 1.0, 0.0, 0.0, 0.0, 0.0, 0.0, 0.0, 0.0]",29710,88669,N5,dismiss,-0.3,ts,1359,1
"[0.20000000000000007, -0.20000000000000007, 0.1919342793129201, -0.036619718309859155, 0.0, 0.0, 0.0, 0.0, 1.0, 0.7484790869243222, 1.0, 0.0, 0.0, 0.0, 0.0, 0.0, 0.0, 0.0]",123260,107170,N2,dismiss,-0.3,ts,404,1
"[0.6173469387755102, -0.6173469387755102, 0.12640801001251561, 0.019943019943019943, 0.6666666666666666, 0.0, 0.0, 0.0, 1.0, 0.7711798312726024, 1.0, 0.0, 0.0, 0.0, 0.0, 0.0, 0.0, 0.0]",105910,151849,N1,accept,0.7321428571428571,ts,1820,0
"[0.1666666666666667, -0.1666666666666667, -0.13333333333333333, -0.3, -0.16, 0.0, 0.0, 0.0, 1.0, 0.6556594342490147, 1.0, 0.0, 0.0, 0.0, 0.0, 0.0, 0.0, 0.0]",18490,156539,N1,dismiss,-0.3,ts,883,0
"[0.11458333333333333, -0.11458333333333333, -0.11504424778761058, -0.5561959654178674, -0.7909090909090909, 0.0, 0.0, 0.0, 1.0, 0.5315991195502442, 1.0, 0.0, 0.0, 0.0, 0.0, 0.0, 0.0, 0.0]",108828,142262,N2,dismiss,-0.3,ts,2158,1
"[0.02857142857142844, -0.02857142857142844, -0.3211788211788212, -0.022792022792022793, 0.5200000000000001, 0.0, 0.0, 0.0, 1.0, 0.5622519721506657, 1.0, 0.0, 0.0, 0.0, 0.0, 0.0, 0.0, 0.0]",117054,185707,N2,dismiss,-0.3,ts,2761,1
"[0.7954545454545455, -0.7954545454545455, -0.13299232736572897, 0.08571428571428572, 1.0, 0.0, 0.0, 0.0, 1.0, 0.7399544151029783, 1.0, 0.0, 0.0, 0.0, 0.0, 0.0, 0.0, 0.0]",88363,89765,N1,dismiss,-0.3,ts,1875,0
"[0.7058823529411765, -0.7058823529411765, 0.1723329425556859, 1.0, 1.0, 0.0, 0.0, 0.0, 1.0, 0.58851853270898, 1.0, 0.0, 0.0, 0.0, 0.0, 0.0, 0.0, 0.0]",147129,104684,N2,dismiss,-0.3,ts,1444,1
"[0.375, -0.375, -0.5170068027210885, 0.0, 0.0, 0.0, 0.0, 0.0, 1.0, 0.7485728828665705, 1.0, 0.0, 0.0, 0.0, 0.0, 0.0, 0.0, 0.0]",30574,170956,N1,dismiss,-0.3,ts,2665,1
"[0.9430803571428572, -0.9430803571428572, 0.2222222222222222, -0.8466666666666667, -0.8545454545454546, 0.0, 0.0, 0.0, 1.0, 0.6550942709411911, 1.0, 0.0, 0.0, 0.0, 0.0, 0.0, 0.0, 0.0]",51061,51575,N1,dismiss,-0.3,ts,2709,0
"[0.8571428571428572, -0.8571428571428572, 0.0, 0.28, -0.16, 0.0, 0.0, 0.0, 1.0, 0.8591037055629764, 1.0, 0.0, 0.0, 0.0, 0.0, 0.0, 0.0, 0.0]",174924,174927,N1,dismiss,-0.3,ts,2823,1
"[0.5, -0.5, -0.09082652134423251, 0.06382978723404255, 1.0, 0.0, 0.0, 0.0, 1.0, 0.7140622006243711, 1.0, 0.0, 0.0, 0.0, 0.0, 0.0, 0.0, 0.0]",156584,170190,N1,dismiss,-0.3,ts,2638,1
"[0.38461538461538464, -0.38461538461538464, 0.08930987821380235, 0.6810810810810811, 0.8799999999999999, 0.0, 0.0, 0.0, 1.0, 0.6116138371065478, 1.0, 0.0, 0.0, 0.0, 0.0, 0.0, 0.0, 0.0]",175208,91068,N1,accept,0.5692307692307692,ts,2079,1
"[0.20000000000000007, -0.20000000000000007, -0.06259780907668232, 0.017045454545454544, -0.4166666666666667, 0.0, 0.0, 0.0, 1.0, 0.7094552875739797, 1.0, 0.0, 0.0, 0.0, 0.0, 0.0, 0.0, 0.0]",43334,135481,N1,dismiss,-0.3,ts,439,1
"[0.2307692307692307, -0.2307692307692307, -0.16666666666666666, 1.0, 0.44000000000000006, 0.0, 0.0, 0.0, 1.0, 0.5428623010478525, 1.0, 0.0, 0.0, 0.0, 0.0, 0.0, 0.0, 0.0]",79461,133969,N1,dismiss,-0.3,ts,2653,1
"[0.37499999999999994, -0.37499999999999994, -0.36479999999999996, 0.17355371900826447, -0.22131147540983603, 0.0, 0.0, 0.0, 1.0, 0.6762396648786757, 1.0, 0.0, 0.0, 0.0, 0.0, 0.0, 0.0, 0.0]",81542,89666,N1,accept,0.5625,ts,972,0
"[0.0555555555555556, -0.0555555555555556, 0.0, -0.48237885462555063, 0.3181818181818182, 0.0, 0.0, 0.0, 1.0, 0.6073285707775768, 1.0, 0.0, 0.0, 0.0, 0.0, 0.0, 0.0, 0.0]",169062,104679,N1,accept,0.3388888888888889,ts,2040,1
"[0.5636363636363637, -0.5636363636363637, 0.23355263157894735, 0.12753623188405797, 1.0, 0.0, 0.0, 0.0, 1.0, 0.6840640041636011, 1.0, 0.0, 0.0, 0.0, 0.0, 0.0, 0.0, 0.0]",123021,107588,N1,dismiss,-0.3,ts,1460,0
"[0.25, -0.25, 0.0, -0.005747126436781609, -0.16666666666666666, 0.0, 0.0, 0.0, 1.0, 0.7953547792253595, 1.0, 0.0, 0.0, 0.0, 0.0, 0.0, 0.0, 0.0]",117105,117045,N1,accept,0.475,ts,2216,0
"[0.16666666666666666, -0.16666666666666666, -0.14571428571428577, 1.0, -0.18, 0.0, 0.0, 0.0, 1.0, 0.575008397044129, 1.0, 0.0, 0.0, 0.0, 0.0, 0.0, 0.0, 0.0]",39888,132804,N1,accept,0.41666666666666663,ts,2288,1
"[0.27999999999999997, -0.27999999999999997, -0.39939939939939945, 0.424, -0.4, 0.0, 0.0, 0.0, 1.0, 0.5708463497814211, 1.0, 0.0, 0.0, 0.0, 0.0, 0.0, 0.0, 0.0]",47181,138518,N1,dismiss,-0.3,ts,2385,1
"[0.8944444444444444, -0.8944444444444444, 0.0, -0.02, 0.0, 0.0, 0.0, 0.0, 1.0, 0.962136410518863, 1.0, 0.0, 0.0, 0.0, 0.0, 0.0, 0.0, 0.0]",89731,83441,N1,dismiss,-0.3,ts,1507,0
"[0.7576530612244898, -0.7576530612244898, -0.04534606205250594, -0.6666666666666666, -0.33999999999999997, 0.0, 0.0, 0.0, 1.0, 0.7514982057090797, 1.0, 0.0, 0.0, 0.0, 0.0, 0.0, 0.0, 0.0]",33277,174927,N6,dismiss,-0.3,ts,520,1
"[0.12280701754385964, -0.12280701754385964, -0.6153846153846154, 0.5263157894736842, -0.4, 0.0, 0.0, 0.0, 1.0, 0.47370431702429144, 1.0, 0.0, 0.0, 0.0, 0.0, 0.0, 0.0, 0.0]",187197,167155,N1,accept,0.38596491228070173,ts,2332,1
"[0.56, -0.56, -0.0009990009990009777, 0.5495049504950495, -0.4, 0.0, 0.0, 0.0, 1.0, 0.7384325320464852, 1.0, 0.0, 0.0, 0.0, 0.0, 0.0, 0.0, 0.0]",170191,169349,N2,dismiss,-0.3,ts,810,1
"[0.25, -0.25, -0.24812030075187969, 0.005813953488372093, 0.041666666666666664, 0.0, 0.0, 0.0, 1.0, 0.7476249554836153, 1.0, 0.0, 0.0, 0.0, 0.0, 0.0, 0.0, 0.0]",174773,117045,N2,dismiss,-0.3,ts,629,1
"[0.25, -0.25, -0.022753128555176336, 0.8733333333333333, -0.17647058823529413, 0.0, 0.0, 0.0, 1.0, 0.6622379762089057, 1.0, 0.0, 0.0, 0.0, 0.0, 0.0, 0.0, 0.0]",169345,21089,N6,accept,0.475,ts,701,1
"[0.24242424242424238, -0.24242424242424238, -0.129287598944591, 0.14634146341463414, -0.019999999999999973, 0.0, 0.0, 0.0, 1.0, 0.7475906702273, 1.0, 0.0, 0.0, 0.0, 0.0, 0.0, 0.0, 0.0]",110035,19599,N1,dismiss,-0.3,ts,1705,0
"[0.06666666666666664, -0.06666666666666664, 0.19471488178025034, 0.052434456928838954, -0.06666666666666667, 0.0, 0.0, 0.0, 1.0, 0.6767479924911965, 1.0, 0.0, 0.0, 0.0, 0.0, 0.0, 0.0, 0.0]",128242,84577,N1,accept,0.3466666666666666,ts,1096,1
"[0.07692307692307698, -0.07692307692307698, -0.11348205625606206, -0.04, -0.12000000000000002, 0.0, 0.0, 0.0, 1.0, 0.6945703240312802, 1.0, 0.0, 0.0, 0.0, 0.0, 0.0, 0.0, 0.0]",145085,151789,N3,dismiss,-0.3,ts,2640,1
"[0.5599999999999999, -0.5599999999999999, 0.08310249307479224, 0.01744186046511628, -0.7413793103448276, 0.0, 0.0, 0.0, 1.0, 0.7697360329343724, 1.0, 0.0, 0.0, 0.0, 0.0, 0.0, 0.0, 0.0]",123511,88363,N1,dismiss,-0.3,ts,2913,1
"[0.5636363636363637, -0.5636363636363637, -0.0625, -0.019662921348314606, 1.0, 0.0, 0.0, 0.0, 1.0, 0.7442973603952323, 1.0, 0.0, 0.0, 0.0, 0.0, 0.0, 0.0, 0.0]",109094,107563,N2,dismiss,-0.3,ts,1075,1
"[0.1666666666666667, -0.1666666666666667, 0.2, 0.0, 0.0, 0.0, 0.0, 0.0, 1.0, 0.7452936748080553, 1.0, 0.0, 0.0, 0.0, 0.0, 0.0, 0.0, 0.0]",18364,61090,N1,accept,0.4166666666666667,ts,2628,0
"[0.20000000000000004, -0.20000000000000004, -0.6972222222222223, -0.46153846153846156, -0.059999999999999984, 0.0, 0.0, 0.0, 1.0, 0.565054577528199, 1.0, 0.0, 0.0, 0.0, 0.0, 0.0, 0.0, 0.0]",51193,18528,N1,dismiss,-0.3,ts,1913,0
"[0.33333333333333337, -0.33333333333333337, -0.5833333333333334, 0.0, 0.0, 0.0, 0.0, 0.0, 1.0, 0.727809934097922, 1.0, 0.0, 0.0, 0.0, 0.0, 0.0, 0.0, 0.0]",112487,38636,N6,dismiss,-0.3,ts,2304,1
"[0.1666666666666667, -0.1666666666666667, -0.13333333333333333, -0.3, -0.16, 0.0, 0.0, 0.0, 1.0, 0.6556594342490147, 1.0, 0.0, 0.0, 0.0, 0.0, 0.0, 0.0, 0.0]",18490,156539,N1,dismiss,-0.3,ts,1019,0
"[0.0285714285714286, -0.0285714285714286, 0.0, -0.4375, -0.039999999999999994, 0.0, 0.0, 0.0, 1.0, 0.6617044856731337, 1.0, 0.0, 0.0, 0.0, 0.0, 0.0, 0.0, 0.0]",125786,189308,N3,accept,0.32,ts,1808,1
"[0.4444444444444444, -0.27999999999999997, -0.17076923076923078, 0.0, 0.0, 0.0, 0.0, 0.0, 1.0, 0.7913678346806224, 1.0, 0.0, 0.0, 0.0, 0.0, 0.0, 0.0, 0.0]",63920,63919,N2,dismiss,-0.3,ts,2815,1
"[0.25333333333333335, -0.25333333333333335, 0.0, 0.0, 0.0, 0.0, 0.0, 0.0, 1.0, 0.8406768668945128, 1.0, 0.0, 0.0, 0.0, 0.0, 0.0, 0.0, 0.0]",21089,84577,N2,dismiss,-0.3,ts,2413,1
"[0.5, -0.5, -0.03853564547206166, -0.02158273381294964, 0.0, 0.0, 0.0, 0.0, 1.0, 0.8876149427547736, 1.0, 0.0, 0.0, 0.0, 0.0, 0.0, 0.0, 0.0]",125880,81422,N1,dismiss,-0.3,ts,1333,0
"[0.3142857142857143, -0.3142857142857143, -0.502322495023225, 0.10826210826210826, 0.7142857142857143, 0.0, 0.0, 0.0, 1.0, 0.5898177446147886, 1.0, 0.0, 0.0, 0.0, 0.0, 0.0, 0.0, 0.0]",74278,107588,N1,dismiss,-0.3,ts,1714,0
"[0.32203389830508466, -0.32203389830508466, -0.6632478632478633, 0.08695652173913043, 0.1, 0.0, 0.0, 0.0, 1.0, 0.6641171467227859, 1.0, 0.0, 0.0, 0.0, 0.0, 0.0, 0.0, 0.0]",63936,141766,N3,dismiss,-0.3,ts,765,1
"[0.04761904761904766, -0.04761904761904766, -0.39722724532851117, 0.15162454873646208, 0.4, 0.0, 0.0, 0.0, 1.0, 0.5363539792335147, 1.0, 0.0, 0.0, 0.0, 0.0, 0.0, 0.0, 0.0]",16646,63925,N1,dismiss,-0.3,ts,2067,0
"[0.5636363636363637, -0.5636363636363637, -0.10601265822784818, 0.017595307917888565, 0.8333333333333334, 0.0, 0.0, 0.0, 1.0, 0.7571052284670172, 1.0, 0.0, 0.0, 0.0, 0.0, 0.0, 0.0, 0.0]",116193,108828,N1,dismiss,-0.3,ts,1051,1
"[0.30000000000000004, -0.30000000000000004, 0.17758879439719866, -0.045584045584045586, 0.041666666666666664, 0.0, 0.0, 0.0, 1.0, 0.7706208382880695, 1.0, 0.0, 0.0, 0.0, 0.0, 0.0, 0.0, 0.0]",182867,87090,N1,dismiss,-0.3,ts,770,1
"[0.27272727272727276, -0.27272727272727276, -0.36066666666666664, 0.6388888888888888, -0.25, 0.0, 0.0, 0.0, 1.0, 0.5769238404291309, 1.0, 0.0, 0.0, 0.0, 0.0, 0.0, 0.0, 0.0]",56406,185391,N1,accept,0.4909090909090909,ts,2743,1
"[0.142857142857143, -0.142857142857143, -0.7311783107403546, 0.08695652173913043, 0.1, 0.0, 0.0, 0.0, 1.0, 0.5979692773138371, 1.0, 0.0, 0.0, 0.0, 0.0, 0.0, 0.0, 0.0]",16680,90178,N1,dismiss,-0.3,ts,1322,1
"[0.20754716981132082, -0.20754716981132082, 0.0, -0.07255520504731862, 0.0, 0.0, 0.0, 0.0, 1.0, 0.805148558684546, 1.0, 0.0, 0.0, 0.0, 0.0, 0.0, 0.0, 0.0]",91968,91970,N1,accept,0.44528301886792454,ts,436,1
"[0.5, -0.5, 0.13333333333333333, 0.0, 0.0, 0.0, 0.0, 0.0, 1.0, 0.8619729057697516, 1.0, 0.0, 0.0, 0.0, 0.0, 0.0, 0.0, 0.0]",135728,18435,N1,dismiss,-0.3,ts,2862,0
"[0.09999999999999998, -0.09999999999999998, -0.0690846286701209, 0.0, 0.13636363636363635, 0.0, 0.0, 0.0, 1.0, 0.7256065692853766, 1.0, 0.0, 0.0, 0.0, 0.0, 0.0, 0.0, 0.0]",16912,123848,N1,dismiss,-0.3,ts,1651,1
"[0.18367346938775517, -0.18367346938775517, 0.04860661049902787, 0.04938271604938271, -0.2, 0.0, 0.0, 0.0, 1.0, 0.7350999394667479, 1.0, 0.0, 0.0, 0.0, 0.0, 0.0, 0.0, 0.0]",135548,74215,N2,dismiss,-0.3,ts,489,1
"[0.4444444444444445, -0.4444444444444445, -0.8583690987124464, 0.0, 0.0, 0.0, 0.0, 0.0, 1.0, 0.7316259723259105, 1.0, 0.0, 0.0, 0.0, 0.0, 0.0, 0.0, 0.0]",147468,110902,N1,accept,0.6111111111111112,ts,553,1
"[0.19999999999999993, -0.19999999999999993, 0.041666666666666664, 0.0, 0.0, 0.0, 0.0, 0.0, 1.0, 0.8068370360387624, 1.0, 0.0, 0.0, 0.0, 0.0, 0.0, 0.0, 0.0]",18185,82489,N1,dismiss,-0.3,ts,2952,0
"[0.07142857142857154, -0.07142857142857154, 0.0, 0.28654970760233917, -0.1, 0.0, 0.0, 0.0, 1.0, 0.6840596024730199, 1.0, 0.0, 0.0, 0.0, 0.0, 0.0, 0.0, 0.0]",114737,114738,N6,dismiss,-0.3,ts,480,1
"[0.02500000000000002, -0.02500000000000002, -0.1863303498779495, 0.02, -0.07999999999999999, 0.0, 0.0, 0.0, 1.0, 0.6690903795112921, 1.0, 0.0, 0.0, 0.0, 0.0, 0.0, 0.0, 0.0]",130430,62539,N1,dismiss,-0.3,ts,1957,0
"[0.8530612244897959, -0.8530612244897959, -0.3026455026455026, 0.10526315789473684, 0.631578947368421, 0.0, 0.0, 0.0, 1.0, 0.7372147538127957, 1.0, 0.0, 0.0, 0.0, 0.0, 0.0, 0.0, 0.0]",180524,170138,N1,dismiss,-0.3,ts,1027,0
"[0.02631578947368412, -0.02631578947368412, -0.43, 0.019867549668874173, 0.0285714285714286, 0.0, 0.0, 0.0, 1.0, 0.6303211836867184, 1.0, 0.0, 0.0, 0.0, 0.0, 0.0, 0.0, 0.0]",41398,15200,N1,dismiss,-0.3,ts,2932,0
"[0.28571428571428575, -0.28571428571428575, -0.4786235662148071, 0.12037037037037036, 0.016666666666666607, 0.0, 0.0, 0.0, 1.0, 0.6908105867497607, 1.0, 0.0, 0.0, 0.0, 0.0, 0.0, 0.0, 0.0]",55915,81542,N1,accept,0.5,ts,2686,1
"[0.604, -0.604, -0.49629629629629635, -0.4588235294117647, -0.3684210526315789, 0.0, 0.0, 0.0, 1.0, 0.6356367491076025, 1.0, 0.0, 0.0, 0.0, 0.0, 0.0, 0.0, 0.0]",115396,108025,N1,accept,0.7227999999999999,ts,1042,0
"[0.08554572271386432, -0.08554572271386432, -0.03466761972837737, 0.011267605633802818, 0.0, 0.0, 0.0, 0.0, 1.0, 0.7651650175603291, 1.0, 0.0, 0.0, 0.0, 0.0, 0.0, 0.0, 0.0]",146721,85287,N1,accept,0.359882005899705,ts,2413,1
"[0.07692307692307684, -0.07692307692307684, 0.0, 0.12169312169312169, 0.0, 0.0, 0.0, 0.0, 1.0, 0.7463141143425299, 1.0, 0.0, 0.0, 0.0, 0.0, 0.0, 0.0, 0.0]",115242,55882,N1,dismiss,-0.3,ts,2654,1
"[0.5, -0.5, 0.006289308176100607, 0.12, -0.06000000000000005, 0.0, 0.0, 0.0, 1.0, 0.8573195155206763, 1.0, 0.0, 0.0, 0.0, 0.0, 0.0, 0.0, 0.0]",89446,58615,N1,dismiss,-0.3,ts,886,1
"[0.5535714285714286, -0.5535714285714286, 0.03454231433506045, 0.0, 0.0, 0.0, 0.0, 0.0, 1.0, 0.9068164715016619, 1.0, 0.0, 0.0, 0.0, 0.0, 0.0, 0.0, 0.0]",16725,16729,N1,dismiss,-0.3,ts,2932,1
"[0.10714285714285708, -0.10714285714285708, 0.052770448548812667, -0.20761245674740483, -0.3333333333333333, 0.0, 0.0, 0.0, 1.0, 0.64584505204145, 1.0, 0.0, 0.0, 0.0, 0.0, 0.0, 0.0, 0.0]",105432,185375,N1,accept,0.37499999999999994,ts,1817,1
"[0.7, -0.7, -0.6158823529411764, 0.0, 0.0, 0.0, 0.0, 0.0, 1.0, 0.8038070338239747, 1.0, 0.0, 0.0, 0.0, 0.0, 0.0, 0.0, 0.0]",37946,63859,N1,dismiss,-0.3,ts,864,1
"[0.12499999999999988, -0.12499999999999988, 0.1864406779661017, 0.3464566929133858, 0.0, 0.0, 0.0, 0.0, 1.0, 0.65910022537907, 1.0, 0.0, 0.0, 0.0, 0.0, 0.0, 0.0, 0.0]",92706,114737,N1,dismiss,-0.3,ts,1935,0
"[0.043062200956937836, -0.043062200956937836, -0.7623062616243025, 0.0, 0.0, 0.0, 0.0, 0.0, 1.0, 0.609666983514401, 1.0, 0.0, 0.0, 0.0, 0.0, 0.0, 0.0, 0.0]",90708,54196,N1,dismiss,-0.3,ts,579,1
"[0.0555555555555556, -0.0555555555555556, -0.05649999999999995, -0.3541666666666667, -0.13999999999999999, 0.0, 0.0, 0.0, 1.0, 0.6366525780012734, 1.0, 0.0, 0.0, 0.0, 0.0, 0.0, 0.0, 0.0]",155816,79359,N1,dismiss,-0.3,ts,737,0
"[0.41176470588235287, -0.41176470588235287, -0.15164369034994696, 0.12, 0.24, 0.0, 0.0, 0.0, 1.0, 0.7458609741032868, 1.0, 0.0, 0.0, 0.0, 0.0, 0.0, 0.0, 0.0]",56971,58615,N3,dismiss,-0.3,ts,2262,1
"[0.09090909090909098, -0.09090909090909098, -0.08350730688935282, -0.045454545454545456, -0.1333333333333333, 0.0, 0.0, 0.0, 1.0, 0.7049729690169455, 1.0, 0.0, 0.0, 0.0, 0.0, 0.0, 0.0, 0.0]",110877,117146,N1,dismiss,-0.3,ts,1727,1
"[0.16666666666666666, -0.16666666666666666, -0.05447878470403348, -0.6273022751895991, 1.0, 0.0, 0.0, 0.0, 1.0, 0.5339550818124775, 1.0, 0.0, 0.0, 0.0, 0.0, 0.0, 0.0, 0.0]",185512,123511,N1,dismiss,-0.3,ts,1478,1
"[0.18831168831168835, -0.18831168831168835, 0.0, 0.15942028985507245, 0.18, 0.0, 0.0, 0.0, 1.0, 0.732496988669393, 1.0, 0.0, 0.0, 0.0, 0.0, 0.0, 0.0, 0.0]",151793,85224,N6,dismiss,-0.3,ts,1950,1
"[0.8380952380952381, -0.8380952380952381, -0.64, -0.8210526315789474, -0.38, 0.0, 0.0, 0.0, 1.0, 0.6173618646742403, 1.0, 0.0, 0.0, 0.0, 0.0, 0.0, 0.0, 0.0]",122720,66862,N1,dismiss,-0.3,ts,1941,1
"[0.6632653061224489, -0.6632653061224489, 0.0, -0.07526881720430108, -0.06896551724137931, 0.0, 0.0, 0.0, 1.0, 0.8995713911303937, 1.0, 0.0, 0.0, 0.0, 0.0, 0.0, 0.0, 0.0]",169065,169335,N6,dismiss,-0.3,ts,1845,1
"[0.14, -0.14, -0.323238566131026, 0.0, 0.0, 0.0, 0.0, 0.0, 1.0, 0.7065192485809642, 1.0, 0.0, 0.0, 0.0, 0.0, 0.0, 0.0, 0.0]",74215,69993,N1,dismiss,-0.3,ts,2706,0
"[0.7142857142857143, -0.7142857142857143, -0.6464102564102564, 1.0, 1.0, 0.0, 0.0, 0.0, 1.0, 0.5042413245507903, 1.0, 0.0, 0.0, 0.0, 0.0, 0.0, 0.0, 0.0]",174937,141766,N6,dismiss,-0.3,ts,2279,1
"[0.4545454545454546, -0.4545454545454546, -0.10071942446043164, 0.15088757396449703, 1.0, 0.0, 0.0, 0.0, 1.0, 0.6929116885886869, 1.0, 0.0, 0.0, 0.0, 0.0, 0.0, 0.0, 0.0]",108746,107588,N1,dismiss,-0.3,ts,1456,0
"[0.03273809523809514, -0.03273809523809514, 0.1926782273603083, 0.09, 0.09090909090909091, 0.0, 0.0, 0.0, 1.0, 0.6486620220280555, 1.0, 0.0, 0.0, 0.0, 0.0, 0.0, 0.0, 0.0]",16734,63891,N1,dismiss,-0.3,ts,1341,1
"[0.20000000000000004, -0.20000000000000004, -0.44341372912801486, 0.08761329305135952, -0.07142857142857142, 0.0, 0.0, 0.0, 1.0, 0.6611419918461581, 1.0, 0.0, 0.0, 0.0, 0.0, 0.0, 0.0, 0.0]",63911,90182,N1,dismiss,-0.3,ts,2515,0
"[0.35999999999999993, -0.35999999999999993, 0.125, 1.0, 1.0, 0.0, 0.0, 0.0, 1.0, 0.5327936544339077, 1.0, 0.0, 0.0, 0.0, 0.0, 0.0, 0.0, 0.0]",18355,51061,N1,dismiss,-0.3,ts,780,0
"[0.047619047619047596, -0.047619047619047596, -0.37539103232533894, 0.007246376811594203, -0.02439024390243908, 0.0, 0.0, 0.0, 1.0, 0.6529265799369026, 1.0, 0.0, 0.0, 0.0, 0.0, 0.0, 0.0, 0.0]",154624,53365,N1,dismiss,-0.3,ts,2493,1
"[0.25, -0.25, -0.46332737030411447, -0.10824742268041238, 0.19047619047619047, 0.0, 0.0, 0.0, 1.0, 0.6420465769124615, 1.0, 0.0, 0.0, 0.0, 0.0, 0.0, 0.0, 0.0]",16906,117045,N1,dismiss,-0.3,ts,925,0
"[0.1111111111111112, -0.1111111111111112, -0.09008189262966337, 0.15579710144927536, 0.4, 0.0, 0.0, 0.0, 1.0, 0.6355529250549651, 1.0, 0.0, 0.0, 0.0, 0.0, 0.0, 0.0, 0.0]",64516,63925,N1,dismiss,-0.3,ts,2614,0
"[0.09090909090909098, -0.09090909090909098, -0.18181818181818182, 0.07122507122507123, 0.0, 0.0, 0.0, 0.0, 1.0, 0.7029945661314697, 1.0, 0.0, 0.0, 0.0, 0.0, 0.0, 0.0, 0.0]",151838,151841,N1,dismiss,-0.3,ts,893,1
"[0.2727272727272727, -0.2727272727272727, -0.07061958694203868, -0.03690036900369004, -0.0117647058823529, 0.0, 0.0, 0.0, 1.0, 0.8064217516346286, 1.0, 0.0, 0.0, 0.0, 0.0, 0.0, 0.0, 0.0]",81453,81449,N1,dismiss,-0.3,ts,434,0
"[0.24999999999999997, -0.24999999999999997, 0.16666666666666666, 0.0, 0.0, 0.0, 0.0, 0.0, 1.0, 0.7828956117024544, 1.0, 0.0, 0.0, 0.0, 0.0, 0.0, 0.0, 0.0]",18305,18309,N1,accept,0.475,ts,1476,0
"[0.24999999999999997, -0.24999999999999997, -0.27846265409717186, 0.0, 0.0, 0.0, 0.0, 0.0, 1.0, 0.7541829612825312, 1.0, 0.0, 0.0, 0.0, 0.0, 0.0, 0.0, 0.0]",141746,174748,N1,dismiss,-0.3,ts,1781,0
"[0.4444444444444445, -0.4444444444444445, 0.011142061281337007, -0.6607142857142857, -0.5599999999999999, 0.0, 0.0, 0.0, 1.0, 0.6802432652968127, 1.0, 0.0, 0.0, 0.0, 0.0, 0.0, 0.0, 0.0]",63093,132873,N6,dismiss,-0.3,ts,692,1
"[0.25, -0.25, 0.0, 0.07453416149068323, 0.13636363636363635, 0.0, 0.0, 0.0, 1.0, 0.7830109453831142, 1.0, 0.0, 0.0, 0.0, 0.0, 0.0, 0.0, 0.0]",43089,117045,N1,dismiss,-0.3,ts,1697,0
"[0.15999999999999998, -0.15999999999999998, -0.30025445292620867, 0.7263157894736842, 0.39622641509433976, 0.0, 0.0, 0.0, 1.0, 0.5215834348101834, 1.0, 0.0, 0.0, 0.0, 0.0, 0.0, 0.0, 0.0]",59416,152287,N6,dismiss,-0.3,ts,2222,1
"[0.25999999999999995, -0.25999999999999995, 0.2005012531328321, 0.127208480565371, 0.4, 0.0, 0.0, 0.0, 1.0, 0.6604743435508937, 1.0, 0.0, 0.0, 0.0, 0.0, 0.0, 0.0, 0.0]",49000,63924,N1,dismiss,-0.3,ts,2533,1
"[0.4444444444444444, -0.27999999999999997, -0.17076923076923078, 0.0, 0.0, 0.0, 0.0, 0.0, 1.0, 0.7913678346806224, 1.0, 0.0, 0.0, 0.0, 0.0, 0.0, 0.0, 0.0]",63920,63919,N1,accept,0.611111111111111,ts,494,0
"[0.5, -0.5, -0.10344827586206896, 0.0, 0.0, 0.0, 0.0, 0.0, 1.0, 0.8714079900606294, 1.0, 0.0, 0.0, 0.0, 0.0, 0.0, 0.0, 0.0]",70828,129946,N6,dismiss,-0.3,ts,1085,1
"[0.047619047619047505, -0.047619047619047505, -0.38395989974937345, 0.08, 0.08000000000000003, 0.0, 0.0, 0.0, 1.0, 0.6162654182680468, 1.0, 0.0, 0.0, 0.0, 0.0, 0.0, 0.0, 0.0]",111106,130425,N6,dismiss,-0.3,ts,2346,1
"[0.3636363636363637, -0.3636363636363637, 0.1013215859030837, 0.057971014492753624, 0.25, 0.0, 0.0, 0.0, 1.0, 0.7621489741842852, 1.0, 0.0, 0.0, 0.0, 0.0, 0.0, 0.0, 0.0]",123207,123174,N6,dismiss,-0.3,ts,2447,1
"[0.6666666666666666, -0.6666666666666666, -0.5476575121163166, -0.033846153846153845, -0.4166666666666667, 0.0, 0.0, 0.0, 1.0, 0.7126573147429927, 1.0, 0.0, 0.0, 0.0, 0.0, 0.0, 0.0, 0.0]",41414,145523,N1,dismiss,-0.3,ts,2960,0
"[0.28571428571428575, -0.28571428571428575, 0.0, -0.1005586592178771, 0.14285714285714285, 0.0, 0.0, 0.0, 1.0, 0.7864257510470529, 1.0, 0.0, 0.0, 0.0, 0.0, 0.0, 0.0, 0.0]",128281,51122,N6,accept,0.5,ts,1353,1
"[0.14, -0.14, 0.06068268015170685, 0.0, 0.0, 0.0, 0.0, 0.0, 1.0, 0.7788836843497392, 1.0, 0.0, 0.0, 0.0, 0.0, 0.0, 0.0, 0.0]",72622,79362,N1,dismiss,-0.3,ts,487,0
"[0.4583333333333333, -0.4583333333333333, -0.1433260393873086, 0.22, 0.24000000000000005, 0.0, 0.0, 0.0, 1.0, 0.7386709394486253, 1.0, 0.0, 0.0, 0.0, 0.0, 0.0, 0.0, 0.0]",151789,123325,N6,dismiss,-0.3,ts,2760,0
"[0.2222222222222223, -0.2222222222222223, 0.11131725417439703, 0.08529411764705883, 0.10400000000000005, 0.0, 0.0, 0.0, 1.0, 0.7387660108640149, 1.0, 0.0, 0.0, 0.0, 0.0, 0.0, 0.0, 0.0]",123848,76847,N1,dismiss,-0.3,ts,1630,1
"[0.050000000000000044, -0.050000000000000044, 0.23767935121646902, 0.28, -0.21999999999999997, 0.0, 0.0, 0.0, 1.0, 0.5753341503687988, 1.0, 0.0, 0.0, 0.0, 0.0, 0.0, 0.0, 0.0]",115984,94324,N6,dismiss,-0.3,ts,1769,0
"[0.5, -0.5, -0.10344827586206896, 0.0, 0.0, 0.0, 0.0, 0.0, 1.0, 0.8714079900606294, 1.0, 0.0, 0.0, 0.0, 0.0, 0.0, 0.0, 0.0]",70828,129946,N6,dismiss,-0.3,ts,893,0
"[0.4444444444444445, -0.4444444444444445, 0.10401459854014582, -0.54, -0.6, 0.0, 0.0, 0.0, 1.0, 0.6542508615673612, 1.0, 0.0, 0.0, 0.0, 0.0, 0.0, 0.0, 0.0]",169353,132873,N6,dismiss,-0.3,ts,2867,0
"[0.28571428571428564, -0.28571428571428564, -0.18154761904761904, 0.0, 0.0, 0.0, 0.0, 0.0, 1.0, 0.7901357230047812, 1.0, 0.0, 0.0, 0.0, 0.0, 0.0, 0.0, 0.0]",55348,72620,N6,accept,0.4999999999999999,ts,2547,1
"[0.2307692307692307, -0.2307692307692307, 0.06666666666666667, 0.0, 0.0, 0.0, 0.0, 0.0, 1.0, 0.8082747076223531, 1.0, 0.0, 0.0, 0.0, 0.0, 0.0, 0.0, 0.0]",131606,18616,N3,accept,0.46153846153846145,ts,996,1
"[0.7576530612244898, -0.7576530612244898, -0.04534606205250594, -0.6555555555555556, -0.6199999999999999, 0.0, 0.0, 0.0, 1.0, 0.7198017822501334, 1.0, 0.0, 0.0, 0.0, 0.0, 0.0, 0.0, 0.0]",33276,174927,N3,dismiss,-0.3,ts,2095,1
"[0.1666666666666667, -0.1666666666666667, 0.0, 0.3, 0.22000000000000003, 0.0, 0.0, 0.0, 1.0, 0.6901568741775026, 1.0, 0.0, 0.0, 0.0, 0.0, 0.0, 0.0, 0.0]",29439,61090,N1,dismiss,-0.3,ts,1521,1
"[0.5636363636363637, -0.5636363636363637, -0.5034756703078451, -0.005698005698005698, 0.42857142857142855, 0.0, 0.0, 0.0, 1.0, 0.7071942775084746, 1.0, 0.0, 0.0, 0.0, 0.0, 0.0, 0.0, 0.0]",15528,107563,N3,accept,0.6945454545454546,ts,2906,1
"[0.7647058823529411, -0.7647058823529411, -0.07907907907907913, 1.0, -0.6, 0.0, 0.0, 0.0, 1.0, 0.677524981728251, 1.0, 0.0, 0.0, 0.0, 0.0, 0.0, 0.0, 0.0]",47181,128295,N6,accept,0.8352941176470587,ts,2352,1
"[0.13333333333333328, -0.13333333333333328, -0.3068085106382979, -0.08196721311475409, -0.07999999999999999, 0.0, 0.0, 0.0, 1.0, 0.6627628717242904, 1.0, 0.0, 0.0, 0.0, 0.0, 0.0, 0.0, 0.0]",83437,143094,N1,dismiss,-0.3,ts,1931,1
"[0.5576036866359447, -0.5576036866359447, -0.4044073853484217, 0.15579710144927536, 0.4, 0.0, 0.0, 0.0, 1.0, 0.6872933901369873, 1.0, 0.0, 0.0, 0.0, 0.0, 0.0, 0.0, 0.0]",64515,63925,N3,dismiss,-0.3,ts,623,1
"[0.25925925925925924, -0.25925925925925924, -0.7192909280500521, -0.18, 0.020000000000000018, 0.0, 0.0, 0.0, 1.0, 0.6388231520555585, 1.0, 0.0, 0.0, 0.0, 0.0, 0.0, 0.0, 0.0]",141707,63997,N6,dismiss,-0.3,ts,2250,1
"[0.5887096774193549, -0.5887096774193549, 0.07140307033202427, -0.26571428571428574, -0.38, 0.0, 0.0, 0.0, 1.0, 0.7586869014394904, 1.0, 0.0, 0.0, 0.0, 0.0, 0.0, 0.0, 0.0]",89602,20089,N6,accept,0.7120967741935484,ts,2797,1
"[0.28571428571428575, -0.28571428571428575, 0.23592419664927214, 0.4583333333333333, -0.1, 0.0, 0.0, 0.0, 1.0, 0.658588363112707, 1.0, 0.0, 0.0, 0.0, 0.0, 0.0, 0.0, 0.0]",139086,127333,N6,dismiss,-0.3,ts,1724,0
"[0.415625, -0.415625, 0.1312500000000001, 0.0, 0.0, 0.0, 0.0, 0.0, 1.0, 0.8422044928641546, 1.0, 0.0, 0.0, 0.0, 0.0, 0.0, 0.0, 0.0]",152421,15139,N6,dismiss,-0.3,ts,1227,0
"[0.3636363636363637, -0.3636363636363637, 0.0, 0.061046511627906974, 0.0, 0.0, 0.0, 0.0, 1.0, 0.8570363402900383, 1.0, 0.0, 0.0, 0.0, 0.0, 0.0, 0.0, 0.0]",123210,123174,N1,dismiss,-0.3,ts,1071,1
"[0.5170454545454546, -0.5170454545454546, 0.0, -0.19607843137254902, 0.05999999999999996, 0.0, 0.0, 0.0, 1.0, 0.8469166836554074, 1.0, 0.0, 0.0, 0.0, 0.0, 0.0, 0.0, 0.0]",130670,87406,N6,dismiss,-0.3,ts,1230,1
"[0.26470588235294124, -0.26470588235294124, -0.1669449081803005, -0.02, 0.040000000000000036, 0.0, 0.0, 0.0, 1.0, 0.7701697969882795, 1.0, 0.0, 0.0, 0.0, 0.0, 0.0, 0.0, 0.0]",18053,130669,N6,accept,0.4852941176470589,ts,2438,1
"[0.6218487394957983, -0.6218487394957983, -0.05457142857142847, 0.1984732824427481, -0.04, 0.0, 0.0, 0.0, 1.0, 0.8516144574556564, 1.0, 0.0, 0.0, 0.0, 0.0, 0.0, 0.0, 0.0]",104682,104690,N1,dismiss,-0.3,ts,2421,1
"[0.55, -0.55, -0.008365019011406936, 0.005434782608695652, -0.38, 0.0, 0.0, 0.0, 1.0, 0.834655709896273, 1.0, 0.0, 0.0, 0.0, 0.0, 0.0, 0.0, 0.0]",85163,128279,N6,dismiss,-0.3,ts,2209,1
"[0.19999999999999993, -0.19999999999999993, -0.5714285714285714, 0.6191860465116279, -0.037037037037037035, 0.0, 0.0, 0.0, 1.0, 0.5693782542887253, 1.0, 0.0, 0.0, 0.0, 0.0, 0.0, 0.0, 0.0]",104685,29970,N6,dismiss,-0.3,ts,2641,1
"[0.8482142857142858, -0.8482142857142858, -0.14285714285714285, 0.0, 0.0, 0.0, 0.0, 0.0, 1.0, 0.913901854423174, 1.0, 0.0, 0.0, 0.0, 0.0, 0.0, 0.0, 0.0]",164512,18185,N6,accept,0.89375,ts,1007,1
"[0.45, -0.45, 0.08285714285714281, 0.1232876712328767, -0.24000000000000005, 0.0, 0.0, 0.0, 1.0, 0.7765608514538953, 1.0, 0.0, 0.0, 0.0, 0.0, 0.0, 0.0, 0.0]",39888,110035,N1,dismiss,-0.3,ts,1848,0
"[0.22000000000000006, -0.22000000000000006, -0.2748368382886149, 0.0, 0.0, 0.0, 0.0, 0.0, 1.0, 0.7450578168936005, 1.0, 0.0, 0.0, 0.0, 0.0, 0.0, 0.0, 0.0]",141766,93850,N3,dismiss,-0.3,ts,527,1
"[0.3, -0.3, 0.0667779632721202, -0.007194244604316547, 0.02500000000000006, 0.0, 0.0, 0.0, 1.0, 0.8210120511660425, 1.0, 0.0, 0.0, 0.0, 0.0, 0.0, 0.0, 0.0]",53365,81462,N1,dismiss,-0.3,ts,1079,1
"[0.25, -0.25, 0.0, -0.008595988538681949, 0.08695652173913043, 0.0, 0.0, 0.0, 1.0, 0.8130880893622596, 1.0, 0.0, 0.0, 0.0, 0.0, 0.0, 0.0, 0.0]",57106,117045,N6,accept,0.475,ts,878,1
"[0.20000000000000007, -0.20000000000000007, -0.2794444444444444, -0.04, 1.0, 0.0, 0.0, 0.0, 1.0, 0.5760362365604412, 1.0, 0.0, 0.0, 0.0, 0.0, 0.0, 0.0, 0.0]",30105,107554,N1,dismiss,-0.3,ts,1688,1
"[0.648, -0.648, 0.1801637852593267, 0.20863309352517986, 1.0, 0.0, 0.0, 0.0, 1.0, 0.678459202837453, 1.0, 0.0, 0.0, 0.0, 0.0, 0.0, 0.0, 0.0]",185410,107554,N3,dismiss,-0.3,ts,2435,1
"[0.25, -0.25, -0.24812030075187969, 0.0581039755351682, 0.32978723404255317, 0.0, 0.0, 0.0, 1.0, 0.6724565857057285, 1.0, 0.0, 0.0, 0.0, 0.0, 0.0, 0.0, 0.0]",82380,117045,N6,dismiss,-0.3,ts,822,0
"[0.575, -0.575, 0.2222222222222222, 0.42, 0.05999999999999996, 0.0, 0.0, 0.0, 1.0, 0.7504165954533895, 1.0, 0.0, 0.0, 0.0, 0.0, 0.0, 0.0, 0.0]",30621,87407,N6,accept,0.7024999999999999,ts,1678,1
"[0.20000000000000007, -0.20000000000000007, -0.07230255839822028, -0.05322128851540616, 0.0, 0.0, 0.0, 0.0, 1.0, 0.780754942499186, 1.0, 0.0, 0.0, 0.0, 0.0, 0.0, 0.0, 0.0]",166050,108746,N1,dismiss,-0.3,ts,1188,1
"[0.7576530612244898, -0.7576530612244898, -0.04534606205250594, -0.6666666666666666, -0.33999999999999997, 0.0, 0.0, 0.0, 1.0, 0.7514982057090797, 1.0, 0.0, 0.0, 0.0, 0.0, 0.0, 0.0, 0.0]",33277,174927,N6,dismiss,-0.3,ts,881,0
"[0.0384615384615385, -0.0384615384615385, 0.22897483118477596, 0.02976190476190476, 0.05999999999999996, 0.0, 0.0, 0.0, 1.0, 0.6652929903136966, 1.0, 0.0, 0.0, 0.0, 0.0, 0.0, 0.0, 0.0]",143094,87100,N3,dismiss,-0.3,ts,462,1
"[0.16216216216216217, -0.16216216216216217, -0.16666666666666666, 0.08461538461538462, 0.020833333333333447, 0.0, 0.0, 0.0, 1.0, 0.7234709814458078, 1.0, 0.0, 0.0, 0.0, 0.0, 0.0, 0.0, 0.0]",91969,91957,N1,accept,0.4135135135135135,ts,2622,1
"[0.04247104247104243, -0.04247104247104243, -0.2917825537294563, 0.05105105105105105, 0.041666666666666664, 0.0, 0.0, 0.0, 1.0, 0.6509335596158486, 1.0, 0.0, 0.0, 0.0, 0.0, 0.0, 0.0, 0.0]",20071,89602,N1,dismiss,-0.3,ts,418,1
"[0.0555555555555556, -0.0555555555555556, -0.05649999999999995, -0.32608695652173914, -0.15999999999999998, 0.0, 0.0, 0.0, 1.0, 0.6364745482894184, 1.0, 0.0, 0.0, 0.0, 0.0, 0.0, 0.0, 0.0]",155815,79359,N3,accept,0.3388888888888889,ts,2571,1
"[0.6818181818181819, -0.6818181818181819, -0.050125313283208024, 0.18840579710144928, -0.51, 0.0, 0.0, 0.0, 1.0, 0.7806619322864332, 1.0, 0.0, 0.0, 0.0, 0.0, 0.0, 0.0, 0.0]",48998,49086,N6,dismiss,-0.3,ts,2610,1
"[0.25, -0.25, 0.09090909090909091, 0.06944444444444445, -0.005555555555555635, 0.0, 0.0, 0.0, 1.0, 0.7852312004718296, 1.0, 0.0, 0.0, 0.0, 0.0, 0.0, 0.0, 0.0]",164892,165914,N6,dismiss,-0.3,ts,1193,1
"[0.2800000000000001, -0.2800000000000001, -0.06526468455402455, 0.0, 0.0, 0.0, 0.0, 0.0, 1.0, 0.824758751469044, 1.0, 0.0, 0.0, 0.0, 0.0, 0.0, 0.0, 0.0]",141766,90178,N1,dismiss,-0.3,ts,2343,1
"[0.0555555555555556, -0.0555555555555556, -0.16666666666666666, 0.0, -0.10714285714285714, 0.0, 0.0, 0.0, 1.0, 0.6851591657739663, 1.0, 0.0, 0.0, 0.0, 0.0, 0.0, 0.0, 0.0]",111476,107052,N3,accept,0.3388888888888889,ts,1891,1
"[0.7525, -0.7525, 0.0, -0.31343283582089554, -0.34, 0.0, 0.0, 0.0, 1.0, 0.8087798640893799, 1.0, 0.0, 0.0, 0.0, 0.0, 0.0, 0.0, 0.0]",79807,141703,N6,accept,0.8267499999999999,ts,614,1
"[0.52, -0.52, -0.16666666666666666, -0.07180851063829788, 0.42857142857142855, 0.0, 0.0, 0.0, 1.0, 0.7500717796797064, 1.0, 0.0, 0.0, 0.0, 0.0, 0.0, 0.0, 0.0]",151841,107563,N6,accept,0.6639999999999999,ts,519,1
"[0.02500000000000002, -0.02500000000000002, -0.1863303498779495, 0.02, -0.07999999999999999, 0.0, 0.0, 0.0, 1.0, 0.6690903795112921, 1.0, 0.0, 0.0, 0.0, 0.0, 0.0, 0.0, 0.0]",130430,62539,N3,accept,0.3175,ts,1363,1
"[0.19999999999999993, -0.19999999999999993, -0.17391304347826086, 0.0, 0.0, 0.0, 0.0, 0.0, 1.0, 0.7640724904524591, 1.0, 0.0, 0.0, 0.0, 0.0, 0.0, 0.0, 0.0]",38212,18611,N6,dismiss,-0.3,ts,1734,0
"[0.06666666666666672, -0.06666666666666672, -0.20876826722338204, -0.20165745856353592, -0.25, 0.0, 0.0, 0.0, 1.0, 0.5978453335147562, 1.0, 0.0, 0.0, 0.0, 0.0, 0.0, 0.0, 0.0]",129198,105432,N6,dismiss,-0.3,ts,801,1
"[0.20000000000000004, -0.20000000000000004, -0.44341372912801486, 0.08761329305135952, -0.07142857142857142, 0.0, 0.0, 0.0, 1.0, 0.6611419918461581, 1.0, 0.0, 0.0, 0.0, 0.0, 0.0, 0.0, 0.0]",63911,90182,N6,dismiss,-0.3,ts,1938,0
"[0.06666666666666672, -0.06666666666666672, 0.2002503128911139, 0.125, 0.09090909090909091, 0.0, 0.0, 0.0, 1.0, 0.6507969639330484, 1.0, 0.0, 0.0, 0.0, 0.0, 0.0, 0.0, 0.0]",139805,55915,N1,accept,0.3466666666666667,ts,1963,1
"[0.17647058823529416, -0.17647058823529416, -0.3181818181818182, 0.0, -0.05999999999999996, 0.0, 0.0, 0.0, 1.0, 0.7035536862962877, 1.0, 0.0, 0.0, 0.0, 0.0, 0.0, 0.0, 0.0]",87406,85440,N6,accept,0.4235294117647059,ts,1636,1
"[0.1428571428571428, -0.1428571428571428, 0.2, -0.3, -0.22000000000000003, 0.0, 0.0, 0.0, 1.0, 0.6157574613939959, 1.0, 0.0, 0.0, 0.0, 0.0, 0.0, 0.0, 0.0]",29449,29439,N1,dismiss,-0.3,ts,2298,1
"[0.33333333333333337, -0.33333333333333337, -0.04368673415023976, 0.4751131221719457, 0.25, 0.0, 0.0, 0.0, 1.0, 0.6977738805226098, 1.0, 0.0, 0.0, 0.0, 0.0, 0.0, 0.0, 0.0]",104466,155669,N3,accept,0.5333333333333333,ts,1629,1
"[0.10714285714285711, -0.10714285714285711, 0.1629802095459837, -0.1103202846975089, 1.0, 0.0, 0.0, 0.0, 1.0, 0.5697588776479489, 1.0, 0.0, 0.0, 0.0, 0.0, 0.0, 0.0, 0.0]",84577,47181,N1,accept,0.37499999999999994,ts,1578,1
"[0.5599999999999999, -0.5599999999999999, -0.1018907563025209, -0.059782608695652176, -0.07142857142857142, 0.0, 0.0, 0.0, 1.0, 0.8477079830211879, 1.0, 0.0, 0.0, 0.0, 0.0, 0.0, 0.0, 0.0]",87447,85283,N3,dismiss,-0.3,ts,1402,1
"[0.12499999999999999, -0.12499999999999999, 0.0, 0.0392156862745098, 0.019999999999999973, 0.0, 0.0, 0.0, 1.0, 0.7791365420991551, 1.0, 0.0, 0.0, 0.0, 0.0, 0.0, 0.0, 0.0]",130670,122719,N6,accept,0.38749999999999996,ts,2553,1
"[0.27536231884057966, -0.27536231884057966, -0.2837389380530973, -0.24, -0.019999999999999973, 0.0, 0.0, 0.0, 1.0, 0.6980900885686553, 1.0, 0.0, 0.0, 0.0, 0.0, 0.0, 0.0, 0.0]",79808,189203,N6,dismiss,-0.3,ts,2424,0
"[0.6000000000000001, -0.6000000000000001, -0.18882352941176475, 0.0, 0.0, 0.0, 0.0, 0.0, 1.0, 0.8661689454314895, 1.0, 0.0, 0.0, 0.0, 0.0, 0.0, 0.0, 0.0]",18435,141744,N6,dismiss,-0.3,ts,2424,1
"[0.5636363636363637, -0.5636363636363637, -0.22954545454545458, -0.011396011396011397, 0.5714285714285714, 0.0, 0.0, 0.0, 1.0, 0.7429992451003153, 1.0, 0.0, 0.0, 0.0, 0.0, 0.0, 0.0, 0.0]",70002,108828,N1,dismiss,-0.3,ts,2857,1
"[0.9074074074074074, -0.9074074074074074, 0.021995112197289536, 1.0, -0.4782608695652174, 0.0, 0.0, 0.0, 1.0, 0.7294865417475964, 1.0, 0.0, 0.0, 0.0, 0.0, 0.0, 0.0, 0.0]",155648,128295,N1,dismiss,-0.3,ts,2073,1
"[0.25000000000000006, -0.25000000000000006, -0.3333333333333333, -0.1, -0.19999999999999996, 0.0, 0.0, 0.0, 1.0, 0.6656303932612582, 1.0, 0.0, 0.0, 0.0, 0.0, 0.0, 0.0, 0.0]",18330,18364,N3,dismiss,-0.3,ts,2247,1
"[0.15999999999999998, -0.15999999999999998, 0.03777501037775011, 0.7087378640776699, 0.2105263157894737, 0.0, 0.0, 0.0, 1.0, 0.629122681326625, 1.0, 0.0, 0.0, 0.0, 0.0, 0.0, 0.0, 0.0]",59415,15171,N6,dismiss,-0.3,ts,941,0
"[0.5636363636363637, -0.5636363636363637, -0.20886075949367092, -0.025139664804469275, 0.42857142857142855, 0.0, 0.0, 0.0, 1.0, 0.7601814475610164, 1.0, 0.0, 0.0, 0.0, 0.0, 0.0, 0.0, 0.0]",111011,107563,N6,dismiss,-0.3,ts,1466,0
"[0.20000000000000007, -0.20000000000000007, -0.07333333333333335, -0.042492917847025496, -0.14285714285714285, 0.0, 0.0, 0.0, 1.0, 0.7460448992698951, 1.0, 0.0, 0.0, 0.0, 0.0, 0.0, 0.0, 0.0]",87720,108746,N6,dismiss,-0.3,ts,2317,1
"[0.25, -0.25, -0.3076404494382023, -0.0024271844660194173, 0.0, 0.0, 0.0, 0.0, 1.0, 0.7469607690022103, 1.0, 0.0, 0.0, 0.0, 0.0, 0.0, 0.0, 0.0]",70069,189231,N6,accept,0.475,ts,878,0
"[0.2045454545454546, -0.2045454545454546, -0.666110183639399, 0.019553072625698324, 1.0, 0.0, 0.0, 0.0, 1.0, 0.5366655678938613, 1.0, 0.0, 0.0, 0.0, 0.0, 0.0, 0.0, 0.0]",135482,123174,N6,dismiss,-0.3,ts,1550,0
"[0.35999999999999993, -0.35999999999999993, 0.125, 1.0, 1.0, 0.0, 0.0, 0.0, 1.0, 0.5327936544339077, 1.0, 0.0, 0.0, 0.0, 0.0, 0.0, 0.0, 0.0]",18355,51061,N6,dismiss,-0.3,ts,1480,1
"[0.6029411764705882, -0.6029411764705882, 0.0, 0.0, 0.0, 0.0, 0.0, 0.0, 1.0, 0.9296098135166916, 1.0, 0.0, 0.0, 0.0, 0.0, 0.0, 0.0, 0.0]",107697,70105,N6,accept,0.7220588235294116,ts,1024,1
"[0.5636363636363637, -0.5636363636363637, -0.5305164319248826, -0.014204545454545454, 0.8333333333333334, 0.0, 0.0, 0.0, 1.0, 0.6655214074228695, 1.0, 0.0, 0.0, 0.0, 0.0, 0.0, 0.0, 0.0]",74282,107659,N6,dismiss,-0.3,ts,2331,1
"[0.13846153846153844, -0.13846153846153844, 0.1430274135876043, 0.0, 0.14285714285714285, 0.0, 0.0, 0.0, 1.0, 0.7141550309978263, 1.0, 0.0, 0.0, 0.0, 0.0, 0.0, 0.0, 0.0]",78130,55915,N6,dismiss,-0.3,ts,1224,1
"[0.0769230769230768, -0.0769230769230768, 0.125, -0.75, -0.44000000000000006, 0.0, 0.0, 0.0, 1.0, 0.5301659338444363, 1.0, 0.0, 0.0, 0.0, 0.0, 0.0, 0.0, 0.0]",57385,81128,N1,accept,0.35384615384615375,ts,432,1
"[0.41176470588235287, -0.41176470588235287, -0.4265232974910394, 0.08, 0.12000000000000002, 0.0, 0.0, 0.0, 1.0, 0.7184106107941747, 1.0, 0.0, 0.0, 0.0, 0.0, 0.0, 0.0, 0.0]",88339,58615,N6,dismiss,-0.3,ts,2840,0
"[0.20000000000000004, -0.20000000000000004, -0.634703196347032, 0.07407407407407407, -0.74, 0.0, 0.0, 0.0, 1.0, 0.5425189848892313, 1.0, 0.0, 0.0, 0.0, 0.0, 0.0, 0.0, 0.0]",19598,106004,N6,accept,0.44,ts,2037,0
"[0.06666666666666661, -0.06666666666666661, -0.008551724137931097, -0.4169611307420495, 0.08333333333333333, 0.0, 0.0, 0.0, 1.0, 0.6636490049761106, 1.0, 0.0, 0.0, 0.0, 0.0, 0.0, 0.0, 0.0]",134111,179649,N6,dismiss,-0.3,ts,2198,1
"[0.5588235294117647, -0.5588235294117647, -0.5314285714285715, 0.48255813953488375, -0.2962962962962963, 0.0, 0.0, 0.0, 1.0, 0.6303864118576302, 1.0, 0.0, 0.0, 0.0, 0.0, 0.0, 0.0, 0.0]",104685,155668,N6,dismiss,-0.3,ts,2340,0
"[0.0918918918918919, -0.0918918918918919, 0.07421150278293136, -0.14040114613180515, -0.26666666666666666, 0.0, 0.0, 0.0, 1.0, 0.657929722960158, 1.0, 0.0, 0.0, 0.0, 0.0, 0.0, 0.0, 0.0]",63922,16725,N6,dismiss,-0.3,ts,1405,1
"[0.31034482758620696, -0.31034482758620696, -0.7581317764804003, -0.9132947976878613, -0.8941176470588235, 0.0, 0.0, 0.0, 1.0, 0.45178117677251567, 1.0, 0.0, 0.0, 0.0, 0.0, 0.0, 0.0, 0.0]",64502,70828,N6,dismiss,-0.3,ts,965,1
"[0.2, -0.07, -0.29684601113172543, 0.0, 0.0, 0.0, 0.0, 0.0, 1.0, 0.6866108486748183, 1.0, 0.0, 0.0, 0.0, 0.0, 0.0, 0.0, 0.0]",63919,48992,N6,dismiss,-0.3,ts,2279,0
"[0.14, -0.14, -0.323238566131026, 0.0, 0.0, 0.0, 0.0, 0.0, 1.0, 0.7065192485809642, 1.0, 0.0, 0.0, 0.0, 0.0, 0.0, 0.0, 0.0]",74215,69993,N6,accept,0.398,ts,440,0
"[0.5, -0.5, -0.0004992511233151054, 0.6666666666666666, 1.0, 0.0, 0.0, 0.0, 1.0, 0.6641713079633823, 1.0, 0.0, 0.0, 0.0, 0.0, 0.0, 0.0, 0.0]",107861,170190,N6,dismiss,-0.3,ts,1139,1
"[0.5636363636363637, -0.5636363636363637, 0.12023898431665417, -0.022535211267605635, 1.0, 0.0, 0.0, 0.0, 1.0, 0.743112048426343, 1.0, 0.0, 0.0, 0.0, 0.0, 0.0, 0.0, 0.0]",123260,107659,N6,accept,0.6945454545454546,ts,806,1
"[0.8, -0.8, 0.13333333333333333, 0.0, 0.0, 0.0, 0.0, 0.0, 1.0, 0.9115993194259686, 1.0, 0.0, 0.0, 0.0, 0.0, 0.0, 0.0, 0.0]",190833,51605,N6,accept,0.8599999999999999,ts,1446,0
"[0.16666666666666666, -0.16666666666666666, -0.5024964336661911, -0.38372093023255816, -0.25, 0.0, 0.0, 0.0, 1.0, 0.5450485691908178, 1.0, 0.0, 0.0, 0.0, 0.0, 0.0, 0.0, 0.0]",116466,84871,N6,dismiss,-0.3,ts,804,1
"[0.24242424242424238, -0.24242424242424238, -0.12539184952978058, 0.0, 0.05999999999999996, 0.0, 0.0, 0.0, 1.0, 0.7757794539884737, 1.0, 0.0, 0.0, 0.0, 0.0, 0.0, 0.0, 0.0]",182863,19612,N6,dismiss,-0.3,ts,895,1
"[0.625, -0.625, -0.2317548746518106, 0.016722408026755852, -0.07692307692307693, 0.0, 0.0, 0.0, 1.0, 0.8330090859287487, 1.0, 0.0, 0.0, 0.0, 0.0, 0.0, 0.0, 0.0]",174765,141757,N6,dismiss,-0.3,ts,2800,0
"[0.5698529411764707, -0.5698529411764707, -0.11764705882352941, 0.0, 0.0, 0.0, 0.0, 0.0, 1.0, 0.8814571990285176, 1.0, 0.0, 0.0, 0.0, 0.0, 0.0, 0.0, 0.0]",41870,131606,N6,dismiss,-0.3,ts,2855,1
"[0.7794117647058824, -0.7794117647058824, -0.45333333333333337, 0.43258426966292135, 0.05555555555555555, 0.0, 0.0, 0.0, 1.0, 0.7341439047632545, 1.0, 0.0, 0.0, 0.0, 0.0, 0.0, 0.0, 0.0]",138519,155668,N6,dismiss,-0.3,ts,408,0
"[0.1428571428571428, -0.1428571428571428, -0.5157142857142857, 0.14042553191489363, 0.13793103448275862, 0.0, 0.0, 0.0, 1.0, 0.6011744660666115, 1.0, 0.0, 0.0, 0.0, 0.0, 0.0, 0.0, 0.0]",104679,120916,N6,dismiss,-0.3,ts,1110,1
"[0.16666666666666663, -0.16666666666666663, -0.27368421052631575, 0.24615384615384617, 0.1, 0.0, 0.0, 0.0, 1.0, 0.6414154389791059, 1.0, 0.0, 0.0, 0.0, 0.0, 0.0, 0.0, 0.0]",87131,146547,N6,dismiss,-0.3,ts,2604,1
"[0.6909090909090909, -0.6909090909090909, 0.0, -0.32075471698113206, -0.11999999999999997, 0.0, 0.0, 0.0, 1.0, 0.8410807546925714, 1.0, 0.0, 0.0, 0.0, 0.0, 0.0, 0.0, 0.0]",122719,189308,N6,dismiss,-0.3,ts,2223,0
"[0.7580645161290323, -0.7580645161290323, 0.08958837772397098, 0.011299435028248588, 0.7910447761194029, 0.0, 0.0, 0.0, 1.0, 0.7980301280766156, 1.0, 0.0, 0.0, 0.0, 0.0, 0.0, 0.0, 0.0]",43382,151849,N6,dismiss,-0.3,ts,1941,0
"[0.46153846153846156, -0.46153846153846156, -0.7518796992481204, -0.03125, 0.11999999999999993, 0.0, 0.0, 0.0, 1.0, 0.7032303327527926, 1.0, 0.0, 0.0, 0.0, 0.0, 0.0, 0.0, 0.0]",175226,122732,N6,accept,0.6230769230769231,ts,488,0
"[0.25000000000000006, -0.25000000000000006, -0.06666666666666667, 0.52, -0.25999999999999995, 0.0, 0.0, 0.0, 1.0, 0.6568202978856322, 1.0, 0.0, 0.0, 0.0, 0.0, 0.0, 0.0, 0.0]",18330,118798,N6,dismiss,-0.3,ts,485,1
"[0.12499999999999988, -0.12499999999999988, 0.0, -0.5504201680672269, 0.3333333333333333, 0.0, 0.0, 0.0, 1.0, 0.6232345894713751, 1.0, 0.0, 0.0, 0.0, 0.0, 0.0, 0.0, 0.0]",139806,78135,N6,dismiss,-0.3,ts,854,1
"[0.2380952380952381, -0.2380952380952381, -0.1721428571428571, -0.2979591836734694, 0.1111111111111111, 0.0, 0.0, 0.0, 1.0, 0.6801880575519375, 1.0, 0.0, 0.0, 0.0, 0.0, 0.0, 0.0, 0.0]",166142,73628,N6,dismiss,-0.3,ts,1383,1
"[0.13333333333333344, -0.13333333333333344, -0.1, -0.75, -0.44000000000000006, 0.0, 0.0, 0.0, 1.0, 0.5587769414463242, 1.0, 0.0, 0.0, 0.0, 0.0, 0.0, 0.0, 0.0]",70105,79461,N6,dismiss,-0.3,ts,667,0
"[0.18367346938775517, -0.18367346938775517, 0.1798355380765106, 0.04938271604938271, -0.2, 0.0, 0.0, 0.0, 1.0, 0.6932086053533111, 1.0, 0.0, 0.0, 0.0, 0.0, 0.0, 0.0, 0.0]",135547,72620,N6,dismiss,-0.3,ts,1185,1
"[0.3333333333333333, -0.3333333333333333, 0.05993340732519433, 0.05747126436781609, 0.25, 0.0, 0.0, 0.0, 1.0, 0.7676292081480712, 1.0, 0.0, 0.0, 0.0, 0.0, 0.0, 0.0, 0.0]",155692,146668,N6,dismiss,-0.3,ts,964,1
"[0.5599999999999999, -0.5599999999999999, 0.08671484157865494, 0.16666666666666666, -0.3181818181818182, 0.0, 0.0, 0.0, 1.0, 0.7764692173315576, 1.0, 0.0, 0.0, 0.0, 0.0, 0.0, 0.0, 0.0]",183166,88363,N6,accept,0.692,ts,1626,1
"[0.20000000000000007, -0.20000000000000007, -0.5004694835680751, -0.028409090909090908, -0.08333333333333333, 0.0, 0.0, 0.0, 1.0, 0.6650221215675229, 1.0, 0.0, 0.0, 0.0, 0.0, 0.0, 0.0, 0.0]",43334,107170,N6,dismiss,-0.3,ts,2054,1
"[0.52, -0.52, 0.0, 0.0, 0.0, 0.0, 0.0, 0.0, 1.0, 0.9131766764904976, 1.0, 0.0, 0.0, 0.0, 0.0, 0.0, 0.0, 0.0]",141766,141753,N6,dismiss,-0.3,ts,1332,0
"[0.5636363636363637, -0.5636363636363637, -0.08565072302558394, -0.022408963585434174, 0.6666666666666666, 0.0, 0.0, 0.0, 1.0, 0.7736506522322145, 1.0, 0.0, 0.0, 0.0, 0.0, 0.0, 0.0, 0.0]",166050,108839,N6,dismiss,-0.3,ts,2512,1
"[0.16666666666666663, -0.16666666666666663, 0.11098779134295228, -0.11282051282051282, -0.020000000000000018, 0.0, 0.0, 0.0, 1.0, 0.7352357426409654, 1.0, 0.0, 0.0, 0.0, 0.0, 0.0, 0.0, 0.0]",83435,87100,N6,dismiss,-0.3,ts,2289,1
"[0.8571428571428572, -0.8571428571428572, 0.0, 0.059748427672955975, -0.33802816901408445, 0.0, 0.0, 0.0, 1.0, 0.8738978396594365, 1.0, 0.0, 0.0, 0.0, 0.0, 0.0, 0.0, 0.0]",57280,57278,N6,dismiss,-0.3,ts,1236,1
"[0.3, -0.3, -0.602897102897103, 0.0, 0.6200000000000001, 0.0, 0.0, 0.0, 1.0, 0.608773199379965, 1.0, 0.0, 0.0, 0.0, 0.0, 0.0, 0.0, 0.0]",117054,105872,N6,dismiss,-0.3,ts,1171,1
"[0.20000000000000004, -0.20000000000000004, 0.21428571428571427, -0.75, -0.44000000000000006, 0.0, 0.0, 0.0, 1.0, 0.5488029253936105, 1.0, 0.0, 0.0, 0.0, 0.0, 0.0, 0.0, 0.0]",39150,18334,N6,dismiss,-0.3,ts,2249,0
"[0.1250000000000001, -0.1250000000000001, 0.0858394160583941, 0.0, 0.0, 0.0, 0.0, 0.0, 1.0, 0.7647832266303307, 1.0, 0.0, 0.0, 0.0, 0.0, 0.0, 0.0, 0.0]",29519,55412,N6,accept,0.38750000000000007,ts,827,1
"[0.75, -0.75, -0.2602602602602602, 0.0165016501650165, -0.632, 0.0, 0.0, 0.0, 1.0, 0.7586760576708721, 1.0, 0.0, 0.0, 0.0, 0.0, 0.0, 0.0, 0.0]",158417,140660,N6,accept,0.825,ts,1980,0
"[0.14, -0.14, -0.16016016016016016, 0.0, 0.0, 0.0, 0.0, 0.0, 1.0, 0.7469249197385348, 1.0, 0.0, 0.0, 0.0, 0.0, 0.0, 0.0, 0.0]",93922,79362,N6,accept,0.398,ts,635,0
"[0.14285714285714285, -0.14285714285714285, 0.13333333333333333, 1.0, -0.23809523809523808, 0.0, 0.0, 0.0, 1.0, 0.5596889746063702, 1.0, 0.0, 0.0, 0.0, 0.0, 0.0, 0.0, 0.0]",175348,113825,N6,dismiss,-0.3,ts,2731,0
"[0.2727272727272727, -0.2727272727272727, -0.07061958694203868, -0.03690036900369004, -0.0117647058823529, 0.0, 0.0, 0.0, 1.0, 0.8064217516346286, 1.0, 0.0, 0.0, 0.0, 0.0, 0.0, 0.0, 0.0]",81453,81449,N6,dismiss,-0.3,ts,560,0
"[0.5, -0.5, -0.2669094693028095, -0.2636363636363636, 0.31999999999999995, 0.0, 0.0, 0.0, 1.0, 0.6936852507840782, 1.0, 0.0, 0.0, 0.0, 0.0, 0.0, 0.0, 0.0]",191662,154734,N6,dismiss,-0.3,ts,2269,1
"[0.19999999999999998, -0.19999999999999998, -0.486409155937053, 0.07898894154818326, -0.06, 0.0, 0.0, 0.0, 1.0, 0.6595497522177493, 1.0, 0.0, 0.0, 0.0, 0.0, 0.0, 0.0, 0.0]",19708,154246,N6,dismiss,-0.3,ts,1117,1
"[0.415625, -0.415625, 0.1312500000000001, 0.0, 0.0, 0.0, 0.0, 0.0, 1.0, 0.8422044928641546, 1.0, 0.0, 0.0, 0.0, 0.0, 0.0, 0.0, 0.0]",152518,15139,N6,dismiss,-0.3,ts,2169,1
"[0.0555555555555556, -0.0555555555555556, -0.44341372912801486, 0.01764705882352941, 0.0, 0.0, 0.0, 0.0, 1.0, 0.6479755888896072, 1.0, 0.0, 0.0, 0.0, 0.0, 0.0, 0.0, 0.0]",123848,105724,N6,dismiss,-0.3,ts,578,1
"[0.28571428571428564, -0.28571428571428564, -0.39499865555256786, -0.058823529411764705, 0.1, 0.0, 0.0, 0.0, 1.0, 0.6979619658365656, 1.0, 0.0, 0.0, 0.0, 0.0, 0.0, 0.0, 0.0]",55412,141632,N6,dismiss,-0.3,ts,1302,1
"[0.55, -0.55, -0.2548571428571429, -0.48467966573816157, -0.24000000000000005, 0.0, 0.0, 0.0, 1.0, 0.689295366053959, 1.0, 0.0, 0.0, 0.0, 0.0, 0.0, 0.0, 0.0]",85164,128279,N6,dismiss,-0.3,ts,904,1
"[0.5599999999999999, -0.5599999999999999, 0.1733193277310925, -0.03260869565217391, -0.21428571428571427, 0.0, 0.0, 0.0, 1.0, 0.8011098453972897, 1.0, 0.0, 0.0, 0.0, 0.0, 0.0, 0.0, 0.0]",87447,85282,N6,accept,0.692,ts,1763,0
"[0.25, -0.25, 0.0, -0.005747126436781609, -0.16666666666666666, 0.0, 0.0, 0.0, 1.0, 0.7953547792253595, 1.0, 0.0, 0.0, 0.0, 0.0, 0.0, 0.0, 0.0]",117105,117045,N6,dismiss,-0.3,ts,1944,0
"[0.19999999999999993, -0.19999999999999993, 0.06666666666666667, 0.02, -0.16, 0.0, 0.0, 0.0, 1.0, 0.7509035883553894, 1.0, 0.0, 0.0, 0.0, 0.0, 0.0, 0.0, 0.0]",71728,40998,N6,dismiss,-0.3,ts,1315,0
"[0.20000000000000004, -0.20000000000000004, -0.634703196347032, 0.07407407407407407, -0.74, 0.0, 0.0, 0.0, 1.0, 0.5425189848892313, 1.0, 0.0, 0.0, 0.0, 0.0, 0.0, 0.0, 0.0]",19598,106004,N6,accept,0.44,ts,765,0
"[0.20000000000000007, -0.20000000000000007, -0.20398009950248752, -0.03064066852367688, -0.04, 0.0, 0.0, 0.0, 1.0, 0.7353804625909484, 1.0, 0.0, 0.0, 0.0, 0.0, 0.0, 0.0, 0.0]",30201,32065,N6,dismiss,-0.3,ts,905,1
"[0.09999999999999991, -0.09999999999999991, -0.715307582260372, 0.0, 0.0, 0.0, 0.0, 0.0, 1.0, 0.6350536090371364, 1.0, 0.0, 0.0, 0.0, 0.0, 0.0, 0.0, 0.0]",16689,16809,N6,dismiss,-0.3,ts,1942,0
"[0.33333333333333337, -0.33333333333333337, -0.05657142857142848, 0.2238372093023256, 0.037037037037037035, 0.0, 0.0, 0.0, 1.0, 0.779291250461128, 1.0, 0.0, 0.0, 0.0, 0.0, 0.0, 0.0, 0.0]",169335,61314,N6,dismiss,-0.3,ts,615,1
"[0.1250000000000001, -0.1250000000000001, 0.16218749999999993, 0.0, 0.0, 0.0, 0.0, 0.0, 1.0, 0.7409291148542603, 1.0, 0.0, 0.0, 0.0, 0.0, 0.0, 0.0, 0.0]",152421,55412,N6,dismiss,-0.3,ts,2004,0
"[0.12499999999999988, -0.12499999999999988, 0.03177124702144559, -0.23684210526315788, 0.10526315789473684, 0.0, 0.0, 0.0, 1.0, 0.6989493880617605, 1.0, 0.0, 0.0, 0.0, 0.0, 0.0, 0.0, 0.0]",144703,144702,N6,dismiss,-0.3,ts,2644,1
"[0.3548387096774194, -0.3548387096774194, -0.535437760571769, -1.0, -1.0, 0.0, 0.0, 0.0, 1.0, 0.48091857104383345, 1.0, 0.0, 0.0, 0.0, 0.0, 0.0, 0.0, 0.0]",64515,174937,N6,dismiss,-0.3,ts,1826,1
"[0.10714285714285703, -0.10714285714285703, -0.15714899098325463, 0.0, 0.0, 0.0, 0.0, 0.0, 1.0, 0.7358964590411524, 1.0, 0.0, 0.0, 0.0, 0.0, 0.0, 0.0, 0.0]",141736,90181,N6,dismiss,-0.3,ts,689,1
"[0.01111111111111112, -0.01111111111111112, -0.3, -0.3541666666666667, -0.13999999999999999, 0.0, 0.0, 0.0, 1.0, 0.5511658124955352, 1.0, 0.0, 0.0, 0.0, 0.0, 0.0, 0.0, 0.0]",155816,79360,N6,dismiss,-0.3,ts,2708,1
"[0.10000000000000009, -0.10000000000000009, -0.2588235294117647, -0.975, -0.52, 0.0, 0.0, 0.0, 1.0, 0.48076478481180795, 1.0, 0.0, 0.0, 0.0, 0.0, 0.0, 0.0, 0.0]",91074,16650,N6,dismiss,-0.3,ts,2119,0
"[0.4545454545454546, -0.4545454545454546, -0.33569530558015936, 0.11781609195402298, 1.0, 0.0, 0.0, 0.0, 1.0, 0.6391855058788714, 1.0, 0.0, 0.0, 0.0, 0.0, 0.0, 0.0, 0.0]",31973,107588,N6,dismiss,-0.3,ts,2176,1
"[0.1666666666666667, -0.1666666666666667, -0.13333333333333333, -0.04, -0.039999999999999994, 0.0, 0.0, 0.0, 1.0, 0.7413502371898478, 1.0, 0.0, 0.0, 0.0, 0.0, 0.0, 0.0, 0.0]",40383,156539,N6,dismiss,-0.3,ts,999,0
"[0.40476190476190477, -0.40476190476190477, -0.5314285714285715, 0.12334801762114538, -0.13636363636363635, 0.0, 0.0, 0.0, 1.0, 0.686023442316458, 1.0, 0.0, 0.0, 0.0, 0.0, 0.0, 0.0, 0.0]",169062,155668,N6,dismiss,-0.3,ts,830,0
"[0.2, -0.2, -0.1303083187899943, -0.20642201834862386, 0.17647058823529413, 0.0, 0.0, 0.0, 1.0, 0.6816010089954423, 1.0, 0.0, 0.0, 0.0, 0.0, 0.0, 0.0, 0.0]",81396,158410,N6,accept,0.43999999999999995,ts,1849,1
"[0.8944444444444444, -0.8944444444444444, 0.0, -0.02, 0.0, 0.0, 0.0, 0.0, 1.0, 0.962136410518863, 1.0, 0.0, 0.0, 0.0, 0.0, 0.0, 0.0, 0.0]",89731,83441,N6,dismiss,-0.3,ts,2152,0
"[0.25, -0.25, 0.15037593984962405, 0.1617161716171617, -0.84, 0.0, 0.0, 0.0, 1.0, 0.6241468682869148, 1.0, 0.0, 0.0, 0.0, 0.0, 0.0, 0.0, 0.0]",169373,135617,N6,dismiss,-0.3,ts,756,1
"[0.3636363636363637, -0.3636363636363637, 0.0, 0.061046511627906974, 0.0, 0.0, 0.0, 0.0, 1.0, 0.8570363402900383, 1.0, 0.0, 0.0, 0.0, 0.0, 0.0, 0.0, 0.0]",123210,123174,N6,dismiss,-0.3,ts,714,0
"[0.3636363636363637, -0.3636363636363637, 0.0, 0.0, 0.0, 0.0, 0.0, 0.0, 1.0, 0.8742764353476687, 1.0, 0.0, 0.0, 0.0, 0.0, 0.0, 0.0, 0.0]",123548,123174,N6,accept,0.5545454545454546,ts,635,0
"[0.5636363636363637, -0.5636363636363637, -0.16666666666666666, -0.0169971671388102, 0.5714285714285714, 0.0, 0.0, 0.0, 1.0, 0.7583006312428955, 1.0, 0.0, 0.0, 0.0, 0.0, 0.0, 0.0, 0.0]",87720,107659,N6,dismiss,-0.3,ts,443,1
"[0.10714285714285712, -0.10714285714285712, -0.0750938673341677, 0.0, 0.0, 0.0, 0.0, 0.0, 1.0, 0.7619454645957421, 1.0, 0.0, 0.0, 0.0, 0.0, 0.0, 0.0, 0.0]",115245,115244,N6,dismiss,-0.3,ts,1502,0
"[0.44999999999999996, -0.44999999999999996, -0.2488262910798122, 0.0027100271002710027, -0.1, 0.0, 0.0, 0.0, 1.0, 0.7906548408333081, 1.0, 0.0, 0.0, 0.0, 0.0, 0.0, 0.0, 0.0]",43370,107308,N6,dismiss,-0.3,ts,1411,1
"[0.32919254658385094, -0.32919254658385094, 0.0, -0.17801047120418848, -0.2631578947368421, 0.0, 0.0, 0.0, 1.0, 0.757989917414392, 1.0, 0.0, 0.0, 0.0, 0.0, 0.0, 0.0, 0.0]",103705,145523,N6,accept,0.5304347826086957,ts,1717,0
"[0.8530612244897959, -0.8530612244897959, -0.4003639672429481, 0.4482758620689655, 0.47619047619047616, 0.0, 0.0, 0.0, 1.0, 0.6729637351096623, 1.0, 0.0, 0.0, 0.0, 0.0, 0.0, 0.0, 0.0]",180522,170138,N6,dismiss,-0.3,ts,1889,0
"[0.55, -0.55, 0.0, 0.006872852233676976, 0.0, 0.0, 0.0, 0.0, 1.0, 0.9173977756641208, 1.0, 0.0, 0.0, 0.0, 0.0, 0.0, 0.0, 0.0]",106148,106147,N6,dismiss,-0.3,ts,933,0
"[0.2941176470588236, -0.2941176470588236, 0.0, 1.0, 0.48, 0.0, 0.0, 0.0, 1.0, 0.6188615559348754, 1.0, 0.0, 0.0, 0.0, 0.0, 0.0, 0.0, 0.0]",51575,50956,N6,dismiss,-0.3,ts,1530,0
"[0.5636363636363637, -0.5636363636363637, -0.5305164319248826, -0.014204545454545454, 0.8333333333333334, 0.0, 0.0, 0.0, 1.0, 0.6655214074228695, 1.0, 0.0, 0.0, 0.0, 0.0, 0.0, 0.0, 0.0]",74280,107659,N6,dismiss,-0.3,ts,454,1
"[0.25, -0.25, -0.25925925925925924, 0.048484848484848485, 0.041666666666666664, 0.0, 0.0, 0.0, 1.0, 0.7328139323987184, 1.0, 0.0, 0.0, 0.0, 0.0, 0.0, 0.0, 0.0]",142494,117045,N6,accept,0.475,ts,531,0
"[0.4583333333333333, -0.4583333333333333, -0.327319587628866, 0.22, 0.24000000000000005, 0.0, 0.0, 0.0, 1.0, 0.692442265593947, 1.0, 0.0, 0.0, 0.0, 0.0, 0.0, 0.0, 0.0]",151790,123325,N6,dismiss,-0.3,ts,444,1
"[0.3636363636363637, -0.3636363636363637, -0.6721311475409836, 1.0, 1.0, 0.0, 0.0, 0.0, 1.0, 0.4377984245192624, 1.0, 0.0, 0.0, 0.0, 0.0, 0.0, 0.0, 0.0]",79856,123174,N6,dismiss,-0.3,ts,1456,0
"[0.7531428571428572, -0.7531428571428572, -0.05604534005037787, 0.028169014084507043, -0.21052631578947367, 0.0, 0.0, 0.0, 1.0, 0.8717592703986687, 1.0, 0.0, 0.0, 0.0, 0.0, 0.0, 0.0, 0.0]",89666,128284,N6,dismiss,-0.3,ts,1331,1
"[0.8058823529411764, -0.8058823529411764, 0.057401812688821705, 0.376, -0.1, 0.0, 0.0, 0.0, 1.0, 0.8309128277453596, 1.0, 0.0, 0.0, 0.0, 0.0, 0.0, 0.0, 0.0]",61306,169335,N6,dismiss,-0.3,ts,1296,0
"[0.09999999999999996, -0.09999999999999996, 0.0, 0.03870967741935484, -0.045454545454545456, 0.0, 0.0, 0.0, 1.0, 0.7630116146408217, 1.0, 0.0, 0.0, 0.0, 0.0, 0.0, 0.0, 0.0]",111130,108202,N6,dismiss,-0.3,ts,633,0
"[0.4432989690721649, -0.4432989690721649, -0.2631578947368421, -0.08454810495626822, -0.46153846153846156, 0.0, 0.0, 0.0, 1.0, 0.6998256490951412, 1.0, 0.0, 0.0, 0.0, 0.0, 0.0, 0.0, 0.0]",104962,145523,N6,accept,0.6103092783505154,ts,831,0
"[0.20000000000000004, -0.20000000000000004, -0.6334862385321101, 1.0, -0.375, 0.0, 0.0, 0.0, 1.0, 0.4619288527237778, 1.0, 0.0, 0.0, 0.0, 0.0, 0.0, 0.0, 0.0]",143384,139806,N6,dismiss,-0.3,ts,698,1
"[0.9421428571428572, -0.9421428571428572, -0.3604, 0.09917355371900827, -0.4672131147540983, 0.0, 0.0, 0.0, 1.0, 0.7512507405087534, 1.0, 0.0, 0.0, 0.0, 0.0, 0.0, 0.0, 0.0]",81542,128247,N6,dismiss,-0.3,ts,1829,1
"[0.17857142857142852, -0.17857142857142852, -0.6495619524405507, 0.16109422492401215, -0.24, 0.0, 0.0, 0.0, 1.0, 0.5714633308355492, 1.0, 0.0, 0.0, 0.0, 0.0, 0.0, 0.0, 0.0]",158420,103705,N6,dismiss,-0.3,ts,664,1
"[0.11111111111111115, -0.11111111111111115, -0.19748953974895392, 0.4628099173553719, -0.25, 0.0, 0.0, 0.0, 1.0, 0.5764463855064232, 1.0, 0.0, 0.0, 0.0, 0.0, 0.0, 0.0, 0.0]",86760,185391,N6,dismiss,-0.3,ts,2350,1
"[0.25, -0.25, -0.5940460081190798, -0.0546448087431694, 1.0, 0.0, 0.0, 0.0, 1.0, 0.5370968143236092, 1.0, 0.0, 0.0, 0.0, 0.0, 0.0, 0.0, 0.0]",189368,117045,N6,accept,0.475,ts,2049,0
"[0.45, -0.45, 0.0, 0.31196581196581197, -0.2830188679245283, 0.0, 0.0, 0.0, 1.0, 0.7626054500386172, 1.0, 0.0, 0.0, 0.0, 0.0, 0.0, 0.0, 0.0]",123829,69980,N6,dismiss,-0.3,ts,2100,1
"[0.6848739495798319, -0.6848739495798319, -0.17794486215538852, 1.0, 0.0, 0.0, 0.0, 0.0, 1.0, 0.7335761080901412, 1.0, 0.0, 0.0, 0.0, 0.0, 0.0, 0.0, 0.0]",185563,155668,N6,dismiss,-0.3,ts,1816,0
"[0.1500000000000001, -0.1500000000000001, 0.2222222222222222, -0.4375, -0.1, 0.0, 0.0, 0.0, 1.0, 0.6188946105740755, 1.0, 0.0, 0.0, 0.0, 0.0, 0.0, 0.0, 0.0]",30711,189308,N6,dismiss,-0.3,ts,592,0
"[0.3636363636363637, -0.3636363636363637, -0.6721311475409836, 1.0, 1.0, 0.0, 0.0, 0.0, 1.0, 0.4377984245192624, 1.0, 0.0, 0.0, 0.0, 0.0, 0.0, 0.0, 0.0]",79856,123174,N6,dismiss,-0.3,ts,897,0
"[0.3888888888888889, -0.3888888888888889, -0.46507483962936563, 0.20416666666666666, 0.0235294117647058, 0.0, 0.0, 0.0, 1.0, 0.7029881973731301, 1.0, 0.0, 0.0, 0.0, 0.0, 0.0, 0.0, 0.0]",127487,114138,N6,accept,0.5722222222222222,ts,595,0
"[0.375, -0.375, -0.4360603653693408, 0.0, 0.0, 0.0, 0.0, 0.0, 1.0, 0.7610702948879243, 1.0, 0.0, 0.0, 0.0, 0.0, 0.0, 0.0, 0.0]",127415,170956,N6,accept,0.5625,ts,838,1
"[0.25, -0.25, -0.24812030075187969, 0.005813953488372093, 0.041666666666666664, 0.0, 0.0, 0.0, 1.0, 0.7476249554836153, 1.0, 0.0, 0.0, 0.0, 0.0, 0.0, 0.0, 0.0]",174772,117045,N6,accept,0.475,ts,2287,0
"[0.0769230769230768, -0.0769230769230768, 0.2, -0.75, -0.44000000000000006, 0.0, 0.0, 0.0, 1.0, 0.5084697864372832, 1.0, 0.0, 0.0, 0.0, 0.0, 0.0, 0.0, 0.0]",131606,81128,N6,dismiss,-0.3,ts,744,0
"[0.8571428571428572, -0.8571428571428572, 0.0, 0.0, 0.0, 0.0, 0.0, 0.0, 1.0, 0.9644999904246006, 1.0, 0.0, 0.0, 0.0, 0.0, 0.0, 0.0, 0.0]",16649,16650,N6,accept,0.8999999999999999,ts,2456,0
"[0.1666666666666667, -0.1666666666666667, -0.13333333333333333, -0.04, -0.039999999999999994, 0.0, 0.0, 0.0, 1.0, 0.7413502371898478, 1.0, 0.0, 0.0, 0.0, 0.0, 0.0, 0.0, 0.0]",40383,156539,N6,accept,0.4166666666666667,ts,1516,0
"[0.023255813953488292, -0.023255813953488292, 0.05212816834050693, 0.08609271523178808, 0.0571428571428572, 0.0, 0.0, 0.0, 1.0, 0.6989901745905753, 1.0, 0.0, 0.0, 0.0, 0.0, 0.0, 0.0, 0.0]",115226,152287,N6,dismiss,-0.3,ts,2130,1
"[0.5636363636363637, -0.5636363636363637, -0.43762441937624424, -0.011396011396011397, 0.5714285714285714, 0.0, 0.0, 0.0, 1.0, 0.6999793451980172, 1.0, 0.0, 0.0, 0.0, 0.0, 0.0, 0.0, 0.0]",43335,108828,N6,dismiss,-0.3,ts,434,0
"[0.6097560975609756, -0.6097560975609756, 0.08774474256707766, 0.4117647058823529, 0.08333333333333333, 0.0, 0.0, 0.0, 1.0, 0.7914507604149708, 1.0, 0.0, 0.0, 0.0, 0.0, 0.0, 0.0, 0.0]",141752,90182,N6,dismiss,-0.3,ts,1015,1
"[0.64, -0.64, -0.21645796064400719, -0.5691489361702128, 0.4, 0.0, 0.0, 0.0, 1.0, 0.681246145030448, 1.0, 0.0, 0.0, 0.0, 0.0, 0.0, 0.0, 0.0]",19596,19598,N6,dismiss,-0.3,ts,1066,0
"[0.10000000000000007, -0.10000000000000007, 0.06963706107996458, 0.0, 0.0, 0.0, 0.0, 0.0, 1.0, 0.7612191608786749, 1.0, 0.0, 0.0, 0.0, 0.0, 0.0, 0.0, 0.0]",134112,134111,N6,accept,0.37000000000000005,ts,1652,0
"[0.32919254658385094, -0.32919254658385094, 0.0, -0.17801047120418848, -0.2631578947368421, 0.0, 0.0, 0.0, 1.0, 0.757989917414392, 1.0, 0.0, 0.0, 0.0, 0.0, 0.0, 0.0, 0.0]",103705,145523,N6,accept,0.5304347826086957,ts,964,0
"[0.8944444444444444, -0.8944444444444444, 0.0, -0.02, 0.0, 0.0, 0.0, 0.0, 1.0, 0.962136410518863, 1.0, 0.0, 0.0, 0.0, 0.0, 0.0, 0.0, 0.0]",89731,83441,N6,dismiss,-0.3,ts,2696,0
"[0.20000000000000007, -0.20000000000000007, -0.06259780907668232, 0.017045454545454544, -0.4166666666666667, 0.0, 0.0, 0.0, 1.0, 0.7094552875739797, 1.0, 0.0, 0.0, 0.0, 0.0, 0.0, 0.0, 0.0]",57376,135483,N6,dismiss,-0.3,ts,839,1
"[0.25, -0.25, 0.0, -0.008595988538681949, 0.08695652173913043, 0.0, 0.0, 0.0, 1.0, 0.8130880893622596, 1.0, 0.0, 0.0, 0.0, 0.0, 0.0, 0.0, 0.0]",57106,117045,N6,accept,0.475,ts,1640,0
"[0.5636363636363637, -0.5636363636363637, -0.4854460093896713, -0.008522727272727272, 0.6666666666666666, 0.0, 0.0, 0.0, 1.0, 0.6849252666327348, 1.0, 0.0, 0.0, 0.0, 0.0, 0.0, 0.0, 0.0]",74281,108839,N6,accept,0.6945454545454546,ts,1852,1
"[0.4444444444444445, -0.4444444444444445, 0.17096774193548378, -0.18, -0.58, 0.0, 0.0, 0.0, 1.0, 0.6894489194008218, 1.0, 0.0, 0.0, 0.0, 0.0, 0.0, 0.0, 0.0]",81420,132873,N6,dismiss,-0.3,ts,1048,0
"[0.20000000000000007, -0.20000000000000007, -0.13533333333333328, -0.17647058823529413, 0.2, 0.0, 0.0, 0.0, 1.0, 0.6813430872729247, 1.0, 0.0, 0.0, 0.0, 0.0, 0.0, 0.0, 0.0]",89764,107554,N6,dismiss,-0.3,ts,2550,1
"[0.4583333333333333, -0.4583333333333333, -0.3461377870563674, 0.02, 0.07999999999999999, 0.0, 0.0, 0.0, 1.0, 0.7711205717282401, 1.0, 0.0, 0.0, 0.0, 0.0, 0.0, 0.0, 0.0]",141805,123325,N6,dismiss,-0.3,ts,2706,0
"[0.25, -0.25, 0.13333333333333333, 1.0, -0.23809523809523808, 0.0, 0.0, 0.0, 1.0, 0.600354712283968, 1.0, 0.0, 0.0, 0.0, 0.0, 0.0, 0.0, 0.0]",139964,113825,N6,dismiss,-0.3,ts,2197,0
"[0.07692307692307684, -0.07692307692307684, -0.1872881355932203, 0.4411764705882353, -0.2916666666666667, 0.0, 0.0, 0.0, 1.0, 0.5620114161518501, 1.0, 0.0, 0.0, 0.0, 0.0, 0.0, 0.0, 0.0]",92709,115240,N6,dismiss,-0.3,ts,883,0
"[0.28571428571428575, -0.28571428571428575, -0.37421777221526914, 0.11009174311926606, 0.016666666666666607, 0.0, 0.0, 0.0, 1.0, 0.7110910595771532, 1.0, 0.0, 0.0, 0.0, 0.0, 0.0, 0.0, 0.0]",115245,81542,N6,dismiss,-0.3,ts,1755,1
"[0.712, -0.712, -0.7137745974955277, -0.5372340425531915, -0.33999999999999997, 0.0, 0.0, 0.0, 1.0, 0.6223703109041507, 1.0, 0.0, 0.0, 0.0, 0.0, 0.0, 0.0, 0.0]",19596,106004,N6,dismiss,-0.3,ts,1429,1
"[0.35000000000000003, -0.35000000000000003, -0.20040080160320642, 0.3888888888888889, 0.12000000000000002, 0.0, 0.0, 0.0, 1.0, 0.6912520884850263, 1.0, 0.0, 0.0, 0.0, 0.0, 0.0, 0.0, 0.0]",44266,110599,N6,accept,0.5449999999999999,ts,1046,0
"[0.5, -0.5, -0.45273631840796025, -0.04619565217391304, 1.0, 0.0, 0.0, 0.0, 1.0, 0.633887690428714, 1.0, 0.0, 0.0, 0.0, 0.0, 0.0, 0.0, 0.0]",174790,151839,N6,dismiss,-0.3,ts,2903,1
"[0.5636363636363637, -0.5636363636363637, 0.23253903040262944, 0.005797101449275362, 0.8333333333333334, 0.0, 0.0, 0.0, 1.0, 0.7243913063121337, 1.0, 0.0, 0.0, 0.0, 0.0, 0.0, 0.0, 0.0]",123006,107659,N6,dismiss,-0.3,ts,2361,1
"[0.7, -0.7, -0.3508771929824562, 0.4847161572052402, -0.49375, 0.0, 0.0, 0.0, 1.0, 0.6573653265668035, 1.0, 0.0, 0.0, 0.0, 0.0, 0.0, 0.0, 0.0]",185375,145532,N6,dismiss,-0.3,ts,826,0
"[0.64, -0.64, -0.0346408558329088, -0.05, -0.17272727272727276, 0.0, 0.0, 0.0, 1.0, 0.8645923634066793, 1.0, 0.0, 0.0, 0.0, 0.0, 0.0, 0.0, 0.0]",90181,49005,N6,dismiss,-0.3,ts,1834,0
"[0.1666666666666667, -0.1666666666666667, 0.0, 0.3, 0.22000000000000003, 0.0, 0.0, 0.0, 1.0, 0.6901568741775026, 1.0, 0.0, 0.0, 0.0, 0.0, 0.0, 0.0, 0.0]",29439,61090,N6,dismiss,-0.3,ts,1332,0
"[0.294478527607362, -0.294478527607362, 0.22798887859128833, -0.025, -0.11392405063291143, 0.0, 0.0, 0.0, 1.0, 0.7426536066065215, 1.0, 0.0, 0.0, 0.0, 0.0, 0.0, 0.0, 0.0]",15663,39517,N6,dismiss,-0.3,ts,1953,1
"[0.3636363636363637, -0.3636363636363637, -0.24791666666666665, -0.07027027027027027, 1.0, 0.0, 0.0, 0.0, 1.0, 0.6415169590174974, 1.0, 0.0, 0.0, 0.0, 0.0, 0.0, 0.0, 0.0]",107308,123439,N6,dismiss,-0.3,ts,613,0
"[0.3636363636363637, -0.3636363636363637, 0.0, 0.061046511627906974, 0.0, 0.0, 0.0, 0.0, 1.0, 0.8570363402900383, 1.0, 0.0, 0.0, 0.0, 0.0, 0.0, 0.0, 0.0]",123043,123174,N6,dismiss,-0.3,ts,2623,0
"[0.14000000000000004, -0.14000000000000004, -0.1320049813200498, 0.46601941747572817, 0.22807017543859645, 0.0, 0.0, 0.0, 1.0, 0.609456050709879, 1.0, 0.0, 0.0, 0.0, 0.0, 0.0, 0.0, 0.0]",59415,115226,N6,accept,0.398,ts,1523,0
"[0.2, -0.2, -0.3347401155042204, -0.5778546712802768, 0.46153846153846156, 0.0, 0.0, 0.0, 1.0, 0.5320424033910545, 1.0, 0.0, 0.0, 0.0, 0.0, 0.0, 0.0, 0.0]",179677,185524,N6,dismiss,-0.3,ts,2890,1
"[0.09090909090909098, -0.09090909090909098, -0.4600811907983762, 0.008797653958944282, 0.0, 0.0, 0.0, 0.0, 1.0, 0.6609558164435813, 1.0, 0.0, 0.0, 0.0, 0.0, 0.0, 0.0, 0.0]",30023,174773,N6,dismiss,-0.3,ts,1714,1
"[0.1250000000000001, -0.1250000000000001, 0.16218749999999993, 0.0, 0.0, 0.0, 0.0, 0.0, 1.0, 0.7409291148542603, 1.0, 0.0, 0.0, 0.0, 0.0, 0.0, 0.0, 0.0]",152421,55412,N6,dismiss,-0.3,ts,470,0
"[0.09999999999999998, -0.09999999999999998, 0.0027855153203343017, -0.002881844380403458, 0.2727272727272727, 0.0, 0.0, 0.0, 1.0, 0.7221848253923066, 1.0, 0.0, 0.0, 0.0, 0.0, 0.0, 0.0, 0.0]",82377,111476,N6,accept,0.37,ts,1869,0
"[0.41176470588235287, -0.41176470588235287, -0.15164369034994696, 0.12, 0.24, 0.0, 0.0, 0.0, 1.0, 0.7458609741032868, 1.0, 0.0, 0.0, 0.0, 0.0, 0.0, 0.0, 0.0]",56971,58615,N6,dismiss,-0.3,ts,1851,0
"[0.5599999999999999, -0.5599999999999999, -0.5522388059701493, -0.04891304347826087, 0.33928571428571436, 0.0, 0.0, 0.0, 1.0, 0.6998512317173424, 1.0, 0.0, 0.0, 0.0, 0.0, 0.0, 0.0, 0.0]",174790,30082,N6,dismiss,-0.3,ts,887,1
"[0.1666666666666667, -0.1666666666666667, 0.0, 0.3, 0.22000000000000003, 0.0, 0.0, 0.0, 1.0, 0.6901568741775026, 1.0, 0.0, 0.0, 0.0, 0.0, 0.0, 0.0, 0.0]",41286,61090,N6,dismiss,-0.3,ts,2925,0
"[0.4, -0.28, -0.29684601113172543, 0.0, 0.0, 0.0, 0.0, 0.0, 1.0, 0.759689501888925, 1.0, 0.0, 0.0, 0.0, 0.0, 0.0, 0.0, 0.0]",63873,42569,N6,dismiss,-0.3,ts,2184,0
"[0.02500000000000002, -0.02500000000000002, -0.49874686716791977, -0.08, -0.039999999999999994, 0.0, 0.0, 0.0, 1.0, 0.5994201484706434, 1.0, 0.0, 0.0, 0.0, 0.0, 0.0, 0.0, 0.0]",85228,62540,N6,dismiss,-0.3,ts,1151,1
"[0.7058823529411765, -0.7058823529411765, 0.0, 0.256, -0.2, 0.0, 0.0, 0.0, 1.0, 0.8367456674228954, 1.0, 0.0, 0.0, 0.0, 0.0, 0.0, 0.0, 0.0]",104691,104690,N6,dismiss,-0.3,ts,1915,1
"[0.10999999999999997, -0.10999999999999997, -0.3, -0.48333333333333334, -0.58, 0.0, 0.0, 0.0, 1.0, 0.504717256260503, 1.0, 0.0, 0.0, 0.0, 0.0, 0.0, 0.0, 0.0]",18598,79360,N6,dismiss,-0.3,ts,796,1
"[0.5636363636363637, -0.5636363636363637, -0.16666666666666666, -0.0113314447592068, 0.42857142857142855, 0.0, 0.0, 0.0, 1.0, 0.7757728250593904, 1.0, 0.0, 0.0, 0.0, 0.0, 0.0, 0.0, 0.0]",87721,107563,N6,dismiss,-0.3,ts,2710,0
"[0.2045454545454546, -0.2045454545454546, -0.24931506849315063, -0.019553072625698324, 1.0, 0.0, 0.0, 0.0, 1.0, 0.605028229497204, 1.0, 0.0, 0.0, 0.0, 0.0, 0.0, 0.0, 0.0]",93935,74278,N6,dismiss,-0.3,ts,2147,1
"[0.8835294117647059, -0.8835294117647059, -0.28114285714285714, -0.1038961038961039, -0.14285714285714285, 0.0, 0.0, 0.0, 1.0, 0.8155825728784956, 1.0, 0.0, 0.0, 0.0, 0.0, 0.0, 0.0, 0.0]",55744,108025,N6,dismiss,-0.3,ts,1130,1
"[0.25, -0.25, -0.5708154506437768, -0.008595988538681949, 1.0, 0.0, 0.0, 0.0, 1.0, 0.5525921765486778, 1.0, 0.0, 0.0, 0.0, 0.0, 0.0, 0.0, 0.0]",189369,117045,N6,accept,0.475,ts,1579,0
"[0.14, -0.14, 0.06068268015170685, 0.0, 0.0, 0.0, 0.0, 0.0, 1.0, 0.7788836843497392, 1.0, 0.0, 0.0, 0.0, 0.0, 0.0, 0.0, 0.0]",72622,79362,N6,dismiss,-0.3,ts,1093,0
"[0.11999999999999993, -0.11999999999999993, 0.15, -0.011299435028248588, -0.07692307692307693, 0.0, 0.0, 0.0, 1.0, 0.7179426347875449, 1.0, 0.0, 0.0, 0.0, 0.0, 0.0, 0.0, 0.0]",108827,108745,N6,dismiss,-0.3,ts,2478,1
"[0.4, -0.28, -0.29684601113172543, 0.0, 0.0, 0.0, 0.0, 0.0, 1.0, 0.759689501888925, 1.0, 0.0, 0.0, 0.0, 0.0, 0.0, 0.0, 0.0]",63873,42569,N6,accept,0.58,ts,1723,0
"[0.4545454545454546, -0.4545454545454546, -0.29375, -0.0028735632183908046, 0.8333333333333334, 0.0, 0.0, 0.0, 1.0, 0.6867897445125909, 1.0, 0.0, 0.0, 0.0, 0.0, 0.0, 0.0, 0.0]",32065,108828,N6,dismiss,-0.3,ts,2210,0
"[0.20000000000000004, -0.20000000000000004, -0.6972222222222223, -0.02, -0.059999999999999984, 0.0, 0.0, 0.0, 1.0, 0.6495787864213909, 1.0, 0.0, 0.0, 0.0, 0.0, 0.0, 0.0, 0.0]",18484,18528,N6,dismiss,-0.3,ts,1296,0
"[0.24999999999999992, -0.24999999999999992, -0.18808777429467086, -0.007194244604316547, -0.02439024390243908, 0.0, 0.0, 0.0, 1.0, 0.7676014166610969, 1.0, 0.0, 0.0, 0.0, 0.0, 0.0, 0.0, 0.0]",113424,125887,N6,dismiss,-0.3,ts,2078,0
"[0.5588235294117647, -0.5588235294117647, -0.03868698710433764, 1.0, 1.0, 0.0, 0.0, 0.0, 1.0, 0.6064494974885417, 1.0, 0.0, 0.0, 0.0, 0.0, 0.0, 0.0, 0.0]",147129,155668,N6,dismiss,-0.3,ts,2961,0
"[0.5, -0.5, -0.3941229930324144, 1.0, -0.4782608695652174, 0.0, 0.0, 0.0, 1.0, 0.5686467955570524, 1.0, 0.0, 0.0, 0.0, 0.0, 0.0, 0.0, 0.0]",86743,169349,N6,accept,0.6499999999999999,ts,1559,0
"[0.062499999999999965, -0.062499999999999965, 0.0, 0.07339449541284404, -0.038461538461538464, 0.0, 0.0, 0.0, 1.0, 0.7417846617265634, 1.0, 0.0, 0.0, 0.0, 0.0, 0.0, 0.0, 0.0]",169893,183357,N6,dismiss,-0.3,ts,1412,0
"[0.5, -0.5, -0.23328209069946196, 0.2619718309859155, 1.0, 0.0, 0.0, 0.0, 1.0, 0.6330666978281512, 1.0, 0.0, 0.0, 0.0, 0.0, 0.0, 0.0, 0.0]",134227,86748,N6,dismiss,-0.3,ts,1947,1
"[0.18367346938775517, -0.18367346938775517, 0.036941023979261196, 0.018518518518518517, -0.2, 0.0, 0.0, 0.0, 1.0, 0.7480364718973675, 1.0, 0.0, 0.0, 0.0, 0.0, 0.0, 0.0, 0.0]",135548,130086,N6,dismiss,-0.3,ts,1505,1
"[0.2432432432432433, -0.2432432432432433, -0.03710575139146568, -0.08256880733944955, -0.21428571428571427, 0.0, 0.0, 0.0, 1.0, 0.7479504530618338, 1.0, 0.0, 0.0, 0.0, 0.0, 0.0, 0.0, 0.0]",63923,16734,N6,accept,0.4702702702702703,ts,2618,1
"[0.5833333333333333, -0.5833333333333333, -0.04175365344467641, -0.2, -0.06000000000000005, 0.0, 0.0, 0.0, 1.0, 0.8435393464277561, 1.0, 0.0, 0.0, 0.0, 0.0, 0.0, 0.0, 0.0]",141805,113027,N6,accept,0.7083333333333333,ts,2809,0
"[0.3333333333333333, -0.3333333333333333, -0.48406676783004554, -0.44761904761904764, -0.6129032258064516, 0.0, 0.0, 0.0, 1.0, 0.546792220645576, 1.0, 0.0, 0.0, 0.0, 0.0, 0.0, 0.0, 0.0]",170138,175100,N6,dismiss,-0.3,ts,774,0
"[0.33333333333333337, -0.33333333333333337, -0.2748368382886149, 0.0, 0.0, 0.0, 0.0, 0.0, 1.0, 0.7809569119829103, 1.0, 0.0, 0.0, 0.0, 0.0, 0.0, 0.0, 0.0]",141751,93860,N6,accept,0.5333333333333333,ts,2347,1
"[0.85, -0.85, -0.005000000000000071, 0.0, 0.0, 0.0, 0.0, 0.0, 1.0, 0.9617967240690748, 1.0, 0.0, 0.0, 0.0, 0.0, 0.0, 0.0, 0.0]",38018,174748,N6,accept,0.895,ts,613,0
"[0.19999999999999993, -0.19999999999999993, -0.1875, 0.0, 0.0, 0.0, 0.0, 0.0, 1.0, 0.7602860088710922, 1.0, 0.0, 0.0, 0.0, 0.0, 0.0, 0.0, 0.0]",73358,117926,N6,dismiss,-0.3,ts,2332,0
"[0.564516129032258, -0.564516129032258, -0.50017850767583, -0.057057057057057055, -0.46153846153846156, 0.0, 0.0, 0.0, 1.0, 0.6893123723116645, 1.0, 0.0, 0.0, 0.0, 0.0, 0.0, 0.0, 0.0]",89601,145523,N6,dismiss,-0.3,ts,1386,0
"[0.2, -0.2, -0.8373109243697479, 0.0, 0.0, 0.0, 0.0, 0.0, 1.0, 0.660303957852938, 1.0, 0.0, 0.0, 0.0, 0.0, 0.0, 0.0, 0.0]",54201,110501,N6,dismiss,-0.3,ts,2343,0
"[0.3636363636363637, -0.3636363636363637, 0.020408163265306048, 0.0110803324099723, 0.07142857142857142, 0.0, 0.0, 0.0, 1.0, 0.8430216704000497, 1.0, 0.0, 0.0, 0.0, 0.0, 0.0, 0.0, 0.0]",123215,123174,N6,dismiss,-0.3,ts,1263,0
"[0.02500000000000002, -0.02500000000000002, -0.1863303498779495, -0.02, -0.07999999999999999, 0.0, 0.0, 0.0, 1.0, 0.6690903795112921, 1.0, 0.0, 0.0, 0.0, 0.0, 0.0, 0.0, 0.0]",130426,62503,N6,dismiss,-0.3,ts,2985,1
"[0.28571428571428575, -0.28571428571428575, 0.0, 0.0, 0.0, 0.0, 0.0, 0.0, 1.0, 0.8510316849394648, 1.0, 0.0, 0.0, 0.0, 0.0, 0.0, 0.0, 0.0]",37993,60782,N6,dismiss,-0.3,ts,1947,0
"[0.9137254901960783, -0.9137254901960783, -0.08178025034770528, 0.02247191011235955, 0.5333333333333333, 0.0, 0.0, 0.0, 1.0, 0.8345603175024708, 1.0, 0.0, 0.0, 0.0, 0.0, 0.0, 0.0, 0.0]",128242,86743,N6,dismiss,-0.3,ts,432,1
"[0.8666666666666667, -0.8666666666666667, -0.18181818181818182, -0.3118279569892473, -0.07999999999999999, 0.0, 0.0, 0.0, 1.0, 0.8126783462979066, 1.0, 0.0, 0.0, 0.0, 0.0, 0.0, 0.0, 0.0]",126323,30711,N6,accept,0.9066666666666667,ts,1866,1
"[0.25, -0.25, -0.24812030075187969, 0.0581039755351682, 0.32978723404255317, 0.0, 0.0, 0.0, 1.0, 0.6724565857057285, 1.0, 0.0, 0.0, 0.0, 0.0, 0.0, 0.0, 0.0]",82380,117045,N6,dismiss,-0.3,ts,489,0
"[0.07692307692307684, -0.07692307692307684, -0.1872881355932203, 1.0, -0.2916666666666667, 0.0, 0.0, 0.0, 1.0, 0.5172933252956673, 1.0, 0.0, 0.0, 0.0, 0.0, 0.0, 0.0, 0.0]",92709,55882,N6,dismiss,-0.3,ts,2304,1
"[0.20000000000000007, -0.20000000000000007, -0.12425665101721436, 0.002840909090909091, 0.25, 0.0, 0.0, 0.0, 1.0, 0.7189497931363428, 1.0, 0.0, 0.0, 0.0, 0.0, 0.0, 0.0, 0.0]",43334,88669,N6,dismiss,-0.3,ts,815,1
"[0.4444444444444445, -0.4444444444444445, 0.22284122562674097, -0.7678571428571429, -0.58, 0.0, 0.0, 0.0, 1.0, 0.6030913596283243, 1.0, 0.0, 0.0, 0.0, 0.0, 0.0, 0.0, 0.0]",63093,110076,N6,dismiss,-0.3,ts,450,0
"[0.25, -0.25, 0.22714285714285723, -0.08766233766233766, 0.0, 0.0, 0.0, 0.0, 1.0, 0.7424472880831784, 1.0, 0.0, 0.0, 0.0, 0.0, 0.0, 0.0, 0.0]",55744,21089,N6,dismiss,-0.3,ts,447,0
"[0.5798319327731092, -0.5798319327731092, -0.34024179620034534, 0.7557251908396947, -0.2, 0.0, 0.0, 0.0, 1.0, 0.6602223945423115, 1.0, 0.0, 0.0, 0.0, 0.0, 0.0, 0.0, 0.0]",61358,146668,N6,dismiss,-0.3,ts,623,1
"[0.375, -0.375, -0.3021510755377689, -0.396011396011396, -0.25, 0.0, 0.0, 0.0, 1.0, 0.6456673732366522, 1.0, 0.0, 0.0, 0.0, 0.0, 0.0, 0.0, 0.0]",182867,84871,N6,dismiss,-0.3,ts,874,1
"[0.20000000000000007, -0.20000000000000007, -0.06259780907668232, 0.017045454545454544, -0.4166666666666667, 0.0, 0.0, 0.0, 1.0, 0.7094552875739797, 1.0, 0.0, 0.0, 0.0, 0.0, 0.0, 0.0, 0.0]",43334,135481,N6,dismiss,-0.3,ts,1021,1
"[0.19999999999999993, -0.19999999999999993, 0.041666666666666664, 0.0, 0.0, 0.0, 0.0, 0.0, 1.0, 0.8068370360387624, 1.0, 0.0, 0.0, 0.0, 0.0, 0.0, 0.0, 0.0]",18185,82489,N6,dismiss,-0.3,ts,2740,0
"[0.2000000000000001, -0.2000000000000001, 0.17148554336989041, 0.17307692307692307, 0.020000000000000018, 0.0, 0.0, 0.0, 1.0, 0.7149888620585764, 1.0, 0.0, 0.0, 0.0, 0.0, 0.0, 0.0, 0.0]",86978,83437,N6,dismiss,-0.3,ts,1814,0
"[0.010909090909090839, -0.010909090909090839, -0.7835593220338983, -0.14285714285714285, -0.08333333333333333, 0.0, 0.0, 0.0, 1.0, 0.5355134964909132, 1.0, 0.0, 0.0, 0.0, 0.0, 0.0, 0.0, 0.0]",51122,115323,N6,dismiss,-0.3,ts,1691,0
"[0.7058823529411765, -0.7058823529411765, 0.17350527549824157, 1.0, 1.0, 0.0, 0.0, 0.0, 1.0, 0.5877642613125235, 1.0, 0.0, 0.0, 0.0, 0.0, 0.0, 0.0, 0.0]",147129,170191,N6,dismiss,-0.3,ts,2713,1
"[0.4235294117647059, -0.4235294117647059, -0.10034947578632059, 1.0, -0.11764705882352941, 0.0, 0.0, 0.0, 1.0, 0.6783242071361869, 1.0, 0.0, 0.0, 0.0, 0.0, 0.0, 0.0, 0.0]",107861,155693,N6,dismiss,-0.3,ts,1562,1
"[0.25, -0.25, -0.022753128555176336, 0.8733333333333333, -0.17647058823529413, 0.0, 0.0, 0.0, 1.0, 0.6622379762089057, 1.0, 0.0, 0.0, 0.0, 0.0, 0.0, 0.0, 0.0]",169345,21089,N6,dismiss,-0.3,ts,2426,0
"[0.07692307692307684, -0.07692307692307684, 0.1430274135876043, -0.027777777777777776, 0.14285714285714285, 0.0, 0.0, 0.0, 1.0, 0.683578616246751, 1.0, 0.0, 0.0, 0.0, 0.0, 0.0, 0.0, 0.0]",78130,56248,N6,accept,0.35384615384615375,ts,1127,1
"[0.5599999999999999, -0.5599999999999999, 0.0013342228152101116, 0.014035087719298246, 0.03571428571428559, 0.0, 0.0, 0.0, 1.0, 0.9064267245263649, 1.0, 0.0, 0.0, 0.0, 0.0, 0.0, 0.0, 0.0]",104485,114138,N6,dismiss,-0.3,ts,1768,0
"[0.41666666666666663, -0.41666666666666663, 0.1926782273603083, -0.02158273381294964, 0.0, 0.0, 0.0, 0.0, 1.0, 0.8183544914832085, 1.0, 0.0, 0.0, 0.0, 0.0, 0.0, 0.0, 0.0]",125880,39280,N6,dismiss,-0.3,ts,2112,0
"[0.7415384615384616, -0.7415384615384616, -0.3877221324717286, 0.0030581039755351682, -0.5916666666666667, 0.0, 0.0, 0.0, 1.0, 0.7383427789570002, 1.0, 0.0, 0.0, 0.0, 0.0, 0.0, 0.0, 0.0]",63891,49086,N6,accept,0.819076923076923,ts,518,0
"[0.20000000000000007, -0.20000000000000007, -0.13533333333333328, -0.17647058823529413, 0.2, 0.0, 0.0, 0.0, 1.0, 0.6813430872729247, 1.0, 0.0, 0.0, 0.0, 0.0, 0.0, 0.0, 0.0]",89764,107554,N6,dismiss,-0.3,ts,2855,1
"[0.3571428571428571, -0.3571428571428571, -0.5704295704295704, 0.002849002849002849, 0.74, 0.0, 0.0, 0.0, 1.0, 0.6196365047092418, 1.0, 0.0, 0.0, 0.0, 0.0, 0.0, 0.0, 0.0]",117054,105899,N6,dismiss,-0.3,ts,942,1
"[0.25, -0.25, 0.0, 0.0, 0.0, 0.0, 0.0, 0.0, 1.0, 0.8395893495876965, 1.0, 0.0, 0.0, 0.0, 0.0, 0.0, 0.0, 0.0]",116977,117045,N6,dismiss,-0.3,ts,1399,0
"[0.25000000000000006, -0.25000000000000006, 0.0, 0.08, -0.059999999999999984, 0.0, 0.0, 0.0, 1.0, 0.8004489834402018, 1.0, 0.0, 0.0, 0.0, 0.0, 0.0, 0.0, 0.0]",85228,110598,N6,dismiss,-0.3,ts,2599,0
"[0.7942857142857144, -0.7942857142857144, -0.24357239512855217, -0.3853211009174312, -0.6916666666666668, 0.0, 0.0, 0.0, 1.0, 0.6876495392228945, 1.0, 0.0, 0.0, 0.0, 0.0, 0.0, 0.0, 0.0]",115244,54927,N6,dismiss,-0.3,ts,2996,0
"[0.3636363636363637, -0.3636363636363637, 0.0, 0.016713091922005572, 0.25, 0.0, 0.0, 0.0, 1.0, 0.8103249790259089, 1.0, 0.0, 0.0, 0.0, 0.0, 0.0, 0.0, 0.0]",123014,123174,N6,dismiss,-0.3,ts,809,0
"[0.6428571428571429, -0.6428571428571429, -0.5994993742177722, 0.24481327800829875, 0.1, 0.0, 0.0, 0.0, 1.0, 0.71158268971853, 1.0, 0.0, 0.0, 0.0, 0.0, 0.0, 0.0, 0.0]",16682,60783,N6,dismiss,-0.3,ts,1628,1
"[0.20000000000000007, -0.20000000000000007, 0.09090909090909091, -0.019943019943019943, -0.14285714285714285, 0.0, 0.0, 0.0, 1.0, 0.7464351712490337, 1.0, 0.0, 0.0, 0.0, 0.0, 0.0, 0.0, 0.0]",162723,31975,N6,dismiss,-0.3,ts,1448,1
"[0.24999999999999997, -0.24999999999999997, -0.4147058823529412, 0.0, 0.0, 0.0, 0.0, 0.0, 1.0, 0.726850521859211, 1.0, 0.0, 0.0, 0.0, 0.0, 0.0, 0.0, 0.0]",51609,174748,N6,accept,0.475,ts,2151,0
"[0.19999999999999993, -0.19999999999999993, -0.17391304347826086, 0.0, 0.0, 0.0, 0.0, 0.0, 1.0, 0.7640724904524591, 1.0, 0.0, 0.0, 0.0, 0.0, 0.0, 0.0, 0.0]",38212,18611,N6,dismiss,-0.3,ts,1216,0
"[0.20000000000000007, -0.20000000000000007, -0.13533333333333328, -0.17647058823529413, 0.2, 0.0, 0.0, 0.0, 1.0, 0.6813430872729247, 1.0, 0.0, 0.0, 0.0, 0.0, 0.0, 0.0, 0.0]",89764,107554,N6,dismiss,-0.3,ts,1522,1
"[0.367741935483871, -0.367741935483871, -0.40836727138097, -0.022284122562674095, -0.19999999999999998, 0.0, 0.0, 0.0, 1.0, 0.7078160174800597, 1.0, 0.0, 0.0, 0.0, 0.0, 0.0, 0.0, 0.0]",85287,105910,N6,dismiss,-0.3,ts,2828,1
"[0.1200000000000001, -0.1200000000000001, 0.1455847255369929, -0.08011869436201781, -0.52, 0.0, 0.0, 0.0, 1.0, 0.6248074521533694, 1.0, 0.0, 0.0, 0.0, 0.0, 0.0, 0.0, 0.0]",57278,59423,N6,dismiss,-0.3,ts,2394,0
"[0.24999999999999997, -0.24999999999999997, 0.05517033463973465, 0.45147679324894513, 0.08, 0.0, 0.0, 0.0, 1.0, 0.7073223076628614, 1.0, 0.0, 0.0, 0.0, 0.0, 0.0, 0.0, 0.0]",117335,169335,N6,dismiss,-0.3,ts,2715,1
"[0.1111111111111112, -0.1111111111111112, -0.5616605616605617, 0.16342412451361868, 0.3, 0.0, 0.0, 0.0, 1.0, 0.5468254204401923, 1.0, 0.0, 0.0, 0.0, 0.0, 0.0, 0.0, 0.0]",130292,174765,N6,dismiss,-0.3,ts,2503,0
"[0.3636363636363637, -0.3636363636363637, 0.0, 0.0, 0.0, 0.0, 0.0, 0.0, 1.0, 0.8742764353476687, 1.0, 0.0, 0.0, 0.0, 0.0, 0.0, 0.0, 0.0]",123143,123174,N6,dismiss,-0.3,ts,2318,0
"[0.7066666666666667, -0.7066666666666667, 0.10987791342952277, 0.43908045977011495, -0.25, 0.0, 0.0, 0.0, 1.0, 0.7602704837036794, 1.0, 0.0, 0.0, 0.0, 0.0, 0.0, 0.0, 0.0]",155692,169349,N6,dismiss,-0.3,ts,2165,0
"[0.6363636363636364, -0.6363636363636364, 0.19956379498364232, -0.1111111111111111, -0.07999999999999999, 0.0, 0.0, 0.0, 1.0, 0.8175716886951709, 1.0, 0.0, 0.0, 0.0, 0.0, 0.0, 0.0, 0.0]",82102,74186,N6,dismiss,-0.3,ts,1023,1
"[0.7843137254901961, -0.7843137254901961, 0.17994100294985255, 1.0, -0.6363636363636364, 0.0, 0.0, 0.0, 1.0, 0.6485163998686077, 1.0, 0.0, 0.0, 0.0, 0.0, 0.0, 0.0, 0.0]",120916,169349,N6,accept,0.8490196078431371,ts,2756,0
"[0.08554572271386432, -0.08554572271386432, -0.07966573816155988, -0.0028169014084507044, -0.25555555555555554, 0.0, 0.0, 0.0, 1.0, 0.6915790740971535, 1.0, 0.0, 0.0, 0.0, 0.0, 0.0, 0.0, 0.0]",143110,43382,N6,accept,0.359882005899705,ts,1828,1
"[0.25, -0.25, -0.24812030075187969, 0.01764705882352941, 0.13636363636363635, 0.0, 0.0, 0.0, 1.0, 0.7203456543782418, 1.0, 0.0, 0.0, 0.0, 0.0, 0.0, 0.0, 0.0]",117159,117045,N6,accept,0.475,ts,2348,0
"[0.2432432432432433, -0.2432432432432433, -0.03710575139146568, -0.08256880733944955, -0.21428571428571427, 0.0, 0.0, 0.0, 1.0, 0.7479504530618338, 1.0, 0.0, 0.0, 0.0, 0.0, 0.0, 0.0, 0.0]",63923,16734,N6,dismiss,-0.3,ts,2598,1
"[0.32919254658385094, -0.32919254658385094, 0.0, -0.17801047120418848, -0.2631578947368421, 0.0, 0.0, 0.0, 1.0, 0.757989917414392, 1.0, 0.0, 0.0, 0.0, 0.0, 0.0, 0.0, 0.0]",103705,145523,N6,dismiss,-0.3,ts,2323,0
"[0.13333333333333344, -0.13333333333333344, -0.18181818181818182, -0.75, -0.44000000000000006, 0.0, 0.0, 0.0, 1.0, 0.5340595765105035, 1.0, 0.0, 0.0, 0.0, 0.0, 0.0, 0.0, 0.0]",18239,79461,N6,accept,0.3933333333333334,ts,2611,0
"[0.0555555555555556, -0.0555555555555556, -0.16666666666666666, 0.01764705882352941, 0.13636363636363635, 0.0, 0.0, 0.0, 1.0, 0.6730847801914981, 1.0, 0.0, 0.0, 0.0, 0.0, 0.0, 0.0, 0.0]",123856,105724,N6,dismiss,-0.3,ts,2739,0
"[0.13333333333333328, -0.13333333333333328, -0.04120070629782221, -0.05084745762711865, -0.07999999999999999, 0.0, 0.0, 0.0, 1.0, 0.7468416070854169, 1.0, 0.0, 0.0, 0.0, 0.0, 0.0, 0.0, 0.0]",87097,143094,N6,dismiss,-0.3,ts,2269,1
"[0.25, -0.25, 0.0, 0.011695906432748537, 0.25, 0.0, 0.0, 0.0, 1.0, 0.7771008967590011, 1.0, 0.0, 0.0, 0.0, 0.0, 0.0, 0.0, 0.0]",43087,117045,N6,dismiss,-0.3,ts,1476,0
"[0.4, -0.4, -0.18209408194233698, 0.0, 0.0, 0.0, 0.0, 0.0, 1.0, 0.8232144824729183, 1.0, 0.0, 0.0, 0.0, 0.0, 0.0, 0.0, 0.0]",49870,147380,N6,dismiss,-0.3,ts,504,1
"[0.72, -0.72, 0.14583333333333334, 0.02, 0.06000000000000001, 0.0, 0.0, 0.0, 1.0, 0.8748597557133838, 1.0, 0.0, 0.0, 0.0, 0.0, 0.0, 0.0, 0.0]",135298,81568,N6,accept,0.804,ts,2273,0
"[0.16666666666666666, -0.16666666666666666, -0.7257675060365644, -0.3233695652173913, -0.45454545454545453, 0.0, 0.0, 0.0, 1.0, 0.4970679448207065, 1.0, 0.0, 0.0, 0.0, 0.0, 0.0, 0.0, 0.0]",71447,41685,N6,dismiss,-0.3,ts,739,1
"[0.8714285714285714, -0.8714285714285714, -0.2309859154929577, -0.9770114942528736, -0.9038461538461539, 0.0, 0.0, 0.0, 1.0, 0.6377559530745973, 1.0, 0.0, 0.0, 0.0, 0.0, 0.0, 0.0, 0.0]",91073,16650,N6,accept,0.9099999999999999,ts,1308,1
"[0.24999999999999994, -0.24999999999999994, -0.11782032400589111, 0.014492753623188406, 0.01626016260162596, 0.0, 0.0, 0.0, 1.0, 0.7885172541022555, 1.0, 0.0, 0.0, 0.0, 0.0, 0.0, 0.0, 0.0]",108507,19869,N6,dismiss,-0.3,ts,1140,1
"[0.20000000000000004, -0.20000000000000004, 0.21428571428571427, -0.75, -0.44000000000000006, 0.0, 0.0, 0.0, 1.0, 0.5488029253936105, 1.0, 0.0, 0.0, 0.0, 0.0, 0.0, 0.0, 0.0]",39150,18334,N6,accept,0.44,ts,2088,0
"[0.02500000000000002, -0.02500000000000002, 0.0, -0.08, -0.039999999999999994, 0.0, 0.0, 0.0, 1.0, 0.7256596282421947, 1.0, 0.0, 0.0, 0.0, 0.0, 0.0, 0.0, 0.0]",18064,62540,N6,dismiss,-0.3,ts,1809,1
"[0.47058823529411764, -0.47058823529411764, 0.07692307692307693, 1.0, 0.6599999999999999, 0.0, 0.0, 0.0, 1.0, 0.6187834354083326, 1.0, 0.0, 0.0, 0.0, 0.0, 0.0, 0.0, 0.0]",37982,39150,N6,dismiss,-0.3,ts,1827,1
"[0.4485294117647059, -0.4485294117647059, 0.09333333333333324, -0.0843806104129264, -0.2692307692307692, 0.0, 0.0, 0.0, 1.0, 0.776901172593482, 1.0, 0.0, 0.0, 0.0, 0.0, 0.0, 0.0, 0.0]",29970,155668,N6,accept,0.6139705882352942,ts,770,0
"[0.15, -0.15, 0.2222222222222222, 1.0, 0.24000000000000005, 0.0, 0.0, 0.0, 1.0, 0.5400636177089168, 1.0, 0.0, 0.0, 0.0, 0.0, 0.0, 0.0, 0.0]",30710,151787,N6,dismiss,-0.3,ts,1162,1
"[0.6218487394957983, -0.6218487394957983, 0.1430051813471504, 0.1984732824427481, -0.04, 0.0, 0.0, 0.0, 1.0, 0.8225449591715847, 1.0, 0.0, 0.0, 0.0, 0.0, 0.0, 0.0, 0.0]",61358,104690,N6,dismiss,-0.3,ts,1838,1
"[0.3636363636363637, -0.3636363636363637, 0.0, 0.0, 0.0, 0.0, 0.0, 0.0, 1.0, 0.8742764353476687, 1.0, 0.0, 0.0, 0.0, 0.0, 0.0, 0.0, 0.0]",123010,123174,N6,dismiss,-0.3,ts,785,0
"[0.11458333333333333, -0.11458333333333333, 0.0, -0.6041131105398457, -0.8083333333333332, 0.0, 0.0, 0.0, 1.0, 0.5671434991422036, 1.0, 0.0, 0.0, 0.0, 0.0, 0.0, 0.0, 0.0]",107588,142262,N6,dismiss,-0.3,ts,649,0
"[0.0555555555555556, -0.0555555555555556, -0.44341372912801486, 0.01764705882352941, 0.0, 0.0, 0.0, 0.0, 1.0, 0.6479755888896072, 1.0, 0.0, 0.0, 0.0, 0.0, 0.0, 0.0, 0.0]",123848,107052,N6,accept,0.3388888888888889,ts,2567,0
"[0.75, -0.75, 0.0, 0.0, 0.0, 0.0, 0.0, 0.0, 1.0, 0.9523252675504453, 1.0, 0.0, 0.0, 0.0, 0.0, 0.0, 0.0, 0.0]",38239,56398,N6,dismiss,-0.3,ts,513,1
"[0.6, -0.6, 0.2369212266987373, 0.1686746987951807, 0.3333333333333333, 0.0, 0.0, 0.0, 1.0, 0.7376570190607876, 1.0, 0.0, 0.0, 0.0, 0.0, 0.0, 0.0, 0.0]",52481,29663,N6,dismiss,-0.3,ts,1106,1
"[0.25000000000000006, -0.25000000000000006, 0.1111111111111111, 0.0, 0.0, 0.0, 0.0, 0.0, 1.0, 0.7997368301710582, 1.0, 0.0, 0.0, 0.0, 0.0, 0.0, 0.0, 0.0]",62598,18364,N6,dismiss,-0.3,ts,737,1
"[0.5, -0.5, -0.47299077733860345, 1.0, -0.45454545454545453, 0.0, 0.0, 0.0, 1.0, 0.5471433227927082, 1.0, 0.0, 0.0, 0.0, 0.0, 0.0, 0.0, 0.0]",85795,169349,N6,dismiss,-0.3,ts,1652,0
"[0.2, -0.2, 0.10110110110110104, -0.6043478260869565, 0.05263157894736842, 0.0, 0.0, 0.0, 1.0, 0.6660152152276981, 1.0, 0.0, 0.0, 0.0, 0.0, 0.0, 0.0, 0.0]",191335,127600,N6,dismiss,-0.3,ts,625,0
"[0.4583333333333333, -0.4583333333333333, -0.327319587628866, 0.22, 0.24000000000000005, 0.0, 0.0, 0.0, 1.0, 0.692442265593947, 1.0, 0.0, 0.0, 0.0, 0.0, 0.0, 0.0, 0.0]",151790,123325,N6,dismiss,-0.3,ts,596,1
"[0.02500000000000002, -0.02500000000000002, -0.028182701652089328, -0.1, -0.07999999999999999, 0.0, 0.0, 0.0, 1.0, 0.6990405284223395, 1.0, 0.0, 0.0, 0.0, 0.0, 0.0, 0.0, 0.0]",114070,62503,N6,dismiss,-0.3,ts,1976,1
"[0.5, -0.5, 0.07837837837837834, 1.0, 1.0, 0.0, 0.0, 0.0, 1.0, 0.5933091452435134, 1.0, 0.0, 0.0, 0.0, 0.0, 0.0, 0.0, 0.0]",115299,86748,N6,dismiss,-0.3,ts,2176,1
"[0.3, -0.3, -0.5329024676850764, 0.014450867052023121, -0.08860759493670887, 0.0, 0.0, 0.0, 1.0, 0.6957315651358122, 1.0, 0.0, 0.0, 0.0, 0.0, 0.0, 0.0, 0.0]",117162,105872,N6,accept,0.51,ts,1740,0
"[0.47058823529411764, -0.47058823529411764, 0.18181818181818182, 0.14, 0.18000000000000002, 0.0, 0.0, 0.0, 1.0, 0.759069863248445, 1.0, 0.0, 0.0, 0.0, 0.0, 0.0, 0.0, 0.0]",18323,37953,N6,accept,0.6294117647058823,ts,889,0
"[0.5636363636363637, -0.5636363636363637, -0.3181818181818182, -0.005698005698005698, 0.42857142857142855, 0.0, 0.0, 0.0, 1.0, 0.7399707351109854, 1.0, 0.0, 0.0, 0.0, 0.0, 0.0, 0.0, 0.0]",162722,107563,N6,dismiss,-0.3,ts,2672,0
"[0.37500000000000006, -0.37500000000000006, 0.0, -0.3611111111111111, 0.043478260869565216, 0.0, 0.0, 0.0, 1.0, 0.7878158040247939, 1.0, 0.0, 0.0, 0.0, 0.0, 0.0, 0.0, 0.0]",110120,51122,N6,dismiss,-0.3,ts,847,1
"[0.9228571428571429, -0.9228571428571429, -0.2761430511543685, 0.09917355371900827, -0.4583333333333333, 0.0, 0.0, 0.0, 1.0, 0.7685935228198763, 1.0, 0.0, 0.0, 0.0, 0.0, 0.0, 0.0, 0.0]",110166,128247,N6,dismiss,-0.3,ts,1155,0
"[0.20000000000000004, -0.20000000000000004, -0.6972222222222223, -0.46153846153846156, -0.059999999999999984, 0.0, 0.0, 0.0, 1.0, 0.565054577528199, 1.0, 0.0, 0.0, 0.0, 0.0, 0.0, 0.0, 0.0]",51193,18528,N6,dismiss,-0.3,ts,984,0
"[0.14285714285714288, -0.14285714285714288, -0.06508135168961204, -0.2978723404255319, 0.08, 0.0, 0.0, 0.0, 1.0, 0.6888511237474559, 1.0, 0.0, 0.0, 0.0, 0.0, 0.0, 0.0, 0.0]",158420,20077,N6,dismiss,-0.3,ts,1956,1
"[0.6, -0.6, -0.17555110220440878, 0.3348623853211009, 1.0, 0.0, 0.0, 0.0, 1.0, 0.6607458692324787, 1.0, 0.0, 0.0, 0.0, 0.0, 0.0, 0.0, 0.0]",185374,29663,N6,dismiss,-0.3,ts,1774,1
"[0.5636363636363637, -0.5636363636363637, -0.5305164319248826, -0.014204545454545454, 0.8333333333333334, 0.0, 0.0, 0.0, 1.0, 0.6655214074228695, 1.0, 0.0, 0.0, 0.0, 0.0, 0.0, 0.0, 0.0]",43334,107659,N6,dismiss,-0.3,ts,2662,1
"[0.07142857142857154, -0.07142857142857154, 0.2002503128911139, 0.7663551401869159, -0.15, 0.0, 0.0, 0.0, 1.0, 0.554195768035352, 1.0, 0.0, 0.0, 0.0, 0.0, 0.0, 0.0, 0.0]",78135,115242,N6,dismiss,-0.3,ts,747,0
"[0.7576530612244898, -0.7576530612244898, -0.04534606205250594, -0.6555555555555556, -0.6199999999999999, 0.0, 0.0, 0.0, 1.0, 0.7198017822501334, 1.0, 0.0, 0.0, 0.0, 0.0, 0.0, 0.0, 0.0]",33276,174927,N6,dismiss,-0.3,ts,864,0
"[0.28571428571428575, -0.28571428571428575, 0.0, -0.1005586592178771, 0.14285714285714285, 0.0, 0.0, 0.0, 1.0, 0.7864257510470529, 1.0, 0.0, 0.0, 0.0, 0.0, 0.0, 0.0, 0.0]",128281,51122,N6,dismiss,-0.3,ts,1125,1
"[0.25, -0.25, -0.24812030075187969, 0.005813953488372093, 0.041666666666666664, 0.0, 0.0, 0.0, 1.0, 0.7476249554836153, 1.0, 0.0, 0.0, 0.0, 0.0, 0.0, 0.0, 0.0]",174773,117045,N6,dismiss,-0.3,ts,1430,0
"[0.25, -0.25, 0.0, 0.0, 0.0, 0.0, 0.0, 0.0, 1.0, 0.8395893495876965, 1.0, 0.0, 0.0, 0.0, 0.0, 0.0, 0.0, 0.0]",116939,117045,N6,dismiss,-0.3,ts,2161,0
"[0.19999999999999993, -0.19999999999999993, 0.125, 0.0, 0.0, 0.0, 0.0, 0.0, 1.0, 0.7785883097271787, 1.0, 0.0, 0.0, 0.0, 0.0, 0.0, 0.0, 0.0]",75387,18219,N6,accept,0.43999999999999995,ts,761,0
"[0.25, -0.25, -0.316628701594533, 0.02976190476190476, 0.20192307692307687, 0.0, 0.0, 0.0, 1.0, 0.6872552925450732, 1.0, 0.0, 0.0, 0.0, 0.0, 0.0, 0.0, 0.0]",117146,117045,N6,dismiss,-0.3,ts,1706,0
"[0.6375, -0.6375, 0.0, -0.02158273381294964, 0.0, 0.0, 0.0, 0.0, 1.0, 0.9293128096864788, 1.0, 0.0, 0.0, 0.0, 0.0, 0.0, 0.0, 0.0]",85325,40258,N6,dismiss,-0.3,ts,1629,0
"[0.02500000000000002, -0.02500000000000002, -0.2361111111111111, -0.375, -0.020000000000000018, 0.0, 0.0, 0.0, 1.0, 0.5990669900085028, 1.0, 0.0, 0.0, 0.0, 0.0, 0.0, 0.0, 0.0]",30711,81568,N6,dismiss,-0.3,ts,1179,1
"[0.20061728395061737, -0.20061728395061737, 0.09693053311793226, 0.021538461538461538, -0.041666666666666664, 0.0, 0.0, 0.0, 1.0, 0.7694767207158731, 1.0, 0.0, 0.0, 0.0, 0.0, 0.0, 0.0, 0.0]",41414,61096,N6,dismiss,-0.3,ts,2933,1
"[0.24999999999999997, -0.24999999999999997, -0.4147058823529412, 0.0, 0.0, 0.0, 0.0, 0.0, 1.0, 0.726850521859211, 1.0, 0.0, 0.0, 0.0, 0.0, 0.0, 0.0, 0.0]",51609,174748,N6,dismiss,-0.3,ts,924,0
"[0.18749999999999997, -0.18749999999999997, -0.3652501344809037, -0.02857142857142857, 0.043478260869565216, 0.0, 0.0, 0.0, 1.0, 0.6940254038479327, 1.0, 0.0, 0.0, 0.0, 0.0, 0.0, 0.0, 0.0]",84737,92709,N6,accept,0.43124999999999997,ts,2231,0
"[0.6818181818181818, -0.6818181818181818, 0.0, -0.030303030303030304, 0.040000000000000036, 0.0, 0.0, 0.0, 1.0, 0.9223903027106087, 1.0, 0.0, 0.0, 0.0, 0.0, 0.0, 0.0, 0.0]",30710,30711,N6,dismiss,-0.3,ts,2350,1
"[0.19999999999999993, -0.19999999999999993, -0.3181818181818182, -0.8833333333333333, -0.7454545454545454, 0.0, 0.0, 0.0, 1.0, 0.4880812579943533, 1.0, 0.0, 0.0, 0.0, 0.0, 0.0, 0.0, 0.0]",41688,18330,N6,dismiss,-0.3,ts,1756,0
"[0.4545454545454546, -0.4545454545454546, -0.4991652754590985, -0.025139664804469275, 1.0, 0.0, 0.0, 0.0, 1.0, 0.6181743451401159, 1.0, 0.0, 0.0, 0.0, 0.0, 0.0, 0.0, 0.0]",135481,107563,N6,dismiss,-0.3,ts,2991,1
"[0.4444444444444445, -0.4444444444444445, 0.18241042345276867, -0.34, -0.6, 0.0, 0.0, 0.0, 1.0, 0.6557316228780911, 1.0, 0.0, 0.0, 0.0, 0.0, 0.0, 0.0, 0.0]",169354,132873,N6,dismiss,-0.3,ts,2684,0
"[0.2, -0.2, -0.31854379977246877, -0.18666666666666668, 0.11764705882352941, 0.0, 0.0, 0.0, 1.0, 0.6504103347990426, 1.0, 0.0, 0.0, 0.0, 0.0, 0.0, 0.0, 0.0]",169345,185524,N6,dismiss,-0.3,ts,572,1
"[0.56, -0.56, -0.0009990009990009777, 0.5495049504950495, -0.4, 0.0, 0.0, 0.0, 1.0, 0.7384325320464852, 1.0, 0.0, 0.0, 0.0, 0.0, 0.0, 0.0, 0.0]",170191,169349,N6,dismiss,-0.3,ts,963,0
"[0.28571428571428575, -0.28571428571428575, 0.0, 0.0, 0.0, 0.0, 0.0, 0.0, 1.0, 0.8510316849394648, 1.0, 0.0, 0.0, 0.0, 0.0, 0.0, 0.0, 0.0]",37993,60782,N6,dismiss,-0.3,ts,2998,0
"[0.712, -0.712, -0.7137745974955277, -0.5372340425531915, -0.33999999999999997, 0.0, 0.0, 0.0, 1.0, 0.6223703109041507, 1.0, 0.0, 0.0, 0.0, 0.0, 0.0, 0.0, 0.0]",19596,106004,N6,dismiss,-0.3,ts,2099,0
"[0.3500000000000001, -0.3500000000000001, 0.0, -0.3611111111111111, 0.043478260869565216, 0.0, 0.0, 0.0, 1.0, 0.7807457601820568, 1.0, 0.0, 0.0, 0.0, 0.0, 0.0, 0.0, 0.0]",110120,48548,N6,dismiss,-0.3,ts,2786,1
"[0.32, -0.32, -0.17941176470588238, -0.2, 0.09999999999999995, 0.0, 0.0, 0.0, 1.0, 0.7246180433810674, 1.0, 0.0, 0.0, 0.0, 0.0, 0.0, 0.0, 0.0]",104417,88339,N6,dismiss,-0.3,ts,580,1
"[0.22666666666666668, -0.22666666666666668, -0.5995995995995996, 0.0, 0.0, 0.0, 0.0, 0.0, 1.0, 0.6921564497180331, 1.0, 0.0, 0.0, 0.0, 0.0, 0.0, 0.0, 0.0]",71092,40258,N3,dismiss,-0.3,ts,2401,1
"[0.02500000000000002, -0.02500000000000002, -0.028182701652089328, -0.1, -0.07999999999999999, 0.0, 0.0, 0.0, 1.0, 0.6990405284223395, 1.0, 0.0, 0.0, 0.0, 0.0, 0.0, 0.0, 0.0]",114070,62503,N6,dismiss,-0.3,ts,762,1
"[0.1666666666666667, -0.1666666666666667, -0.1111111111111111, 1.0, 0.44000000000000006, 0.0, 0.0, 0.0, 1.0, 0.53769314130362, 1.0, 0.0, 0.0, 0.0, 0.0, 0.0, 0.0, 0.0]",81128,18616,N6,dismiss,-0.3,ts,2630,1
"[0.2941176470588236, -0.2941176470588236, 0.0, 1.0, 0.22000000000000003, 0.0, 0.0, 0.0, 1.0, 0.6533578724024277, 1.0, 0.0, 0.0, 0.0, 0.0, 0.0, 0.0, 0.0]",51572,50956,N6,dismiss,-0.3,ts,2614,0
"[0.5636363636363637, -0.5636363636363637, -0.43762441937624424, -0.011396011396011397, 0.5714285714285714, 0.0, 0.0, 0.0, 1.0, 0.6999793451980172, 1.0, 0.0, 0.0, 0.0, 0.0, 0.0, 0.0, 0.0]",43335,108828,N6,dismiss,-0.3,ts,2776,1
"[0.375, -0.375, -0.3114241001564945, -0.04878048780487805, -0.06666666666666667, 0.0, 0.0, 0.0, 1.0, 0.752073434904331, 1.0, 0.0, 0.0, 0.0, 0.0, 0.0, 0.0, 0.0]",43370,151839,N6,dismiss,-0.3,ts,2408,1
"[0.01453488372093018, -0.01453488372093018, 0.07822736030828521, 0.008522727272727272, 0.24999999999999997, 0.0, 0.0, 0.0, 1.0, 0.6649282141640869, 1.0, 0.0, 0.0, 0.0, 0.0, 0.0, 0.0, 0.0]",54520,146721,N6,accept,0.3101744186046511,ts,2396,0
"[0.3636363636363637, -0.3636363636363637, 0.0, 0.016713091922005572, 0.15384615384615385, 0.0, 0.0, 0.0, 1.0, 0.8296166021577667, 1.0, 0.0, 0.0, 0.0, 0.0, 0.0, 0.0, 0.0]",123140,123174,N3,dismiss,-0.3,ts,2627,1
"[0.30769230769230776, -0.30769230769230776, -0.10013531799729371, 0.372972972972973, 0.019999999999999928, 0.0, 0.0, 0.0, 1.0, 0.7367973902440537, 1.0, 0.0, 0.0, 0.0, 0.0, 0.0, 0.0, 0.0]",175208,54392,N6,dismiss,-0.3,ts,2985,1
"[0.13636363636363646, -0.13636363636363646, -0.09900000000000002, 0.7410714285714286, 0.18, 0.0, 0.0, 0.0, 1.0, 0.6032329198200755, 1.0, 0.0, 0.0, 0.0, 0.0, 0.0, 0.0, 0.0]",80033,83435,N6,dismiss,-0.3,ts,1781,1
"[0.25, -0.25, -0.3834917458729365, -0.001215066828675577, 0.0, 0.0, 0.0, 0.0, 1.0, 0.7321076440419114, 1.0, 0.0, 0.0, 0.0, 0.0, 0.0, 0.0, 0.0]",30337,189231,N6,dismiss,-0.3,ts,2248,1
"[0.24999999999999992, -0.24999999999999992, 0.058823529411764705, 0.0, 0.0, 0.0, 0.0, 0.0, 1.0, 0.8173913026682517, 1.0, 0.0, 0.0, 0.0, 0.0, 0.0, 0.0, 0.0]",18334,81128,N6,dismiss,-0.3,ts,2168,0
"[0.023255813953488393, -0.023255813953488393, 0.2, 0.0034129692832764505, -0.042553191489361736, 0.0, 0.0, 0.0, 1.0, 0.6795231858504707, 1.0, 0.0, 0.0, 0.0, 0.0, 0.0, 0.0, 0.0]",33338,91970,N6,dismiss,-0.3,ts,513,1
"[0.1666666666666667, -0.1666666666666667, -0.14285714285714285, 0.0, 0.0, 0.0, 0.0, 0.0, 1.0, 0.7615251242159846, 1.0, 0.0, 0.0, 0.0, 0.0, 0.0, 0.0, 0.0]",51616,61090,N6,dismiss,-0.3,ts,2883,1
"[0.015151515151515164, -0.015151515151515164, -0.05542857142857136, -0.5087209302325582, 0.25925925925925924, 0.0, 0.0, 0.0, 1.0, 0.5782322431698806, 1.0, 0.0, 0.0, 0.0, 0.0, 0.0, 0.0, 0.0]",169335,61360,N6,dismiss,-0.3,ts,921,1
"[0.0384615384615385, -0.0384615384615385, 0.22897483118477596, 0.02976190476190476, 0.05999999999999996, 0.0, 0.0, 0.0, 1.0, 0.6652929903136966, 1.0, 0.0, 0.0, 0.0, 0.0, 0.0, 0.0, 0.0]",143094,87100,N6,dismiss,-0.3,ts,2535,0
"[0.3636363636363637, -0.3636363636363637, -0.375, 0.025280898876404494, 1.0, 0.0, 0.0, 0.0, 1.0, 0.6188220825557716, 1.0, 0.0, 0.0, 0.0, 0.0, 0.0, 0.0, 0.0]",109094,123174,N6,dismiss,-0.3,ts,2700,0
"[0.4545454545454546, -0.4545454545454546, -0.4510851419031719, -0.025139664804469275, 1.0, 0.0, 0.0, 0.0, 1.0, 0.6256131721190654, 1.0, 0.0, 0.0, 0.0, 0.0, 0.0, 0.0, 0.0]",135481,108839,N6,dismiss,-0.3,ts,2133,1
"[0.47058823529411764, -0.47058823529411764, -0.4, -0.9, -0.8363636363636363, 0.0, 0.0, 0.0, 1.0, 0.5448428480973911, 1.0, 0.0, 0.0, 0.0, 0.0, 0.0, 0.0, 0.0]",41388,70937,N6,dismiss,-0.3,ts,1535,1
"[0.25, -0.25, -0.24812030075187969, 0.005813953488372093, 0.041666666666666664, 0.0, 0.0, 0.0, 1.0, 0.7476249554836153, 1.0, 0.0, 0.0, 0.0, 0.0, 0.0, 0.0, 0.0]",174772,117045,N6,dismiss,-0.3,ts,2932,0
"[0.37499999999999994, -0.37499999999999994, -0.18882352941176475, 1.0, 0.8333333333333334, 0.0, 0.0, 0.0, 1.0, 0.545798811458408, 1.0, 0.0, 0.0, 0.0, 0.0, 0.0, 0.0, 0.0]",18437,141750,N6,dismiss,-0.3,ts,1848,1
"[0.5833333333333333, -0.5833333333333333, -0.04175365344467641, -0.2, -0.06000000000000005, 0.0, 0.0, 0.0, 1.0, 0.8435393464277561, 1.0, 0.0, 0.0, 0.0, 0.0, 0.0, 0.0, 0.0]",141805,113027,N6,accept,0.7083333333333333,ts,2792,1
"[0.33333333333333337, -0.33333333333333337, -0.3220035778175313, 0.09333333333333334, -0.5545454545454546, 0.0, 0.0, 0.0, 1.0, 0.6445028751316437, 1.0, 0.0, 0.0, 0.0, 0.0, 0.0, 0.0, 0.0]",16731,49086,N6,accept,0.5333333333333333,ts,1969,0
"[0.23076923076923073, -0.23076923076923073, -0.4578571428571428, -0.2409090909090909, 0.1111111111111111, 0.0, 0.0, 0.0, 1.0, 0.6260456862267325, 1.0, 0.0, 0.0, 0.0, 0.0, 0.0, 0.0, 0.0]",114738,81498,N6,dismiss,-0.3,ts,941,1
"[0.2803030303030304, -0.2803030303030304, 0.24700000000000005, 0.44642857142857145, -0.28, 0.0, 0.0, 0.0, 1.0, 0.6184684582201454, 1.0, 0.0, 0.0, 0.0, 0.0, 0.0, 0.0, 0.0]",80033,185708,N6,accept,0.4962121212121212,ts,850,1
"[0.047619047619047505, -0.047619047619047505, -0.49874686716791977, 0.0, 0.0, 0.0, 0.0, 0.0, 1.0, 0.6415873556454346, 1.0, 0.0, 0.0, 0.0, 0.0, 0.0, 0.0, 0.0]",111106,18064,N6,accept,0.33333333333333326,ts,1945,1
"[0.36000000000000004, -0.36000000000000004, -0.4794794794794795, -0.5260869565217391, 0.3684210526315789, 0.0, 0.0, 0.0, 1.0, 0.5740754538673325, 1.0, 0.0, 0.0, 0.0, 0.0, 0.0, 0.0, 0.0]",191335,169893,N6,dismiss,-0.3,ts,2406,1
"[0.14000000000000004, -0.14000000000000004, -0.1320049813200498, 0.46601941747572817, 0.22807017543859645, 0.0, 0.0, 0.0, 1.0, 0.609456050709879, 1.0, 0.0, 0.0, 0.0, 0.0, 0.0, 0.0, 0.0]",59415,115226,N6,dismiss,-0.3,ts,2054,0
"[0.09999999999999998, -0.09999999999999998, 0.0027855153203343017, -0.020172910662824207, 0.0, 0.0, 0.0, 0.0, 1.0, 0.7801787354284265, 1.0, 0.0, 0.0, 0.0, 0.0, 0.0, 0.0, 0.0]",82377,123856,N6,dismiss,-0.3,ts,2528,1
"[0.5535714285714286, -0.5535714285714286, 0.03454231433506045, 0.0, 0.0, 0.0, 0.0, 0.0, 1.0, 0.9068164715016619, 1.0, 0.0, 0.0, 0.0, 0.0, 0.0, 0.0, 0.0]",16725,16729,N6,dismiss,-0.3,ts,1920,1
"[0.2727272727272727, -0.2727272727272727, -0.27048634243837444, 0.0, 0.0, 0.0, 0.0, 0.0, 1.0, 0.7633614666745693, 1.0, 0.0, 0.0, 0.0, 0.0, 0.0, 0.0, 0.0]",81453,81452,N6,dismiss,-0.3,ts,1737,0
"[0.39999999999999997, -0.39999999999999997, -0.4021650879566983, 0.11926605504587157, 0.0, 0.0, 0.0, 0.0, 1.0, 0.7419073999856097, 1.0, 0.0, 0.0, 0.0, 0.0, 0.0, 0.0, 0.0]",115244,81541,N6,dismiss,-0.3,ts,2798,1
"[0.14, -0.14, -0.3363636363636364, 0.0, 0.0, 0.0, 0.0, 0.0, 1.0, 0.7038046069838829, 1.0, 0.0, 0.0, 0.0, 0.0, 0.0, 0.0, 0.0]",72620,69993,N3,dismiss,-0.3,ts,2175,1
"[0.12500000000000006, -0.12500000000000006, 0.0, -0.2896825396825397, -0.08695652173913043, 0.0, 0.0, 0.0, 1.0, 0.7064268910671658, 1.0, 0.0, 0.0, 0.0, 0.0, 0.0, 0.0, 0.0]",110121,128281,N6,dismiss,-0.3,ts,2644,1
"[0.3939393939393939, -0.3939393939393939, -0.5260755048287973, -0.037940379403794036, -0.08333333333333333, 0.0, 0.0, 0.0, 1.0, 0.7184857157262193, 1.0, 0.0, 0.0, 0.0, 0.0, 0.0, 0.0, 0.0]",141852,110893,N3,dismiss,-0.3,ts,1947,1
"[0.25, -0.25, -0.24812030075187969, 0.01764705882352941, 0.13636363636363635, 0.0, 0.0, 0.0, 1.0, 0.7203456543782418, 1.0, 0.0, 0.0, 0.0, 0.0, 0.0, 0.0, 0.0]",117159,117045,N6,dismiss,-0.3,ts,1078,0
"[0.09090909090909098, -0.09090909090909098, 0.0, 0.06515580736543909, 0.0, 0.0, 0.0, 0.0, 1.0, 0.7655544386808594, 1.0, 0.0, 0.0, 0.0, 0.0, 0.0, 0.0, 0.0]",87721,151841,N3,accept,0.36363636363636365,ts,2282,1
"[0.25, -0.25, 0.0, 0.011695906432748537, 0.25, 0.0, 0.0, 0.0, 1.0, 0.7771008967590011, 1.0, 0.0, 0.0, 0.0, 0.0, 0.0, 0.0, 0.0]",43087,117045,N6,dismiss,-0.3,ts,1924,0
"[0.09090909090909086, -0.09090909090909086, 0.09717868338557999, 0.3394495412844037, 0.0, 0.0, 0.0, 0.0, 1.0, 0.6746301399931264, 1.0, 0.0, 0.0, 0.0, 0.0, 0.0, 0.0, 0.0]",182863,39888,N6,dismiss,-0.3,ts,2644,1
"[0.13333333333333333, -0.13333333333333333, 0.0, 0.0, 0.0, 0.0, 0.0, 0.0, 1.0, 0.799343830056226, 1.0, 0.0, 0.0, 0.0, 0.0, 0.0, 0.0, 0.0]",93851,93856,N6,dismiss,-0.3,ts,2832,0
"[0.23076923076923075, -0.23076923076923075, -0.43301759133964823, 0.745945945945946, 0.31999999999999995, 0.0, 0.0, 0.0, 1.0, 0.5301990916830586, 1.0, 0.0, 0.0, 0.0, 0.0, 0.0, 0.0, 0.0]",175208,57279,N6,dismiss,-0.3,ts,491,1
"[0.5601851851851852, -0.5601851851851852, -0.09818181818181819, -0.73224043715847, -0.28, 0.0, 0.0, 0.0, 1.0, 0.7061927727509902, 1.0, 0.0, 0.0, 0.0, 0.0, 0.0, 0.0, 0.0]",104492,94324,N6,dismiss,-0.3,ts,470,0
"[0.16666666666666674, -0.16666666666666674, 0.12526096033402923, 0.09404388714733543, 0.07142857142857142, 0.0, 0.0, 0.0, 1.0, 0.7212215308466335, 1.0, 0.0, 0.0, 0.0, 0.0, 0.0, 0.0, 0.0]",63924,63922,N6,dismiss,-0.3,ts,430,1
"[0.28571428571428564, -0.28571428571428564, -0.4612523248605084, -0.1, -0.12000000000000002, 0.0, 0.0, 0.0, 1.0, 0.6713399049502052, 1.0, 0.0, 0.0, 0.0, 0.0, 0.0, 0.0, 0.0]",81570,81996,N6,accept,0.4999999999999999,ts,793,1
"[0.11999999999999993, -0.11999999999999993, -0.401595744680851, 0.005698005698005698, 0.0, 0.0, 0.0, 0.0, 1.0, 0.682399962889926, 1.0, 0.0, 0.0, 0.0, 0.0, 0.0, 0.0, 0.0]",130440,87721,N6,dismiss,-0.3,ts,2339,1
"[0.19999999999999993, -0.19999999999999993, -0.5909090909090909, -0.9, -0.8363636363636363, 0.0, 0.0, 0.0, 1.0, 0.4371272524625001, 1.0, 0.0, 0.0, 0.0, 0.0, 0.0, 0.0, 0.0]",41688,62598,N6,accept,0.43999999999999995,ts,533,1
"[0.5636363636363637, -0.5636363636363637, -0.5318906605922551, -0.027855153203342618, 0.6666666666666666, 0.0, 0.0, 0.0, 1.0, 0.6726130176093036, 1.0, 0.0, 0.0, 0.0, 0.0, 0.0, 0.0, 0.0]",67082,108839,N6,dismiss,-0.3,ts,836,1
"[0.142857142857143, -0.142857142857143, 0.04171011470281543, 0.06521739130434782, -0.040000000000000036, 0.0, 0.0, 0.0, 1.0, 0.7568836495319848, 1.0, 0.0, 0.0, 0.0, 0.0, 0.0, 0.0, 0.0]",16680,16681,N6,dismiss,-0.3,ts,482,1
"[0.02500000000000002, -0.02500000000000002, -0.1863303498779495, 0.02, -0.07999999999999999, 0.0, 0.0, 0.0, 1.0, 0.6690903795112921, 1.0, 0.0, 0.0, 0.0, 0.0, 0.0, 0.0, 0.0]",130426,62540,N6,dismiss,-0.3,ts,919,0
"[0.07692307692307684, -0.07692307692307684, -0.1872881355932203, 1.0, -0.22727272727272727, 0.0, 0.0, 0.0, 1.0, 0.5317456847362717, 1.0, 0.0, 0.0, 0.0, 0.0, 0.0, 0.0, 0.0]",169794,55882,N6,dismiss,-0.3,ts,2585,1
"[0.6818181818181819, -0.6818181818181819, 0.024324324324324288, 0.02821316614420063, -0.65, 0.0, 0.0, 0.0, 1.0, 0.8158970926015877, 1.0, 0.0, 0.0, 0.0, 0.0, 0.0, 0.0, 0.0]",130294,49086,N6,dismiss,-0.3,ts,2016,0
"[0.25000000000000006, -0.25000000000000006, -0.0646666666666667, -0.043824701195219126, -0.13265306122448986, 0.0, 0.0, 0.0, 1.0, 0.7677835227290333, 1.0, 0.0, 0.0, 0.0, 0.0, 0.0, 0.0, 0.0]",138640,127487,N6,accept,0.475,ts,1136,1
"[0.3333333333333333, -0.3333333333333333, -0.48406676783004554, -0.44761904761904764, -0.6129032258064516, 0.0, 0.0, 0.0, 1.0, 0.546792220645576, 1.0, 0.0, 0.0, 0.0, 0.0, 0.0, 0.0, 0.0]",170138,175100,N6,dismiss,-0.3,ts,1385,0
"[0.20000000000000007, -0.20000000000000007, -0.24733333333333338, -0.008547008547008548, -0.14285714285714285, 0.0, 0.0, 0.0, 1.0, 0.7049622618678494, 1.0, 0.0, 0.0, 0.0, 0.0, 0.0, 0.0, 0.0]",15534,31973,N6,dismiss,-0.3,ts,495,1
"[0.64, -0.64, 0.15567282321899734, -0.5691489361702128, 0.4, 0.0, 0.0, 0.0, 1.0, 0.6980152721232434, 1.0, 0.0, 0.0, 0.0, 0.0, 0.0, 0.0, 0.0]",84106,19598,N3,dismiss,-0.3,ts,2084,1
"[0.20000000000000004, -0.20000000000000004, -0.634703196347032, 0.07407407407407407, -0.74, 0.0, 0.0, 0.0, 1.0, 0.5425189848892313, 1.0, 0.0, 0.0, 0.0, 0.0, 0.0, 0.0, 0.0]",19598,106004,N6,dismiss,-0.3,ts,2572,0
"[0.30000000000000004, -0.30000000000000004, -0.2663949610967024, 0.04198473282442748, 0.0, 0.0, 0.0, 0.0, 1.0, 0.7607866701733167, 1.0, 0.0, 0.0, 0.0, 0.0, 0.0, 0.0, 0.0]",107855,133081,N6,dismiss,-0.3,ts,846,0
"[0.5887096774193549, -0.5887096774193549, 0.07140307033202427, -0.26571428571428574, -0.38, 0.0, 0.0, 0.0, 1.0, 0.7586869014394904, 1.0, 0.0, 0.0, 0.0, 0.0, 0.0, 0.0, 0.0]",89602,20089,N6,dismiss,-0.3,ts,1528,1
"[0.8857142857142857, -0.8857142857142857, -0.1737171464330414, 0.32524271844660196, -0.14814814814814814, 0.0, 0.0, 0.0, 1.0, 0.7983285485626278, 1.0, 0.0, 0.0, 0.0, 0.0, 0.0, 0.0, 0.0]",138627,86743,N6,dismiss,-0.3,ts,652,1
"[0.18831168831168835, -0.18831168831168835, 0.20250120250120254, 0.1111111111111111, -0.07999999999999999, 0.0, 0.0, 0.0, 1.0, 0.7001240443089605, 1.0, 0.0, 0.0, 0.0, 0.0, 0.0, 0.0, 0.0]",128341,85224,N3,dismiss,-0.3,ts,1325,1
"[0.25000000000000006, -0.25000000000000006, 0.0, 0.08, -0.059999999999999984, 0.0, 0.0, 0.0, 1.0, 0.8004489834402018, 1.0, 0.0, 0.0, 0.0, 0.0, 0.0, 0.0, 0.0]",85228,110598,N6,dismiss,-0.3,ts,508,0
"[0.0384615384615385, -0.0384615384615385, 0.22897483118477596, 0.02976190476190476, 0.05999999999999996, 0.0, 0.0, 0.0, 1.0, 0.6652929903136966, 1.0, 0.0, 0.0, 0.0, 0.0, 0.0, 0.0, 0.0]",143094,87100,N6,dismiss,-0.3,ts,2884,0
"[0.04494382022471914, -0.04494382022471914, -0.2535714285714286, -0.08064516129032258, 0.0, 0.0, 0.0, 0.0, 1.0, 0.6649279362905083, 1.0, 0.0, 0.0, 0.0, 0.0, 0.0, 0.0, 0.0]",79360,18005,N6,dismiss,-0.3,ts,1783,0
"[0.3500000000000001, -0.3500000000000001, 0.0, -0.3611111111111111, 0.043478260869565216, 0.0, 0.0, 0.0, 1.0, 0.7807457601820568, 1.0, 0.0, 0.0, 0.0, 0.0, 0.0, 0.0, 0.0]",110121,48548,N6,dismiss,-0.3,ts,1604,0
"[0.09999999999999996, -0.09999999999999996, 0.0, 0.03870967741935484, -0.045454545454545456, 0.0, 0.0, 0.0, 1.0, 0.7630116146408217, 1.0, 0.0, 0.0, 0.0, 0.0, 0.0, 0.0, 0.0]",111130,108202,N6,dismiss,-0.3,ts,2982,0
"[0.18831168831168835, -0.18831168831168835, 0.20250120250120254, 0.1111111111111111, -0.07999999999999999, 0.0, 0.0, 0.0, 1.0, 0.7001240443089605, 1.0, 0.0, 0.0, 0.0, 0.0, 0.0, 0.0, 0.0]",128341,85224,N6,dismiss,-0.3,ts,2387,0
"[0.33333333333333337, -0.33333333333333337, 0.07342206955775014, 0.0, 0.0, 0.0, 0.0, 0.0, 1.0, 0.8382149976481229, 1.0, 0.0, 0.0, 0.0, 0.0, 0.0, 0.0, 0.0]",141734,40487,N6,dismiss,-0.3,ts,2548,1
"[0.1428571428571428, -0.1428571428571428, 0.2, -0.3, -0.22000000000000003, 0.0, 0.0, 0.0, 1.0, 0.6157574613939959, 1.0, 0.0, 0.0, 0.0, 0.0, 0.0, 0.0, 0.0]",29449,41286,N6,dismiss,-0.3,ts,420,0
"[0.26470588235294124, -0.26470588235294124, -0.6031963470319635, 0.04, -0.07999999999999999, 0.0, 0.0, 0.0, 1.0, 0.6705013948133134, 1.0, 0.0, 0.0, 0.0, 0.0, 0.0, 0.0, 0.0]",77265,81996,N6,dismiss,-0.3,ts,1803,1
"[0.164, -0.164, -0.6836, -0.1, 0.088, 0.0, 0.0, 0.0, 1.0, 0.6098549356396384, 1.0, 0.0, 0.0, 0.0, 0.0, 0.0, 0.0, 0.0]",85224,134716,N6,dismiss,-0.3,ts,2653,0
"[0.22222222222222215, -0.22222222222222215, 0.11641443538998836, 0.8041237113402062, -0.15, 0.0, 0.0, 0.0, 1.0, 0.6299944825946722, 1.0, 0.0, 0.0, 0.0, 0.0, 0.0, 0.0, 0.0]",139804,78003,N6,dismiss,-0.3,ts,1268,1
"[0.14000000000000004, -0.14000000000000004, -0.22411873840445268, 0.21774193548387097, 0.0, 0.0, 0.0, 0.0, 1.0, 0.6765349528710729, 1.0, 0.0, 0.0, 0.0, 0.0, 0.0, 0.0, 0.0]",59417,115226,N6,dismiss,-0.3,ts,576,0
"[0.25, -0.25, 0.09090909090909091, -0.32456140350877194, -0.10500000000000007, 0.0, 0.0, 0.0, 1.0, 0.706303156982304, 1.0, 0.0, 0.0, 0.0, 0.0, 0.0, 0.0, 0.0]",123778,165914,N6,dismiss,-0.3,ts,1566,0
"[0.8835294117647059, -0.8835294117647059, -0.44212860310421287, -0.04498269896193772, -0.07692307692307693, 0.0, 0.0, 0.0, 1.0, 0.8153327974814609, 1.0, 0.0, 0.0, 0.0, 0.0, 0.0, 0.0, 0.0]",179676,108025,N3,dismiss,-0.3,ts,2031,1
"[0.78, -0.78, -0.2821739130434782, -0.3274760383386581, 1.0, 0.0, 0.0, 0.0, 1.0, 0.6581567912177968, 1.0, 0.0, 0.0, 0.0, 0.0, 0.0, 0.0, 0.0]",128295,61314,N6,dismiss,-0.3,ts,2297,1
"[0.75, -0.75, -0.2089709762532981, 0.24193548387096775, -0.6714285714285715, 0.0, 0.0, 0.0, 1.0, 0.7156290572876615, 1.0, 0.0, 0.0, 0.0, 0.0, 0.0, 0.0, 0.0]",89593,115951,N3,dismiss,-0.3,ts,1097,1
"[0.12499999999999988, -0.12499999999999988, -0.4164235097957482, 0.1793103448275862, -0.047619047619047616, 0.0, 0.0, 0.0, 1.0, 0.6244645839381715, 1.0, 0.0, 0.0, 0.0, 0.0, 0.0, 0.0, 0.0]",155856,114737,N3,dismiss,-0.3,ts,2119,1
"[0.1666666666666667, -0.1666666666666667, -0.28112267994567675, 0.17355371900826447, -0.20833333333333334, 0.0, 0.0, 0.0, 1.0, 0.6301107558702879, 1.0, 0.0, 0.0, 0.0, 0.0, 0.0, 0.0, 0.0]",110166,89666,N6,dismiss,-0.3,ts,538,0
"[0.07692307692307684, -0.07692307692307684, -0.1872881355932203, 0.3867924528301887, -0.22727272727272727, 0.0, 0.0, 0.0, 1.0, 0.5806488195218563, 1.0, 0.0, 0.0, 0.0, 0.0, 0.0, 0.0, 0.0]",169794,115240,N6,dismiss,-0.3,ts,2621,0
"[0.7058823529411765, -0.7058823529411765, 0.10950688582852064, 0.7647058823529411, 0.46153846153846156, 0.0, 0.0, 0.0, 1.0, 0.6990590921583305, 1.0, 0.0, 0.0, 0.0, 0.0, 0.0, 0.0, 0.0]",179677,115396,N6,dismiss,-0.3,ts,1595,0
"[0.1666666666666667, -0.1666666666666667, -0.52, -0.9, -0.8363636363636363, 0.0, 0.0, 0.0, 1.0, 0.43487558982697444, 1.0, 0.0, 0.0, 0.0, 0.0, 0.0, 0.0, 0.0]",41388,61090,N6,dismiss,-0.3,ts,2897,1
"[0.25, -0.25, -0.24812030075187969, 0.01764705882352941, 0.13636363636363635, 0.0, 0.0, 0.0, 1.0, 0.7203456543782418, 1.0, 0.0, 0.0, 0.0, 0.0, 0.0, 0.0, 0.0]",117159,117045,N6,dismiss,-0.3,ts,1561,0
"[0.20000000000000007, -0.20000000000000007, -0.13397860417727964, 0.0, 0.0, 0.0, 0.0, 0.0, 1.0, 0.7758162558060495, 1.0, 0.0, 0.0, 0.0, 0.0, 0.0, 0.0, 0.0]",90181,115238,N3,dismiss,-0.3,ts,546,1
"[0.415625, -0.415625, 0.1312500000000001, 0.0, 0.0, 0.0, 0.0, 0.0, 1.0, 0.8422044928641546, 1.0, 0.0, 0.0, 0.0, 0.0, 0.0, 0.0, 0.0]",152421,15139,N6,dismiss,-0.3,ts,2628,1
"[0.1200000000000001, -0.1200000000000001, 0.1455847255369929, -0.04024767801857585, -0.33999999999999997, 0.0, 0.0, 0.0, 1.0, 0.6583894484224873, 1.0, 0.0, 0.0, 0.0, 0.0, 0.0, 0.0, 0.0]",57279,59423,N6,dismiss,-0.3,ts,2608,1
"[0.20000000000000007, -0.20000000000000007, -0.2, -0.008547008547008548, -0.14285714285714285, 0.0, 0.0, 0.0, 1.0, 0.7170714447814662, 1.0, 0.0, 0.0, 0.0, 0.0, 0.0, 0.0, 0.0]",15534,31966,N6,accept,0.44000000000000006,ts,2921,1
"[0.11475409836065566, -0.11475409836065566, -0.3639207507820647, 0.008645533141210375, -0.13793103448275856, 0.0, 0.0, 0.0, 1.0, 0.6504690940879523, 1.0, 0.0, 0.0, 0.0, 0.0, 0.0, 0.0, 0.0]",54573,15687,N6,dismiss,-0.3,ts,2915,0
"[0.20000000000000004, -0.20000000000000004, 0.027667984189723244, 0.08383233532934131, -0.1, 0.0, 0.0, 0.0, 1.0, 0.7617168116556725, 1.0, 0.0, 0.0, 0.0, 0.0, 0.0, 0.0, 0.0]",81498,146678,N6,dismiss,-0.3,ts,2579,1
"[0.64, -0.64, -0.2748368382886149, 0.0, 0.0, 0.0, 0.0, 0.0, 1.0, 0.8514968395083672, 1.0, 0.0, 0.0, 0.0, 0.0, 0.0, 0.0, 0.0]",141772,174745,N6,dismiss,-0.3,ts,2753,1
"[0.19709090909090918, -0.19709090909090918, 0.0, 0.0, 0.0, 0.0, 0.0, 0.0, 1.0, 0.8218285575581613, 1.0, 0.0, 0.0, 0.0, 0.0, 0.0, 0.0, 0.0]",152267,63876,N6,dismiss,-0.3,ts,1806,0
"[0.02500000000000002, -0.02500000000000002, 0.20627261761158033, -0.1, -0.039999999999999994, 0.0, 0.0, 0.0, 1.0, 0.653040323250587, 1.0, 0.0, 0.0, 0.0, 0.0, 0.0, 0.0, 0.0]",151774,62503,N6,dismiss,-0.3,ts,2813,1
"[0.0555555555555556, -0.0555555555555556, 0.0, -0.48237885462555063, 0.3181818181818182, 0.0, 0.0, 0.0, 1.0, 0.6073285707775768, 1.0, 0.0, 0.0, 0.0, 0.0, 0.0, 0.0, 0.0]",169062,104679,N6,dismiss,-0.3,ts,2890,1
"[0.8, -0.8, 0.0, 1.0, 1.0, 0.0, 0.0, 0.0, 1.0, 0.6626816974221303, 1.0, 0.0, 0.0, 0.0, 0.0, 0.0, 0.0, 0.0]",51128,51605,N6,accept,0.8599999999999999,ts,2466,0
"[0.5636363636363637, -0.5636363636363637, -0.5305164319248826, -0.014204545454545454, 0.8333333333333334, 0.0, 0.0, 0.0, 1.0, 0.6655214074228695, 1.0, 0.0, 0.0, 0.0, 0.0, 0.0, 0.0, 0.0]",57376,107659,N3,dismiss,-0.3,ts,505,1
"[0.1111111111111111, -0.1111111111111111, 0.14492753623188406, -0.6622807017543859, 0.125, 0.0, 0.0, 0.0, 1.0, 0.5976675593139278, 1.0, 0.0, 0.0, 0.0, 0.0, 0.0, 0.0, 0.0]",87177,183583,N6,dismiss,-0.3,ts,1982,0
"[0.3, -0.3, -0.28, 0.0, 0.0, 0.0, 0.0, 0.0, 1.0, 0.769716564082265, 1.0, 0.0, 0.0, 0.0, 0.0, 0.0, 0.0, 0.0]",69485,50807,N6,dismiss,-0.3,ts,504,0
"[0.56, -0.56, 0.0, 1.0, -0.3333333333333333, 0.0, 0.0, 0.0, 1.0, 0.7152978852370033, 1.0, 0.0, 0.0, 0.0, 0.0, 0.0, 0.0, 0.0]",104684,169349,N6,dismiss,-0.3,ts,575,0
"[0.09090909090909098, -0.09090909090909098, -0.10825439783491203, 0.026392961876832845, -0.05833333333333327, 0.0, 0.0, 0.0, 1.0, 0.7207159766976003, 1.0, 0.0, 0.0, 0.0, 0.0, 0.0, 0.0, 0.0]",30023,16901,N3,dismiss,-0.3,ts,1340,1
"[0.8705882352941177, -0.8705882352941177, -0.0009990009990009777, 1.0, -0.6666666666666666, 0.0, 0.0, 0.0, 1.0, 0.7123563777849677, 1.0, 0.0, 0.0, 0.0, 0.0, 0.0, 0.0, 0.0]",170190,169349,N6,accept,0.9094117647058824,ts,1368,0
"[0.02500000000000002, -0.02500000000000002, -0.1863303498779495, 0.02, -0.07999999999999999, 0.0, 0.0, 0.0, 1.0, 0.6690903795112921, 1.0, 0.0, 0.0, 0.0, 0.0, 0.0, 0.0, 0.0]",130430,62539,N3,dismiss,-0.3,ts,1699,1
"[0.722689075630252, -0.722689075630252, 0.0, 0.31297709923664124, 0.08, 0.0, 0.0, 0.0, 1.0, 0.856706738400751, 1.0, 0.0, 0.0, 0.0, 0.0, 0.0, 0.0, 0.0]",104682,169335,N6,dismiss,-0.3,ts,2368,0
"[0.6363636363636364, -0.6363636363636364, -0.2700729927007299, 0.0, 0.0, 0.0, 0.0, 0.0, 1.0, 0.8519911280552436, 1.0, 0.0, 0.0, 0.0, 0.0, 0.0, 0.0, 0.0]",141743,51605,N6,dismiss,-0.3,ts,1082,0
"[0.14, -0.14, -0.12400000000000005, 0.05263157894736842, -0.1, 0.0, 0.0, 0.0, 1.0, 0.7156363704875062, 1.0, 0.0, 0.0, 0.0, 0.0, 0.0, 0.0, 0.0]",174942,69993,N6,dismiss,-0.3,ts,2612,0
"[0.7954545454545455, -0.7954545454545455, -0.058333333333333376, 0.08262108262108261, 1.0, 0.0, 0.0, 0.0, 1.0, 0.7660644633672044, 1.0, 0.0, 0.0, 0.0, 0.0, 0.0, 0.0, 0.0]",30103,89765,N6,dismiss,-0.3,ts,900,1
"[0.5636363636363637, -0.5636363636363637, -0.16666666666666666, -0.0169971671388102, 0.5714285714285714, 0.0, 0.0, 0.0, 1.0, 0.7583006312428955, 1.0, 0.0, 0.0, 0.0, 0.0, 0.0, 0.0, 0.0]",87720,107659,N6,dismiss,-0.3,ts,2010,0
"[0.11458333333333333, -0.11458333333333333, 0.0, -0.5587392550143266, -0.77, 0.0, 0.0, 0.0, 1.0, 0.5737732739088267, 1.0, 0.0, 0.0, 0.0, 0.0, 0.0, 0.0, 0.0]",107563,142262,N6,dismiss,-0.3,ts,1469,0
"[0.5, -0.5, 0.006289308176100607, 0.12, -0.06000000000000005, 0.0, 0.0, 0.0, 1.0, 0.8573195155206763, 1.0, 0.0, 0.0, 0.0, 0.0, 0.0, 0.0, 0.0]",89446,58615,N6,dismiss,-0.3,ts,877,1
"[0.20000000000000007, -0.20000000000000007, -0.33657289002557544, -0.04, 1.0, 0.0, 0.0, 0.0, 1.0, 0.5636876947802636, 1.0, 0.0, 0.0, 0.0, 0.0, 0.0, 0.0, 0.0]",88363,107554,N6,dismiss,-0.3,ts,798,0
"[0.014492753623188259, -0.014492753623188259, 0.211283185840708, -0.26, 0.0, 0.0, 0.0, 0.0, 1.0, 0.6256845598961668, 1.0, 0.0, 0.0, 0.0, 0.0, 0.0, 0.0, 0.0]",79808,77265,N6,accept,0.3101449275362318,ts,1528,0
"[0.788235294117647, -0.788235294117647, 0.0, 0.624, -0.3, 0.0, 0.0, 0.0, 1.0, 0.7824315289821677, 1.0, 0.0, 0.0, 0.0, 0.0, 0.0, 0.0, 0.0]",47181,47180,N6,dismiss,-0.3,ts,2610,1
"[0.09090909090909098, -0.09090909090909098, -0.45196211096075783, -0.03225806451612903, 0.0, 0.0, 0.0, 0.0, 1.0, 0.6555047740075687, 1.0, 0.0, 0.0, 0.0, 0.0, 0.0, 0.0, 0.0]",30023,142494,N6,dismiss,-0.3,ts,933,1
"[0.20000000000000007, -0.20000000000000007, 0.043478260869565216, -0.017142857142857144, -0.041666666666666664, 0.0, 0.0, 0.0, 1.0, 0.7891225128321847, 1.0, 0.0, 0.0, 0.0, 0.0, 0.0, 0.0, 0.0]",108745,31972,N6,dismiss,-0.3,ts,706,1
"[0.25, -0.25, -0.25925925925925924, 0.048484848484848485, 0.041666666666666664, 0.0, 0.0, 0.0, 1.0, 0.7328139323987184, 1.0, 0.0, 0.0, 0.0, 0.0, 0.0, 0.0, 0.0]",142494,117045,N6,accept,0.475,ts,2373,0
"[0.16000000000000003, -0.16000000000000003, 0.06048982000590136, -0.4169611307420495, 0.08333333333333333, 0.0, 0.0, 0.0, 1.0, 0.6782079465127508, 1.0, 0.0, 0.0, 0.0, 0.0, 0.0, 0.0, 0.0]",134112,179649,N6,dismiss,-0.3,ts,1063,1
"[0.8571428571428572, -0.8571428571428572, 0.0, 0.015723270440251572, -0.4647887323943662, 0.0, 0.0, 0.0, 1.0, 0.8690644730758021, 1.0, 0.0, 0.0, 0.0, 0.0, 0.0, 0.0, 0.0]",87864,87863,N6,dismiss,-0.3,ts,1081,1
"[0.8571428571428572, -0.8571428571428572, 0.05800000000000001, 0.054901960784313725, 0.0, 0.0, 0.0, 0.0, 1.0, 0.9269965060246893, 1.0, 0.0, 0.0, 0.0, 0.0, 0.0, 0.0, 0.0]",116982,117003,N6,dismiss,-0.3,ts,749,0
"[0.5636363636363637, -0.5636363636363637, 0.15368421052631587, -0.019662921348314606, 1.0, 0.0, 0.0, 0.0, 1.0, 0.7148739042100718, 1.0, 0.0, 0.0, 0.0, 0.0, 0.0, 0.0, 0.0]",107747,108839,N6,dismiss,-0.3,ts,932,1
"[0.28571428571428575, -0.28571428571428575, 0.0, -0.1005586592178771, 0.14285714285714285, 0.0, 0.0, 0.0, 1.0, 0.7864257510470529, 1.0, 0.0, 0.0, 0.0, 0.0, 0.0, 0.0, 0.0]",128281,51122,N6,dismiss,-0.3,ts,1469,0
"[0.20000000000000004, -0.20000000000000004, -0.14724770642201832, 0.0, -0.041666666666666664, 0.0, 0.0, 0.0, 1.0, 0.7598162879753003, 1.0, 0.0, 0.0, 0.0, 0.0, 0.0, 0.0, 0.0]",143384,84737,N6,dismiss,-0.3,ts,2987,0
"[0.09999999999999998, -0.09999999999999998, -0.37823834196891193, 0.01764705882352941, 0.2727272727272727, 0.0, 0.0, 0.0, 1.0, 0.6128196326482629, 1.0, 0.0, 0.0, 0.0, 0.0, 0.0, 0.0, 0.0]",16912,111476,N6,dismiss,-0.3,ts,1213,1
"[0.14, -0.14, -0.39014202172096907, 0.0, 0.0, 0.0, 0.0, 0.0, 1.0, 0.6933967894472572, 1.0, 0.0, 0.0, 0.0, 0.0, 0.0, 0.0, 0.0]",72623,69993,N6,dismiss,-0.3,ts,2098,0
"[0.64, -0.64, 0.006949806949806939, -0.015957446808510637, -0.38, 0.0, 0.0, 0.0, 1.0, 0.8487468405875243, 1.0, 0.0, 0.0, 0.0, 0.0, 0.0, 0.0, 0.0]",19611,128279,N6,accept,0.748,ts,1964,1
"[0.040000000000000036, -0.040000000000000036, 0.0, 0.0, 0.0, 0.0, 0.0, 0.0, 1.0, 0.7649820258822859, 1.0, 0.0, 0.0, 0.0, 0.0, 0.0, 0.0, 0.0]",141765,141753,N6,dismiss,-0.3,ts,1574,0
"[0.24999999999999997, -0.24999999999999997, 0.06028476219327483, 0.2600732600732601, 0.17391304347826086, 0.0, 0.0, 0.0, 1.0, 0.7119707109018438, 1.0, 0.0, 0.0, 0.0, 0.0, 0.0, 0.0, 0.0]",86743,169335,N6,dismiss,-0.3,ts,1490,1
"[0.18831168831168835, -0.18831168831168835, 0.0, 0.15942028985507245, 0.18, 0.0, 0.0, 0.0, 1.0, 0.732496988669393, 1.0, 0.0, 0.0, 0.0, 0.0, 0.0, 0.0, 0.0]",151793,85224,N6,dismiss,-0.3,ts,2189,0
"[0.8714285714285714, -0.8714285714285714, -0.4314063848144952, 0.22093023255813954, 0.55, 0.0, 0.0, 0.0, 1.0, 0.6966389331720354, 1.0, 0.0, 0.0, 0.0, 0.0, 0.0, 0.0, 0.0]",73628,170138,N6,dismiss,-0.3,ts,1931,1
"[0.6173469387755102, -0.6173469387755102, 0.12640801001251561, 0.019943019943019943, 0.6666666666666666, 0.0, 0.0, 0.0, 1.0, 0.7711798312726024, 1.0, 0.0, 0.0, 0.0, 0.0, 0.0, 0.0, 0.0]",105910,151849,N6,dismiss,-0.3,ts,652,0
"[0.24999999999999997, -0.24999999999999997, 0.16666666666666666, 0.0, 0.0, 0.0, 0.0, 0.0, 1.0, 0.7828956117024544, 1.0, 0.0, 0.0, 0.0, 0.0, 0.0, 0.0, 0.0]",18305,18309,N6,dismiss,-0.3,ts,2115,0
"[0.24999999999999992, -0.24999999999999992, -0.48413125336202256, 1.0, -0.2608695652173913, 0.0, 0.0, 0.0, 1.0, 0.5241024203212179, 1.0, 0.0, 0.0, 0.0, 0.0, 0.0, 0.0, 0.0]",84737,55882,N6,dismiss,-0.3,ts,1136,1
"[0.09883720930232553, -0.09883720930232553, 0.04084778420038544, 0.019886363636363636, 0.24999999999999997, 0.0, 0.0, 0.0, 1.0, 0.7062360331845564, 1.0, 0.0, 0.0, 0.0, 0.0, 0.0, 0.0, 0.0]",54520,85287,N6,dismiss,-0.3,ts,1626,1
"[0.5636363636363637, -0.5636363636363637, 0.23355263157894735, 0.12753623188405797, 1.0, 0.0, 0.0, 0.0, 1.0, 0.6840640041636011, 1.0, 0.0, 0.0, 0.0, 0.0, 0.0, 0.0, 0.0]",123021,107588,N6,dismiss,-0.3,ts,2492,1
"[0.24999999999999992, -0.24999999999999992, 0.2002503128911139, -0.1092436974789916, 0.13333333333333333, 0.0, 0.0, 0.0, 1.0, 0.7090355520187257, 1.0, 0.0, 0.0, 0.0, 0.0, 0.0, 0.0, 0.0]",139806,55882,N6,dismiss,-0.3,ts,2018,1
"[0.1666666666666667, -0.1666666666666667, 0.07142857142857142, -0.5081967213114754, 0.06000000000000001, 0.0, 0.0, 0.0, 1.0, 0.6719279802353277, 1.0, 0.0, 0.0, 0.0, 0.0, 0.0, 0.0, 0.0]",118798,71728,N6,dismiss,-0.3,ts,2952,1
"[0.5333333333333333, -0.5333333333333333, -0.48048048048048053, 0.02040816326530612, 0.14583333333333337, 0.0, 0.0, 0.0, 1.0, 0.7485676573250069, 1.0, 0.0, 0.0, 0.0, 0.0, 0.0, 0.0, 0.0]",16681,16734,N6,dismiss,-0.3,ts,862,1
"[0.2, -0.2, -0.16944444444444448, -0.32945736434108525, 1.0, 0.0, 0.0, 0.0, 1.0, 0.5616613228277293, 1.0, 0.0, 0.0, 0.0, 0.0, 0.0, 0.0, 0.0]",145578,158410,N6,dismiss,-0.3,ts,1237,1
"[0.56, -0.56, -0.27891304347826085, -0.6214057507987221, 1.0, 0.0, 0.0, 0.0, 1.0, 0.5964122902963748, 1.0, 0.0, 0.0, 0.0, 0.0, 0.0, 0.0, 0.0]",128295,117335,N6,dismiss,-0.3,ts,2346,1
"[0.28476821192052976, -0.28476821192052976, 0.0, -0.021806853582554516, -0.4166666666666667, 0.0, 0.0, 0.0, 1.0, 0.7595229641394782, 1.0, 0.0, 0.0, 0.0, 0.0, 0.0, 0.0, 0.0]",103704,145523,N6,dismiss,-0.3,ts,1418,0
"[0.25000000000000006, -0.25000000000000006, 0.0, 1.0, -0.3157894736842105, 0.0, 0.0, 0.0, 1.0, 0.6210881403621081, 1.0, 0.0, 0.0, 0.0, 0.0, 0.0, 0.0, 0.0]",185524,92082,N6,dismiss,-0.3,ts,2680,1
"[0.20000000000000007, -0.20000000000000007, 0.026363636363636287, -0.008547008547008548, -0.14285714285714285, 0.0, 0.0, 0.0, 1.0, 0.7727351749443683, 1.0, 0.0, 0.0, 0.0, 0.0, 0.0, 0.0, 0.0]",70002,31973,N6,dismiss,-0.3,ts,604,1
"[0.8285714285714286, -0.8285714285714286, -0.522463768115942, 0.68, 0.55, 0.0, 0.0, 0.0, 1.0, 0.6203403653485181, 1.0, 0.0, 0.0, 0.0, 0.0, 0.0, 0.0, 0.0]",71136,170138,N6,dismiss,-0.3,ts,458,0
"[0.375, -0.375, -0.5170068027210885, 0.0, 0.0, 0.0, 0.0, 0.0, 1.0, 0.7485728828665705, 1.0, 0.0, 0.0, 0.0, 0.0, 0.0, 0.0, 0.0]",30574,170956,N6,dismiss,-0.3,ts,1891,0
"[0.3142857142857143, -0.3142857142857143, -0.502322495023225, 0.10826210826210826, 0.7142857142857143, 0.0, 0.0, 0.0, 1.0, 0.5898177446147886, 1.0, 0.0, 0.0, 0.0, 0.0, 0.0, 0.0, 0.0]",74278,107588,N6,dismiss,-0.3,ts,519,1
"[0.20000000000000007, -0.20000000000000007, -0.2794444444444444, -0.04, 1.0, 0.0, 0.0, 0.0, 1.0, 0.5760362365604412, 1.0, 0.0, 0.0, 0.0, 0.0, 0.0, 0.0, 0.0]",30105,107554,N6,dismiss,-0.3,ts,1304,1
"[0.8, -0.8, 0.13333333333333333, 0.0, 0.0, 0.0, 0.0, 0.0, 1.0, 0.9115993194259686, 1.0, 0.0, 0.0, 0.0, 0.0, 0.0, 0.0, 0.0]",190833,51605,N6,dismiss,-0.3,ts,1786,0
"[0.09677419354838718, -0.09677419354838718, -0.468125, -0.014245014245014245, 0.12857142857142861, 0.0, 0.0, 0.0, 1.0, 0.6262320989473779, 1.0, 0.0, 0.0, 0.0, 0.0, 0.0, 0.0, 0.0]",15686,117162,N6,dismiss,-0.3,ts,714,1
"[0.12499999999999988, -0.12499999999999988, -0.4164235097957482, 0.1793103448275862, -0.047619047619047616, 0.0, 0.0, 0.0, 1.0, 0.6244645839381715, 1.0, 0.0, 0.0, 0.0, 0.0, 0.0, 0.0, 0.0]",155856,114737,N6,accept,0.3874999999999999,ts,2232,1
"[0.6136363636363636, -0.6136363636363636, 0.22448979591836735, -0.5661971830985916, -0.5818181818181819, 0.0, 0.0, 0.0, 1.0, 0.6543752726498029, 1.0, 0.0, 0.0, 0.0, 0.0, 0.0, 0.0, 0.0]",123023,142262,N6,dismiss,-0.3,ts,2030,1
"[0.2142857142857143, -0.2142857142857143, 0.0, -0.09363295880149813, 0.5492957746478874, 0.0, 0.0, 0.0, 1.0, 0.7020840351677758, 1.0, 0.0, 0.0, 0.0, 0.0, 0.0, 0.0, 0.0]",147103,138639,N6,dismiss,-0.3,ts,525,1
"[0.02500000000000002, -0.02500000000000002, -0.33110367892976583, -0.18, -0.039999999999999994, 0.0, 0.0, 0.0, 1.0, 0.6056318521821138, 1.0, 0.0, 0.0, 0.0, 0.0, 0.0, 0.0, 0.0]",54434,62503,N6,dismiss,-0.3,ts,698,1
"[0.20000000000000007, -0.20000000000000007, -0.20556107249255215, -0.019943019943019943, -0.14285714285714285, 0.0, 0.0, 0.0, 1.0, 0.7122657788374624, 1.0, 0.0, 0.0, 0.0, 0.0, 0.0, 0.0, 0.0]",15528,31975,N6,dismiss,-0.3,ts,795,1
"[0.24999999999999997, -0.24999999999999997, -0.27846265409717186, 0.0, 0.0, 0.0, 0.0, 0.0, 1.0, 0.7541829612825312, 1.0, 0.0, 0.0, 0.0, 0.0, 0.0, 0.0, 0.0]",141746,174748,N6,dismiss,-0.3,ts,2892,0
"[0.8285714285714286, -0.8285714285714286, -0.522463768115942, 0.68, 0.55, 0.0, 0.0, 0.0, 1.0, 0.6203403653485181, 1.0, 0.0, 0.0, 0.0, 0.0, 0.0, 0.0, 0.0]",71136,170138,N6,dismiss,-0.3,ts,1066,0
"[0.25000000000000006, -0.25000000000000006, 0.0, 0.08, -0.059999999999999984, 0.0, 0.0, 0.0, 1.0, 0.8004489834402018, 1.0, 0.0, 0.0, 0.0, 0.0, 0.0, 0.0, 0.0]",85228,110598,N6,dismiss,-0.3,ts,2806,0
"[0.10000000000000007, -0.10000000000000007, -0.17519908987485786, -0.01048951048951049, -0.14285714285714285, 0.0, 0.0, 0.0, 1.0, 0.6877102891525925, 1.0, 0.0, 0.0, 0.0, 0.0, 0.0, 0.0, 0.0]",115366,134111,N6,dismiss,-0.3,ts,1482,0
"[0.1428571428571428, -0.1428571428571428, 0.0, -0.75, -0.44000000000000006, 0.0, 0.0, 0.0, 1.0, 0.5984532043847945, 1.0, 0.0, 0.0, 0.0, 0.0, 0.0, 0.0, 0.0]",50807,81128,N6,dismiss,-0.3,ts,940,0
"[0.3, -0.3, -0.09090909090909091, 0.46, -0.08000000000000003, 0.0, 0.0, 0.0, 1.0, 0.709824759435147, 1.0, 0.0, 0.0, 0.0, 0.0, 0.0, 0.0, 0.0]",38740,41068,N6,dismiss,-0.3,ts,1546,0
"[0.18749999999999997, -0.18749999999999997, 0.1864406779661017, 0.7322834645669292, -0.1, 0.0, 0.0, 0.0, 1.0, 0.6137511118933905, 1.0, 0.0, 0.0, 0.0, 0.0, 0.0, 0.0, 0.0]",92706,114738,N6,accept,0.43124999999999997,ts,1472,1
"[0.25, -0.25, -0.24812030075187969, 0.005813953488372093, 0.041666666666666664, 0.0, 0.0, 0.0, 1.0, 0.7476249554836153, 1.0, 0.0, 0.0, 0.0, 0.0, 0.0, 0.0, 0.0]",174772,117045,N6,accept,0.475,ts,2119,0
"[0.24999999999999997, -0.24999999999999997, -0.4147058823529412, 0.0, 0.0, 0.0, 0.0, 0.0, 1.0, 0.726850521859211, 1.0, 0.0, 0.0, 0.0, 0.0, 0.0, 0.0, 0.0]",51609,174748,N6,accept,0.475,ts,669,0
"[0.5636363636363637, -0.5636363636363637, -0.5024875621890547, -0.033426183844011144, 0.6923076923076923, 0.0, 0.0, 0.0, 1.0, 0.673245592471575, 1.0, 0.0, 0.0, 0.0, 0.0, 0.0, 0.0, 0.0]",43372,107659,N6,dismiss,-0.3,ts,641,1
"[0.2941176470588236, -0.2941176470588236, 0.0, 1.0, 0.48, 0.0, 0.0, 0.0, 1.0, 0.6188615559348754, 1.0, 0.0, 0.0, 0.0, 0.0, 0.0, 0.0, 0.0]",51575,50956,N6,dismiss,-0.3,ts,2900,0
"[0.12499999999999988, -0.12499999999999988, -0.2814901047729919, -0.047058823529411764, 0.2, 0.0, 0.0, 0.0, 1.0, 0.6473095134029654, 1.0, 0.0, 0.0, 0.0, 0.0, 0.0, 0.0, 0.0]",93923,135548,N6,dismiss,-0.3,ts,2539,1
"[0.22222222222222215, -0.22222222222222215, -0.09255898366606173, 0.16153846153846155, 0.020000000000000018, 0.0, 0.0, 0.0, 1.0, 0.7492855744837049, 1.0, 0.0, 0.0, 0.0, 0.0, 0.0, 0.0, 0.0]",87131,108112,N6,dismiss,-0.3,ts,1899,0
"[0.13333333333333344, -0.13333333333333344, -0.1, -0.75, -0.44000000000000006, 0.0, 0.0, 0.0, 1.0, 0.5587769414463242, 1.0, 0.0, 0.0, 0.0, 0.0, 0.0, 0.0, 0.0]",70105,79461,N6,accept,0.3933333333333334,ts,859,0
"[0.8571428571428572, -0.8571428571428572, 0.0, -0.04, 0.0, 0.0, 0.0, 0.0, 1.0, 0.9529674423825959, 1.0, 0.0, 0.0, 0.0, 0.0, 0.0, 0.0, 0.0]",16648,16650,N6,dismiss,-0.3,ts,1761,0
"[0.3636363636363637, -0.3636363636363637, 0.0, 0.0, 0.0, 0.0, 0.0, 0.0, 1.0, 0.8742764353476687, 1.0, 0.0, 0.0, 0.0, 0.0, 0.0, 0.0, 0.0]",123010,123174,N6,dismiss,-0.3,ts,1681,0
"[0.28571428571428564, -0.28571428571428564, -0.4612523248605084, -0.1, -0.12000000000000002, 0.0, 0.0, 0.0, 1.0, 0.6713399049502052, 1.0, 0.0, 0.0, 0.0, 0.0, 0.0, 0.0, 0.0]",81570,81996,N6,dismiss,-0.3,ts,2326,1
"[0.1411042944785276, -0.1411042944785276, -0.21130676552363295, -0.03888888888888889, 0.0, 0.0, 0.0, 0.0, 1.0, 0.721979730157365, 1.0, 0.0, 0.0, 0.0, 0.0, 0.0, 0.0, 0.0]",15663,117162,N6,dismiss,-0.3,ts,918,1
"[0.8482142857142858, -0.8482142857142858, -0.42857142857142855, 0.0, 0.0, 0.0, 0.0, 0.0, 1.0, 0.8484809649435068, 1.0, 0.0, 0.0, 0.0, 0.0, 0.0, 0.0, 0.0]",164512,75387,N6,dismiss,-0.3,ts,1534,1
"[0.22000000000000006, -0.22000000000000006, -0.2748368382886149, 0.0, 0.0, 0.0, 0.0, 0.0, 1.0, 0.7450578168936005, 1.0, 0.0, 0.0, 0.0, 0.0, 0.0, 0.0, 0.0]",141766,93850,N6,dismiss,-0.3,ts,937,1
"[0.14, -0.14, 0.06068268015170685, 0.0, 0.0, 0.0, 0.0, 0.0, 1.0, 0.7788836843497392, 1.0, 0.0, 0.0, 0.0, 0.0, 0.0, 0.0, 0.0]",72622,79362,N6,dismiss,-0.3,ts,920,1
"[0.09999999999999996, -0.09999999999999996, 0.0, -0.1005586592178771, 0.0, 0.0, 0.0, 0.0, 1.0, 0.7598937305521247, 1.0, 0.0, 0.0, 0.0, 0.0, 0.0, 0.0, 0.0]",127521,108202,N6,dismiss,-0.3,ts,1194,0
"[0.18367346938775517, -0.18367346938775517, 0.1798355380765106, 0.04938271604938271, -0.2, 0.0, 0.0, 0.0, 1.0, 0.6932086053533111, 1.0, 0.0, 0.0, 0.0, 0.0, 0.0, 0.0, 0.0]",135547,72620,N6,dismiss,-0.3,ts,2111,1
"[0.09090909090909098, -0.09090909090909098, -0.24812030075187969, -0.05571847507331378, -0.15384615384615385, 0.0, 0.0, 0.0, 1.0, 0.6500975807899754, 1.0, 0.0, 0.0, 0.0, 0.0, 0.0, 0.0, 0.0]",174771,43089,N6,dismiss,-0.3,ts,746,1
"[0.4767441860465116, -0.4767441860465116, -0.4936416184971098, 0.0, 0.08333333333333329, 0.0, 0.0, 0.0, 1.0, 0.7549585428176583, 1.0, 0.0, 0.0, 0.0, 0.0, 0.0, 0.0, 0.0]",54520,111012,N6,dismiss,-0.3,ts,1223,1
"[0.625, -0.625, -0.2317548746518106, 0.016722408026755852, -0.07692307692307693, 0.0, 0.0, 0.0, 1.0, 0.8330090859287487, 1.0, 0.0, 0.0, 0.0, 0.0, 0.0, 0.0, 0.0]",174765,141757,N6,dismiss,-0.3,ts,1553,0
"[0.5636363636363637, -0.5636363636363637, -0.5, -0.011396011396011397, 0.5714285714285714, 0.0, 0.0, 0.0, 1.0, 0.6902035732005655, 1.0, 0.0, 0.0, 0.0, 0.0, 0.0, 0.0, 0.0]",15534,107659,N6,dismiss,-0.3,ts,635,1
"[0.25, -0.25, -0.24812030075187969, 0.005813953488372093, 0.041666666666666664, 0.0, 0.0, 0.0, 1.0, 0.7476249554836153, 1.0, 0.0, 0.0, 0.0, 0.0, 0.0, 0.0, 0.0]",174773,117045,N6,accept,0.475,ts,1898,0
"[0.6304347826086956, -0.6304347826086956, -0.030371567043618666, 0.01984126984126984, -0.42592592592592593, 0.0, 0.0, 0.0, 1.0, 0.8308228755199523, 1.0, 0.0, 0.0, 0.0, 0.0, 0.0, 0.0, 0.0]",89552,20089,N6,dismiss,-0.3,ts,1931,1
"[0.2777777777777778, -0.2777777777777778, -0.02328288707799767, 0.1134020618556701, 0.05, 0.0, 0.0, 0.0, 1.0, 0.7947171443990272, 1.0, 0.0, 0.0, 0.0, 0.0, 0.0, 0.0, 0.0]",139804,78130,N6,dismiss,-0.3,ts,2810,1
"[0.3, -0.3, 0.2, 0.0, 0.0, 0.0, 0.0, 0.0, 1.0, 0.7895387605196299, 1.0, 0.0, 0.0, 0.0, 0.0, 0.0, 0.0, 0.0]",133969,50807,N6,dismiss,-0.3,ts,1571,1
"[0.1666666666666667, -0.1666666666666667, 0.2, 0.0, 0.0, 0.0, 0.0, 0.0, 1.0, 0.7452936748080553, 1.0, 0.0, 0.0, 0.0, 0.0, 0.0, 0.0, 0.0]",18364,61090,N6,dismiss,-0.3,ts,2790,0
"[0.0384615384615385, -0.0384615384615385, 0.22897483118477596, 0.02976190476190476, 0.05999999999999996, 0.0, 0.0, 0.0, 1.0, 0.6652929903136966, 1.0, 0.0, 0.0, 0.0, 0.0, 0.0, 0.0, 0.0]",143094,87100,N6,dismiss,-0.3,ts,876,0
"[0.4545454545454546, -0.4545454545454546, -0.375, 0.00872093023255814, 0.8333333333333334, 0.0, 0.0, 0.0, 1.0, 0.668386089463201, 1.0, 0.0, 0.0, 0.0, 0.0, 0.0, 0.0, 0.0]",31975,107659,N6,dismiss,-0.3,ts,1274,1
"[0.050000000000000044, -0.050000000000000044, 0.23767935121646902, 0.28, -0.21999999999999997, 0.0, 0.0, 0.0, 1.0, 0.5753341503687988, 1.0, 0.0, 0.0, 0.0, 0.0, 0.0, 0.0, 0.0]",115984,94324,N6,dismiss,-0.3,ts,2090,0
"[0.5170454545454546, -0.5170454545454546, -0.375, -0.5574712643678161, -0.6166666666666667, 0.0, 0.0, 0.0, 1.0, 0.599900311717407, 1.0, 0.0, 0.0, 0.0, 0.0, 0.0, 0.0, 0.0]",31966,142262,N6,dismiss,-0.3,ts,632,1
"[0.24999999999999997, -0.24999999999999997, 0.1, 0.0, 0.0, 0.0, 0.0, 0.0, 1.0, 0.8033355002032929, 1.0, 0.0, 0.0, 0.0, 0.0, 0.0, 0.0, 0.0]",51138,18239,N6,dismiss,-0.3,ts,720,1
"[0.4583333333333333, -0.4583333333333333, -0.1433260393873086, 0.22, 0.24000000000000005, 0.0, 0.0, 0.0, 1.0, 0.7386709394486253, 1.0, 0.0, 0.0, 0.0, 0.0, 0.0, 0.0, 0.0]",151789,123325,N6,dismiss,-0.3,ts,2782,0
"[0.375, -0.375, -0.14007003501750862, -0.3789173789173789, -0.2916666666666667, 0.0, 0.0, 0.0, 1.0, 0.6826003628135929, 1.0, 0.0, 0.0, 0.0, 0.0, 0.0, 0.0, 0.0]",182867,81396,N6,dismiss,-0.3,ts,1098,1
"[0.25, -0.25, -0.16722222222222222, -0.3333333333333333, -0.42000000000000004, 0.0, 0.0, 0.0, 1.0, 0.6245056173194792, 1.0, 0.0, 0.0, 0.0, 0.0, 0.0, 0.0, 0.0]",167076,169362,N6,dismiss,-0.3,ts,939,1
"[0.6, -0.6, 0.14277777777777778, 0.23829787234042554, 1.0, 0.0, 0.0, 0.0, 1.0, 0.6816493155826848, 1.0, 0.0, 0.0, 0.0, 0.0, 0.0, 0.0, 0.0]",145577,29663,N6,dismiss,-0.3,ts,942,1
"[0.3636363636363637, -0.3636363636363637, -0.24791666666666665, -0.07027027027027027, 1.0, 0.0, 0.0, 0.0, 1.0, 0.6415169590174974, 1.0, 0.0, 0.0, 0.0, 0.0, 0.0, 0.0, 0.0]",107308,123439,N6,dismiss,-0.3,ts,2524,0
"[0.895, -0.895, 0.032508311784262986, 0.0, 0.0, 0.0, 0.0, 0.0, 1.0, 0.9554782294686646, 1.0, 0.0, 0.0, 0.0, 0.0, 0.0, 0.0, 0.0]",82038,16731,N6,accept,0.9264999999999999,ts,1080,0
"[0.5454545454545455, -0.5454545454545455, -0.34353018158023885, 0.0, 0.0, 0.0, 0.0, 0.0, 1.0, 0.8191303026203585, 1.0, 0.0, 0.0, 0.0, 0.0, 0.0, 0.0, 0.0]",54334,54345,N6,dismiss,-0.3,ts,1830,1
"[0.1250000000000001, -0.1250000000000001, -0.041666666666666664, -0.015625, 0.07999999999999999, 0.0, 0.0, 0.0, 1.0, 0.753548736419283, 1.0, 0.0, 0.0, 0.0, 0.0, 0.0, 0.0, 0.0]",30711,82101,N3,accept,0.38750000000000007,ts,2235,1
"[0.4545454545454546, -0.4545454545454546, -0.31499999999999995, 0.014534883720930232, 0.6666666666666666, 0.0, 0.0, 0.0, 1.0, 0.6899352682059827, 1.0, 0.0, 0.0, 0.0, 0.0, 0.0, 0.0, 0.0]",31975,108839,N6,dismiss,-0.3,ts,1497,1
"[0.11999999999999993, -0.11999999999999993, 0.06218727662616149, 0.10434782608695652, 0.07142857142857142, 0.0, 0.0, 0.0, 1.0, 0.722908040941636, 1.0, 0.0, 0.0, 0.0, 0.0, 0.0, 0.0, 0.0]",88672,106733,N6,dismiss,-0.3,ts,1098,1
"[0.5798319327731092, -0.5798319327731092, -0.309153713298791, 0.14122137404580154, -0.28, 0.0, 0.0, 0.0, 1.0, 0.7318549797467085, 1.0, 0.0, 0.0, 0.0, 0.0, 0.0, 0.0, 0.0]",61358,104684,N6,dismiss,-0.3,ts,434,1
"[0.75, -0.75, 0.0, 0.0, 0.0, 0.0, 0.0, 0.0, 1.0, 0.9523252675504453, 1.0, 0.0, 0.0, 0.0, 0.0, 0.0, 0.0, 0.0]",129174,93843,N6,dismiss,-0.3,ts,1473,0
"[0.16666666666666666, -0.16666666666666666, -0.35805991440798857, -0.25, -0.5916666666666667, 0.0, 0.0, 0.0, 1.0, 0.5458766131572346, 1.0, 0.0, 0.0, 0.0, 0.0, 0.0, 0.0, 0.0]",116466,145578,N6,dismiss,-0.3,ts,1651,1
"[0.32919254658385094, -0.32919254658385094, 0.0, -0.17801047120418848, -0.2631578947368421, 0.0, 0.0, 0.0, 1.0, 0.757989917414392, 1.0, 0.0, 0.0, 0.0, 0.0, 0.0, 0.0, 0.0]",103705,145523,N6,accept,0.5304347826086957,ts,1990,0
"[0.20000000000000007, -0.20000000000000007, 0.17909090909090916, -0.10160427807486631, 0.36363636363636365, 0.0, 0.0, 0.0, 1.0, 0.6575173146638584, 1.0, 0.0, 0.0, 0.0, 0.0, 0.0, 0.0, 0.0]",89763,107554,N6,dismiss,-0.3,ts,2439,0
"[0.12499999999999988, -0.12499999999999988, -0.3487776484284052, -0.047058823529411764, 0.2, 0.0, 0.0, 0.0, 1.0, 0.632967816868683, 1.0, 0.0, 0.0, 0.0, 0.0, 0.0, 0.0, 0.0]",93923,135547,N6,dismiss,-0.3,ts,1684,1
"[0.20000000000000004, -0.20000000000000004, -0.6972222222222223, -0.46153846153846156, -0.059999999999999984, 0.0, 0.0, 0.0, 1.0, 0.565054577528199, 1.0, 0.0, 0.0, 0.0, 0.0, 0.0, 0.0, 0.0]",51193,18528,N6,dismiss,-0.3,ts,2698,0
"[0.20000000000000004, -0.20000000000000004, -0.6972222222222223, -0.46153846153846156, -0.059999999999999984, 0.0, 0.0, 0.0, 1.0, 0.565054577528199, 1.0, 0.0, 0.0, 0.0, 0.0, 0.0, 0.0, 0.0]",51193,18528,N6,dismiss,-0.3,ts,2408,0
"[0.72, -0.72, 0.14583333333333334, 0.02, 0.06000000000000001, 0.0, 0.0, 0.0, 1.0, 0.8748597557133838, 1.0, 0.0, 0.0, 0.0, 0.0, 0.0, 0.0, 0.0]",135298,81568,N6,dismiss,-0.3,ts,855,0
"[0.889795918367347, -0.889795918367347, -0.6247809762202753, 0.3394495412844037, -0.375, 0.0, 0.0, 0.0, 1.0, 0.6718552730147386, 1.0, 0.0, 0.0, 0.0, 0.0, 0.0, 0.0, 0.0]",115245,128284,N6,accept,0.9228571428571428,ts,692,1
"[0.1666666666666667, -0.1666666666666667, -0.20120724346076452, 0.17355371900826447, -0.20833333333333334, 0.0, 0.0, 0.0, 1.0, 0.6498658731927112, 1.0, 0.0, 0.0, 0.0, 0.0, 0.0, 0.0, 0.0]",81543,89666,N6,dismiss,-0.3,ts,2895,1
"[0.8447058823529412, -0.8447058823529412, 0.17056856187290975, 0.011320754716981131, -0.14285714285714285, 0.0, 0.0, 0.0, 1.0, 0.8648054349388439, 1.0, 0.0, 0.0, 0.0, 0.0, 0.0, 0.0, 0.0]",121068,92135,N6,dismiss,-0.3,ts,1625,1
"[0.3230769230769231, -0.3230769230769231, -0.39503932244404116, 1.0, -0.6470588235294118, 0.0, 0.0, 0.0, 1.0, 0.49503773927859074, 1.0, 0.0, 0.0, 0.0, 0.0, 0.0, 0.0, 0.0]",61360,169349,N6,accept,0.5261538461538462,ts,2201,0
"[0.44999999999999996, -0.44999999999999996, -0.7914494264859229, -0.06521739130434782, 0.0, 0.0, 0.0, 0.0, 1.0, 0.719797648348642, 1.0, 0.0, 0.0, 0.0, 0.0, 0.0, 0.0, 0.0]",43346,123210,N6,dismiss,-0.3,ts,2855,1
"[0.23076923076923075, -0.23076923076923075, -0.43301759133964823, 0.8216216216216217, 0.5, 0.0, 0.0, 0.0, 1.0, 0.5015479331039048, 1.0, 0.0, 0.0, 0.0, 0.0, 0.0, 0.0, 0.0]",175208,57278,N6,dismiss,-0.3,ts,1391,1
"[0.25, -0.25, 0.0, 0.0, 0.0, 0.0, 0.0, 0.0, 1.0, 0.8395893495876965, 1.0, 0.0, 0.0, 0.0, 0.0, 0.0, 0.0, 0.0]",116939,117045,N6,dismiss,-0.3,ts,2966,0
"[0.20000000000000007, -0.20000000000000007, 0.09090909090909091, -0.019943019943019943, -0.17857142857142858, 0.0, 0.0, 0.0, 1.0, 0.7386644578940104, 1.0, 0.0, 0.0, 0.0, 0.0, 0.0, 0.0, 0.0]",70000,31972,N6,accept,0.44000000000000006,ts,2992,1
"[0.12499999999999988, -0.12499999999999988, 0.10011641443538992, 0.5833333333333334, -0.05, 0.0, 0.0, 0.0, 1.0, 0.6424774264918087, 1.0, 0.0, 0.0, 0.0, 0.0, 0.0, 0.0, 0.0]",78136,180524,N6,dismiss,-0.3,ts,752,1
"[0.07692307692307684, -0.07692307692307684, 0.19546247818499135, 0.0, 0.043478260869565216, 0.0, 0.0, 0.0, 1.0, 0.7015125424526868, 1.0, 0.0, 0.0, 0.0, 0.0, 0.0, 0.0, 0.0]",155844,56248,N6,dismiss,-0.3,ts,2116,1
"[0.5636363636363637, -0.5636363636363637, -0.45400199269345726, -0.005698005698005698, 0.42857142857142855, 0.0, 0.0, 0.0, 1.0, 0.7147937609397567, 1.0, 0.0, 0.0, 0.0, 0.0, 0.0, 0.0, 0.0]",15533,108839,N6,dismiss,-0.3,ts,2021,1
"[0.9271428571428572, -0.9271428571428572, 0.2222222222222222, -0.14, 0.21999999999999997, 0.0, 0.0, 0.0, 1.0, 0.8090410868744287, 1.0, 0.0, 0.0, 0.0, 0.0, 0.0, 0.0, 0.0]",18359,51572,N6,dismiss,-0.3,ts,561,0
"[0.56, -0.56, -0.0009990009990009777, 0.5495049504950495, -0.4, 0.0, 0.0, 0.0, 1.0, 0.7384325320464852, 1.0, 0.0, 0.0, 0.0, 0.0, 0.0, 0.0, 0.0]",170191,169349,N6,dismiss,-0.3,ts,2903,0
"[0.2051948051948052, -0.2051948051948052, -0.24906132665832295, 0.7281553398058253, -0.3333333333333333, 0.0, 0.0, 0.0, 1.0, 0.5581176589932328, 1.0, 0.0, 0.0, 0.0, 0.0, 0.0, 0.0, 0.0]",138627,138518,N6,accept,0.4436363636363636,ts,1544,1
"[0.5636363636363637, -0.5636363636363637, -0.10601265822784818, 0.017595307917888565, 0.8333333333333334, 0.0, 0.0, 0.0, 1.0, 0.7571052284670172, 1.0, 0.0, 0.0, 0.0, 0.0, 0.0, 0.0, 0.0]",116193,108828,N6,dismiss,-0.3,ts,2426,1
"[0.01111111111111112, -0.01111111111111112, -0.3, -0.3541666666666667, -0.13999999999999999, 0.0, 0.0, 0.0, 1.0, 0.5511658124955352, 1.0, 0.0, 0.0, 0.0, 0.0, 0.0, 0.0, 0.0]",155816,79360,N6,dismiss,-0.3,ts,1054,1
"[0.0555555555555556, -0.0555555555555556, 0.0, -0.48237885462555063, 0.3181818181818182, 0.0, 0.0, 0.0, 1.0, 0.6073285707775768, 1.0, 0.0, 0.0, 0.0, 0.0, 0.0, 0.0, 0.0]",169062,104679,N6,dismiss,-0.3,ts,2261,1
"[0.25, -0.25, 0.09090909090909091, -0.32456140350877194, -0.10500000000000007, 0.0, 0.0, 0.0, 1.0, 0.706303156982304, 1.0, 0.0, 0.0, 0.0, 0.0, 0.0, 0.0, 0.0]",123778,165914,N6,dismiss,-0.3,ts,2693,0
"[0.45, -0.45, -0.5428571428571428, -0.6301369863013698, -0.44000000000000006, 0.0, 0.0, 0.0, 1.0, 0.5693508021396734, 1.0, 0.0, 0.0, 0.0, 0.0, 0.0, 0.0, 0.0]",39888,93713,N6,accept,0.615,ts,875,1
"[0.5, -0.5, -0.3, 0.0, 0.0, 0.0, 0.0, 0.0, 1.0, 0.8185495653156272, 1.0, 0.0, 0.0, 0.0, 0.0, 0.0, 0.0, 0.0]",38636,18374,N6,dismiss,-0.3,ts,473,0
"[0.5, -0.5, 0.0, 0.0, 0.0, 0.0, 0.0, 0.0, 1.0, 0.9087872380968218, 1.0, 0.0, 0.0, 0.0, 0.0, 0.0, 0.0, 0.0]",60782,60783,N6,accept,0.6499999999999999,ts,529,1
"[0.22666666666666668, -0.22666666666666668, -0.5995995995995996, 0.0, 0.0, 0.0, 0.0, 0.0, 1.0, 0.6921564497180331, 1.0, 0.0, 0.0, 0.0, 0.0, 0.0, 0.0, 0.0]",71092,40258,N6,dismiss,-0.3,ts,1319,0
"[0.375, -0.375, -0.0020010005002500824, -0.3475783475783476, -0.3333333333333333, 0.0, 0.0, 0.0, 1.0, 0.728520698289848, 1.0, 0.0, 0.0, 0.0, 0.0, 0.0, 0.0, 0.0]",182867,185375,N6,dismiss,-0.3,ts,588,1
"[0.20000000000000007, -0.20000000000000007, -0.00663349917081258, -0.002785515320334262, -0.44, 0.0, 0.0, 0.0, 1.0, 0.7315763827558615, 1.0, 0.0, 0.0, 0.0, 0.0, 0.0, 0.0, 0.0]",29710,135482,N6,dismiss,-0.3,ts,991,0
"[0.5, -0.5, -0.1669449081803005, -0.02857142857142857, -0.015999999999999945, 0.0, 0.0, 0.0, 1.0, 0.8389586327550722, 1.0, 0.0, 0.0, 0.0, 0.0, 0.0, 0.0, 0.0]",19869,81422,N3,dismiss,-0.3,ts,503,1
"[0.2777777777777778, -0.2777777777777778, -0.0009066183136899708, -0.46178343949044587, 0.4166666666666667, 0.0, 0.0, 0.0, 1.0, 0.6729220701152996, 1.0, 0.0, 0.0, 0.0, 0.0, 0.0, 0.0, 0.0]",104690,61360,N6,dismiss,-0.3,ts,2963,0
"[0.20000000000000007, -0.20000000000000007, -0.47011952191235057, -0.04735376044568245, -0.12, 0.0, 0.0, 0.0, 1.0, 0.6553750680351249, 1.0, 0.0, 0.0, 0.0, 0.0, 0.0, 0.0, 0.0]",30202,107170,N6,dismiss,-0.3,ts,1009,1
"[0.217741935483871, -0.217741935483871, -0.3216708318457694, 0.03003003003003003, 0.0, 0.0, 0.0, 0.0, 1.0, 0.7252313731850552, 1.0, 0.0, 0.0, 0.0, 0.0, 0.0, 0.0, 0.0]",89601,104962,N6,dismiss,-0.3,ts,2459,1
"[0.25, -0.25, 0.0, -0.005747126436781609, -0.16666666666666666, 0.0, 0.0, 0.0, 1.0, 0.7953547792253595, 1.0, 0.0, 0.0, 0.0, 0.0, 0.0, 0.0, 0.0]",117105,117045,N6,dismiss,-0.3,ts,1535,0
"[0.18749999999999997, -0.18749999999999997, -0.06666666666666667, 0.8181818181818182, -0.1, 0.0, 0.0, 0.0, 1.0, 0.6455626802602048, 1.0, 0.0, 0.0, 0.0, 0.0, 0.0, 0.0, 0.0]",63222,114738,N6,dismiss,-0.3,ts,474,1
"[0.41666666666666663, -0.41666666666666663, 0.1926782273603083, -0.02158273381294964, 0.0, 0.0, 0.0, 0.0, 1.0, 0.8183544914832085, 1.0, 0.0, 0.0, 0.0, 0.0, 0.0, 0.0, 0.0]",125880,39280,N6,dismiss,-0.3,ts,579,0
"[0.5, -0.5, -0.24054316197866152, 0.18, 0.12000000000000002, 0.0, 0.0, 0.0, 1.0, 0.7550551776802823, 1.0, 0.0, 0.0, 0.0, 0.0, 0.0, 0.0, 0.0]",145085,123325,N6,dismiss,-0.3,ts,1919,1
"[0.20000000000000007, -0.20000000000000007, -0.2029226170707406, -0.008547008547008548, -0.14285714285714285, 0.0, 0.0, 0.0, 1.0, 0.7162900950683957, 1.0, 0.0, 0.0, 0.0, 0.0, 0.0, 0.0, 0.0]",15533,32065,N6,dismiss,-0.3,ts,520,1
"[0.39999999999999997, -0.39999999999999997, -0.4619756427604872, 0.11009174311926606, 0.0, 0.0, 0.0, 0.0, 1.0, 0.7340076228857795, 1.0, 0.0, 0.0, 0.0, 0.0, 0.0, 0.0, 0.0]",115244,81543,N6,dismiss,-0.3,ts,2562,1
"[0.625, -0.625, -0.2317548746518106, 0.016722408026755852, -0.07692307692307693, 0.0, 0.0, 0.0, 1.0, 0.8330090859287487, 1.0, 0.0, 0.0, 0.0, 0.0, 0.0, 0.0, 0.0]",174765,141757,N6,dismiss,-0.3,ts,811,0
"[0.3333333333333333, -0.3333333333333333, -0.4668330955777461, -0.49709302325581395, -0.16666666666666666, 0.0, 0.0, 0.0, 1.0, 0.6071346314921081, 1.0, 0.0, 0.0, 0.0, 0.0, 0.0, 0.0, 0.0]",116466,158410,N6,dismiss,-0.3,ts,655,0
"[0.14000000000000004, -0.14000000000000004, -0.303, -0.2843601895734597, 0.41999999999999993, 0.0, 0.0, 0.0, 1.0, 0.5605413624853973, 1.0, 0.0, 0.0, 0.0, 0.0, 0.0, 0.0, 0.0]",162680,115226,N3,accept,0.398,ts,2229,1
"[0.55, -0.55, 0.11470588235294113, -0.05, -0.17272727272727276, 0.0, 0.0, 0.0, 1.0, 0.8203561366987663, 1.0, 0.0, 0.0, 0.0, 0.0, 0.0, 0.0, 0.0]",115238,49005,N6,accept,0.685,ts,1530,0
"[0.55, -0.55, 0.0, 0.006872852233676976, 0.0, 0.0, 0.0, 0.0, 1.0, 0.9173977756641208, 1.0, 0.0, 0.0, 0.0, 0.0, 0.0, 0.0, 0.0]",106148,106147,N6,dismiss,-0.3,ts,2344,0
"[0.07692307692307684, -0.07692307692307684, -0.1872881355932203, 1.0, -0.22727272727272727, 0.0, 0.0, 0.0, 1.0, 0.5317456847362717, 1.0, 0.0, 0.0, 0.0, 0.0, 0.0, 0.0, 0.0]",169794,55882,N6,dismiss,-0.3,ts,650,1
"[0.2000000000000001, -0.2000000000000001, -0.15304087736789634, 0.1346153846153846, 0.020000000000000018, 0.0, 0.0, 0.0, 1.0, 0.7288068930367897, 1.0, 0.0, 0.0, 0.0, 0.0, 0.0, 0.0, 0.0]",86978,87097,N6,dismiss,-0.3,ts,1334,1
"[0.5636363636363637, -0.5636363636363637, -0.43781094527363185, -0.011396011396011397, 0.5714285714285714, 0.0, 0.0, 0.0, 1.0, 0.699948256510776, 1.0, 0.0, 0.0, 0.0, 0.0, 0.0, 0.0, 0.0]",15532,108828,N6,dismiss,-0.3,ts,1614,0
"[0.023255813953488393, -0.023255813953488393, 0.03894297635605003, 0.0, -0.03571428571428571, 0.0, 0.0, 0.0, 1.0, 0.7333907959334611, 1.0, 0.0, 0.0, 0.0, 0.0, 0.0, 0.0, 0.0]",20076,20077,N6,dismiss,-0.3,ts,1728,1
"[0.2941176470588235, -0.2941176470588235, -0.20508744038155807, 0.9354838709677419, 0.58, 0.0, 0.0, 0.0, 1.0, 0.5564807400241625, 1.0, 0.0, 0.0, 0.0, 0.0, 0.0, 0.0, 0.0]",79359,18570,N1,accept,0.5058823529411764,ts,2514,1
"[0.24999999999999992, -0.24999999999999992, -0.18808777429467086, -0.007194244604316547, -0.02439024390243908, 0.0, 0.0, 0.0, 1.0, 0.7676014166610969, 1.0, 0.0, 0.0, 0.0, 0.0, 0.0, 0.0, 0.0]",113424,125887,N6,dismiss,-0.3,ts,2155,0
"[0.0384615384615385, -0.0384615384615385, 0.22897483118477596, 0.02976190476190476, 0.05999999999999996, 0.0, 0.0, 0.0, 1.0, 0.6652929903136966, 1.0, 0.0, 0.0, 0.0, 0.0, 0.0, 0.0, 0.0]",143094,87100,N6,dismiss,-0.3,ts,2624,0
"[0.25000000000000006, -0.25000000000000006, 0.1111111111111111, 0.0, 0.0, 0.0, 0.0, 0.0, 1.0, 0.7997368301710582, 1.0, 0.0, 0.0, 0.0, 0.0, 0.0, 0.0, 0.0]",62598,18364,N6,dismiss,-0.3,ts,1353,1
"[0.5636363636363637, -0.5636363636363637, -0.43781094527363185, -0.011396011396011397, 0.5714285714285714, 0.0, 0.0, 0.0, 1.0, 0.699948256510776, 1.0, 0.0, 0.0, 0.0, 0.0, 0.0, 0.0, 0.0]",151840,108828,N1,dismiss,-0.3,ts,2140,1
"[0.17010309278350508, -0.17010309278350508, -0.2631578947368421, 0.11370262390670553, -0.2692307692307692, 0.0, 0.0, 0.0, 1.0, 0.6376314959661844, 1.0, 0.0, 0.0, 0.0, 0.0, 0.0, 0.0, 0.0]",104962,103705,N6,dismiss,-0.3,ts,1133,0
"[0.6711111111111112, -0.6711111111111112, -0.2288984263233191, 1.0, 1.0, 0.0, 0.0, 0.0, 1.0, 0.5681426486260653, 1.0, 0.0, 0.0, 0.0, 0.0, 0.0, 0.0, 0.0]",106727,63922,N6,accept,0.7697777777777778,ts,1490,1
"[0.5, -0.5, 0.0, 0.0, 0.0, 0.0, 0.0, 0.0, 1.0, 0.9087872380968218, 1.0, 0.0, 0.0, 0.0, 0.0, 0.0, 0.0, 0.0]",60782,60783,N1,dismiss,-0.3,ts,717,1
"[0.16666666666666666, -0.16666666666666666, -0.46822742474916385, -0.369620253164557, -0.28, 0.0, 0.0, 0.0, 1.0, 0.5469355133928794, 1.0, 0.0, 0.0, 0.0, 0.0, 0.0, 0.0, 0.0]",121907,41685,N6,dismiss,-0.3,ts,809,1
"[0.5588235294117647, -0.5588235294117647, 0.09640359640359639, 0.12, -0.5555555555555556, 0.0, 0.0, 0.0, 1.0, 0.7535196249403913, 1.0, 0.0, 0.0, 0.0, 0.0, 0.0, 0.0, 0.0]",170190,128254,N3,dismiss,-0.3,ts,924,1
"[0.25000000000000006, -0.25000000000000006, 0.0, 1.0, -0.3157894736842105, 0.0, 0.0, 0.0, 1.0, 0.6210881403621081, 1.0, 0.0, 0.0, 0.0, 0.0, 0.0, 0.0, 0.0]",185524,92082,N6,dismiss,-0.3,ts,1019,1
"[0.043062200956937836, -0.043062200956937836, -0.7251084934903905, 0.0, 0.0, 0.0, 0.0, 0.0, 1.0, 0.6130297832369747, 1.0, 0.0, 0.0, 0.0, 0.0, 0.0, 0.0, 0.0]",90708,54194,N6,dismiss,-0.3,ts,2032,1
"[0.3888888888888889, -0.3888888888888889, -0.46507483962936563, 0.20416666666666666, 0.0235294117647058, 0.0, 0.0, 0.0, 1.0, 0.7029881973731301, 1.0, 0.0, 0.0, 0.0, 0.0, 0.0, 0.0, 0.0]",127487,114138,N3,dismiss,-0.3,ts,981,1
"[0.20000000000000007, -0.20000000000000007, -0.5455580865603644, -0.04735376044568245, -0.08333333333333333, 0.0, 0.0, 0.0, 1.0, 0.6534145391898836, 1.0, 0.0, 0.0, 0.0, 0.0, 0.0, 0.0, 0.0]",67082,107170,N6,accept,0.44000000000000006,ts,1336,1
"[0.25, -0.25, -0.27321341759844436, -0.06529209621993128, -0.9791666666666666, 0.0, 0.0, 0.0, 1.0, 0.6081937542219744, 1.0, 0.0, 0.0, 0.0, 0.0, 0.0, 0.0, 0.0]",29663,134921,N6,dismiss,-0.3,ts,1706,1
"[0.20000000000000007, -0.20000000000000007, 0.14000000000000007, -0.036619718309859155, 0.0, 0.0, 0.0, 0.0, 1.0, 0.7633916428325723, 1.0, 0.0, 0.0, 0.0, 0.0, 0.0, 0.0, 0.0]",123005,107170,N6,dismiss,-0.3,ts,2004,1
"[0.8530612244897959, -0.8530612244897959, -0.49268668206312544, 0.4482758620689655, 0.47619047619047616, 0.0, 0.0, 0.0, 1.0, 0.6578232997225838, 1.0, 0.0, 0.0, 0.0, 0.0, 0.0, 0.0, 0.0]",144702,170138,N6,accept,0.897142857142857,ts,1835,0
"[0.16666666666666666, -0.16666666666666666, 0.12288993923024973, -0.219435736677116, -0.28, 0.0, 0.0, 0.0, 1.0, 0.6500444440790432, 1.0, 0.0, 0.0, 0.0, 0.0, 0.0, 0.0, 0.0]",128276,52481,N6,dismiss,-0.3,ts,1844,1
"[0.41176470588235287, -0.41176470588235287, -0.10614525139664797, 0.12, 0.24, 0.0, 0.0, 0.0, 1.0, 0.7599295455936875, 1.0, 0.0, 0.0, 0.0, 0.0, 0.0, 0.0, 0.0]",63626,58615,N6,accept,0.588235294117647,ts,1628,0
"[0.16326530612244894, -0.16326530612244894, 0.0, -0.02601156069364162, -0.4117647058823529, 0.0, 0.0, 0.0, 1.0, 0.7182572044369081, 1.0, 0.0, 0.0, 0.0, 0.0, 0.0, 0.0, 0.0]",63901,63915,N1,accept,0.41428571428571426,ts,1431,1
"[0.64, -0.64, 0.15567282321899734, -0.5691489361702128, 0.4, 0.0, 0.0, 0.0, 1.0, 0.6980152721232434, 1.0, 0.0, 0.0, 0.0, 0.0, 0.0, 0.0, 0.0]",84106,19598,N6,dismiss,-0.3,ts,1990,0
"[0.164, -0.164, -0.6836, -0.1, 0.088, 0.0, 0.0, 0.0, 1.0, 0.6098549356396384, 1.0, 0.0, 0.0, 0.0, 0.0, 0.0, 0.0, 0.0]",85224,134716,N1,dismiss,-0.3,ts,529,1
"[0.25, -0.25, 0.09090909090909091, 0.06944444444444445, -0.005555555555555635, 0.0, 0.0, 0.0, 1.0, 0.7852312004718296, 1.0, 0.0, 0.0, 0.0, 0.0, 0.0, 0.0, 0.0]",164892,165914,N6,dismiss,-0.3,ts,2875,0
"[0.7, -0.7, -0.24200000000000002, -0.18333333333333332, 1.0, 0.0, 0.0, 0.0, 1.0, 0.6895957508951762, 1.0, 0.0, 0.0, 0.0, 0.0, 0.0, 0.0, 0.0]",69946,42569,N6,dismiss,-0.3,ts,2338,0
"[0.08333333333333326, -0.08333333333333326, 0.0, 0.1125, 0.18181818181818182, 0.0, 0.0, 0.0, 1.0, 0.7051372725166374, 1.0, 0.0, 0.0, 0.0, 0.0, 0.0, 0.0, 0.0]",73738,73736,N6,accept,0.3583333333333333,ts,754,0
"[0.5, -0.5, -0.4172461752433937, 0.043343653250773995, 0.18000000000000008, 0.0, 0.0, 0.0, 1.0, 0.7378022126242514, 1.0, 0.0, 0.0, 0.0, 0.0, 0.0, 0.0, 0.0]",87863,57278,N6,dismiss,-0.3,ts,2712,1
"[0.40540540540540543, -0.40540540540540543, -0.16701461377870563, -0.13479623824451412, -0.2857142857142857, 0.0, 0.0, 0.0, 1.0, 0.7281663812220941, 1.0, 0.0, 0.0, 0.0, 0.0, 0.0, 0.0, 0.0]",63924,48998,N6,dismiss,-0.3,ts,2096,1
"[0.75, -0.75, -0.3485838779956427, -0.22727272727272727, -0.7, 0.0, 0.0, 0.0, 1.0, 0.6841240246088105, 1.0, 0.0, 0.0, 0.0, 0.0, 0.0, 0.0, 0.0]",135617,134921,N3,dismiss,-0.3,ts,1988,1
"[0.1250000000000001, -0.1250000000000001, 0.1111111111111111, 0.0, 0.0, 0.0, 0.0, 0.0, 1.0, 0.7564807805603966, 1.0, 0.0, 0.0, 0.0, 0.0, 0.0, 0.0, 0.0]",62598,29449,N6,dismiss,-0.3,ts,675,0
"[0.3636363636363637, -0.3636363636363637, 0.0, 0.0, 0.0, 0.0, 0.0, 0.0, 1.0, 0.8742764353476687, 1.0, 0.0, 0.0, 0.0, 0.0, 0.0, 0.0, 0.0]",123141,123174,N6,dismiss,-0.3,ts,2519,0
"[0.24242424242424238, -0.24242424242424238, -0.158311345646438, -0.4634146341463415, -0.15999999999999998, 0.0, 0.0, 0.0, 1.0, 0.6511177391618957, 1.0, 0.0, 0.0, 0.0, 0.0, 0.0, 0.0, 0.0]",110035,19600,N6,dismiss,-0.3,ts,1010,1
"[0.5, -0.5, 0.16940211019929666, 1.0, 1.0, 0.0, 0.0, 0.0, 1.0, 0.551317768005183, 1.0, 0.0, 0.0, 0.0, 0.0, 0.0, 0.0, 0.0]",147129,86748,N6,dismiss,-0.3,ts,850,1
"[0.28571428571428575, -0.28571428571428575, 0.23592419664927214, 0.4583333333333333, -0.1, 0.0, 0.0, 0.0, 1.0, 0.658588363112707, 1.0, 0.0, 0.0, 0.0, 0.0, 0.0, 0.0, 0.0]",139086,127333,N6,accept,0.5,ts,1151,0
"[0.2982456140350877, -0.2982456140350877, -0.11834319526627218, 0.05263157894736842, -0.84, 0.0, 0.0, 0.0, 1.0, 0.6757503539311007, 1.0, 0.0, 0.0, 0.0, 0.0, 0.0, 0.0, 0.0]",187197,179645,N6,dismiss,-0.3,ts,2916,0
"[0.5, -0.5, -0.4592875318066158, 0.0, 0.0, 0.0, 0.0, 0.0, 1.0, 0.7886047001257124, 1.0, 0.0, 0.0, 0.0, 0.0, 0.0, 0.0, 0.0]",90179,56398,N6,dismiss,-0.3,ts,1293,0
"[0.14285714285714288, -0.14285714285714288, -0.1938610662358643, 0.0, 0.0, 0.0, 0.0, 0.0, 1.0, 0.7384864192538396, 1.0, 0.0, 0.0, 0.0, 0.0, 0.0, 0.0, 0.0]",39280,81422,N6,dismiss,-0.3,ts,591,0
"[0.09090909090909098, -0.09090909090909098, -0.12200000000000003, 0.037037037037037035, 0.040000000000000036, 0.0, 0.0, 0.0, 1.0, 0.7183365764637167, 1.0, 0.0, 0.0, 0.0, 0.0, 0.0, 0.0, 0.0]",162891,117146,N6,dismiss,-0.3,ts,1237,1
"[0.49074074074074076, -0.49074074074074076, -0.16795422031473545, 0.0, 0.0, 0.0, 0.0, 0.0, 1.0, 0.8496351668040732, 1.0, 0.0, 0.0, 0.0, 0.0, 0.0, 0.0, 0.0]",147468,85069,N6,dismiss,-0.3,ts,2930,1
"[0.18831168831168835, -0.18831168831168835, 0.0, 0.15942028985507245, 0.18, 0.0, 0.0, 0.0, 1.0, 0.732496988669393, 1.0, 0.0, 0.0, 0.0, 0.0, 0.0, 0.0, 0.0]",151793,85224,N6,dismiss,-0.3,ts,1612,0
"[0.3636363636363637, -0.3636363636363637, 0.146788990825688, 0.0110803324099723, 0.36363636363636365, 0.0, 0.0, 0.0, 1.0, 0.7425908749935993, 1.0, 0.0, 0.0, 0.0, 0.0, 0.0, 0.0, 0.0]",93938,123174,N6,dismiss,-0.3,ts,523,0
"[0.10999999999999997, -0.10999999999999997, -0.06666666666666667, 0.0, -0.2, 0.0, 0.0, 0.0, 1.0, 0.7164623591348536, 1.0, 0.0, 0.0, 0.0, 0.0, 0.0, 0.0, 0.0]",41650,79360,N6,dismiss,-0.3,ts,1153,0
"[0.25, -0.25, -0.24812030075187969, 0.0581039755351682, 0.32978723404255317, 0.0, 0.0, 0.0, 1.0, 0.6724565857057285, 1.0, 0.0, 0.0, 0.0, 0.0, 0.0, 0.0, 0.0]",82380,117045,N6,dismiss,-0.3,ts,763,0
"[0.1111111111111112, -0.1111111111111112, -0.5616605616605617, 0.16342412451361868, 0.3, 0.0, 0.0, 0.0, 1.0, 0.5468254204401923, 1.0, 0.0, 0.0, 0.0, 0.0, 0.0, 0.0, 0.0]",130292,174765,N6,dismiss,-0.3,ts,1976,0
"[0.02500000000000002, -0.02500000000000002, 0.20627261761158033, -0.1, -0.039999999999999994, 0.0, 0.0, 0.0, 1.0, 0.653040323250587, 1.0, 0.0, 0.0, 0.0, 0.0, 0.0, 0.0, 0.0]",151774,62503,N6,dismiss,-0.3,ts,2063,1
"[0.3636363636363637, -0.3636363636363637, 0.0, 0.0, 0.0, 0.0, 0.0, 0.0, 1.0, 0.8742764353476687, 1.0, 0.0, 0.0, 0.0, 0.0, 0.0, 0.0, 0.0]",123054,123174,N6,dismiss,-0.3,ts,1134,0
"[0.33333333333333337, -0.33333333333333337, -0.2748368382886149, 0.0, 0.0, 0.0, 0.0, 0.0, 1.0, 0.7809569119829103, 1.0, 0.0, 0.0, 0.0, 0.0, 0.0, 0.0, 0.0]",141751,93860,N6,dismiss,-0.3,ts,2947,0
"[0.45, -0.45, 0.0003029385034839478, 0.5421245421245421, 0.21739130434782608, 0.0, 0.0, 0.0, 1.0, 0.7447778267558439, 1.0, 0.0, 0.0, 0.0, 0.0, 0.0, 0.0, 0.0]",120787,61314,N6,dismiss,-0.3,ts,2512,1
"[0.2380952380952381, -0.2380952380952381, -0.1721428571428571, -0.2979591836734694, 0.1111111111111111, 0.0, 0.0, 0.0, 1.0, 0.6801880575519375, 1.0, 0.0, 0.0, 0.0, 0.0, 0.0, 0.0, 0.0]",166142,73628,N6,dismiss,-0.3,ts,1177,1
"[0.27999999999999997, -0.27999999999999997, -0.07452093683463454, 1.0, -0.78, 0.0, 0.0, 0.0, 1.0, 0.5645640780394282, 1.0, 0.0, 0.0, 0.0, 0.0, 0.0, 0.0, 0.0]",154734,128279,N1,dismiss,-0.3,ts,1671,1
"[0.19999999999999993, -0.19999999999999993, -0.4, 0.1, 0.19999999999999996, 0.0, 0.0, 0.0, 1.0, 0.6360515658033852, 1.0, 0.0, 0.0, 0.0, 0.0, 0.0, 0.0, 0.0]",77920,18330,N6,dismiss,-0.3,ts,2894,0
"[0.11458333333333333, -0.11458333333333333, 0.0, -0.5561959654178674, -0.7909090909090909, 0.0, 0.0, 0.0, 1.0, 0.5727064609689967, 1.0, 0.0, 0.0, 0.0, 0.0, 0.0, 0.0, 0.0]",107659,142262,N3,dismiss,-0.3,ts,2587,1
"[0.5833333333333333, -0.5833333333333333, -0.04175365344467641, -0.2, -0.06000000000000005, 0.0, 0.0, 0.0, 1.0, 0.8435393464277561, 1.0, 0.0, 0.0, 0.0, 0.0, 0.0, 0.0, 0.0]",141805,113027,N6,dismiss,-0.3,ts,1044,0
"[0.02631578947368412, -0.02631578947368412, -0.43, 0.019867549668874173, 0.0285714285714286, 0.0, 0.0, 0.0, 1.0, 0.6303211836867184, 1.0, 0.0, 0.0, 0.0, 0.0, 0.0, 0.0, 0.0]",41398,15200,N1,accept,0.3184210526315789,ts,1965,1
"[0.09999999999999996, -0.09999999999999996, -0.06312499999999999, -0.3333333333333333, -0.42000000000000004, 0.0, 0.0, 0.0, 1.0, 0.605269298899058, 1.0, 0.0, 0.0, 0.0, 0.0, 0.0, 0.0, 0.0]",71734,169362,N1,dismiss,-0.3,ts,1246,1
"[0.33333333333333337, -0.33333333333333337, -0.03710575139146568, 0.05263157894736842, 0.20879120879120883, 0.0, 0.0, 0.0, 1.0, 0.7850330737942559, 1.0, 0.0, 0.0, 0.0, 0.0, 0.0, 0.0, 0.0]",63943,49082,N1,accept,0.5333333333333333,ts,627,1
"[0.16666666666666663, -0.16666666666666663, 0.11098779134295228, -0.11282051282051282, -0.020000000000000018, 0.0, 0.0, 0.0, 1.0, 0.7352357426409654, 1.0, 0.0, 0.0, 0.0, 0.0, 0.0, 0.0, 0.0]",83435,87100,N6,dismiss,-0.3,ts,484,0
"[0.7929411764705883, -0.7929411764705883, 0.17056856187290975, -0.2, -0.14285714285714285, 0.0, 0.0, 0.0, 1.0, 0.8130609694396912, 1.0, 0.0, 0.0, 0.0, 0.0, 0.0, 0.0, 0.0]",121055,92135,N3,dismiss,-0.3,ts,1633,1
"[0.1666666666666667, -0.1666666666666667, -0.14285714285714285, 0.0, 0.0, 0.0, 0.0, 0.0, 1.0, 0.7615251242159846, 1.0, 0.0, 0.0, 0.0, 0.0, 0.0, 0.0, 0.0]",51616,61090,N6,dismiss,-0.3,ts,2675,1
"[0.56, -0.56, 0.0, 1.0, -0.3333333333333333, 0.0, 0.0, 0.0, 1.0, 0.7152978852370033, 1.0, 0.0, 0.0, 0.0, 0.0, 0.0, 0.0, 0.0]",104684,169349,N6,dismiss,-0.3,ts,1990,1
"[0.19230769230769232, -0.19230769230769232, 0.0, 0.11363636363636363, 0.0, 0.0, 0.0, 0.0, 1.0, 0.7896850702294859, 1.0, 0.0, 0.0, 0.0, 0.0, 0.0, 0.0, 0.0]",114738,166142,N6,dismiss,-0.3,ts,612,1
"[0.6228571428571429, -0.6228571428571429, -0.0726817042606516, 0.06333333333333334, 0.2727272727272727, 0.0, 0.0, 0.0, 1.0, 0.825178882130852, 1.0, 0.0, 0.0, 0.0, 0.0, 0.0, 0.0, 0.0]",174761,130294,N1,dismiss,-0.3,ts,434,1
"[0.3636363636363637, -0.3636363636363637, 0.0, 0.0, 0.0, 0.0, 0.0, 0.0, 1.0, 0.8742764353476687, 1.0, 0.0, 0.0, 0.0, 0.0, 0.0, 0.0, 0.0]",123143,123174,N1,dismiss,-0.3,ts,2156,0
"[0.736, -0.736, -0.7003891050583657, 0.0, 0.0, 0.0, 0.0, 0.0, 1.0, 0.7997638352308596, 1.0, 0.0, 0.0, 0.0, 0.0, 0.0, 0.0, 0.0]",49130,147380,N1,accept,0.8151999999999999,ts,1933,1
"[0.5798319327731092, -0.5798319327731092, 0.0, -0.22127659574468084, 0.10344827586206896, 0.0, 0.0, 0.0, 1.0, 0.8436361950773771, 1.0, 0.0, 0.0, 0.0, 0.0, 0.0, 0.0, 0.0]",104679,104681,N1,accept,0.7058823529411764,ts,1343,1
"[0.3636363636363637, -0.3636363636363637, 0.0, 0.061046511627906974, 0.0, 0.0, 0.0, 0.0, 1.0, 0.8570363402900383, 1.0, 0.0, 0.0, 0.0, 0.0, 0.0, 0.0, 0.0]",123210,123174,N6,dismiss,-0.3,ts,784,1
"[0.20000000000000004, -0.20000000000000004, -0.08571428571428572, 0.18253968253968253, 0.0625, 0.0, 0.0, 0.0, 1.0, 0.7278160105377319, 1.0, 0.0, 0.0, 0.0, 0.0, 0.0, 0.0, 0.0]",115390,104963,N1,dismiss,-0.3,ts,2202,0
"[0.24999999999999997, -0.24999999999999997, -0.4147058823529412, 0.0, 0.0, 0.0, 0.0, 0.0, 1.0, 0.726850521859211, 1.0, 0.0, 0.0, 0.0, 0.0, 0.0, 0.0, 0.0]",51609,174748,N1,accept,0.475,ts,1447,0
"[0.65, -0.65, 0.0333889816360601, -0.02158273381294964, 0.02500000000000006, 0.0, 0.0, 0.0, 1.0, 0.9111512439745767, 1.0, 0.0, 0.0, 0.0, 0.0, 0.0, 0.0, 0.0]",53365,39280,N1,dismiss,-0.3,ts,1896,1
"[0.05714285714285719, -0.05714285714285719, -0.49874686716791977, 0.0, 0.0, 0.0, 0.0, 0.0, 1.0, 0.6451367672871084, 1.0, 0.0, 0.0, 0.0, 0.0, 0.0, 0.0, 0.0]",174761,93864,N1,dismiss,-0.3,ts,488,1
"[0.28476821192052976, -0.28476821192052976, 0.0, -0.021806853582554516, -0.4166666666666667, 0.0, 0.0, 0.0, 1.0, 0.7595229641394782, 1.0, 0.0, 0.0, 0.0, 0.0, 0.0, 0.0, 0.0]",103704,145523,N1,accept,0.49933774834437084,ts,2926,0
"[0.11999999999999993, -0.11999999999999993, -0.3181818181818182, 0.1623931623931624, 0.7857142857142857, 0.0, 0.0, 0.0, 1.0, 0.5399273768495086, 1.0, 0.0, 0.0, 0.0, 0.0, 0.0, 0.0, 0.0]",151839,89764,N1,dismiss,-0.3,ts,1601,1
"[0.24242424242424238, -0.24242424242424238, 0.13120567375886522, -0.0196078431372549, 0.040000000000000015, 0.0, 0.0, 0.0, 1.0, 0.7736411098263166, 1.0, 0.0, 0.0, 0.0, 0.0, 0.0, 0.0, 0.0]",120700,19597,N1,dismiss,-0.3,ts,2551,1
"[0.10714285714285708, -0.10714285714285708, 0.052770448548812667, -0.20761245674740483, -0.3333333333333333, 0.0, 0.0, 0.0, 1.0, 0.64584505204145, 1.0, 0.0, 0.0, 0.0, 0.0, 0.0, 0.0, 0.0]",105432,185375,N1,dismiss,-0.3,ts,2379,0
"[0.75, -0.75, -0.4117647058823529, 0.0, 0.0, 0.0, 0.0, 0.0, 1.0, 0.8401012535087563, 1.0, 0.0, 0.0, 0.0, 0.0, 0.0, 0.0, 0.0]",37946,93843,N3,dismiss,-0.3,ts,1744,1
"[0.4117647058823529, -0.4117647058823529, 0.0035087719298245758, -0.09821428571428571, -0.5, 0.0, 0.0, 0.0, 1.0, 0.7644042360007308, 1.0, 0.0, 0.0, 0.0, 0.0, 0.0, 0.0, 0.0]",86748,170191,N3,dismiss,-0.3,ts,1255,1
"[0.4, -0.28, -0.2697495183044316, -0.18333333333333332, 1.0, 0.0, 0.0, 0.0, 1.0, 0.586722181322074, 1.0, 0.0, 0.0, 0.0, 0.0, 0.0, 0.0, 0.0]",16718,42569,N1,dismiss,-0.3,ts,2737,0
"[0.6454545454545454, -0.6454545454545454, -0.375, -0.24528301886792453, -0.039999999999999994, 0.0, 0.0, 0.0, 1.0, 0.761758774271547, 1.0, 0.0, 0.0, 0.0, 0.0, 0.0, 0.0, 0.0]",122719,81568,N1,dismiss,-0.3,ts,2472,1
"[0.4545454545454546, -0.4545454545454546, -0.31499999999999995, 0.0028735632183908046, 0.6666666666666666, 0.0, 0.0, 0.0, 1.0, 0.6933733676729809, 1.0, 0.0, 0.0, 0.0, 0.0, 0.0, 0.0, 0.0]",31966,108839,N6,dismiss,-0.3,ts,458,1
"[0.8482142857142858, -0.8482142857142858, -0.42857142857142855, 0.0, 0.0, 0.0, 0.0, 0.0, 1.0, 0.8484809649435068, 1.0, 0.0, 0.0, 0.0, 0.0, 0.0, 0.0, 0.0]",164512,75387,N1,accept,0.89375,ts,2107,1
"[0.7916666666666666, -0.7916666666666666, 0.2245601931700587, 0.09239130434782608, -0.030303030303030304, 0.0, 0.0, 0.0, 1.0, 0.8509601682254988, 1.0, 0.0, 0.0, 0.0, 0.0, 0.0, 0.0, 0.0]",71447,170956,N1,dismiss,-0.3,ts,922,0
"[0.3, -0.3, 0.0, -0.3898305084745763, 0.3333333333333333, 0.0, 0.0, 0.0, 1.0, 0.7012715335944975, 1.0, 0.0, 0.0, 0.0, 0.0, 0.0, 0.0, 0.0]",185391,55915,N1,dismiss,-0.3,ts,1729,1
"[0.20000000000000007, -0.20000000000000007, -0.44658261446582614, -0.037037037037037035, -0.14285714285714285, 0.0, 0.0, 0.0, 1.0, 0.6567117806036047, 1.0, 0.0, 0.0, 0.0, 0.0, 0.0, 0.0, 0.0]",74279,108746,N6,dismiss,-0.3,ts,2723,1
"[0.8714285714285714, -0.8714285714285714, -0.31282586027111575, 0.7355371900826446, 0.55, 0.0, 0.0, 0.0, 1.0, 0.6572526633932373, 1.0, 0.0, 0.0, 0.0, 0.0, 0.0, 0.0, 0.0]",56538,170138,N1,accept,0.9099999999999999,ts,2618,1
"[0.513888888888889, -0.513888888888889, -0.5454545454545454, -0.8032786885245902, -0.22000000000000003, 0.0, 0.0, 0.0, 1.0, 0.6057276395055889, 1.0, 0.0, 0.0, 0.0, 0.0, 0.0, 0.0, 0.0]",104492,63998,N1,dismiss,-0.3,ts,2221,1
"[0.15999999999999998, -0.15999999999999998, 0.03777501037775011, 0.7087378640776699, 0.2105263157894737, 0.0, 0.0, 0.0, 1.0, 0.629122681326625, 1.0, 0.0, 0.0, 0.0, 0.0, 0.0, 0.0, 0.0]",59415,15171,N1,dismiss,-0.3,ts,607,1
"[0.8835294117647059, -0.8835294117647059, -0.28114285714285714, -0.1038961038961039, -0.14285714285714285, 0.0, 0.0, 0.0, 1.0, 0.8155825728784956, 1.0, 0.0, 0.0, 0.0, 0.0, 0.0, 0.0, 0.0]",55744,108025,N3,dismiss,-0.3,ts,430,1
"[0.11458333333333333, -0.11458333333333333, 0.0, -0.5587392550143266, -0.77, 0.0, 0.0, 0.0, 1.0, 0.5737732739088267, 1.0, 0.0, 0.0, 0.0, 0.0, 0.0, 0.0, 0.0]",107563,142262,N1,dismiss,-0.3,ts,2072,0
"[0.6428571428571429, -0.6428571428571429, 0.14285714285714285, 0.0, 0.0, 0.0, 0.0, 0.0, 1.0, 0.88684106576694, 1.0, 0.0, 0.0, 0.0, 0.0, 0.0, 0.0, 0.0]",18468,60783,N1,accept,0.75,ts,1269,1
"[0.16326530612244894, -0.16326530612244894, 0.0, -0.02601156069364162, -0.4117647058823529, 0.0, 0.0, 0.0, 1.0, 0.7182572044369081, 1.0, 0.0, 0.0, 0.0, 0.0, 0.0, 0.0, 0.0]",63901,63915,N3,accept,0.41428571428571426,ts,585,1
"[0.1666666666666667, -0.1666666666666667, -0.11764705882352941, -0.1, -0.19999999999999996, 0.0, 0.0, 0.0, 1.0, 0.6926549580642701, 1.0, 0.0, 0.0, 0.0, 0.0, 0.0, 0.0, 0.0]",40189,71728,N1,dismiss,-0.3,ts,2614,0
"[0.375, -0.375, 0.07148288973384026, -0.5597826086956522, 0.4, 0.0, 0.0, 0.0, 1.0, 0.6671768370261847, 1.0, 0.0, 0.0, 0.0, 0.0, 0.0, 0.0, 0.0]",85163,154734,N1,dismiss,-0.3,ts,2758,0
"[0.2142857142857143, -0.2142857142857143, 0.0, -0.035856573705179286, 0.12244897959183665, 0.0, 0.0, 0.0, 1.0, 0.7847368582990952, 1.0, 0.0, 0.0, 0.0, 0.0, 0.0, 0.0, 0.0]",138640,138639,N1,dismiss,-0.3,ts,1778,0
"[0.41176470588235287, -0.41176470588235287, -0.15164369034994696, 0.12, 0.24, 0.0, 0.0, 0.0, 1.0, 0.7458609741032868, 1.0, 0.0, 0.0, 0.0, 0.0, 0.0, 0.0, 0.0]",56971,58615,N1,dismiss,-0.3,ts,2841,0
"[0.2307692307692307, -0.2307692307692307, 0.06666666666666667, 0.0, 0.0, 0.0, 0.0, 0.0, 1.0, 0.8082747076223531, 1.0, 0.0, 0.0, 0.0, 0.0, 0.0, 0.0, 0.0]",131606,18616,N1,accept,0.46153846153846145,ts,2800,1
"[0.24999999999999994, -0.24999999999999994, -0.6473282442748092, -0.1, 0.25999999999999995, 0.0, 0.0, 0.0, 1.0, 0.6063754382541067, 1.0, 0.0, 0.0, 0.0, 0.0, 0.0, 0.0, 0.0]",85441,128341,N1,dismiss,-0.3,ts,2814,1
"[0.44999999999999996, -0.44999999999999996, 0.1312500000000001, 0.0, 0.0, 0.0, 0.0, 0.0, 1.0, 0.8508900869732404, 1.0, 0.0, 0.0, 0.0, 0.0, 0.0, 0.0, 0.0]",56819,15139,N1,dismiss,-0.3,ts,1346,0
"[0.10000000000000009, -0.10000000000000009, -0.2588235294117647, -0.975, -0.52, 0.0, 0.0, 0.0, 1.0, 0.48076478481180795, 1.0, 0.0, 0.0, 0.0, 0.0, 0.0, 0.0, 0.0]",91074,16650,N3,dismiss,-0.3,ts,2188,1
"[0.20000000000000007, -0.20000000000000007, -0.21311475409836064, 1.0, 1.0, 0.0, 0.0, 0.0, 1.0, 0.4704750413818125, 1.0, 0.0, 0.0, 0.0, 0.0, 0.0, 0.0, 0.0]",79856,32065,N1,dismiss,-0.3,ts,1393,1
"[0.14, -0.14, -0.39014202172096907, 0.0, 0.0, 0.0, 0.0, 0.0, 1.0, 0.6933967894472572, 1.0, 0.0, 0.0, 0.0, 0.0, 0.0, 0.0, 0.0]",72623,69993,N1,dismiss,-0.3,ts,2485,0
"[0.25, -0.25, 0.09090909090909091, 0.06944444444444445, -0.005555555555555635, 0.0, 0.0, 0.0, 1.0, 0.7852312004718296, 1.0, 0.0, 0.0, 0.0, 0.0, 0.0, 0.0, 0.0]",164892,165914,N1,dismiss,-0.3,ts,959,0
"[0.20000000000000004, -0.20000000000000004, -0.3409090909090909, 0.0, 0.0, 0.0, 0.0, 0.0, 1.0, 0.7239674946003922, 1.0, 0.0, 0.0, 0.0, 0.0, 0.0, 0.0, 0.0]",51022,70828,N1,dismiss,-0.3,ts,1646,0
"[0.4444444444444445, -0.4444444444444445, 0.10401459854014582, -0.54, -0.6, 0.0, 0.0, 0.0, 1.0, 0.6542508615673612, 1.0, 0.0, 0.0, 0.0, 0.0, 0.0, 0.0, 0.0]",169353,132873,N1,dismiss,-0.3,ts,1629,0
"[0.24999999999999997, -0.24999999999999997, -0.4117647058823529, 0.0, 0.0, 0.0, 0.0, 0.0, 1.0, 0.7273653355460075, 1.0, 0.0, 0.0, 0.0, 0.0, 0.0, 0.0, 0.0]",51607,174753,N1,accept,0.475,ts,1821,0
"[0.25, -0.25, -0.3076404494382023, -0.0024271844660194173, 0.0, 0.0, 0.0, 0.0, 1.0, 0.7469607690022103, 1.0, 0.0, 0.0, 0.0, 0.0, 0.0, 0.0, 0.0]",70069,189231,N1,dismiss,-0.3,ts,498,0
"[0.6621621621621622, -0.6621621621621622, 0.16701461377870563, -0.05956112852664577, -0.21428571428571427, 0.0, 0.0, 0.0, 1.0, 0.8137627837375337, 1.0, 0.0, 0.0, 0.0, 0.0, 0.0, 0.0, 0.0]",63924,16728,N1,dismiss,-0.3,ts,2282,1
"[0.5454545454545455, -0.5454545454545455, -0.01848519548503194, 0.0, 0.0, 0.0, 0.0, 0.0, 1.0, 0.9112606985062438, 1.0, 0.0, 0.0, 0.0, 0.0, 0.0, 0.0, 0.0]",54334,189219,N1,dismiss,-0.3,ts,2095,0
"[0.8666666666666667, -0.8666666666666667, 0.0, -0.4105263157894737, -0.25999999999999995, 0.0, 0.0, 0.0, 1.0, 0.8206041149477, 1.0, 0.0, 0.0, 0.0, 0.0, 0.0, 0.0, 0.0]",122720,74186,N6,accept,0.9066666666666667,ts,1683,1
"[0.25, -0.25, -0.24812030075187969, 0.005813953488372093, 0.041666666666666664, 0.0, 0.0, 0.0, 1.0, 0.7476249554836153, 1.0, 0.0, 0.0, 0.0, 0.0, 0.0, 0.0, 0.0]",174772,117045,N1,dismiss,-0.3,ts,531,0
"[0.2045454545454546, -0.2045454545454546, 0.006343906510851462, -0.019553072625698324, 1.0, 0.0, 0.0, 0.0, 1.0, 0.6864109839014316, 1.0, 0.0, 0.0, 0.0, 0.0, 0.0, 0.0, 0.0]",135483,74278,N1,accept,0.44318181818181823,ts,1301,0
"[0.09090909090909098, -0.09090909090909098, -0.16701461377870563, -0.022727272727272728, 0.0, 0.0, 0.0, 0.0, 1.0, 0.7204221880154186, 1.0, 0.0, 0.0, 0.0, 0.0, 0.0, 0.0, 0.0]",110877,174773,N1,accept,0.36363636363636365,ts,1255,1
"[0.1111111111111112, -0.1111111111111112, -0.5135678391959799, 0.0, 0.0, 0.0, 0.0, 0.0, 1.0, 0.6628913050757039, 1.0, 0.0, 0.0, 0.0, 0.0, 0.0, 0.0, 0.0]",16809,110501,N1,dismiss,-0.3,ts,2399,0
"[0.2307692307692307, -0.2307692307692307, -0.2777777777777778, 0.26, -0.039999999999999994, 0.0, 0.0, 0.0, 1.0, 0.6756362621147747, 1.0, 0.0, 0.0, 0.0, 0.0, 0.0, 0.0, 0.0]",79461,37953,N1,dismiss,-0.3,ts,1741,0
"[0.1250000000000001, -0.1250000000000001, 0.0858394160583941, 0.0, 0.0, 0.0, 0.0, 0.0, 1.0, 0.7647832266303307, 1.0, 0.0, 0.0, 0.0, 0.0, 0.0, 0.0, 0.0]",29519,55412,N1,dismiss,-0.3,ts,2053,1
"[0.4444444444444445, -0.4444444444444445, 0.21404682274247488, -0.6984126984126984, -0.58, 0.0, 0.0, 0.0, 1.0, 0.610175897468082, 1.0, 0.0, 0.0, 0.0, 0.0, 0.0, 0.0, 0.0]",19676,132873,N1,accept,0.6111111111111112,ts,1072,0
"[0.20000000000000007, -0.20000000000000007, -0.148664013644116, -0.002785515320334262, -0.4166666666666667, 0.0, 0.0, 0.0, 1.0, 0.6857446159292632, 1.0, 0.0, 0.0, 0.0, 0.0, 0.0, 0.0, 0.0]",43361,135483,N1,accept,0.44000000000000006,ts,1645,1
"[0.20000000000000007, -0.20000000000000007, -0.2794444444444444, -0.04, 1.0, 0.0, 0.0, 0.0, 1.0, 0.5760362365604412, 1.0, 0.0, 0.0, 0.0, 0.0, 0.0, 0.0, 0.0]",30082,107458,N1,accept,0.44000000000000006,ts,1943,1
"[0.375, -0.375, -0.36161335187760785, -0.2, -0.18, 0.0, 0.0, 0.0, 1.0, 0.679693785618543, 1.0, 0.0, 0.0, 0.0, 0.0, 0.0, 0.0, 0.0]",63907,113027,N1,dismiss,-0.3,ts,1765,1
"[0.1250000000000001, -0.1250000000000001, 0.1772262773722628, 0.0, 0.0, 0.0, 0.0, 0.0, 1.0, 0.7366447804514437, 1.0, 0.0, 0.0, 0.0, 0.0, 0.0, 0.0, 0.0]",29519,55348,N1,accept,0.38750000000000007,ts,2037,1
"[0.20000000000000004, -0.20000000000000004, -0.32, -0.75, -0.44000000000000006, 0.0, 0.0, 0.0, 1.0, 0.5239735986960091, 1.0, 0.0, 0.0, 0.0, 0.0, 0.0, 0.0, 0.0]",69485,18334,N1,dismiss,-0.3,ts,1109,1
"[0.07692307692307684, -0.07692307692307684, 0.19546247818499135, 0.0, 0.043478260869565216, 0.0, 0.0, 0.0, 1.0, 0.7015125424526868, 1.0, 0.0, 0.0, 0.0, 0.0, 0.0, 0.0, 0.0]",155844,56248,N1,dismiss,-0.3,ts,623,1
"[0.03846153846153849, -0.03846153846153849, 0.06761565836298927, 0.8034188034188035, -0.1694915254237288, 0.0, 0.0, 0.0, 1.0, 0.5760621517102464, 1.0, 0.0, 0.0, 0.0, 0.0, 0.0, 0.0, 0.0]",43763,162680,N1,dismiss,-0.3,ts,2258,1
"[0.18749999999999997, -0.18749999999999997, -0.3652501344809037, 0.009523809523809525, -0.043478260869565216, 0.0, 0.0, 0.0, 1.0, 0.6995264293779716, 1.0, 0.0, 0.0, 0.0, 0.0, 0.0, 0.0, 0.0]",84737,169794,N1,dismiss,-0.3,ts,1393,1
"[0.3714285714285714, -0.3714285714285714, -0.25974025974025977, 0.0, 0.0, 0.0, 0.0, 0.0, 1.0, 0.7954295127189384, 1.0, 0.0, 0.0, 0.0, 0.0, 0.0, 0.0, 0.0]",63899,48999,N1,dismiss,-0.3,ts,2448,1
"[0.20000000000000007, -0.20000000000000007, 0.18088235294117644, 0.011299435028248588, -0.5, 0.0, 0.0, 0.0, 1.0, 0.6639474986889986, 1.0, 0.0, 0.0, 0.0, 0.0, 0.0, 0.0, 0.0]",108741,93936,N1,dismiss,-0.3,ts,814,1
"[0.19512195121951212, -0.19512195121951212, 0.1573604060913707, 0.27450980392156865, 0.16666666666666666, 0.0, 0.0, 0.0, 1.0, 0.6612561616586466, 1.0, 0.0, 0.0, 0.0, 0.0, 0.0, 0.0, 0.0]",141752,90175,N1,dismiss,-0.3,ts,2326,0
"[0.6818181818181819, -0.6818181818181819, 0.0, 0.20754716981132076, -0.07999999999999999, 0.0, 0.0, 0.0, 1.0, 0.8696070261873947, 1.0, 0.0, 0.0, 0.0, 0.0, 0.0, 0.0, 0.0]",122719,125786,N1,dismiss,-0.3,ts,1851,1
"[0.217741935483871, -0.217741935483871, -0.3216708318457694, 0.03003003003003003, 0.0, 0.0, 0.0, 0.0, 1.0, 0.7252313731850552, 1.0, 0.0, 0.0, 0.0, 0.0, 0.0, 0.0, 0.0]",89601,104962,N1,accept,0.45241935483870965,ts,2012,1
"[0.39999999999999997, -0.39999999999999997, 0.21505376344086022, -0.3197969543147208, 1.0, 0.0, 0.0, 0.0, 1.0, 0.6003913445971276, 1.0, 0.0, 0.0, 0.0, 0.0, 0.0, 0.0, 0.0]",92081,120916,N1,dismiss,-0.3,ts,2291,1
"[0.56, -0.56, 0.047120418848167464, 0.36086956521739133, -0.4, 0.0, 0.0, 0.0, 1.0, 0.7437502917188107, 1.0, 0.0, 0.0, 0.0, 0.0, 0.0, 0.0, 0.0]",146668,169349,N1,dismiss,-0.3,ts,1614,0
"[0.41176470588235287, -0.41176470588235287, -0.10614525139664797, 0.12, 0.24, 0.0, 0.0, 0.0, 1.0, 0.7599295455936875, 1.0, 0.0, 0.0, 0.0, 0.0, 0.0, 0.0, 0.0]",63626,58615,N1,dismiss,-0.3,ts,1183,0
"[0.2727272727272727, -0.2727272727272727, -0.07061958694203868, -0.03690036900369004, -0.0117647058823529, 0.0, 0.0, 0.0, 1.0, 0.8064217516346286, 1.0, 0.0, 0.0, 0.0, 0.0, 0.0, 0.0, 0.0]",81453,81449,N1,accept,0.49090909090909085,ts,2796,0
"[0.6875, -0.6875, 0.05571428571428579, 0.18461538461538463, -0.6592592592592593, 0.0, 0.0, 0.0, 1.0, 0.7663329371063949, 1.0, 0.0, 0.0, 0.0, 0.0, 0.0, 0.0, 0.0]",20014,140660,N1,accept,0.78125,ts,2019,0
"[0.18750000000000003, -0.18750000000000003, -0.058823529411764705, 1.0, 0.44000000000000006, 0.0, 0.0, 0.0, 1.0, 0.5626333454400778, 1.0, 0.0, 0.0, 0.0, 0.0, 0.0, 0.0, 0.0]",18334,57385,N1,dismiss,-0.3,ts,727,0
"[0.7, -0.7, -0.347, 0.0, 0.0, 0.0, 0.0, 0.0, 1.0, 0.8453663438129025, 1.0, 0.0, 0.0, 0.0, 0.0, 0.0, 0.0, 0.0]",129174,63859,N1,accept,0.7899999999999999,ts,2094,1
"[0.25, -0.25, 0.09090909090909091, 0.06944444444444445, -0.005555555555555635, 0.0, 0.0, 0.0, 1.0, 0.7852312004718296, 1.0, 0.0, 0.0, 0.0, 0.0, 0.0, 0.0, 0.0]",164892,165914,N1,dismiss,-0.3,ts,2467,0
"[0.6666666666666666, -0.6666666666666666, 0.09717186366932572, 0.0, 0.0, 0.0, 0.0, 0.0, 1.0, 0.9050735068250562, 1.0, 0.0, 0.0, 0.0, 0.0, 0.0, 0.0, 0.0]",141749,90167,N1,dismiss,-0.3,ts,1154,0
"[0.3636363636363637, -0.3636363636363637, 0.0, 0.0, 0.0, 0.0, 0.0, 0.0, 1.0, 0.8742764353476687, 1.0, 0.0, 0.0, 0.0, 0.0, 0.0, 0.0, 0.0]",123054,123174,N1,dismiss,-0.3,ts,1996,0
"[0.20000000000000007, -0.20000000000000007, -0.11911764705882355, 0.011299435028248588, -0.46153846153846156, 0.0, 0.0, 0.0, 1.0, 0.6866739965311752, 1.0, 0.0, 0.0, 0.0, 0.0, 0.0, 0.0, 0.0]",108741,135482,N1,dismiss,-0.3,ts,432,1
"[0.09999999999999996, -0.09999999999999996, 0.0, 0.03870967741935484, -0.045454545454545456, 0.0, 0.0, 0.0, 1.0, 0.7630116146408217, 1.0, 0.0, 0.0, 0.0, 0.0, 0.0, 0.0, 0.0]",111130,108202,N1,accept,0.36999999999999994,ts,1524,0
"[0.0555555555555556, -0.0555555555555556, 0.0, -0.42290748898678415, 0.13636363636363635, 0.0, 0.0, 0.0, 1.0, 0.6493614127689797, 1.0, 0.0, 0.0, 0.0, 0.0, 0.0, 0.0, 0.0]",169062,104682,N1,accept,0.3388888888888889,ts,1948,1
"[0.25, -0.25, -0.045979564637938695, -0.02768166089965398, 0.07692307692307693, 0.0, 0.0, 0.0, 1.0, 0.7925496229619686, 1.0, 0.0, 0.0, 0.0, 0.0, 0.0, 0.0, 0.0]",179677,21089,N1,dismiss,-0.3,ts,1381,1
"[0.11111111111111108, -0.11111111111111108, -0.6054363376251789, 1.0, 1.0, 0.0, 0.0, 0.0, 1.0, 0.3534119705686488, 1.0, 0.0, 0.0, 0.0, 0.0, 0.0, 0.0, 0.0]",106727,141766,N1,dismiss,-0.3,ts,1759,1
"[0.20000000000000007, -0.20000000000000007, 0.2185128983308041, 0.022857142857142857, -0.1447368421052631, 0.0, 0.0, 0.0, 1.0, 0.7076149613275927, 1.0, 0.0, 0.0, 0.0, 0.0, 0.0, 0.0, 0.0]",43097,93935,N1,dismiss,-0.3,ts,1924,0
"[0.4485294117647059, -0.4485294117647059, 0.09333333333333324, -0.0843806104129264, -0.2692307692307692, 0.0, 0.0, 0.0, 1.0, 0.776901172593482, 1.0, 0.0, 0.0, 0.0, 0.0, 0.0, 0.0, 0.0]",29970,155668,N1,dismiss,-0.3,ts,485,1
"[0.06211180124223608, -0.06211180124223608, 0.0, -0.15968586387434555, 0.2631578947368421, 0.0, 0.0, 0.0, 1.0, 0.6708322026650078, 1.0, 0.0, 0.0, 0.0, 0.0, 0.0, 0.0, 0.0]",103705,103704,N1,dismiss,-0.3,ts,2868,0
"[0.023255813953488292, -0.023255813953488292, 0.1956001912960306, 0.16556291390728478, -0.014285714285714235, 0.0, 0.0, 0.0, 1.0, 0.6474584734267568, 1.0, 0.0, 0.0, 0.0, 0.0, 0.0, 0.0, 0.0]",115226,15171,N1,dismiss,-0.3,ts,1871,0
"[0.09999999999999996, -0.09999999999999996, -0.06312499999999999, -0.3333333333333333, -0.42000000000000004, 0.0, 0.0, 0.0, 1.0, 0.605269298899058, 1.0, 0.0, 0.0, 0.0, 0.0, 0.0, 0.0, 0.0]",71734,169362,N1,dismiss,-0.3,ts,2965,1
"[0.01453488372093018, -0.01453488372093018, -0.3082851637764933, 0.008522727272727272, 0.24999999999999997, 0.0, 0.0, 0.0, 1.0, 0.6018526821340638, 1.0, 0.0, 0.0, 0.0, 0.0, 0.0, 0.0, 0.0]",54520,143110,N1,dismiss,-0.3,ts,1254,1
"[0.09090909090909086, -0.09090909090909086, 0.09717868338557999, 0.3394495412844037, 0.0, 0.0, 0.0, 0.0, 1.0, 0.6746301399931264, 1.0, 0.0, 0.0, 0.0, 0.0, 0.0, 0.0, 0.0]",182863,39888,N1,accept,0.3636363636363636,ts,2668,0
"[0.4545454545454546, -0.4545454545454546, -0.4124374553252323, -0.0113314447592068, 0.3333333333333333, 0.0, 0.0, 0.0, 1.0, 0.709484361698921, 1.0, 0.0, 0.0, 0.0, 0.0, 0.0, 0.0, 0.0]",88669,108839,N1,dismiss,-0.3,ts,2735,0
"[0.25, -0.25, 0.09090909090909091, -0.32456140350877194, -0.10500000000000007, 0.0, 0.0, 0.0, 1.0, 0.706303156982304, 1.0, 0.0, 0.0, 0.0, 0.0, 0.0, 0.0, 0.0]",123778,165914,N1,accept,0.475,ts,1525,0
"[0.20000000000000007, -0.20000000000000007, 0.2, -0.02824858757062147, -0.11538461538461539, 0.0, 0.0, 0.0, 1.0, 0.7177409341194562, 1.0, 0.0, 0.0, 0.0, 0.0, 0.0, 0.0, 0.0]",108842,31972,N1,dismiss,-0.3,ts,1846,1
"[0.0624999999999999, -0.0624999999999999, -0.4134375, -0.25838926174496646, -0.29411764705882354, 0.0, 0.0, 0.0, 1.0, 0.5336136768150922, 1.0, 0.0, 0.0, 0.0, 0.0, 0.0, 0.0, 0.0]",104963,104466,N1,dismiss,-0.3,ts,1437,0
"[0.8366013071895425, -0.8366013071895425, 0.16666666666666666, -0.4859550561797753, 0.7777777777777778, 0.0, 0.0, 0.0, 1.0, 0.6941341508663177, 1.0, 0.0, 0.0, 0.0, 0.0, 0.0, 0.0, 0.0]",138518,104681,N1,accept,0.8856209150326797,ts,1917,1
"[0.15000000000000013, -0.15000000000000013, -0.5036842105263158, -0.24, -0.020000000000000018, 0.0, 0.0, 0.0, 1.0, 0.6152912841830693, 1.0, 0.0, 0.0, 0.0, 0.0, 0.0, 0.0, 0.0]",18611,56971,N3,dismiss,-0.3,ts,612,1
"[0.010909090909090839, -0.010909090909090839, -0.7835593220338983, -0.14285714285714285, -0.08333333333333333, 0.0, 0.0, 0.0, 1.0, 0.5355134964909132, 1.0, 0.0, 0.0, 0.0, 0.0, 0.0, 0.0, 0.0]",51122,115323,N1,dismiss,-0.3,ts,783,0
"[0.6428571428571429, -0.6428571428571429, -0.5994993742177722, 0.24481327800829875, 0.1, 0.0, 0.0, 0.0, 1.0, 0.71158268971853, 1.0, 0.0, 0.0, 0.0, 0.0, 0.0, 0.0, 0.0]",16682,60783,N1,dismiss,-0.3,ts,403,1
"[0.45, -0.45, -0.5428571428571428, -0.6301369863013698, -0.44000000000000006, 0.0, 0.0, 0.0, 1.0, 0.5693508021396734, 1.0, 0.0, 0.0, 0.0, 0.0, 0.0, 0.0, 0.0]",39888,93713,N1,dismiss,-0.3,ts,849,1
"[0.2222222222222223, -0.2222222222222223, -0.4674457429048414, -0.007142857142857143, -0.015999999999999945, 0.0, 0.0, 0.0, 1.0, 0.7020522418437177, 1.0, 0.0, 0.0, 0.0, 0.0, 0.0, 0.0, 0.0]",19869,113424,N1,dismiss,-0.3,ts,1377,1
"[0.25, -0.25, -0.24812030075187969, 0.0581039755351682, 0.32978723404255317, 0.0, 0.0, 0.0, 1.0, 0.6724565857057285, 1.0, 0.0, 0.0, 0.0, 0.0, 0.0, 0.0, 0.0]",82380,117045,N1,dismiss,-0.3,ts,431,0
"[0.17010309278350508, -0.17010309278350508, -0.2631578947368421, 0.11370262390670553, -0.2692307692307692, 0.0, 0.0, 0.0, 1.0, 0.6376314959661844, 1.0, 0.0, 0.0, 0.0, 0.0, 0.0, 0.0, 0.0]",104962,103705,N1,dismiss,-0.3,ts,1316,1
"[0.5, -0.5, 0.16940211019929666, 1.0, 1.0, 0.0, 0.0, 0.0, 1.0, 0.551317768005183, 1.0, 0.0, 0.0, 0.0, 0.0, 0.0, 0.0, 0.0]",147129,86748,N1,dismiss,-0.3,ts,2346,1
"[0.02500000000000002, -0.02500000000000002, -0.1863303498779495, 0.02, -0.07999999999999999, 0.0, 0.0, 0.0, 1.0, 0.6690903795112921, 1.0, 0.0, 0.0, 0.0, 0.0, 0.0, 0.0, 0.0]",130430,62539,N1,accept,0.3175,ts,2453,0
"[0.7576530612244898, -0.7576530612244898, -0.04534606205250594, -0.6666666666666666, -0.33999999999999997, 0.0, 0.0, 0.0, 1.0, 0.7514982057090797, 1.0, 0.0, 0.0, 0.0, 0.0, 0.0, 0.0, 0.0]",33277,174927,N1,accept,0.8303571428571428,ts,2369,0
"[0.25, -0.25, 0.004502251125562774, -0.10256410256410256, 0.08333333333333333, 0.0, 0.0, 0.0, 1.0, 0.7869502238667145, 1.0, 0.0, 0.0, 0.0, 0.0, 0.0, 0.0, 0.0]",182867,170958,N1,dismiss,-0.3,ts,2954,1
"[0.25, -0.25, -0.5940460081190798, -0.0546448087431694, 1.0, 0.0, 0.0, 0.0, 1.0, 0.5370968143236092, 1.0, 0.0, 0.0, 0.0, 0.0, 0.0, 0.0, 0.0]",189368,117045,N1,dismiss,-0.3,ts,1396,0
"[0.20000000000000004, -0.20000000000000004, 0.21428571428571427, -0.75, -0.44000000000000006, 0.0, 0.0, 0.0, 1.0, 0.5488029253936105, 1.0, 0.0, 0.0, 0.0, 0.0, 0.0, 0.0, 0.0]",39150,18334,N1,accept,0.44,ts,793,0
"[0.4583333333333333, -0.4583333333333333, -0.3461377870563674, 0.02, 0.07999999999999999, 0.0, 0.0, 0.0, 1.0, 0.7711205717282401, 1.0, 0.0, 0.0, 0.0, 0.0, 0.0, 0.0, 0.0]",141805,123325,N1,dismiss,-0.3,ts,525,0
"[0.04545454545454549, -0.04545454545454549, -0.0646666666666667, -0.008264462809917356, -0.22727272727272727, 0.0, 0.0, 0.0, 1.0, 0.6855067967400382, 1.0, 0.0, 0.0, 0.0, 0.0, 0.0, 0.0, 0.0]",138639,127487,N1,dismiss,-0.3,ts,2695,0
"[0.16666666666666666, -0.16666666666666666, -0.16749999999999995, 1.0, 0.06145251396648053, 0.0, 0.0, 0.0, 1.0, 0.5897690701959244, 1.0, 0.0, 0.0, 0.0, 0.0, 0.0, 0.0, 0.0]",165914,191334,N1,dismiss,-0.3,ts,2319,1
"[0.15000000000000013, -0.15000000000000013, -0.2657894736842106, -0.2, 0.09999999999999995, 0.0, 0.0, 0.0, 1.0, 0.6462125021901608, 1.0, 0.0, 0.0, 0.0, 0.0, 0.0, 0.0, 0.0]",18611,88339,N1,dismiss,-0.3,ts,986,0
"[0.20000000000000007, -0.20000000000000007, -0.20380601596071202, -0.10160427807486631, 0.875, 0.0, 0.0, 0.0, 1.0, 0.60435783142046, 1.0, 0.0, 0.0, 0.0, 0.0, 0.0, 0.0, 0.0]",162740,107458,N1,dismiss,-0.3,ts,1211,1
"[0.28571428571428564, -0.28571428571428564, -0.35943517329910146, 0.26, 0.06000000000000001, 0.0, 0.0, 0.0, 1.0, 0.670708318241587, 1.0, 0.0, 0.0, 0.0, 0.0, 0.0, 0.0, 0.0]",33303,130669,N1,dismiss,-0.3,ts,1289,1
"[0.3636363636363637, -0.3636363636363637, 0.1013215859030837, 0.057971014492753624, 0.25, 0.0, 0.0, 0.0, 1.0, 0.7621489741842852, 1.0, 0.0, 0.0, 0.0, 0.0, 0.0, 0.0, 0.0]",123207,123174,N1,dismiss,-0.3,ts,632,0
"[0.8705882352941177, -0.8705882352941177, 0.08108108108108109, 1.0, -0.3333333333333333, 0.0, 0.0, 0.0, 1.0, 0.7129056500625781, 1.0, 0.0, 0.0, 0.0, 0.0, 0.0, 0.0, 0.0]",115299,169349,N1,dismiss,-0.3,ts,2837,0
"[0.25, -0.25, -0.24812030075187969, 0.01764705882352941, 0.13636363636363635, 0.0, 0.0, 0.0, 1.0, 0.7203456543782418, 1.0, 0.0, 0.0, 0.0, 0.0, 0.0, 0.0, 0.0]",117159,117045,N3,dismiss,-0.3,ts,2534,1
"[0.4, -0.4, -0.29684601113172543, 0.0, 0.0, 0.0, 0.0, 0.0, 1.0, 0.7947192856371645, 1.0, 0.0, 0.0, 0.0, 0.0, 0.0, 0.0, 0.0]",63943,49005,N3,dismiss,-0.3,ts,2586,1
"[0.3636363636363637, -0.3636363636363637, 0.14285714285714285, 0.028169014084507043, 0.36363636363636365, 0.0, 0.0, 0.0, 1.0, 0.7388385917974343, 1.0, 0.0, 0.0, 0.0, 0.0, 0.0, 0.0, 0.0]",123011,123174,N1,accept,0.5545454545454546,ts,961,0
"[0.7999999999999999, -0.7999999999999999, -0.24200000000000002, -0.11666666666666667, -0.18181818181818182, 0.0, 0.0, 0.0, 1.0, 0.8047313163458458, 1.0, 0.0, 0.0, 0.0, 0.0, 0.0, 0.0, 0.0]",69947,48992,N1,dismiss,-0.3,ts,1828,1
"[0.7647058823529411, -0.7647058823529411, 0.04796274738067509, -0.028469750889679714, 0.6428571428571429, 0.0, 0.0, 0.0, 1.0, 0.8190663263402094, 1.0, 0.0, 0.0, 0.0, 0.0, 0.0, 0.0, 0.0]",21089,120796,N1,dismiss,-0.3,ts,1450,0
"[0.513888888888889, -0.513888888888889, -0.5454545454545454, -0.8032786885245902, -0.22000000000000003, 0.0, 0.0, 0.0, 1.0, 0.6057276395055889, 1.0, 0.0, 0.0, 0.0, 0.0, 0.0, 0.0, 0.0]",104492,63998,N1,dismiss,-0.3,ts,1302,1
"[0.44999999999999996, -0.44999999999999996, -0.5411887382690302, -0.04619565217391304, -0.06666666666666667, 0.0, 0.0, 0.0, 1.0, 0.732860879105137, 1.0, 0.0, 0.0, 0.0, 0.0, 0.0, 0.0, 0.0]",43346,151838,N1,dismiss,-0.3,ts,1268,1
"[0.05882352941176463, -0.05882352941176463, 0.0703125, -0.058823529411764705, 0.1, 0.0, 0.0, 0.0, 1.0, 0.7019258441872414, 1.0, 0.0, 0.0, 0.0, 0.0, 0.0, 0.0, 0.0]",56819,141833,N1,dismiss,-0.3,ts,2658,0
"[0.25, -0.25, 0.2005012531328321, 0.08059701492537313, 0.23076923076923078, 0.0, 0.0, 0.0, 1.0, 0.6957350407795951, 1.0, 0.0, 0.0, 0.0, 0.0, 0.0, 0.0, 0.0]",140787,129198,N1,dismiss,-0.3,ts,1843,1
"[0.44999999999999996, -0.44999999999999996, -0.5305164319248826, 0.10569105691056911, 0.6666666666666666, 0.0, 0.0, 0.0, 1.0, 0.6272437205132538, 1.0, 0.0, 0.0, 0.0, 0.0, 0.0, 0.0, 0.0]",43370,89764,N1,dismiss,-0.3,ts,2588,1
"[0.5636363636363637, -0.5636363636363637, 0.07142857142857142, -0.022535211267605635, 1.0, 0.0, 0.0, 0.0, 1.0, 0.7592372348838375, 1.0, 0.0, 0.0, 0.0, 0.0, 0.0, 0.0, 0.0]",123005,107659,N1,dismiss,-0.3,ts,1663,1
"[0.46153846153846156, -0.46153846153846156, -0.7849624060150376, -0.256, 0.33999999999999997, 0.0, 0.0, 0.0, 1.0, 0.6073646963417112, 1.0, 0.0, 0.0, 0.0, 0.0, 0.0, 0.0, 0.0]",110599,85230,N1,accept,0.6230769230769231,ts,1878,1
"[0.8151260504201681, -0.8151260504201681, -0.05657142857142848, 0.7914893617021277, -0.034482758620689655, 0.0, 0.0, 0.0, 1.0, 0.8095242182939427, 1.0, 0.0, 0.0, 0.0, 0.0, 0.0, 0.0, 0.0]",104679,61314,N1,dismiss,-0.3,ts,1152,1
"[0.24999999999999997, -0.24999999999999997, 0.16666666666666666, 0.0, 0.0, 0.0, 0.0, 0.0, 1.0, 0.7828956117024544, 1.0, 0.0, 0.0, 0.0, 0.0, 0.0, 0.0, 0.0]",18305,18309,N1,dismiss,-0.3,ts,2166,0
"[0.6136363636363636, -0.6136363636363636, 0.23253903040262944, -0.553623188405797, -0.6166666666666667, 0.0, 0.0, 0.0, 1.0, 0.65041344673754, 1.0, 0.0, 0.0, 0.0, 0.0, 0.0, 0.0, 0.0]",123006,142262,N1,dismiss,-0.3,ts,1727,0
"[0.164, -0.164, -0.6836, -0.1, 0.088, 0.0, 0.0, 0.0, 1.0, 0.6098549356396384, 1.0, 0.0, 0.0, 0.0, 0.0, 0.0, 0.0, 0.0]",85224,134716,N1,dismiss,-0.3,ts,1646,0
"[0.3000000000000001, -0.3000000000000001, -0.7555110220440883, 0.03333333333333333, 0.45999999999999996, 0.0, 0.0, 0.0, 1.0, 0.599715517942224, 1.0, 0.0, 0.0, 0.0, 0.0, 0.0, 0.0, 0.0]",44266,85446,N1,dismiss,-0.3,ts,1300,1
"[0.09090909090909098, -0.09090909090909098, -0.050632911392405104, 0.059154929577464786, 0.16666666666666666, 0.0, 0.0, 0.0, 1.0, 0.7053625228197913, 1.0, 0.0, 0.0, 0.0, 0.0, 0.0, 0.0, 0.0]",109410,151841,N1,dismiss,-0.3,ts,2111,1
"[0.20000000000000007, -0.20000000000000007, -0.44603121886416475, -0.037037037037037035, -0.14285714285714285, 0.0, 0.0, 0.0, 1.0, 0.6568021176836034, 1.0, 0.0, 0.0, 0.0, 0.0, 0.0, 0.0, 0.0]",15533,108746,N1,dismiss,-0.3,ts,840,1
"[0.580952380952381, -0.580952380952381, 0.0, -0.45161290322580644, -0.07999999999999999, 0.0, 0.0, 0.0, 1.0, 0.8141354131117764, 1.0, 0.0, 0.0, 0.0, 0.0, 0.0, 0.0, 0.0]",126323,130670,N1,dismiss,-0.3,ts,1550,1
"[0.8666666666666667, -0.8666666666666667, 0.0, -0.3978494623655914, -0.07999999999999999, 0.0, 0.0, 0.0, 1.0, 0.8609422167584742, 1.0, 0.0, 0.0, 0.0, 0.0, 0.0, 0.0, 0.0]",126323,74186,N1,dismiss,-0.3,ts,1054,0
"[0.5, -0.5, -0.03853564547206166, -0.02158273381294964, 0.0, 0.0, 0.0, 0.0, 1.0, 0.8876149427547736, 1.0, 0.0, 0.0, 0.0, 0.0, 0.0, 0.0, 0.0]",125880,81422,N1,dismiss,-0.3,ts,2640,1
"[0.09677419354838718, -0.09677419354838718, -0.374375, 0.0, -0.4142857142857143, 0.0, 0.0, 0.0, 1.0, 0.5961299269692764, 1.0, 0.0, 0.0, 0.0, 0.0, 0.0, 0.0, 0.0]",15686,117054,N1,dismiss,-0.3,ts,714,1
"[0.12499999999999988, -0.12499999999999988, -0.01459854014598546, 0.5702479338842975, -0.05, 0.0, 0.0, 0.0, 1.0, 0.6742529909181216, 1.0, 0.0, 0.0, 0.0, 0.0, 0.0, 0.0, 0.0]",56538,180524,N1,dismiss,-0.3,ts,2083,1
"[0.10714285714285708, -0.10714285714285708, 0.052770448548812667, -0.20761245674740483, -0.3333333333333333, 0.0, 0.0, 0.0, 1.0, 0.64584505204145, 1.0, 0.0, 0.0, 0.0, 0.0, 0.0, 0.0, 0.0]",105432,185375,N1,dismiss,-0.3,ts,2715,1
"[0.09999999999999991, -0.09999999999999991, -0.665546218487395, 0.0, 0.0, 0.0, 0.0, 0.0, 1.0, 0.6400589572696636, 1.0, 0.0, 0.0, 0.0, 0.0, 0.0, 0.0, 0.0]",54201,16809,N1,dismiss,-0.3,ts,1347,0
"[0.2000000000000001, -0.2000000000000001, -0.15304087736789634, 0.1346153846153846, 0.020000000000000018, 0.0, 0.0, 0.0, 1.0, 0.7288068930367897, 1.0, 0.0, 0.0, 0.0, 0.0, 0.0, 0.0, 0.0]",86978,87097,N1,dismiss,-0.3,ts,1333,1
"[0.4444444444444445, -0.4444444444444445, 0.10401459854014582, -0.54, -0.6, 0.0, 0.0, 0.0, 1.0, 0.6542508615673612, 1.0, 0.0, 0.0, 0.0, 0.0, 0.0, 0.0, 0.0]",169353,132873,N1,dismiss,-0.3,ts,722,0
"[0.24999999999999997, -0.24999999999999997, -0.27846265409717186, 0.0, 0.0, 0.0, 0.0, 0.0, 1.0, 0.7541829612825312, 1.0, 0.0, 0.0, 0.0, 0.0, 0.0, 0.0, 0.0]",141746,174748,N1,dismiss,-0.3,ts,2832,0
"[0.7555555555555556, -0.7555555555555556, -0.3853820598006645, 1.0, 1.0, 0.0, 0.0, 0.0, 1.0, 0.5461262437815899, 1.0, 0.0, 0.0, 0.0, 0.0, 0.0, 0.0, 0.0]",147349,130294,N1,dismiss,-0.3,ts,636,1
"[0.6683673469387755, -0.6683673469387755, -0.05542857142857136, -0.5456989247311828, 0.1724137931034483, 0.0, 0.0, 0.0, 1.0, 0.7762925780580481, 1.0, 0.0, 0.0, 0.0, 0.0, 0.0, 0.0, 0.0]",169065,61360,N1,dismiss,-0.3,ts,578,1
"[0.8571428571428572, -0.8571428571428572, 0.05800000000000001, 0.054901960784313725, 0.0, 0.0, 0.0, 0.0, 1.0, 0.9269965060246893, 1.0, 0.0, 0.0, 0.0, 0.0, 0.0, 0.0, 0.0]",116982,117003,N1,dismiss,-0.3,ts,1406,0
"[0.7954545454545455, -0.7954545454545455, -0.058333333333333376, 0.08571428571428572, 1.0, 0.0, 0.0, 0.0, 1.0, 0.7646405915394846, 1.0, 0.0, 0.0, 0.0, 0.0, 0.0, 0.0, 0.0]",30105,89765,N1,dismiss,-0.3,ts,785,0
"[0.19999999999999993, -0.19999999999999993, -0.55, -0.9, -0.8363636363636363, 0.0, 0.0, 0.0, 1.0, 0.4423573576868047, 1.0, 0.0, 0.0, 0.0, 0.0, 0.0, 0.0, 0.0]",126074,62598,N1,dismiss,-0.3,ts,1669,1
"[0.16666666666666663, -0.16666666666666663, 0.07903525046382186, 0.0, 0.0, 0.0, 0.0, 0.0, 1.0, 0.7819875829786701, 1.0, 0.0, 0.0, 0.0, 0.0, 0.0, 0.0, 0.0]",147380,85069,N1,dismiss,-0.3,ts,2664,1
"[0.040000000000000036, -0.040000000000000036, 0.15037593984962405, 0.5676855895196506, -0.6375, 0.0, 0.0, 0.0, 1.0, 0.5031443816332022, 1.0, 0.0, 0.0, 0.0, 0.0, 0.0, 0.0, 0.0]",185375,158412,N1,accept,0.328,ts,526,1
"[0.15, -0.15, -0.05649999999999995, -0.48333333333333334, -0.58, 0.0, 0.0, 0.0, 1.0, 0.5880249896185937, 1.0, 0.0, 0.0, 0.0, 0.0, 0.0, 0.0, 0.0]",18598,79359,N1,dismiss,-0.3,ts,1906,1
"[0.6, -0.6, 0.14277777777777778, 0.12790697674418605, 1.0, 0.0, 0.0, 0.0, 1.0, 0.7038070298214638, 1.0, 0.0, 0.0, 0.0, 0.0, 0.0, 0.0, 0.0]",145578,29663,N1,dismiss,-0.3,ts,2691,0
"[0.24999999999999997, -0.24999999999999997, -0.4147058823529412, 0.0, 0.0, 0.0, 0.0, 0.0, 1.0, 0.726850521859211, 1.0, 0.0, 0.0, 0.0, 0.0, 0.0, 0.0, 0.0]",51609,174748,N1,dismiss,-0.3,ts,2364,0
"[0.4432989690721649, -0.4432989690721649, -0.2631578947368421, -0.08454810495626822, -0.46153846153846156, 0.0, 0.0, 0.0, 1.0, 0.6998256490951412, 1.0, 0.0, 0.0, 0.0, 0.0, 0.0, 0.0, 0.0]",104962,145523,N1,dismiss,-0.3,ts,2148,0
"[0.5636363636363637, -0.5636363636363637, -0.16573971078976643, -0.028011204481792718, 0.8333333333333334, 0.0, 0.0, 0.0, 1.0, 0.7359030566464657, 1.0, 0.0, 0.0, 0.0, 0.0, 0.0, 0.0, 0.0]",166050,107659,N1,dismiss,-0.3,ts,793,1
"[0.27999999999999997, -0.27999999999999997, 0.22005571030640667, -0.2636363636363636, 0.31999999999999995, 0.0, 0.0, 0.0, 1.0, 0.6456512718839392, 1.0, 0.0, 0.0, 0.0, 0.0, 0.0, 0.0, 0.0]",84107,19598,N1,dismiss,-0.3,ts,583,0
"[0.9228571428571429, -0.9228571428571429, -0.2761430511543685, 0.09917355371900827, -0.4583333333333333, 0.0, 0.0, 0.0, 1.0, 0.7685935228198763, 1.0, 0.0, 0.0, 0.0, 0.0, 0.0, 0.0, 0.0]",110166,128247,N1,dismiss,-0.3,ts,2811,0
"[0.3321428571428571, -0.3321428571428571, -0.026620059155686878, 0.0, 0.0, 0.0, 0.0, 0.0, 1.0, 0.8548083702692812, 1.0, 0.0, 0.0, 0.0, 0.0, 0.0, 0.0, 0.0]",55412,15139,N1,dismiss,-0.3,ts,1003,1
"[0.25, -0.25, 0.15830115830115837, 0.02976190476190476, 0.13636363636363635, 0.0, 0.0, 0.0, 1.0, 0.7408404640993043, 1.0, 0.0, 0.0, 0.0, 0.0, 0.0, 0.0, 0.0]",106979,117045,N1,dismiss,-0.3,ts,945,0
"[0.25, -0.25, 0.0, -0.008595988538681949, 0.13636363636363635, 0.0, 0.0, 0.0, 1.0, 0.8012276518471559, 1.0, 0.0, 0.0, 0.0, 0.0, 0.0, 0.0, 0.0]",43088,117045,N3,dismiss,-0.3,ts,2800,1
"[0.3636363636363637, -0.3636363636363637, 0.146788990825688, 0.0110803324099723, 0.36363636363636365, 0.0, 0.0, 0.0, 1.0, 0.7425908749935993, 1.0, 0.0, 0.0, 0.0, 0.0, 0.0, 0.0, 0.0]",93938,123174,N1,dismiss,-0.3,ts,677,0
"[0.56, -0.56, 0.047120418848167464, 0.36086956521739133, -0.4, 0.0, 0.0, 0.0, 1.0, 0.7437502917188107, 1.0, 0.0, 0.0, 0.0, 0.0, 0.0, 0.0, 0.0]",146668,169349,N1,dismiss,-0.3,ts,1348,0
"[0.5636363636363637, -0.5636363636363637, -0.43781094527363185, -0.011396011396011397, 0.5714285714285714, 0.0, 0.0, 0.0, 1.0, 0.699948256510776, 1.0, 0.0, 0.0, 0.0, 0.0, 0.0, 0.0, 0.0]",15532,108828,N1,dismiss,-0.3,ts,1570,0
"[0.5636363636363637, -0.5636363636363637, -0.10601265822784818, -0.030726256983240222, 0.5714285714285714, 0.0, 0.0, 0.0, 1.0, 0.7728563055873505, 1.0, 0.0, 0.0, 0.0, 0.0, 0.0, 0.0, 0.0]",111011,108828,N1,dismiss,-0.3,ts,1203,0
"[0.25, -0.25, -0.316628701594533, -0.011428571428571429, 0.13636363636363635, 0.0, 0.0, 0.0, 1.0, 0.7065666744509789, 1.0, 0.0, 0.0, 0.0, 0.0, 0.0, 0.0, 0.0]",117111,117045,N1,dismiss,-0.3,ts,1977,0
"[0.2045454545454546, -0.2045454545454546, 0.006343906510851462, -0.019553072625698324, 1.0, 0.0, 0.0, 0.0, 1.0, 0.6864109839014316, 1.0, 0.0, 0.0, 0.0, 0.0, 0.0, 0.0, 0.0]",135481,74278,N1,dismiss,-0.3,ts,1108,0
"[0.8, -0.8, 0.0, 1.0, 1.0, 0.0, 0.0, 0.0, 1.0, 0.6626816974221303, 1.0, 0.0, 0.0, 0.0, 0.0, 0.0, 0.0, 0.0]",51128,51605,N1,dismiss,-0.3,ts,1391,0
"[0.2, -0.2, -0.425, -0.1678832116788321, -0.26666666666666666, 0.0, 0.0, 0.0, 1.0, 0.603526579115756, 1.0, 0.0, 0.0, 0.0, 0.0, 0.0, 0.0, 0.0]",115289,178949,N1,dismiss,-0.3,ts,816,0
"[0.2857142857142857, -0.2857142857142857, -0.6519208381839349, -0.05693950177935943, 0.0, 0.0, 0.0, 0.0, 1.0, 0.6891839378250856, 1.0, 0.0, 0.0, 0.0, 0.0, 0.0, 0.0, 0.0]",84577,121068,N1,dismiss,-0.3,ts,1609,1
"[0.3636363636363637, -0.3636363636363637, 0.0, 0.0, 0.0, 0.0, 0.0, 0.0, 1.0, 0.8742764353476687, 1.0, 0.0, 0.0, 0.0, 0.0, 0.0, 0.0, 0.0]",123054,123174,N1,dismiss,-0.3,ts,445,0
"[0.062499999999999965, -0.062499999999999965, 0.0, 0.07339449541284404, -0.038461538461538464, 0.0, 0.0, 0.0, 1.0, 0.7417846617265634, 1.0, 0.0, 0.0, 0.0, 0.0, 0.0, 0.0, 0.0]",169893,183357,N1,accept,0.34374999999999994,ts,2997,0
"[0.1392405063291139, -0.1392405063291139, -0.6510911424903723, -0.10909090909090909, 0.0, 0.0, 0.0, 0.0, 1.0, 0.6264533779547405, 1.0, 0.0, 0.0, 0.0, 0.0, 0.0, 0.0, 0.0]",43373,185707,N1,dismiss,-0.3,ts,943,1
"[0.2, -0.2, 0.09333333333333324, -0.1895734597156398, 0.6, 0.0, 0.0, 0.0, 1.0, 0.6366180946932497, 1.0, 0.0, 0.0, 0.0, 0.0, 0.0, 0.0, 0.0]",162680,15178,N1,accept,0.43999999999999995,ts,524,0
"[0.5636363636363637, -0.5636363636363637, -0.058333333333333376, -0.0169971671388102, 0.5714285714285714, 0.0, 0.0, 0.0, 1.0, 0.7929707233257425, 1.0, 0.0, 0.0, 0.0, 0.0, 0.0, 0.0, 0.0]",87721,108828,N1,dismiss,-0.3,ts,1440,0
"[0.24999999999999997, -0.24999999999999997, -0.27846265409717186, 0.0, 0.0, 0.0, 0.0, 0.0, 1.0, 0.7541829612825312, 1.0, 0.0, 0.0, 0.0, 0.0, 0.0, 0.0, 0.0]",141746,174748,N1,dismiss,-0.3,ts,761,0
"[0.8571428571428571, -0.8571428571428571, 0.0, -0.11498257839721254, -0.054545454545454515, 0.0, 0.0, 0.0, 1.0, 0.9181815185255802, 1.0, 0.0, 0.0, 0.0, 0.0, 0.0, 0.0, 0.0]",91072,91067,N1,dismiss,-0.3,ts,2054,0
"[0.5555555555555556, -0.35, -0.41692307692307695, 0.0, 0.0, 0.0, 0.0, 0.0, 1.0, 0.7572625285445833, 1.0, 0.0, 0.0, 0.0, 0.0, 0.0, 0.0, 0.0]",63920,48992,N1,dismiss,-0.3,ts,1758,1
"[0.5, -0.5, 0.0, 0.0, 0.0, 0.0, 0.0, 0.0, 1.0, 0.9087872380968218, 1.0, 0.0, 0.0, 0.0, 0.0, 0.0, 0.0, 0.0]",141766,141765,N1,dismiss,-0.3,ts,1083,1
"[0.5636363636363637, -0.5636363636363637, -0.5024875621890547, -0.005698005698005698, 0.42857142857142855, 0.0, 0.0, 0.0, 1.0, 0.7073388149120154, 1.0, 0.0, 0.0, 0.0, 0.0, 0.0, 0.0, 0.0]",15532,107563,N1,dismiss,-0.3,ts,1050,1
"[0.8714285714285714, -0.8714285714285714, -0.15512820512820505, 0.16022099447513813, 0.7222222222222222, 0.0, 0.0, 0.0, 1.0, 0.7567952415809388, 1.0, 0.0, 0.0, 0.0, 0.0, 0.0, 0.0, 0.0]",146678,170138,N1,dismiss,-0.3,ts,406,0
"[0.6136363636363636, -0.6136363636363636, -0.16573971078976643, -0.5686274509803921, -0.6166666666666667, 0.0, 0.0, 0.0, 1.0, 0.6669029880120972, 1.0, 0.0, 0.0, 0.0, 0.0, 0.0, 0.0, 0.0]",166050,142262,N1,accept,0.7295454545454545,ts,2488,1
"[0.5576036866359447, -0.5576036866359447, -0.4044073853484217, 0.15579710144927536, 0.4, 0.0, 0.0, 0.0, 1.0, 0.6872933901369873, 1.0, 0.0, 0.0, 0.0, 0.0, 0.0, 0.0, 0.0]",64515,63925,N6,dismiss,-0.3,ts,2077,1
"[0.8944444444444444, -0.8944444444444444, 0.0, -0.02, 0.0, 0.0, 0.0, 0.0, 1.0, 0.962136410518863, 1.0, 0.0, 0.0, 0.0, 0.0, 0.0, 0.0, 0.0]",89731,83441,N6,accept,0.9261111111111111,ts,2035,1
"[0.15999999999999998, -0.15999999999999998, 0.0, 0.0, 0.0, 0.0, 0.0, 0.0, 1.0, 0.8088739373846245, 1.0, 0.0, 0.0, 0.0, 0.0, 0.0, 0.0, 0.0]",16728,16731,N1,dismiss,-0.3,ts,1501,0
"[0.19709090909090918, -0.19709090909090918, -0.07324621733149929, 0.0, 0.0, 0.0, 0.0, 0.0, 1.0, 0.7945750109053056, 1.0, 0.0, 0.0, 0.0, 0.0, 0.0, 0.0, 0.0]",85069,63876,N1,dismiss,-0.3,ts,725,0
"[0.8714285714285714, -0.8714285714285714, -0.17521902377972465, 0.10526315789473684, 0.631578947368421, 0.0, 0.0, 0.0, 1.0, 0.7707011798032538, 1.0, 0.0, 0.0, 0.0, 0.0, 0.0, 0.0, 0.0]",158639,170138,N1,accept,0.9099999999999999,ts,2356,0
"[0.20000000000000007, -0.20000000000000007, -0.09104704097116853, 0.022857142857142857, -0.07894736842105259, 0.0, 0.0, 0.0, 1.0, 0.7609209169569267, 1.0, 0.0, 0.0, 0.0, 0.0, 0.0, 0.0, 0.0]",43097,135481,N1,dismiss,-0.3,ts,1750,1
"[0.5384615384615385, -0.5384615384615385, -0.09693053311793215, -0.08256880733944955, -0.08333333333333333, 0.0, 0.0, 0.0, 1.0, 0.8359720963425611, 1.0, 0.0, 0.0, 0.0, 0.0, 0.0, 0.0, 0.0]",63891,16728,N1,dismiss,-0.3,ts,2725,1
"[0.023255813953488292, -0.023255813953488292, 0.1956001912960306, 0.16556291390728478, -0.014285714285714235, 0.0, 0.0, 0.0, 1.0, 0.6474584734267568, 1.0, 0.0, 0.0, 0.0, 0.0, 0.0, 0.0, 0.0]",115226,15171,N1,dismiss,-0.3,ts,2995,0
"[0.24242424242424238, -0.24242424242424238, -0.158311345646438, -0.08536585365853659, -0.21999999999999997, 0.0, 0.0, 0.0, 1.0, 0.7058869977996952, 1.0, 0.0, 0.0, 0.0, 0.0, 0.0, 0.0, 0.0]",110035,19597,N1,dismiss,-0.3,ts,1235,1
"[0.41666666666666663, -0.41666666666666663, 0.0333889816360601, -0.02857142857142857, -0.015999999999999945, 0.0, 0.0, 0.0, 1.0, 0.8626753628631801, 1.0, 0.0, 0.0, 0.0, 0.0, 0.0, 0.0, 0.0]",19869,39280,N1,dismiss,-0.3,ts,694,0
"[0.1666666666666667, -0.1666666666666667, -0.13333333333333333, -0.04, -0.039999999999999994, 0.0, 0.0, 0.0, 1.0, 0.7413502371898478, 1.0, 0.0, 0.0, 0.0, 0.0, 0.0, 0.0, 0.0]",40383,156539,N1,dismiss,-0.3,ts,2196,0
"[0.6, -0.6, 0.2369212266987373, 0.1686746987951807, 0.3333333333333333, 0.0, 0.0, 0.0, 1.0, 0.7376570190607876, 1.0, 0.0, 0.0, 0.0, 0.0, 0.0, 0.0, 0.0]",52481,29663,N1,dismiss,-0.3,ts,2558,0
"[0.2515151515151516, -0.2515151515151516, -0.18550000000000005, 0.5, 0.1, 0.0, 0.0, 0.0, 1.0, 0.6560844790808397, 1.0, 0.0, 0.0, 0.0, 0.0, 0.0, 0.0, 0.0]",80033,143094,N1,dismiss,-0.3,ts,1578,1
"[0.7333333333333334, -0.7333333333333334, -0.26660742057320597, 0.0, 0.0, 0.0, 0.0, 0.0, 1.0, 0.8674679027645708, 1.0, 0.0, 0.0, 0.0, 0.0, 0.0, 0.0, 0.0]",120796,120787,N1,dismiss,-0.3,ts,1474,1
"[0.09090909090909087, -0.09090909090909087, -0.13017127799736508, 0.82, 0.045454545454545456, 0.0, 0.0, 0.0, 1.0, 0.6041007760941072, 1.0, 0.0, 0.0, 0.0, 0.0, 0.0, 0.0, 0.0]",85794,120787,N1,accept,0.3636363636363636,ts,1843,1
"[0.16666666666666663, -0.16666666666666663, 0.11098779134295228, -0.11282051282051282, -0.020000000000000018, 0.0, 0.0, 0.0, 1.0, 0.7352357426409654, 1.0, 0.0, 0.0, 0.0, 0.0, 0.0, 0.0, 0.0]",83435,87100,N1,dismiss,-0.3,ts,1779,0
"[0.20000000000000004, -0.20000000000000004, -0.5272727272727272, 0.1978021978021978, 0.3, 0.0, 0.0, 0.0, 1.0, 0.5758109939927043, 1.0, 0.0, 0.0, 0.0, 0.0, 0.0, 0.0, 0.0]",127600,169893,N6,dismiss,-0.3,ts,1507,1
"[0.13333333333333328, -0.13333333333333328, -0.07126567844925884, -0.028901734104046242, -0.07999999999999999, 0.0, 0.0, 0.0, 1.0, 0.7421727843140296, 1.0, 0.0, 0.0, 0.0, 0.0, 0.0, 0.0, 0.0]",87098,143094,N1,dismiss,-0.3,ts,2011,1
"[0.5454545454545455, -0.5454545454545455, -0.34353018158023885, 0.0, 0.0, 0.0, 0.0, 0.0, 1.0, 0.8191303026203585, 1.0, 0.0, 0.0, 0.0, 0.0, 0.0, 0.0, 0.0]",54334,54345,N1,dismiss,-0.3,ts,1279,1
"[0.25, -0.25, 0.0, 0.011695906432748537, 0.25, 0.0, 0.0, 0.0, 1.0, 0.7771008967590011, 1.0, 0.0, 0.0, 0.0, 0.0, 0.0, 0.0, 0.0]",43087,117045,N1,accept,0.475,ts,1964,0
"[0.20000000000000007, -0.20000000000000007, -0.4595833333333333, -0.0918918918918919, 1.0, 0.0, 0.0, 0.0, 1.0, 0.5404319134665907, 1.0, 0.0, 0.0, 0.0, 0.0, 0.0, 0.0, 0.0]",107308,107458,N1,dismiss,-0.3,ts,991,1
"[0.87, -0.87, -0.375, -0.5698924731182796, -0.1, 0.0, 0.0, 0.0, 1.0, 0.7310172927722286, 1.0, 0.0, 0.0, 0.0, 0.0, 0.0, 0.0, 0.0]",126323,81568,N1,dismiss,-0.3,ts,1286,1
"[0.75, -0.75, 0.07799999999999997, -0.11666666666666667, -0.18181818181818182, 0.0, 0.0, 0.0, 1.0, 0.8464921298349981, 1.0, 0.0, 0.0, 0.0, 0.0, 0.0, 0.0, 0.0]",69947,63919,N6,dismiss,-0.3,ts,808,1
"[0.09999999999999996, -0.09999999999999996, 0.0, -0.23333333333333334, -0.42000000000000004, 0.0, 0.0, 0.0, 1.0, 0.6460411997111499, 1.0, 0.0, 0.0, 0.0, 0.0, 0.0, 0.0, 0.0]",18598,155815,N1,dismiss,-0.3,ts,728,0
"[0.25, -0.25, -0.316628701594533, 0.02976190476190476, 0.20192307692307687, 0.0, 0.0, 0.0, 1.0, 0.6872552925450732, 1.0, 0.0, 0.0, 0.0, 0.0, 0.0, 0.0, 0.0]",117146,117045,N1,dismiss,-0.3,ts,1159,0
"[0.55, -0.55, 0.11470588235294113, -0.05, -0.17272727272727276, 0.0, 0.0, 0.0, 1.0, 0.8203561366987663, 1.0, 0.0, 0.0, 0.0, 0.0, 0.0, 0.0, 0.0]",115238,49005,N6,dismiss,-0.3,ts,821,1
"[0.0555555555555556, -0.0555555555555556, 0.0, -0.48237885462555063, 0.3181818181818182, 0.0, 0.0, 0.0, 1.0, 0.6073285707775768, 1.0, 0.0, 0.0, 0.0, 0.0, 0.0, 0.0, 0.0]",169062,104679,N1,accept,0.3388888888888889,ts,1062,1
"[0.19999999999999998, -0.19999999999999998, -0.6349070100143063, 0.020537124802527645, 0.06000000000000001, 0.0, 0.0, 0.0, 1.0, 0.6560066696079127, 1.0, 0.0, 0.0, 0.0, 0.0, 0.0, 0.0, 0.0]",19708,119961,N6,dismiss,-0.3,ts,2040,1
"[0.5454545454545454, -0.5454545454545454, -0.008000000000000007, -0.8403908794788274, -0.5, 0.0, 0.0, 0.0, 1.0, 0.6984613948531551, 1.0, 0.0, 0.0, 0.0, 0.0, 0.0, 0.0, 0.0]",69980,94324,N6,dismiss,-0.3,ts,847,1
"[0.3636363636363637, -0.3636363636363637, 0.0, 0.016713091922005572, 0.25, 0.0, 0.0, 0.0, 1.0, 0.8103249790259089, 1.0, 0.0, 0.0, 0.0, 0.0, 0.0, 0.0, 0.0]",123014,123174,N1,dismiss,-0.3,ts,1722,0
"[0.5599999999999999, -0.5599999999999999, 0.24223602484472048, 0.34615384615384615, -0.20212765957446813, 0.0, 0.0, 0.0, 1.0, 0.7198407737388159, 1.0, 0.0, 0.0, 0.0, 0.0, 0.0, 0.0, 0.0]",185582,30082,N1,accept,0.692,ts,1760,1
"[0.5, -0.5, -0.3970455230630088, 1.0, -0.52, 0.0, 0.0, 0.0, 1.0, 0.5578328352552592, 1.0, 0.0, 0.0, 0.0, 0.0, 0.0, 0.0, 0.0]",117335,169349,N1,dismiss,-0.3,ts,2030,0
"[0.8151260504201681, -0.8151260504201681, -0.309153713298791, 1.0, -0.52, 0.0, 0.0, 0.0, 1.0, 0.6302193207132403, 1.0, 0.0, 0.0, 0.0, 0.0, 0.0, 0.0, 0.0]",61358,169349,N6,dismiss,-0.3,ts,975,1
"[0.24999999999999994, -0.24999999999999994, 0.03454231433506045, 0.007194244604316547, 0.01626016260162596, 0.0, 0.0, 0.0, 1.0, 0.8192964848110718, 1.0, 0.0, 0.0, 0.0, 0.0, 0.0, 0.0, 0.0]",108461,19869,N1,dismiss,-0.3,ts,2489,1
"[0.648, -0.648, 0.12880765883376852, 0.20863309352517986, 1.0, 0.0, 0.0, 0.0, 1.0, 0.693548136379965, 1.0, 0.0, 0.0, 0.0, 0.0, 0.0, 0.0, 0.0]",185577,107458,N6,dismiss,-0.3,ts,979,1
"[0.3333333333333333, -0.3333333333333333, -0.48406676783004554, -0.44761904761904764, -0.6129032258064516, 0.0, 0.0, 0.0, 1.0, 0.546792220645576, 1.0, 0.0, 0.0, 0.0, 0.0, 0.0, 0.0, 0.0]",170138,175100,N6,accept,0.5333333333333333,ts,1907,1
"[0.16666666666666666, -0.16666666666666666, -0.16749999999999995, 1.0, 0.06145251396648053, 0.0, 0.0, 0.0, 1.0, 0.5897690701959244, 1.0, 0.0, 0.0, 0.0, 0.0, 0.0, 0.0, 0.0]",165914,191335,N6,dismiss,-0.3,ts,2762,1
"[0.09090909090909087, -0.09090909090909087, -0.13017127799736508, 0.82, 0.045454545454545456, 0.0, 0.0, 0.0, 1.0, 0.6041007760941072, 1.0, 0.0, 0.0, 0.0, 0.0, 0.0, 0.0, 0.0]",85795,120787,N6,accept,0.3636363636363636,ts,2527,1
"[0.0384615384615385, -0.0384615384615385, 0.22897483118477596, 0.02976190476190476, 0.05999999999999996, 0.0, 0.0, 0.0, 1.0, 0.6652929903136966, 1.0, 0.0, 0.0, 0.0, 0.0, 0.0, 0.0, 0.0]",143094,87100,N1,dismiss,-0.3,ts,2724,1
"[0.4, -0.28, -0.29684601113172543, 0.0, 0.0, 0.0, 0.0, 0.0, 1.0, 0.759689501888925, 1.0, 0.0, 0.0, 0.0, 0.0, 0.0, 0.0, 0.0]",63873,42569,N6,accept,0.58,ts,863,0
"[0.1200000000000001, -0.1200000000000001, 0.1455847255369929, -0.054878048780487805, -0.8250000000000001, 0.0, 0.0, 0.0, 1.0, 0.6072134063167107, 1.0, 0.0, 0.0, 0.0, 0.0, 0.0, 0.0, 0.0]",57551,59423,N6,dismiss,-0.3,ts,870,1
"[0.40476190476190477, -0.40476190476190477, 0.04171011470281543, -0.014492753623188406, 0.0, 0.0, 0.0, 0.0, 1.0, 0.8652356645448637, 1.0, 0.0, 0.0, 0.0, 0.0, 0.0, 0.0, 0.0]",154624,71092,N6,dismiss,-0.3,ts,2474,0
"[0.52, -0.52, -0.058333333333333376, -0.07712765957446809, 0.5714285714285714, 0.0, 0.0, 0.0, 1.0, 0.7675469899349182, 1.0, 0.0, 0.0, 0.0, 0.0, 0.0, 0.0, 0.0]",151841,108828,N6,dismiss,-0.3,ts,911,0
"[0.5636363636363637, -0.5636363636363637, -0.058333333333333376, -0.0169971671388102, 0.5714285714285714, 0.0, 0.0, 0.0, 1.0, 0.7929707233257425, 1.0, 0.0, 0.0, 0.0, 0.0, 0.0, 0.0, 0.0]",87720,108828,N6,dismiss,-0.3,ts,650,0
"[0.3142857142857143, -0.3142857142857143, -0.43762441937624424, -0.011396011396011397, 0.5714285714285714, 0.0, 0.0, 0.0, 1.0, 0.6376457195707799, 1.0, 0.0, 0.0, 0.0, 0.0, 0.0, 0.0, 0.0]",74278,108828,N6,dismiss,-0.3,ts,1496,0
"[0.33333333333333337, -0.33333333333333337, -0.42857142857142855, 0.8197674418604651, -0.5555555555555556, 0.0, 0.0, 0.0, 1.0, 0.5288933496043463, 1.0, 0.0, 0.0, 0.0, 0.0, 0.0, 0.0, 0.0]",169335,169349,N6,dismiss,-0.3,ts,1652,0
"[0.24324324324324323, -0.24324324324324323, 0.1767304860088365, -0.009036144578313253, 0.08695652173913043, 0.0, 0.0, 0.0, 1.0, 0.7511926611517339, 1.0, 0.0, 0.0, 0.0, 0.0, 0.0, 0.0, 0.0]",61096,158420,N1,dismiss,-0.3,ts,1535,1
"[0.8571428571428572, -0.8571428571428572, 0.0, 0.0, 0.0, 0.0, 0.0, 0.0, 1.0, 0.9644999904246006, 1.0, 0.0, 0.0, 0.0, 0.0, 0.0, 0.0, 0.0]",16649,16650,N6,dismiss,-0.3,ts,2816,0
"[0.5833333333333333, -0.5833333333333333, -0.014175257731958841, 0.0, 0.1, 0.0, 0.0, 0.0, 1.0, 0.8931955318196763, 1.0, 0.0, 0.0, 0.0, 0.0, 0.0, 0.0, 0.0]",151790,113027,N6,dismiss,-0.3,ts,2987,0
"[0.4545454545454546, -0.4545454545454546, -0.060150375939849676, 0.014619883040935672, 1.0, 0.0, 0.0, 0.0, 1.0, 0.741483609451724, 1.0, 0.0, 0.0, 0.0, 0.0, 0.0, 0.0, 0.0]",107170,107659,N1,dismiss,-0.3,ts,2163,1
"[0.6123076923076923, -0.6123076923076923, -0.09693053311793215, -0.08256880733944955, -0.08333333333333333, 0.0, 0.0, 0.0, 1.0, 0.8501854816806014, 1.0, 0.0, 0.0, 0.0, 0.0, 0.0, 0.0, 0.0]",63891,16731,N6,accept,0.7286153846153847,ts,704,1
"[0.75, -0.75, -0.3485838779956427, -0.22727272727272727, -0.7, 0.0, 0.0, 0.0, 1.0, 0.6841240246088105, 1.0, 0.0, 0.0, 0.0, 0.0, 0.0, 0.0, 0.0]",135617,134921,N6,accept,0.825,ts,403,1
"[0.7843137254901961, -0.7843137254901961, 0.17994100294985255, 1.0, -0.6363636363636364, 0.0, 0.0, 0.0, 1.0, 0.6485163998686077, 1.0, 0.0, 0.0, 0.0, 0.0, 0.0, 0.0, 0.0]",120916,169349,N6,dismiss,-0.3,ts,1584,0
"[0.06666666666666672, -0.06666666666666672, -0.16684045881126172, 0.0380952380952381, 0.0, 0.0, 0.0, 0.0, 1.0, 0.7071694114641532, 1.0, 0.0, 0.0, 0.0, 0.0, 0.0, 0.0, 0.0]",56248,115245,N6,dismiss,-0.3,ts,1868,1
"[0.25, -0.25, -0.4962393721386527, -0.001215066828675577, 0.0, 0.0, 0.0, 0.0, 1.0, 0.7133566296965045, 1.0, 0.0, 0.0, 0.0, 0.0, 0.0, 0.0, 0.0]",75083,189231,N6,dismiss,-0.3,ts,716,1
"[0.2, -0.2, -0.861516452074392, 0.0, 0.0, 0.0, 0.0, 0.0, 1.0, 0.6585329291503521, 1.0, 0.0, 0.0, 0.0, 0.0, 0.0, 0.0, 0.0]",16689,110501,N6,dismiss,-0.3,ts,2130,1
"[0.1666666666666667, -0.1666666666666667, -0.28112267994567675, 0.17355371900826447, -0.20833333333333334, 0.0, 0.0, 0.0, 1.0, 0.6301107558702879, 1.0, 0.0, 0.0, 0.0, 0.0, 0.0, 0.0, 0.0]",110166,89666,N6,accept,0.4166666666666667,ts,722,1
"[0.4, -0.4, -0.29684601113172543, 0.0, 0.0, 0.0, 0.0, 0.0, 1.0, 0.7947192856371645, 1.0, 0.0, 0.0, 0.0, 0.0, 0.0, 0.0, 0.0]",63943,49005,N6,dismiss,-0.3,ts,605,1
"[0.040000000000000036, -0.040000000000000036, 0.0, 0.0, 0.0, 0.0, 0.0, 0.0, 1.0, 0.7649820258822859, 1.0, 0.0, 0.0, 0.0, 0.0, 0.0, 0.0, 0.0]",141765,141753,N6,dismiss,-0.3,ts,2503,0
"[0.2222222222222223, -0.2222222222222223, -0.3853564547206166, 0.0, 0.0, 0.0, 0.0, 0.0, 1.0, 0.7229148042941707, 1.0, 0.0, 0.0, 0.0, 0.0, 0.0, 0.0, 0.0]",125880,113424,N6,dismiss,-0.3,ts,1248,0
"[0.7428571428571429, -0.7428571428571429, 0.125, -0.26, -0.12000000000000002, 0.0, 0.0, 0.0, 1.0, 0.8143254453991665, 1.0, 0.0, 0.0, 0.0, 0.0, 0.0, 0.0, 0.0]",18355,63753,N1,dismiss,-0.3,ts,2180,1
"[0.23076923076923073, -0.23076923076923073, -0.11918951132300357, 0.009259259259259259, 0.14285714285714285, 0.0, 0.0, 0.0, 1.0, 0.7507902223343408, 1.0, 0.0, 0.0, 0.0, 0.0, 0.0, 0.0, 0.0]",78130,115244,N6,dismiss,-0.3,ts,2698,1
"[0.5636363636363637, -0.5636363636363637, 0.23355263157894735, 0.011594202898550725, 0.6666666666666666, 0.0, 0.0, 0.0, 1.0, 0.7336359872815107, 1.0, 0.0, 0.0, 0.0, 0.0, 0.0, 0.0, 0.0]",123021,107563,N6,dismiss,-0.3,ts,1851,0
"[0.5636363636363637, -0.5636363636363637, -0.5024875621890547, 0.08356545961002786, 0.8461538461538461, 0.0, 0.0, 0.0, 1.0, 0.6499100418010952, 1.0, 0.0, 0.0, 0.0, 0.0, 0.0, 0.0, 0.0]",43372,107588,N3,dismiss,-0.3,ts,1896,1
"[0.040000000000000036, -0.040000000000000036, 0.0, 0.6467889908256881, -0.6777777777777777, 0.0, 0.0, 0.0, 1.0, 0.5447957747892169, 1.0, 0.0, 0.0, 0.0, 0.0, 0.0, 0.0, 0.0]",164355,158412,N1,dismiss,-0.3,ts,1419,1
"[0.3636363636363637, -0.3636363636363637, 0.1013215859030837, 0.057971014492753624, 0.25, 0.0, 0.0, 0.0, 1.0, 0.7621489741842852, 1.0, 0.0, 0.0, 0.0, 0.0, 0.0, 0.0, 0.0]",123207,123174,N6,dismiss,-0.3,ts,2963,0
"[0.1250000000000001, -0.1250000000000001, 0.1111111111111111, 0.0, 0.0, 0.0, 0.0, 0.0, 1.0, 0.7564807805603966, 1.0, 0.0, 0.0, 0.0, 0.0, 0.0, 0.0, 0.0]",62598,29449,N1,accept,0.38750000000000007,ts,1079,1
"[0.14285714285714285, -0.14285714285714285, -0.13156752062527144, -0.05190311418685121, 0.36363636363636365, 0.0, 0.0, 0.0, 1.0, 0.6641876162143715, 1.0, 0.0, 0.0, 0.0, 0.0, 0.0, 0.0, 0.0]",110153,115289,N6,accept,0.39999999999999997,ts,1575,0
"[0.04494382022471914, -0.04494382022471914, -0.2535714285714286, -0.08064516129032258, 0.0, 0.0, 0.0, 0.0, 1.0, 0.6649279362905083, 1.0, 0.0, 0.0, 0.0, 0.0, 0.0, 0.0, 0.0]",79360,18005,N1,dismiss,-0.3,ts,818,1
"[0.9400000000000001, -0.9400000000000001, -0.05250000000000003, -0.18333333333333332, 1.0, 0.0, 0.0, 0.0, 1.0, 0.7728199588411944, 1.0, 0.0, 0.0, 0.0, 0.0, 0.0, 0.0, 0.0]",112476,42569,N6,dismiss,-0.3,ts,818,0
"[0.16666666666666666, -0.16666666666666666, -0.18256130790190733, 0.004273504273504274, -0.7058823529411765, 0.0, 0.0, 0.0, 1.0, 0.6353323082171077, 1.0, 0.0, 0.0, 0.0, 0.0, 0.0, 0.0, 0.0]",146728,145577,N6,dismiss,-0.3,ts,2476,1
"[0.0555555555555556, -0.0555555555555556, -0.16666666666666666, 0.0, -0.10714285714285714, 0.0, 0.0, 0.0, 1.0, 0.6851591657739663, 1.0, 0.0, 0.0, 0.0, 0.0, 0.0, 0.0, 0.0]",111476,107052,N1,dismiss,-0.3,ts,870,1
"[0.6785714285714286, -0.6785714285714286, -0.06094182825484772, 0.10465116279069768, -0.20689655172413793, 0.0, 0.0, 0.0, 1.0, 0.8401414992281117, 1.0, 0.0, 0.0, 0.0, 0.0, 0.0, 0.0, 0.0]",123439,89765,N6,dismiss,-0.3,ts,2725,0
"[0.5888888888888888, -0.5888888888888888, 0.02833834263632461, 0.06333333333333334, 0.2727272727272727, 0.0, 0.0, 0.0, 1.0, 0.8350920649925228, 1.0, 0.0, 0.0, 0.0, 0.0, 0.0, 0.0, 0.0]",141734,63924,N6,dismiss,-0.3,ts,2391,1
"[0.04761904761904766, -0.04761904761904766, -0.39722724532851117, 0.15162454873646208, 0.4, 0.0, 0.0, 0.0, 1.0, 0.5363539792335147, 1.0, 0.0, 0.0, 0.0, 0.0, 0.0, 0.0, 0.0]",16646,63925,N1,dismiss,-0.3,ts,585,1
"[0.625, -0.625, 0.0026755852842809983, 0.7803468208092486, -0.54, 0.0, 0.0, 0.0, 1.0, 0.7148883874284145, 1.0, 0.0, 0.0, 0.0, 0.0, 0.0, 0.0, 0.0]",158410,115951,N6,dismiss,-0.3,ts,2512,0
"[0.20000000000000004, -0.20000000000000004, -0.5272727272727272, 0.1978021978021978, 0.3, 0.0, 0.0, 0.0, 1.0, 0.5758109939927043, 1.0, 0.0, 0.0, 0.0, 0.0, 0.0, 0.0, 0.0]",127600,169893,N6,dismiss,-0.3,ts,1800,0
"[0.3333333333333333, -0.3333333333333333, -0.48406676783004554, -0.44761904761904764, -0.6129032258064516, 0.0, 0.0, 0.0, 1.0, 0.546792220645576, 1.0, 0.0, 0.0, 0.0, 0.0, 0.0, 0.0, 0.0]",170138,175100,N6,accept,0.5333333333333333,ts,874,0
"[0.20000000000000004, -0.20000000000000004, -0.6972222222222223, -0.46153846153846156, -0.059999999999999984, 0.0, 0.0, 0.0, 1.0, 0.565054577528199, 1.0, 0.0, 0.0, 0.0, 0.0, 0.0, 0.0, 0.0]",51193,18528,N6,dismiss,-0.3,ts,2010,0
"[0.16666666666666666, -0.16666666666666666, -0.16749999999999995, 1.0, 0.06145251396648053, 0.0, 0.0, 0.0, 1.0, 0.5897690701959244, 1.0, 0.0, 0.0, 0.0, 0.0, 0.0, 0.0, 0.0]",165914,191335,N6,dismiss,-0.3,ts,2591,0
"[0.3, -0.3, -0.09090909090909091, 0.46, -0.08000000000000003, 0.0, 0.0, 0.0, 1.0, 0.709824759435147, 1.0, 0.0, 0.0, 0.0, 0.0, 0.0, 0.0, 0.0]",38740,41068,N1,dismiss,-0.3,ts,420,1
"[0.5, -0.5, -0.3333333333333333, 0.0, 0.0, 0.0, 0.0, 0.0, 1.0, 0.8114706619033403, 1.0, 0.0, 0.0, 0.0, 0.0, 0.0, 0.0, 0.0]",135728,38178,N6,dismiss,-0.3,ts,805,1
"[0.2, -0.2, 0.043256997455470604, 0.8, 0.49056603773584917, 0.0, 0.0, 0.0, 1.0, 0.5927701423564039, 1.0, 0.0, 0.0, 0.0, 0.0, 0.0, 0.0, 0.0]",59416,15178,N6,dismiss,-0.3,ts,2788,0
"[0.6818181818181819, -0.6818181818181819, -0.050125313283208024, 0.18840579710144928, -0.51, 0.0, 0.0, 0.0, 1.0, 0.7806619322864332, 1.0, 0.0, 0.0, 0.0, 0.0, 0.0, 0.0, 0.0]",48998,49086,N6,dismiss,-0.3,ts,2875,0
"[0.25, -0.25, 0.15830115830115837, 0.02976190476190476, 0.13636363636363635, 0.0, 0.0, 0.0, 1.0, 0.7408404640993043, 1.0, 0.0, 0.0, 0.0, 0.0, 0.0, 0.0, 0.0]",106979,117045,N3,dismiss,-0.3,ts,1491,1
"[0.08333333333333322, -0.08333333333333322, 0.0, 0.0, 0.0, 0.0, 0.0, 0.0, 1.0, 0.7810882504428991, 1.0, 0.0, 0.0, 0.0, 0.0, 0.0, 0.0, 0.0]",174745,93864,N6,dismiss,-0.3,ts,876,0
"[0.30000000000000004, -0.30000000000000004, -0.2663949610967024, 0.04198473282442748, 0.0, 0.0, 0.0, 0.0, 1.0, 0.7607866701733167, 1.0, 0.0, 0.0, 0.0, 0.0, 0.0, 0.0, 0.0]",107855,133081,N6,dismiss,-0.3,ts,1179,0
"[0.3, -0.3, 0.0, -0.23837209302325582, -0.07407407407407407, 0.0, 0.0, 0.0, 1.0, 0.7779404526307843, 1.0, 0.0, 0.0, 0.0, 0.0, 0.0, 0.0, 0.0]",104685,104682,N1,accept,0.51,ts,1708,1
"[0.1111111111111111, -0.1111111111111111, -0.2028985507246377, -0.6842105263157895, 0.125, 0.0, 0.0, 0.0, 1.0, 0.5795705702918189, 1.0, 0.0, 0.0, 0.0, 0.0, 0.0, 0.0, 0.0]",87177,164892,N1,dismiss,-0.3,ts,1331,1
"[0.4235294117647059, -0.4235294117647059, -0.18165304268846502, 0.6808510638297872, 0.07142857142857142, 0.0, 0.0, 0.0, 1.0, 0.6979617520145913, 1.0, 0.0, 0.0, 0.0, 0.0, 0.0, 0.0, 0.0]",156584,155693,N6,dismiss,-0.3,ts,1870,1
"[0.23809523809523817, -0.23809523809523817, -0.10962715637173061, 0.806060606060606, 0.3076923076923077, 0.0, 0.0, 0.0, 1.0, 0.6072817749644154, 1.0, 0.0, 0.0, 0.0, 0.0, 0.0, 0.0, 0.0]",179649,104963,N6,accept,0.4666666666666667,ts,2481,1
"[0.2142857142857143, -0.2142857142857143, 0.0, -0.09363295880149813, 0.5492957746478874, 0.0, 0.0, 0.0, 1.0, 0.7020840351677758, 1.0, 0.0, 0.0, 0.0, 0.0, 0.0, 0.0, 0.0]",147103,138639,N1,dismiss,-0.3,ts,2688,1
"[0.15000000000000002, -0.15000000000000002, -0.1643454038997214, -0.002881844380403458, 0.13636363636363635, 0.0, 0.0, 0.0, 1.0, 0.7126257202247521, 1.0, 0.0, 0.0, 0.0, 0.0, 0.0, 0.0, 0.0]",82377,105724,N1,dismiss,-0.3,ts,1101,1
"[0.46153846153846156, -0.46153846153846156, -0.7518796992481204, -0.256, 0.33999999999999997, 0.0, 0.0, 0.0, 1.0, 0.6102111112024573, 1.0, 0.0, 0.0, 0.0, 0.0, 0.0, 0.0, 0.0]",110599,122732,N1,dismiss,-0.3,ts,2536,1
"[0.3636363636363637, -0.3636363636363637, 0.0, 0.016713091922005572, 0.25, 0.0, 0.0, 0.0, 1.0, 0.8103249790259089, 1.0, 0.0, 0.0, 0.0, 0.0, 0.0, 0.0, 0.0]",123014,123174,N1,accept,0.5545454545454546,ts,2207,1
"[0.16666666666666666, -0.16666666666666666, -0.49, -0.45226130653266333, -0.45454545454545453, 0.0, 0.0, 0.0, 1.0, 0.5074356917332821, 1.0, 0.0, 0.0, 0.0, 0.0, 0.0, 0.0, 0.0]",69112,164355,N1,dismiss,-0.3,ts,1590,1
"[0.04545454545454549, -0.04545454545454549, -0.0646666666666667, -0.008264462809917356, -0.22727272727272727, 0.0, 0.0, 0.0, 1.0, 0.6855067967400382, 1.0, 0.0, 0.0, 0.0, 0.0, 0.0, 0.0, 0.0]",138639,127487,N6,accept,0.33181818181818185,ts,1719,0
"[0.39999999999999997, -0.39999999999999997, -0.35933147632311974, -0.3006134969325153, -0.26666666666666666, 0.0, 0.0, 0.0, 1.0, 0.651960824166897, 1.0, 0.0, 0.0, 0.0, 0.0, 0.0, 0.0, 0.0]",155669,178949,N6,dismiss,-0.3,ts,983,1
"[0.7899159663865546, -0.7899159663865546, -0.04260651629072671, 1.0, 0.05263157894736842, 0.0, 0.0, 0.0, 1.0, 0.7765104449014288, 1.0, 0.0, 0.0, 0.0, 0.0, 0.0, 0.0, 0.0]",185563,146668,N6,accept,0.8529411764705881,ts,2271,1
"[0.09090909090909098, -0.09090909090909098, 0.1650000000000001, 0.06402439024390244, -0.8916666666666666, 0.0, 0.0, 0.0, 1.0, 0.5848490209251476, 1.0, 0.0, 0.0, 0.0, 0.0, 0.0, 0.0, 0.0]",162867,189369,N1,dismiss,-0.3,ts,2180,1
"[0.5707070707070706, -0.5707070707070706, 0.0, 0.22, 0.1, 0.0, 0.0, 0.0, 1.0, 0.8429706825320686, 1.0, 0.0, 0.0, 0.0, 0.0, 0.0, 0.0, 0.0]",141703,87407,N1,dismiss,-0.3,ts,2694,1
"[0.25, -0.25, -0.18625000000000003, 0.010050251256281407, -0.24242424242424243, 0.0, 0.0, 0.0, 1.0, 0.7167748784662847, 1.0, 0.0, 0.0, 0.0, 0.0, 0.0, 0.0, 0.0]",69111,116359,N6,dismiss,-0.3,ts,2686,1
"[0.20000000000000007, -0.20000000000000007, -0.06259780907668232, 0.017045454545454544, -0.4166666666666667, 0.0, 0.0, 0.0, 1.0, 0.7094552875739797, 1.0, 0.0, 0.0, 0.0, 0.0, 0.0, 0.0, 0.0]",74282,135481,N1,dismiss,-0.3,ts,1362,1
"[0.3, -0.3, -0.16684045881126172, -0.384180790960452, 0.3333333333333333, 0.0, 0.0, 0.0, 1.0, 0.6453096237964662, 1.0, 0.0, 0.0, 0.0, 0.0, 0.0, 0.0, 0.0]",185391,115245,N6,dismiss,-0.3,ts,1653,1
"[0.4444444444444445, -0.4444444444444445, 0.22284122562674097, -0.7678571428571429, -0.58, 0.0, 0.0, 0.0, 1.0, 0.6030913596283243, 1.0, 0.0, 0.0, 0.0, 0.0, 0.0, 0.0, 0.0]",63093,110076,N6,accept,0.6111111111111112,ts,1792,0
"[0.6875, -0.6875, -0.4357298474945534, -0.052924791086350974, 0.396551724137931, 0.0, 0.0, 0.0, 1.0, 0.7300701540116802, 1.0, 0.0, 0.0, 0.0, 0.0, 0.0, 0.0, 0.0]",158412,145532,N6,dismiss,-0.3,ts,591,1
"[0.3636363636363637, -0.3636363636363637, 0.0, 0.0, 0.0, 0.0, 0.0, 0.0, 1.0, 0.8742764353476687, 1.0, 0.0, 0.0, 0.0, 0.0, 0.0, 0.0, 0.0]",123141,123174,N6,accept,0.5545454545454546,ts,1750,0
"[0.20000000000000007, -0.20000000000000007, -0.23388888888888892, 1.0, 1.0, 0.0, 0.0, 0.0, 1.0, 0.45422491495165007, 1.0, 0.0, 0.0, 0.0, 0.0, 0.0, 0.0, 0.0]",38174,141744,N6,dismiss,-0.3,ts,2183,1
"[0.25000000000000006, -0.25000000000000006, -0.09111617312072894, 0.1, -0.059999999999999984, 0.0, 0.0, 0.0, 1.0, 0.7621185638122803, 1.0, 0.0, 0.0, 0.0, 0.0, 0.0, 0.0, 0.0]",30785,110598,N6,dismiss,-0.3,ts,2249,0
"[0.040000000000000036, -0.040000000000000036, 0.0, 0.0, 0.0, 0.0, 0.0, 0.0, 1.0, 0.7649820258822859, 1.0, 0.0, 0.0, 0.0, 0.0, 0.0, 0.0, 0.0]",141765,141753,N1,accept,0.328,ts,2083,1
"[0.12499999999999988, -0.12499999999999988, 0.22662889518413595, -0.23684210526315788, 0.10526315789473684, 0.0, 0.0, 0.0, 1.0, 0.6383733944913446, 1.0, 0.0, 0.0, 0.0, 0.0, 0.0, 0.0, 0.0]",180520,144702,N6,accept,0.3874999999999999,ts,2112,0
"[0.5, -0.5, -0.052770448548812667, -0.4148936170212766, 0.08000000000000007, 0.0, 0.0, 0.0, 1.0, 0.7819976516061806, 1.0, 0.0, 0.0, 0.0, 0.0, 0.0, 0.0, 0.0]",84106,84107,N6,dismiss,-0.3,ts,855,1
"[0.625, -0.625, 0.066711140760507, -0.08904109589041095, -0.13333333333333333, 0.0, 0.0, 0.0, 1.0, 0.8489572716197578, 1.0, 0.0, 0.0, 0.0, 0.0, 0.0, 0.0, 0.0]",128284,128247,N6,dismiss,-0.3,ts,1421,0
"[0.5599999999999999, -0.5599999999999999, -0.0027700831024931143, 0.020348837209302327, -0.7310344827586207, 0.0, 0.0, 0.0, 1.0, 0.7991286415975737, 1.0, 0.0, 0.0, 0.0, 0.0, 0.0, 0.0, 0.0]",123511,30103,N6,dismiss,-0.3,ts,1004,1
"[0.3636363636363637, -0.3636363636363637, 0.0, 0.0, 0.0, 0.0, 0.0, 0.0, 1.0, 0.8742764353476687, 1.0, 0.0, 0.0, 0.0, 0.0, 0.0, 0.0, 0.0]",123031,123174,N6,accept,0.5545454545454546,ts,2111,0
"[0.6222222222222222, -0.6222222222222222, -0.2, -0.06, -0.1, 0.0, 0.0, 0.0, 1.0, 0.8229477435143618, 1.0, 0.0, 0.0, 0.0, 0.0, 0.0, 0.0, 0.0]",135207,41800,N6,dismiss,-0.3,ts,2492,1
"[0.15, -0.15, -0.05649999999999995, -0.48333333333333334, -0.58, 0.0, 0.0, 0.0, 1.0, 0.5880249896185937, 1.0, 0.0, 0.0, 0.0, 0.0, 0.0, 0.0, 0.0]",18598,79359,N6,accept,0.40499999999999997,ts,621,1
"[0.15000000000000013, -0.15000000000000013, -0.5289473684210527, -0.24, -0.020000000000000018, 0.0, 0.0, 0.0, 1.0, 0.611692733476693, 1.0, 0.0, 0.0, 0.0, 0.0, 0.0, 0.0, 0.0]",38124,63626,N6,dismiss,-0.3,ts,2617,1
"[0.20000000000000007, -0.20000000000000007, -0.12425665101721436, 0.002840909090909091, 0.25, 0.0, 0.0, 0.0, 1.0, 0.7189497931363428, 1.0, 0.0, 0.0, 0.0, 0.0, 0.0, 0.0, 0.0]",74282,88669,N1,dismiss,-0.3,ts,2642,1
"[0.07142857142857138, -0.07142857142857138, -0.2748368382886149, 0.0, 0.0, 0.0, 0.0, 0.0, 1.0, 0.6921113090677342, 1.0, 0.0, 0.0, 0.0, 0.0, 0.0, 0.0, 0.0]",141774,93856,N6,accept,0.35,ts,2523,1
"[0.13333333333333344, -0.13333333333333344, -0.18181818181818182, -0.75, -0.44000000000000006, 0.0, 0.0, 0.0, 1.0, 0.5340595765105035, 1.0, 0.0, 0.0, 0.0, 0.0, 0.0, 0.0, 0.0]",18239,79461,N6,accept,0.3933333333333334,ts,509,0
"[0.294478527607362, -0.294478527607362, 0.22798887859128833, -0.025, -0.11392405063291143, 0.0, 0.0, 0.0, 1.0, 0.7426536066065215, 1.0, 0.0, 0.0, 0.0, 0.0, 0.0, 0.0, 0.0]",15663,39517,N6,dismiss,-0.3,ts,705,0
"[0.3, -0.3, 0.05868118572292794, -0.1353135313531353, 0.041666666666666664, 0.0, 0.0, 0.0, 1.0, 0.7857691354016331, 1.0, 0.0, 0.0, 0.0, 0.0, 0.0, 0.0, 0.0]",65211,104682,N6,accept,0.51,ts,1985,1
"[0.4000000000000001, -0.4000000000000001, 0.0, 0.0, 0.0, 0.0, 0.0, 0.0, 1.0, 0.8842623917495089, 1.0, 0.0, 0.0, 0.0, 0.0, 0.0, 0.0, 0.0]",60782,60788,N1,dismiss,-0.3,ts,443,1
"[0.1764705882352941, -0.1764705882352941, 0.20898100172711576, 0.4198473282442748, 0.16, 0.0, 0.0, 0.0, 1.0, 0.6200491114624047, 1.0, 0.0, 0.0, 0.0, 0.0, 0.0, 0.0, 0.0]",61358,169065,N6,dismiss,-0.3,ts,2333,1
"[0.5, -0.5, -0.26666666666666666, 0.18, 0.33999999999999997, 0.0, 0.0, 0.0, 1.0, 0.7067604797643213, 1.0, 0.0, 0.0, 0.0, 0.0, 0.0, 0.0, 0.0]",50997,51572,N6,dismiss,-0.3,ts,991,1
"[0.11764705882352951, -0.11764705882352951, -0.5333333333333333, 0.08, -0.039999999999999994, 0.0, 0.0, 0.0, 1.0, 0.628785089867005, 1.0, 0.0, 0.0, 0.0, 0.0, 0.0, 0.0, 0.0]",77265,122734,N6,dismiss,-0.3,ts,871,1
"[0.4235294117647059, -0.4235294117647059, 0.0, 1.0, 0.38095238095238093, 0.0, 0.0, 0.0, 1.0, 0.6642239434125775, 1.0, 0.0, 0.0, 0.0, 0.0, 0.0, 0.0, 0.0]",104680,169065,N6,dismiss,-0.3,ts,1711,1
"[0.7, -0.7, -0.24665503199534622, 0.5596330275229358, -0.5235294117647059, 0.0, 0.0, 0.0, 1.0, 0.6691951492273828, 1.0, 0.0, 0.0, 0.0, 0.0, 0.0, 0.0, 0.0]",81396,145532,N6,dismiss,-0.3,ts,590,1
"[0.8742857142857143, -0.8742857142857143, 0.1455847255369929, -0.05660377358490566, -0.3661971830985915, 0.0, 0.0, 0.0, 1.0, 0.8216951849792543, 1.0, 0.0, 0.0, 0.0, 0.0, 0.0, 0.0, 0.0]",57280,59424,N6,dismiss,-0.3,ts,722,0
"[0.8571428571428572, -0.8571428571428572, 0.0, -0.04, 0.0, 0.0, 0.0, 0.0, 1.0, 0.9529674423825959, 1.0, 0.0, 0.0, 0.0, 0.0, 0.0, 0.0, 0.0]",16648,16650,N1,dismiss,-0.3,ts,1782,1
"[0.35714285714285715, -0.35714285714285715, -0.642, 0.06989247311827956, -0.4411764705882353, 0.0, 0.0, 0.0, 1.0, 0.6203227193678967, 1.0, 0.0, 0.0, 0.0, 0.0, 0.0, 0.0, 0.0]",151762,130323,N6,dismiss,-0.3,ts,584,1
"[0.5, -0.5, -0.26666666666666666, 0.18, 0.33999999999999997, 0.0, 0.0, 0.0, 1.0, 0.7067604797643213, 1.0, 0.0, 0.0, 0.0, 0.0, 0.0, 0.0, 0.0]",50997,51572,N3,dismiss,-0.3,ts,2781,1
"[0.5, -0.5, -0.8695410292072322, -0.19811320754716982, -0.4507042253521127, 0.0, 0.0, 0.0, 1.0, 0.6057513210797535, 1.0, 0.0, 0.0, 0.0, 0.0, 0.0, 0.0, 0.0]",87864,116982,N6,dismiss,-0.3,ts,1805,1
"[0.20000000000000004, -0.20000000000000004, -0.6972222222222223, -0.46153846153846156, -0.059999999999999984, 0.0, 0.0, 0.0, 1.0, 0.565054577528199, 1.0, 0.0, 0.0, 0.0, 0.0, 0.0, 0.0, 0.0]",51193,18528,N6,dismiss,-0.3,ts,504,0
"[0.5, -0.5, -0.5789473684210527, -0.12, 0.21999999999999997, 0.0, 0.0, 0.0, 1.0, 0.6862162498160189, 1.0, 0.0, 0.0, 0.0, 0.0, 0.0, 0.0, 0.0]",38124,58615,N6,dismiss,-0.3,ts,1383,1
"[0.12499999999999988, -0.12499999999999988, 0.145985401459854, 0.19834710743801653, 0.05, 0.0, 0.0, 0.0, 1.0, 0.6822979276547984, 1.0, 0.0, 0.0, 0.0, 0.0, 0.0, 0.0, 0.0]",56538,180522,N6,accept,0.3874999999999999,ts,2986,0
"[0.20000000000000007, -0.20000000000000007, 0.20240480961923843, 1.0, 1.0, 0.0, 0.0, 0.0, 1.0, 0.47344812991345014, 1.0, 0.0, 0.0, 0.0, 0.0, 0.0, 0.0, 0.0]",169305,31966,N6,dismiss,-0.3,ts,1057,1
"[0.52, -0.52, -0.0866666666666666, -0.07180851063829788, 0.42857142857142855, 0.0, 0.0, 0.0, 1.0, 0.7749369740378187, 1.0, 0.0, 0.0, 0.0, 0.0, 0.0, 0.0, 0.0]",151841,108839,N6,dismiss,-0.3,ts,2151,0
"[0.3636363636363637, -0.3636363636363637, 0.0, 0.0, 0.0, 0.0, 0.0, 0.0, 1.0, 0.8742764353476687, 1.0, 0.0, 0.0, 0.0, 0.0, 0.0, 0.0, 0.0]",123141,123174,N6,accept,0.5545454545454546,ts,1379,0
"[0.296, -0.296, -0.06981382978723398, 0.005698005698005698, 0.07142857142857142, 0.0, 0.0, 0.0, 1.0, 0.8065070203209854, 1.0, 0.0, 0.0, 0.0, 0.0, 0.0, 0.0, 0.0]",130440,88669,N6,accept,0.5072,ts,1077,1
"[0.09999999999999998, -0.09999999999999998, -0.37823834196891193, 0.0, 0.0, 0.0, 0.0, 0.0, 1.0, 0.6810846723667322, 1.0, 0.0, 0.0, 0.0, 0.0, 0.0, 0.0, 0.0]",16912,123856,N6,accept,0.37,ts,1587,1
"[0.20000000000000007, -0.20000000000000007, -0.2510779436152571, -0.03064066852367688, -0.04, 0.0, 0.0, 0.0, 1.0, 0.7234242846624658, 1.0, 0.0, 0.0, 0.0, 0.0, 0.0, 0.0, 0.0]",29710,31973,N6,dismiss,-0.3,ts,1066,1
"[0.07692307692307684, -0.07692307692307684, 0.0, 0.12169312169312169, 0.0, 0.0, 0.0, 0.0, 1.0, 0.7463141143425299, 1.0, 0.0, 0.0, 0.0, 0.0, 0.0, 0.0, 0.0]",115242,55882,N6,dismiss,-0.3,ts,2563,1
"[0.2, -0.07, -0.29684601113172543, 0.0, 0.0, 0.0, 0.0, 0.0, 1.0, 0.6866108486748183, 1.0, 0.0, 0.0, 0.0, 0.0, 0.0, 0.0, 0.0]",63919,48992,N6,dismiss,-0.3,ts,1520,0
"[0.367741935483871, -0.367741935483871, -0.40836727138097, -0.022284122562674095, -0.19999999999999998, 0.0, 0.0, 0.0, 1.0, 0.7078160174800597, 1.0, 0.0, 0.0, 0.0, 0.0, 0.0, 0.0, 0.0]",85287,105910,N6,dismiss,-0.3,ts,1488,0
"[0.25096525096525096, -0.25096525096525096, -0.4403534609720177, 0.03313253012048193, 0.13043478260869565, 0.0, 0.0, 0.0, 1.0, 0.678742254575513, 1.0, 0.0, 0.0, 0.0, 0.0, 0.0, 0.0, 0.0]",61096,104962,N6,dismiss,-0.3,ts,2273,1
"[0.08333333333333323, -0.08333333333333323, -0.2317559863169897, 0.0, 0.0, 0.0, 0.0, 0.0, 1.0, 0.7069023470783287, 1.0, 0.0, 0.0, 0.0, 0.0, 0.0, 0.0, 0.0]",147381,152267,N6,dismiss,-0.3,ts,2369,1
"[0.41509433962264153, -0.41509433962264153, -0.16666666666666666, -0.11041009463722397, 0.08888888888888896, 0.0, 0.0, 0.0, 1.0, 0.7773957850157559, 1.0, 0.0, 0.0, 0.0, 0.0, 0.0, 0.0, 0.0]",91968,91957,N6,dismiss,-0.3,ts,2500,1
"[0.16666666666666663, -0.16666666666666663, -0.1497064579256361, -0.04, -0.039999999999999994, 0.0, 0.0, 0.0, 1.0, 0.7364152237187678, 1.0, 0.0, 0.0, 0.0, 0.0, 0.0, 0.0, 0.0]",122734,81996,N6,dismiss,-0.3,ts,1130,0
"[0.25, -0.25, 0.09090909090909091, 0.1, 0.49166666666666653, 0.0, 0.0, 0.0, 1.0, 0.6852588678547423, 1.0, 0.0, 0.0, 0.0, 0.0, 0.0, 0.0, 0.0]",110001,165914,N6,dismiss,-0.3,ts,685,0
"[0.24999999999999997, -0.24999999999999997, 0.16666666666666666, 0.0, 0.0, 0.0, 0.0, 0.0, 1.0, 0.7828956117024544, 1.0, 0.0, 0.0, 0.0, 0.0, 0.0, 0.0, 0.0]",18305,18309,N3,dismiss,-0.3,ts,478,1
"[0.5599999999999999, -0.5599999999999999, 0.08267716535433069, 0.36, 1.0, 0.0, 0.0, 0.0, 1.0, 0.6842840609430062, 1.0, 0.0, 0.0, 0.0, 0.0, 0.0, 0.0, 0.0]",185411,89763,N6,accept,0.692,ts,2340,0
"[0.35245901639344257, -0.35245901639344257, -0.2527060782681099, 0.022857142857142857, 0.05555555555555555, 0.0, 0.0, 0.0, 1.0, 0.7692689941506452, 1.0, 0.0, 0.0, 0.0, 0.0, 0.0, 0.0, 0.0]",64290,43387,N6,accept,0.5467213114754098,ts,2394,1
"[0.2058823529411765, -0.2058823529411765, -0.0625, -0.02, 0.16, 0.0, 0.0, 0.0, 1.0, 0.7543817618859714, 1.0, 0.0, 0.0, 0.0, 0.0, 0.0, 0.0, 0.0]",40998,70937,N6,dismiss,-0.3,ts,908,1
"[0.25, -0.25, -0.5784649062799289, -0.0024271844660194173, 0.0, 0.0, 0.0, 0.0, 1.0, 0.7017529829987413, 1.0, 0.0, 0.0, 0.0, 0.0, 0.0, 0.0, 0.0]",15456,189231,N6,dismiss,-0.3,ts,1855,1
"[0.24999999999999992, -0.24999999999999992, 0.19068162208800685, -0.27325581395348836, 0.0, 0.0, 0.0, 0.0, 1.0, 0.7130201955158844, 1.0, 0.0, 0.0, 0.0, 0.0, 0.0, 0.0, 0.0]",73628,71136,N6,dismiss,-0.3,ts,1120,0
"[0.19709090909090918, -0.19709090909090918, -0.07324621733149929, 0.0, 0.0, 0.0, 0.0, 0.0, 1.0, 0.7945750109053056, 1.0, 0.0, 0.0, 0.0, 0.0, 0.0, 0.0, 0.0]",85069,63876,N6,dismiss,-0.3,ts,1501,0
"[0.15999999999999998, -0.15999999999999998, 0.03777501037775011, 0.7087378640776699, 0.2105263157894737, 0.0, 0.0, 0.0, 1.0, 0.629122681326625, 1.0, 0.0, 0.0, 0.0, 0.0, 0.0, 0.0, 0.0]",59415,15171,N6,dismiss,-0.3,ts,945,0
"[0.2, -0.2, 0.043256997455470604, 0.8, 0.49056603773584917, 0.0, 0.0, 0.0, 1.0, 0.5927701423564039, 1.0, 0.0, 0.0, 0.0, 0.0, 0.0, 0.0, 0.0]",59416,15178,N6,dismiss,-0.3,ts,1531,0
"[0.8714285714285714, -0.8714285714285714, -0.2588235294117647, -0.9809523809523809, -0.9324324324324325, 0.0, 0.0, 0.0, 1.0, 0.6293980130464618, 1.0, 0.0, 0.0, 0.0, 0.0, 0.0, 0.0, 0.0]",91071,16650,N6,accept,0.9099999999999999,ts,821,0
"[0.3, -0.3, 0.0, -0.3898305084745763, 0.3333333333333333, 0.0, 0.0, 0.0, 1.0, 0.7012715335944975, 1.0, 0.0, 0.0, 0.0, 0.0, 0.0, 0.0, 0.0]",185391,55915,N6,dismiss,-0.3,ts,2765,0
"[0.7058823529411765, -0.7058823529411765, -0.23059185242121447, 0.13802816901408452, 0.17647058823529413, 0.0, 0.0, 0.0, 1.0, 0.7916189648489724, 1.0, 0.0, 0.0, 0.0, 0.0, 0.0, 0.0, 0.0]",134227,170191,N6,dismiss,-0.3,ts,2601,1
"[0.09523809523809519, -0.09523809523809519, -0.16666666666666666, -0.03741496598639456, 0.1111111111111111, 0.0, 0.0, 0.0, 1.0, 0.6880753628815747, 1.0, 0.0, 0.0, 0.0, 0.0, 0.0, 0.0, 0.0]",91970,38840,N6,dismiss,-0.3,ts,1550,1
"[0.3636363636363637, -0.3636363636363637, 0.14285714285714285, 0.028169014084507043, 0.36363636363636365, 0.0, 0.0, 0.0, 1.0, 0.7388385917974343, 1.0, 0.0, 0.0, 0.0, 0.0, 0.0, 0.0, 0.0]",123011,123174,N6,accept,0.5545454545454546,ts,2394,0
"[0.20000000000000007, -0.20000000000000007, 0.12899999999999992, -0.027932960893854747, 1.0, 0.0, 0.0, 0.0, 1.0, 0.6212734869352647, 1.0, 0.0, 0.0, 0.0, 0.0, 0.0, 0.0, 0.0]",106065,31973,N6,dismiss,-0.3,ts,1297,1
"[0.2941176470588236, -0.2941176470588236, 0.0, 1.0, 0.48, 0.0, 0.0, 0.0, 1.0, 0.6188615559348754, 1.0, 0.0, 0.0, 0.0, 0.0, 0.0, 0.0, 0.0]",51575,50956,N6,dismiss,-0.3,ts,865,0
"[0.3, -0.3, -0.13969732246798602, -0.06287425149700598, 1.0, 0.0, 0.0, 0.0, 1.0, 0.6392477541235398, 1.0, 0.0, 0.0, 0.0, 0.0, 0.0, 0.0, 0.0]",64439,16911,N6,dismiss,-0.3,ts,1979,1
"[0.25, -0.25, -0.316628701594533, -0.011428571428571429, 0.13636363636363635, 0.0, 0.0, 0.0, 1.0, 0.7065666744509789, 1.0, 0.0, 0.0, 0.0, 0.0, 0.0, 0.0, 0.0]",117111,117045,N6,dismiss,-0.3,ts,2003,0
"[0.0555555555555556, -0.0555555555555556, -0.16666666666666666, 0.01764705882352941, 0.0, 0.0, 0.0, 0.0, 1.0, 0.7088897221869671, 1.0, 0.0, 0.0, 0.0, 0.0, 0.0, 0.0, 0.0]",123852,107052,N6,dismiss,-0.3,ts,536,0
"[0.11999999999999993, -0.11999999999999993, -0.3181818181818182, -0.5612535612535613, -0.7142857142857143, 0.0, 0.0, 0.0, 1.0, 0.485129960164461, 1.0, 0.0, 0.0, 0.0, 0.0, 0.0, 0.0, 0.0]",70001,142264,N6,dismiss,-0.3,ts,493,1
"[0.8785714285714287, -0.8785714285714287, -0.10714285714285714, 0.0, 0.0, 0.0, 0.0, 0.0, 1.0, 0.9279860594677921, 1.0, 0.0, 0.0, 0.0, 0.0, 0.0, 0.0, 0.0]",164512,82489,N6,dismiss,-0.3,ts,1031,1
"[0.1250000000000001, -0.1250000000000001, 0.1772262773722628, 0.0, 0.0, 0.0, 0.0, 0.0, 1.0, 0.7366447804514437, 1.0, 0.0, 0.0, 0.0, 0.0, 0.0, 0.0, 0.0]",29519,55348,N6,dismiss,-0.3,ts,2232,0
"[0.1666666666666667, -0.1666666666666667, -0.7180327868852459, 0.005714285714285714, 0.03999999999999997, 0.0, 0.0, 0.0, 1.0, 0.6455649444844354, 1.0, 0.0, 0.0, 0.0, 0.0, 0.0, 0.0, 0.0]",15687,105899,N6,dismiss,-0.3,ts,2505,1
"[0.33888888888888896, -0.33888888888888896, 0.1111111111111111, 0.26, 0.12000000000000002, 0.0, 0.0, 0.0, 1.0, 0.7344811410346426, 1.0, 0.0, 0.0, 0.0, 0.0, 0.0, 0.0, 0.0]",63753,29449,N6,dismiss,-0.3,ts,2877,0
"[0.09090909090909098, -0.09090909090909098, 0.0, -0.002881844380403458, 0.041666666666666664, 0.0, 0.0, 0.0, 1.0, 0.7710257573776895, 1.0, 0.0, 0.0, 0.0, 0.0, 0.0, 0.0, 0.0]",43107,117053,N6,accept,0.36363636363636365,ts,792,1
"[0.28571428571428564, -0.28571428571428564, -0.23166472642607688, 0.0, 0.0, 0.0, 0.0, 0.0, 1.0, 0.7768687472321425, 1.0, 0.0, 0.0, 0.0, 0.0, 0.0, 0.0, 0.0]",93923,72620,N1,dismiss,-0.3,ts,2041,1
"[0.4444444444444445, -0.4444444444444445, 0.21404682274247488, -0.6984126984126984, -0.58, 0.0, 0.0, 0.0, 1.0, 0.610175897468082, 1.0, 0.0, 0.0, 0.0, 0.0, 0.0, 0.0, 0.0]",19676,132873,N6,dismiss,-0.3,ts,1937,0
"[0.02857142857142844, -0.02857142857142844, -0.23106546854942242, 0.28, 0.019999999999999973, 0.0, 0.0, 0.0, 1.0, 0.6164954766225315, 1.0, 0.0, 0.0, 0.0, 0.0, 0.0, 0.0, 0.0]",33303,18053,N6,dismiss,-0.3,ts,458,0
"[0.17647058823529416, -0.17647058823529416, 0.16218749999999993, 0.0, 0.0, 0.0, 0.0, 0.0, 1.0, 0.7592687673659294, 1.0, 0.0, 0.0, 0.0, 0.0, 0.0, 0.0, 0.0]",56819,55412,N6,accept,0.4235294117647059,ts,2226,1
"[0.7, -0.7, -0.16722222222222222, 0.31063829787234043, -0.08000000000000007, 0.0, 0.0, 0.0, 1.0, 0.7970089998353722, 1.0, 0.0, 0.0, 0.0, 0.0, 0.0, 0.0, 0.0]",145577,115951,N6,dismiss,-0.3,ts,1808,1
"[0.22666666666666668, -0.22666666666666668, -0.5995995995995996, 0.0, 0.0, 0.0, 0.0, 0.0, 1.0, 0.6921564497180331, 1.0, 0.0, 0.0, 0.0, 0.0, 0.0, 0.0, 0.0]",71092,40258,N1,dismiss,-0.3,ts,1761,1
"[0.24999999999999992, -0.24999999999999992, -0.48413125336202256, 1.0, -0.2608695652173913, 0.0, 0.0, 0.0, 1.0, 0.5241024203212179, 1.0, 0.0, 0.0, 0.0, 0.0, 0.0, 0.0, 0.0]",84737,55882,N6,dismiss,-0.3,ts,1556,1
"[0.20000000000000007, -0.20000000000000007, -0.006303915063039193, 0.019943019943019943, -0.5, 0.0, 0.0, 0.0, 1.0, 0.7196391729676981, 1.0, 0.0, 0.0, 0.0, 0.0, 0.0, 0.0, 0.0]",43335,135483,N6,dismiss,-0.3,ts,2108,1
"[0.6875, -0.6875, 0.05571428571428579, 0.18461538461538463, -0.6592592592592593, 0.0, 0.0, 0.0, 1.0, 0.7663329371063949, 1.0, 0.0, 0.0, 0.0, 0.0, 0.0, 0.0, 0.0]",20014,140660,N6,dismiss,-0.3,ts,2583,0
"[0.1250000000000001, -0.1250000000000001, 0.004129793510324501, -0.028089887640449437, -0.2818181818181818, 0.0, 0.0, 0.0, 1.0, 0.7218639176970109, 1.0, 0.0, 0.0, 0.0, 0.0, 0.0, 0.0, 0.0]",87724,117162,N6,dismiss,-0.3,ts,1010,1
"[0.24999999999999992, -0.24999999999999992, -0.18808777429467086, -0.007194244604316547, -0.02439024390243908, 0.0, 0.0, 0.0, 1.0, 0.7676014166610969, 1.0, 0.0, 0.0, 0.0, 0.0, 0.0, 0.0, 0.0]",113424,125887,N6,dismiss,-0.3,ts,2993,0
"[0.7954545454545455, -0.7954545454545455, -0.13299232736572897, 0.08571428571428572, 1.0, 0.0, 0.0, 0.0, 1.0, 0.7399544151029783, 1.0, 0.0, 0.0, 0.0, 0.0, 0.0, 0.0, 0.0]",88363,89765,N6,dismiss,-0.3,ts,2623,0
"[0.2, -0.07, -0.29684601113172543, 0.0, 0.0, 0.0, 0.0, 0.0, 1.0, 0.6866108486748183, 1.0, 0.0, 0.0, 0.0, 0.0, 0.0, 0.0, 0.0]",63919,48992,N6,dismiss,-0.3,ts,2573,0
"[0.6785714285714286, -0.6785714285714286, -0.06094182825484772, 0.10465116279069768, -0.20689655172413793, 0.0, 0.0, 0.0, 1.0, 0.8401414992281117, 1.0, 0.0, 0.0, 0.0, 0.0, 0.0, 0.0, 0.0]",123439,89765,N6,dismiss,-0.3,ts,2350,0
"[0.16000000000000003, -0.16000000000000003, -0.18225255972696255, -0.4230769230769231, -0.07142857142857142, 0.0, 0.0, 0.0, 1.0, 0.6421729785518976, 1.0, 0.0, 0.0, 0.0, 0.0, 0.0, 0.0, 0.0]",115366,179649,N6,dismiss,-0.3,ts,935,1
"[0.3939393939393939, -0.3939393939393939, -0.5260755048287973, -0.037940379403794036, -0.08333333333333333, 0.0, 0.0, 0.0, 1.0, 0.7184857157262193, 1.0, 0.0, 0.0, 0.0, 0.0, 0.0, 0.0, 0.0]",141852,110893,N6,dismiss,-0.3,ts,1445,1
"[0.5, -0.5, -0.2252497729336967, -0.6851063829787234, -0.9142857142857144, 0.0, 0.0, 0.0, 1.0, 0.5984535484947148, 1.0, 0.0, 0.0, 0.0, 0.0, 0.0, 0.0, 0.0]",156584,147129,N6,accept,0.6499999999999999,ts,2402,1
"[0.0769230769230768, -0.0769230769230768, 0.2, -0.75, -0.44000000000000006, 0.0, 0.0, 0.0, 1.0, 0.5084697864372832, 1.0, 0.0, 0.0, 0.0, 0.0, 0.0, 0.0, 0.0]",131606,81128,N6,accept,0.35384615384615375,ts,1774,0
"[0.0555555555555556, -0.0555555555555556, -0.16666666666666666, 0.01764705882352941, 0.0, 0.0, 0.0, 0.0, 1.0, 0.7088897221869671, 1.0, 0.0, 0.0, 0.0, 0.0, 0.0, 0.0, 0.0]",123852,105724,N6,dismiss,-0.3,ts,2310,1
"[0.09090909090909098, -0.09090909090909098, -0.12200000000000003, 0.09375, 0.5942028985507245, 0.0, 0.0, 0.0, 1.0, 0.6106390525407687, 1.0, 0.0, 0.0, 0.0, 0.0, 0.0, 0.0, 0.0]",162892,117111,N6,dismiss,-0.3,ts,1149,1
"[0.5555555555555556, -0.35, -0.41692307692307695, 0.0, 0.0, 0.0, 0.0, 0.0, 1.0, 0.7572625285445833, 1.0, 0.0, 0.0, 0.0, 0.0, 0.0, 0.0, 0.0]",63920,48992,N6,accept,0.6888888888888889,ts,2801,1
"[0.305327868852459, -0.305327868852459, 0.16486261448792677, 0.014285714285714285, 0.0, 0.0, 0.0, 0.0, 1.0, 0.796710707014152, 1.0, 0.0, 0.0, 0.0, 0.0, 0.0, 0.0, 0.0]",64290,146721,N1,dismiss,-0.3,ts,543,1
"[0.5, -0.5, -0.18852459016393436, 0.0, 0.0, 0.0, 0.0, 0.0, 1.0, 0.8459637063264451, 1.0, 0.0, 0.0, 0.0, 0.0, 0.0, 0.0, 0.0]",85446,122732,N6,dismiss,-0.3,ts,2921,0
"[0.5636363636363637, -0.5636363636363637, -0.0866666666666666, -0.0113314447592068, 0.42857142857142855, 0.0, 0.0, 0.0, 1.0, 0.8006380194175028, 1.0, 0.0, 0.0, 0.0, 0.0, 0.0, 0.0, 0.0]",87721,108839,N6,accept,0.6945454545454546,ts,1567,1
"[0.1, -0.07, -0.2697495183044316, -0.05, -0.17272727272727276, 0.0, 0.0, 0.0, 1.0, 0.63467239594446, 1.0, 0.0, 0.0, 0.0, 0.0, 0.0, 0.0, 0.0]",49082,49005,N6,dismiss,-0.3,ts,1564,0
"[0.5, -0.5, -0.8696, -0.05956112852664577, -0.21428571428571427, 0.0, 0.0, 0.0, 1.0, 0.674790161344931, 1.0, 0.0, 0.0, 0.0, 0.0, 0.0, 0.0, 0.0]",63925,63864,N6,dismiss,-0.3,ts,1486,1
"[0.3333333333333333, -0.3333333333333333, -0.12984054669703862, 0.6428571428571429, 0.25, 0.0, 0.0, 0.0, 1.0, 0.6522363489584273, 1.0, 0.0, 0.0, 0.0, 0.0, 0.0, 0.0, 0.0]",128254,146668,N6,dismiss,-0.3,ts,943,1
"[0.803921568627451, -0.803921568627451, -0.0879271070615034, 0.5131086142322098, 0.3333333333333333, 0.0, 0.0, 0.0, 1.0, 0.7573746336276799, 1.0, 0.0, 0.0, 0.0, 0.0, 0.0, 0.0, 0.0]",39429,170191,N6,dismiss,-0.3,ts,1305,1
"[0.07692307692307684, -0.07692307692307684, 0.1430274135876043, -0.027777777777777776, 0.14285714285714285, 0.0, 0.0, 0.0, 1.0, 0.683578616246751, 1.0, 0.0, 0.0, 0.0, 0.0, 0.0, 0.0, 0.0]",78130,56248,N6,dismiss,-0.3,ts,1923,1
"[0.2727272727272727, -0.2727272727272727, -0.07061958694203868, -0.03690036900369004, -0.0117647058823529, 0.0, 0.0, 0.0, 1.0, 0.8064217516346286, 1.0, 0.0, 0.0, 0.0, 0.0, 0.0, 0.0, 0.0]",81453,81449,N6,dismiss,-0.3,ts,2700,0
"[0.20000000000000004, -0.20000000000000004, -0.08571428571428572, 0.18253968253968253, 0.0625, 0.0, 0.0, 0.0, 1.0, 0.7278160105377319, 1.0, 0.0, 0.0, 0.0, 0.0, 0.0, 0.0, 0.0]",115390,104963,N6,dismiss,-0.3,ts,1781,0
"[0.75, -0.75, -0.4357298474945534, -0.03409090909090909, 0.82, 0.0, 0.0, 0.0, 1.0, 0.7052039581928611, 1.0, 0.0, 0.0, 0.0, 0.0, 0.0, 0.0, 0.0]",135617,145532,N6,dismiss,-0.3,ts,2361,1
"[0.5, -0.5, -0.041133963312951556, -0.056666666666666664, -0.14545454545454542, 0.0, 0.0, 0.0, 1.0, 0.8390577642795004, 1.0, 0.0, 0.0, 0.0, 0.0, 0.0, 0.0, 0.0]",183166,185510,N6,dismiss,-0.3,ts,2864,1
"[0.5, -0.5, -0.8, 0.1320754716981132, 0.2222222222222222, 0.0, 0.0, 0.0, 1.0, 0.6605222441408507, 1.0, 0.0, 0.0, 0.0, 0.0, 0.0, 0.0, 0.0]",63921,93859,N6,dismiss,-0.3,ts,1078,1
"[0.36000000000000004, -0.36000000000000004, -0.4794794794794795, -0.5260869565217391, 0.3684210526315789, 0.0, 0.0, 0.0, 1.0, 0.5740754538673325, 1.0, 0.0, 0.0, 0.0, 0.0, 0.0, 0.0, 0.0]",191335,169893,N6,dismiss,-0.3,ts,514,1
"[0.25000000000000006, -0.25000000000000006, 0.17647058823529413, -0.1, 0.019999999999999973, 0.0, 0.0, 0.0, 1.0, 0.7470410829548414, 1.0, 0.0, 0.0, 0.0, 0.0, 0.0, 0.0, 0.0]",18279,37985,N6,dismiss,-0.3,ts,576,0
"[0.38333333333333325, -0.38333333333333325, -0.04200000000000003, 0.06333333333333334, 0.2727272727272727, 0.0, 0.0, 0.0, 1.0, 0.782732546424768, 1.0, 0.0, 0.0, 0.0, 0.0, 0.0, 0.0, 0.0]",40487,63924,N6,dismiss,-0.3,ts,1909,1
"[0.11999999999999993, -0.11999999999999993, 0.03502501786990709, -0.042735042735042736, 0.30434782608695654, 0.0, 0.0, 0.0, 1.0, 0.7003107491312275, 1.0, 0.0, 0.0, 0.0, 0.0, 0.0, 0.0, 0.0]",88671,135543,N6,dismiss,-0.3,ts,1965,1
"[0.8058823529411764, -0.8058823529411764, 0.0, 0.0, 0.0, 0.0, 0.0, 0.0, 1.0, 0.9590815596658486, 1.0, 0.0, 0.0, 0.0, 0.0, 0.0, 0.0, 0.0]",104685,169335,N6,dismiss,-0.3,ts,2005,1
"[0.20000000000000007, -0.20000000000000007, 0.2, -0.027932960893854747, 1.0, 0.0, 0.0, 0.0, 1.0, 0.600818449721007, 1.0, 0.0, 0.0, 0.0, 0.0, 0.0, 0.0, 0.0]",106065,32065,N6,dismiss,-0.3,ts,1712,0
"[0.2000000000000001, -0.2000000000000001, 0.17148554336989041, 0.17307692307692307, 0.020000000000000018, 0.0, 0.0, 0.0, 1.0, 0.7149888620585764, 1.0, 0.0, 0.0, 0.0, 0.0, 0.0, 0.0, 0.0]",86978,83437,N6,dismiss,-0.3,ts,707,1
"[0.02631578947368412, -0.02631578947368412, -0.43, 0.019867549668874173, 0.0285714285714286, 0.0, 0.0, 0.0, 1.0, 0.6303211836867184, 1.0, 0.0, 0.0, 0.0, 0.0, 0.0, 0.0, 0.0]",41398,15200,N6,accept,0.3184210526315789,ts,1596,0
"[0.2, -0.2, -0.425, -0.1678832116788321, -0.26666666666666666, 0.0, 0.0, 0.0, 1.0, 0.603526579115756, 1.0, 0.0, 0.0, 0.0, 0.0, 0.0, 0.0, 0.0]",115289,178949,N6,accept,0.43999999999999995,ts,1295,0
"[0.24999999999999997, -0.24999999999999997, 0.1, 0.0, 0.0, 0.0, 0.0, 0.0, 1.0, 0.8033355002032929, 1.0, 0.0, 0.0, 0.0, 0.0, 0.0, 0.0, 0.0]",51138,18239,N6,dismiss,-0.3,ts,476,1
"[0.6136363636363636, -0.6136363636363636, -0.16666666666666666, -0.5637393767705382, -0.6714285714285715, 0.0, 0.0, 0.0, 1.0, 0.6625764568237918, 1.0, 0.0, 0.0, 0.0, 0.0, 0.0, 0.0, 0.0]",87720,142262,N6,dismiss,-0.3,ts,992,0
"[0.9421428571428572, -0.9421428571428572, -0.3604, 0.09917355371900827, -0.4672131147540983, 0.0, 0.0, 0.0, 1.0, 0.7512507405087534, 1.0, 0.0, 0.0, 0.0, 0.0, 0.0, 0.0, 0.0]",81542,128247,N6,dismiss,-0.3,ts,963,1
"[0.5599999999999999, -0.5599999999999999, 0.0013342228152101116, 0.014035087719298246, 0.03571428571428559, 0.0, 0.0, 0.0, 1.0, 0.9064267245263649, 1.0, 0.0, 0.0, 0.0, 0.0, 0.0, 0.0, 0.0]",104485,114138,N6,dismiss,-0.3,ts,1935,0
"[0.19999999999999998, -0.19999999999999998, -0.3719599427753935, 0.052132701421800945, 0.0, 0.0, 0.0, 0.0, 1.0, 0.7030255431912955, 1.0, 0.0, 0.0, 0.0, 0.0, 0.0, 0.0, 0.0]",19708,104460,N6,dismiss,-0.3,ts,2766,1
"[0.20000000000000007, -0.20000000000000007, -0.2488262910798122, -0.022727272727272728, -0.041666666666666664, 0.0, 0.0, 0.0, 1.0, 0.7257604933508731, 1.0, 0.0, 0.0, 0.0, 0.0, 0.0, 0.0, 0.0]",43334,31972,N3,dismiss,-0.3,ts,2466,1
"[0.5945945945945946, -0.5945945945945946, 0.11131725417439703, -0.14040114613180515, -0.26666666666666666, 0.0, 0.0, 0.0, 1.0, 0.789436773317604, 1.0, 0.0, 0.0, 0.0, 0.0, 0.0, 0.0, 0.0]",63922,16729,N6,accept,0.7162162162162162,ts,689,1
"[0.6173469387755102, -0.6173469387755102, 0.12640801001251561, 0.019943019943019943, 0.6666666666666666, 0.0, 0.0, 0.0, 1.0, 0.7711798312726024, 1.0, 0.0, 0.0, 0.0, 0.0, 0.0, 0.0, 0.0]",105910,151849,N6,dismiss,-0.3,ts,2770,0
"[0.13333333333333344, -0.13333333333333344, -0.18181818181818182, -0.75, -0.44000000000000006, 0.0, 0.0, 0.0, 1.0, 0.5340595765105035, 1.0, 0.0, 0.0, 0.0, 0.0, 0.0, 0.0, 0.0]",18239,79461,N6,dismiss,-0.3,ts,1870,0
"[0.25000000000000006, -0.25000000000000006, 0.12999999999999995, -0.518850987432675, 0.2692307692307692, 0.0, 0.0, 0.0, 1.0, 0.6344866680249548, 1.0, 0.0, 0.0, 0.0, 0.0, 0.0, 0.0, 0.0]",29970,120916,N6,dismiss,-0.3,ts,1364,0
"[0.4545454545454546, -0.4545454545454546, -0.27192205491585464, 0.0028735632183908046, 0.6666666666666666, 0.0, 0.0, 0.0, 1.0, 0.7029574883243559, 1.0, 0.0, 0.0, 0.0, 0.0, 0.0, 0.0, 0.0]",31973,108839,N6,dismiss,-0.3,ts,2081,1
"[0.25, -0.25, -0.16722222222222222, 0.98, 0.0, 0.0, 0.0, 0.0, 1.0, 0.6538652340883851, 1.0, 0.0, 0.0, 0.0, 0.0, 0.0, 0.0, 0.0]",81128,155616,N6,accept,0.475,ts,623,1
"[0.3032258064516129, -0.3032258064516129, -0.046875, -0.002849002849002849, 0.07142857142857142, 0.0, 0.0, 0.0, 1.0, 0.817748560930307, 1.0, 0.0, 0.0, 0.0, 0.0, 0.0, 0.0, 0.0]",15686,15687,N6,dismiss,-0.3,ts,1543,0
"[0.20000000000000007, -0.20000000000000007, -0.06259780907668232, 0.017045454545454544, -0.4166666666666667, 0.0, 0.0, 0.0, 1.0, 0.7094552875739797, 1.0, 0.0, 0.0, 0.0, 0.0, 0.0, 0.0, 0.0]",43334,135481,N6,dismiss,-0.3,ts,1826,1
"[0.15999999999999998, -0.15999999999999998, 0.0, 0.0, 0.0, 0.0, 0.0, 0.0, 1.0, 0.8088739373846245, 1.0, 0.0, 0.0, 0.0, 0.0, 0.0, 0.0, 0.0]",16728,16731,N6,dismiss,-0.3,ts,1493,0
"[0.16666666666666663, -0.16666666666666663, -0.8690000000000001, 0.1320754716981132, 0.2222222222222222, 0.0, 0.0, 0.0, 1.0, 0.5577597265846603, 1.0, 0.0, 0.0, 0.0, 0.0, 0.0, 0.0, 0.0]",63921,63863,N6,dismiss,-0.3,ts,870,1
"[0.5170454545454546, -0.5170454545454546, 0.0, 0.11764705882352941, 0.05999999999999996, 0.0, 0.0, 0.0, 1.0, 0.8641277186819578, 1.0, 0.0, 0.0, 0.0, 0.0, 0.0, 0.0, 0.0]",130670,87407,N6,dismiss,-0.3,ts,2309,1
"[0.02500000000000002, -0.02500000000000002, -0.028182701652089328, -0.1, -0.07999999999999999, 0.0, 0.0, 0.0, 1.0, 0.6990405284223395, 1.0, 0.0, 0.0, 0.0, 0.0, 0.0, 0.0, 0.0]",114070,62503,N6,dismiss,-0.3,ts,1603,1
"[0.11999999999999993, -0.11999999999999993, 0.1, -0.00847457627118644, 0.07692307692307693, 0.0, 0.0, 0.0, 1.0, 0.7343560069584029, 1.0, 0.0, 0.0, 0.0, 0.0, 0.0, 0.0, 0.0]",108827,70000,N6,dismiss,-0.3,ts,951,1
"[0.5, -0.5, -0.2967213114754098, 0.0, 0.0, 0.0, 0.0, 0.0, 1.0, 0.8192716832933844, 1.0, 0.0, 0.0, 0.0, 0.0, 0.0, 0.0, 0.0]",85446,85230,N6,dismiss,-0.3,ts,1450,1
"[0.5636363636363637, -0.5636363636363637, -0.20886075949367092, -0.025280898876404494, 0.8333333333333334, 0.0, 0.0, 0.0, 1.0, 0.7248165742802354, 1.0, 0.0, 0.0, 0.0, 0.0, 0.0, 0.0, 0.0]",116201,107659,N6,dismiss,-0.3,ts,1332,1
"[0.2, -0.2, -0.28459937565036414, 0.34545454545454546, -0.020000000000000018, 0.0, 0.0, 0.0, 1.0, 0.655310363049713, 1.0, 0.0, 0.0, 0.0, 0.0, 0.0, 0.0, 0.0]",191662,19607,N6,dismiss,-0.3,ts,988,1
"[0.15000000000000013, -0.15000000000000013, -0.5289473684210527, -0.24, -0.020000000000000018, 0.0, 0.0, 0.0, 1.0, 0.611692733476693, 1.0, 0.0, 0.0, 0.0, 0.0, 0.0, 0.0, 0.0]",18611,63626,N6,dismiss,-0.3,ts,1061,1
"[0.16666666666666666, -0.16666666666666666, -0.16749999999999995, 1.0, 0.06145251396648053, 0.0, 0.0, 0.0, 1.0, 0.5897690701959244, 1.0, 0.0, 0.0, 0.0, 0.0, 0.0, 0.0, 0.0]",165914,191334,N6,dismiss,-0.3,ts,929,1
"[0.375, -0.375, -0.4360603653693408, 0.0, 0.0, 0.0, 0.0, 0.0, 1.0, 0.7610702948879243, 1.0, 0.0, 0.0, 0.0, 0.0, 0.0, 0.0, 0.0]",127415,170956,N6,dismiss,-0.3,ts,1508,0
"[0.5, -0.5, 0.23302358827734093, 0.014336917562724014, -0.030927835051546285, 0.0, 0.0, 0.0, 1.0, 0.821045560497703, 1.0, 0.0, 0.0, 0.0, 0.0, 0.0, 0.0, 0.0]",185581,185510,N3,dismiss,-0.3,ts,1539,1
"[0.25, -0.25, 0.0, -0.008595988538681949, 0.08695652173913043, 0.0, 0.0, 0.0, 1.0, 0.8130880893622596, 1.0, 0.0, 0.0, 0.0, 0.0, 0.0, 0.0, 0.0]",57106,117045,N6,dismiss,-0.3,ts,1901,0
"[0.2380952380952381, -0.2380952380952381, -0.42928571428571427, -0.22448979591836735, 0.05555555555555555, 0.0, 0.0, 0.0, 1.0, 0.6503948992797233, 1.0, 0.0, 0.0, 0.0, 0.0, 0.0, 0.0, 0.0]",166142,158639,N6,dismiss,-0.3,ts,1485,1
"[0.19999999999999996, -0.19999999999999996, -0.18088012139605475, -0.01662049861495845, 0.5942028985507245, 0.0, 0.0, 0.0, 1.0, 0.6529198266549806, 1.0, 0.0, 0.0, 0.0, 0.0, 0.0, 0.0, 0.0]",16971,110893,N3,dismiss,-0.3,ts,2271,1
"[0.8562091503267975, -0.8562091503267975, 0.10033333333333326, -0.23314606741573032, 0.2777777777777778, 0.0, 0.0, 0.0, 1.0, 0.8082061348847603, 1.0, 0.0, 0.0, 0.0, 0.0, 0.0, 0.0, 0.0]",138518,86743,N6,dismiss,-0.3,ts,2530,1
"[0.6909090909090908, -0.6909090909090908, -0.41158989598811296, -0.4, -0.1, 0.0, 0.0, 0.0, 1.0, 0.7221276459564802, 1.0, 0.0, 0.0, 0.0, 0.0, 0.0, 0.0, 0.0]",63997,66862,N6,dismiss,-0.3,ts,2769,1
"[0.20000000000000007, -0.20000000000000007, -0.515629742033384, -0.022857142857142857, 0.44736842105263164, 0.0, 0.0, 0.0, 1.0, 0.5987441746313305, 1.0, 0.0, 0.0, 0.0, 0.0, 0.0, 0.0, 0.0]",43097,107170,N6,accept,0.44000000000000006,ts,448,1
"[0.13888888888888887, -0.13888888888888887, -0.34867564046895355, -0.11041009463722397, 0.0, 0.0, 0.0, 0.0, 1.0, 0.6712022690137475, 1.0, 0.0, 0.0, 0.0, 0.0, 0.0, 0.0, 0.0]",103715,91957,N6,dismiss,-0.3,ts,1076,0
"[0.6029411764705882, -0.6029411764705882, 0.1111111111111111, -0.2, -0.44000000000000006, 0.0, 0.0, 0.0, 1.0, 0.7525227377576363, 1.0, 0.0, 0.0, 0.0, 0.0, 0.0, 0.0, 0.0]",167076,155816,N6,dismiss,-0.3,ts,614,0
"[0.75, -0.75, 0.0, 0.0, 0.0, 0.0, 0.0, 0.0, 1.0, 0.9523252675504453, 1.0, 0.0, 0.0, 0.0, 0.0, 0.0, 0.0, 0.0]",129174,93843,N3,dismiss,-0.3,ts,1489,1
"[0.25, -0.25, 0.20060030015007513, -0.2706552706552707, -0.6666666666666666, 0.0, 0.0, 0.0, 1.0, 0.6003298243471468, 1.0, 0.0, 0.0, 0.0, 0.0, 0.0, 0.0, 0.0]",182867,75984,N6,dismiss,-0.3,ts,2196,1
"[0.7, -0.7, -0.40080160320641284, 0.24770642201834864, -0.9545454545454546, 0.0, 0.0, 0.0, 1.0, 0.6488035794173612, 1.0, 0.0, 0.0, 0.0, 0.0, 0.0, 0.0, 0.0]",185374,134921,N6,dismiss,-0.3,ts,1599,1
"[0.47058823529411764, -0.47058823529411764, 0.07142857142857142, -0.5081967213114754, 0.06000000000000001, 0.0, 0.0, 0.0, 1.0, 0.7627203820740563, 1.0, 0.0, 0.0, 0.0, 0.0, 0.0, 0.0, 0.0]",118798,70937,N6,dismiss,-0.3,ts,2231,1
"[0.14, -0.14, -0.02666666666666673, 0.0625, -0.1, 0.0, 0.0, 0.0, 1.0, 0.7465385609804288, 1.0, 0.0, 0.0, 0.0, 0.0, 0.0, 0.0, 0.0]",141632,69993,N6,dismiss,-0.3,ts,1303,0
"[0.08333333333333322, -0.08333333333333322, 0.0, 0.0, 0.0, 0.0, 0.0, 0.0, 1.0, 0.7810882504428991, 1.0, 0.0, 0.0, 0.0, 0.0, 0.0, 0.0, 0.0]",174745,93864,N6,dismiss,-0.3,ts,1845,0
"[0.25, -0.25, -0.25925925925925924, 0.0778816199376947, 0.13636363636363635, 0.0, 0.0, 0.0, 1.0, 0.7012290684696982, 1.0, 0.0, 0.0, 0.0, 0.0, 0.0, 0.0, 0.0]",142493,117045,N6,dismiss,-0.3,ts,938,0
"[0.5714285714285715, -0.5714285714285715, 0.0, 0.0, 0.0, 0.0, 0.0, 0.0, 1.0, 0.9236956675786846, 1.0, 0.0, 0.0, 0.0, 0.0, 0.0, 0.0, 0.0]",37993,60788,N6,dismiss,-0.3,ts,2605,1
"[0.5599999999999999, -0.5599999999999999, -0.2137240886347391, 0.34050179211469533, 1.0, 0.0, 0.0, 0.0, 1.0, 0.6396792224649837, 1.0, 0.0, 0.0, 0.0, 0.0, 0.0, 0.0, 0.0]",185581,89763,N6,accept,0.692,ts,619,1
"[0.02500000000000002, -0.02500000000000002, -0.5444191343963554, -0.06, -0.039999999999999994, 0.0, 0.0, 0.0, 1.0, 0.5981975881788192, 1.0, 0.0, 0.0, 0.0, 0.0, 0.0, 0.0, 0.0]",30785,62540,N6,dismiss,-0.3,ts,2838,1
"[0.20000000000000007, -0.20000000000000007, -0.24607679465776297, -0.008547008547008548, -0.14285714285714285, 0.0, 0.0, 0.0, 1.0, 0.7052691292088489, 1.0, 0.0, 0.0, 0.0, 0.0, 0.0, 0.0, 0.0]",189329,31973,N6,accept,0.44000000000000006,ts,1520,1
"[0.5636363636363636, -0.5636363636363636, 0.0, -0.024734982332155476, 0.0, 0.0, 0.0, 0.0, 1.0, 0.9149318998851651, 1.0, 0.0, 0.0, 0.0, 0.0, 0.0, 0.0, 0.0]",48999,48997,N6,dismiss,-0.3,ts,758,0
"[0.3636363636363637, -0.3636363636363637, 0.1013215859030837, 0.057971014492753624, 0.25, 0.0, 0.0, 0.0, 1.0, 0.7621489741842852, 1.0, 0.0, 0.0, 0.0, 0.0, 0.0, 0.0, 0.0]",123207,123174,N6,dismiss,-0.3,ts,1165,0
"[0.24242424242424238, -0.24242424242424238, -0.158311345646438, -0.08536585365853659, -0.21999999999999997, 0.0, 0.0, 0.0, 1.0, 0.7058869977996952, 1.0, 0.0, 0.0, 0.0, 0.0, 0.0, 0.0, 0.0]",110035,19597,N6,dismiss,-0.3,ts,2003,1
"[0.24999999999999992, -0.24999999999999992, -0.18808777429467086, -0.007194244604316547, -0.02439024390243908, 0.0, 0.0, 0.0, 1.0, 0.7676014166610969, 1.0, 0.0, 0.0, 0.0, 0.0, 0.0, 0.0, 0.0]",113424,125887,N6,accept,0.4749999999999999,ts,1530,0
"[0.7066666666666667, -0.7066666666666667, 0.21951219512195133, 0.22745098039215686, -0.3684210526315789, 0.0, 0.0, 0.0, 1.0, 0.7423189475802244, 1.0, 0.0, 0.0, 0.0, 0.0, 0.0, 0.0, 0.0]",155668,169349,N6,dismiss,-0.3,ts,1283,0
"[0.6818181818181819, -0.6818181818181819, 0.11441307578008908, 0.08, 0.020000000000000018, 0.0, 0.0, 0.0, 1.0, 0.8737771063815095, 1.0, 0.0, 0.0, 0.0, 0.0, 0.0, 0.0, 0.0]",63997,85440,N6,dismiss,-0.3,ts,1435,0
"[0.7942857142857144, -0.7942857142857144, -0.24597585513078465, 0.2066115702479339, -0.375, 0.0, 0.0, 0.0, 1.0, 0.7501239090858726, 1.0, 0.0, 0.0, 0.0, 0.0, 0.0, 0.0, 0.0]",81543,128284,N6,dismiss,-0.3,ts,1388,1
"[0.25000000000000006, -0.25000000000000006, -0.11641443538998836, 0.09281437125748503, 1.0, 0.0, 0.0, 0.0, 1.0, 0.6227095310764252, 1.0, 0.0, 0.0, 0.0, 0.0, 0.0, 0.0, 0.0]",64439,141844,N6,dismiss,-0.3,ts,1302,0
"[0.36000000000000004, -0.36000000000000004, -0.4794794794794795, -0.5260869565217391, 0.3684210526315789, 0.0, 0.0, 0.0, 1.0, 0.5740754538673325, 1.0, 0.0, 0.0, 0.0, 0.0, 0.0, 0.0, 0.0]",191334,169893,N6,dismiss,-0.3,ts,1848,1
"[0.2, -0.07, -0.29684601113172543, 0.0, 0.0, 0.0, 0.0, 0.0, 1.0, 0.6866108486748183, 1.0, 0.0, 0.0, 0.0, 0.0, 0.0, 0.0, 0.0]",63919,48992,N6,dismiss,-0.3,ts,2564,0
"[0.25, -0.25, -0.316628701594533, -0.011428571428571429, 0.13636363636363635, 0.0, 0.0, 0.0, 1.0, 0.7065666744509789, 1.0, 0.0, 0.0, 0.0, 0.0, 0.0, 0.0, 0.0]",117111,117045,N6,dismiss,-0.3,ts,2082,0
"[0.47058823529411764, -0.47058823529411764, -0.11764705882352941, -0.1, -0.19999999999999996, 0.0, 0.0, 0.0, 1.0, 0.7834473599029986, 1.0, 0.0, 0.0, 0.0, 0.0, 0.0, 0.0, 0.0]",40189,70937,N6,accept,0.6294117647058823,ts,1680,1
"[0.12499999999999988, -0.12499999999999988, 0.18272841051314134, 0.0, 0.0, 0.0, 0.0, 0.0, 1.0, 0.7351092199119997, 1.0, 0.0, 0.0, 0.0, 0.0, 0.0, 0.0, 0.0]",158639,180524,N6,dismiss,-0.3,ts,1008,0
"[0.24999999999999997, -0.24999999999999997, 0.11420612813370477, -0.15950920245398773, 0.0, 0.0, 0.0, 0.0, 1.0, 0.7577778993431036, 1.0, 0.0, 0.0, 0.0, 0.0, 0.0, 0.0, 0.0]",155669,115289,N6,dismiss,-0.3,ts,1080,0
"[0.010909090909090839, -0.010909090909090839, -0.7835593220338983, -0.14285714285714285, -0.08333333333333333, 0.0, 0.0, 0.0, 1.0, 0.5355134964909132, 1.0, 0.0, 0.0, 0.0, 0.0, 0.0, 0.0, 0.0]",51122,115323,N6,accept,0.3076363636363636,ts,1651,0
"[0.4444444444444445, -0.4444444444444445, -0.06833333333333336, -0.0028089887640449437, -0.05555555555555555, 0.0, 0.0, 0.0, 1.0, 0.8535334861931476, 1.0, 0.0, 0.0, 0.0, 0.0, 0.0, 0.0, 0.0]",138518,88157,N6,dismiss,-0.3,ts,504,1
"[0.1842105263157895, -0.1842105263157895, 0.0, -0.0035335689045936395, -0.019999999999999928, 0.0, 0.0, 0.0, 1.0, 0.8104350430499354, 1.0, 0.0, 0.0, 0.0, 0.0, 0.0, 0.0, 0.0]",38840,91957,N6,accept,0.42894736842105263,ts,622,1
"[0.142857142857143, -0.142857142857143, -0.06, 0.2119205298013245, -0.020000000000000018, 0.0, 0.0, 0.0, 1.0, 0.722447932511648, 1.0, 0.0, 0.0, 0.0, 0.0, 0.0, 0.0, 0.0]",108112,83437,N6,accept,0.4000000000000001,ts,2195,1
"[0.14000000000000004, -0.14000000000000004, -0.1320049813200498, 0.46601941747572817, 0.22807017543859645, 0.0, 0.0, 0.0, 1.0, 0.609456050709879, 1.0, 0.0, 0.0, 0.0, 0.0, 0.0, 0.0, 0.0]",59415,115226,N6,dismiss,-0.3,ts,1288,1
"[0.5, -0.5, 0.0003029385034839478, 0.5421245421245421, 0.21739130434782608, 0.0, 0.0, 0.0, 1.0, 0.7565002507531393, 1.0, 0.0, 0.0, 0.0, 0.0, 0.0, 0.0, 0.0]",86743,61314,N6,accept,0.6499999999999999,ts,1401,0
"[0.25, -0.25, -0.2515625, -0.09045226130653267, -0.030303030303030304, 0.0, 0.0, 0.0, 1.0, 0.7268733374162396, 1.0, 0.0, 0.0, 0.0, 0.0, 0.0, 0.0, 0.0]",69111,129198,N6,dismiss,-0.3,ts,543,1
"[0.5396825396825397, -0.5396825396825397, -0.5828988529718457, -0.014492753623188406, 0.0, 0.0, 0.0, 0.0, 1.0, 0.7753812406748245, 1.0, 0.0, 0.0, 0.0, 0.0, 0.0, 0.0, 0.0]",154624,40258,N6,dismiss,-0.3,ts,2875,1
"[0.25833333333333336, -0.25833333333333336, -0.2222222222222222, 0.64, -0.13999999999999999, 0.0, 0.0, 0.0, 1.0, 0.6256099841340442, 1.0, 0.0, 0.0, 0.0, 0.0, 0.0, 0.0, 0.0]",81128,79360,N6,dismiss,-0.3,ts,1711,1
"[0.11111111111111108, -0.11111111111111108, -0.6054363376251789, 1.0, 1.0, 0.0, 0.0, 0.0, 1.0, 0.3534119705686488, 1.0, 0.0, 0.0, 0.0, 0.0, 0.0, 0.0, 0.0]",106727,141766,N3,accept,0.37777777777777777,ts,423,1
"[0.1250000000000001, -0.1250000000000001, 0.0858394160583941, 0.0, 0.0, 0.0, 0.0, 0.0, 1.0, 0.7647832266303307, 1.0, 0.0, 0.0, 0.0, 0.0, 0.0, 0.0, 0.0]",29519,55412,N6,dismiss,-0.3,ts,872,1
"[0.16666666666666666, -0.16666666666666666, -0.18152639087018546, -0.36627906976744184, -0.25, 0.0, 0.0, 0.0, 1.0, 0.6134208748686691, 1.0, 0.0, 0.0, 0.0, 0.0, 0.0, 0.0, 0.0]",116466,164354,N6,dismiss,-0.3,ts,2662,1
"[0.9352941176470587, -0.9352941176470587, -0.3333333333333333, 0.7584269662921348, -0.3333333333333333, 0.0, 0.0, 0.0, 1.0, 0.6841025840189907, 1.0, 0.0, 0.0, 0.0, 0.0, 0.0, 0.0, 0.0]",138519,169349,N6,dismiss,-0.3,ts,2583,0
"[0.25, -0.25, 0.09090909090909091, 0.1, 0.49166666666666653, 0.0, 0.0, 0.0, 1.0, 0.6852588678547423, 1.0, 0.0, 0.0, 0.0, 0.0, 0.0, 0.0, 0.0]",110001,165914,N6,dismiss,-0.3,ts,618,0
"[0.1538461538461538, -0.1538461538461538, 0.0, 0.0, 0.0, 0.0, 0.0, 0.0, 1.0, 0.806689539231263, 1.0, 0.0, 0.0, 0.0, 0.0, 0.0, 0.0, 0.0]",93850,93864,N6,accept,0.40769230769230763,ts,2633,1
"[0.20000000000000007, -0.20000000000000007, 0.09090909090909091, -0.019943019943019943, -0.14285714285714285, 0.0, 0.0, 0.0, 1.0, 0.7464351712490337, 1.0, 0.0, 0.0, 0.0, 0.0, 0.0, 0.0, 0.0]",162722,31975,N6,dismiss,-0.3,ts,2726,1
"[0.0555555555555556, -0.0555555555555556, -0.16666666666666666, 0.01764705882352941, 0.0, 0.0, 0.0, 0.0, 1.0, 0.7088897221869671, 1.0, 0.0, 0.0, 0.0, 0.0, 0.0, 0.0, 0.0]",123852,107052,N6,dismiss,-0.3,ts,2477,0
"[0.25, -0.25, 0.15830115830115837, 0.02976190476190476, 0.13636363636363635, 0.0, 0.0, 0.0, 1.0, 0.7408404640993043, 1.0, 0.0, 0.0, 0.0, 0.0, 0.0, 0.0, 0.0]",106979,117045,N6,accept,0.475,ts,567,0
"[0.20000000000000004, -0.20000000000000004, -0.20954598370197902, -0.014285714285714285, -0.015999999999999945, 0.0, 0.0, 0.0, 1.0, 0.745407813820075, 1.0, 0.0, 0.0, 0.0, 0.0, 0.0, 0.0, 0.0]",19856,108507,N6,accept,0.44,ts,1784,1
"[0.25000000000000006, -0.25000000000000006, -0.253619570644034, 0.0, 0.0, 0.0, 0.0, 0.0, 1.0, 0.7600205001799172, 1.0, 0.0, 0.0, 0.0, 0.0, 0.0, 0.0, 0.0]",107861,89664,N6,dismiss,-0.3,ts,448,1
"[0.09259259259259267, -0.09259259259259267, -0.739344262295082, 0.002857142857142857, -0.03999999999999997, 0.0, 0.0, 0.0, 1.0, 0.6177007047994388, 1.0, 0.0, 0.0, 0.0, 0.0, 0.0, 0.0, 0.0]",15687,105872,N6,accept,0.36481481481481487,ts,2537,1
"[0.25, -0.25, 0.0, 0.011695906432748537, 0.25, 0.0, 0.0, 0.0, 1.0, 0.7771008967590011, 1.0, 0.0, 0.0, 0.0, 0.0, 0.0, 0.0, 0.0]",43087,117045,N6,accept,0.475,ts,1720,0
"[0.14, -0.14, -0.323238566131026, 0.0, 0.0, 0.0, 0.0, 0.0, 1.0, 0.7065192485809642, 1.0, 0.0, 0.0, 0.0, 0.0, 0.0, 0.0, 0.0]",74215,69993,N6,dismiss,-0.3,ts,963,0
"[0.12499999999999993, -0.12499999999999993, -0.05891016200294561, 0.0, 0.0, 0.0, 0.0, 0.0, 1.0, 0.7741044488384916, 1.0, 0.0, 0.0, 0.0, 0.0, 0.0, 0.0, 0.0]",108507,81462,N6,accept,0.38749999999999996,ts,2641,1
"[0.18367346938775517, -0.18367346938775517, 0.15695387915623885, 0.04938271604938271, -0.2, 0.0, 0.0, 0.0, 1.0, 0.6997447192288843, 1.0, 0.0, 0.0, 0.0, 0.0, 0.0, 0.0, 0.0]",135547,74215,N6,accept,0.4285714285714286,ts,842,1
"[0.0384615384615385, -0.0384615384615385, 0.22897483118477596, 0.02976190476190476, 0.05999999999999996, 0.0, 0.0, 0.0, 1.0, 0.6652929903136966, 1.0, 0.0, 0.0, 0.0, 0.0, 0.0, 0.0, 0.0]",143094,87100,N6,accept,0.3269230769230769,ts,1191,0
"[0.16666666666666666, -0.16666666666666666, -0.6900000000000001, -0.46733668341708545, -0.45454545454545453, 0.0, 0.0, 0.0, 1.0, 0.48088604214828723, 1.0, 0.0, 0.0, 0.0, 0.0, 0.0, 0.0, 0.0]",69112,84871,N6,dismiss,-0.3,ts,1970,1
"[0.5098039215686274, -0.5098039215686274, 0.17994100294985255, 0.11567164179104478, -0.45454545454545453, 0.0, 0.0, 0.0, 1.0, 0.7299654500475602, 1.0, 0.0, 0.0, 0.0, 0.0, 0.0, 0.0, 0.0]",120916,104684,N6,dismiss,-0.3,ts,2843,1
"[0.12499999999999999, -0.12499999999999999, -0.16636363636363638, 0.23529411764705882, 0.07999999999999999, 0.0, 0.0, 0.0, 1.0, 0.6612432182410255, 1.0, 0.0, 0.0, 0.0, 0.0, 0.0, 0.0, 0.0]",130670,82102,N6,dismiss,-0.3,ts,1655,1
"[0.3636363636363637, -0.3636363636363637, -0.17763157894736842, 0.057971014492753624, 0.25, 0.0, 0.0, 0.0, 1.0, 0.7390328509180709, 1.0, 0.0, 0.0, 0.0, 0.0, 0.0, 0.0, 0.0]",123021,123174,N6,accept,0.5545454545454546,ts,2313,0
"[0.1666666666666667, -0.1666666666666667, 0.2, 0.0, 0.0, 0.0, 0.0, 0.0, 1.0, 0.7452936748080553, 1.0, 0.0, 0.0, 0.0, 0.0, 0.0, 0.0, 0.0]",18364,61090,N6,dismiss,-0.3,ts,2725,0
"[0.3636363636363637, -0.3636363636363637, -0.1783073130649137, 0.057971014492753624, 0.25, 0.0, 0.0, 0.0, 1.0, 0.7388435060343711, 1.0, 0.0, 0.0, 0.0, 0.0, 0.0, 0.0, 0.0]",123006,123174,N6,dismiss,-0.3,ts,2576,0
"[0.415625, -0.415625, 0.1312500000000001, 0.0, 0.0, 0.0, 0.0, 0.0, 1.0, 0.8422044928641546, 1.0, 0.0, 0.0, 0.0, 0.0, 0.0, 0.0, 0.0]",152518,15139,N6,dismiss,-0.3,ts,1629,0
"[0.5151515151515151, -0.5151515151515151, -0.060150375939849676, 0.1076923076923077, -0.07142857142857142, 0.0, 0.0, 0.0, 1.0, 0.8404252540200962, 1.0, 0.0, 0.0, 0.0, 0.0, 0.0, 0.0, 0.0]",90175,90182,N6,accept,0.6606060606060606,ts,1903,0
"[0.6228571428571429, -0.6228571428571429, 0.0, -0.08, -0.09090909090909091, 0.0, 0.0, 0.0, 1.0, 0.8860309527056134, 1.0, 0.0, 0.0, 0.0, 0.0, 0.0, 0.0, 0.0]",174761,48998,N6,dismiss,-0.3,ts,2591,1
"[0.25, -0.25, 0.22714285714285723, -0.08766233766233766, 0.0, 0.0, 0.0, 0.0, 1.0, 0.7424472880831784, 1.0, 0.0, 0.0, 0.0, 0.0, 0.0, 0.0, 0.0]",55744,21089,N6,dismiss,-0.3,ts,1663,0
"[0.45, -0.45, -0.3941229930324144, 1.0, -0.4782608695652174, 0.0, 0.0, 0.0, 1.0, 0.556924371559757, 1.0, 0.0, 0.0, 0.0, 0.0, 0.0, 0.0, 0.0]",120787,169349,N6,dismiss,-0.3,ts,2988,0
"[0.20000000000000007, -0.20000000000000007, 0.14322323462414582, -0.002785515320334262, -0.4583333333333333, 0.0, 0.0, 0.0, 1.0, 0.6821577251119463, 1.0, 0.0, 0.0, 0.0, 0.0, 0.0, 0.0, 0.0]",67082,93936,N3,dismiss,-0.3,ts,2818,1
"[0.5636363636363637, -0.5636363636363637, -0.25, 0.09887005649717515, 0.8461538461538461, 0.0, 0.0, 0.0, 1.0, 0.6941795630696347, 1.0, 0.0, 0.0, 0.0, 0.0, 0.0, 0.0, 0.0]",108743,107588,N6,dismiss,-0.3,ts,2836,1
"[0.4105263157894737, -0.4105263157894737, 0.047499999999999966, 1.0, 0.45999999999999996, 0.0, 0.0, 0.0, 1.0, 0.6367898999026158, 1.0, 0.0, 0.0, 0.0, 0.0, 0.0, 0.0, 0.0]",174924,33276,N6,dismiss,-0.3,ts,1667,0
"[0.11999999999999993, -0.11999999999999993, -0.5, 0.06552706552706553, 0.5714285714285714, 0.0, 0.0, 0.0, 1.0, 0.5475076325052248, 1.0, 0.0, 0.0, 0.0, 0.0, 0.0, 0.0, 0.0]",151839,89763,N6,dismiss,-0.3,ts,2704,1
"[0.3, -0.3, -0.28, 0.0, 0.0, 0.0, 0.0, 0.0, 1.0, 0.769716564082265, 1.0, 0.0, 0.0, 0.0, 0.0, 0.0, 0.0, 0.0]",69485,50807,N6,dismiss,-0.3,ts,1063,1
"[0.15000000000000002, -0.15000000000000002, -0.48186528497409326, 0.01764705882352941, 0.13636363636363635, 0.0, 0.0, 0.0, 1.0, 0.6406063211150412, 1.0, 0.0, 0.0, 0.0, 0.0, 0.0, 0.0, 0.0]",16912,107052,N6,dismiss,-0.3,ts,1790,1
"[0.20000000000000007, -0.20000000000000007, -0.00663349917081258, 0.019943019943019943, -0.4166666666666667, 0.0, 0.0, 0.0, 1.0, 0.7295168490235155, 1.0, 0.0, 0.0, 0.0, 0.0, 0.0, 0.0, 0.0]",72081,135482,N6,accept,0.44000000000000006,ts,2694,1
"[0.3636363636363637, -0.3636363636363637, 0.1013215859030837, 0.057971014492753624, 0.25, 0.0, 0.0, 0.0, 1.0, 0.7621489741842852, 1.0, 0.0, 0.0, 0.0, 0.0, 0.0, 0.0, 0.0]",123207,123174,N6,dismiss,-0.3,ts,736,0
"[0.28571428571428564, -0.28571428571428564, -0.35943517329910146, 0.26, 0.06000000000000001, 0.0, 0.0, 0.0, 1.0, 0.670708318241587, 1.0, 0.0, 0.0, 0.0, 0.0, 0.0, 0.0, 0.0]",33303,130669,N6,dismiss,-0.3,ts,1711,1
"[0.20000000000000007, -0.20000000000000007, -0.13397860417727964, 0.0, 0.0, 0.0, 0.0, 0.0, 1.0, 0.7758162558060495, 1.0, 0.0, 0.0, 0.0, 0.0, 0.0, 0.0, 0.0]",90181,115238,N6,dismiss,-0.3,ts,2072,1
"[0.3636363636363637, -0.3636363636363637, 0.0, 0.0, 0.0, 0.0, 0.0, 0.0, 1.0, 0.8742764353476687, 1.0, 0.0, 0.0, 0.0, 0.0, 0.0, 0.0, 0.0]",123031,123174,N6,dismiss,-0.3,ts,1319,0
"[0.9537142857142857, -0.9537142857142857, -0.5672530446549391, 0.22018348623853212, -0.4583333333333333, 0.0, 0.0, 0.0, 1.0, 0.6938095598036568, 1.0, 0.0, 0.0, 0.0, 0.0, 0.0, 0.0, 0.0]",115244,128247,N6,dismiss,-0.3,ts,1239,0
"[0.9281045751633986, -0.9281045751633986, -0.3333333333333333, 0.7584269662921348, -0.3333333333333333, 0.0, 0.0, 0.0, 1.0, 0.6835172784786816, 1.0, 0.0, 0.0, 0.0, 0.0, 0.0, 0.0, 0.0]",138518,169349,N6,dismiss,-0.3,ts,893,0
"[0.08163265306122446, -0.08163265306122446, 0.0817610062893081, 0.002849002849002849, 0.08333333333333329, 0.0, 0.0, 0.0, 1.0, 0.7264097091680045, 1.0, 0.0, 0.0, 0.0, 0.0, 0.0, 0.0, 0.0]",105872,105899,N6,accept,0.3571428571428571,ts,1999,0
"[0.78, -0.78, -0.5652173913043478, 0.0, 0.0, 0.0, 0.0, 0.0, 1.0, 0.8206466101270193, 1.0, 0.0, 0.0, 0.0, 0.0, 0.0, 0.0, 0.0]",128295,169349,N6,dismiss,-0.3,ts,770,0
"[0.34, -0.34, -0.14545454545454548, -0.5565217391304348, -0.33999999999999997, 0.0, 0.0, 0.0, 1.0, 0.6422791980497113, 1.0, 0.0, 0.0, 0.0, 0.0, 0.0, 0.0, 0.0]",19594,120700,N6,accept,0.538,ts,2890,1
"[0.25, -0.25, 0.0, -0.005747126436781609, -0.16666666666666666, 0.0, 0.0, 0.0, 1.0, 0.7953547792253595, 1.0, 0.0, 0.0, 0.0, 0.0, 0.0, 0.0, 0.0]",117105,117045,N6,accept,0.475,ts,1620,0
"[0.8214285714285714, -0.8214285714285714, -0.012517385257301885, 0.022900763358778626, 0.06666666666666667, 0.0, 0.0, 0.0, 1.0, 0.9304158681241259, 1.0, 0.0, 0.0, 0.0, 0.0, 0.0, 0.0, 0.0]",110096,170956,N6,dismiss,-0.3,ts,1052,1
"[0.20000000000000007, -0.20000000000000007, -0.4595833333333333, -0.0918918918918919, 1.0, 0.0, 0.0, 0.0, 1.0, 0.5404319134665907, 1.0, 0.0, 0.0, 0.0, 0.0, 0.0, 0.0, 0.0]",107308,107554,N6,dismiss,-0.3,ts,922,1
"[0.20000000000000007, -0.20000000000000007, -0.12425665101721436, 0.002840909090909091, 0.25, 0.0, 0.0, 0.0, 1.0, 0.7189497931363428, 1.0, 0.0, 0.0, 0.0, 0.0, 0.0, 0.0, 0.0]",74281,88669,N6,dismiss,-0.3,ts,1960,1
"[0.6000000000000001, -0.6000000000000001, 0.1111111111111111, 0.0, 0.0, 0.0, 0.0, 0.0, 1.0, 0.8892219481331178, 1.0, 0.0, 0.0, 0.0, 0.0, 0.0, 0.0, 0.0]",38176,112477,N3,accept,0.72,ts,1339,1
"[0.55, -0.55, -0.051636363636363695, 0.25, -0.44000000000000006, 0.0, 0.0, 0.0, 1.0, 0.753018755400742, 1.0, 0.0, 0.0, 0.0, 0.0, 0.0, 0.0, 0.0]",19607,128279,N6,dismiss,-0.3,ts,2872,1
"[0.20000000000000007, -0.20000000000000007, 0.17909090909090916, -0.10160427807486631, 0.36363636363636365, 0.0, 0.0, 0.0, 1.0, 0.6575173146638584, 1.0, 0.0, 0.0, 0.0, 0.0, 0.0, 0.0, 0.0]",89763,107458,N6,dismiss,-0.3,ts,416,0
"[0.5, -0.5, 0.23745819397993317, -0.5584905660377358, 0.2857142857142857, 0.0, 0.0, 0.0, 1.0, 0.6669723093183003, 1.0, 0.0, 0.0, 0.0, 0.0, 0.0, 0.0, 0.0]",121068,115299,N6,dismiss,-0.3,ts,1532,0
"[0.1500000000000001, -0.1500000000000001, 0.0, -0.35714285714285715, -0.1, 0.0, 0.0, 0.0, 1.0, 0.7015604788698512, 1.0, 0.0, 0.0, 0.0, 0.0, 0.0, 0.0, 0.0]",74186,189308,N6,dismiss,-0.3,ts,1498,0
"[0.46153846153846156, -0.46153846153846156, -0.7518796992481204, -0.03125, 0.11999999999999993, 0.0, 0.0, 0.0, 1.0, 0.7032303327527926, 1.0, 0.0, 0.0, 0.0, 0.0, 0.0, 0.0, 0.0]",175226,122732,N6,dismiss,-0.3,ts,747,0
"[0.1392405063291139, -0.1392405063291139, -0.6510911424903723, -0.10909090909090909, 0.0, 0.0, 0.0, 0.0, 1.0, 0.6264533779547405, 1.0, 0.0, 0.0, 0.0, 0.0, 0.0, 0.0, 0.0]",43373,185707,N6,dismiss,-0.3,ts,1818,1
"[0.27999999999999997, -0.27999999999999997, 0.22005571030640667, -0.2636363636363636, 0.31999999999999995, 0.0, 0.0, 0.0, 1.0, 0.6456512718839392, 1.0, 0.0, 0.0, 0.0, 0.0, 0.0, 0.0, 0.0]",84107,19598,N6,dismiss,-0.3,ts,2586,0
"[0.47058823529411764, -0.47058823529411764, 0.15384615384615385, 0.0, 0.0, 0.0, 0.0, 0.0, 1.0, 0.8490503635579928, 1.0, 0.0, 0.0, 0.0, 0.0, 0.0, 0.0, 0.0]",156353,18570,N6,accept,0.6294117647058823,ts,809,0
"[0.09090909090909098, -0.09090909090909098, -0.12200000000000003, -0.02040816326530612, -0.054545454545454515, 0.0, 0.0, 0.0, 1.0, 0.7190768398530523, 1.0, 0.0, 0.0, 0.0, 0.0, 0.0, 0.0, 0.0]",162866,117146,N6,dismiss,-0.3,ts,2233,1
"[0.5588235294117647, -0.5588235294117647, -0.03868698710433764, 1.0, 1.0, 0.0, 0.0, 0.0, 1.0, 0.6064494974885417, 1.0, 0.0, 0.0, 0.0, 0.0, 0.0, 0.0, 0.0]",147129,155668,N6,dismiss,-0.3,ts,2332,1
"[0.3636363636363637, -0.3636363636363637, -0.0003316749585405642, -0.022284122562674095, 0.12, 0.0, 0.0, 0.0, 1.0, 0.8355995376463724, 1.0, 0.0, 0.0, 0.0, 0.0, 0.0, 0.0, 0.0]",30201,74278,N3,dismiss,-0.3,ts,2656,1
"[0.8253968253968255, -0.8253968253968255, -0.42857142857142855, 0.3788546255506608, -0.45454545454545453, 0.0, 0.0, 0.0, 1.0, 0.6768468297737433, 1.0, 0.0, 0.0, 0.0, 0.0, 0.0, 0.0, 0.0]",169062,169349,N6,dismiss,-0.3,ts,831,0
"[0.39999999999999997, -0.39999999999999997, 0.21505376344086022, -0.3197969543147208, 1.0, 0.0, 0.0, 0.0, 1.0, 0.6003913445971276, 1.0, 0.0, 0.0, 0.0, 0.0, 0.0, 0.0, 0.0]",92081,120916,N6,dismiss,-0.3,ts,1563,0
"[0.16666666666666666, -0.16666666666666666, -0.5804749340369393, 0.004032258064516129, -0.35714285714285715, 0.0, 0.0, 0.0, 1.0, 0.5960938121097306, 1.0, 0.0, 0.0, 0.0, 0.0, 0.0, 0.0, 0.0]",89593,41685,N3,dismiss,-0.3,ts,730,1
"[0.625, -0.625, -0.2317548746518106, 0.016722408026755852, -0.07692307692307693, 0.0, 0.0, 0.0, 1.0, 0.8330090859287487, 1.0, 0.0, 0.0, 0.0, 0.0, 0.0, 0.0, 0.0]",174765,141757,N6,dismiss,-0.3,ts,1311,0
"[0.7236842105263158, -0.7236842105263158, -0.5, -0.8461538461538461, -0.6981132075471698, 0.0, 0.0, 0.0, 1.0, 0.5871292809857416, 1.0, 0.0, 0.0, 0.0, 0.0, 0.0, 0.0, 0.0]",123829,63998,N6,accept,0.8065789473684211,ts,801,1
"[0.1764705882352941, -0.1764705882352941, 0.0, 0.05045871559633028, 0.0, 0.0, 0.0, 0.0, 1.0, 0.8002741033846621, 1.0, 0.0, 0.0, 0.0, 0.0, 0.0, 0.0, 0.0]",173998,173997,N3,dismiss,-0.3,ts,2167,1
"[0.6363636363636364, -0.6363636363636364, -0.2700729927007299, 0.0, 0.0, 0.0, 0.0, 0.0, 1.0, 0.8519911280552436, 1.0, 0.0, 0.0, 0.0, 0.0, 0.0, 0.0, 0.0]",141743,51605,N6,dismiss,-0.3,ts,1886,0
"[0.5636363636363637, -0.5636363636363637, 0.23253903040262944, 0.12753623188405797, 1.0, 0.0, 0.0, 0.0, 1.0, 0.6843183977363809, 1.0, 0.0, 0.0, 0.0, 0.0, 0.0, 0.0, 0.0]",123006,107588,N6,dismiss,-0.3,ts,2754,1
"[0.03846153846153849, -0.03846153846153849, -0.04092526690391467, 0.05982905982905983, 0.18644067796610161, 0.0, 0.0, 0.0, 1.0, 0.6850846278071606, 1.0, 0.0, 0.0, 0.0, 0.0, 0.0, 0.0, 0.0]",43763,59417,N6,dismiss,-0.3,ts,670,1
"[0.16666666666666666, -0.16666666666666666, 0.042234332425068105, -0.06837606837606838, -0.47058823529411764, 0.0, 0.0, 0.0, 1.0, 0.6843829948468139, 1.0, 0.0, 0.0, 0.0, 0.0, 0.0, 0.0, 0.0]",146728,164354,N6,dismiss,-0.3,ts,2771,1
"[0.722689075630252, -0.722689075630252, 0.0, 0.31297709923664124, 0.08, 0.0, 0.0, 0.0, 1.0, 0.856706738400751, 1.0, 0.0, 0.0, 0.0, 0.0, 0.0, 0.0, 0.0]",104682,169335,N6,dismiss,-0.3,ts,1136,0
"[0.24999999999999997, -0.24999999999999997, -0.4993742177722153, -0.035211267605633804, -0.11764705882352941, 0.0, 0.0, 0.0, 1.0, 0.6716081249710165, 1.0, 0.0, 0.0, 0.0, 0.0, 0.0, 0.0, 0.0]",120828,115289,N6,dismiss,-0.3,ts,1141,1
"[0.09090909090909098, -0.09090909090909098, -0.44372594303310237, 0.0, 0.0, 0.0, 0.0, 0.0, 1.0, 0.666221858709415, 1.0, 0.0, 0.0, 0.0, 0.0, 0.0, 0.0, 0.0]",43671,142277,N6,accept,0.36363636363636365,ts,2204,1
"[0.8571428571428572, -0.8571428571428572, 0.03755868544600939, -0.08045977011494253, -0.40384615384615385, 0.0, 0.0, 0.0, 1.0, 0.8446138733270775, 1.0, 0.0, 0.0, 0.0, 0.0, 0.0, 0.0, 0.0]",91073,91074,N6,dismiss,-0.3,ts,833,0
"[0.4545454545454546, -0.4545454545454546, 0.016187050359712206, 0.026627218934911243, 0.8333333333333334, 0.0, 0.0, 0.0, 1.0, 0.7623560507494218, 1.0, 0.0, 0.0, 0.0, 0.0, 0.0, 0.0, 0.0]",108746,108828,N6,dismiss,-0.3,ts,882,1
"[0.04761904761904766, -0.04761904761904766, -0.39722724532851117, 0.15162454873646208, 0.4, 0.0, 0.0, 0.0, 1.0, 0.5363539792335147, 1.0, 0.0, 0.0, 0.0, 0.0, 0.0, 0.0, 0.0]",16646,63925,N6,dismiss,-0.3,ts,1097,0
"[0.2, -0.2, -0.425, -0.1678832116788321, -0.26666666666666666, 0.0, 0.0, 0.0, 1.0, 0.603526579115756, 1.0, 0.0, 0.0, 0.0, 0.0, 0.0, 0.0, 0.0]",115289,178949,N6,dismiss,-0.3,ts,1583,0
"[0.3333333333333333, -0.3333333333333333, -0.48406676783004554, -0.44761904761904764, -0.6129032258064516, 0.0, 0.0, 0.0, 1.0, 0.546792220645576, 1.0, 0.0, 0.0, 0.0, 0.0, 0.0, 0.0, 0.0]",170138,175100,N6,dismiss,-0.3,ts,693,0
"[0.20000000000000004, -0.20000000000000004, -0.6334862385321101, 1.0, -0.375, 0.0, 0.0, 0.0, 1.0, 0.46352703055457606, 1.0, 0.0, 0.0, 0.0, 0.0, 0.0, 0.0, 0.0]",85929,139806,N6,dismiss,-0.3,ts,440,1
"[0.5599999999999999, -0.5599999999999999, 0.08267716535433069, 0.36, 1.0, 0.0, 0.0, 0.0, 1.0, 0.6842840609430062, 1.0, 0.0, 0.0, 0.0, 0.0, 0.0, 0.0, 0.0]",185411,89763,N6,dismiss,-0.3,ts,1226,0
"[0.8417582417582418, -0.8417582417582418, -0.3337306317044101, -0.37962962962962965, -0.6476190476190476, 0.0, 0.0, 0.0, 1.0, 0.6768261027426546, 1.0, 0.0, 0.0, 0.0, 0.0, 0.0, 0.0, 0.0]",78130,54927,N6,dismiss,-0.3,ts,551,1
"[0.09090909090909098, -0.09090909090909098, 0.16701461377870563, 0.10227272727272728, -0.125, 0.0, 0.0, 0.0, 1.0, 0.6661605042583887, 1.0, 0.0, 0.0, 0.0, 0.0, 0.0, 0.0, 0.0]",110877,16906,N6,dismiss,-0.3,ts,2108,0
"[0.25, -0.25, 0.0, -0.008595988538681949, 0.08695652173913043, 0.0, 0.0, 0.0, 1.0, 0.8130880893622596, 1.0, 0.0, 0.0, 0.0, 0.0, 0.0, 0.0, 0.0]",57106,117045,N6,dismiss,-0.3,ts,1777,0
"[0.2941176470588235, -0.2941176470588235, -0.20508744038155807, 0.9354838709677419, 0.58, 0.0, 0.0, 0.0, 1.0, 0.5564807400241625, 1.0, 0.0, 0.0, 0.0, 0.0, 0.0, 0.0, 0.0]",79359,18570,N6,dismiss,-0.3,ts,1976,0
"[0.20000000000000007, -0.20000000000000007, 0.19092827004219395, -0.01971830985915493, 0.0, 0.0, 0.0, 0.0, 1.0, 0.7535463795174929, 1.0, 0.0, 0.0, 0.0, 0.0, 0.0, 0.0, 0.0]",109410,31973,N6,dismiss,-0.3,ts,1427,0
"[0.09090909090909098, -0.09090909090909098, -0.20200000000000004, 0.021875, 0.36231884057971014, 0.0, 0.0, 0.0, 1.0, 0.6336639820032149, 1.0, 0.0, 0.0, 0.0, 0.0, 0.0, 0.0, 0.0]",162892,82380,N6,dismiss,-0.3,ts,2044,1
"[0.0555555555555556, -0.0555555555555556, -0.16666666666666666, 0.01764705882352941, 0.13636363636363635, 0.0, 0.0, 0.0, 1.0, 0.6730847801914981, 1.0, 0.0, 0.0, 0.0, 0.0, 0.0, 0.0, 0.0]",123856,107052,N6,dismiss,-0.3,ts,2525,1
"[0.11458333333333333, -0.11458333333333333, 0.0, -0.6041131105398457, -0.8083333333333332, 0.0, 0.0, 0.0, 1.0, 0.5671434991422036, 1.0, 0.0, 0.0, 0.0, 0.0, 0.0, 0.0, 0.0]",107588,142262,N6,dismiss,-0.3,ts,848,0
"[0.2045454545454546, -0.2045454545454546, 0.07719799857040743, -0.0056657223796034, -0.06666666666666667, 0.0, 0.0, 0.0, 1.0, 0.7753573266178757, 1.0, 0.0, 0.0, 0.0, 0.0, 0.0, 0.0, 0.0]",88669,74278,N6,dismiss,-0.3,ts,1685,0
"[0.09090909090909098, -0.09090909090909098, -0.050632911392405104, 0.059154929577464786, 0.16666666666666666, 0.0, 0.0, 0.0, 1.0, 0.7053625228197913, 1.0, 0.0, 0.0, 0.0, 0.0, 0.0, 0.0, 0.0]",109410,151841,N6,dismiss,-0.3,ts,1061,1
"[0.20000000000000007, -0.20000000000000007, 0.17909090909090916, -0.10160427807486631, 0.36363636363636365, 0.0, 0.0, 0.0, 1.0, 0.6575173146638584, 1.0, 0.0, 0.0, 0.0, 0.0, 0.0, 0.0, 0.0]",89763,107458,N6,dismiss,-0.3,ts,2473,1
"[0.19999999999999993, -0.19999999999999993, 0.041666666666666664, 0.0, 0.0, 0.0, 0.0, 0.0, 1.0, 0.8068370360387624, 1.0, 0.0, 0.0, 0.0, 0.0, 0.0, 0.0, 0.0]",18185,82489,N6,dismiss,-0.3,ts,791,0
"[0.20000000000000007, -0.20000000000000007, -0.00663349917081258, -0.002785515320334262, -0.44, 0.0, 0.0, 0.0, 1.0, 0.7315763827558615, 1.0, 0.0, 0.0, 0.0, 0.0, 0.0, 0.0, 0.0]",29710,135483,N6,accept,0.44000000000000006,ts,642,1
"[0.648, -0.648, 0.1801637852593267, 0.20863309352517986, 1.0, 0.0, 0.0, 0.0, 1.0, 0.678459202837453, 1.0, 0.0, 0.0, 0.0, 0.0, 0.0, 0.0, 0.0]",185410,107554,N6,accept,0.7536,ts,2220,0
"[0.2888888888888889, -0.2888888888888889, -0.11724137931034483, 0.053003533568904596, 0.4166666666666667, 0.0, 0.0, 0.0, 1.0, 0.7103242631172707, 1.0, 0.0, 0.0, 0.0, 0.0, 0.0, 0.0, 0.0]",134111,104963,N6,accept,0.5022222222222222,ts,2131,1
"[0.11111111111111115, -0.11111111111111115, -0.19748953974895392, 0.4628099173553719, -0.25, 0.0, 0.0, 0.0, 1.0, 0.5764463855064232, 1.0, 0.0, 0.0, 0.0, 0.0, 0.0, 0.0, 0.0]",86760,185391,N6,accept,0.37777777777777777,ts,2083,1
"[0.3636363636363637, -0.3636363636363637, 0.2033333333333334, -0.1568627450980392, 0.16, 0.0, 0.0, 0.0, 1.0, 0.7259799511934714, 1.0, 0.0, 0.0, 0.0, 0.0, 0.0, 0.0, 0.0]",89764,123439,N6,dismiss,-0.3,ts,1752,0
"[0.018181818181818195, -0.018181818181818195, 0.060698027314112286, 0.0, 0.0, 0.0, 0.0, 0.0, 1.0, 0.7339531141075869, 1.0, 0.0, 0.0, 0.0, 0.0, 0.0, 0.0, 0.0]",49870,147468,N6,dismiss,-0.3,ts,434,0
"[0.52, -0.52, 0.11648223645894, 0.0, 0.0, 0.0, 0.0, 0.0, 1.0, 0.8716130198763568, 1.0, 0.0, 0.0, 0.0, 0.0, 0.0, 0.0, 0.0]",142501,54196,N6,dismiss,-0.3,ts,1929,0
"[0.1666666666666666, -0.1666666666666666, 0.0, 0.0, 0.0, 0.0, 0.0, 0.0, 1.0, 0.8112296656009272, 1.0, 0.0, 0.0, 0.0, 0.0, 0.0, 0.0, 0.0]",60788,60783,N6,dismiss,-0.3,ts,1493,0
"[0.25, -0.25, 0.0, 0.07453416149068323, 0.13636363636363635, 0.0, 0.0, 0.0, 1.0, 0.7830109453831142, 1.0, 0.0, 0.0, 0.0, 0.0, 0.0, 0.0, 0.0]",43089,117045,N6,dismiss,-0.3,ts,2803,0
"[0.13333333333333344, -0.13333333333333344, -0.1, -0.75, -0.44000000000000006, 0.0, 0.0, 0.0, 1.0, 0.5587769414463242, 1.0, 0.0, 0.0, 0.0, 0.0, 0.0, 0.0, 0.0]",70105,79461,N6,dismiss,-0.3,ts,1702,0
"[0.14285714285714288, -0.14285714285714288, 0.08411892675852069, 0.0, 0.0, 0.0, 0.0, 0.0, 1.0, 0.7717968012528305, 1.0, 0.0, 0.0, 0.0, 0.0, 0.0, 0.0, 0.0]",141774,174759,N6,dismiss,-0.3,ts,1409,0
"[0.7411764705882353, -0.7411764705882353, 0.18103756708407867, -0.23098591549295774, 0.35294117647058826, 0.0, 0.0, 0.0, 1.0, 0.7589742677962524, 1.0, 0.0, 0.0, 0.0, 0.0, 0.0, 0.0, 0.0]",88157,86743,N6,dismiss,-0.3,ts,891,1
"[0.8571428571428572, -0.8571428571428572, 0.0, 0.031446540880503145, 0.6901408450704226, 0.0, 0.0, 0.0, 1.0, 0.8430827251867334, 1.0, 0.0, 0.0, 0.0, 0.0, 0.0, 0.0, 0.0]",57280,57551,N6,dismiss,-0.3,ts,2498,1
"[0.04761904761904766, -0.04761904761904766, -0.39722724532851117, 0.15162454873646208, 0.4, 0.0, 0.0, 0.0, 1.0, 0.5363539792335147, 1.0, 0.0, 0.0, 0.0, 0.0, 0.0, 0.0, 0.0]",16646,63925,N6,accept,0.33333333333333337,ts,2753,0
"[0.16666666666666666, -0.16666666666666666, -0.6947004608294931, -0.3805970149253731, -0.28, 0.0, 0.0, 0.0, 1.0, 0.5168221910567508, 1.0, 0.0, 0.0, 0.0, 0.0, 0.0, 0.0, 0.0]",116359,41685,N6,dismiss,-0.3,ts,2453,1
"[0.5238095238095238, -0.5238095238095238, -0.18181818181818182, -0.6129032258064516, -0.07999999999999999, 0.0, 0.0, 0.0, 1.0, 0.7248720717245334, 1.0, 0.0, 0.0, 0.0, 0.0, 0.0, 0.0, 0.0]",126323,30621,N6,dismiss,-0.3,ts,1840,1
"[0.3333333333333334, -0.3333333333333334, -0.4786235662148071, 0.1523809523809524, 0.016666666666666607, 0.0, 0.0, 0.0, 1.0, 0.6979962178252845, 1.0, 0.0, 0.0, 0.0, 0.0, 0.0, 0.0, 0.0]",56248,81542,N6,accept,0.5333333333333334,ts,2708,1
"[0.16666666666666663, -0.16666666666666663, -0.14808510638297875, -0.0546448087431694, -0.020000000000000018, 0.0, 0.0, 0.0, 1.0, 0.7385508607535283, 1.0, 0.0, 0.0, 0.0, 0.0, 0.0, 0.0, 0.0]",83437,87100,N3,dismiss,-0.3,ts,2943,1
"[0.25, -0.25, -0.46332737030411447, -0.10824742268041238, 0.19047619047619047, 0.0, 0.0, 0.0, 1.0, 0.6420465769124615, 1.0, 0.0, 0.0, 0.0, 0.0, 0.0, 0.0, 0.0]",16906,117045,N6,accept,0.475,ts,1557,0
"[0.20000000000000007, -0.20000000000000007, -0.23388888888888892, 1.0, 1.0, 0.0, 0.0, 0.0, 1.0, 0.45422491495165007, 1.0, 0.0, 0.0, 0.0, 0.0, 0.0, 0.0, 0.0]",38174,141744,N6,dismiss,-0.3,ts,1325,1
"[0.4545454545454546, -0.4545454545454546, -0.4510851419031719, -0.025139664804469275, 1.0, 0.0, 0.0, 0.0, 1.0, 0.6256131721190654, 1.0, 0.0, 0.0, 0.0, 0.0, 0.0, 0.0, 0.0]",135483,108839,N6,dismiss,-0.3,ts,2417,1
"[0.25, -0.25, -0.09125735394718841, 0.0048543689320388345, 0.0, 0.0, 0.0, 0.0, 1.0, 0.8047745634796265, 1.0, 0.0, 0.0, 0.0, 0.0, 0.0, 0.0, 0.0]",15456,30338,N6,dismiss,-0.3,ts,1433,0
"[0.15, -0.15, -0.3033333333333334, -0.08064516129032258, -0.2, 0.0, 0.0, 0.0, 1.0, 0.6425573796525078, 1.0, 0.0, 0.0, 0.0, 0.0, 0.0, 0.0, 0.0]",41650,18005,N6,accept,0.40499999999999997,ts,836,1
"[0.14, -0.14, -0.12400000000000005, 0.05263157894736842, -0.1, 0.0, 0.0, 0.0, 1.0, 0.7156363704875062, 1.0, 0.0, 0.0, 0.0, 0.0, 0.0, 0.0, 0.0]",174942,69993,N6,dismiss,-0.3,ts,1127,0
"[0.72, -0.72, -0.5509950248756219, -0.06521739130434782, 1.0, 0.0, 0.0, 0.0, 1.0, 0.6464339038370306, 1.0, 0.0, 0.0, 0.0, 0.0, 0.0, 0.0, 0.0]",174790,123439,N6,accept,0.804,ts,623,1
"[0.3636363636363637, -0.3636363636363637, 0.0, 0.061046511627906974, 0.0, 0.0, 0.0, 0.0, 1.0, 0.8570363402900383, 1.0, 0.0, 0.0, 0.0, 0.0, 0.0, 0.0, 0.0]",123009,123174,N6,dismiss,-0.3,ts,2342,0
"[0.64, -0.64, -0.21645796064400719, -0.5691489361702128, 0.4, 0.0, 0.0, 0.0, 1.0, 0.681246145030448, 1.0, 0.0, 0.0, 0.0, 0.0, 0.0, 0.0, 0.0]",19596,19598,N6,dismiss,-0.3,ts,2223,0
"[0.2045454545454546, -0.2045454545454546, -0.24931506849315063, -0.019553072625698324, 1.0, 0.0, 0.0, 0.0, 1.0, 0.605028229497204, 1.0, 0.0, 0.0, 0.0, 0.0, 0.0, 0.0, 0.0]",93935,74278,N3,dismiss,-0.3,ts,679,1
"[0.18749999999999997, -0.18749999999999997, 0.1864406779661017, 0.7322834645669292, -0.1, 0.0, 0.0, 0.0, 1.0, 0.6137511118933905, 1.0, 0.0, 0.0, 0.0, 0.0, 0.0, 0.0, 0.0]",92706,114738,N3,dismiss,-0.3,ts,1281,1
"[0.33333333333333337, -0.33333333333333337, -0.5833333333333334, 0.0, 0.0, 0.0, 0.0, 0.0, 1.0, 0.727809934097922, 1.0, 0.0, 0.0, 0.0, 0.0, 0.0, 0.0, 0.0]",112487,38636,N6,dismiss,-0.3,ts,1814,0
"[0.25, -0.25, -0.25925925925925924, 0.0778816199376947, 0.13636363636363635, 0.0, 0.0, 0.0, 1.0, 0.7012290684696982, 1.0, 0.0, 0.0, 0.0, 0.0, 0.0, 0.0, 0.0]",142493,117045,N6,dismiss,-0.3,ts,661,0
"[0.8785714285714287, -0.8785714285714287, -0.5, -0.8833333333333333, -0.7454545454545454, 0.0, 0.0, 0.0, 1.0, 0.5995488348824481, 1.0, 0.0, 0.0, 0.0, 0.0, 0.0, 0.0, 0.0]",18218,18330,N6,dismiss,-0.3,ts,1362,1
"[0.26470588235294124, -0.26470588235294124, -0.408675799086758, 0.02, -0.019999999999999973, 0.0, 0.0, 0.0, 1.0, 0.7209141521999168, 1.0, 0.0, 0.0, 0.0, 0.0, 0.0, 0.0, 0.0]",77265,189203,N3,dismiss,-0.3,ts,2438,1
"[0.7058823529411765, -0.7058823529411765, 0.10950688582852064, 0.7647058823529411, 0.46153846153846156, 0.0, 0.0, 0.0, 1.0, 0.6990590921583305, 1.0, 0.0, 0.0, 0.0, 0.0, 0.0, 0.0, 0.0]",179677,115396,N3,dismiss,-0.3,ts,932,1
"[0.27906976744186046, -0.27906976744186046, 0.0, -0.15060240963855423, -0.10909090909090903, 0.0, 0.0, 0.0, 1.0, 0.7805243872048664, 1.0, 0.0, 0.0, 0.0, 0.0, 0.0, 0.0, 0.0]",40740,91957,N6,dismiss,-0.3,ts,2374,1
"[0.808, -0.808, 0.11421210820094461, 0.0, 0.0, 0.0, 0.0, 0.0, 1.0, 0.9184769257271346, 1.0, 0.0, 0.0, 0.0, 0.0, 0.0, 0.0, 0.0]",141777,16734,N6,dismiss,-0.3,ts,2640,1
"[0.6683673469387755, -0.6683673469387755, -0.05542857142857136, -0.5456989247311828, 0.1724137931034483, 0.0, 0.0, 0.0, 1.0, 0.7762925780580481, 1.0, 0.0, 0.0, 0.0, 0.0, 0.0, 0.0, 0.0]",169065,61360,N6,dismiss,-0.3,ts,1861,1
"[0.14, -0.14, 0.06068268015170685, 0.0, 0.0, 0.0, 0.0, 0.0, 1.0, 0.7788836843497392, 1.0, 0.0, 0.0, 0.0, 0.0, 0.0, 0.0, 0.0]",72622,79362,N3,dismiss,-0.3,ts,2439,1
"[0.12499999999999988, -0.12499999999999988, 0.10010010010010009, -0.40816326530612246, 0.16666666666666666, 0.0, 0.0, 0.0, 1.0, 0.6338342497514019, 1.0, 0.0, 0.0, 0.0, 0.0, 0.0, 0.0, 0.0]",155975,180522,N6,dismiss,-0.3,ts,2851,0
"[0.6875, -0.6875, 0.05571428571428579, 0.18461538461538463, -0.6592592592592593, 0.0, 0.0, 0.0, 1.0, 0.7663329371063949, 1.0, 0.0, 0.0, 0.0, 0.0, 0.0, 0.0, 0.0]",20014,140660,N3,dismiss,-0.3,ts,1041,1
"[0.25, -0.25, 0.2124062031015508, 0.001215066828675577, 0.0, 0.0, 0.0, 0.0, 1.0, 0.7700037600548302, 1.0, 0.0, 0.0, 0.0, 0.0, 0.0, 0.0, 0.0]",30337,15457,N6,dismiss,-0.3,ts,2443,0
"[0.6818181818181819, -0.6818181818181819, -0.050125313283208024, 0.18840579710144928, -0.51, 0.0, 0.0, 0.0, 1.0, 0.7806619322864332, 1.0, 0.0, 0.0, 0.0, 0.0, 0.0, 0.0, 0.0]",48998,49086,N6,dismiss,-0.3,ts,1402,0
"[0.26470588235294124, -0.26470588235294124, -0.1669449081803005, -0.02, 0.040000000000000036, 0.0, 0.0, 0.0, 1.0, 0.7701697969882795, 1.0, 0.0, 0.0, 0.0, 0.0, 0.0, 0.0, 0.0]",18053,130669,N3,dismiss,-0.3,ts,1481,1
"[0.1200000000000001, -0.1200000000000001, 0.1455847255369929, -0.07120743034055728, 0.14000000000000004, 0.0, 0.0, 0.0, 1.0, 0.687454790909646, 1.0, 0.0, 0.0, 0.0, 0.0, 0.0, 0.0, 0.0]",57279,59424,N6,accept,0.38400000000000006,ts,2182,1
"[0.02857142857142844, -0.02857142857142844, -0.23106546854942242, 0.28, 0.019999999999999973, 0.0, 0.0, 0.0, 1.0, 0.6164954766225315, 1.0, 0.0, 0.0, 0.0, 0.0, 0.0, 0.0, 0.0]",33303,18053,N6,accept,0.3199999999999999,ts,2361,0
"[0.164, -0.164, -0.6836, -0.1, 0.088, 0.0, 0.0, 0.0, 1.0, 0.6098549356396384, 1.0, 0.0, 0.0, 0.0, 0.0, 0.0, 0.0, 0.0]",85224,134716,N3,dismiss,-0.3,ts,1370,1
"[0.7787610619469026, -0.7787610619469026, 0.0027855153203343017, 0.008450704225352112, 0.3333333333333333, 0.0, 0.0, 0.0, 1.0, 0.8793064268333981, 1.0, 0.0, 0.0, 0.0, 0.0, 0.0, 0.0, 0.0]",143110,151849,N6,accept,0.8451327433628317,ts,1310,1
"[0.20000000000000007, -0.20000000000000007, 0.2165217391304348, 0.008571428571428572, 0.25, 0.0, 0.0, 0.0, 1.0, 0.6909646977322428, 1.0, 0.0, 0.0, 0.0, 0.0, 0.0, 0.0, 0.0]",108745,88669,N3,dismiss,-0.3,ts,2732,1
"[0.20000000000000007, -0.20000000000000007, -0.13533333333333328, -0.17647058823529413, 0.2, 0.0, 0.0, 0.0, 1.0, 0.6813430872729247, 1.0, 0.0, 0.0, 0.0, 0.0, 0.0, 0.0, 0.0]",89764,107458,N6,dismiss,-0.3,ts,1772,1
"[0.55, -0.55, -0.051636363636363695, 0.25, -0.44000000000000006, 0.0, 0.0, 0.0, 1.0, 0.753018755400742, 1.0, 0.0, 0.0, 0.0, 0.0, 0.0, 0.0, 0.0]",19607,128279,N6,dismiss,-0.3,ts,1890,1
"[0.20000000000000007, -0.20000000000000007, -0.006303915063039193, 0.019943019943019943, -0.5, 0.0, 0.0, 0.0, 1.0, 0.7196391729676981, 1.0, 0.0, 0.0, 0.0, 0.0, 0.0, 0.0, 0.0]",74279,135482,N6,dismiss,-0.3,ts,2860,0
"[0.20000000000000007, -0.20000000000000007, 0.043478260869565216, -0.005714285714285714, 0.0, 0.0, 0.0, 0.0, 1.0, 0.8044670165106714, 1.0, 0.0, 0.0, 0.0, 0.0, 0.0, 0.0, 0.0]",108745,32065,N6,dismiss,-0.3,ts,470,1
"[0.28571428571428575, -0.28571428571428575, 0.0, 0.11363636363636363, 0.0, 0.0, 0.0, 0.0, 1.0, 0.820537205423484, 1.0, 0.0, 0.0, 0.0, 0.0, 0.0, 0.0, 0.0]",170134,127333,N6,dismiss,-0.3,ts,1004,0
"[0.9215686274509803, -0.9215686274509803, 0.10217028380634387, -0.30710659898477155, 0.7692307692307693, 0.0, 0.0, 0.0, 1.0, 0.7467728463475091, 1.0, 0.0, 0.0, 0.0, 0.0, 0.0, 0.0, 0.0]",92082,120787,N3,dismiss,-0.3,ts,2134,1
"[0.75, -0.75, -0.2602602602602602, 0.0165016501650165, -0.632, 0.0, 0.0, 0.0, 1.0, 0.7586760576708721, 1.0, 0.0, 0.0, 0.0, 0.0, 0.0, 0.0, 0.0]",158417,140660,N3,dismiss,-0.3,ts,2143,1
"[0.5555555555555556, -0.35, -0.41692307692307695, 0.0, 0.0, 0.0, 0.0, 0.0, 1.0, 0.7572625285445833, 1.0, 0.0, 0.0, 0.0, 0.0, 0.0, 0.0, 0.0]",63920,48992,N3,accept,0.6888888888888889,ts,2034,1
"[0.2941176470588236, -0.2941176470588236, 0.0, 1.0, 0.22000000000000003, 0.0, 0.0, 0.0, 1.0, 0.6533578724024277, 1.0, 0.0, 0.0, 0.0, 0.0, 0.0, 0.0, 0.0]",51572,50956,N3,dismiss,-0.3,ts,1833,1
"[0.8530612244897959, -0.8530612244897959, -0.4171011470281544, -0.6171428571428571, -0.5647058823529412, 0.0, 0.0, 0.0, 1.0, 0.6430780631512216, 1.0, 0.0, 0.0, 0.0, 0.0, 0.0, 0.0, 0.0]",78003,54927,N6,dismiss,-0.3,ts,1739,1
"[0.5599999999999999, -0.5599999999999999, 0.0013342228152101116, 0.014035087719298246, 0.03571428571428559, 0.0, 0.0, 0.0, 1.0, 0.9064267245263649, 1.0, 0.0, 0.0, 0.0, 0.0, 0.0, 0.0, 0.0]",104485,114138,N6,dismiss,-0.3,ts,2210,0
"[0.5535714285714286, -0.5535714285714286, 0.15414258188824664, 0.0, 0.0, 0.0, 0.0, 0.0, 1.0, 0.8671080873886962, 1.0, 0.0, 0.0, 0.0, 0.0, 0.0, 0.0, 0.0]",16734,16729,N3,accept,0.6875,ts,1779,0
"[0.3636363636363637, -0.3636363636363637, 0.0, 0.016713091922005572, 0.15384615384615385, 0.0, 0.0, 0.0, 1.0, 0.8296166021577667, 1.0, 0.0, 0.0, 0.0, 0.0, 0.0, 0.0, 0.0]",123551,123174,N6,dismiss,-0.3,ts,550,1
"[0.6724598930481284, -0.6724598930481284, 0.0, -0.5586206896551724, -0.26, 0.0, 0.0, 0.0, 1.0, 0.7795601453171943, 1.0, 0.0, 0.0, 0.0, 0.0, 0.0, 0.0, 0.0]",151787,125786,N3,dismiss,-0.3,ts,737,1
"[0.8530612244897959, -0.8530612244897959, -0.3026455026455026, 0.10526315789473684, 0.631578947368421, 0.0, 0.0, 0.0, 1.0, 0.7372147538127957, 1.0, 0.0, 0.0, 0.0, 0.0, 0.0, 0.0, 0.0]",180524,170138,N6,dismiss,-0.3,ts,2109,1
"[0.1666666666666667, -0.1666666666666667, 0.2, 0.0, 0.0, 0.0, 0.0, 0.0, 1.0, 0.7452936748080553, 1.0, 0.0, 0.0, 0.0, 0.0, 0.0, 0.0, 0.0]",18364,61090,N3,dismiss,-0.3,ts,829,0
"[0.25, -0.25, 0.0, 0.0, -0.10714285714285714, 0.0, 0.0, 0.0, 1.0, 0.8106570116385049, 1.0, 0.0, 0.0, 0.0, 0.0, 0.0, 0.0, 0.0]",43098,117045,N3,dismiss,-0.3,ts,2448,0
"[0.2142857142857143, -0.2142857142857143, 0.0, -0.035856573705179286, 0.12244897959183665, 0.0, 0.0, 0.0, 1.0, 0.7847368582990952, 1.0, 0.0, 0.0, 0.0, 0.0, 0.0, 0.0, 0.0]",138640,138639,N6,dismiss,-0.3,ts,888,1
"[0.25, -0.25, -0.46332737030411447, -0.10824742268041238, 0.19047619047619047, 0.0, 0.0, 0.0, 1.0, 0.6420465769124615, 1.0, 0.0, 0.0, 0.0, 0.0, 0.0, 0.0, 0.0]",16906,117045,N3,dismiss,-0.3,ts,2917,0
"[0.018181818181818195, -0.018181818181818195, 0.060698027314112286, 0.0, 0.0, 0.0, 0.0, 0.0, 1.0, 0.7339531141075869, 1.0, 0.0, 0.0, 0.0, 0.0, 0.0, 0.0, 0.0]",49870,147468,N6,dismiss,-0.3,ts,694,1
"[0.648, -0.648, 0.12880765883376852, 0.20863309352517986, 1.0, 0.0, 0.0, 0.0, 1.0, 0.693548136379965, 1.0, 0.0, 0.0, 0.0, 0.0, 0.0, 0.0, 0.0]",185577,107458,N6,dismiss,-0.3,ts,1387,1
"[0.25, -0.25, 0.09090909090909091, -0.32456140350877194, -0.10500000000000007, 0.0, 0.0, 0.0, 1.0, 0.706303156982304, 1.0, 0.0, 0.0, 0.0, 0.0, 0.0, 0.0, 0.0]",123778,165914,N3,dismiss,-0.3,ts,1407,0
"[0.3636363636363637, -0.3636363636363637, 0.0, 0.016713091922005572, 0.15384615384615385, 0.0, 0.0, 0.0, 1.0, 0.8296166021577667, 1.0, 0.0, 0.0, 0.0, 0.0, 0.0, 0.0, 0.0]",123140,123174,N6,dismiss,-0.3,ts,2774,1
"[0.6000000000000001, -0.6000000000000001, 0.1111111111111111, 0.0, 0.0, 0.0, 0.0, 0.0, 1.0, 0.8892219481331178, 1.0, 0.0, 0.0, 0.0, 0.0, 0.0, 0.0, 0.0]",38176,112477,N3,accept,0.72,ts,1356,0
"[0.6, -0.6, -0.17555110220440878, 0.3348623853211009, 1.0, 0.0, 0.0, 0.0, 1.0, 0.6607458692324787, 1.0, 0.0, 0.0, 0.0, 0.0, 0.0, 0.0, 0.0]",185374,29663,N3,dismiss,-0.3,ts,1688,1
"[0.2, -0.2, -0.3158168574401664, 0.6727272727272727, -0.08000000000000007, 0.0, 0.0, 0.0, 1.0, 0.5960573992464695, 1.0, 0.0, 0.0, 0.0, 0.0, 0.0, 0.0, 0.0]",191662,85163,N6,accept,0.43999999999999995,ts,1273,1
"[0.0666666666666666, -0.0666666666666666, 0.0, -0.2328767123287671, 0.1111111111111111, 0.0, 0.0, 0.0, 1.0, 0.689176913736021, 1.0, 0.0, 0.0, 0.0, 0.0, 0.0, 0.0, 0.0]",127690,139086,N3,dismiss,-0.3,ts,1590,1
"[0.3636363636363637, -0.3636363636363637, -0.6683250414593698, 0.008287292817679558, 0.36363636363636365, 0.0, 0.0, 0.0, 1.0, 0.6468393602264481, 1.0, 0.0, 0.0, 0.0, 0.0, 0.0, 0.0, 0.0]",174793,123174,N6,dismiss,-0.3,ts,448,1
"[0.24999999999999992, -0.24999999999999992, -0.18808777429467086, -0.007194244604316547, -0.02439024390243908, 0.0, 0.0, 0.0, 1.0, 0.7676014166610969, 1.0, 0.0, 0.0, 0.0, 0.0, 0.0, 0.0, 0.0]",113424,125887,N3,dismiss,-0.3,ts,2593,0
"[0.24999999999999992, -0.24999999999999992, -0.20480000000000004, 0.0, -0.01639344262295076, 0.0, 0.0, 0.0, 1.0, 0.7675342190004789, 1.0, 0.0, 0.0, 0.0, 0.0, 0.0, 0.0, 0.0]",81542,81543,N3,dismiss,-0.3,ts,1264,1
"[0.41333333333333333, -0.41333333333333333, 0.0, 0.0, 0.0, 0.0, 0.0, 0.0, 1.0, 0.8877820071345368, 1.0, 0.0, 0.0, 0.0, 0.0, 0.0, 0.0, 0.0]",48996,48998,N3,dismiss,-0.3,ts,1555,1
"[0.4545454545454546, -0.4545454545454546, -0.24933569530558014, -0.0028735632183908046, 0.8333333333333334, 0.0, 0.0, 0.0, 1.0, 0.6971141847006259, 1.0, 0.0, 0.0, 0.0, 0.0, 0.0, 0.0, 0.0]",31973,108828,N6,dismiss,-0.3,ts,647,1
"[0.01111111111111112, -0.01111111111111112, -0.3, -0.3541666666666667, -0.13999999999999999, 0.0, 0.0, 0.0, 1.0, 0.5511658124955352, 1.0, 0.0, 0.0, 0.0, 0.0, 0.0, 0.0, 0.0]",155816,79360,N6,dismiss,-0.3,ts,2327,1
"[0.16666666666666663, -0.16666666666666663, -0.1497064579256361, -0.04, -0.039999999999999994, 0.0, 0.0, 0.0, 1.0, 0.7364152237187678, 1.0, 0.0, 0.0, 0.0, 0.0, 0.0, 0.0, 0.0]",122734,81996,N3,accept,0.41666666666666663,ts,2477,0
"[0.8835294117647059, -0.8835294117647059, -0.28114285714285714, -0.1038961038961039, -0.14285714285714285, 0.0, 0.0, 0.0, 1.0, 0.8155825728784956, 1.0, 0.0, 0.0, 0.0, 0.0, 0.0, 0.0, 0.0]",55744,108025,N6,dismiss,-0.3,ts,1927,1
"[0.25, -0.25, -0.24812030075187969, 0.0581039755351682, 0.32978723404255317, 0.0, 0.0, 0.0, 1.0, 0.6724565857057285, 1.0, 0.0, 0.0, 0.0, 0.0, 0.0, 0.0, 0.0]",82380,117045,N6,dismiss,-0.3,ts,1448,1
"[0.3576470588235294, -0.3576470588235294, -0.375, -0.2982456140350877, -0.07999999999999999, 0.0, 0.0, 0.0, 1.0, 0.6774839017651755, 1.0, 0.0, 0.0, 0.0, 0.0, 0.0, 0.0, 0.0]",87407,81568,N3,accept,0.5503529411764705,ts,1579,1
"[0.25, -0.25, 0.0, -0.005747126436781609, -0.16666666666666666, 0.0, 0.0, 0.0, 1.0, 0.7953547792253595, 1.0, 0.0, 0.0, 0.0, 0.0, 0.0, 0.0, 0.0]",117105,117045,N3,dismiss,-0.3,ts,1995,0
"[0.7, -0.7, -0.24200000000000002, -0.18333333333333332, 1.0, 0.0, 0.0, 0.0, 1.0, 0.6895957508951762, 1.0, 0.0, 0.0, 0.0, 0.0, 0.0, 0.0, 0.0]",69946,42569,N3,dismiss,-0.3,ts,488,1
"[0.25, -0.25, 0.0, -0.008595988538681949, 0.13636363636363635, 0.0, 0.0, 0.0, 1.0, 0.8012276518471559, 1.0, 0.0, 0.0, 0.0, 0.0, 0.0, 0.0, 0.0]",43088,117045,N3,dismiss,-0.3,ts,1810,0
"[0.06666666666666672, -0.06666666666666672, -0.3238461538461539, -0.15, -0.13999999999999996, 0.0, 0.0, 0.0, 1.0, 0.6040576707602408, 1.0, 0.0, 0.0, 0.0, 0.0, 0.0, 0.0, 0.0]",57043,141655,N3,dismiss,-0.3,ts,1828,0
"[0.648, -0.648, -0.5635935397039031, -0.11811023622047244, 1.0, 0.0, 0.0, 0.0, 1.0, 0.6409253821038167, 1.0, 0.0, 0.0, 0.0, 0.0, 0.0, 0.0, 0.0]",106764,107554,N6,dismiss,-0.3,ts,2103,1
"[0.14, -0.14, -0.5615615615615616, 0.0, 0.0, 0.0, 0.0, 0.0, 1.0, 0.6667940993816643, 1.0, 0.0, 0.0, 0.0, 0.0, 0.0, 0.0, 0.0]",93922,69993,N3,dismiss,-0.3,ts,1505,1
"[0.25, -0.25, -0.4078125, -0.3768844221105528, -0.15151515151515152, 0.0, 0.0, 0.0, 1.0, 0.6094368537742504, 1.0, 0.0, 0.0, 0.0, 0.0, 0.0, 0.0, 0.0]",69111,89593,N3,dismiss,-0.3,ts,617,1
"[0.1500000000000001, -0.1500000000000001, 0.2222222222222222, -0.4375, -0.1, 0.0, 0.0, 0.0, 1.0, 0.6188946105740755, 1.0, 0.0, 0.0, 0.0, 0.0, 0.0, 0.0, 0.0]",30711,189308,N1,dismiss,-0.3,ts,1509,1
"[0.5636363636363637, -0.5636363636363637, -0.20886075949367092, -0.025139664804469275, 0.42857142857142855, 0.0, 0.0, 0.0, 1.0, 0.7601814475610164, 1.0, 0.0, 0.0, 0.0, 0.0, 0.0, 0.0, 0.0]",111011,107563,N6,dismiss,-0.3,ts,2329,1
"[0.09090909090909098, -0.09090909090909098, 0.125, 0.056179775280898875, 1.0, 0.0, 0.0, 0.0, 1.0, 0.584122265242055, 1.0, 0.0, 0.0, 0.0, 0.0, 0.0, 0.0, 0.0]",109094,151841,N3,dismiss,-0.3,ts,533,0
"[0.5285714285714286, -0.5285714285714286, 0.0, -0.5157894736842106, -0.3, 0.0, 0.0, 0.0, 1.0, 0.7507944411615542, 1.0, 0.0, 0.0, 0.0, 0.0, 0.0, 0.0, 0.0]",122720,141703,N3,dismiss,-0.3,ts,1300,1
"[0.9075630252100839, -0.9075630252100839, -0.11641443538998836, -0.46619217081850534, 0.5714285714285714, 0.0, 0.0, 0.0, 1.0, 0.7345120612475466, 1.0, 0.0, 0.0, 0.0, 0.0, 0.0, 0.0, 0.0]",84577,85794,N6,accept,0.9352941176470586,ts,1324,1
"[0.9137254901960783, -0.9137254901960783, 0.05563282336578581, -0.43820224719101125, 0.4666666666666667, 0.0, 0.0, 0.0, 1.0, 0.7700744049956784, 1.0, 0.0, 0.0, 0.0, 0.0, 0.0, 0.0, 0.0]",128242,85795,N3,dismiss,-0.3,ts,1681,1
"[0.30000000000000004, -0.30000000000000004, 0.07455197132616495, 0.09195402298850575, 0.0, 0.0, 0.0, 0.0, 1.0, 0.80257251054552, 1.0, 0.0, 0.0, 0.0, 0.0, 0.0, 0.0, 0.0]",81449,104485,N3,dismiss,-0.3,ts,1720,0
"[0.5, -0.5, -0.4172461752433937, 0.015479876160990712, 1.0, 0.0, 0.0, 0.0, 1.0, 0.646677624271836, 1.0, 0.0, 0.0, 0.0, 0.0, 0.0, 0.0, 0.0]",87863,57551,N1,dismiss,-0.3,ts,729,1
"[0.10714285714285708, -0.10714285714285708, -0.5347767253044655, -0.4603960396039604, -0.32, 0.0, 0.0, 0.0, 1.0, 0.49729291731541936, 1.0, 0.0, 0.0, 0.0, 0.0, 0.0, 0.0, 0.0]",81395,81396,N1,dismiss,-0.3,ts,854,1
"[0.11999999999999993, -0.11999999999999993, 0.1, -0.00847457627118644, 0.07692307692307693, 0.0, 0.0, 0.0, 1.0, 0.7343560069584029, 1.0, 0.0, 0.0, 0.0, 0.0, 0.0, 0.0, 0.0]",108827,70000,N3,accept,0.38399999999999995,ts,1076,1
"[0.12499999999999988, -0.12499999999999988, -0.06666666666666667, 0.4132231404958678, 0.0, 0.0, 0.0, 0.0, 1.0, 0.6870082097314609, 1.0, 0.0, 0.0, 0.0, 0.0, 0.0, 0.0, 0.0]",63222,114737,N3,dismiss,-0.3,ts,649,0
"[0.0918918918918919, -0.0918918918918919, 0.07421150278293136, -0.14040114613180515, -0.26666666666666666, 0.0, 0.0, 0.0, 1.0, 0.657929722960158, 1.0, 0.0, 0.0, 0.0, 0.0, 0.0, 0.0, 0.0]",63922,16725,N3,accept,0.3643243243243243,ts,459,1
"[0.17647058823529416, -0.17647058823529416, -0.3181818181818182, -0.2807017543859649, -0.05999999999999996, 0.0, 0.0, 0.0, 1.0, 0.6391148756835365, 1.0, 0.0, 0.0, 0.0, 0.0, 0.0, 0.0, 0.0]",87407,85440,N3,dismiss,-0.3,ts,557,1
"[0.33090909090909093, -0.33090909090909093, 0.0, 0.0, 0.0, 0.0, 0.0, 0.0, 1.0, 0.8648131365453284, 1.0, 0.0, 0.0, 0.0, 0.0, 0.0, 0.0, 0.0]",147380,63876,N3,dismiss,-0.3,ts,2031,1
"[0.2, -0.2, -0.1303083187899943, -0.20642201834862386, 0.17647058823529413, 0.0, 0.0, 0.0, 1.0, 0.6816010089954423, 1.0, 0.0, 0.0, 0.0, 0.0, 0.0, 0.0, 0.0]",81396,158410,N3,accept,0.43999999999999995,ts,1922,1
"[0.9442857142857142, -0.9442857142857142, -0.1, -0.8571428571428571, -0.9099999999999999, 0.0, 0.0, 0.0, 1.0, 0.6872767360360263, 1.0, 0.0, 0.0, 0.0, 0.0, 0.0, 0.0, 0.0]",153856,79461,N3,dismiss,-0.3,ts,499,1
"[0.842857142857143, -0.842857142857143, -0.40372670807453415, 0.04529616724738676, -0.18181818181818182, 0.0, 0.0, 0.0, 1.0, 0.7935388979790138, 1.0, 0.0, 0.0, 0.0, 0.0, 0.0, 0.0, 0.0]",91072,59424,N6,accept,0.8900000000000001,ts,1733,1
"[0.20000000000000007, -0.20000000000000007, -0.5004694835680751, -0.028409090909090908, -0.08333333333333333, 0.0, 0.0, 0.0, 1.0, 0.6650221215675229, 1.0, 0.0, 0.0, 0.0, 0.0, 0.0, 0.0, 0.0]",74281,107170,N3,accept,0.44000000000000006,ts,1689,1
"[0.8, -0.8, 0.0, 1.0, 1.0, 0.0, 0.0, 0.0, 1.0, 0.6626816974221303, 1.0, 0.0, 0.0, 0.0, 0.0, 0.0, 0.0, 0.0]",51128,51605,N3,dismiss,-0.3,ts,879,0
"[0.5636363636363637, -0.5636363636363637, 0.23253903040262944, 0.011594202898550725, 0.6666666666666666, 0.0, 0.0, 0.0, 1.0, 0.7338903808542905, 1.0, 0.0, 0.0, 0.0, 0.0, 0.0, 0.0, 0.0]",123006,107563,N3,accept,0.6945454545454546,ts,2192,1
"[0.25, -0.25, -0.0647921760391198, 0.023255813953488372, -0.8333333333333334, 0.0, 0.0, 0.0, 1.0, 0.6867958062349844, 1.0, 0.0, 0.0, 0.0, 0.0, 0.0, 0.0, 0.0]",84869,135617,N3,dismiss,-0.3,ts,1815,1
"[0.25, -0.25, -0.2576441102756892, -0.04776119402985075, -0.038461538461538464, 0.0, 0.0, 0.0, 1.0, 0.7342838948249876, 1.0, 0.0, 0.0, 0.0, 0.0, 0.0, 0.0, 0.0]",140787,128276,N6,accept,0.475,ts,2916,1
"[0.8714285714285714, -0.8714285714285714, -0.2309859154929577, -0.9770114942528736, -0.9038461538461539, 0.0, 0.0, 0.0, 1.0, 0.6377559530745973, 1.0, 0.0, 0.0, 0.0, 0.0, 0.0, 0.0, 0.0]",91073,16650,N3,dismiss,-0.3,ts,2150,1
"[0.25, -0.25, 0.0, 0.07453416149068323, 0.13636363636363635, 0.0, 0.0, 0.0, 1.0, 0.7830109453831142, 1.0, 0.0, 0.0, 0.0, 0.0, 0.0, 0.0, 0.0]",43089,117045,N3,dismiss,-0.3,ts,1631,0
"[0.4861111111111111, -0.4861111111111111, 0.07799999999999997, 0.16333333333333333, 0.36363636363636365, 0.0, 0.0, 0.0, 1.0, 0.7574330369533832, 1.0, 0.0, 0.0, 0.0, 0.0, 0.0, 0.0, 0.0]",40487,63922,N3,dismiss,-0.3,ts,2128,1
"[0.5636363636363637, -0.5636363636363637, -0.2527272727272727, -0.005698005698005698, 0.42857142857142855, 0.0, 0.0, 0.0, 1.0, 0.7547743302203972, 1.0, 0.0, 0.0, 0.0, 0.0, 0.0, 0.0, 0.0]",151838,108839,N3,dismiss,-0.3,ts,2745,1
"[0.305327868852459, -0.305327868852459, 0.16486261448792677, 0.014285714285714285, 0.0, 0.0, 0.0, 0.0, 1.0, 0.796710707014152, 1.0, 0.0, 0.0, 0.0, 0.0, 0.0, 0.0, 0.0]",64290,146721,N3,dismiss,-0.3,ts,1511,0
"[0.4444444444444444, -0.27999999999999997, -0.17076923076923078, 0.0, 0.0, 0.0, 0.0, 0.0, 1.0, 0.7913678346806224, 1.0, 0.0, 0.0, 0.0, 0.0, 0.0, 0.0, 0.0]",63920,63919,N3,dismiss,-0.3,ts,2165,0
"[0.14285714285714282, -0.14285714285714282, -0.7376123234916561, 0.1, -0.020000000000000018, 0.0, 0.0, 0.0, 1.0, 0.615439740118182, 1.0, 0.0, 0.0, 0.0, 0.0, 0.0, 0.0, 0.0]",33303,122734,N3,dismiss,-0.3,ts,1565,1
"[0.3411764705882352, -0.3411764705882352, -0.18181818181818182, 0.46, -0.05999999999999996, 0.0, 0.0, 0.0, 1.0, 0.6996744652049984, 1.0, 0.0, 0.0, 0.0, 0.0, 0.0, 0.0, 0.0]",87406,30711,N3,dismiss,-0.3,ts,1478,1
"[0.16326530612244894, -0.16326530612244894, 0.0, -0.02601156069364162, -0.4117647058823529, 0.0, 0.0, 0.0, 1.0, 0.7182572044369081, 1.0, 0.0, 0.0, 0.0, 0.0, 0.0, 0.0, 0.0]",63901,63915,N3,accept,0.41428571428571426,ts,2482,0
"[0.15000000000000013, -0.15000000000000013, 0.18616352201257855, 0.0, -0.30000000000000004, 0.0, 0.0, 0.0, 1.0, 0.67546712842869, 1.0, 0.0, 0.0, 0.0, 0.0, 0.0, 0.0, 0.0]",89446,56971,N3,dismiss,-0.3,ts,2855,0
"[0.5636363636363637, -0.5636363636363637, -0.058333333333333376, -0.0169971671388102, 0.5714285714285714, 0.0, 0.0, 0.0, 1.0, 0.7929707233257425, 1.0, 0.0, 0.0, 0.0, 0.0, 0.0, 0.0, 0.0]",87721,108828,N3,dismiss,-0.3,ts,2709,1
"[0.3939393939393939, -0.3939393939393939, -0.24582967515364354, -0.0948509485094851, -0.75, 0.0, 0.0, 0.0, 1.0, 0.6625097926397022, 1.0, 0.0, 0.0, 0.0, 0.0, 0.0, 0.0, 0.0]",141852,64439,N1,dismiss,-0.3,ts,2037,1
"[0.296, -0.296, -0.11333333333333329, -0.031161473087818695, -0.21428571428571427, 0.0, 0.0, 0.0, 1.0, 0.7523286978324911, 1.0, 0.0, 0.0, 0.0, 0.0, 0.0, 0.0, 0.0]",107307,107170,N1,accept,0.5072,ts,1841,1
"[0.25000000000000006, -0.25000000000000006, -0.09111617312072894, 0.1, -0.059999999999999984, 0.0, 0.0, 0.0, 1.0, 0.7621185638122803, 1.0, 0.0, 0.0, 0.0, 0.0, 0.0, 0.0, 0.0]",30785,110598,N3,accept,0.475,ts,1563,0
"[0.15, -0.15, -0.1982300884955752, -0.03651685393258427, -0.3909090909090909, 0.0, 0.0, 0.0, 1.0, 0.6479304497866336, 1.0, 0.0, 0.0, 0.0, 0.0, 0.0, 0.0, 0.0]",87724,185707,N3,dismiss,-0.3,ts,1879,1
"[0.30000000000000004, -0.30000000000000004, 0.03454231433506045, 0.08529411764705883, 0.25454545454545463, 0.0, 0.0, 0.0, 1.0, 0.7587558539384491, 1.0, 0.0, 0.0, 0.0, 0.0, 0.0, 0.0, 0.0]",16912,76847,N1,accept,0.51,ts,1238,1
"[0.19999999999999993, -0.19999999999999993, 0.125, 0.0, 0.0, 0.0, 0.0, 0.0, 1.0, 0.7785883097271787, 1.0, 0.0, 0.0, 0.0, 0.0, 0.0, 0.0, 0.0]",75387,18219,N3,dismiss,-0.3,ts,1332,0
"[0.24999999999999997, -0.24999999999999997, -0.4147058823529412, 0.0, 0.0, 0.0, 0.0, 0.0, 1.0, 0.726850521859211, 1.0, 0.0, 0.0, 0.0, 0.0, 0.0, 0.0, 0.0]",51609,174748,N3,dismiss,-0.3,ts,716,0
"[0.604, -0.604, -0.49629629629629635, -0.4588235294117647, -0.3684210526315789, 0.0, 0.0, 0.0, 1.0, 0.6356367491076025, 1.0, 0.0, 0.0, 0.0, 0.0, 0.0, 0.0, 0.0]",115396,108025,N3,dismiss,-0.3,ts,1360,0
"[0.19999999999999993, -0.19999999999999993, 0.11764705882352941, 0.0, 0.0, 0.0, 0.0, 0.0, 1.0, 0.7808958257091974, 1.0, 0.0, 0.0, 0.0, 0.0, 0.0, 0.0, 0.0]",104417,38124,N1,dismiss,-0.3,ts,404,1
"[0.1200000000000001, -0.1200000000000001, 0.1455847255369929, -0.054878048780487805, -0.8250000000000001, 0.0, 0.0, 0.0, 1.0, 0.6072134063167107, 1.0, 0.0, 0.0, 0.0, 0.0, 0.0, 0.0, 0.0]",57551,59423,N1,dismiss,-0.3,ts,1801,1
"[0.2857142857142857, -0.2857142857142857, 0.2, 0.0, 0.0, 0.0, 0.0, 0.0, 1.0, 0.7850956941465927, 1.0, 0.0, 0.0, 0.0, 0.0, 0.0, 0.0, 0.0]",29449,61090,N3,dismiss,-0.3,ts,2117,1
"[0.15999999999999998, -0.15999999999999998, 0.03777501037775011, 0.7087378640776699, 0.2105263157894737, 0.0, 0.0, 0.0, 1.0, 0.629122681326625, 1.0, 0.0, 0.0, 0.0, 0.0, 0.0, 0.0, 0.0]",59415,15171,N3,dismiss,-0.3,ts,2275,0
"[0.38333333333333325, -0.38333333333333325, 0.07799999999999997, 0.09, 0.2727272727272727, 0.0, 0.0, 0.0, 1.0, 0.7630945700781714, 1.0, 0.0, 0.0, 0.0, 0.0, 0.0, 0.0, 0.0]",40487,63923,N3,dismiss,-0.3,ts,2295,1
"[0.5636363636363637, -0.5636363636363637, -0.15250000000000002, -0.030726256983240222, 1.0, 0.0, 0.0, 0.0, 1.0, 0.7106941839057229, 1.0, 0.0, 0.0, 0.0, 0.0, 0.0, 0.0, 0.0]",106065,108828,N3,dismiss,-0.3,ts,1613,1
"[0.28476821192052976, -0.28476821192052976, 0.0, -0.021806853582554516, -0.4166666666666667, 0.0, 0.0, 0.0, 1.0, 0.7595229641394782, 1.0, 0.0, 0.0, 0.0, 0.0, 0.0, 0.0, 0.0]",103704,145523,N6,dismiss,-0.3,ts,2563,1
"[0.4, -0.4, -0.29684601113172543, 0.0, 0.0, 0.0, 0.0, 0.0, 1.0, 0.7947192856371645, 1.0, 0.0, 0.0, 0.0, 0.0, 0.0, 0.0, 0.0]",63943,49005,N1,accept,0.58,ts,1229,1
"[0.5454545454545455, -0.5454545454545455, -0.01848519548503194, 0.0, 0.0, 0.0, 0.0, 0.0, 1.0, 0.9112606985062438, 1.0, 0.0, 0.0, 0.0, 0.0, 0.0, 0.0, 0.0]",54334,189219,N3,accept,0.6818181818181819,ts,630,0
"[0.07692307692307684, -0.07692307692307684, 0.0, -0.2222222222222222, 0.0, 0.0, 0.0, 0.0, 1.0, 0.7248958747201469, 1.0, 0.0, 0.0, 0.0, 0.0, 0.0, 0.0, 0.0]",115242,115240,N6,dismiss,-0.3,ts,898,1
"[0.11999999999999993, -0.11999999999999993, 0.0, 0.0, 0.0, 0.0, 0.0, 0.0, 1.0, 0.7945202170293325, 1.0, 0.0, 0.0, 0.0, 0.0, 0.0, 0.0, 0.0]",107307,87720,N3,dismiss,-0.3,ts,2590,1
"[0.4444444444444445, -0.4444444444444445, 0.21404682274247488, -0.6984126984126984, -0.58, 0.0, 0.0, 0.0, 1.0, 0.610175897468082, 1.0, 0.0, 0.0, 0.0, 0.0, 0.0, 0.0, 0.0]",19676,132873,N3,dismiss,-0.3,ts,2061,0
"[0.13846153846153844, -0.13846153846153844, 0.1430274135876043, 0.0, 0.14285714285714285, 0.0, 0.0, 0.0, 1.0, 0.7141550309978263, 1.0, 0.0, 0.0, 0.0, 0.0, 0.0, 0.0, 0.0]",78130,55915,N3,accept,0.3969230769230769,ts,1735,1
"[0.3382352941176471, -0.3382352941176471, -0.3671817512877116, 0.026239067055393587, 0.1641791044776119, 0.0, 0.0, 0.0, 1.0, 0.7132792099227282, 1.0, 0.0, 0.0, 0.0, 0.0, 0.0, 0.0, 0.0]",185707,105899,N6,dismiss,-0.3,ts,1086,1
"[0.5588235294117647, -0.5588235294117647, 0.1111111111111111, 0.0, 0.0, 0.0, 0.0, 0.0, 1.0, 0.8813657870885948, 1.0, 0.0, 0.0, 0.0, 0.0, 0.0, 0.0, 0.0]",167076,18598,N3,dismiss,-0.3,ts,1930,0
"[0.4583333333333333, -0.4583333333333333, -0.4837364470391994, 0.09, 0.09090909090909091, 0.0, 0.0, 0.0, 1.0, 0.725455304808041, 1.0, 0.0, 0.0, 0.0, 0.0, 0.0, 0.0, 0.0]",63869,63891,N6,dismiss,-0.3,ts,2321,1
"[0.9228571428571429, -0.9228571428571429, -0.2761430511543685, 0.09917355371900827, -0.4583333333333333, 0.0, 0.0, 0.0, 1.0, 0.7685935228198763, 1.0, 0.0, 0.0, 0.0, 0.0, 0.0, 0.0, 0.0]",110166,128247,N6,accept,0.946,ts,958,0
"[0.18750000000000003, -0.18750000000000003, -0.29411764705882354, 1.0, 0.44000000000000006, 0.0, 0.0, 0.0, 1.0, 0.4958926669599128, 1.0, 0.0, 0.0, 0.0, 0.0, 0.0, 0.0, 0.0]",18334,51654,N1,dismiss,-0.3,ts,948,1
"[0.3142857142857143, -0.3142857142857143, -0.45454545454545453, -0.005698005698005698, 0.42857142857142855, 0.0, 0.0, 0.0, 1.0, 0.6523725054895647, 1.0, 0.0, 0.0, 0.0, 0.0, 0.0, 0.0, 0.0]",74278,108839,N1,dismiss,-0.3,ts,2391,1
"[0.24999999999999992, -0.24999999999999992, -0.48413125336202256, 1.0, -0.2608695652173913, 0.0, 0.0, 0.0, 1.0, 0.5241024203212179, 1.0, 0.0, 0.0, 0.0, 0.0, 0.0, 0.0, 0.0]",84737,55882,N3,accept,0.4749999999999999,ts,1740,1
"[0.06784660766961652, -0.06784660766961652, -0.3584703359542531, 0.008450704225352112, 0.05555555555555555, 0.0, 0.0, 0.0, 1.0, 0.6547157279480784, 1.0, 0.0, 0.0, 0.0, 0.0, 0.0, 0.0, 0.0]",146721,43387,N6,dismiss,-0.3,ts,1105,1
"[0.25, -0.25, -0.24050632911392406, 0.0, -0.005555555555555635, 0.0, 0.0, 0.0, 1.0, 0.7615633265577997, 1.0, 0.0, 0.0, 0.0, 0.0, 0.0, 0.0, 0.0]",183583,165914,N3,accept,0.475,ts,1539,1
"[0.1666666666666667, -0.1666666666666667, -0.13333333333333333, -0.3, -0.16, 0.0, 0.0, 0.0, 1.0, 0.6556594342490147, 1.0, 0.0, 0.0, 0.0, 0.0, 0.0, 0.0, 0.0]",18490,156539,N6,dismiss,-0.3,ts,938,1
"[0.18181818181818185, -0.18181818181818185, -0.4273333333333333, -0.10185185185185185, -0.16666666666666666, 0.0, 0.0, 0.0, 1.0, 0.6314604801885487, 1.0, 0.0, 0.0, 0.0, 0.0, 0.0, 0.0, 0.0]",56406,139804,N3,accept,0.42727272727272725,ts,2520,1
"[0.20000000000000007, -0.20000000000000007, 0.09090909090909091, -0.008547008547008548, -0.14285714285714285, 0.0, 0.0, 0.0, 1.0, 0.7497580191893745, 1.0, 0.0, 0.0, 0.0, 0.0, 0.0, 0.0, 0.0]",162723,32065,N6,dismiss,-0.3,ts,1477,1
"[0.5, -0.5, 0.11142061281337048, 1.0, -0.11764705882352941, 0.0, 0.0, 0.0, 1.0, 0.6965078813606268, 1.0, 0.0, 0.0, 0.0, 0.0, 0.0, 0.0, 0.0]",110152,58951,N6,dismiss,-0.3,ts,2567,1
"[0.24242424242424238, -0.24242424242424238, 0.13120567375886522, -0.42483660130718953, 0.10000000000000002, 0.0, 0.0, 0.0, 1.0, 0.6778849714953497, 1.0, 0.0, 0.0, 0.0, 0.0, 0.0, 0.0, 0.0]",120700,19600,N6,dismiss,-0.3,ts,2784,1
"[0.5454545454545455, -0.5454545454545455, -0.01848519548503194, 0.0, 0.0, 0.0, 0.0, 0.0, 1.0, 0.9112606985062438, 1.0, 0.0, 0.0, 0.0, 0.0, 0.0, 0.0, 0.0]",54334,189219,N6,accept,0.6818181818181819,ts,1159,1
"[0.5, -0.5, -0.041133963312951556, -0.056666666666666664, -0.14545454545454542, 0.0, 0.0, 0.0, 1.0, 0.8390577642795004, 1.0, 0.0, 0.0, 0.0, 0.0, 0.0, 0.0, 0.0]",183166,185510,N6,dismiss,-0.3,ts,1514,1
"[0.13333333333333328, -0.13333333333333328, -0.07126567844925884, -0.028901734104046242, -0.07999999999999999, 0.0, 0.0, 0.0, 1.0, 0.7421727843140296, 1.0, 0.0, 0.0, 0.0, 0.0, 0.0, 0.0, 0.0]",87098,143094,N6,accept,0.39333333333333326,ts,862,1
"[0.5833333333333333, -0.5833333333333333, -0.014175257731958841, 0.0, 0.1, 0.0, 0.0, 0.0, 1.0, 0.8931955318196763, 1.0, 0.0, 0.0, 0.0, 0.0, 0.0, 0.0, 0.0]",151790,113027,N1,dismiss,-0.3,ts,2424,1
"[0.7796610169491526, -0.7796610169491526, -0.24420024420024428, 0.18478260869565216, 0.2, 0.0, 0.0, 0.0, 1.0, 0.7829519048416018, 1.0, 0.0, 0.0, 0.0, 0.0, 0.0, 0.0, 0.0]",63936,63891,N6,dismiss,-0.3,ts,2689,1
"[0.30000000000000004, -0.30000000000000004, 0.03454231433506045, 0.08529411764705883, 0.25454545454545463, 0.0, 0.0, 0.0, 1.0, 0.7587558539384491, 1.0, 0.0, 0.0, 0.0, 0.0, 0.0, 0.0, 0.0]",16912,76847,N6,dismiss,-0.3,ts,697,1
"[0.75, -0.75, -0.13377926421404682, -0.13924050632911392, -0.6759999999999999, 0.0, 0.0, 0.0, 1.0, 0.7577226163909189, 1.0, 0.0, 0.0, 0.0, 0.0, 0.0, 0.0, 0.0]",121907,145532,N6,dismiss,-0.3,ts,2465,1
"[0.4, -0.4, 0.15037593984962405, 0.1848184818481848, -0.768, 0.0, 0.0, 0.0, 1.0, 0.6682484986647327, 1.0, 0.0, 0.0, 0.0, 0.0, 0.0, 0.0, 0.0]",169373,158412,N3,dismiss,-0.3,ts,1247,0
"[0.11999999999999993, -0.11999999999999993, -0.0013266998341624925, 0.0, 0.0, 0.0, 0.0, 0.0, 1.0, 0.793990240526349, 1.0, 0.0, 0.0, 0.0, 0.0, 0.0, 0.0, 0.0]",15535,15533,N3,dismiss,-0.3,ts,1733,1
"[0.3500000000000001, -0.3500000000000001, 0.0, -0.3611111111111111, 0.043478260869565216, 0.0, 0.0, 0.0, 1.0, 0.7807457601820568, 1.0, 0.0, 0.0, 0.0, 0.0, 0.0, 0.0, 0.0]",110120,48548,N6,dismiss,-0.3,ts,2760,1
"[0.5, -0.5, 0.06688963210702341, -0.7456647398843931, -0.22000000000000003, 0.0, 0.0, 0.0, 1.0, 0.714110313042735, 1.0, 0.0, 0.0, 0.0, 0.0, 0.0, 0.0, 0.0]",132804,19600,N6,dismiss,-0.3,ts,545,1
"[0.5599999999999999, -0.5599999999999999, 0.0, -0.024734982332155476, 0.0, 0.0, 0.0, 0.0, 1.0, 0.9142123270597203, 1.0, 0.0, 0.0, 0.0, 0.0, 0.0, 0.0, 0.0]",49000,48998,N3,dismiss,-0.3,ts,1784,1
"[0.25, -0.25, -0.5447647951441579, -0.011428571428571429, 0.10619469026548665, 0.0, 0.0, 0.0, 1.0, 0.6747720676390024, 1.0, 0.0, 0.0, 0.0, 0.0, 0.0, 0.0, 0.0]",16901,117045,N6,dismiss,-0.3,ts,520,1
"[0.24999999999999997, -0.24999999999999997, 0.1, 0.0, 0.0, 0.0, 0.0, 0.0, 1.0, 0.8033355002032929, 1.0, 0.0, 0.0, 0.0, 0.0, 0.0, 0.0, 0.0]",51138,18239,N6,dismiss,-0.3,ts,1877,1
"[0.2, -0.2, 0.10110110110110104, -0.6043478260869565, 0.05263157894736842, 0.0, 0.0, 0.0, 1.0, 0.6660152152276981, 1.0, 0.0, 0.0, 0.0, 0.0, 0.0, 0.0, 0.0]",191335,127600,N6,dismiss,-0.3,ts,640,1
"[0.3333333333333333, -0.3333333333333333, -0.08883826879271067, 0.06785714285714285, 0.125, 0.0, 0.0, 0.0, 1.0, 0.7807558518737434, 1.0, 0.0, 0.0, 0.0, 0.0, 0.0, 0.0, 0.0]",128254,104684,N3,dismiss,-0.3,ts,2848,1
"[0.6071428571428571, -0.6071428571428571, 0.1066332916145181, 0.0, 0.0, 0.0, 0.0, 0.0, 1.0, 0.8919568730108844, 1.0, 0.0, 0.0, 0.0, 0.0, 0.0, 0.0, 0.0]",16679,94196,N1,accept,0.7249999999999999,ts,788,1
"[0.2777777777777778, -0.2777777777777778, -0.0009066183136899708, -0.46178343949044587, 0.4166666666666667, 0.0, 0.0, 0.0, 1.0, 0.6729220701152996, 1.0, 0.0, 0.0, 0.0, 0.0, 0.0, 0.0, 0.0]",104690,61360,N3,dismiss,-0.3,ts,464,1
"[0.44999999999999996, -0.44999999999999996, -0.37142857142857144, -0.04619565217391304, -0.06666666666666667, 0.0, 0.0, 0.0, 1.0, 0.7602535939454458, 1.0, 0.0, 0.0, 0.0, 0.0, 0.0, 0.0, 0.0]",43346,43335,N1,accept,0.615,ts,1807,1
"[0.6818181818181819, -0.6818181818181819, 0.11441307578008908, 0.08, 0.020000000000000018, 0.0, 0.0, 0.0, 1.0, 0.8737771063815095, 1.0, 0.0, 0.0, 0.0, 0.0, 0.0, 0.0, 0.0]",63997,85440,N1,accept,0.7772727272727273,ts,1610,1
"[0.25, -0.25, 0.0, -0.024734982332155476, 0.0, 0.0, 0.0, 0.0, 1.0, 0.8323494110901432, 1.0, 0.0, 0.0, 0.0, 0.0, 0.0, 0.0, 0.0]",49000,48996,N3,accept,0.475,ts,1723,1
"[0.20000000000000007, -0.20000000000000007, 0.09090909090909091, -0.019943019943019943, -0.17857142857142858, 0.0, 0.0, 0.0, 1.0, 0.7386644578940104, 1.0, 0.0, 0.0, 0.0, 0.0, 0.0, 0.0, 0.0]",162723,31972,N3,dismiss,-0.3,ts,728,0
"[0.3636363636363637, -0.3636363636363637, 0.0, 0.0, 0.0, 0.0, 0.0, 0.0, 1.0, 0.8742764353476687, 1.0, 0.0, 0.0, 0.0, 0.0, 0.0, 0.0, 0.0]",123548,123174,N6,dismiss,-0.3,ts,1163,1
"[0.616, -0.616, -0.17799999999999994, -0.014124293785310734, 0.5384615384615384, 0.0, 0.0, 0.0, 1.0, 0.7689588861620023, 1.0, 0.0, 0.0, 0.0, 0.0, 0.0, 0.0, 0.0]",108784,108839,N1,dismiss,-0.3,ts,1818,1
"[0.0555555555555556, -0.0555555555555556, -0.16666666666666666, 0.01764705882352941, 0.13636363636363635, 0.0, 0.0, 0.0, 1.0, 0.6730847801914981, 1.0, 0.0, 0.0, 0.0, 0.0, 0.0, 0.0, 0.0]",123856,105724,N6,dismiss,-0.3,ts,2239,1
"[0.28571428571428564, -0.28571428571428564, -0.0190972222222223, 0.0, 0.0, 0.0, 0.0, 0.0, 1.0, 0.8435368379207655, 1.0, 0.0, 0.0, 0.0, 0.0, 0.0, 0.0, 0.0]",55348,72622,N6,accept,0.4999999999999999,ts,595,1
"[0.367741935483871, -0.367741935483871, -0.03268765133171908, -0.00847457627118644, 0.07462686567164178, 0.0, 0.0, 0.0, 1.0, 0.8394568191052507, 1.0, 0.0, 0.0, 0.0, 0.0, 0.0, 0.0, 0.0]",43382,105910,N6,accept,0.5574193548387096,ts,718,1
"[0.4485294117647059, -0.4485294117647059, 0.09333333333333324, -0.0843806104129264, -0.2692307692307692, 0.0, 0.0, 0.0, 1.0, 0.776901172593482, 1.0, 0.0, 0.0, 0.0, 0.0, 0.0, 0.0, 0.0]",29970,155668,N6,dismiss,-0.3,ts,2749,1
"[0.5, -0.5, -0.05854643337819645, -0.09448818897637795, -0.06666666666666667, 0.0, 0.0, 0.0, 1.0, 0.8421346619154855, 1.0, 0.0, 0.0, 0.0, 0.0, 0.0, 0.0, 0.0]",106764,88672,N1,dismiss,-0.3,ts,2771,1
"[0.11904761904761903, -0.11904761904761903, 0.0, -0.11564625850340136, 0.06666666666666662, 0.0, 0.0, 0.0, 1.0, 0.7444764079184683, 1.0, 0.0, 0.0, 0.0, 0.0, 0.0, 0.0, 0.0]",91970,91969,N6,dismiss,-0.3,ts,433,1
"[0.20000000000000007, -0.20000000000000007, -0.09104704097116853, 0.022857142857142857, -0.07894736842105259, 0.0, 0.0, 0.0, 1.0, 0.7609209169569267, 1.0, 0.0, 0.0, 0.0, 0.0, 0.0, 0.0, 0.0]",43097,135481,N3,dismiss,-0.3,ts,838,1
"[0.5636363636363637, -0.5636363636363637, -0.4558093346573982, -0.005698005698005698, 0.42857142857142855, 0.0, 0.0, 0.0, 1.0, 0.7145027063038236, 1.0, 0.0, 0.0, 0.0, 0.0, 0.0, 0.0, 0.0]",15528,108839,N3,dismiss,-0.3,ts,1098,1
"[0.5454545454545455, -0.5454545454545455, -0.01848519548503194, 0.0, 0.0, 0.0, 0.0, 0.0, 1.0, 0.9112606985062438, 1.0, 0.0, 0.0, 0.0, 0.0, 0.0, 0.0, 0.0]",54334,189219,N6,accept,0.6818181818181819,ts,2632,1
"[0.13333333333333344, -0.13333333333333344, -0.1, -0.75, -0.44000000000000006, 0.0, 0.0, 0.0, 1.0, 0.5587769414463242, 1.0, 0.0, 0.0, 0.0, 0.0, 0.0, 0.0, 0.0]",70105,79461,N3,dismiss,-0.3,ts,720,0
"[0.04494382022471914, -0.04494382022471914, -0.2535714285714286, -0.08064516129032258, 0.0, 0.0, 0.0, 0.0, 1.0, 0.6649279362905083, 1.0, 0.0, 0.0, 0.0, 0.0, 0.0, 0.0, 0.0]",79360,18005,N3,dismiss,-0.3,ts,1021,0
"[0.15999999999999998, -0.15999999999999998, -0.26666666666666666, -0.22274881516587677, 0.5, 0.0, 0.0, 0.0, 1.0, 0.5774609167274939, 1.0, 0.0, 0.0, 0.0, 0.0, 0.0, 0.0, 0.0]",162680,152287,N3,dismiss,-0.3,ts,428,1
"[0.8705882352941177, -0.8705882352941177, -0.42857142857142855, 0.8197674418604651, -0.5555555555555556, 0.0, 0.0, 0.0, 1.0, 0.6291715147060256, 1.0, 0.0, 0.0, 0.0, 0.0, 0.0, 0.0, 0.0]",104685,169349,N1,dismiss,-0.3,ts,413,1
"[0.7058823529411765, -0.7058823529411765, 0.10950688582852064, 0.7647058823529411, 0.46153846153846156, 0.0, 0.0, 0.0, 1.0, 0.6990590921583305, 1.0, 0.0, 0.0, 0.0, 0.0, 0.0, 0.0, 0.0]",179677,115396,N3,dismiss,-0.3,ts,690,0
"[0.20000000000000007, -0.20000000000000007, -0.166, -0.04519774011299435, -0.07692307692307693, 0.0, 0.0, 0.0, 1.0, 0.7319716778110991, 1.0, 0.0, 0.0, 0.0, 0.0, 0.0, 0.0, 0.0]",108842,108746,N3,dismiss,-0.3,ts,760,1
"[0.8214285714285715, -0.8214285714285715, -0.47950310559006215, 0.1254355400696864, -0.30909090909090914, 0.0, 0.0, 0.0, 1.0, 0.7350115717069697, 1.0, 0.0, 0.0, 0.0, 0.0, 0.0, 0.0, 0.0]",91072,57279,N3,dismiss,-0.3,ts,2219,1
"[0.25, -0.25, -0.5447647951441579, -0.011428571428571429, 0.10619469026548665, 0.0, 0.0, 0.0, 1.0, 0.6747720676390024, 1.0, 0.0, 0.0, 0.0, 0.0, 0.0, 0.0, 0.0]",16901,117045,N6,dismiss,-0.3,ts,2612,1
"[0.16666666666666666, -0.16666666666666666, 0.046034639927073746, -0.2757475083056478, -0.25, 0.0, 0.0, 0.0, 1.0, 0.6710308425930447, 1.0, 0.0, 0.0, 0.0, 0.0, 0.0, 0.0, 0.0]",116369,164354,N3,dismiss,-0.3,ts,1035,1
"[0.27999999999999997, -0.27999999999999997, -0.07452093683463454, 1.0, -0.78, 0.0, 0.0, 0.0, 1.0, 0.5645640780394282, 1.0, 0.0, 0.0, 0.0, 0.0, 0.0, 0.0, 0.0]",154734,128279,N6,dismiss,-0.3,ts,2517,1
"[0.34, -0.34, 0.010752688172043038, 0.4036697247706422, -0.5599999999999999, 0.0, 0.0, 0.0, 1.0, 0.6790795934394832, 1.0, 0.0, 0.0, 0.0, 0.0, 0.0, 0.0, 0.0]",19612,120700,N1,dismiss,-0.3,ts,1985,1
"[0.04494382022471914, -0.04494382022471914, -0.2535714285714286, -0.08064516129032258, 0.0, 0.0, 0.0, 0.0, 1.0, 0.6649279362905083, 1.0, 0.0, 0.0, 0.0, 0.0, 0.0, 0.0, 0.0]",79360,18005,N3,dismiss,-0.3,ts,1761,0
"[0.6818181818181819, -0.6818181818181819, -0.050125313283208024, 0.18840579710144928, -0.51, 0.0, 0.0, 0.0, 1.0, 0.7806619322864332, 1.0, 0.0, 0.0, 0.0, 0.0, 0.0, 0.0, 0.0]",48998,49086,N6,dismiss,-0.3,ts,468,1
"[0.7066666666666667, -0.7066666666666667, 0.10987791342952277, 0.43908045977011495, -0.25, 0.0, 0.0, 0.0, 1.0, 0.7602704837036794, 1.0, 0.0, 0.0, 0.0, 0.0, 0.0, 0.0, 0.0]",155692,169349,N3,dismiss,-0.3,ts,1139,0
"[0.24999999999999997, -0.24999999999999997, -0.4117647058823529, 0.0, 0.0, 0.0, 0.0, 0.0, 1.0, 0.7273653355460075, 1.0, 0.0, 0.0, 0.0, 0.0, 0.0, 0.0, 0.0]",51607,174753,N3,accept,0.475,ts,2549,0
"[0.22666666666666668, -0.22666666666666668, -0.5995995995995996, 0.0, 0.0, 0.0, 0.0, 0.0, 1.0, 0.6921564497180331, 1.0, 0.0, 0.0, 0.0, 0.0, 0.0, 0.0, 0.0]",71092,40258,N6,dismiss,-0.3,ts,1944,1
"[0.01453488372093018, -0.01453488372093018, -0.3082851637764933, 0.008522727272727272, 0.24999999999999997, 0.0, 0.0, 0.0, 1.0, 0.6018526821340638, 1.0, 0.0, 0.0, 0.0, 0.0, 0.0, 0.0, 0.0]",54520,143110,N1,accept,0.3101744186046511,ts,2615,1
"[0.5652173913043479, -0.5652173913043479, 0.1575289575289576, -0.06862745098039216, 0.12000000000000005, 0.0, 0.0, 0.0, 1.0, 0.8171887144159775, 1.0, 0.0, 0.0, 0.0, 0.0, 0.0, 0.0, 0.0]",179650,104485,N3,dismiss,-0.3,ts,2479,1
"[0.10714285714285708, -0.10714285714285708, -0.050131926121371996, -0.18685121107266436, -0.5833333333333334, 0.0, 0.0, 0.0, 1.0, 0.6206936583874068, 1.0, 0.0, 0.0, 0.0, 0.0, 0.0, 0.0, 0.0]",105432,145577,N3,dismiss,-0.3,ts,2813,1
"[0.1666666666666667, -0.1666666666666667, -0.22940563086548488, 0.0380952380952381, 0.0, 0.0, 0.0, 0.0, 1.0, 0.7266325231925359, 1.0, 0.0, 0.0, 0.0, 0.0, 0.0, 0.0, 0.0]",56248,115244,N6,dismiss,-0.3,ts,1583,1
"[0.07764705882352943, -0.07764705882352943, -0.09674185463659146, 0.40569395017793597, 0.07142857142857142, 0.0, 0.0, 0.0, 1.0, 0.6404711919667135, 1.0, 0.0, 0.0, 0.0, 0.0, 0.0, 0.0, 0.0]",60954,155693,N3,dismiss,-0.3,ts,2935,1
"[0.46153846153846156, -0.46153846153846156, -0.7518796992481204, -0.256, 0.33999999999999997, 0.0, 0.0, 0.0, 1.0, 0.6102111112024573, 1.0, 0.0, 0.0, 0.0, 0.0, 0.0, 0.0, 0.0]",110599,122732,N3,accept,0.6230769230769231,ts,726,0
"[0.13636363636363646, -0.13636363636363646, -0.12300000000000004, 0.5446428571428571, 0.18, 0.0, 0.0, 0.0, 1.0, 0.6119393419576029, 1.0, 0.0, 0.0, 0.0, 0.0, 0.0, 0.0, 0.0]",80033,87098,N6,dismiss,-0.3,ts,698,1
"[0.13333333333333344, -0.13333333333333344, -0.18181818181818182, -0.75, -0.44000000000000006, 0.0, 0.0, 0.0, 1.0, 0.5340595765105035, 1.0, 0.0, 0.0, 0.0, 0.0, 0.0, 0.0, 0.0]",18239,79461,N1,dismiss,-0.3,ts,2297,1
"[0.2, -0.2, -0.425, -0.1678832116788321, -0.26666666666666666, 0.0, 0.0, 0.0, 1.0, 0.603526579115756, 1.0, 0.0, 0.0, 0.0, 0.0, 0.0, 0.0, 0.0]",115289,178949,N3,dismiss,-0.3,ts,1691,0
"[0.4, -0.4, -0.29684601113172543, 0.0, 0.0, 0.0, 0.0, 0.0, 1.0, 0.7947192856371645, 1.0, 0.0, 0.0, 0.0, 0.0, 0.0, 0.0, 0.0]",63943,49005,N3,dismiss,-0.3,ts,719,1
"[0.5798319327731092, -0.5798319327731092, 0.20898100172711576, -0.3015267175572519, 0.28, 0.0, 0.0, 0.0, 1.0, 0.7247410787141373, 1.0, 0.0, 0.0, 0.0, 0.0, 0.0, 0.0, 0.0]",61358,104681,N3,dismiss,-0.3,ts,2969,1
"[0.18831168831168835, -0.18831168831168835, 0.20250120250120254, 0.1111111111111111, -0.07999999999999999, 0.0, 0.0, 0.0, 1.0, 0.7001240443089605, 1.0, 0.0, 0.0, 0.0, 0.0, 0.0, 0.0, 0.0]",128341,85224,N3,accept,0.4318181818181818,ts,1828,0
"[0.5535714285714286, -0.5535714285714286, 0.03454231433506045, 0.0, 0.0, 0.0, 0.0, 0.0, 1.0, 0.9068164715016619, 1.0, 0.0, 0.0, 0.0, 0.0, 0.0, 0.0, 0.0]",16725,16729,N3,dismiss,-0.3,ts,1037,0
"[0.13888888888888887, -0.13888888888888887, -0.34867564046895355, -0.11041009463722397, 0.0, 0.0, 0.0, 0.0, 1.0, 0.6712022690137475, 1.0, 0.0, 0.0, 0.0, 0.0, 0.0, 0.0, 0.0]",103715,91957,N1,dismiss,-0.3,ts,1692,1
"[0.11111111111111106, -0.11111111111111106, 0.21052631578947367, 0.0, 0.5800000000000001, 0.0, 0.0, 0.0, 1.0, 0.6195791414577161, 1.0, 0.0, 0.0, 0.0, 0.0, 0.0, 0.0, 0.0]",54392,91067,N3,dismiss,-0.3,ts,2840,0
"[0.12499999999999988, -0.12499999999999988, 0.0, -0.011299435028248588, -0.05555555555555555, 0.0, 0.0, 0.0, 1.0, 0.777207383246993, 1.0, 0.0, 0.0, 0.0, 0.0, 0.0, 0.0, 0.0]",185391,78003,N3,dismiss,-0.3,ts,923,0
"[0.13953488372093023, -0.13953488372093023, 0.2, -0.11262798634812286, 0.021276595744680774, 0.0, 0.0, 0.0, 1.0, 0.699136362980252, 1.0, 0.0, 0.0, 0.0, 0.0, 0.0, 0.0, 0.0]",33338,91969,N3,dismiss,-0.3,ts,469,1
"[0.12499999999999988, -0.12499999999999988, 0.21153846153846154, 0.049723756906077346, 0.05555555555555555, 0.0, 0.0, 0.0, 1.0, 0.6973654663264208, 1.0, 0.0, 0.0, 0.0, 0.0, 0.0, 0.0, 0.0]",146678,180524,N3,dismiss,-0.3,ts,1263,0
"[0.1666666666666667, -0.1666666666666667, -0.15503875968992248, 0.029411764705882353, 0.0, 0.0, 0.0, 0.0, 1.0, 0.7493386575941129, 1.0, 0.0, 0.0, 0.0, 0.0, 0.0, 0.0, 0.0]",92714,143384,N6,accept,0.4166666666666667,ts,691,1
"[0.076923076923077, -0.076923076923077, 0.0, 0.0, 0.0, 0.0, 0.0, 0.0, 1.0, 0.7787188164556538, 1.0, 0.0, 0.0, 0.0, 0.0, 0.0, 0.0, 0.0]",93861,174758,N3,dismiss,-0.3,ts,472,0
"[0.375, -0.375, 0.024727272727272716, -0.4527027027027027, 0.33999999999999997, 0.0, 0.0, 0.0, 1.0, 0.7044564132089861, 1.0, 0.0, 0.0, 0.0, 0.0, 0.0, 0.0, 0.0]",19607,154734,N3,dismiss,-0.3,ts,2118,0
"[0.728, -0.728, -0.2654424040066778, -0.6, -0.15999999999999998, 0.0, 0.0, 0.0, 1.0, 0.7211201049065395, 1.0, 0.0, 0.0, 0.0, 0.0, 0.0, 0.0, 0.0]",33289,189308,N3,dismiss,-0.3,ts,1944,1
"[0.5601851851851852, -0.5601851851851852, -0.09818181818181819, -0.73224043715847, -0.28, 0.0, 0.0, 0.0, 1.0, 0.7061927727509902, 1.0, 0.0, 0.0, 0.0, 0.0, 0.0, 0.0, 0.0]",104492,94324,N3,dismiss,-0.3,ts,1041,0
"[0.20000000000000007, -0.20000000000000007, -0.13397860417727964, 0.0, 0.0, 0.0, 0.0, 0.0, 1.0, 0.7758162558060495, 1.0, 0.0, 0.0, 0.0, 0.0, 0.0, 0.0, 0.0]",90181,115238,N3,dismiss,-0.3,ts,2531,1
"[0.25, -0.25, -0.18823529411764706, 0.0, 0.0, 0.0, 0.0, 0.0, 1.0, 0.7768452100027552, 1.0, 0.0, 0.0, 0.0, 0.0, 0.0, 0.0, 0.0]",113825,87177,N3,dismiss,-0.3,ts,789,0
"[0.25, -0.25, 0.0, 0.0, -0.10714285714285714, 0.0, 0.0, 0.0, 1.0, 0.8106570116385049, 1.0, 0.0, 0.0, 0.0, 0.0, 0.0, 0.0, 0.0]",43098,117045,N3,dismiss,-0.3,ts,1511,0
"[0.5, -0.5, 0.03799999999999997, 0.0, 0.0, 0.0, 0.0, 0.0, 1.0, 0.8941504794086983, 1.0, 0.0, 0.0, 0.0, 0.0, 0.0, 0.0, 0.0]",69946,16718,N3,dismiss,-0.3,ts,2609,1
"[0.3636363636363637, -0.3636363636363637, -0.6721311475409836, 1.0, 1.0, 0.0, 0.0, 0.0, 1.0, 0.4377984245192624, 1.0, 0.0, 0.0, 0.0, 0.0, 0.0, 0.0, 0.0]",79856,123174,N3,dismiss,-0.3,ts,2242,0
"[0.25, -0.25, -0.022753128555176336, 0.8733333333333333, -0.17647058823529413, 0.0, 0.0, 0.0, 1.0, 0.6622379762089057, 1.0, 0.0, 0.0, 0.0, 0.0, 0.0, 0.0, 0.0]",169345,21089,N3,dismiss,-0.3,ts,1321,1
"[0.29999999999999993, -0.29999999999999993, 0.24505928853754932, 0.1377245508982036, -0.05, 0.0, 0.0, 0.0, 1.0, 0.7275957762182046, 1.0, 0.0, 0.0, 0.0, 0.0, 0.0, 0.0, 0.0]",81498,180524,N1,dismiss,-0.3,ts,1711,1
"[0.07692307692307698, -0.07692307692307698, 0.12900096993210475, -0.04, -0.12000000000000002, 0.0, 0.0, 0.0, 1.0, 0.6896991942493407, 1.0, 0.0, 0.0, 0.0, 0.0, 0.0, 0.0, 0.0]",145085,151790,N3,dismiss,-0.3,ts,1420,1
"[0.11458333333333333, -0.11458333333333333, -0.08759124087591248, -0.5587392550143266, -0.77, 0.0, 0.0, 0.0, 1.0, 0.5416340437403093, 1.0, 0.0, 0.0, 0.0, 0.0, 0.0, 0.0, 0.0]",108839,142262,N3,accept,0.3802083333333333,ts,469,0
"[0.367741935483871, -0.367741935483871, -0.03268765133171908, -0.00847457627118644, 0.07462686567164178, 0.0, 0.0, 0.0, 1.0, 0.8394568191052507, 1.0, 0.0, 0.0, 0.0, 0.0, 0.0, 0.0, 0.0]",43382,105910,N3,dismiss,-0.3,ts,653,1
"[0.5428571428571428, -0.5428571428571428, -0.18181818181818182, 0.34, -0.06000000000000001, 0.0, 0.0, 0.0, 1.0, 0.7660463224514796, 1.0, 0.0, 0.0, 0.0, 0.0, 0.0, 0.0, 0.0]",122718,30710,N3,dismiss,-0.3,ts,799,1
"[0.09883720930232553, -0.09883720930232553, 0.04084778420038544, 0.019886363636363636, 0.24999999999999997, 0.0, 0.0, 0.0, 1.0, 0.7062360331845564, 1.0, 0.0, 0.0, 0.0, 0.0, 0.0, 0.0, 0.0]",54520,85287,N6,dismiss,-0.3,ts,2985,1
"[0.09090909090909098, -0.09090909090909098, -0.10825439783491203, 0.026392961876832845, -0.05833333333333327, 0.0, 0.0, 0.0, 1.0, 0.7207159766976003, 1.0, 0.0, 0.0, 0.0, 0.0, 0.0, 0.0, 0.0]",30023,16901,N6,dismiss,-0.3,ts,2412,1
"[0.47058823529411764, -0.47058823529411764, 0.18181818181818182, 0.14, 0.18000000000000002, 0.0, 0.0, 0.0, 1.0, 0.759069863248445, 1.0, 0.0, 0.0, 0.0, 0.0, 0.0, 0.0, 0.0]",18323,37953,N3,dismiss,-0.3,ts,2315,0
"[0.02500000000000002, -0.02500000000000002, -0.1863303498779495, -0.2, -0.12000000000000002, 0.0, 0.0, 0.0, 1.0, 0.6156925813588408, 1.0, 0.0, 0.0, 0.0, 0.0, 0.0, 0.0, 0.0]",130425,62503,N6,dismiss,-0.3,ts,1129,1
"[0.20000000000000004, -0.20000000000000004, -0.6972222222222223, -0.46153846153846156, -0.059999999999999984, 0.0, 0.0, 0.0, 1.0, 0.565054577528199, 1.0, 0.0, 0.0, 0.0, 0.0, 0.0, 0.0, 0.0]",51193,18528,N3,accept,0.44,ts,827,0
"[0.6363636363636364, -0.6363636363636364, -0.2700729927007299, 0.0, 0.0, 0.0, 0.0, 0.0, 1.0, 0.8519911280552436, 1.0, 0.0, 0.0, 0.0, 0.0, 0.0, 0.0, 0.0]",141743,51605,N3,dismiss,-0.3,ts,1616,0
"[0.20000000000000007, -0.20000000000000007, -0.08262295081967212, 1.0, 1.0, 0.0, 0.0, 0.0, 1.0, 0.5054127660622306, 1.0, 0.0, 0.0, 0.0, 0.0, 0.0, 0.0, 0.0]",79856,88669,N3,accept,0.44000000000000006,ts,2964,1
"[0.2777777777777778, -0.2777777777777778, -0.0009066183136899708, -0.46178343949044587, 0.4166666666666667, 0.0, 0.0, 0.0, 1.0, 0.6729220701152996, 1.0, 0.0, 0.0, 0.0, 0.0, 0.0, 0.0, 0.0]",104690,61360,N6,dismiss,-0.3,ts,1851,1
"[0.5887096774193549, -0.5887096774193549, 0.07140307033202427, -0.22822822822822822, -0.40384615384615385, 0.0, 0.0, 0.0, 1.0, 0.7622837978085156, 1.0, 0.0, 0.0, 0.0, 0.0, 0.0, 0.0, 0.0]",89601,20089,N3,accept,0.7120967741935484,ts,2641,0
"[0.55, -0.55, 0.0, 0.006872852233676976, 0.0, 0.0, 0.0, 0.0, 1.0, 0.9173977756641208, 1.0, 0.0, 0.0, 0.0, 0.0, 0.0, 0.0, 0.0]",106148,106147,N1,accept,0.685,ts,1790,1
"[0.14, -0.14, -0.31562500000000004, 0.030303030303030304, 0.0, 0.0, 0.0, 0.0, 1.0, 0.6993060113850216, 1.0, 0.0, 0.0, 0.0, 0.0, 0.0, 0.0, 0.0]",130086,69993,N3,accept,0.398,ts,1264,0
"[0.415625, -0.415625, 0.056934306569343146, 0.0625, -0.1, 0.0, 0.0, 0.0, 1.0, 0.8220384072510981, 1.0, 0.0, 0.0, 0.0, 0.0, 0.0, 0.0, 0.0]",141833,15139,N3,dismiss,-0.3,ts,1166,1
"[0.8, -0.8, 0.13333333333333333, 0.0, 0.0, 0.0, 0.0, 0.0, 1.0, 0.9115993194259686, 1.0, 0.0, 0.0, 0.0, 0.0, 0.0, 0.0, 0.0]",190833,51605,N3,dismiss,-0.3,ts,552,0
"[0.25, -0.25, 0.0, 0.0, -0.10714285714285714, 0.0, 0.0, 0.0, 1.0, 0.8106570116385049, 1.0, 0.0, 0.0, 0.0, 0.0, 0.0, 0.0, 0.0]",43098,117045,N3,accept,0.475,ts,562,0
"[0.13846153846153844, -0.13846153846153844, -0.04767580452920143, 0.009259259259259259, 0.14285714285714285, 0.0, 0.0, 0.0, 1.0, 0.7429691792392996, 1.0, 0.0, 0.0, 0.0, 0.0, 0.0, 0.0, 0.0]",78130,115245,N3,dismiss,-0.3,ts,1863,1
"[0.45, -0.45, 0.08285714285714281, 0.1232876712328767, -0.24000000000000005, 0.0, 0.0, 0.0, 1.0, 0.7765608514538953, 1.0, 0.0, 0.0, 0.0, 0.0, 0.0, 0.0, 0.0]",39888,110035,N3,dismiss,-0.3,ts,2683,0
"[0.25, -0.25, 0.22714285714285723, -0.08766233766233766, 0.0, 0.0, 0.0, 0.0, 1.0, 0.7424472880831784, 1.0, 0.0, 0.0, 0.0, 0.0, 0.0, 0.0, 0.0]",55744,21089,N3,dismiss,-0.3,ts,1874,0
"[0.3, -0.3, 0.0, 0.0, 0.0, 0.0, 0.0, 0.0, 1.0, 0.8554747513125021, 1.0, 0.0, 0.0, 0.0, 0.0, 0.0, 0.0, 0.0]",68609,50807,N3,dismiss,-0.3,ts,1495,0
"[0.564516129032258, -0.564516129032258, -0.50017850767583, -0.10285714285714286, -0.44, 0.0, 0.0, 0.0, 1.0, 0.680222025700397, 1.0, 0.0, 0.0, 0.0, 0.0, 0.0, 0.0, 0.0]",89602,145523,N6,dismiss,-0.3,ts,1087,1
"[0.25, -0.25, -0.3834917458729365, -0.001215066828675577, 0.0, 0.0, 0.0, 0.0, 1.0, 0.7321076440419114, 1.0, 0.0, 0.0, 0.0, 0.0, 0.0, 0.0, 0.0]",30337,189231,N3,dismiss,-0.3,ts,2489,1
"[0.24999999999999997, -0.24999999999999997, 0.11420612813370477, -0.15950920245398773, 0.0, 0.0, 0.0, 0.0, 1.0, 0.7577778993431036, 1.0, 0.0, 0.0, 0.0, 0.0, 0.0, 0.0, 0.0]",155669,115289,N3,dismiss,-0.3,ts,576,0
"[0.25000000000000006, -0.25000000000000006, -0.0625, -0.34, 0.039999999999999994, 0.0, 0.0, 0.0, 1.0, 0.7305487309174494, 1.0, 0.0, 0.0, 0.0, 0.0, 0.0, 0.0, 0.0]",40998,50997,N3,dismiss,-0.3,ts,2084,0
"[0.11458333333333333, -0.11458333333333333, -0.08759124087591248, -0.5587392550143266, -0.77, 0.0, 0.0, 0.0, 1.0, 0.5416340437403093, 1.0, 0.0, 0.0, 0.0, 0.0, 0.0, 0.0, 0.0]",108839,142262,N3,dismiss,-0.3,ts,1895,0
"[0.580952380952381, -0.580952380952381, 0.0, -0.45263157894736844, -0.27999999999999997, 0.0, 0.0, 0.0, 1.0, 0.771871481784475, 1.0, 0.0, 0.0, 0.0, 0.0, 0.0, 0.0, 0.0]",122720,74187,N6,dismiss,-0.3,ts,1163,1
"[0.722689075630252, -0.722689075630252, 0.20898100172711576, 0.31297709923664124, 0.08, 0.0, 0.0, 0.0, 1.0, 0.7883841872788766, 1.0, 0.0, 0.0, 0.0, 0.0, 0.0, 0.0, 0.0]",61358,169335,N6,dismiss,-0.3,ts,2219,1
"[0.28571428571428564, -0.28571428571428564, -0.4612523248605084, -0.1, -0.12000000000000002, 0.0, 0.0, 0.0, 1.0, 0.6713399049502052, 1.0, 0.0, 0.0, 0.0, 0.0, 0.0, 0.0, 0.0]",81570,81996,N3,accept,0.4999999999999999,ts,2195,1
"[0.35483870967741926, -0.35483870967741926, -0.25974025974025977, 0.0, 0.0, 0.0, 0.0, 0.0, 1.0, 0.790742212554951, 1.0, 0.0, 0.0, 0.0, 0.0, 0.0, 0.0, 0.0]",63937,48997,N3,dismiss,-0.3,ts,1246,0
"[0.20000000000000007, -0.20000000000000007, -0.06259780907668232, 0.017045454545454544, -0.4166666666666667, 0.0, 0.0, 0.0, 1.0, 0.7094552875739797, 1.0, 0.0, 0.0, 0.0, 0.0, 0.0, 0.0, 0.0]",43334,135481,N3,accept,0.44000000000000006,ts,2001,1
"[0.5636363636363637, -0.5636363636363637, -0.058333333333333376, -0.0169971671388102, 0.5714285714285714, 0.0, 0.0, 0.0, 1.0, 0.7929707233257425, 1.0, 0.0, 0.0, 0.0, 0.0, 0.0, 0.0, 0.0]",87721,108828,N3,dismiss,-0.3,ts,1794,1
"[0.8529411764705882, -0.8529411764705882, 0.11420612813370477, 1.0, 0.058823529411764705, 0.0, 0.0, 0.0, 1.0, 0.7677337533074937, 1.0, 0.0, 0.0, 0.0, 0.0, 0.0, 0.0, 0.0]",110152,104684,N3,dismiss,-0.3,ts,599,0
"[0.10000000000000007, -0.10000000000000007, -0.17519908987485786, -0.01048951048951049, -0.14285714285714285, 0.0, 0.0, 0.0, 1.0, 0.6877102891525925, 1.0, 0.0, 0.0, 0.0, 0.0, 0.0, 0.0, 0.0]",115366,134111,N3,dismiss,-0.3,ts,576,1
"[0.3636363636363637, -0.3636363636363637, 0.004666666666666685, 0.0, 0.0, 0.0, 0.0, 0.0, 1.0, 0.872418452753997, 1.0, 0.0, 0.0, 0.0, 0.0, 0.0, 0.0, 0.0]",15534,74278,N3,dismiss,-0.3,ts,2818,0
"[0.14, -0.14, -0.3363636363636364, 0.0, 0.0, 0.0, 0.0, 0.0, 1.0, 0.7038046069838829, 1.0, 0.0, 0.0, 0.0, 0.0, 0.0, 0.0, 0.0]",72620,69993,N3,accept,0.398,ts,1452,0
"[0.5, -0.5, -0.4172461752433937, 0.0, 0.0, 0.0, 0.0, 0.0, 1.0, 0.795606196800465, 1.0, 0.0, 0.0, 0.0, 0.0, 0.0, 0.0, 0.0]",87864,57280,N6,dismiss,-0.3,ts,1866,1
"[0.13333333333333328, -0.13333333333333328, -0.09600443951165374, -0.13846153846153847, -0.07999999999999999, 0.0, 0.0, 0.0, 1.0, 0.7059422282078749, 1.0, 0.0, 0.0, 0.0, 0.0, 0.0, 0.0, 0.0]",83435,143094,N3,dismiss,-0.3,ts,2884,1
"[0.19999999999999993, -0.19999999999999993, 0.125, 0.0, 0.0, 0.0, 0.0, 0.0, 1.0, 0.7785883097271787, 1.0, 0.0, 0.0, 0.0, 0.0, 0.0, 0.0, 0.0]",75387,18219,N3,accept,0.43999999999999995,ts,1383,0
"[0.6666666666666667, -0.6666666666666667, 0.23277737490935468, 0.0, 0.0, 0.0, 0.0, 0.0, 1.0, 0.8659558877868416, 1.0, 0.0, 0.0, 0.0, 0.0, 0.0, 0.0, 0.0]",141751,56398,N3,dismiss,-0.3,ts,2527,0
"[0.018987341772151913, -0.018987341772151913, -0.07966573816155988, -0.0111731843575419, -0.29473684210526313, 0.0, 0.0, 0.0, 1.0, 0.6575391462900055, 1.0, 0.0, 0.0, 0.0, 0.0, 0.0, 0.0, 0.0]",43387,43382,N3,dismiss,-0.3,ts,2520,1
"[0.08554572271386432, -0.08554572271386432, -0.03466761972837737, 0.011267605633802818, 0.0, 0.0, 0.0, 0.0, 1.0, 0.7651650175603291, 1.0, 0.0, 0.0, 0.0, 0.0, 0.0, 0.0, 0.0]",146721,85287,N3,dismiss,-0.3,ts,1419,0
"[0.889795918367347, -0.889795918367347, -0.6873826903023983, 0.35185185185185186, -0.375, 0.0, 0.0, 0.0, 1.0, 0.6632451610251665, 1.0, 0.0, 0.0, 0.0, 0.0, 0.0, 0.0, 0.0]",55915,128284,N3,accept,0.9228571428571428,ts,1879,1
"[0.5599999999999999, -0.5599999999999999, 0.0009099181073703173, 0.34532374100719426, 1.0, 0.0, 0.0, 0.0, 1.0, 0.709884034192077, 1.0, 0.0, 0.0, 0.0, 0.0, 0.0, 0.0, 0.0]",185410,89763,N3,dismiss,-0.3,ts,1036,1
"[0.25, -0.25, -0.009319816873773597, 0.001215066828675577, 0.0, 0.0, 0.0, 0.0, 1.0, 0.8355318740747639, 1.0, 0.0, 0.0, 0.0, 0.0, 0.0, 0.0, 0.0]",75083,15457,N3,accept,0.475,ts,639,1
"[0.6666666666666666, -0.6666666666666666, 0.09717186366932572, 0.0, 0.0, 0.0, 0.0, 0.0, 1.0, 0.9050735068250562, 1.0, 0.0, 0.0, 0.0, 0.0, 0.0, 0.0, 0.0]",141749,90167,N3,dismiss,-0.3,ts,841,0
"[0.20000000000000007, -0.20000000000000007, 0.026363636363636287, -0.008547008547008548, -0.14285714285714285, 0.0, 0.0, 0.0, 1.0, 0.7727351749443683, 1.0, 0.0, 0.0, 0.0, 0.0, 0.0, 0.0, 0.0]",70002,31973,N6,accept,0.44000000000000006,ts,794,1
"[0.5, -0.5, -0.03129890453834116, -0.014492753623188406, 0.0, 0.0, 0.0, 0.0, 1.0, 0.8923660563935448, 1.0, 0.0, 0.0, 0.0, 0.0, 0.0, 0.0, 0.0]",81462,39280,N3,dismiss,-0.3,ts,2745,0
"[0.3636363636363637, -0.3636363636363637, -0.17763157894736842, 0.057971014492753624, 0.25, 0.0, 0.0, 0.0, 1.0, 0.7390328509180709, 1.0, 0.0, 0.0, 0.0, 0.0, 0.0, 0.0, 0.0]",123021,123174,N6,dismiss,-0.3,ts,1776,1
"[0.5, -0.5, -0.26666666666666666, 0.64, 0.08000000000000003, 0.0, 0.0, 0.0, 1.0, 0.695643645411739, 1.0, 0.0, 0.0, 0.0, 0.0, 0.0, 0.0, 0.0]",50997,51575,N3,accept,0.6499999999999999,ts,2137,1
"[0.4545454545454546, -0.4545454545454546, -0.375, 0.0028735632183908046, 0.6666666666666666, 0.0, 0.0, 0.0, 1.0, 0.6813283180198043, 1.0, 0.0, 0.0, 0.0, 0.0, 0.0, 0.0, 0.0]",32065,107563,N3,accept,0.6181818181818182,ts,793,1
"[0.2045454545454546, -0.2045454545454546, 0.006343906510851462, -0.019553072625698324, 1.0, 0.0, 0.0, 0.0, 1.0, 0.6864109839014316, 1.0, 0.0, 0.0, 0.0, 0.0, 0.0, 0.0, 0.0]",135483,74278,N3,dismiss,-0.3,ts,979,0
"[0.28571428571428564, -0.28571428571428564, 0.1629802095459837, 0.0, 0.0, 0.0, 0.0, 0.0, 1.0, 0.7953984364798392, 1.0, 0.0, 0.0, 0.0, 0.0, 0.0, 0.0, 0.0]",93923,93922,N6,dismiss,-0.3,ts,1102,1
"[0.043062200956937836, -0.043062200956937836, -0.7251084934903905, 0.0, 0.0, 0.0, 0.0, 0.0, 1.0, 0.6130297832369747, 1.0, 0.0, 0.0, 0.0, 0.0, 0.0, 0.0, 0.0]",90708,54194,N1,dismiss,-0.3,ts,1136,1
"[0.35714285714285715, -0.35714285714285715, -0.3704, 0.06989247311827956, -0.4411764705882353, 0.0, 0.0, 0.0, 1.0, 0.6602837202553663, 1.0, 0.0, 0.0, 0.0, 0.0, 0.0, 0.0, 0.0]",151762,130324,N3,dismiss,-0.3,ts,1131,0
"[0.6818181818181819, -0.6818181818181819, -0.2159090909090909, 0.18867924528301888, 0.06000000000000001, 0.0, 0.0, 0.0, 1.0, 0.8084978438671541, 1.0, 0.0, 0.0, 0.0, 0.0, 0.0, 0.0, 0.0]",122719,82101,N3,dismiss,-0.3,ts,1592,1
"[0.6666666666666666, -0.6666666666666666, 0.09717186366932572, 0.0, 0.0, 0.0, 0.0, 0.0, 1.0, 0.9050735068250562, 1.0, 0.0, 0.0, 0.0, 0.0, 0.0, 0.0, 0.0]",141749,90167,N3,accept,0.7666666666666666,ts,2885,0
"[0.13333333333333344, -0.13333333333333344, -0.18181818181818182, -0.75, -0.44000000000000006, 0.0, 0.0, 0.0, 1.0, 0.5340595765105035, 1.0, 0.0, 0.0, 0.0, 0.0, 0.0, 0.0, 0.0]",18239,79461,N3,accept,0.3933333333333334,ts,2214,0
"[0.1200000000000001, -0.1200000000000001, 0.1455847255369929, -0.07120743034055728, 0.14000000000000004, 0.0, 0.0, 0.0, 1.0, 0.687454790909646, 1.0, 0.0, 0.0, 0.0, 0.0, 0.0, 0.0, 0.0]",57279,59424,N6,accept,0.38400000000000006,ts,2059,1
"[0.3958333333333333, -0.3958333333333333, -0.41089837997054496, -0.014492753623188406, 0.0, 0.0, 0.0, 0.0, 1.0, 0.7667896060151446, 1.0, 0.0, 0.0, 0.0, 0.0, 0.0, 0.0, 0.0]",108507,40258,N6,dismiss,-0.3,ts,2473,1
"[0.5636363636363637, -0.5636363636363637, 0.02750000000000008, -0.019662921348314606, 1.0, 0.0, 0.0, 0.0, 1.0, 0.7570950094690099, 1.0, 0.0, 0.0, 0.0, 0.0, 0.0, 0.0, 0.0]",109094,108839,N3,dismiss,-0.3,ts,2699,1
"[0.8482142857142858, -0.8482142857142858, -0.14285714285714285, 0.0, 0.0, 0.0, 0.0, 0.0, 1.0, 0.913901854423174, 1.0, 0.0, 0.0, 0.0, 0.0, 0.0, 0.0, 0.0]",164512,18185,N3,dismiss,-0.3,ts,1124,1
"[0.1666666666666667, -0.1666666666666667, -0.13333333333333333, -0.3, -0.16, 0.0, 0.0, 0.0, 1.0, 0.6556594342490147, 1.0, 0.0, 0.0, 0.0, 0.0, 0.0, 0.0, 0.0]",18490,156539,N3,dismiss,-0.3,ts,1748,0
"[0.3636363636363637, -0.3636363636363637, -0.0003316749585405642, 0.0, 0.0, 0.0, 0.0, 0.0, 1.0, 0.8741438093578355, 1.0, 0.0, 0.0, 0.0, 0.0, 0.0, 0.0, 0.0]",15532,74278,N3,dismiss,-0.3,ts,2866,0
"[0.1200000000000001, -0.1200000000000001, 0.1455847255369929, -0.10979228486646884, -0.040000000000000036, 0.0, 0.0, 0.0, 1.0, 0.7028933119434595, 1.0, 0.0, 0.0, 0.0, 0.0, 0.0, 0.0, 0.0]",57278,59424,N1,dismiss,-0.3,ts,948,1
"[0.125, -0.125, 0.0, -0.06666666666666667, 0.0, 0.0, 0.0, 0.0, 1.0, 0.777609297833477, 1.0, 0.0, 0.0, 0.0, 0.0, 0.0, 0.0, 0.0]",139964,175348,N3,accept,0.38749999999999996,ts,1525,1
"[0.5, -0.5, -0.033333333333333375, -0.744927536231884, -0.23999999999999994, 0.0, 0.0, 0.0, 1.0, 0.722516941965584, 1.0, 0.0, 0.0, 0.0, 0.0, 0.0, 0.0, 0.0]",19594,19600,N3,dismiss,-0.3,ts,418,1
"[0.3032258064516129, -0.3032258064516129, -0.046875, -0.002849002849002849, 0.07142857142857142, 0.0, 0.0, 0.0, 1.0, 0.817748560930307, 1.0, 0.0, 0.0, 0.0, 0.0, 0.0, 0.0, 0.0]",15686,15687,N3,dismiss,-0.3,ts,1431,0
"[0.7518181818181818, -0.7518181818181818, 0.021545319465081657, 0.06, 0.0, 0.0, 0.0, 0.0, 1.0, 0.9271629773100043, 1.0, 0.0, 0.0, 0.0, 0.0, 0.0, 0.0, 0.0]",63997,81568,N3,accept,0.8262727272727273,ts,1209,1
"[0.648, -0.648, 0.1801637852593267, 0.20863309352517986, 1.0, 0.0, 0.0, 0.0, 1.0, 0.678459202837453, 1.0, 0.0, 0.0, 0.0, 0.0, 0.0, 0.0, 0.0]",185410,107554,N6,dismiss,-0.3,ts,1519,1
"[0.5, -0.5, -0.28716461203770843, 0.0, 0.0, 0.0, 0.0, 0.0, 1.0, 0.8214037269579653, 1.0, 0.0, 0.0, 0.0, 0.0, 0.0, 0.0, 0.0]",141748,90177,N3,accept,0.6499999999999999,ts,1161,0
"[0.6, -0.6, -0.10370370370370366, 0.3348623853211009, 0.3333333333333333, 0.0, 0.0, 0.0, 1.0, 0.7454021480082622, 1.0, 0.0, 0.0, 0.0, 0.0, 0.0, 0.0, 0.0]",164355,29663,N3,dismiss,-0.3,ts,1721,1
"[0.4, -0.28, -0.2697495183044316, -0.18333333333333332, 1.0, 0.0, 0.0, 0.0, 1.0, 0.586722181322074, 1.0, 0.0, 0.0, 0.0, 0.0, 0.0, 0.0, 0.0]",16718,42569,N6,dismiss,-0.3,ts,2146,1
"[0.25, -0.25, -0.316628701594533, 0.02976190476190476, 0.20192307692307687, 0.0, 0.0, 0.0, 1.0, 0.6872552925450732, 1.0, 0.0, 0.0, 0.0, 0.0, 0.0, 0.0, 0.0]",117146,117045,N3,dismiss,-0.3,ts,718,0
"[0.25, -0.25, 0.0, -0.005747126436781609, -0.16666666666666666, 0.0, 0.0, 0.0, 1.0, 0.7953547792253595, 1.0, 0.0, 0.0, 0.0, 0.0, 0.0, 0.0, 0.0]",117105,117045,N1,dismiss,-0.3,ts,1959,1
"[0.5, -0.5, -0.09082652134423251, 0.06382978723404255, 1.0, 0.0, 0.0, 0.0, 1.0, 0.7140622006243711, 1.0, 0.0, 0.0, 0.0, 0.0, 0.0, 0.0, 0.0]",156584,170190,N3,dismiss,-0.3,ts,1469,1
"[0.3636363636363637, -0.3636363636363637, 0.0, 0.0, 0.0, 0.0, 0.0, 0.0, 1.0, 0.8742764353476687, 1.0, 0.0, 0.0, 0.0, 0.0, 0.0, 0.0, 0.0]",123031,123174,N3,dismiss,-0.3,ts,1466,0
"[0.47058823529411764, -0.47058823529411764, 0.0, 0.14, 0.18000000000000002, 0.0, 0.0, 0.0, 1.0, 0.8200410775686694, 1.0, 0.0, 0.0, 0.0, 0.0, 0.0, 0.0, 0.0]",37982,37953,N1,accept,0.6294117647058823,ts,2541,1
"[0.02500000000000002, -0.02500000000000002, -0.1863303498779495, 0.02, -0.07999999999999999, 0.0, 0.0, 0.0, 1.0, 0.6690903795112921, 1.0, 0.0, 0.0, 0.0, 0.0, 0.0, 0.0, 0.0]",130430,62539,N3,dismiss,-0.3,ts,1008,0
"[0.09090909090909098, -0.09090909090909098, -0.40298507462686567, 0.04735376044568245, 0.12, 0.0, 0.0, 0.0, 1.0, 0.6276520617961643, 1.0, 0.0, 0.0, 0.0, 0.0, 0.0, 0.0, 0.0]",30201,151841,N3,dismiss,-0.3,ts,1870,1
"[0.5599999999999999, -0.5599999999999999, -0.6336853807670928, 0.0, 0.0, 0.0, 0.0, 0.0, 1.0, 0.7777664588796329, 1.0, 0.0, 0.0, 0.0, 0.0, 0.0, 0.0, 0.0]",49130,49870,N3,dismiss,-0.3,ts,842,1
"[0.09999999999999998, -0.09999999999999998, 0.061946902654867304, -0.025787965616045846, 0.0, 0.0, 0.0, 0.0, 1.0, 0.75637571956917, 1.0, 0.0, 0.0, 0.0, 0.0, 0.0, 0.0, 0.0]",82376,123856,N3,dismiss,-0.3,ts,2498,1
"[0.2307692307692307, -0.2307692307692307, -0.0625, -0.48333333333333334, -0.38, 0.0, 0.0, 0.0, 1.0, 0.6369417018705579, 1.0, 0.0, 0.0, 0.0, 0.0, 0.0, 0.0, 0.0]",57385,41650,N3,dismiss,-0.3,ts,2757,1
"[0.29999999999999993, -0.29999999999999993, 0.24505928853754932, 0.1377245508982036, -0.05, 0.0, 0.0, 0.0, 1.0, 0.7275957762182046, 1.0, 0.0, 0.0, 0.0, 0.0, 0.0, 0.0, 0.0]",81498,180524,N6,dismiss,-0.3,ts,2534,1
"[0.5636363636363637, -0.5636363636363637, 0.22448979591836735, 0.09577464788732394, 1.0, 0.0, 0.0, 0.0, 1.0, 0.6877911266249941, 1.0, 0.0, 0.0, 0.0, 0.0, 0.0, 0.0, 0.0]",123023,107588,N3,dismiss,-0.3,ts,511,0
"[0.25, -0.25, 0.0, 0.0, 0.0, 0.0, 0.0, 0.0, 1.0, 0.8395893495876965, 1.0, 0.0, 0.0, 0.0, 0.0, 0.0, 0.0, 0.0]",116977,117045,N3,accept,0.475,ts,1364,0
"[0.25, -0.25, -0.24812030075187969, 0.005813953488372093, 0.041666666666666664, 0.0, 0.0, 0.0, 1.0, 0.7476249554836153, 1.0, 0.0, 0.0, 0.0, 0.0, 0.0, 0.0, 0.0]",174773,117045,N3,dismiss,-0.3,ts,2764,0
"[0.56, -0.56, 0.0, 1.0, -0.3333333333333333, 0.0, 0.0, 0.0, 1.0, 0.7152978852370033, 1.0, 0.0, 0.0, 0.0, 0.0, 0.0, 0.0, 0.0]",104684,169349,N3,dismiss,-0.3,ts,975,0
"[0.5170454545454546, -0.5170454545454546, -0.375, -0.5523255813953488, -0.6166666666666667, 0.0, 0.0, 0.0, 1.0, 0.6004091591068238, 1.0, 0.0, 0.0, 0.0, 0.0, 0.0, 0.0, 0.0]",31975,142262,N3,dismiss,-0.3,ts,1865,1
"[0.35714285714285715, -0.35714285714285715, -0.3704, 0.06989247311827956, -0.4411764705882353, 0.0, 0.0, 0.0, 1.0, 0.6602837202553663, 1.0, 0.0, 0.0, 0.0, 0.0, 0.0, 0.0, 0.0]",151762,130324,N3,dismiss,-0.3,ts,2682,0
"[0.25, -0.25, 0.0, 0.0, -0.10714285714285714, 0.0, 0.0, 0.0, 1.0, 0.8106570116385049, 1.0, 0.0, 0.0, 0.0, 0.0, 0.0, 0.0, 0.0]",43098,117045,N3,dismiss,-0.3,ts,1147,0
"[0.19999999999999993, -0.19999999999999993, 0.11764705882352941, 0.0, 0.0, 0.0, 0.0, 0.0, 1.0, 0.7808958257091974, 1.0, 0.0, 0.0, 0.0, 0.0, 0.0, 0.0, 0.0]",104417,18611,N3,dismiss,-0.3,ts,858,1
"[0.1, -0.07, -0.2697495183044316, -0.05, -0.17272727272727276, 0.0, 0.0, 0.0, 1.0, 0.63467239594446, 1.0, 0.0, 0.0, 0.0, 0.0, 0.0, 0.0, 0.0]",49082,49005,N3,dismiss,-0.3,ts,1640,0
"[0.25, -0.25, 0.2124062031015508, 0.001215066828675577, 0.0, 0.0, 0.0, 0.0, 1.0, 0.7700037600548302, 1.0, 0.0, 0.0, 0.0, 0.0, 0.0, 0.0, 0.0]",30337,15457,N3,dismiss,-0.3,ts,978,0
"[0.18749999999999997, -0.18749999999999997, -0.12513034410844628, -0.3898305084745763, 0.16666666666666666, 0.0, 0.0, 0.0, 1.0, 0.6504988653222983, 1.0, 0.0, 0.0, 0.0, 0.0, 0.0, 0.0, 0.0]",185391,78130,N1,accept,0.43124999999999997,ts,829,1
"[0.18831168831168835, -0.18831168831168835, 0.0, 0.15942028985507245, 0.18, 0.0, 0.0, 0.0, 1.0, 0.732496988669393, 1.0, 0.0, 0.0, 0.0, 0.0, 0.0, 0.0, 0.0]",151793,85224,N3,accept,0.4318181818181818,ts,1072,0
"[0.4, -0.4, -0.29684601113172543, 0.0, 0.0, 0.0, 0.0, 0.0, 1.0, 0.7947192856371645, 1.0, 0.0, 0.0, 0.0, 0.0, 0.0, 0.0, 0.0]",63943,49005,N3,accept,0.58,ts,1251,1
"[0.6136363636363636, -0.6136363636363636, -0.5736213757816941, -0.5710306406685237, -0.6166666666666667, 0.0, 0.0, 0.0, 1.0, 0.586602351571702, 1.0, 0.0, 0.0, 0.0, 0.0, 0.0, 0.0, 0.0]",43361,142262,N3,dismiss,-0.3,ts,661,1
"[0.35714285714285715, -0.35714285714285715, -0.3704, 0.06989247311827956, -0.4411764705882353, 0.0, 0.0, 0.0, 1.0, 0.6602837202553663, 1.0, 0.0, 0.0, 0.0, 0.0, 0.0, 0.0, 0.0]",151762,130324,N3,dismiss,-0.3,ts,1735,0
"[0.25, -0.25, 0.09090909090909091, 0.1, 0.49166666666666653, 0.0, 0.0, 0.0, 1.0, 0.6852588678547423, 1.0, 0.0, 0.0, 0.0, 0.0, 0.0, 0.0, 0.0]",110001,165914,N3,dismiss,-0.3,ts,2721,0
"[0.25, -0.25, 0.09090909090909091, 0.06944444444444445, -0.005555555555555635, 0.0, 0.0, 0.0, 1.0, 0.7852312004718296, 1.0, 0.0, 0.0, 0.0, 0.0, 0.0, 0.0, 0.0]",164892,165914,N3,dismiss,-0.3,ts,2151,0
"[0.6785714285714286, -0.6785714285714286, -0.18634607127522543, -0.05, -0.17272727272727276, 0.0, 0.0, 0.0, 1.0, 0.8219339185546796, 1.0, 0.0, 0.0, 0.0, 0.0, 0.0, 0.0, 0.0]",141736,49005,N3,accept,0.7749999999999999,ts,2339,1
"[0.26666666666666666, -0.26666666666666666, 0.05772136597159252, 0.09554140127388536, 0.125, 0.0, 0.0, 0.0, 1.0, 0.7639113047871336, 1.0, 0.0, 0.0, 0.0, 0.0, 0.0, 0.0, 0.0]",104690,169335,N3,dismiss,-0.3,ts,580,0
"[0.3636363636363637, -0.3636363636363637, 0.1013215859030837, 0.057971014492753624, 0.25, 0.0, 0.0, 0.0, 1.0, 0.7621489741842852, 1.0, 0.0, 0.0, 0.0, 0.0, 0.0, 0.0, 0.0]",123207,123174,N3,dismiss,-0.3,ts,1636,0
"[0.7767857142857143, -0.7767857142857143, -0.03924221921515569, -0.0049504950495049506, 0.28, 0.0, 0.0, 0.0, 1.0, 0.8747869244181319, 1.0, 0.0, 0.0, 0.0, 0.0, 0.0, 0.0, 0.0]",81395,170956,N3,dismiss,-0.3,ts,659,0
"[0.4, -0.4, -0.4794794794794795, -0.49130434782608695, 0.3157894736842105, 0.0, 0.0, 0.0, 1.0, 0.5968334567710198, 1.0, 0.0, 0.0, 0.0, 0.0, 0.0, 0.0, 0.0]",191335,183357,N3,dismiss,-0.3,ts,2133,1
"[0.0555555555555556, -0.0555555555555556, -0.16666666666666666, 0.01764705882352941, 0.13636363636363635, 0.0, 0.0, 0.0, 1.0, 0.6730847801914981, 1.0, 0.0, 0.0, 0.0, 0.0, 0.0, 0.0, 0.0]",123856,105724,N3,dismiss,-0.3,ts,620,1
"[0.8714285714285714, -0.8714285714285714, -0.17521902377972465, 0.10526315789473684, 0.631578947368421, 0.0, 0.0, 0.0, 1.0, 0.7707011798032538, 1.0, 0.0, 0.0, 0.0, 0.0, 0.0, 0.0, 0.0]",158639,170138,N3,dismiss,-0.3,ts,1868,1
"[0.1666666666666667, -0.1666666666666667, -0.13333333333333333, -0.3, -0.16, 0.0, 0.0, 0.0, 1.0, 0.6556594342490147, 1.0, 0.0, 0.0, 0.0, 0.0, 0.0, 0.0, 0.0]",18490,156539,N3,dismiss,-0.3,ts,748,0
"[0.12499999999999988, -0.12499999999999988, -0.5701990317374933, 0.01904761904761905, -0.13043478260869565, 0.0, 0.0, 0.0, 1.0, 0.6202220461384375, 1.0, 0.0, 0.0, 0.0, 0.0, 0.0, 0.0, 0.0]",84737,78135,N3,dismiss,-0.3,ts,2565,1
"[0.33333333333333337, -0.33333333333333337, -0.04368673415023976, 0.4751131221719457, 0.25, 0.0, 0.0, 0.0, 1.0, 0.6977738805226098, 1.0, 0.0, 0.0, 0.0, 0.0, 0.0, 0.0, 0.0]",104466,155669,N3,accept,0.5333333333333333,ts,2512,0
"[0.3636363636363637, -0.3636363636363637, 0.0, 0.0, 0.0, 0.0, 0.0, 0.0, 1.0, 0.8742764353476687, 1.0, 0.0, 0.0, 0.0, 0.0, 0.0, 0.0, 0.0]",123143,123174,N3,accept,0.5545454545454546,ts,1344,0
"[0.24999999999999992, -0.24999999999999992, -0.48413125336202256, 0.4, -0.2608695652173913, 0.0, 0.0, 0.0, 1.0, 0.5719602718423487, 1.0, 0.0, 0.0, 0.0, 0.0, 0.0, 0.0, 0.0]",84737,115240,N3,dismiss,-0.3,ts,1054,1
"[0.12499999999999988, -0.12499999999999988, 0.03177124702144559, -0.23684210526315788, 0.10526315789473684, 0.0, 0.0, 0.0, 1.0, 0.6989493880617605, 1.0, 0.0, 0.0, 0.0, 0.0, 0.0, 0.0, 0.0]",144703,144702,N3,accept,0.3874999999999999,ts,402,1
"[0.951111111111111, -0.951111111111111, -0.6111975116640747, -0.018315018315018316, -0.4782608695652174, 0.0, 0.0, 0.0, 1.0, 0.7338891115605114, 1.0, 0.0, 0.0, 0.0, 0.0, 0.0, 0.0, 0.0]",155648,92135,N3,dismiss,-0.3,ts,2284,1
"[0.415625, -0.415625, 0.1312500000000001, 0.0, 0.0, 0.0, 0.0, 0.0, 1.0, 0.8422044928641546, 1.0, 0.0, 0.0, 0.0, 0.0, 0.0, 0.0, 0.0]",152518,15139,N3,dismiss,-0.3,ts,1327,0
"[0.3636363636363637, -0.3636363636363637, 0.0, 0.0, 0.0, 0.0, 0.0, 0.0, 1.0, 0.8742764353476687, 1.0, 0.0, 0.0, 0.0, 0.0, 0.0, 0.0, 0.0]",123143,123174,N3,dismiss,-0.3,ts,1551,0
"[0.010909090909090839, -0.010909090909090839, -0.7835593220338983, -0.14285714285714285, -0.08333333333333333, 0.0, 0.0, 0.0, 1.0, 0.5355134964909132, 1.0, 0.0, 0.0, 0.0, 0.0, 0.0, 0.0, 0.0]",51122,115323,N3,dismiss,-0.3,ts,649,0
"[0.20000000000000007, -0.20000000000000007, -0.2488262910798122, -0.022727272727272728, -0.041666666666666664, 0.0, 0.0, 0.0, 1.0, 0.7257604933508731, 1.0, 0.0, 0.0, 0.0, 0.0, 0.0, 0.0, 0.0]",43334,31972,N3,dismiss,-0.3,ts,2709,1
"[0.2307692307692307, -0.2307692307692307, -0.16666666666666666, 1.0, 0.44000000000000006, 0.0, 0.0, 0.0, 1.0, 0.5428623010478525, 1.0, 0.0, 0.0, 0.0, 0.0, 0.0, 0.0, 0.0]",79461,133969,N3,accept,0.46153846153846145,ts,1235,1
"[0.46153846153846156, -0.46153846153846156, -0.7518796992481204, -0.03125, 0.11999999999999993, 0.0, 0.0, 0.0, 1.0, 0.7032303327527926, 1.0, 0.0, 0.0, 0.0, 0.0, 0.0, 0.0, 0.0]",175226,122732,N3,dismiss,-0.3,ts,1306,0
"[0.11458333333333333, -0.11458333333333333, 0.0, -0.6041131105398457, -0.8083333333333332, 0.0, 0.0, 0.0, 1.0, 0.5671434991422036, 1.0, 0.0, 0.0, 0.0, 0.0, 0.0, 0.0, 0.0]",107588,142262,N3,accept,0.3802083333333333,ts,1676,0
"[0.16666666666666666, -0.16666666666666666, -0.05447878470403348, -0.6273022751895991, 1.0, 0.0, 0.0, 0.0, 1.0, 0.5339550818124775, 1.0, 0.0, 0.0, 0.0, 0.0, 0.0, 0.0, 0.0]",185512,123511,N3,dismiss,-0.3,ts,843,1
"[0.3000000000000001, -0.3000000000000001, -0.528957528957529, 0.0, 0.0, 0.0, 0.0, 0.0, 1.0, 0.7249105321469098, 1.0, 0.0, 0.0, 0.0, 0.0, 0.0, 0.0, 0.0]",85444,85446,N3,accept,0.51,ts,2711,0
"[0.3333333333333333, -0.3333333333333333, -0.42588325652841785, -0.5696517412935324, -0.2, 0.0, 0.0, 0.0, 1.0, 0.5994156879372393, 1.0, 0.0, 0.0, 0.0, 0.0, 0.0, 0.0, 0.0]",116359,158410,N3,dismiss,-0.3,ts,2419,1
"[0.87, -0.87, -0.375, -0.5698924731182796, -0.1, 0.0, 0.0, 0.0, 1.0, 0.7310172927722286, 1.0, 0.0, 0.0, 0.0, 0.0, 0.0, 0.0, 0.0]",126323,81568,N3,accept,0.909,ts,1013,0
"[0.49074074074074076, -0.49074074074074076, -0.2288984263233191, 0.0, 0.0, 0.0, 0.0, 0.0, 1.0, 0.8332326568746531, 1.0, 0.0, 0.0, 0.0, 0.0, 0.0, 0.0, 0.0]",147468,152267,N3,dismiss,-0.3,ts,2692,1
"[0.3500000000000001, -0.3500000000000001, 0.0, -0.3611111111111111, 0.043478260869565216, 0.0, 0.0, 0.0, 1.0, 0.7807457601820568, 1.0, 0.0, 0.0, 0.0, 0.0, 0.0, 0.0, 0.0]",110120,48548,N3,accept,0.545,ts,713,0
"[0.47058823529411764, -0.47058823529411764, 0.07142857142857142, -0.5081967213114754, 0.06000000000000001, 0.0, 0.0, 0.0, 1.0, 0.7627203820740563, 1.0, 0.0, 0.0, 0.0, 0.0, 0.0, 0.0, 0.0]",118798,70937,N3,dismiss,-0.3,ts,2719,1
"[0.1666666666666667, -0.1666666666666667, -0.13333333333333333, -0.3, -0.16, 0.0, 0.0, 0.0, 1.0, 0.6556594342490147, 1.0, 0.0, 0.0, 0.0, 0.0, 0.0, 0.0, 0.0]",18490,156539,N3,dismiss,-0.3,ts,858,0
"[0.7916666666666666, -0.7916666666666666, 0.2245601931700587, 0.09239130434782608, -0.030303030303030304, 0.0, 0.0, 0.0, 1.0, 0.8509601682254988, 1.0, 0.0, 0.0, 0.0, 0.0, 0.0, 0.0, 0.0]",71447,170956,N3,dismiss,-0.3,ts,2353,1
"[0.8714285714285714, -0.8714285714285714, -0.37771482530689326, 0.10526315789473684, 0.631578947368421, 0.0, 0.0, 0.0, 1.0, 0.7237870292705296, 1.0, 0.0, 0.0, 0.0, 0.0, 0.0, 0.0, 0.0]",180520,170138,N3,dismiss,-0.3,ts,966,1
"[0.415625, -0.415625, 0.1312500000000001, 0.0, 0.0, 0.0, 0.0, 0.0, 1.0, 0.8422044928641546, 1.0, 0.0, 0.0, 0.0, 0.0, 0.0, 0.0, 0.0]",152518,15139,N3,dismiss,-0.3,ts,2296,1
"[0.2, -0.2, 0.10110110110110104, -0.6043478260869565, 0.05263157894736842, 0.0, 0.0, 0.0, 1.0, 0.6660152152276981, 1.0, 0.0, 0.0, 0.0, 0.0, 0.0, 0.0, 0.0]",191335,127600,N3,dismiss,-0.3,ts,2438,0
"[0.12499999999999988, -0.12499999999999988, 0.10010010010010009, -0.40816326530612246, 0.16666666666666666, 0.0, 0.0, 0.0, 1.0, 0.6338342497514019, 1.0, 0.0, 0.0, 0.0, 0.0, 0.0, 0.0, 0.0]",155975,180522,N3,accept,0.3874999999999999,ts,1033,1
"[0.3636363636363637, -0.3636363636363637, 0.0, 0.061046511627906974, 0.0, 0.0, 0.0, 0.0, 1.0, 0.8570363402900383, 1.0, 0.0, 0.0, 0.0, 0.0, 0.0, 0.0, 0.0]",123210,123174,N3,dismiss,-0.3,ts,2921,0
"[0.3636363636363637, -0.3636363636363637, -0.37672651933701656, 0.023809523809523808, -0.03333333333333333, 0.0, 0.0, 0.0, 1.0, 0.7517746794580583, 1.0, 0.0, 0.0, 0.0, 0.0, 0.0, 0.0, 0.0]",135543,123439,N3,accept,0.5545454545454546,ts,833,0
"[0.13846153846153844, -0.13846153846153844, -0.04767580452920143, 0.009259259259259259, 0.14285714285714285, 0.0, 0.0, 0.0, 1.0, 0.7429691792392996, 1.0, 0.0, 0.0, 0.0, 0.0, 0.0, 0.0, 0.0]",78130,115245,N3,dismiss,-0.3,ts,2293,1
"[0.1666666666666667, -0.1666666666666667, -0.15503875968992248, -0.03669724770642202, 0.0, 0.0, 0.0, 0.0, 1.0, 0.7472928128791391, 1.0, 0.0, 0.0, 0.0, 0.0, 0.0, 0.0, 0.0]",92712,143384,N3,dismiss,-0.3,ts,1128,1
"[0.22222222222222215, -0.22222222222222215, -0.09255898366606173, 0.16153846153846155, 0.020000000000000018, 0.0, 0.0, 0.0, 1.0, 0.7492855744837049, 1.0, 0.0, 0.0, 0.0, 0.0, 0.0, 0.0, 0.0]",87131,108112,N3,dismiss,-0.3,ts,2443,0
"[0.375, -0.375, 0.1629802095459837, -0.02857142857142857, -0.015999999999999945, 0.0, 0.0, 0.0, 1.0, 0.8087691028352987, 1.0, 0.0, 0.0, 0.0, 0.0, 0.0, 0.0, 0.0]",19856,71092,N3,dismiss,-0.3,ts,1343,0
"[0.18181818181818185, -0.18181818181818185, -0.20333333333333334, 0.12037037037037036, 0.0, 0.0, 0.0, 0.0, 1.0, 0.7176202147917767, 1.0, 0.0, 0.0, 0.0, 0.0, 0.0, 0.0, 0.0]",56406,86760,N3,dismiss,-0.3,ts,2239,0
"[0.19999999999999993, -0.19999999999999993, 0.06666666666666667, 0.02, -0.16, 0.0, 0.0, 0.0, 1.0, 0.7509035883553894, 1.0, 0.0, 0.0, 0.0, 0.0, 0.0, 0.0, 0.0]",71728,40998,N3,accept,0.43999999999999995,ts,1949,0
"[0.3333333333333333, -0.3333333333333333, -0.058823529411764705, -0.08, -0.36, 0.0, 0.0, 0.0, 1.0, 0.7441656491344851, 1.0, 0.0, 0.0, 0.0, 0.0, 0.0, 0.0, 0.0]",40189,40998,N3,dismiss,-0.3,ts,1294,0
"[0.35483870967741926, -0.35483870967741926, -0.25974025974025977, 0.0, 0.0, 0.0, 0.0, 0.0, 1.0, 0.790742212554951, 1.0, 0.0, 0.0, 0.0, 0.0, 0.0, 0.0, 0.0]",63937,48997,N3,dismiss,-0.3,ts,1063,0
"[0.7162162162162162, -0.7162162162162162, 0.03710575139146568, -0.08256880733944955, -0.21428571428571427, 0.0, 0.0, 0.0, 1.0, 0.858348687981883, 1.0, 0.0, 0.0, 0.0, 0.0, 0.0, 0.0, 0.0]",63923,16731,N3,dismiss,-0.3,ts,2383,1
"[0.1666666666666667, -0.1666666666666667, 0.0, 0.3, 0.22000000000000003, 0.0, 0.0, 0.0, 1.0, 0.6901568741775026, 1.0, 0.0, 0.0, 0.0, 0.0, 0.0, 0.0, 0.0]",29439,61090,N3,dismiss,-0.3,ts,2998,0
"[0.12, -0.12, -0.05685714285714291, 0.4918032786885246, -0.28125, 0.0, 0.0, 0.0, 1.0, 0.6145842187374708, 1.0, 0.0, 0.0, 0.0, 0.0, 0.0, 0.0, 0.0]",104681,86743,N3,dismiss,-0.3,ts,1305,1
"[0.06211180124223608, -0.06211180124223608, 0.0, -0.15968586387434555, 0.2631578947368421, 0.0, 0.0, 0.0, 1.0, 0.6708322026650078, 1.0, 0.0, 0.0, 0.0, 0.0, 0.0, 0.0, 0.0]",103705,103704,N3,accept,0.34347826086956523,ts,1353,1
"[0.3636363636363637, -0.3636363636363637, 0.0, 0.016713091922005572, 0.15384615384615385, 0.0, 0.0, 0.0, 1.0, 0.8296166021577667, 1.0, 0.0, 0.0, 0.0, 0.0, 0.0, 0.0, 0.0]",123140,123174,N3,accept,0.5545454545454546,ts,1376,0
"[0.3636363636363637, -0.3636363636363637, 0.0, 0.0, 0.0, 0.0, 0.0, 0.0, 1.0, 0.8742764353476687, 1.0, 0.0, 0.0, 0.0, 0.0, 0.0, 0.0, 0.0]",123141,123174,N3,accept,0.5545454545454546,ts,1909,0
"[0.28571428571428575, -0.28571428571428575, 0.23592419664927214, 0.4583333333333333, -0.1, 0.0, 0.0, 0.0, 1.0, 0.658588363112707, 1.0, 0.0, 0.0, 0.0, 0.0, 0.0, 0.0, 0.0]",139086,127333,N3,dismiss,-0.3,ts,2942,0
"[0.31034482758620696, -0.31034482758620696, -0.7581317764804003, -0.9132947976878613, -0.8941176470588235, 0.0, 0.0, 0.0, 1.0, 0.45178117677251567, 1.0, 0.0, 0.0, 0.0, 0.0, 0.0, 0.0, 0.0]",64502,70828,N3,dismiss,-0.3,ts,1901,1
"[0.09999999999999996, -0.09999999999999996, 0.0, 0.03870967741935484, -0.045454545454545456, 0.0, 0.0, 0.0, 1.0, 0.7630116146408217, 1.0, 0.0, 0.0, 0.0, 0.0, 0.0, 0.0, 0.0]",111130,108202,N3,dismiss,-0.3,ts,2443,0
"[0.20000000000000004, -0.20000000000000004, -0.17521902377972465, 0.007246376811594203, 0.02500000000000006, 0.0, 0.0, 0.0, 1.0, 0.7542302249952597, 1.0, 0.0, 0.0, 0.0, 0.0, 0.0, 0.0, 0.0]",53366,19865,N3,dismiss,-0.3,ts,2394,1
"[0.19999999999999993, -0.19999999999999993, -0.1875, 0.0, 0.0, 0.0, 0.0, 0.0, 1.0, 0.7602860088710922, 1.0, 0.0, 0.0, 0.0, 0.0, 0.0, 0.0, 0.0]",73358,117926,N3,accept,0.43999999999999995,ts,2499,0
"[0.3000000000000001, -0.3000000000000001, -0.528957528957529, 0.0, 0.0, 0.0, 0.0, 0.0, 1.0, 0.7249105321469098, 1.0, 0.0, 0.0, 0.0, 0.0, 0.0, 0.0, 0.0]",85444,85446,N3,dismiss,-0.3,ts,2011,0
"[0.16666666666666663, -0.16666666666666663, 0.0612765957446809, -0.11475409836065574, -0.45999999999999996, 0.0, 0.0, 0.0, 1.0, 0.6671779591632033, 1.0, 0.0, 0.0, 0.0, 0.0, 0.0, 0.0, 0.0]",83437,185708,N3,dismiss,-0.3,ts,1605,0
"[0.20000000000000004, -0.20000000000000004, -0.5272727272727272, 0.1978021978021978, 0.3, 0.0, 0.0, 0.0, 1.0, 0.5758109939927043, 1.0, 0.0, 0.0, 0.0, 0.0, 0.0, 0.0, 0.0]",127600,169893,N3,dismiss,-0.3,ts,2430,1
"[0.7794117647058824, -0.7794117647058824, -0.45333333333333337, 0.43258426966292135, 0.05555555555555555, 0.0, 0.0, 0.0, 1.0, 0.7341439047632545, 1.0, 0.0, 0.0, 0.0, 0.0, 0.0, 0.0, 0.0]",138519,155668,N3,accept,0.8455882352941175,ts,1795,1
"[0.6375, -0.6375, 0.0, -0.02158273381294964, 0.0, 0.0, 0.0, 0.0, 1.0, 0.9293128096864788, 1.0, 0.0, 0.0, 0.0, 0.0, 0.0, 0.0, 0.0]",85325,40258,N3,dismiss,-0.3,ts,481,0
"[0.20000000000000007, -0.20000000000000007, -0.13397860417727964, 0.0, 0.0, 0.0, 0.0, 0.0, 1.0, 0.7758162558060495, 1.0, 0.0, 0.0, 0.0, 0.0, 0.0, 0.0, 0.0]",90181,115238,N3,dismiss,-0.3,ts,1277,1
"[0.2941176470588236, -0.2941176470588236, 0.0, 1.0, 0.48, 0.0, 0.0, 0.0, 1.0, 0.6188615559348754, 1.0, 0.0, 0.0, 0.0, 0.0, 0.0, 0.0, 0.0]",51575,50956,N3,dismiss,-0.3,ts,2237,0
"[0.25, -0.25, -0.316628701594533, 0.02976190476190476, 0.20192307692307687, 0.0, 0.0, 0.0, 1.0, 0.6872552925450732, 1.0, 0.0, 0.0, 0.0, 0.0, 0.0, 0.0, 0.0]",117146,117045,N3,dismiss,-0.3,ts,2737,0
"[0.3636363636363637, -0.3636363636363637, 0.0, 0.0, 0.0, 0.0, 0.0, 0.0, 1.0, 0.8742764353476687, 1.0, 0.0, 0.0, 0.0, 0.0, 0.0, 0.0, 0.0]",123054,123174,N3,dismiss,-0.3,ts,2359,0
"[0.1111111111111111, -0.1111111111111111, 0.14492753623188406, -0.6622807017543859, 0.125, 0.0, 0.0, 0.0, 1.0, 0.5976675593139278, 1.0, 0.0, 0.0, 0.0, 0.0, 0.0, 0.0, 0.0]",87177,183583,N3,dismiss,-0.3,ts,405,0
"[0.14, -0.14, 0.06068268015170685, 0.0, 0.0, 0.0, 0.0, 0.0, 1.0, 0.7788836843497392, 1.0, 0.0, 0.0, 0.0, 0.0, 0.0, 0.0, 0.0]",72622,79362,N3,dismiss,-0.3,ts,2136,0
"[0.16666666666666666, -0.16666666666666666, -0.46822742474916385, -0.369620253164557, -0.28, 0.0, 0.0, 0.0, 1.0, 0.5469355133928794, 1.0, 0.0, 0.0, 0.0, 0.0, 0.0, 0.0, 0.0]",121907,41685,N3,accept,0.41666666666666663,ts,2126,1
"[0.6228571428571429, -0.6228571428571429, 0.0, -0.08, -0.09090909090909091, 0.0, 0.0, 0.0, 1.0, 0.8860309527056134, 1.0, 0.0, 0.0, 0.0, 0.0, 0.0, 0.0, 0.0]",174761,48998,N3,dismiss,-0.3,ts,1929,1
"[0.5599999999999999, -0.5599999999999999, 0.0013342228152101116, 0.014035087719298246, 0.03571428571428559, 0.0, 0.0, 0.0, 1.0, 0.9064267245263649, 1.0, 0.0, 0.0, 0.0, 0.0, 0.0, 0.0, 0.0]",104485,114138,N3,dismiss,-0.3,ts,1691,0
"[0.20000000000000007, -0.20000000000000007, -0.07166556071665561, 0.005698005698005698, 0.07142857142857142, 0.0, 0.0, 0.0, 1.0, 0.7744535627634775, 1.0, 0.0, 0.0, 0.0, 0.0, 0.0, 0.0, 0.0]",74279,88669,N3,dismiss,-0.3,ts,1573,1
"[0.14285714285714288, -0.14285714285714288, 0.08411892675852069, 0.0, 0.0, 0.0, 0.0, 0.0, 1.0, 0.7717968012528305, 1.0, 0.0, 0.0, 0.0, 0.0, 0.0, 0.0, 0.0]",141774,174759,N3,dismiss,-0.3,ts,2136,0
"[0.5, -0.5, -0.2748368382886149, 0.0, 0.0, 0.0, 0.0, 0.0, 1.0, 0.8242148607647296, 1.0, 0.0, 0.0, 0.0, 0.0, 0.0, 0.0, 0.0]",141748,93859,N3,dismiss,-0.3,ts,1437,1
"[0.13333333333333344, -0.13333333333333344, -0.1, -0.75, -0.44000000000000006, 0.0, 0.0, 0.0, 1.0, 0.5587769414463242, 1.0, 0.0, 0.0, 0.0, 0.0, 0.0, 0.0, 0.0]",70105,79461,N3,dismiss,-0.3,ts,2728,0
"[0.5714285714285715, -0.5714285714285715, 0.14285714285714285, 0.0, 0.0, 0.0, 0.0, 0.0, 1.0, 0.8739911261937419, 1.0, 0.0, 0.0, 0.0, 0.0, 0.0, 0.0, 0.0]",18468,60788,N3,dismiss,-0.3,ts,1682,0
"[0.24999999999999997, -0.24999999999999997, -0.18882352941176475, 0.0, 0.0, 0.0, 0.0, 0.0, 1.0, 0.7766838274694299, 1.0, 0.0, 0.0, 0.0, 0.0, 0.0, 0.0, 0.0]",38239,141751,N3,accept,0.475,ts,1494,1
"[0.25, -0.25, -0.24812030075187969, 0.0581039755351682, 0.32978723404255317, 0.0, 0.0, 0.0, 1.0, 0.6724565857057285, 1.0, 0.0, 0.0, 0.0, 0.0, 0.0, 0.0, 0.0]",82380,117045,N3,dismiss,-0.3,ts,1812,0
"[0.13333333333333328, -0.13333333333333328, -0.04120070629782221, -0.05084745762711865, -0.07999999999999999, 0.0, 0.0, 0.0, 1.0, 0.7468416070854169, 1.0, 0.0, 0.0, 0.0, 0.0, 0.0, 0.0, 0.0]",87097,143094,N3,dismiss,-0.3,ts,1324,1
"[0.2307692307692307, -0.2307692307692307, 0.0, 0.0, 0.0, 0.0, 0.0, 0.0, 1.0, 0.8332400438137636, 1.0, 0.0, 0.0, 0.0, 0.0, 0.0, 0.0, 0.0]",57385,18616,N3,accept,0.46153846153846145,ts,651,1
"[0.2380952380952381, -0.2380952380952381, -0.31282586027111575, 0.007246376811594203, 0.0, 0.0, 0.0, 0.0, 1.0, 0.7404980311243222, 1.0, 0.0, 0.0, 0.0, 0.0, 0.0, 0.0, 0.0]",154624,19865,N3,dismiss,-0.3,ts,920,1
"[0.20000000000000007, -0.20000000000000007, -0.005644090305444944, -0.002785515320334262, -0.44, 0.0, 0.0, 0.0, 1.0, 0.7319673170502825, 1.0, 0.0, 0.0, 0.0, 0.0, 0.0, 0.0, 0.0]",30202,135483,N3,dismiss,-0.3,ts,743,0
"[0.1666666666666667, -0.1666666666666667, 0.07142857142857142, 0.0, 0.0, 0.0, 0.0, 0.0, 1.0, 0.7846052455509637, 1.0, 0.0, 0.0, 0.0, 0.0, 0.0, 0.0, 0.0]",51616,71728,N3,dismiss,-0.3,ts,2231,1
"[0.75, -0.75, -0.2602602602602602, 0.0165016501650165, -0.632, 0.0, 0.0, 0.0, 1.0, 0.7586760576708721, 1.0, 0.0, 0.0, 0.0, 0.0, 0.0, 0.0, 0.0]",158417,140660,N3,dismiss,-0.3,ts,612,1
"[0.16666666666666663, -0.16666666666666663, -0.1497064579256361, -0.04, -0.039999999999999994, 0.0, 0.0, 0.0, 1.0, 0.7364152237187678, 1.0, 0.0, 0.0, 0.0, 0.0, 0.0, 0.0, 0.0]",122734,81996,N3,dismiss,-0.3,ts,2791,0
"[0.20000000000000007, -0.20000000000000007, -0.00663349917081258, -0.002785515320334262, -0.44, 0.0, 0.0, 0.0, 1.0, 0.7315763827558615, 1.0, 0.0, 0.0, 0.0, 0.0, 0.0, 0.0, 0.0]",43347,135483,N3,dismiss,-0.3,ts,2183,0
"[0.35999999999999993, -0.35999999999999993, 0.125, 1.0, 1.0, 0.0, 0.0, 0.0, 1.0, 0.5327936544339077, 1.0, 0.0, 0.0, 0.0, 0.0, 0.0, 0.0, 0.0]",18355,51061,N3,dismiss,-0.3,ts,2659,0
"[0.5599999999999999, -0.5599999999999999, 0.0009099181073703173, 0.34532374100719426, 1.0, 0.0, 0.0, 0.0, 1.0, 0.709884034192077, 1.0, 0.0, 0.0, 0.0, 0.0, 0.0, 0.0, 0.0]",185410,89763,N3,dismiss,-0.3,ts,463,1
"[0.5636363636363637, -0.5636363636363637, -0.43781094527363185, -0.04143646408839779, 1.0, 0.0, 0.0, 0.0, 1.0, 0.6638629182151004, 1.0, 0.0, 0.0, 0.0, 0.0, 0.0, 0.0, 0.0]",174793,108828,N3,dismiss,-0.3,ts,2152,1
"[0.3636363636363637, -0.3636363636363637, 0.0027777777777778173, -0.019943019943019943, 1.0, 0.0, 0.0, 0.0, 1.0, 0.7179568439356568, 1.0, 0.0, 0.0, 0.0, 0.0, 0.0, 0.0, 0.0]",30103,123439,N3,dismiss,-0.3,ts,2948,0
"[0.16666666666666666, -0.16666666666666666, 0.052770448548812667, -0.07661290322580645, -0.42857142857142855, 0.0, 0.0, 0.0, 1.0, 0.6835435225904474, 1.0, 0.0, 0.0, 0.0, 0.0, 0.0, 0.0, 0.0]",89593,185375,N3,dismiss,-0.3,ts,610,1
"[0.24999999999999997, -0.24999999999999997, -0.4117647058823529, 0.0, 0.0, 0.0, 0.0, 0.0, 1.0, 0.7273653355460075, 1.0, 0.0, 0.0, 0.0, 0.0, 0.0, 0.0, 0.0]",51607,174753,N3,dismiss,-0.3,ts,2273,0
"[0.3, -0.3, 0.11142061281337048, -0.06153846153846154, 0.11764705882352941, 0.0, 0.0, 0.0, 1.0, 0.7667032319168018, 1.0, 0.0, 0.0, 0.0, 0.0, 0.0, 0.0, 0.0]",110152,185563,N3,dismiss,-0.3,ts,1958,1
"[0.4545454545454546, -0.4545454545454546, -0.014388489208633, 0.03254437869822485, 0.6666666666666666, 0.0, 0.0, 0.0, 1.0, 0.7725888753691011, 1.0, 0.0, 0.0, 0.0, 0.0, 0.0, 0.0, 0.0]",108746,108839,N3,dismiss,-0.3,ts,593,1
"[0.1200000000000001, -0.1200000000000001, 0.1455847255369929, -0.054878048780487805, -0.8250000000000001, 0.0, 0.0, 0.0, 1.0, 0.6072134063167107, 1.0, 0.0, 0.0, 0.0, 0.0, 0.0, 0.0, 0.0]",57551,59423,N3,dismiss,-0.3,ts,2793,1
"[0.20000000000000007, -0.20000000000000007, -0.4706467661691542, -0.04735376044568245, -0.12, 0.0, 0.0, 0.0, 1.0, 0.6552927486227715, 1.0, 0.0, 0.0, 0.0, 0.0, 0.0, 0.0, 0.0]",30201,107170,N3,dismiss,-0.3,ts,2002,1
"[0.1111111111111112, -0.1111111111111112, -0.5135678391959799, 0.0, 0.0, 0.0, 0.0, 0.0, 1.0, 0.6628913050757039, 1.0, 0.0, 0.0, 0.0, 0.0, 0.0, 0.0, 0.0]",16809,110501,N3,dismiss,-0.3,ts,615,0
"[0.2, -0.2, -0.1010222489476849, -0.30522088353413657, 0.1111111111111111, 0.0, 0.0, 0.0, 1.0, 0.6878171106346154, 1.0, 0.0, 0.0, 0.0, 0.0, 0.0, 0.0, 0.0]",52481,158410,N3,dismiss,-0.3,ts,2172,1
"[0.8530612244897959, -0.8530612244897959, -0.3026455026455026, 0.10526315789473684, 0.631578947368421, 0.0, 0.0, 0.0, 1.0, 0.7372147538127957, 1.0, 0.0, 0.0, 0.0, 0.0, 0.0, 0.0, 0.0]",180524,170138,N3,accept,0.897142857142857,ts,781,0
"[0.027027027027027053, -0.027027027027027053, 0.0, 0.07736389684813753, -0.2, 0.0, 0.0, 0.0, 1.0, 0.6891748428275339, 1.0, 0.0, 0.0, 0.0, 0.0, 0.0, 0.0, 0.0]",63922,63878,N3,dismiss,-0.3,ts,2020,1
"[0.6818181818181819, -0.6818181818181819, -0.050125313283208024, 0.18840579710144928, -0.51, 0.0, 0.0, 0.0, 1.0, 0.7806619322864332, 1.0, 0.0, 0.0, 0.0, 0.0, 0.0, 0.0, 0.0]",48998,49086,N3,dismiss,-0.3,ts,1684,0
"[0.1764705882352941, -0.1764705882352941, 0.0, 0.05045871559633028, 0.0, 0.0, 0.0, 0.0, 1.0, 0.8002741033846621, 1.0, 0.0, 0.0, 0.0, 0.0, 0.0, 0.0, 0.0]",173998,173997,N3,dismiss,-0.3,ts,2996,0
"[0.33333333333333337, -0.33333333333333337, -0.3220035778175313, 0.09333333333333334, -0.5545454545454546, 0.0, 0.0, 0.0, 1.0, 0.6445028751316437, 1.0, 0.0, 0.0, 0.0, 0.0, 0.0, 0.0, 0.0]",16731,49086,N3,dismiss,-0.3,ts,2432,0
"[0.24999999999999992, -0.24999999999999992, -0.18808777429467086, -0.007194244604316547, -0.02439024390243908, 0.0, 0.0, 0.0, 1.0, 0.7676014166610969, 1.0, 0.0, 0.0, 0.0, 0.0, 0.0, 0.0, 0.0]",113424,125887,N3,accept,0.4749999999999999,ts,1336,0
"[0.8125, -0.8125, -0.5953125, -0.1457286432160804, -0.7545454545454545, 0.0, 0.0, 0.0, 1.0, 0.6658702262119682, 1.0, 0.0, 0.0, 0.0, 0.0, 0.0, 0.0, 0.0]",69111,145532,N3,dismiss,-0.3,ts,2519,1
"[0.13333333333333344, -0.13333333333333344, -0.18181818181818182, -0.75, -0.44000000000000006, 0.0, 0.0, 0.0, 1.0, 0.5340595765105035, 1.0, 0.0, 0.0, 0.0, 0.0, 0.0, 0.0, 0.0]",18239,79461,N3,dismiss,-0.3,ts,2531,0
"[0.36000000000000004, -0.36000000000000004, -0.4222222222222222, -0.5219298245614035, 0.625, 0.0, 0.0, 0.0, 1.0, 0.5549958897272307, 1.0, 0.0, 0.0, 0.0, 0.0, 0.0, 0.0, 0.0]",118876,169893,N3,dismiss,-0.3,ts,2615,1
"[0.2000000000000001, -0.2000000000000001, 0.1925876902713435, 0.23417721518987342, -0.05999999999999996, 0.0, 0.0, 0.0, 1.0, 0.6858372203509444, 1.0, 0.0, 0.0, 0.0, 0.0, 0.0, 0.0, 0.0]",147858,83435,N3,dismiss,-0.3,ts,495,0
"[0.5636363636363637, -0.5636363636363637, -0.10601265822784818, -0.022535211267605635, 0.8333333333333334, 0.0, 0.0, 0.0, 1.0, 0.7556815464153064, 1.0, 0.0, 0.0, 0.0, 0.0, 0.0, 0.0, 0.0]",109410,108828,N3,dismiss,-0.3,ts,471,1
"[0.889795918367347, -0.889795918367347, -0.6873826903023983, 0.35185185185185186, -0.375, 0.0, 0.0, 0.0, 1.0, 0.6632451610251665, 1.0, 0.0, 0.0, 0.0, 0.0, 0.0, 0.0, 0.0]",55915,128284,N3,dismiss,-0.3,ts,1794,1
"[0.11111111111111115, -0.11111111111111115, -0.19748953974895392, 0.4628099173553719, -0.25, 0.0, 0.0, 0.0, 1.0, 0.5764463855064232, 1.0, 0.0, 0.0, 0.0, 0.0, 0.0, 0.0, 0.0]",86760,185391,N3,dismiss,-0.3,ts,2843,1
"[0.3636363636363637, -0.3636363636363637, -0.056651017214397456, -0.002840909090909091, 0.16666666666666666, 0.0, 0.0, 0.0, 1.0, 0.8094824635768882, 1.0, 0.0, 0.0, 0.0, 0.0, 0.0, 0.0, 0.0]",74282,74278,N3,dismiss,-0.3,ts,2030,1
"[0.25, -0.25, -0.7625099285146941, -0.32338308457711445, -0.984375, 0.0, 0.0, 0.0, 1.0, 0.48261789721960435, 1.0, 0.0, 0.0, 0.0, 0.0, 0.0, 0.0, 0.0]",127415,134921,N3,accept,0.475,ts,2501,1
"[0.20000000000000007, -0.20000000000000007, 0.09090909090909091, -0.019943019943019943, -0.17857142857142858, 0.0, 0.0, 0.0, 1.0, 0.7386644578940104, 1.0, 0.0, 0.0, 0.0, 0.0, 0.0, 0.0, 0.0]",162722,31972,N3,dismiss,-0.3,ts,2153,1
"[0.014492753623188259, -0.014492753623188259, 0.211283185840708, -0.26, 0.0, 0.0, 0.0, 0.0, 1.0, 0.6256845598961668, 1.0, 0.0, 0.0, 0.0, 0.0, 0.0, 0.0, 0.0]",79808,77265,N3,accept,0.3101449275362318,ts,728,0
"[0.39999999999999997, -0.39999999999999997, 0.1097533881359699, 0.48717948717948717, -0.08695652173913043, 0.0, 0.0, 0.0, 1.0, 0.72751596380738, 1.0, 0.0, 0.0, 0.0, 0.0, 0.0, 0.0, 0.0]",120796,47180,N3,dismiss,-0.3,ts,2512,0
"[0.55, -0.55, -0.008365019011406936, 0.005434782608695652, -0.38, 0.0, 0.0, 0.0, 1.0, 0.834655709896273, 1.0, 0.0, 0.0, 0.0, 0.0, 0.0, 0.0, 0.0]",85163,128279,N3,dismiss,-0.3,ts,2100,1
"[0.4545454545454546, -0.4545454545454546, -0.060150375939849676, 0.02046783625730994, 0.8181818181818182, 0.0, 0.0, 0.0, 1.0, 0.7486924175651021, 1.0, 0.0, 0.0, 0.0, 0.0, 0.0, 0.0, 0.0]",107170,107563,N3,dismiss,-0.3,ts,714,1
"[0.4, -0.4, -0.38916591115140525, 0.0, 0.0, 0.0, 0.0, 0.0, 1.0, 0.7760966621843771, 1.0, 0.0, 0.0, 0.0, 0.0, 0.0, 0.0, 0.0]",16660,147380,N3,dismiss,-0.3,ts,1064,1
"[0.3888888888888889, -0.3888888888888889, -0.46507483962936563, 0.20416666666666666, 0.0235294117647058, 0.0, 0.0, 0.0, 1.0, 0.7029881973731301, 1.0, 0.0, 0.0, 0.0, 0.0, 0.0, 0.0, 0.0]",127487,114138,N3,dismiss,-0.3,ts,1258,0
"[0.0555555555555556, -0.0555555555555556, -0.16666666666666666, 0.01764705882352941, 0.13636363636363635, 0.0, 0.0, 0.0, 1.0, 0.6730847801914981, 1.0, 0.0, 0.0, 0.0, 0.0, 0.0, 0.0, 0.0]",123856,107052,N3,dismiss,-0.3,ts,2110,0
"[0.5636363636363637, -0.5636363636363637, -0.24849699398797598, 1.0, 1.0, 0.0, 0.0, 0.0, 1.0, 0.5534581352903608, 1.0, 0.0, 0.0, 0.0, 0.0, 0.0, 0.0, 0.0]",169305,107563,N3,accept,0.6945454545454546,ts,1027,1
"[0.11999999999999993, -0.11999999999999993, -0.2595454545454546, 0.06552706552706553, 0.14285714285714285, 0.0, 0.0, 0.0, 1.0, 0.6578296080215802, 1.0, 0.0, 0.0, 0.0, 0.0, 0.0, 0.0, 0.0]",151839,162740,N3,dismiss,-0.3,ts,2010,1
"[0.8333333333333334, -0.8333333333333334, -0.461, 0.0, 0.0, 0.0, 0.0, 0.0, 1.0, 0.8416154698912451, 1.0, 0.0, 0.0, 0.0, 0.0, 0.0, 0.0, 0.0]",63921,63919,N3,dismiss,-0.3,ts,566,1
"[0.12499999999999988, -0.12499999999999988, 0.145985401459854, 0.19834710743801653, 0.05, 0.0, 0.0, 0.0, 1.0, 0.6822979276547984, 1.0, 0.0, 0.0, 0.0, 0.0, 0.0, 0.0, 0.0]",56538,180522,N3,dismiss,-0.3,ts,2704,1
"[0.3636363636363637, -0.3636363636363637, 0.0, 0.016713091922005572, 0.15384615384615385, 0.0, 0.0, 0.0, 1.0, 0.8296166021577667, 1.0, 0.0, 0.0, 0.0, 0.0, 0.0, 0.0, 0.0]",123140,123174,N3,accept,0.5545454545454546,ts,1797,0
"[0.13636363636363646, -0.13636363636363646, 0.175, 0.6339285714285714, 0.18, 0.0, 0.0, 0.0, 1.0, 0.5882391121538432, 1.0, 0.0, 0.0, 0.0, 0.0, 0.0, 0.0, 0.0]",80033,83437,N3,dismiss,-0.3,ts,1220,1
"[0.87, -0.87, -0.375, -0.5698924731182796, -0.1, 0.0, 0.0, 0.0, 1.0, 0.7310172927722286, 1.0, 0.0, 0.0, 0.0, 0.0, 0.0, 0.0, 0.0]",126323,81568,N3,dismiss,-0.3,ts,1795,1
"[0.12499999999999988, -0.12499999999999988, 0.03177124702144559, -0.23684210526315788, 0.10526315789473684, 0.0, 0.0, 0.0, 1.0, 0.6989493880617605, 1.0, 0.0, 0.0, 0.0, 0.0, 0.0, 0.0, 0.0]",144703,144702,N3,dismiss,-0.3,ts,2599,1
"[0.13333333333333328, -0.13333333333333328, -0.07126567844925884, -0.028901734104046242, -0.07999999999999999, 0.0, 0.0, 0.0, 1.0, 0.7421727843140296, 1.0, 0.0, 0.0, 0.0, 0.0, 0.0, 0.0, 0.0]",87098,143094,N3,accept,0.39333333333333326,ts,432,1
"[0.5599999999999999, -0.5599999999999999, 0.0, 0.0, 0.0, 0.0, 0.0, 0.0, 1.0, 0.9214522655572737, 1.0, 0.0, 0.0, 0.0, 0.0, 0.0, 0.0, 0.0]",106764,106733,N3,dismiss,-0.3,ts,1411,1
"[0.17090909090909095, -0.17090909090909095, -0.428377153218495, 0.0, 0.0, 0.0, 0.0, 0.0, 1.0, 0.6976303500772216, 1.0, 0.0, 0.0, 0.0, 0.0, 0.0, 0.0, 0.0]",16660,147348,N3,dismiss,-0.3,ts,2201,1
"[0.20000000000000007, -0.20000000000000007, 0.141273450824332, -0.002785515320334262, -0.4583333333333333, 0.0, 0.0, 0.0, 1.0, 0.6827445268392174, 1.0, 0.0, 0.0, 0.0, 0.0, 0.0, 0.0, 0.0]",43361,93936,N3,dismiss,-0.3,ts,1379,1
"[0.375, -0.375, -0.3223308883455583, -0.2761627906976744, -0.25, 0.0, 0.0, 0.0, 1.0, 0.6597465412738645, 1.0, 0.0, 0.0, 0.0, 0.0, 0.0, 0.0, 0.0]",84869,52481,N3,accept,0.5625,ts,1994,1
"[0.1411042944785276, -0.1411042944785276, -0.07228915662650597, -0.025, -0.48101265822784817, 0.0, 0.0, 0.0, 1.0, 0.6752174307740954, 1.0, 0.0, 0.0, 0.0, 0.0, 0.0, 0.0, 0.0]",15663,117054,N3,dismiss,-0.3,ts,1953,1
"[0.4485294117647059, -0.4485294117647059, 0.09333333333333324, -0.0843806104129264, -0.2692307692307692, 0.0, 0.0, 0.0, 1.0, 0.776901172593482, 1.0, 0.0, 0.0, 0.0, 0.0, 0.0, 0.0, 0.0]",29970,155668,N3,dismiss,-0.3,ts,1201,1
"[0.4069767441860465, -0.4069767441860465, -0.16522948539638388, 0.11255411255411256, -0.44642857142857145, 0.0, 0.0, 0.0, 1.0, 0.7110194640149824, 1.0, 0.0, 0.0, 0.0, 0.0, 0.0, 0.0, 0.0]",20076,20089,N3,dismiss,-0.3,ts,1152,1
"[0.28571428571428575, -0.28571428571428575, 0.23592419664927214, 0.4583333333333333, -0.1, 0.0, 0.0, 0.0, 1.0, 0.658588363112707, 1.0, 0.0, 0.0, 0.0, 0.0, 0.0, 0.0, 0.0]",139086,127333,N3,dismiss,-0.3,ts,1731,0
"[0.20000000000000007, -0.20000000000000007, -0.20398009950248752, -0.04178272980501393, -0.04, 0.0, 0.0, 0.0, 1.0, 0.7322713052444612, 1.0, 0.0, 0.0, 0.0, 0.0, 0.0, 0.0, 0.0]",30201,31975,N3,dismiss,-0.3,ts,1714,1
"[0.21428571428571416, -0.21428571428571416, 0.23372287145242082, -0.07588075880758807, -0.1304347826086957, 0.0, 0.0, 0.0, 1.0, 0.6974558464014246, 1.0, 0.0, 0.0, 0.0, 0.0, 0.0, 0.0, 0.0]",76847,30023,N3,dismiss,-0.3,ts,2727,1
"[0.1200000000000001, -0.1200000000000001, 0.1455847255369929, -0.08011869436201781, -0.52, 0.0, 0.0, 0.0, 1.0, 0.6248074521533694, 1.0, 0.0, 0.0, 0.0, 0.0, 0.0, 0.0, 0.0]",57278,59423,N3,dismiss,-0.3,ts,1161,1
"[0.16216216216216217, -0.16216216216216217, -0.16666666666666666, 0.08461538461538462, 0.020833333333333447, 0.0, 0.0, 0.0, 1.0, 0.7234709814458078, 1.0, 0.0, 0.0, 0.0, 0.0, 0.0, 0.0, 0.0]",91969,91957,N3,dismiss,-0.3,ts,1196,0
"[0.09090909090909098, -0.09090909090909098, 0.1650000000000001, 0.05120481927710843, -0.8999999999999999, 0.0, 0.0, 0.0, 1.0, 0.5878596984444613, 1.0, 0.0, 0.0, 0.0, 0.0, 0.0, 0.0, 0.0]",162894,189369,N3,dismiss,-0.3,ts,2399,0
"[0.2142857142857143, -0.2142857142857143, 0.0, -0.035856573705179286, 0.12244897959183665, 0.0, 0.0, 0.0, 1.0, 0.7847368582990952, 1.0, 0.0, 0.0, 0.0, 0.0, 0.0, 0.0, 0.0]",138640,138639,N3,dismiss,-0.3,ts,2252,0
"[0.35483870967741926, -0.35483870967741926, -0.25974025974025977, 0.0, 0.0, 0.0, 0.0, 0.0, 1.0, 0.790742212554951, 1.0, 0.0, 0.0, 0.0, 0.0, 0.0, 0.0, 0.0]",63937,48997,N3,dismiss,-0.3,ts,2382,0
"[0.28571428571428575, -0.28571428571428575, -0.4786235662148071, 0.12037037037037036, 0.016666666666666607, 0.0, 0.0, 0.0, 1.0, 0.6908105867497607, 1.0, 0.0, 0.0, 0.0, 0.0, 0.0, 0.0, 0.0]",55915,81542,N3,accept,0.5,ts,2869,1
"[0.20000000000000004, -0.20000000000000004, -0.3409090909090909, 0.0, 0.0, 0.0, 0.0, 0.0, 1.0, 0.7239674946003922, 1.0, 0.0, 0.0, 0.0, 0.0, 0.0, 0.0, 0.0]",51022,70828,N3,dismiss,-0.3,ts,2942,0
"[0.4218289085545723, -0.4218289085545723, -0.10974930362116986, -0.011267605633802818, -0.19999999999999998, 0.0, 0.0, 0.0, 1.0, 0.7977743690443887, 1.0, 0.0, 0.0, 0.0, 0.0, 0.0, 0.0, 0.0]",143110,105910,N3,dismiss,-0.3,ts,2250,1
"[0.0555555555555556, -0.0555555555555556, -0.16666666666666666, 0.0, -0.10714285714285714, 0.0, 0.0, 0.0, 1.0, 0.6851591657739663, 1.0, 0.0, 0.0, 0.0, 0.0, 0.0, 0.0, 0.0]",111476,107052,N3,dismiss,-0.3,ts,461,0
"[0.8253968253968255, -0.8253968253968255, -0.05657142857142848, -0.07268722466960352, 0.2727272727272727, 0.0, 0.0, 0.0, 1.0, 0.8564739922883224, 1.0, 0.0, 0.0, 0.0, 0.0, 0.0, 0.0, 0.0]",169062,61314,N3,dismiss,-0.3,ts,2376,1
"[0.45, -0.45, -0.3941229930324144, 1.0, -0.4782608695652174, 0.0, 0.0, 0.0, 1.0, 0.556924371559757, 1.0, 0.0, 0.0, 0.0, 0.0, 0.0, 0.0, 0.0]",120787,169349,N3,accept,0.615,ts,601,1
"[0.25, -0.25, 0.20300751879699253, -0.23582089552238805, -0.6923076923076923, 0.0, 0.0, 0.0, 1.0, 0.6040089417066532, 1.0, 0.0, 0.0, 0.0, 0.0, 0.0, 0.0, 0.0]",140787,75984,N3,dismiss,-0.3,ts,2563,0
"[0.305327868852459, -0.305327868852459, -0.1261711430356028, 0.0, 0.0, 0.0, 0.0, 0.0, 1.0, 0.8125072644717871, 1.0, 0.0, 0.0, 0.0, 0.0, 0.0, 0.0, 0.0]",41679,146721,N3,accept,0.5137295081967213,ts,1556,1
"[0.25000000000000006, -0.25000000000000006, -0.0646666666666667, -0.10112359550561797, 0.19718309859154937, 0.0, 0.0, 0.0, 1.0, 0.7389755735892841, 1.0, 0.0, 0.0, 0.0, 0.0, 0.0, 0.0, 0.0]",147103,127487,N3,dismiss,-0.3,ts,424,1
"[0.13333333333333333, -0.13333333333333333, 0.0, 0.0, 0.0, 0.0, 0.0, 0.0, 1.0, 0.799343830056226, 1.0, 0.0, 0.0, 0.0, 0.0, 0.0, 0.0, 0.0]",93851,93856,N3,dismiss,-0.3,ts,1480,0
"[0.5454545454545455, -0.5454545454545455, -0.01848519548503194, 0.0, 0.0, 0.0, 0.0, 0.0, 1.0, 0.9112606985062438, 1.0, 0.0, 0.0, 0.0, 0.0, 0.0, 0.0, 0.0]",54334,189219,N3,dismiss,-0.3,ts,2073,0
"[0.44000000000000006, -0.44000000000000006, 0.04637681159420294, 0.21554770318021202, 1.0, 0.0, 0.0, 0.0, 1.0, 0.6766613411143938, 1.0, 0.0, 0.0, 0.0, 0.0, 0.0, 0.0, 0.0]",185510,123439,N3,dismiss,-0.3,ts,2528,1
"[0.06086956521739117, -0.06086956521739117, 0.1509433962264151, -0.002849002849002849, 0.07142857142857142, 0.0, 0.0, 0.0, 1.0, 0.6998266361785278, 1.0, 0.0, 0.0, 0.0, 0.0, 0.0, 0.0, 0.0]",39517,15687,N3,dismiss,-0.3,ts,869,0
"[0.808695652173913, -0.808695652173913, 0.15907335907335912, -0.05555555555555555, 0.1599999999999999, 0.0, 0.0, 0.0, 1.0, 0.8480449897760274, 1.0, 0.0, 0.0, 0.0, 0.0, 0.0, 0.0, 0.0]",179650,114138,N3,dismiss,-0.3,ts,2996,0
"[0.8571428571428572, -0.8571428571428572, 0.0, -0.23809523809523808, -0.5810810810810811, 0.0, 0.0, 0.0, 1.0, 0.8045931298411383, 1.0, 0.0, 0.0, 0.0, 0.0, 0.0, 0.0, 0.0]",91071,91074,N3,dismiss,-0.3,ts,798,0
"[0.07142857142857154, -0.07142857142857154, 0.0, 0.28654970760233917, -0.1, 0.0, 0.0, 0.0, 1.0, 0.6840596024730199, 1.0, 0.0, 0.0, 0.0, 0.0, 0.0, 0.0, 0.0]",114737,114738,N3,dismiss,-0.3,ts,975,1
"[0.1666666666666667, -0.1666666666666667, 0.0, 0.3, 0.22000000000000003, 0.0, 0.0, 0.0, 1.0, 0.6901568741775026, 1.0, 0.0, 0.0, 0.0, 0.0, 0.0, 0.0, 0.0]",41286,61090,N3,dismiss,-0.3,ts,734,0
"[0.28571428571428564, -0.28571428571428564, -0.0190972222222223, 0.0, 0.0, 0.0, 0.0, 0.0, 1.0, 0.8435368379207655, 1.0, 0.0, 0.0, 0.0, 0.0, 0.0, 0.0, 0.0]",55348,72622,N3,dismiss,-0.3,ts,985,1
"[0.9357142857142856, -0.9357142857142856, 0.0, -0.42857142857142855, -0.8, 0.0, 0.0, 0.0, 1.0, 0.7654707007374344, 1.0, 0.0, 0.0, 0.0, 0.0, 0.0, 0.0, 0.0]",153856,70105,N3,dismiss,-0.3,ts,2992,1
"[0.25, -0.25, -0.18823529411764706, 0.0, 0.0, 0.0, 0.0, 0.0, 1.0, 0.7768452100027552, 1.0, 0.0, 0.0, 0.0, 0.0, 0.0, 0.0, 0.0]",113825,87177,N3,dismiss,-0.3,ts,2900,0
"[0.20000000000000004, -0.20000000000000004, 0.052700922266139656, 0.1377245508982036, -0.05, 0.0, 0.0, 0.0, 1.0, 0.7524309879658798, 1.0, 0.0, 0.0, 0.0, 0.0, 0.0, 0.0, 0.0]",81498,158639,N3,dismiss,-0.3,ts,2708,1
"[0.8571428571428572, -0.8571428571428572, 0.0, 0.059748427672955975, -0.33802816901408445, 0.0, 0.0, 0.0, 1.0, 0.8738978396594365, 1.0, 0.0, 0.0, 0.0, 0.0, 0.0, 0.0, 0.0]",57280,57278,N3,accept,0.8999999999999999,ts,2876,1
"[0.13846153846153844, -0.13846153846153844, 0.19546247818499135, 0.02857142857142857, 0.043478260869565216, 0.0, 0.0, 0.0, 1.0, 0.7156517480890073, 1.0, 0.0, 0.0, 0.0, 0.0, 0.0, 0.0, 0.0]",155844,55915,N3,dismiss,-0.3,ts,2120,0
"[0.75, -0.75, -0.5337781484570475, 0.0, 0.0, 0.0, 0.0, 0.0, 1.0, 0.8210948182295152, 1.0, 0.0, 0.0, 0.0, 0.0, 0.0, 0.0, 0.0]",63869,16728,N3,dismiss,-0.3,ts,2098,0
"[0.12499999999999988, -0.12499999999999988, 0.10010010010010009, -0.40816326530612246, 0.16666666666666666, 0.0, 0.0, 0.0, 1.0, 0.6338342497514019, 1.0, 0.0, 0.0, 0.0, 0.0, 0.0, 0.0, 0.0]",155975,180522,N3,dismiss,-0.3,ts,2223,0
"[0.5166666666666667, -0.5166666666666667, -0.5343422584400466, -0.02857142857142857, -0.015999999999999945, 0.0, 0.0, 0.0, 1.0, 0.7680937310292789, 1.0, 0.0, 0.0, 0.0, 0.0, 0.0, 0.0, 0.0]",19856,40258,N3,dismiss,-0.3,ts,2782,1
"[0.12499999999999988, -0.12499999999999988, 0.0, -0.5504201680672269, 0.3333333333333333, 0.0, 0.0, 0.0, 1.0, 0.6232345894713751, 1.0, 0.0, 0.0, 0.0, 0.0, 0.0, 0.0, 0.0]",139806,78135,N3,dismiss,-0.3,ts,1391,1
"[0.2045454545454546, -0.2045454545454546, -0.666110183639399, 0.019553072625698324, 1.0, 0.0, 0.0, 0.0, 1.0, 0.5366655678938613, 1.0, 0.0, 0.0, 0.0, 0.0, 0.0, 0.0, 0.0]",135481,123174,N3,dismiss,-0.3,ts,2926,0
"[0.86, -0.86, -0.050125313283208024, 0.15901060070671377, -0.51, 0.0, 0.0, 0.0, 1.0, 0.8089311139664266, 1.0, 0.0, 0.0, 0.0, 0.0, 0.0, 0.0, 0.0]",49000,49086,N3,accept,0.9019999999999999,ts,1816,1
"[0.8482142857142858, -0.8482142857142858, -0.42857142857142855, 0.0, 0.0, 0.0, 0.0, 0.0, 1.0, 0.8484809649435068, 1.0, 0.0, 0.0, 0.0, 0.0, 0.0, 0.0, 0.0]",164512,75387,N3,dismiss,-0.3,ts,754,1
"[0.19999999999999987, -0.19999999999999987, 0.2, 0.46, 0.0, 0.0, 0.0, 0.0, 1.0, 0.6666700184827028, 1.0, 0.0, 0.0, 0.0, 0.0, 0.0, 0.0, 0.0]",85440,30711,N3,dismiss,-0.3,ts,1385,0
"[0.41333333333333333, -0.41333333333333333, 0.0, 0.0, 0.0, 0.0, 0.0, 0.0, 1.0, 0.8877820071345368, 1.0, 0.0, 0.0, 0.0, 0.0, 0.0, 0.0, 0.0]",48996,48998,N3,dismiss,-0.3,ts,2698,1
"[0.25000000000000006, -0.25000000000000006, -0.32107175295186197, 0.425531914893617, 0.0, 0.0, 0.0, 0.0, 1.0, 0.6588660971572392, 1.0, 0.0, 0.0, 0.0, 0.0, 0.0, 0.0, 0.0]",156584,121055,N3,dismiss,-0.3,ts,869,1
"[0.6228571428571429, -0.6228571428571429, 0.0, -0.08, -0.09090909090909091, 0.0, 0.0, 0.0, 1.0, 0.8860309527056134, 1.0, 0.0, 0.0, 0.0, 0.0, 0.0, 0.0, 0.0]",174761,48998,N3,accept,0.736,ts,1136,1
"[0.3636363636363637, -0.3636363636363637, 0.0, 0.0, 0.0, 0.0, 0.0, 0.0, 1.0, 0.8742764353476687, 1.0, 0.0, 0.0, 0.0, 0.0, 0.0, 0.0, 0.0]",123012,123174,N3,dismiss,-0.3,ts,730,0
"[0.10714285714285712, -0.10714285714285712, -0.0750938673341677, 0.0, 0.0, 0.0, 0.0, 0.0, 1.0, 0.7619454645957421, 1.0, 0.0, 0.0, 0.0, 0.0, 0.0, 0.0, 0.0]",115245,115244,N3,accept,0.375,ts,2585,0
"[0.4545454545454546, -0.4545454545454546, -0.375, 0.0028735632183908046, 0.6666666666666666, 0.0, 0.0, 0.0, 1.0, 0.6813283180198043, 1.0, 0.0, 0.0, 0.0, 0.0, 0.0, 0.0, 0.0]",31966,107563,N3,dismiss,-0.3,ts,1763,1
"[0.688, -0.688, -0.5409015025041736, -0.5555555555555556, -0.07999999999999999, 0.0, 0.0, 0.0, 1.0, 0.6886745812183204, 1.0, 0.0, 0.0, 0.0, 0.0, 0.0, 0.0, 0.0]",33289,81568,N3,dismiss,-0.3,ts,2634,1
"[0.25, -0.25, -0.04767184035476715, -0.02768166089965398, 0.07692307692307693, 0.0, 0.0, 0.0, 1.0, 0.7919332280675359, 1.0, 0.0, 0.0, 0.0, 0.0, 0.0, 0.0, 0.0]",179676,21089,N3,dismiss,-0.3,ts,1525,1
"[0.2000000000000001, -0.2000000000000001, 0.1925876902713435, 0.23417721518987342, -0.05999999999999996, 0.0, 0.0, 0.0, 1.0, 0.6858372203509444, 1.0, 0.0, 0.0, 0.0, 0.0, 0.0, 0.0, 0.0]",147858,83435,N3,accept,0.44000000000000006,ts,2104,0
"[0.06666666666666654, -0.06666666666666654, -0.026350461133069828, -0.14246575342465753, -0.13636363636363635, 0.0, 0.0, 0.0, 1.0, 0.6916546600964453, 1.0, 0.0, 0.0, 0.0, 0.0, 0.0, 0.0, 0.0]",141844,16911,N3,dismiss,-0.3,ts,1805,0
"[0.25, -0.25, -0.24812030075187969, 0.005813953488372093, 0.041666666666666664, 0.0, 0.0, 0.0, 1.0, 0.7476249554836153, 1.0, 0.0, 0.0, 0.0, 0.0, 0.0, 0.0, 0.0]",174772,117045,N3,accept,0.475,ts,1211,0
"[0.2727272727272727, -0.2727272727272727, -0.07061958694203868, -0.03690036900369004, -0.0117647058823529, 0.0, 0.0, 0.0, 1.0, 0.8064217516346286, 1.0, 0.0, 0.0, 0.0, 0.0, 0.0, 0.0, 0.0]",81453,81449,N3,dismiss,-0.3,ts,2965,0
"[0.25, -0.25, -0.25925925925925924, 0.0778816199376947, 0.13636363636363635, 0.0, 0.0, 0.0, 1.0, 0.7012290684696982, 1.0, 0.0, 0.0, 0.0, 0.0, 0.0, 0.0, 0.0]",142493,117045,N3,accept,0.475,ts,2283,0
"[0.2380952380952381, -0.2380952380952381, -0.28642857142857137, 0.0, 0.0, 0.0, 0.0, 0.0, 1.0, 0.7484561183017931, 1.0, 0.0, 0.0, 0.0, 0.0, 0.0, 0.0, 0.0]",166142,155975,N3,accept,0.4666666666666667,ts,1418,1
"[0.14, -0.14, -0.44627054361567636, 0.0, 0.0, 0.0, 0.0, 0.0, 1.0, 0.6836643380059366, 1.0, 0.0, 0.0, 0.0, 0.0, 0.0, 0.0, 0.0]",72622,69993,N3,dismiss,-0.3,ts,2791,1
"[0.14, -0.14, -0.31562500000000004, 0.030303030303030304, 0.0, 0.0, 0.0, 0.0, 1.0, 0.6993060113850216, 1.0, 0.0, 0.0, 0.0, 0.0, 0.0, 0.0, 0.0]",106755,69993,N3,dismiss,-0.3,ts,1040,0
"[0.5636363636363637, -0.5636363636363637, -0.5305164319248826, -0.008522727272727272, 0.6666666666666666, 0.0, 0.0, 0.0, 1.0, 0.6783958893723203, 1.0, 0.0, 0.0, 0.0, 0.0, 0.0, 0.0, 0.0]",43334,107563,N3,dismiss,-0.3,ts,2447,1
"[0.06666666666666665, -0.06666666666666665, 0.11560693641618497, 0.0, 0.0, 0.0, 0.0, 0.0, 1.0, 0.7336309436321661, 1.0, 0.0, 0.0, 0.0, 0.0, 0.0, 0.0, 0.0]",16722,16725,N3,accept,0.3466666666666666,ts,2540,1
"[0.09090909090909098, -0.09090909090909098, 0.0, -0.002881844380403458, 0.041666666666666664, 0.0, 0.0, 0.0, 1.0, 0.7710257573776895, 1.0, 0.0, 0.0, 0.0, 0.0, 0.0, 0.0, 0.0]",43107,116977,N3,dismiss,-0.3,ts,2411,1
"[0.8571428571428572, -0.8571428571428572, 0.0, -0.04, 0.0, 0.0, 0.0, 0.0, 1.0, 0.9529674423825959, 1.0, 0.0, 0.0, 0.0, 0.0, 0.0, 0.0, 0.0]",16648,16650,N3,accept,0.8999999999999999,ts,1042,0
"[0.18367346938775517, -0.18367346938775517, 0.14408294601358604, 0.018518518518518517, -0.2, 0.0, 0.0, 0.0, 1.0, 0.7122076687095614, 1.0, 0.0, 0.0, 0.0, 0.0, 0.0, 0.0, 0.0]",135547,130086,N3,dismiss,-0.3,ts,2776,1
"[0.4545454545454546, -0.4545454545454546, -0.29375, -0.0028735632183908046, 0.8333333333333334, 0.0, 0.0, 0.0, 1.0, 0.6867897445125909, 1.0, 0.0, 0.0, 0.0, 0.0, 0.0, 0.0, 0.0]",31966,108828,N3,accept,0.6181818181818182,ts,463,1
"[0.6888888888888889, -0.6888888888888889, -0.03820598006644525, 1.0, 1.0, 0.0, 0.0, 0.0, 1.0, 0.6309398627199323, 1.0, 0.0, 0.0, 0.0, 0.0, 0.0, 0.0, 0.0]",147349,16725,N3,accept,0.7822222222222222,ts,2848,1
"[0.14285714285714282, -0.14285714285714282, -0.3663980161190328, -0.06, -0.08000000000000003, 0.0, 0.0, 0.0, 1.0, 0.6597385652621617, 1.0, 0.0, 0.0, 0.0, 0.0, 0.0, 0.0, 0.0]",81570,122734,N3,dismiss,-0.3,ts,2737,1
"[0.27272727272727276, -0.27272727272727276, -0.36066666666666664, 0.6388888888888888, -0.25, 0.0, 0.0, 0.0, 1.0, 0.5769238404291309, 1.0, 0.0, 0.0, 0.0, 0.0, 0.0, 0.0, 0.0]",56406,185391,N3,dismiss,-0.3,ts,2778,1
"[0.55, -0.55, -0.008365019011406936, 0.005434782608695652, -0.38, 0.0, 0.0, 0.0, 1.0, 0.834655709896273, 1.0, 0.0, 0.0, 0.0, 0.0, 0.0, 0.0, 0.0]",85163,128279,N3,dismiss,-0.3,ts,2013,1
"[0.1111111111111112, -0.1111111111111112, -0.09008189262966337, 0.15579710144927536, 0.4, 0.0, 0.0, 0.0, 1.0, 0.6355529250549651, 1.0, 0.0, 0.0, 0.0, 0.0, 0.0, 0.0, 0.0]",64516,63925,N3,dismiss,-0.3,ts,891,0
"[0.8714285714285714, -0.8714285714285714, -0.23282887077997672, 0.75, 0.55, 0.0, 0.0, 0.0, 1.0, 0.6748322766805989, 1.0, 0.0, 0.0, 0.0, 0.0, 0.0, 0.0, 0.0]",78136,170138,N3,dismiss,-0.3,ts,495,0
"[0.06211180124223608, -0.06211180124223608, 0.0, -0.15968586387434555, 0.2631578947368421, 0.0, 0.0, 0.0, 1.0, 0.6708322026650078, 1.0, 0.0, 0.0, 0.0, 0.0, 0.0, 0.0, 0.0]",103705,103704,N3,dismiss,-0.3,ts,2721,0
"[0.72, -0.72, -0.20040080160320642, 0.0, 0.0, 0.0, 0.0, 0.0, 1.0, 0.8822563603994524, 1.0, 0.0, 0.0, 0.0, 0.0, 0.0, 0.0, 0.0]",130669,30620,N3,dismiss,-0.3,ts,419,0
"[0.25, -0.25, 0.0, -0.008595988538681949, 0.08695652173913043, 0.0, 0.0, 0.0, 1.0, 0.8130880893622596, 1.0, 0.0, 0.0, 0.0, 0.0, 0.0, 0.0, 0.0]",57106,117045,N3,dismiss,-0.3,ts,1579,0
"[0.28571428571428564, -0.28571428571428564, 0.23372287145242082, -0.008130081300813009, -0.8695652173913043, 0.0, 0.0, 0.0, 1.0, 0.6502834920545397, 1.0, 0.0, 0.0, 0.0, 0.0, 0.0, 0.0, 0.0]",76847,189368,N3,dismiss,-0.3,ts,1779,1
"[0.20000000000000007, -0.20000000000000007, 0.043478260869565216, -0.005714285714285714, 0.0, 0.0, 0.0, 0.0, 1.0, 0.8044670165106714, 1.0, 0.0, 0.0, 0.0, 0.0, 0.0, 0.0, 0.0]",108745,32065,N3,dismiss,-0.3,ts,2163,1
"[0.896470588235294, -0.896470588235294, -0.41569282136894825, -0.3197969543147208, -0.07692307692307693, 0.0, 0.0, 0.0, 1.0, 0.7630251554531509, 1.0, 0.0, 0.0, 0.0, 0.0, 0.0, 0.0, 0.0]",92082,92135,N3,accept,0.9275294117647057,ts,1938,1
"[0.75, -0.75, -0.5026881720430108, -0.15422885572139303, -0.6759999999999999, 0.0, 0.0, 0.0, 1.0, 0.6745018450616698, 1.0, 0.0, 0.0, 0.0, 0.0, 0.0, 0.0, 0.0]",116359,145532,N3,dismiss,-0.3,ts,2208,1
"[0.010909090909090839, -0.010909090909090839, -0.7835593220338983, -0.14285714285714285, -0.08333333333333333, 0.0, 0.0, 0.0, 1.0, 0.5355134964909132, 1.0, 0.0, 0.0, 0.0, 0.0, 0.0, 0.0, 0.0]",51122,115323,N3,accept,0.3076363636363636,ts,1735,0
"[0.0555555555555556, -0.0555555555555556, -0.44341372912801486, 0.01764705882352941, 0.0, 0.0, 0.0, 0.0, 1.0, 0.6479755888896072, 1.0, 0.0, 0.0, 0.0, 0.0, 0.0, 0.0, 0.0]",123848,105724,N3,dismiss,-0.3,ts,2242,1
"[0.7428571428571429, -0.7428571428571429, 0.125, -0.26, -0.12000000000000002, 0.0, 0.0, 0.0, 1.0, 0.8143254453991665, 1.0, 0.0, 0.0, 0.0, 0.0, 0.0, 0.0, 0.0]",18355,63753,N3,dismiss,-0.3,ts,2180,1
"[0.25, -0.25, 0.15037593984962405, 0.050746268656716415, -0.8461538461538461, 0.0, 0.0, 0.0, 1.0, 0.6507789527201486, 1.0, 0.0, 0.0, 0.0, 0.0, 0.0, 0.0, 0.0]",140787,135617,N3,dismiss,-0.3,ts,1813,1
"[0.16326530612244894, -0.16326530612244894, 0.0, -0.02601156069364162, -0.4117647058823529, 0.0, 0.0, 0.0, 1.0, 0.7182572044369081, 1.0, 0.0, 0.0, 0.0, 0.0, 0.0, 0.0, 0.0]",63901,63915,N3,dismiss,-0.3,ts,778,0
"[0.367741935483871, -0.367741935483871, -0.03268765133171908, -0.00847457627118644, 0.07462686567164178, 0.0, 0.0, 0.0, 1.0, 0.8394568191052507, 1.0, 0.0, 0.0, 0.0, 0.0, 0.0, 0.0, 0.0]",43382,105910,N3,accept,0.5574193548387096,ts,2001,1
"[0.11999999999999993, -0.11999999999999993, -0.4955555555555555, -0.0226628895184136, -0.14285714285714285, 0.0, 0.0, 0.0, 1.0, 0.6248275357466652, 1.0, 0.0, 0.0, 0.0, 0.0, 0.0, 0.0, 0.0]",107307,123207,N3,dismiss,-0.3,ts,673,1
"[0.25, -0.25, 0.0, 0.07453416149068323, 0.13636363636363635, 0.0, 0.0, 0.0, 1.0, 0.7830109453831142, 1.0, 0.0, 0.0, 0.0, 0.0, 0.0, 0.0, 0.0]",43089,117045,N3,dismiss,-0.3,ts,675,0
"[0.2307692307692307, -0.2307692307692307, -0.2222222222222222, 1.0, 0.44000000000000006, 0.0, 0.0, 0.0, 1.0, 0.5277921166190855, 1.0, 0.0, 0.0, 0.0, 0.0, 0.0, 0.0, 0.0]",79461,39150,N3,dismiss,-0.3,ts,422,1
"[0.2045454545454546, -0.2045454545454546, 0.006343906510851462, -0.019553072625698324, 1.0, 0.0, 0.0, 0.0, 1.0, 0.6864109839014316, 1.0, 0.0, 0.0, 0.0, 0.0, 0.0, 0.0, 0.0]",135483,74278,N3,dismiss,-0.3,ts,943,1
"[0.16666666666666666, -0.16666666666666666, -0.3087557603686636, -0.3582089552238806, -0.608, 0.0, 0.0, 0.0, 1.0, 0.5368234830299095, 1.0, 0.0, 0.0, 0.0, 0.0, 0.0, 0.0, 0.0]",116359,145578,N3,accept,0.41666666666666663,ts,1728,1
"[0.4897959183673469, -0.4897959183673469, 0.0, -0.5080645161290323, 0.10344827586206896, 0.0, 0.0, 0.0, 1.0, 0.7827467434701915, 1.0, 0.0, 0.0, 0.0, 0.0, 0.0, 0.0, 0.0]",169065,104681,N3,accept,0.6428571428571428,ts,2034,1
"[0.20000000000000007, -0.20000000000000007, -0.20398009950248752, -0.04178272980501393, -0.04, 0.0, 0.0, 0.0, 1.0, 0.7322713052444612, 1.0, 0.0, 0.0, 0.0, 0.0, 0.0, 0.0, 0.0]",30201,31975,N3,accept,0.44000000000000006,ts,2256,1
"[0.24999999999999992, -0.24999999999999992, -0.48413125336202256, 1.0, -0.2608695652173913, 0.0, 0.0, 0.0, 1.0, 0.5241024203212179, 1.0, 0.0, 0.0, 0.0, 0.0, 0.0, 0.0, 0.0]",84737,55882,N3,dismiss,-0.3,ts,1990,1
"[0.14000000000000004, -0.14000000000000004, -0.303, -0.2843601895734597, 0.41999999999999993, 0.0, 0.0, 0.0, 1.0, 0.5605413624853973, 1.0, 0.0, 0.0, 0.0, 0.0, 0.0, 0.0, 0.0]",162680,115226,N3,dismiss,-0.3,ts,822,1
"[0.2888888888888889, -0.2888888888888889, -0.11724137931034483, 0.053003533568904596, 0.4166666666666667, 0.0, 0.0, 0.0, 1.0, 0.7103242631172707, 1.0, 0.0, 0.0, 0.0, 0.0, 0.0, 0.0, 0.0]",134111,104963,N3,dismiss,-0.3,ts,576,1
"[0.75, -0.75, -0.4117647058823529, -0.0196078431372549, 0.0, 0.0, 0.0, 0.0, 1.0, 0.8343327477719399, 1.0, 0.0, 0.0, 0.0, 0.0, 0.0, 0.0, 0.0]",50818,93859,N3,dismiss,-0.3,ts,2364,1
"[0.20000000000000004, -0.20000000000000004, 0.13333333333333333, -0.75, -0.44000000000000006, 0.0, 0.0, 0.0, 1.0, 0.5717007815603291, 1.0, 0.0, 0.0, 0.0, 0.0, 0.0, 0.0, 0.0]",133969,18334,N3,dismiss,-0.3,ts,2220,0
"[0.20000000000000007, -0.20000000000000007, 0.2185128983308041, 0.022857142857142857, -0.1447368421052631, 0.0, 0.0, 0.0, 1.0, 0.7076149613275927, 1.0, 0.0, 0.0, 0.0, 0.0, 0.0, 0.0, 0.0]",43097,93935,N3,dismiss,-0.3,ts,2934,0
"[0.24999999999999997, -0.24999999999999997, -0.27846265409717186, 0.0, 0.0, 0.0, 0.0, 0.0, 1.0, 0.7541829612825312, 1.0, 0.0, 0.0, 0.0, 0.0, 0.0, 0.0, 0.0]",141746,174748,N3,accept,0.475,ts,1491,0
"[0.712, -0.712, -0.7137745974955277, -0.5372340425531915, -0.33999999999999997, 0.0, 0.0, 0.0, 1.0, 0.6223703109041507, 1.0, 0.0, 0.0, 0.0, 0.0, 0.0, 0.0, 0.0]",19596,106004,N3,dismiss,-0.3,ts,1637,1
"[0.5170454545454546, -0.5170454545454546, -0.6264009962640099, -0.5698324022346368, -0.2923076923076924, 0.0, 0.0, 0.0, 1.0, 0.6012664883989073, 1.0, 0.0, 0.0, 0.0, 0.0, 0.0, 0.0, 0.0]",93935,142262,N3,dismiss,-0.3,ts,2018,1
"[0.1842105263157895, -0.1842105263157895, 0.0, -0.0035335689045936395, -0.019999999999999928, 0.0, 0.0, 0.0, 1.0, 0.8104350430499354, 1.0, 0.0, 0.0, 0.0, 0.0, 0.0, 0.0, 0.0]",38840,91957,N3,accept,0.42894736842105263,ts,1475,1
"[0.5, -0.5, -0.26666666666666666, 0.18, 0.33999999999999997, 0.0, 0.0, 0.0, 1.0, 0.7067604797643213, 1.0, 0.0, 0.0, 0.0, 0.0, 0.0, 0.0, 0.0]",50997,51572,N3,dismiss,-0.3,ts,2942,1
"[0.5, -0.5, -0.04432132963988923, -0.17732558139534885, -0.6758620689655173, 0.0, 0.0, 0.0, 1.0, 0.7358535109656288, 1.0, 0.0, 0.0, 0.0, 0.0, 0.0, 0.0, 0.0]",123511,185510,N3,dismiss,-0.3,ts,1954,1
"[0.6153846153846154, -0.6153846153846154, 0.11299709020368566, -0.04, -0.020000000000000018, 0.0, 0.0, 0.0, 1.0, 0.8739678605030003, 1.0, 0.0, 0.0, 0.0, 0.0, 0.0, 0.0, 0.0]",145085,113027,N3,accept,0.7307692307692308,ts,2008,1
"[0.7428571428571429, -0.7428571428571429, 0.11799999999999997, -0.4462809917355372, -0.6967213114754098, 0.0, 0.0, 0.0, 1.0, 0.7080228091104681, 1.0, 0.0, 0.0, 0.0, 0.0, 0.0, 0.0, 0.0]",81542,54927,N3,dismiss,-0.3,ts,1125,0
"[0.5151515151515151, -0.5151515151515151, -0.060150375939849676, 0.1076923076923077, -0.07142857142857142, 0.0, 0.0, 0.0, 1.0, 0.8404252540200962, 1.0, 0.0, 0.0, 0.0, 0.0, 0.0, 0.0, 0.0]",90175,90182,N3,dismiss,-0.3,ts,1649,0
"[0.5636363636363636, -0.5636363636363636, 0.0, -0.024734982332155476, 0.0, 0.0, 0.0, 0.0, 1.0, 0.9149318998851651, 1.0, 0.0, 0.0, 0.0, 0.0, 0.0, 0.0, 0.0]",48999,48997,N3,dismiss,-0.3,ts,1837,0
"[0.20000000000000004, -0.20000000000000004, -0.6972222222222223, -0.02, -0.059999999999999984, 0.0, 0.0, 0.0, 1.0, 0.6495787864213909, 1.0, 0.0, 0.0, 0.0, 0.0, 0.0, 0.0, 0.0]",18484,18528,N3,dismiss,-0.3,ts,2252,0
"[0.24999999999999997, -0.24999999999999997, 0.16666666666666666, 0.0, 0.0, 0.0, 0.0, 0.0, 1.0, 0.7828956117024544, 1.0, 0.0, 0.0, 0.0, 0.0, 0.0, 0.0, 0.0]",18305,18309,N3,dismiss,-0.3,ts,1270,0
"[0.02500000000000002, -0.02500000000000002, -0.1863303498779495, 0.02, -0.07999999999999999, 0.0, 0.0, 0.0, 1.0, 0.6690903795112921, 1.0, 0.0, 0.0, 0.0, 0.0, 0.0, 0.0, 0.0]",130426,62540,N3,accept,0.3175,ts,1290,0
"[0.12499999999999988, -0.12499999999999988, -0.28928665438273227, 0.15789473684210525, -0.05263157894736842, 0.0, 0.0, 0.0, 1.0, 0.6528679345437123, 1.0, 0.0, 0.0, 0.0, 0.0, 0.0, 0.0, 0.0]",155625,170134,N3,accept,0.3874999999999999,ts,1062,0
"[0.8530612244897959, -0.8530612244897959, -0.3026455026455026, 0.10526315789473684, 0.631578947368421, 0.0, 0.0, 0.0, 1.0, 0.7372147538127957, 1.0, 0.0, 0.0, 0.0, 0.0, 0.0, 0.0, 0.0]",180524,170138,N3,dismiss,-0.3,ts,1213,0
"[0.25, -0.25, -0.05202601300650321, -0.2934472934472934, 0.16666666666666666, 0.0, 0.0, 0.0, 1.0, 0.7107124348057497, 1.0, 0.0, 0.0, 0.0, 0.0, 0.0, 0.0, 0.0]",182867,89593,N3,dismiss,-0.3,ts,2781,1
"[0.1842105263157895, -0.1842105263157895, 0.0, -0.0035335689045936395, -0.019999999999999928, 0.0, 0.0, 0.0, 1.0, 0.8104350430499354, 1.0, 0.0, 0.0, 0.0, 0.0, 0.0, 0.0, 0.0]",38840,91957,N3,dismiss,-0.3,ts,1622,1
"[0.5714285714285715, -0.5714285714285715, 0.14285714285714285, 0.0, 0.0, 0.0, 0.0, 0.0, 1.0, 0.8739911261937419, 1.0, 0.0, 0.0, 0.0, 0.0, 0.0, 0.0, 0.0]",18468,60788,N3,dismiss,-0.3,ts,1151,1
"[0.3000000000000001, -0.3000000000000001, -0.5036615134255492, 0.0, 0.0, 0.0, 0.0, 0.0, 1.0, 0.7285138093516589, 1.0, 0.0, 0.0, 0.0, 0.0, 0.0, 0.0, 0.0]",85447,85446,N3,dismiss,-0.3,ts,2479,0
"[0.06666666666666665, -0.06666666666666665, 0.24626121635094725, -0.03205128205128205, 0.040000000000000036, 0.0, 0.0, 0.0, 1.0, 0.6762873769706732, 1.0, 0.0, 0.0, 0.0, 0.0, 0.0, 0.0, 0.0]",86978,108112,N3,dismiss,-0.3,ts,1699,0
"[0.75, -0.75, -0.25348605577689237, -0.022222222222222223, -0.6461538461538462, 0.0, 0.0, 0.0, 1.0, 0.757463333284378, 1.0, 0.0, 0.0, 0.0, 0.0, 0.0, 0.0, 0.0]",170958,115951,N3,dismiss,-0.3,ts,1761,1
"[0.9074285714285715, -0.9074285714285715, 0.006926952141057898, -0.06338028169014084, -0.3157894736842105, 0.0, 0.0, 0.0, 1.0, 0.8783172077941633, 1.0, 0.0, 0.0, 0.0, 0.0, 0.0, 0.0, 0.0]",89666,128247,N3,dismiss,-0.3,ts,2815,0
"[0.050000000000000044, -0.050000000000000044, 0.23767935121646902, 0.28, -0.21999999999999997, 0.0, 0.0, 0.0, 1.0, 0.5753341503687988, 1.0, 0.0, 0.0, 0.0, 0.0, 0.0, 0.0, 0.0]",115984,94324,N3,dismiss,-0.3,ts,2833,0
"[0.9137254901960783, -0.9137254901960783, 0.05563282336578581, -0.43820224719101125, 0.4666666666666667, 0.0, 0.0, 0.0, 1.0, 0.7700744049956784, 1.0, 0.0, 0.0, 0.0, 0.0, 0.0, 0.0, 0.0]",128242,85794,N3,dismiss,-0.3,ts,1091,0
"[0.8742857142857143, -0.8742857142857143, 0.1455847255369929, -0.05660377358490566, -0.3661971830985915, 0.0, 0.0, 0.0, 1.0, 0.8216951849792543, 1.0, 0.0, 0.0, 0.0, 0.0, 0.0, 0.0, 0.0]",57280,59424,N3,accept,0.9119999999999999,ts,1418,0
"[0.6818181818181819, -0.6818181818181819, -0.050125313283208024, 0.18840579710144928, -0.51, 0.0, 0.0, 0.0, 1.0, 0.7806619322864332, 1.0, 0.0, 0.0, 0.0, 0.0, 0.0, 0.0, 0.0]",48998,49086,N3,dismiss,-0.3,ts,2637,0
"[0.09090909090909098, -0.09090909090909098, -0.5940460081190798, 0.002932551319648094, -0.16666666666666666, 0.0, 0.0, 0.0, 1.0, 0.6014441213589512, 1.0, 0.0, 0.0, 0.0, 0.0, 0.0, 0.0, 0.0]",30023,43087,N3,dismiss,-0.3,ts,1359,1
"[0.15999999999999998, -0.15999999999999998, 0.03777501037775011, 0.7087378640776699, 0.2105263157894737, 0.0, 0.0, 0.0, 1.0, 0.629122681326625, 1.0, 0.0, 0.0, 0.0, 0.0, 0.0, 0.0, 0.0]",59415,15171,N3,dismiss,-0.3,ts,1060,0
"[0.08928571428571436, -0.08928571428571436, -0.26666666666666666, -0.9233333333333333, -0.7363636363636363, 0.0, 0.0, 0.0, 1.0, 0.45867183971799486, 1.0, 0.0, 0.0, 0.0, 0.0, 0.0, 0.0, 0.0]",41373,51572,N3,accept,0.36250000000000004,ts,1252,1
"[0.06666666666666672, -0.06666666666666672, 0.2002503128911139, 0.125, 0.09090909090909091, 0.0, 0.0, 0.0, 1.0, 0.6507969639330484, 1.0, 0.0, 0.0, 0.0, 0.0, 0.0, 0.0, 0.0]",139805,55915,N3,dismiss,-0.3,ts,1349,0
"[0.06666666666666672, -0.06666666666666672, -0.3238461538461539, -0.15, -0.13999999999999996, 0.0, 0.0, 0.0, 1.0, 0.6040576707602408, 1.0, 0.0, 0.0, 0.0, 0.0, 0.0, 0.0, 0.0]",57043,141655,N3,dismiss,-0.3,ts,2947,0
"[0.1111111111111111, -0.1111111111111111, -0.2028985507246377, -0.6929824561403509, -0.25, 0.0, 0.0, 0.0, 1.0, 0.5530661334564829, 1.0, 0.0, 0.0, 0.0, 0.0, 0.0, 0.0, 0.0]",87177,110001,N3,dismiss,-0.3,ts,516,1
"[0.023255813953488393, -0.023255813953488393, 0.2, 0.0034129692832764505, -0.042553191489361736, 0.0, 0.0, 0.0, 1.0, 0.6795231858504707, 1.0, 0.0, 0.0, 0.0, 0.0, 0.0, 0.0, 0.0]",33338,91970,N3,dismiss,-0.3,ts,821,1
"[0.14, -0.14, -0.5615615615615616, 0.0, 0.0, 0.0, 0.0, 0.0, 1.0, 0.6667940993816643, 1.0, 0.0, 0.0, 0.0, 0.0, 0.0, 0.0, 0.0]",93922,69993,N3,dismiss,-0.3,ts,1216,1
"[0.11458333333333333, -0.11458333333333333, 0.0, -0.5561959654178674, -0.7909090909090909, 0.0, 0.0, 0.0, 1.0, 0.5727064609689967, 1.0, 0.0, 0.0, 0.0, 0.0, 0.0, 0.0, 0.0]",107659,142262,N3,dismiss,-0.3,ts,496,0
"[0.5636363636363637, -0.5636363636363637, -0.502322495023225, 0.10826210826210826, 0.7142857142857143, 0.0, 0.0, 0.0, 1.0, 0.652151370242026, 1.0, 0.0, 0.0, 0.0, 0.0, 0.0, 0.0, 0.0]",43335,107588,N3,dismiss,-0.3,ts,1846,0
"[0.375, -0.375, -0.36161335187760785, -0.2, -0.18, 0.0, 0.0, 0.0, 1.0, 0.679693785618543, 1.0, 0.0, 0.0, 0.0, 0.0, 0.0, 0.0, 0.0]",63907,113027,N3,dismiss,-0.3,ts,2377,0
"[0.25000000000000006, -0.25000000000000006, 0.24608967674661097, -0.42924528301886794, 0.4117647058823529, 0.0, 0.0, 0.0, 1.0, 0.5912500777360127, 1.0, 0.0, 0.0, 0.0, 0.0, 0.0, 0.0, 0.0]",55882,86760,N3,dismiss,-0.3,ts,2980,0
"[0.16666666666666666, -0.16666666666666666, -0.30527888446215135, -0.326984126984127, -0.3076923076923077, 0.0, 0.0, 0.0, 1.0, 0.578900933659987, 1.0, 0.0, 0.0, 0.0, 0.0, 0.0, 0.0, 0.0]",170958,84871,N3,dismiss,-0.3,ts,1552,1
"[0.0624999999999999, -0.0624999999999999, -0.4134375, -0.25838926174496646, -0.29411764705882354, 0.0, 0.0, 0.0, 1.0, 0.5336136768150922, 1.0, 0.0, 0.0, 0.0, 0.0, 0.0, 0.0, 0.0]",104963,104466,N3,dismiss,-0.3,ts,947,0
"[0.2, -0.2, -0.33592017738359203, -0.5778546712802768, 0.46153846153846156, 0.0, 0.0, 0.0, 1.0, 0.5318010236545521, 1.0, 0.0, 0.0, 0.0, 0.0, 0.0, 0.0, 0.0]",179676,185524,N3,dismiss,-0.3,ts,1820,1
"[0.1666666666666667, -0.1666666666666667, -0.15503875968992248, -0.03669724770642202, 0.0, 0.0, 0.0, 0.0, 1.0, 0.7472928128791391, 1.0, 0.0, 0.0, 0.0, 0.0, 0.0, 0.0, 0.0]",92712,143384,N3,dismiss,-0.3,ts,2594,1
"[0.5, -0.5, 0.03799999999999997, 0.0, 0.0, 0.0, 0.0, 0.0, 1.0, 0.8941504794086983, 1.0, 0.0, 0.0, 0.0, 0.0, 0.0, 0.0, 0.0]",69946,16718,N3,dismiss,-0.3,ts,1507,1
"[0.25, -0.25, -0.5784649062799289, -0.0024271844660194173, 0.0, 0.0, 0.0, 0.0, 1.0, 0.7017529829987413, 1.0, 0.0, 0.0, 0.0, 0.0, 0.0, 0.0, 0.0]",15456,189231,N3,dismiss,-0.3,ts,2136,1
"[0.5833333333333334, -0.5833333333333334, -0.09638554216867469, -0.6933911159263272, 0.2207792207792208, 0.0, 0.0, 0.0, 1.0, 0.7248472832576777, 1.0, 0.0, 0.0, 0.0, 0.0, 0.0, 0.0, 0.0]",185512,185510,N3,dismiss,-0.3,ts,471,1
"[0.8714285714285714, -0.8714285714285714, -0.17521902377972465, 0.10526315789473684, 0.631578947368421, 0.0, 0.0, 0.0, 1.0, 0.7707011798032538, 1.0, 0.0, 0.0, 0.0, 0.0, 0.0, 0.0, 0.0]",158639,170138,N3,dismiss,-0.3,ts,1467,0
"[0.2, -0.07, -0.29684601113172543, 0.0, 0.0, 0.0, 0.0, 0.0, 1.0, 0.6866108486748183, 1.0, 0.0, 0.0, 0.0, 0.0, 0.0, 0.0, 0.0]",63919,48992,N3,accept,0.43999999999999995,ts,2715,0
"[0.39285714285714285, -0.39285714285714285, -0.1965194109772423, 0.11255411255411256, -0.42592592592592593, 0.0, 0.0, 0.0, 1.0, 0.7011040251103882, 1.0, 0.0, 0.0, 0.0, 0.0, 0.0, 0.0, 0.0]",20077,20089,N3,dismiss,-0.3,ts,1732,0
"[0.03273809523809514, -0.03273809523809514, 0.0690846286701209, 0.09, 0.09090909090909091, 0.0, 0.0, 0.0, 1.0, 0.6868106489856618, 1.0, 0.0, 0.0, 0.0, 0.0, 0.0, 0.0, 0.0]",16725,63891,N3,dismiss,-0.3,ts,1622,0
"[0.755, -0.755, 0.2222222222222222, 0.56, -0.06000000000000001, 0.0, 0.0, 0.0, 1.0, 0.7631843994911166, 1.0, 0.0, 0.0, 0.0, 0.0, 0.0, 0.0, 0.0]",30621,125786,N3,dismiss,-0.3,ts,2775,1
"[0.09090909090909098, -0.09090909090909098, -0.335, 0.04878048780487805, 0.0, 0.0, 0.0, 0.0, 1.0, 0.6722799321450345, 1.0, 0.0, 0.0, 0.0, 0.0, 0.0, 0.0, 0.0]",162867,174773,N3,dismiss,-0.3,ts,1013,1
"[0.12499999999999988, -0.12499999999999988, 0.21153846153846154, 0.049723756906077346, 0.05555555555555555, 0.0, 0.0, 0.0, 1.0, 0.6973654663264208, 1.0, 0.0, 0.0, 0.0, 0.0, 0.0, 0.0, 0.0]",146678,180524,N3,dismiss,-0.3,ts,813,0
"[0.09999999999999998, -0.09999999999999998, -0.0690846286701209, 0.0, 0.13636363636363635, 0.0, 0.0, 0.0, 1.0, 0.7256065692853766, 1.0, 0.0, 0.0, 0.0, 0.0, 0.0, 0.0, 0.0]",16912,123848,N3,dismiss,-0.3,ts,1273,1
"[0.24999999999999992, -0.24999999999999992, 0.09610802223987286, -0.34210526315789475, 0.05263157894736842, 0.0, 0.0, 0.0, 1.0, 0.7153014633789336, 1.0, 0.0, 0.0, 0.0, 0.0, 0.0, 0.0, 0.0]",144703,71136,N3,dismiss,-0.3,ts,2526,0
"[0.3230769230769231, -0.3230769230769231, -0.0012099213551118918, 1.0, -0.17647058823529413, 0.0, 0.0, 0.0, 1.0, 0.6749942815801884, 1.0, 0.0, 0.0, 0.0, 0.0, 0.0, 0.0, 0.0]",61360,61314,N3,accept,0.5261538461538462,ts,893,0
"[0.14285714285714288, -0.14285714285714288, 0.08411892675852069, 0.0, 0.0, 0.0, 0.0, 0.0, 1.0, 0.7717968012528305, 1.0, 0.0, 0.0, 0.0, 0.0, 0.0, 0.0, 0.0]",141774,174759,N3,dismiss,-0.3,ts,1869,0
"[0.7, -0.7, -0.1279813845258872, 0.41284403669724773, -0.45882352941176474, 0.0, 0.0, 0.0, 1.0, 0.7258944569740007, 1.0, 0.0, 0.0, 0.0, 0.0, 0.0, 0.0, 0.0]",81396,115951,N3,dismiss,-0.3,ts,2039,1
"[0.13953488372093023, -0.13953488372093023, 0.2, -0.21686746987951808, -0.12727272727272732, 0.0, 0.0, 0.0, 1.0, 0.6491415867196744, 1.0, 0.0, 0.0, 0.0, 0.0, 0.0, 0.0, 0.0]",40740,91969,N3,accept,0.39767441860465114,ts,692,1
"[0.9223529411764706, -0.9223529411764706, -0.2992992992992993, 0.376, -0.1, 0.0, 0.0, 0.0, 1.0, 0.7738740681898515, 1.0, 0.0, 0.0, 0.0, 0.0, 0.0, 0.0, 0.0]",47181,169335,N3,dismiss,-0.3,ts,2238,1
"[0.018181818181818195, -0.018181818181818195, -0.20784224841341783, 0.0, 0.0, 0.0, 0.0, 0.0, 1.0, 0.6887941787705715, 1.0, 0.0, 0.0, 0.0, 0.0, 0.0, 0.0, 0.0]",16660,147468,N3,dismiss,-0.3,ts,588,0
"[0.7, -0.7, -0.3508771929824562, 0.4847161572052402, -0.49375, 0.0, 0.0, 0.0, 1.0, 0.6573653265668035, 1.0, 0.0, 0.0, 0.0, 0.0, 0.0, 0.0, 0.0]",185375,145532,N3,accept,0.7899999999999999,ts,2563,1
"[0.8603174603174604, -0.8603174603174604, -0.3191489361702128, 0.3333333333333333, -0.338235294117647, 0.0, 0.0, 0.0, 1.0, 0.7237247416033036, 1.0, 0.0, 0.0, 0.0, 0.0, 0.0, 0.0, 0.0]",48746,59424,N3,dismiss,-0.3,ts,2451,1
"[0.20000000000000007, -0.20000000000000007, 0.17909090909090916, -0.10160427807486631, 0.36363636363636365, 0.0, 0.0, 0.0, 1.0, 0.6575173146638584, 1.0, 0.0, 0.0, 0.0, 0.0, 0.0, 0.0, 0.0]",89763,107458,N3,dismiss,-0.3,ts,2031,1
"[0.1666666666666667, -0.1666666666666667, -0.15503875968992248, 0.029411764705882353, 0.0, 0.0, 0.0, 0.0, 1.0, 0.7493386575941129, 1.0, 0.0, 0.0, 0.0, 0.0, 0.0, 0.0, 0.0]",92714,143384,N3,dismiss,-0.3,ts,1556,1
"[0.20000000000000007, -0.20000000000000007, -0.00663349917081258, 0.019943019943019943, -0.5, 0.0, 0.0, 0.0, 1.0, 0.7195090339231701, 1.0, 0.0, 0.0, 0.0, 0.0, 0.0, 0.0, 0.0]",151840,135482,N3,accept,0.44000000000000006,ts,1374,1
"[0.02500000000000002, -0.02500000000000002, -0.33110367892976583, -0.18, -0.039999999999999994, 0.0, 0.0, 0.0, 1.0, 0.6056318521821138, 1.0, 0.0, 0.0, 0.0, 0.0, 0.0, 0.0, 0.0]",54434,62503,N3,accept,0.3175,ts,2866,1
"[0.75, -0.75, -0.5381597717546363, -0.011627906976744186, -0.6625, 0.0, 0.0, 0.0, 1.0, 0.706917128182011, 1.0, 0.0, 0.0, 0.0, 0.0, 0.0, 0.0, 0.0]",116466,145532,N3,dismiss,-0.3,ts,1149,1
"[0.20000000000000007, -0.20000000000000007, -0.00663349917081258, 0.019943019943019943, -0.5, 0.0, 0.0, 0.0, 1.0, 0.7195090339231701, 1.0, 0.0, 0.0, 0.0, 0.0, 0.0, 0.0, 0.0]",15532,135481,N3,dismiss,-0.3,ts,1637,1
"[0.19999999999999993, -0.19999999999999993, 0.125, 0.0, 0.0, 0.0, 0.0, 0.0, 1.0, 0.7785883097271787, 1.0, 0.0, 0.0, 0.0, 0.0, 0.0, 0.0, 0.0]",75387,18219,N3,dismiss,-0.3,ts,1280,0
"[0.6785714285714286, -0.6785714285714286, -0.06094182825484772, 0.10465116279069768, -0.20689655172413793, 0.0, 0.0, 0.0, 1.0, 0.8401414992281117, 1.0, 0.0, 0.0, 0.0, 0.0, 0.0, 0.0, 0.0]",123439,89765,N3,accept,0.7749999999999999,ts,1222,0
"[0.26470588235294124, -0.26470588235294124, -0.408675799086758, 0.02, -0.019999999999999973, 0.0, 0.0, 0.0, 1.0, 0.7209141521999168, 1.0, 0.0, 0.0, 0.0, 0.0, 0.0, 0.0, 0.0]",77265,189203,N3,dismiss,-0.3,ts,2730,1
"[0.4, -0.28, -0.2697495183044316, -0.18333333333333332, 1.0, 0.0, 0.0, 0.0, 1.0, 0.586722181322074, 1.0, 0.0, 0.0, 0.0, 0.0, 0.0, 0.0, 0.0]",16718,42569,N3,dismiss,-0.3,ts,2979,0
"[0.11458333333333333, -0.11458333333333333, 0.0, -0.5587392550143266, -0.77, 0.0, 0.0, 0.0, 1.0, 0.5737732739088267, 1.0, 0.0, 0.0, 0.0, 0.0, 0.0, 0.0, 0.0]",107563,142262,N3,dismiss,-0.3,ts,2803,0
"[0.3636363636363637, -0.3636363636363637, 0.0, 0.0, 0.0, 0.0, 0.0, 0.0, 1.0, 0.8742764353476687, 1.0, 0.0, 0.0, 0.0, 0.0, 0.0, 0.0, 0.0]",123548,123174,N3,dismiss,-0.3,ts,1664,0
"[0.2, -0.2, -0.1, 0.062146892655367235, 0.07692307692307693, 0.0, 0.0, 0.0, 1.0, 0.7476529448495813, 1.0, 0.0, 0.0, 0.0, 0.0, 0.0, 0.0, 0.0]",108827,151841,N3,dismiss,-0.3,ts,1014,1
"[0.415625, -0.415625, 0.1312500000000001, 0.0, 0.0, 0.0, 0.0, 0.0, 1.0, 0.8422044928641546, 1.0, 0.0, 0.0, 0.0, 0.0, 0.0, 0.0, 0.0]",152421,15139,N3,dismiss,-0.3,ts,1984,1
"[0.02500000000000002, -0.02500000000000002, -0.1863303498779495, 0.02, -0.07999999999999999, 0.0, 0.0, 0.0, 1.0, 0.6690903795112921, 1.0, 0.0, 0.0, 0.0, 0.0, 0.0, 0.0, 0.0]",130430,62539,N3,dismiss,-0.3,ts,2683,0
"[0.6000000000000001, -0.6000000000000001, 0.1111111111111111, 0.0, 0.0, 0.0, 0.0, 0.0, 1.0, 0.8892219481331178, 1.0, 0.0, 0.0, 0.0, 0.0, 0.0, 0.0, 0.0]",38176,112477,N3,dismiss,-0.3,ts,1710,0
"[0.09090909090909098, -0.09090909090909098, 0.0, 0.002898550724637681, -0.038461538461538464, 0.0, 0.0, 0.0, 1.0, 0.7719082739635789, 1.0, 0.0, 0.0, 0.0, 0.0, 0.0, 0.0, 0.0]",43134,116977,N3,dismiss,-0.3,ts,2253,1
"[0.2922374429223744, -0.2922374429223744, 0.22661217075386023, 0.011267605633802818, 0.125, 0.0, 0.0, 0.0, 1.0, 0.7436629812278469, 1.0, 0.0, 0.0, 0.0, 0.0, 0.0, 0.0, 0.0]",64291,85287,N3,dismiss,-0.3,ts,1352,0
"[0.25, -0.25, 0.15830115830115837, 0.02976190476190476, 0.13636363636363635, 0.0, 0.0, 0.0, 1.0, 0.7408404640993043, 1.0, 0.0, 0.0, 0.0, 0.0, 0.0, 0.0, 0.0]",106979,117045,N3,dismiss,-0.3,ts,580,0
"[0.09999999999999996, -0.09999999999999996, -0.0006666666666666524, 0.27419354838709675, -0.06000000000000001, 0.0, 0.0, 0.0, 1.0, 0.706675003762941, 1.0, 0.0, 0.0, 0.0, 0.0, 0.0, 0.0, 0.0]",41650,155616,N3,dismiss,-0.3,ts,733,0
"[0.11111111111111104, -0.11111111111111104, 0.14184397163120568, 0.27555555555555555, -0.19117647058823528, 0.0, 0.0, 0.0, 1.0, 0.6306699196063179, 1.0, 0.0, 0.0, 0.0, 0.0, 0.0, 0.0, 0.0]",48746,91072,N3,dismiss,-0.3,ts,1832,1
"[0.5599999999999999, -0.5599999999999999, 0.0013342228152101116, 0.014035087719298246, 0.03571428571428559, 0.0, 0.0, 0.0, 1.0, 0.9064267245263649, 1.0, 0.0, 0.0, 0.0, 0.0, 0.0, 0.0, 0.0]",104485,114138,N3,dismiss,-0.3,ts,2160,0
"[0.20000000000000004, -0.20000000000000004, -0.2753441802252817, 0.007246376811594203, 0.02500000000000006, 0.0, 0.0, 0.0, 1.0, 0.7286648904328484, 1.0, 0.0, 0.0, 0.0, 0.0, 0.0, 0.0, 0.0]",53366,108461,N3,accept,0.44,ts,1157,1
"[0.20000000000000004, -0.20000000000000004, -0.14724770642201832, 0.0, -0.041666666666666664, 0.0, 0.0, 0.0, 1.0, 0.7598162879753003, 1.0, 0.0, 0.0, 0.0, 0.0, 0.0, 0.0, 0.0]",143384,84737,N3,dismiss,-0.3,ts,494,0
"[0.02500000000000002, -0.02500000000000002, -0.028182701652089328, -0.06, -0.07999999999999999, 0.0, 0.0, 0.0, 1.0, 0.709268980968216, 1.0, 0.0, 0.0, 0.0, 0.0, 0.0, 0.0, 0.0]",114070,62540,N3,accept,0.3175,ts,1681,0
"[0.4375, -0.4375, -0.49262536873156343, -0.011235955056179775, -0.29090909090909095, 0.0, 0.0, 0.0, 1.0, 0.6991337180546869, 1.0, 0.0, 0.0, 0.0, 0.0, 0.0, 0.0, 0.0]",87724,105899,N3,dismiss,-0.3,ts,1768,1
"[0.5636363636363637, -0.5636363636363637, 0.07142857142857142, -0.016901408450704224, 0.8181818181818182, 0.0, 0.0, 0.0, 1.0, 0.7697647418315443, 1.0, 0.0, 0.0, 0.0, 0.0, 0.0, 0.0, 0.0]",123018,107563,N3,dismiss,-0.3,ts,1807,1
"[0.2363636363636364, -0.2363636363636364, -0.14295925661186562, 0.0, 0.02500000000000006, 0.0, 0.0, 0.0, 1.0, 0.7780493073777478, 1.0, 0.0, 0.0, 0.0, 0.0, 0.0, 0.0, 0.0]",84678,59125,N3,dismiss,-0.3,ts,1495,0
"[0.20000000000000007, -0.20000000000000007, -0.2488262910798122, -0.022727272727272728, -0.041666666666666664, 0.0, 0.0, 0.0, 1.0, 0.7257604933508731, 1.0, 0.0, 0.0, 0.0, 0.0, 0.0, 0.0, 0.0]",74280,31972,N3,accept,0.44000000000000006,ts,1257,1
"[0.7058823529411765, -0.7058823529411765, 0.1723329425556859, 1.0, 1.0, 0.0, 0.0, 0.0, 1.0, 0.58851853270898, 1.0, 0.0, 0.0, 0.0, 0.0, 0.0, 0.0, 0.0]",147129,104684,N3,accept,0.7941176470588236,ts,1313,1
"[0.72, -0.72, 0.0, 0.56, 0.0, 0.0, 0.0, 0.0, 1.0, 0.8472417434643311, 1.0, 0.0, 0.0, 0.0, 0.0, 0.0, 0.0, 0.0]",30621,30711,N3,dismiss,-0.3,ts,1379,1
"[0.2, -0.2, 0.06177606177606183, -0.2127659574468085, 0.06000000000000005, 0.0, 0.0, 0.0, 1.0, 0.7306346526818904, 1.0, 0.0, 0.0, 0.0, 0.0, 0.0, 0.0, 0.0]",19611,19607,N3,accept,0.43999999999999995,ts,1955,0
"[0.85, -0.85, -0.005000000000000071, 0.0, 0.0, 0.0, 0.0, 0.0, 1.0, 0.9617967240690748, 1.0, 0.0, 0.0, 0.0, 0.0, 0.0, 0.0, 0.0]",38018,174748,N3,dismiss,-0.3,ts,1474,0
"[0.07692307692307684, -0.07692307692307684, 0.0, 0.12169312169312169, 0.0, 0.0, 0.0, 0.0, 1.0, 0.7463141143425299, 1.0, 0.0, 0.0, 0.0, 0.0, 0.0, 0.0, 0.0]",115242,55882,N3,accept,0.35384615384615375,ts,1415,0
"[0.5, -0.5, -0.1669449081803005, -0.02857142857142857, -0.015999999999999945, 0.0, 0.0, 0.0, 1.0, 0.8389586327550722, 1.0, 0.0, 0.0, 0.0, 0.0, 0.0, 0.0, 0.0]",19869,81422,N3,dismiss,-0.3,ts,596,1
"[0.8529411764705882, -0.8529411764705882, -0.3633333333333333, 0.29213483146067415, 0.1111111111111111, 0.0, 0.0, 0.0, 1.0, 0.7645231777018904, 1.0, 0.0, 0.0, 0.0, 0.0, 0.0, 0.0, 0.0]",138519,146668,N3,dismiss,-0.3,ts,1990,1
"[0.580952380952381, -0.580952380952381, -0.18181818181818182, -0.30526315789473685, -0.3, 0.0, 0.0, 0.0, 1.0, 0.728335082719639, 1.0, 0.0, 0.0, 0.0, 0.0, 0.0, 0.0, 0.0]",122720,30710,N3,dismiss,-0.3,ts,2078,1
"[0.35000000000000003, -0.35000000000000003, 0.027816411682892905, -0.45103857566765576, -0.5, 0.0, 0.0, 0.0, 1.0, 0.6756055460954731, 1.0, 0.0, 0.0, 0.0, 0.0, 0.0, 0.0, 0.0]",87402,175208,N3,dismiss,-0.3,ts,868,0
"[0.16666666666666663, -0.16666666666666663, -0.1497064579256361, -0.04, -0.039999999999999994, 0.0, 0.0, 0.0, 1.0, 0.7364152237187678, 1.0, 0.0, 0.0, 0.0, 0.0, 0.0, 0.0, 0.0]",122734,81996,N3,dismiss,-0.3,ts,2730,0
"[0.36974789915966383, -0.36974789915966383, -0.3775474956822107, 0.6603053435114504, -0.36, 0.0, 0.0, 0.0, 1.0, 0.5830459079235263, 1.0, 0.0, 0.0, 0.0, 0.0, 0.0, 0.0, 0.0]",61358,155692,N3,dismiss,-0.3,ts,590,1
"[0.5599999999999999, -0.5599999999999999, -0.3905817174515236, 0.0872093023255814, -0.2413793103448276, 0.0, 0.0, 0.0, 1.0, 0.7315804609111057, 1.0, 0.0, 0.0, 0.0, 0.0, 0.0, 0.0, 0.0]",123511,89763,N3,accept,0.692,ts,1566,1
"[0.2972972972972973, -0.2972972972972973, 0.052770448548812667, -0.015748031496062992, -0.45614035087719296, 0.0, 0.0, 0.0, 1.0, 0.7401980539852661, 1.0, 0.0, 0.0, 0.0, 0.0, 0.0, 0.0, 0.0]",31679,110599,N3,dismiss,-0.3,ts,2392,0
"[0.4545454545454546, -0.4545454545454546, -0.29375, 0.00872093023255814, 0.8333333333333334, 0.0, 0.0, 0.0, 1.0, 0.6850557462477123, 1.0, 0.0, 0.0, 0.0, 0.0, 0.0, 0.0, 0.0]",31975,108828,N3,accept,0.6181818181818182,ts,2972,0
"[0.3333333333333333, -0.3333333333333333, 0.21951219512195133, -0.4137254901960784, -0.05263157894736842, 0.0, 0.0, 0.0, 1.0, 0.6950497747811781, 1.0, 0.0, 0.0, 0.0, 0.0, 0.0, 0.0, 0.0]",155668,104684,N3,dismiss,-0.3,ts,1127,1
"[0.7600000000000001, -0.7600000000000001, 0.0, 0.0, 0.0, 0.0, 0.0, 0.0, 1.0, 0.9536035234414215, 1.0, 0.0, 0.0, 0.0, 0.0, 0.0, 0.0, 0.0]",141769,141753,N3,accept,0.8320000000000001,ts,2780,1
"[0.8125, -0.8125, -0.39079054604726976, -0.20930232558139536, -0.9791666666666666, 0.0, 0.0, 0.0, 1.0, 0.6712162734548714, 1.0, 0.0, 0.0, 0.0, 0.0, 0.0, 0.0, 0.0]",84869,134921,N3,dismiss,-0.3,ts,2032,1
"[0.5833333333333334, -0.5833333333333334, -0.09638554216867469, -0.6933911159263272, 0.2207792207792208, 0.0, 0.0, 0.0, 1.0, 0.7248472832576777, 1.0, 0.0, 0.0, 0.0, 0.0, 0.0, 0.0, 0.0]",185512,185510,N3,accept,0.7083333333333333,ts,1741,1
"[0.09090909090909098, -0.09090909090909098, -0.19, -0.037900874635568516, 0.09090909090909091, 0.0, 0.0, 0.0, 1.0, 0.6847663763373026, 1.0, 0.0, 0.0, 0.0, 0.0, 0.0, 0.0, 0.0]",162866,142494,N3,dismiss,-0.3,ts,560,1
"[0.28571428571428564, -0.28571428571428564, -0.11266469481043286, 0.0, 0.0, 0.0, 0.0, 0.0, 1.0, 0.8106823327631818, 1.0, 0.0, 0.0, 0.0, 0.0, 0.0, 0.0, 0.0]",55412,72620,N3,dismiss,-0.3,ts,1509,1
"[0.14285714285714288, -0.14285714285714288, -0.16684045881126172, -0.4514285714285714, 0.29411764705882354, 0.0, 0.0, 0.0, 1.0, 0.5901301128303514, 1.0, 0.0, 0.0, 0.0, 0.0, 0.0, 0.0, 0.0]",78003,139805,N3,accept,0.4,ts,1261,1
"[0.8571428571428572, -0.8571428571428572, -0.7684964200477328, -0.15723270440251572, -0.5352112676056338, 0.0, 0.0, 0.0, 1.0, 0.6684617502401409, 1.0, 0.0, 0.0, 0.0, 0.0, 0.0, 0.0, 0.0]",57280,117029,N3,dismiss,-0.3,ts,2408,1
"[0.1428571428571428, -0.1428571428571428, -0.5157142857142857, 0.022900763358778626, 0.32, 0.0, 0.0, 0.0, 1.0, 0.596444299863037, 1.0, 0.0, 0.0, 0.0, 0.0, 0.0, 0.0, 0.0]",104682,120916,N3,dismiss,-0.3,ts,821,1
"[0.294478527607362, -0.294478527607362, 0.22798887859128833, -0.025, -0.11392405063291143, 0.0, 0.0, 0.0, 1.0, 0.7426536066065215, 1.0, 0.0, 0.0, 0.0, 0.0, 0.0, 0.0, 0.0]",15663,39517,N3,dismiss,-0.3,ts,1612,0
"[0.08333333333333326, -0.08333333333333326, 0.0, 0.1125, 0.18181818181818182, 0.0, 0.0, 0.0, 1.0, 0.7051372725166374, 1.0, 0.0, 0.0, 0.0, 0.0, 0.0, 0.0, 0.0]",73738,73736,N3,dismiss,-0.3,ts,1881,0
"[0.0555555555555556, -0.0555555555555556, -0.44341372912801486, 0.01764705882352941, 0.0, 0.0, 0.0, 0.0, 1.0, 0.6479755888896072, 1.0, 0.0, 0.0, 0.0, 0.0, 0.0, 0.0, 0.0]",123848,105724,N3,accept,0.3388888888888889,ts,626,1
"[0.25999999999999995, -0.25999999999999995, -0.6005004170141784, 0.06333333333333334, 0.2727272727272727, 0.0, 0.0, 0.0, 1.0, 0.6221094771590904, 1.0, 0.0, 0.0, 0.0, 0.0, 0.0, 0.0, 0.0]",63869,63924,N3,dismiss,-0.3,ts,1827,1
"[0.4690265486725664, -0.4690265486725664, -0.2679665738161559, -0.008450704225352112, -0.13333333333333336, 0.0, 0.0, 0.0, 1.0, 0.7810524086933406, 1.0, 0.0, 0.0, 0.0, 0.0, 0.0, 0.0, 0.0]",143110,111012,N3,dismiss,-0.3,ts,831,1
"[0.5, -0.5, 0.0, 0.0, 0.0, 0.0, 0.0, 0.0, 1.0, 0.9087872380968218, 1.0, 0.0, 0.0, 0.0, 0.0, 0.0, 0.0, 0.0]",60782,60783,N3,dismiss,-0.3,ts,1768,0
"[0.19230769230769232, -0.19230769230769232, 0.0, 0.11363636363636363, 0.0, 0.0, 0.0, 0.0, 1.0, 0.7896850702294859, 1.0, 0.0, 0.0, 0.0, 0.0, 0.0, 0.0, 0.0]",114738,166142,N3,dismiss,-0.3,ts,943,0
"[0.3636363636363637, -0.3636363636363637, 0.146788990825688, 0.0110803324099723, 0.36363636363636365, 0.0, 0.0, 0.0, 1.0, 0.7425908749935993, 1.0, 0.0, 0.0, 0.0, 0.0, 0.0, 0.0, 0.0]",93938,123174,N3,dismiss,-0.3,ts,475,0
"[0.32919254658385094, -0.32919254658385094, 0.0, -0.17801047120418848, -0.2631578947368421, 0.0, 0.0, 0.0, 1.0, 0.757989917414392, 1.0, 0.0, 0.0, 0.0, 0.0, 0.0, 0.0, 0.0]",103705,145523,N3,dismiss,-0.3,ts,2435,0
"[0.8714285714285714, -0.8714285714285714, -0.34034034034034033, -0.14285714285714285, 0.7222222222222222, 0.0, 0.0, 0.0, 1.0, 0.7152452814798028, 1.0, 0.0, 0.0, 0.0, 0.0, 0.0, 0.0, 0.0]",155975,170138,N3,accept,0.9099999999999999,ts,2460,0
"[0.7058823529411764, -0.7058823529411764, -0.2528473804100228, 0.9101123595505618, 0.26666666666666666, 0.0, 0.0, 0.0, 1.0, 0.679215912782483, 1.0, 0.0, 0.0, 0.0, 0.0, 0.0, 0.0, 0.0]",39429,155668,N3,dismiss,-0.3,ts,1066,0
"[0.5535714285714286, -0.5535714285714286, 0.15414258188824664, 0.0, 0.0, 0.0, 0.0, 0.0, 1.0, 0.8671080873886962, 1.0, 0.0, 0.0, 0.0, 0.0, 0.0, 0.0, 0.0]",16734,16729,N3,dismiss,-0.3,ts,1986,0
"[0.3333333333333333, -0.3333333333333333, -0.48406676783004554, -0.44761904761904764, -0.6129032258064516, 0.0, 0.0, 0.0, 1.0, 0.546792220645576, 1.0, 0.0, 0.0, 0.0, 0.0, 0.0, 0.0, 0.0]",170138,175100,N3,accept,0.5333333333333333,ts,2938,0
"[0.11627906976744183, -0.11627906976744183, 0.0, -0.14759036144578314, -0.09090909090909091, 0.0, 0.0, 0.0, 1.0, 0.7298902829852456, 1.0, 0.0, 0.0, 0.0, 0.0, 0.0, 0.0, 0.0]",40740,38840,N3,dismiss,-0.3,ts,1643,1
"[0.7058823529411765, -0.7058823529411765, -0.04260651629072671, 0.47435897435897434, 0.3333333333333333, 0.0, 0.0, 0.0, 1.0, 0.7650647611229402, 1.0, 0.0, 0.0, 0.0, 0.0, 0.0, 0.0, 0.0]",58951,146668,N3,accept,0.7941176470588236,ts,1179,1
"[0.09090909090909098, -0.09090909090909098, -0.1544885177453027, -0.0625, 0.0, 0.0, 0.0, 0.0, 1.0, 0.7130952232210707, 1.0, 0.0, 0.0, 0.0, 0.0, 0.0, 0.0, 0.0]",110877,142494,N3,dismiss,-0.3,ts,1129,1
"[0.1666666666666667, -0.1666666666666667, 0.0, 0.3, 0.22000000000000003, 0.0, 0.0, 0.0, 1.0, 0.6901568741775026, 1.0, 0.0, 0.0, 0.0, 0.0, 0.0, 0.0, 0.0]",29439,61090,N3,dismiss,-0.3,ts,820,0
"[0.20000000000000007, -0.20000000000000007, -0.2488262910798122, -0.022727272727272728, 0.0, 0.0, 0.0, 0.0, 1.0, 0.7377538311564746, 1.0, 0.0, 0.0, 0.0, 0.0, 0.0, 0.0, 0.0]",74282,31975,N3,dismiss,-0.3,ts,2139,1
"[0.040000000000000036, -0.040000000000000036, -0.08016032064128256, 0.6467889908256881, -0.4727272727272727, 0.0, 0.0, 0.0, 1.0, 0.5347747310946434, 1.0, 0.0, 0.0, 0.0, 0.0, 0.0, 0.0, 0.0]",185374,158412,N3,dismiss,-0.3,ts,594,0
"[0.6097560975609756, -0.6097560975609756, 0.08774474256707766, 0.4117647058823529, 0.08333333333333333, 0.0, 0.0, 0.0, 1.0, 0.7914507604149708, 1.0, 0.0, 0.0, 0.0, 0.0, 0.0, 0.0, 0.0]",141752,90182,N3,dismiss,-0.3,ts,1582,1
"[0.5, -0.5, -0.8696, -0.05956112852664577, -0.21428571428571427, 0.0, 0.0, 0.0, 1.0, 0.674790161344931, 1.0, 0.0, 0.0, 0.0, 0.0, 0.0, 0.0, 0.0]",63925,63864,N3,dismiss,-0.3,ts,1034,1
"[0.15999999999999998, -0.15999999999999998, -0.30025445292620867, 0.7263157894736842, 0.39622641509433976, 0.0, 0.0, 0.0, 1.0, 0.5215834348101834, 1.0, 0.0, 0.0, 0.0, 0.0, 0.0, 0.0, 0.0]",59416,152287,N3,accept,0.412,ts,2054,1
"[0.5636363636363637, -0.5636363636363637, -0.17799999999999994, -0.014124293785310734, 0.5384615384615384, 0.0, 0.0, 0.0, 1.0, 0.7591846700306404, 1.0, 0.0, 0.0, 0.0, 0.0, 0.0, 0.0, 0.0]",108743,108839,N3,dismiss,-0.3,ts,510,1
"[0.20000000000000007, -0.20000000000000007, -0.0719734660033167, -0.016713091922005572, 0.2, 0.0, 0.0, 0.0, 1.0, 0.7416318447803406, 1.0, 0.0, 0.0, 0.0, 0.0, 0.0, 0.0, 0.0]",29710,88669,N3,dismiss,-0.3,ts,2011,1
"[0.3, -0.3, 0.11142061281337048, -0.06153846153846154, 0.11764705882352941, 0.0, 0.0, 0.0, 1.0, 0.7667032319168018, 1.0, 0.0, 0.0, 0.0, 0.0, 0.0, 0.0, 0.0]",110152,185563,N3,dismiss,-0.3,ts,2334,1
"[0.7954545454545455, -0.7954545454545455, 0.12999999999999995, -0.06862745098039216, -0.08, 0.0, 0.0, 0.0, 1.0, 0.8706848509641303, 1.0, 0.0, 0.0, 0.0, 0.0, 0.0, 0.0, 0.0]",89764,89765,N3,dismiss,-0.3,ts,2532,1
"[0.11111111111111106, -0.11111111111111106, 0.21052631578947367, 0.0, 0.5800000000000001, 0.0, 0.0, 0.0, 1.0, 0.6195791414577161, 1.0, 0.0, 0.0, 0.0, 0.0, 0.0, 0.0, 0.0]",54392,91067,N3,dismiss,-0.3,ts,1530,1
"[0.12499999999999988, -0.12499999999999988, 0.145985401459854, 0.19834710743801653, 0.05, 0.0, 0.0, 0.0, 1.0, 0.6822979276547984, 1.0, 0.0, 0.0, 0.0, 0.0, 0.0, 0.0, 0.0]",56538,180522,N3,dismiss,-0.3,ts,2004,1
"[0.5625, -0.5625, -0.08836524300441836, -0.014492753623188406, 0.0, 0.0, 0.0, 0.0, 1.0, 0.8852632544027691, 1.0, 0.0, 0.0, 0.0, 0.0, 0.0, 0.0, 0.0]",108507,39280,N3,dismiss,-0.3,ts,854,1
"[0.5, -0.5, -0.47299077733860345, 1.0, -0.45454545454545453, 0.0, 0.0, 0.0, 1.0, 0.5471433227927082, 1.0, 0.0, 0.0, 0.0, 0.0, 0.0, 0.0, 0.0]",85794,169349,N3,dismiss,-0.3,ts,1626,1
"[0.7843137254901961, -0.7843137254901961, 0.05772136597159252, 0.376, -0.1, 0.0, 0.0, 0.0, 1.0, 0.8283012086055274, 1.0, 0.0, 0.0, 0.0, 0.0, 0.0, 0.0, 0.0]",104691,169335,N3,accept,0.8490196078431371,ts,2780,0
"[0.6571428571428571, -0.6571428571428571, -0.14340918849291542, -0.056666666666666664, -0.09090909090909091, 0.0, 0.0, 0.0, 1.0, 0.8480027334518097, 1.0, 0.0, 0.0, 0.0, 0.0, 0.0, 0.0, 0.0]",141777,49000,N3,dismiss,-0.3,ts,1190,1
"[0.3359073359073359, -0.3359073359073359, 0.0589101620029455, -0.3042168674698795, 0.21739130434782608, 0.0, 0.0, 0.0, 1.0, 0.7227993957339441, 1.0, 0.0, 0.0, 0.0, 0.0, 0.0, 0.0, 0.0]",61096,20076,N3,dismiss,-0.3,ts,1399,1
"[0.24999999999999997, -0.24999999999999997, -0.4993742177722153, -0.035211267605633804, -0.11764705882352941, 0.0, 0.0, 0.0, 1.0, 0.6716081249710165, 1.0, 0.0, 0.0, 0.0, 0.0, 0.0, 0.0, 0.0]",120828,115289,N3,dismiss,-0.3,ts,2334,1
"[0.24999999999999992, -0.24999999999999992, 0.2002503128911139, -0.1092436974789916, 0.13333333333333333, 0.0, 0.0, 0.0, 1.0, 0.7090355520187257, 1.0, 0.0, 0.0, 0.0, 0.0, 0.0, 0.0, 0.0]",139806,55882,N3,dismiss,-0.3,ts,1742,0
"[0.16666666666666674, -0.16666666666666674, 0.12526096033402923, 0.09404388714733543, 0.07142857142857142, 0.0, 0.0, 0.0, 1.0, 0.7212215308466335, 1.0, 0.0, 0.0, 0.0, 0.0, 0.0, 0.0, 0.0]",63924,63922,N3,dismiss,-0.3,ts,2658,1
"[0.5, -0.5, -0.10344827586206896, 0.0, 0.0, 0.0, 0.0, 0.0, 1.0, 0.8714079900606294, 1.0, 0.0, 0.0, 0.0, 0.0, 0.0, 0.0, 0.0]",70828,129946,N3,dismiss,-0.3,ts,664,0
"[0.20000000000000004, -0.20000000000000004, 0.21428571428571427, -0.75, -0.44000000000000006, 0.0, 0.0, 0.0, 1.0, 0.5488029253936105, 1.0, 0.0, 0.0, 0.0, 0.0, 0.0, 0.0, 0.0]",39150,18334,N3,dismiss,-0.3,ts,2034,0
"[0.8545454545454545, -0.8545454545454545, -0.18181818181818182, 0.3, -0.019999999999999973, 0.0, 0.0, 0.0, 1.0, 0.8297110935800956, 1.0, 0.0, 0.0, 0.0, 0.0, 0.0, 0.0, 0.0]",122718,30711,N3,dismiss,-0.3,ts,413,1
"[0.9215686274509803, -0.9215686274509803, -0.08178025034770528, -0.11363636363636363, 0.6428571428571429, 0.0, 0.0, 0.0, 1.0, 0.8011657673653764, 1.0, 0.0, 0.0, 0.0, 0.0, 0.0, 0.0, 0.0]",55377,120787,N3,dismiss,-0.3,ts,635,1
"[0.10000000000000009, -0.10000000000000009, -0.2588235294117647, -0.975, -0.52, 0.0, 0.0, 0.0, 1.0, 0.48076478481180795, 1.0, 0.0, 0.0, 0.0, 0.0, 0.0, 0.0, 0.0]",91074,16650,N3,dismiss,-0.3,ts,2152,0
"[0.75, -0.75, -0.13377926421404682, -0.13924050632911392, -0.6759999999999999, 0.0, 0.0, 0.0, 1.0, 0.7577226163909189, 1.0, 0.0, 0.0, 0.0, 0.0, 0.0, 0.0, 0.0]",121907,145532,N3,dismiss,-0.3,ts,2631,1
"[0.5636363636363637, -0.5636363636363637, 0.07142857142857142, 0.09577464788732394, 1.0, 0.0, 0.0, 0.0, 1.0, 0.7335108816419434, 1.0, 0.0, 0.0, 0.0, 0.0, 0.0, 0.0, 0.0]",123005,107588,N3,dismiss,-0.3,ts,2375,1
"[0.4444444444444445, -0.4444444444444445, 0.10401459854014582, -0.54, -0.6, 0.0, 0.0, 0.0, 1.0, 0.6542508615673612, 1.0, 0.0, 0.0, 0.0, 0.0, 0.0, 0.0, 0.0]",169353,132873,N3,dismiss,-0.3,ts,2779,0
"[0.08333333333333326, -0.08333333333333326, 0.0, 0.1125, 0.18181818181818182, 0.0, 0.0, 0.0, 1.0, 0.7051372725166374, 1.0, 0.0, 0.0, 0.0, 0.0, 0.0, 0.0, 0.0]",73738,73736,N3,dismiss,-0.3,ts,1809,0
"[0.4117647058823529, -0.4117647058823529, 0.002506265664160437, -0.3325892857142857, -0.55, 0.0, 0.0, 0.0, 1.0, 0.7134298324693363, 1.0, 0.0, 0.0, 0.0, 0.0, 0.0, 0.0, 0.0]",86748,104684,N3,dismiss,-0.3,ts,1293,1
"[0.16666666666666666, -0.16666666666666666, -0.386947218259629, -0.36627906976744184, -0.2916666666666667, 0.0, 0.0, 0.0, 1.0, 0.5592792837223511, 1.0, 0.0, 0.0, 0.0, 0.0, 0.0, 0.0, 0.0]",116466,81396,N3,dismiss,-0.3,ts,1024,1
"[0.268018018018018, -0.268018018018018, 0.14842300556586271, 0.0, -0.14285714285714285, 0.0, 0.0, 0.0, 1.0, 0.7567737893161709, 1.0, 0.0, 0.0, 0.0, 0.0, 0.0, 0.0, 0.0]",63923,63891,N3,dismiss,-0.3,ts,2119,0
"[0.8628571428571429, -0.8628571428571429, -0.7827536231884058, 0.4174757281553398, -0.375, 0.0, 0.0, 0.0, 1.0, 0.6427969229617827, 1.0, 0.0, 0.0, 0.0, 0.0, 0.0, 0.0, 0.0]",54732,128284,N3,dismiss,-0.3,ts,2866,1
"[0.24999999999999997, -0.24999999999999997, 0.06028476219327483, 0.2600732600732601, 0.17391304347826086, 0.0, 0.0, 0.0, 1.0, 0.7119707109018438, 1.0, 0.0, 0.0, 0.0, 0.0, 0.0, 0.0, 0.0]",86743,169335,N3,dismiss,-0.3,ts,1606,1
"[0.12499999999999999, -0.12499999999999999, -0.4235294117647059, 0.017605633802816902, -0.35294117647058826, 0.0, 0.0, 0.0, 1.0, 0.6009292107713861, 1.0, 0.0, 0.0, 0.0, 0.0, 0.0, 0.0, 0.0]",120828,110153,N3,dismiss,-0.3,ts,2024,0
"[0.16666666666666663, -0.16666666666666663, -0.5250181290790428, 0.0, 0.0, 0.0, 0.0, 0.0, 1.0, 0.6812146778495171, 1.0, 0.0, 0.0, 0.0, 0.0, 0.0, 0.0, 0.0]",141748,63863,N3,dismiss,-0.3,ts,2218,1
"[0.16666666666666663, -0.16666666666666663, 0.11098779134295228, -0.11282051282051282, -0.020000000000000018, 0.0, 0.0, 0.0, 1.0, 0.7352357426409654, 1.0, 0.0, 0.0, 0.0, 0.0, 0.0, 0.0, 0.0]",83435,87100,N3,dismiss,-0.3,ts,1639,0
"[0.25, -0.25, -0.8238095238095238, -0.15422885572139303, -0.746875, 0.0, 0.0, 0.0, 1.0, 0.5219571085949904, 1.0, 0.0, 0.0, 0.0, 0.0, 0.0, 0.0, 0.0]",30574,145532,N3,dismiss,-0.3,ts,862,1
"[0.5982142857142858, -0.5982142857142858, 0.0, -0.9433333333333334, -0.890909090909091, 0.0, 0.0, 0.0, 1.0, 0.6767339857161061, 1.0, 0.0, 0.0, 0.0, 0.0, 0.0, 0.0, 0.0]",51061,63753,N3,dismiss,-0.3,ts,1979,1
"[0.0555555555555556, -0.0555555555555556, 0.0, -0.48237885462555063, 0.3181818181818182, 0.0, 0.0, 0.0, 1.0, 0.6073285707775768, 1.0, 0.0, 0.0, 0.0, 0.0, 0.0, 0.0, 0.0]",169062,104679,N3,accept,0.3388888888888889,ts,1365,1
"[0.08163265306122446, -0.08163265306122446, 0.0817610062893081, 0.002849002849002849, 0.08333333333333329, 0.0, 0.0, 0.0, 1.0, 0.7264097091680045, 1.0, 0.0, 0.0, 0.0, 0.0, 0.0, 0.0, 0.0]",105872,105899,N3,accept,0.3571428571428571,ts,2805,0
"[0.25000000000000006, -0.25000000000000006, -0.10427528675703858, -0.5424528301886793, 0.17647058823529413, 0.0, 0.0, 0.0, 1.0, 0.6580241737478809, 1.0, 0.0, 0.0, 0.0, 0.0, 0.0, 0.0, 0.0]",55882,139804,N3,accept,0.475,ts,1195,1
"[0.25, -0.25, -0.7625099285146941, -0.32338308457711445, -0.984375, 0.0, 0.0, 0.0, 1.0, 0.48261789721960435, 1.0, 0.0, 0.0, 0.0, 0.0, 0.0, 0.0, 0.0]",127415,134921,N3,dismiss,-0.3,ts,2457,1
"[0.55, -0.55, -0.008365019011406936, 0.005434782608695652, -0.38, 0.0, 0.0, 0.0, 1.0, 0.834655709896273, 1.0, 0.0, 0.0, 0.0, 0.0, 0.0, 0.0, 0.0]",85163,128279,N3,dismiss,-0.3,ts,1759,1
"[0.31034482758620696, -0.31034482758620696, -0.7581317764804003, -0.9132947976878613, -0.8941176470588235, 0.0, 0.0, 0.0, 1.0, 0.45178117677251567, 1.0, 0.0, 0.0, 0.0, 0.0, 0.0, 0.0, 0.0]",64502,70828,N3,dismiss,-0.3,ts,1225,1
"[0.25, -0.25, 0.0, 0.0, -0.10714285714285714, 0.0, 0.0, 0.0, 1.0, 0.8106570116385049, 1.0, 0.0, 0.0, 0.0, 0.0, 0.0, 0.0, 0.0]",43098,117045,N3,dismiss,-0.3,ts,700,0
"[0.02500000000000002, -0.02500000000000002, -0.1863303498779495, -0.16, -0.12000000000000002, 0.0, 0.0, 0.0, 1.0, 0.6240669300145485, 1.0, 0.0, 0.0, 0.0, 0.0, 0.0, 0.0, 0.0]",130425,62540,N3,dismiss,-0.3,ts,477,1
"[0.6, -0.6, 0.031077694235589023, 0.27074235807860264, 0.5, 0.0, 0.0, 0.0, 1.0, 0.7594863057515381, 1.0, 0.0, 0.0, 0.0, 0.0, 0.0, 0.0, 0.0]",185375,29663,N3,dismiss,-0.3,ts,1797,0
"[0.24999999999999994, -0.24999999999999994, 0.03454231433506045, 0.007194244604316547, 0.01626016260162596, 0.0, 0.0, 0.0, 1.0, 0.8192964848110718, 1.0, 0.0, 0.0, 0.0, 0.0, 0.0, 0.0, 0.0]",108461,19869,N3,dismiss,-0.3,ts,2143,1
"[0.888, -0.888, -0.20028612303290425, 1.0, 1.0, 0.0, 0.0, 0.0, 1.0, 0.6039610720199717, 1.0, 0.0, 0.0, 0.0, 0.0, 0.0, 0.0, 0.0]",106727,16731,N3,accept,0.9216,ts,1512,1
"[0.1666666666666667, -0.1666666666666667, -0.15503875968992248, -0.009174311926605505, 0.0, 0.0, 0.0, 0.0, 1.0, 0.7551804891068353, 1.0, 0.0, 0.0, 0.0, 0.0, 0.0, 0.0, 0.0]",92712,85929,N3,dismiss,-0.3,ts,2823,1
"[0.64, -0.64, -0.06526468455402455, 0.0, 0.0, 0.0, 0.0, 0.0, 1.0, 0.9115953603082338, 1.0, 0.0, 0.0, 0.0, 0.0, 0.0, 0.0, 0.0]",141769,90178,N3,dismiss,-0.3,ts,1061,1
"[0.8151260504201681, -0.8151260504201681, -0.05657142857142848, 0.6068702290076335, 0.12, 0.0, 0.0, 0.0, 1.0, 0.8012727928417634, 1.0, 0.0, 0.0, 0.0, 0.0, 0.0, 0.0, 0.0]",104682,61314,N3,dismiss,-0.3,ts,2666,1
"[0.1111111111111111, -0.1111111111111111, 0.14492753623188406, -0.6622807017543859, 0.125, 0.0, 0.0, 0.0, 1.0, 0.5976675593139278, 1.0, 0.0, 0.0, 0.0, 0.0, 0.0, 0.0, 0.0]",87177,183583,N3,accept,0.37777777777777777,ts,1177,0
"[0.40972222222222227, -0.40972222222222227, -0.04576760719840025, 0.029304029304029304, -0.391304347826087, 0.0, 0.0, 0.0, 1.0, 0.7793853886700741, 1.0, 0.0, 0.0, 0.0, 0.0, 0.0, 0.0, 0.0]",155648,21089,N3,dismiss,-0.3,ts,1073,1
"[0.296, -0.296, 0.2, -0.02824858757062147, -0.11538461538461539, 0.0, 0.0, 0.0, 1.0, 0.7491514162114274, 1.0, 0.0, 0.0, 0.0, 0.0, 0.0, 0.0, 0.0]",108827,31972,N3,dismiss,-0.3,ts,2153,1
"[0.5833333333333333, -0.5833333333333333, -0.04175365344467641, -0.2, -0.06000000000000005, 0.0, 0.0, 0.0, 1.0, 0.8435393464277561, 1.0, 0.0, 0.0, 0.0, 0.0, 0.0, 0.0, 0.0]",141805,113027,N3,dismiss,-0.3,ts,1123,0
"[0.25, -0.25, -0.18823529411764706, 0.0, 0.0, 0.0, 0.0, 0.0, 1.0, 0.7768452100027552, 1.0, 0.0, 0.0, 0.0, 0.0, 0.0, 0.0, 0.0]",113825,87177,N3,dismiss,-0.3,ts,915,0
"[0.18831168831168835, -0.18831168831168835, 0.20250120250120254, 0.1111111111111111, -0.07999999999999999, 0.0, 0.0, 0.0, 1.0, 0.7001240443089605, 1.0, 0.0, 0.0, 0.0, 0.0, 0.0, 0.0, 0.0]",128341,85224,N3,accept,0.4318181818181818,ts,2807,0
"[0.889795918367347, -0.889795918367347, -0.6247809762202753, 0.3394495412844037, -0.375, 0.0, 0.0, 0.0, 1.0, 0.6718552730147386, 1.0, 0.0, 0.0, 0.0, 0.0, 0.0, 0.0, 0.0]",115245,128284,N3,dismiss,-0.3,ts,2458,1
"[0.8571428571428572, -0.8571428571428572, 0.0, 0.015723270440251572, -0.4647887323943662, 0.0, 0.0, 0.0, 1.0, 0.8690644730758021, 1.0, 0.0, 0.0, 0.0, 0.0, 0.0, 0.0, 0.0]",87864,87863,N3,dismiss,-0.3,ts,1596,1
"[0.18181818181818185, -0.18181818181818185, -0.20333333333333334, 0.12037037037037036, 0.0, 0.0, 0.0, 0.0, 1.0, 0.7176202147917767, 1.0, 0.0, 0.0, 0.0, 0.0, 0.0, 0.0, 0.0]",56406,86760,N3,dismiss,-0.3,ts,2110,0
"[0.08333333333333322, -0.08333333333333322, 0.0, 0.0, 0.0, 0.0, 0.0, 0.0, 1.0, 0.7810882504428991, 1.0, 0.0, 0.0, 0.0, 0.0, 0.0, 0.0, 0.0]",174745,93864,N3,dismiss,-0.3,ts,2344,0
"[0.3636363636363637, -0.3636363636363637, 0.0, 0.061046511627906974, 0.0, 0.0, 0.0, 0.0, 1.0, 0.8570363402900383, 1.0, 0.0, 0.0, 0.0, 0.0, 0.0, 0.0, 0.0]",123009,123174,N3,dismiss,-0.3,ts,1930,0
"[0.85, -0.85, -0.10999999999999996, 0.0, 0.0, 0.0, 0.0, 0.0, 1.0, 0.9242905169117369, 1.0, 0.0, 0.0, 0.0, 0.0, 0.0, 0.0, 0.0]",37946,90167,N3,dismiss,-0.3,ts,1476,1
"[0.7787610619469026, -0.7787610619469026, -0.3566833452466047, 0.008450704225352112, 0.3333333333333333, 0.0, 0.0, 0.0, 1.0, 0.7784158884362526, 1.0, 0.0, 0.0, 0.0, 0.0, 0.0, 0.0, 0.0]",146721,151849,N3,accept,0.8451327433628317,ts,2593,1
"[0.6875, -0.6875, 0.05571428571428579, 0.18461538461538463, -0.6592592592592593, 0.0, 0.0, 0.0, 1.0, 0.7663329371063949, 1.0, 0.0, 0.0, 0.0, 0.0, 0.0, 0.0, 0.0]",20014,140660,N3,dismiss,-0.3,ts,2057,0
"[0.20000000000000007, -0.20000000000000007, 0.19092827004219395, 0.020527859237536656, 0.0, 0.0, 0.0, 0.0, 1.0, 0.7533130949785521, 1.0, 0.0, 0.0, 0.0, 0.0, 0.0, 0.0, 0.0]",116193,31973,N3,dismiss,-0.3,ts,1656,0
"[0.1764705882352941, -0.1764705882352941, 0.0, 0.05045871559633028, 0.0, 0.0, 0.0, 0.0, 1.0, 0.8002741033846621, 1.0, 0.0, 0.0, 0.0, 0.0, 0.0, 0.0, 0.0]",173998,173997,N3,accept,0.4235294117647058,ts,2614,0
"[0.4444444444444445, -0.4444444444444445, 0.22284122562674097, -0.7678571428571429, -0.58, 0.0, 0.0, 0.0, 1.0, 0.6030913596283243, 1.0, 0.0, 0.0, 0.0, 0.0, 0.0, 0.0, 0.0]",63093,110076,N3,dismiss,-0.3,ts,2145,0
"[0.25000000000000006, -0.25000000000000006, -0.10427528675703858, -0.3401360544217687, 0.17647058823529413, 0.0, 0.0, 0.0, 1.0, 0.6833059974324363, 1.0, 0.0, 0.0, 0.0, 0.0, 0.0, 0.0, 0.0]",115240,139804,N3,dismiss,-0.3,ts,1963,1
"[0.5833333333333334, -0.5833333333333334, -0.0885714285714286, -0.3972602739726027, -0.4, 0.0, 0.0, 0.0, 1.0, 0.7286774374085383, 1.0, 0.0, 0.0, 0.0, 0.0, 0.0, 0.0, 0.0]",39888,19600,N3,dismiss,-0.3,ts,2750,1
"[0.13888888888888887, -0.13888888888888887, -0.34867564046895355, -0.11041009463722397, 0.0, 0.0, 0.0, 0.0, 1.0, 0.6712022690137475, 1.0, 0.0, 0.0, 0.0, 0.0, 0.0, 0.0, 0.0]",103715,91957,N3,dismiss,-0.3,ts,1227,0
"[0.648, -0.648, 0.1801637852593267, 0.20863309352517986, 1.0, 0.0, 0.0, 0.0, 1.0, 0.678459202837453, 1.0, 0.0, 0.0, 0.0, 0.0, 0.0, 0.0, 0.0]",185410,107458,N3,dismiss,-0.3,ts,2970,1
"[0.07692307692307684, -0.07692307692307684, -0.1872881355932203, 1.0, -0.2916666666666667, 0.0, 0.0, 0.0, 1.0, 0.5172933252956673, 1.0, 0.0, 0.0, 0.0, 0.0, 0.0, 0.0, 0.0]",92709,55882,N3,accept,0.35384615384615375,ts,1777,1
"[0.5982142857142858, -0.5982142857142858, 0.0, -0.9433333333333334, -0.890909090909091, 0.0, 0.0, 0.0, 1.0, 0.6767339857161061, 1.0, 0.0, 0.0, 0.0, 0.0, 0.0, 0.0, 0.0]",51061,63753,N3,dismiss,-0.3,ts,2739,1
"[0.11999999999999993, -0.11999999999999993, 0.2222222222222222, -0.0056657223796034, 0.0, 0.0, 0.0, 0.0, 1.0, 0.7210661718528755, 1.0, 0.0, 0.0, 0.0, 0.0, 0.0, 0.0, 0.0]",107307,151838,N3,accept,0.38399999999999995,ts,1147,1
"[0.14285714285714285, -0.14285714285714285, -0.5880389429763561, -0.18829516539440203, -0.16666666666666666, 0.0, 0.0, 0.0, 1.0, 0.5748727671966781, 1.0, 0.0, 0.0, 0.0, 0.0, 0.0, 0.0, 0.0]",110096,128276,N3,accept,0.39999999999999997,ts,857,1
"[0.28571428571428575, -0.28571428571428575, 0.23592419664927214, 0.4583333333333333, -0.1, 0.0, 0.0, 0.0, 1.0, 0.658588363112707, 1.0, 0.0, 0.0, 0.0, 0.0, 0.0, 0.0, 0.0]",139086,127333,N3,dismiss,-0.3,ts,2595,0
"[0.1666666666666666, -0.1666666666666666, 0.0, 0.0, 0.0, 0.0, 0.0, 0.0, 1.0, 0.8112296656009272, 1.0, 0.0, 0.0, 0.0, 0.0, 0.0, 0.0, 0.0]",60788,60783,N3,accept,0.41666666666666663,ts,852,0
"[0.9075630252100839, -0.9075630252100839, -0.22770663562281723, -0.15658362989323843, 0.7857142857142857, 0.0, 0.0, 0.0, 1.0, 0.7368446712621034, 1.0, 0.0, 0.0, 0.0, 0.0, 0.0, 0.0, 0.0]",84577,117335,N3,dismiss,-0.3,ts,855,1
"[0.20000000000000007, -0.20000000000000007, -0.13533333333333328, -0.17647058823529413, 0.2, 0.0, 0.0, 0.0, 1.0, 0.6813430872729247, 1.0, 0.0, 0.0, 0.0, 0.0, 0.0, 0.0, 0.0]",89764,107458,N3,dismiss,-0.3,ts,1575,1
"[0.24999999999999997, -0.24999999999999997, -0.07773386034255607, 1.0, 0.22727272727272727, 0.0, 0.0, 0.0, 1.0, 0.6172933326580574, 1.0, 0.0, 0.0, 0.0, 0.0, 0.0, 0.0, 0.0]",85795,169335,N3,dismiss,-0.3,ts,1118,1
"[0.2777777777777778, -0.2777777777777778, -0.29790794979079493, -0.10743801652892562, -0.125, 0.0, 0.0, 0.0, 1.0, 0.6965685200183934, 1.0, 0.0, 0.0, 0.0, 0.0, 0.0, 0.0, 0.0]",86760,78130,N3,dismiss,-0.3,ts,2985,1
"[0.8785714285714287, -0.8785714285714287, -0.5, -0.8833333333333333, -0.7454545454545454, 0.0, 0.0, 0.0, 1.0, 0.5995488348824481, 1.0, 0.0, 0.0, 0.0, 0.0, 0.0, 0.0, 0.0]",18218,18330,N3,accept,0.915,ts,1576,1
"[0.2363636363636364, -0.2363636363636364, -0.14295925661186562, 0.0, 0.02500000000000006, 0.0, 0.0, 0.0, 1.0, 0.7780493073777478, 1.0, 0.0, 0.0, 0.0, 0.0, 0.0, 0.0, 0.0]",84678,59125,N3,dismiss,-0.3,ts,2707,0
"[0.6333333333333333, -0.6333333333333333, 0.02409638554216872, -0.6208017334777898, -0.025974025974025997, 0.0, 0.0, 0.0, 1.0, 0.8112805897945468, 1.0, 0.0, 0.0, 0.0, 0.0, 0.0, 0.0, 0.0]",185512,88363,N3,dismiss,-0.3,ts,1932,1
"[0.20000000000000004, -0.20000000000000004, 0.13333333333333333, -0.75, -0.44000000000000006, 0.0, 0.0, 0.0, 1.0, 0.5717007815603291, 1.0, 0.0, 0.0, 0.0, 0.0, 0.0, 0.0, 0.0]",133969,18334,N3,dismiss,-0.3,ts,2208,1
"[0.3333333333333333, -0.3333333333333333, -0.48406676783004554, -0.44761904761904764, -0.6129032258064516, 0.0, 0.0, 0.0, 1.0, 0.546792220645576, 1.0, 0.0, 0.0, 0.0, 0.0, 0.0, 0.0, 0.0]",170138,175100,N3,dismiss,-0.3,ts,1193,0
"[0.18750000000000003, -0.18750000000000003, -0.29411764705882354, 1.0, 0.44000000000000006, 0.0, 0.0, 0.0, 1.0, 0.4958926669599128, 1.0, 0.0, 0.0, 0.0, 0.0, 0.0, 0.0, 0.0]",18334,51654,N3,dismiss,-0.3,ts,2265,1
"[0.19999999999999993, -0.19999999999999993, -0.4, 0.1, 0.19999999999999996, 0.0, 0.0, 0.0, 1.0, 0.6360515658033852, 1.0, 0.0, 0.0, 0.0, 0.0, 0.0, 0.0, 0.0]",77920,18330,N3,dismiss,-0.3,ts,1921,0
"[0.2313725490196078, -0.2313725490196078, 0.2053511705685619, 0.1791044776119403, 0.07142857142857142, 0.0, 0.0, 0.0, 1.0, 0.7009487437368673, 1.0, 0.0, 0.0, 0.0, 0.0, 0.0, 0.0, 0.0]",121055,155693,N3,dismiss,-0.3,ts,1846,1
"[0.1666666666666666, -0.1666666666666666, 0.0, 0.0, 0.0, 0.0, 0.0, 0.0, 1.0, 0.8112296656009272, 1.0, 0.0, 0.0, 0.0, 0.0, 0.0, 0.0, 0.0]",60788,60783,N3,dismiss,-0.3,ts,1440,0
"[0.13953488372093023, -0.13953488372093023, 0.2, -0.21686746987951808, -0.12727272727272732, 0.0, 0.0, 0.0, 1.0, 0.6491415867196744, 1.0, 0.0, 0.0, 0.0, 0.0, 0.0, 0.0, 0.0]",40740,91969,N3,accept,0.39767441860465114,ts,2069,1
"[0.9228571428571429, -0.9228571428571429, -0.2761430511543685, 0.09016393442622951, -0.4583333333333333, 0.0, 0.0, 0.0, 1.0, 0.770830210491008, 1.0, 0.0, 0.0, 0.0, 0.0, 0.0, 0.0, 0.0]",81541,128247,N3,accept,0.946,ts,2388,0
"[0.12499999999999988, -0.12499999999999988, -0.01459854014598546, 0.5702479338842975, -0.05, 0.0, 0.0, 0.0, 1.0, 0.6742529909181216, 1.0, 0.0, 0.0, 0.0, 0.0, 0.0, 0.0, 0.0]",56538,180524,N3,dismiss,-0.3,ts,2629,1
"[0.5636363636363637, -0.5636363636363637, 0.22448979591836735, -0.022535211267605635, 1.0, 0.0, 0.0, 0.0, 1.0, 0.7135174798668883, 1.0, 0.0, 0.0, 0.0, 0.0, 0.0, 0.0, 0.0]",123023,107659,N3,dismiss,-0.3,ts,1505,1
"[0.3636363636363637, -0.3636363636363637, 0.0, 0.016713091922005572, 0.25, 0.0, 0.0, 0.0, 1.0, 0.8103249790259089, 1.0, 0.0, 0.0, 0.0, 0.0, 0.0, 0.0, 0.0]",123014,123174,N3,accept,0.5545454545454546,ts,554,0
"[0.8285714285714286, -0.8285714285714286, -0.522463768115942, 0.68, 0.55, 0.0, 0.0, 0.0, 1.0, 0.6203403653485181, 1.0, 0.0, 0.0, 0.0, 0.0, 0.0, 0.0, 0.0]",71136,170138,N3,dismiss,-0.3,ts,1999,0
"[0.7058823529411765, -0.7058823529411765, 0.002506265664160437, -0.041666666666666664, 0.2, 0.0, 0.0, 0.0, 1.0, 0.8838579635290126, 1.0, 0.0, 0.0, 0.0, 0.0, 0.0, 0.0, 0.0]",58951,104684,N3,dismiss,-0.3,ts,2413,1
"[0.5599999999999999, -0.5599999999999999, 0.24223602484472048, 0.34615384615384615, -0.20212765957446813, 0.0, 0.0, 0.0, 1.0, 0.7198407737388159, 1.0, 0.0, 0.0, 0.0, 0.0, 0.0, 0.0, 0.0]",185582,30105,N3,dismiss,-0.3,ts,2275,1
"[0.12499999999999988, -0.12499999999999988, 0.0, -0.5504201680672269, 0.3333333333333333, 0.0, 0.0, 0.0, 1.0, 0.6232345894713751, 1.0, 0.0, 0.0, 0.0, 0.0, 0.0, 0.0, 0.0]",139806,78135,N3,dismiss,-0.3,ts,1254,1
"[0.4235294117647059, -0.4235294117647059, 0.0, 0.12280701754385964, -0.11999999999999997, 0.0, 0.0, 0.0, 1.0, 0.8257495045499188, 1.0, 0.0, 0.0, 0.0, 0.0, 0.0, 0.0, 0.0]",87407,125786,N3,accept,0.5964705882352941,ts,594,1
"[0.25, -0.25, 0.0, -0.008595988538681949, 0.08695652173913043, 0.0, 0.0, 0.0, 1.0, 0.8130880893622596, 1.0, 0.0, 0.0, 0.0, 0.0, 0.0, 0.0, 0.0]",57106,117045,N3,accept,0.475,ts,1263,0
"[0.7929411764705883, -0.7929411764705883, 0.17056856187290975, 0.7866666666666666, -0.29411764705882354, 0.0, 0.0, 0.0, 1.0, 0.7141902524642308, 1.0, 0.0, 0.0, 0.0, 0.0, 0.0, 0.0, 0.0]",89664,92135,N3,dismiss,-0.3,ts,2740,1
"[0.6, -0.6, 0.14277777777777778, 0.23829787234042554, 1.0, 0.0, 0.0, 0.0, 1.0, 0.6816493155826848, 1.0, 0.0, 0.0, 0.0, 0.0, 0.0, 0.0, 0.0]",145577,29663,N3,dismiss,-0.3,ts,1489,0
"[0.2982456140350877, -0.2982456140350877, -0.11834319526627218, 0.05263157894736842, -0.84, 0.0, 0.0, 0.0, 1.0, 0.6757503539311007, 1.0, 0.0, 0.0, 0.0, 0.0, 0.0, 0.0, 0.0]",187197,179645,N3,dismiss,-0.3,ts,1889,0
"[0.44, -0.44, -0.567139282735613, 0.0, 0.0, 0.0, 0.0, 0.0, 1.0, 0.7589216712643427, 1.0, 0.0, 0.0, 0.0, 0.0, 0.0, 0.0, 0.0]",63869,16734,N3,dismiss,-0.3,ts,1293,1
"[0.16666666666666663, -0.16666666666666663, -0.1497064579256361, -0.04, -0.039999999999999994, 0.0, 0.0, 0.0, 1.0, 0.7364152237187678, 1.0, 0.0, 0.0, 0.0, 0.0, 0.0, 0.0, 0.0]",122734,81996,N3,dismiss,-0.3,ts,572,0
"[0.14, -0.14, -0.02666666666666673, 0.0625, -0.1, 0.0, 0.0, 0.0, 1.0, 0.7465385609804288, 1.0, 0.0, 0.0, 0.0, 0.0, 0.0, 0.0, 0.0]",141632,69993,N3,dismiss,-0.3,ts,582,0
"[0.14285714285714285, -0.14285714285714285, -0.13156752062527144, -0.05190311418685121, 0.36363636363636365, 0.0, 0.0, 0.0, 1.0, 0.6641876162143715, 1.0, 0.0, 0.0, 0.0, 0.0, 0.0, 0.0, 0.0]",110153,115289,N3,accept,0.39999999999999997,ts,2888,0
"[0.11999999999999993, -0.11999999999999993, -0.5, 0.06552706552706553, 0.5714285714285714, 0.0, 0.0, 0.0, 1.0, 0.5475076325052248, 1.0, 0.0, 0.0, 0.0, 0.0, 0.0, 0.0, 0.0]",151839,89763,N3,dismiss,-0.3,ts,1011,1
"[0.85, -0.85, -0.24349999999999997, 0.0, 0.0, 0.0, 0.0, 0.0, 1.0, 0.8866801639081674, 1.0, 0.0, 0.0, 0.0, 0.0, 0.0, 0.0, 0.0]",112476,90167,N3,dismiss,-0.3,ts,2697,1
"[0.7448979591836735, -0.7448979591836735, 0.05993340732519433, 0.16455696202531644, 0.3333333333333333, 0.0, 0.0, 0.0, 1.0, 0.8140154663898591, 1.0, 0.0, 0.0, 0.0, 0.0, 0.0, 0.0, 0.0]",155693,146668,N3,dismiss,-0.3,ts,808,1
"[0.0285714285714286, -0.0285714285714286, 0.0, -0.4375, -0.039999999999999994, 0.0, 0.0, 0.0, 1.0, 0.6617044856731337, 1.0, 0.0, 0.0, 0.0, 0.0, 0.0, 0.0, 0.0]",125786,189308,N3,dismiss,-0.3,ts,2748,0
"[0.20000000000000004, -0.20000000000000004, -0.3409090909090909, 0.0, 0.0, 0.0, 0.0, 0.0, 1.0, 0.7239674946003922, 1.0, 0.0, 0.0, 0.0, 0.0, 0.0, 0.0, 0.0]",51022,70828,N3,dismiss,-0.3,ts,1108,0
"[0.6818181818181819, -0.6818181818181819, 0.024324324324324288, 0.02821316614420063, -0.65, 0.0, 0.0, 0.0, 1.0, 0.8158970926015877, 1.0, 0.0, 0.0, 0.0, 0.0, 0.0, 0.0, 0.0]",130294,49086,N3,dismiss,-0.3,ts,438,0
"[0.3636363636363637, -0.3636363636363637, -0.28315412186379924, 0.3931297709923664, 0.7241379310344829, 0.0, 0.0, 0.0, 1.0, 0.5913779457118944, 1.0, 0.0, 0.0, 0.0, 0.0, 0.0, 0.0, 0.0]",185575,123174,N3,dismiss,-0.3,ts,1552,0
"[0.75, -0.75, -0.48510638297872344, 0.6440677966101694, 1.0, 0.0, 0.0, 0.0, 1.0, 0.5762078029801119, 1.0, 0.0, 0.0, 0.0, 0.0, 0.0, 0.0, 0.0]",158428,29663,N3,dismiss,-0.3,ts,652,1
"[0.20000000000000007, -0.20000000000000007, 0.09090909090909091, -0.008547008547008548, -0.14285714285714285, 0.0, 0.0, 0.0, 1.0, 0.7497580191893745, 1.0, 0.0, 0.0, 0.0, 0.0, 0.0, 0.0, 0.0]",162722,32065,N3,dismiss,-0.3,ts,1173,0
"[0.04761904761904766, -0.04761904761904766, -0.39722724532851117, 0.15162454873646208, 0.4, 0.0, 0.0, 0.0, 1.0, 0.5363539792335147, 1.0, 0.0, 0.0, 0.0, 0.0, 0.0, 0.0, 0.0]",16646,63925,N3,dismiss,-0.3,ts,1401,0
"[0.3636363636363637, -0.3636363636363637, -0.28315412186379924, 0.3931297709923664, 0.7241379310344829, 0.0, 0.0, 0.0, 1.0, 0.5913779457118944, 1.0, 0.0, 0.0, 0.0, 0.0, 0.0, 0.0, 0.0]",185575,123174,N3,accept,0.5545454545454546,ts,2214,0
"[0.20000000000000007, -0.20000000000000007, -0.006303915063039193, 0.019943019943019943, -0.5, 0.0, 0.0, 0.0, 1.0, 0.7196391729676981, 1.0, 0.0, 0.0, 0.0, 0.0, 0.0, 0.0, 0.0]",74279,135482,N3,dismiss,-0.3,ts,2135,0
"[0.19999999999999996, -0.19999999999999996, -0.56752655538695, -0.0221606648199446, -0.20289855072463772, 0.0, 0.0, 0.0, 1.0, 0.6305729458313653, 1.0, 0.0, 0.0, 0.0, 0.0, 0.0, 0.0, 0.0]",16971,79771,N3,dismiss,-0.3,ts,908,1
"[0.4, -0.28, -0.2697495183044316, -0.18333333333333332, 1.0, 0.0, 0.0, 0.0, 1.0, 0.586722181322074, 1.0, 0.0, 0.0, 0.0, 0.0, 0.0, 0.0, 0.0]",16718,42569,N3,dismiss,-0.3,ts,2322,0
"[0.2000000000000001, -0.2000000000000001, -0.12343828085957033, 0.06790123456790123, -0.1, 0.0, 0.0, 0.0, 1.0, 0.7328374499356815, 1.0, 0.0, 0.0, 0.0, 0.0, 0.0, 0.0, 0.0]",146547,87098,N3,accept,0.44000000000000006,ts,2256,1
"[0.7, -0.7, -0.2805555555555556, 0.44680851063829785, -0.19000000000000003, 0.0, 0.0, 0.0, 1.0, 0.7235217114788834, 1.0, 0.0, 0.0, 0.0, 0.0, 0.0, 0.0, 0.0]",145577,145532,N3,dismiss,-0.3,ts,1943,1
"[0.20000000000000007, -0.20000000000000007, -0.00663349917081258, 0.019943019943019943, -0.5, 0.0, 0.0, 0.0, 1.0, 0.7195090339231701, 1.0, 0.0, 0.0, 0.0, 0.0, 0.0, 0.0, 0.0]",15531,135481,N3,accept,0.44000000000000006,ts,962,1
"[0.15999999999999998, -0.15999999999999998, -0.0667779632721202, 0.0, 0.0, 0.0, 0.0, 0.0, 1.0, 0.7838696440013408, 1.0, 0.0, 0.0, 0.0, 0.0, 0.0, 0.0, 0.0]",16729,16731,N3,dismiss,-0.3,ts,2627,0
"[0.5636363636363637, -0.5636363636363637, -0.502322495023225, -0.011396011396011397, 0.5714285714285714, 0.0, 0.0, 0.0, 1.0, 0.6898626064387221, 1.0, 0.0, 0.0, 0.0, 0.0, 0.0, 0.0, 0.0]",43335,107659,N3,dismiss,-0.3,ts,2963,1
"[0.8544117647058823, -0.8544117647058823, -0.15993322203672786, 1.0, -0.3684210526315789, 0.0, 0.0, 0.0, 1.0, 0.6932851490065349, 1.0, 0.0, 0.0, 0.0, 0.0, 0.0, 0.0, 0.0]",185524,108025,N3,accept,0.8980882352941175,ts,481,1
"[0.09090909090909098, -0.09090909090909098, -0.18181818181818182, 0.07122507122507123, 0.0, 0.0, 0.0, 0.0, 1.0, 0.7029945661314697, 1.0, 0.0, 0.0, 0.0, 0.0, 0.0, 0.0, 0.0]",70002,151841,N3,dismiss,-0.3,ts,2337,1
"[0.4444444444444445, -0.4444444444444445, 0.17096774193548378, -0.18, -0.58, 0.0, 0.0, 0.0, 1.0, 0.6894489194008218, 1.0, 0.0, 0.0, 0.0, 0.0, 0.0, 0.0, 0.0]",81420,132873,N3,dismiss,-0.3,ts,2537,0
"[0.3636363636363637, -0.3636363636363637, 0.0, 0.061046511627906974, 0.0, 0.0, 0.0, 0.0, 1.0, 0.8570363402900383, 1.0, 0.0, 0.0, 0.0, 0.0, 0.0, 0.0, 0.0]",123009,123174,N3,accept,0.5545454545454546,ts,2467,0
"[0.8705882352941177, -0.8705882352941177, -0.42857142857142855, 0.8197674418604651, -0.5555555555555556, 0.0, 0.0, 0.0, 1.0, 0.6291715147060256, 1.0, 0.0, 0.0, 0.0, 0.0, 0.0, 0.0, 0.0]",104685,169349,N3,dismiss,-0.3,ts,2690,1
"[0.0285714285714286, -0.0285714285714286, 0.0, -0.4375, -0.039999999999999994, 0.0, 0.0, 0.0, 1.0, 0.6617044856731337, 1.0, 0.0, 0.0, 0.0, 0.0, 0.0, 0.0, 0.0]",125786,189308,N3,dismiss,-0.3,ts,613,0
"[0.5, -0.5, -0.4592875318066158, 0.0, 0.0, 0.0, 0.0, 0.0, 1.0, 0.7886047001257124, 1.0, 0.0, 0.0, 0.0, 0.0, 0.0, 0.0, 0.0]",90179,56398,N3,dismiss,-0.3,ts,2197,0
"[0.648, -0.648, 0.12880765883376852, 0.20863309352517986, 1.0, 0.0, 0.0, 0.0, 1.0, 0.693548136379965, 1.0, 0.0, 0.0, 0.0, 0.0, 0.0, 0.0, 0.0]",185576,107458,N3,accept,0.7536,ts,654,0
"[0.1764705882352941, -0.1764705882352941, 0.0, 0.05045871559633028, 0.0, 0.0, 0.0, 0.0, 1.0, 0.8002741033846621, 1.0, 0.0, 0.0, 0.0, 0.0, 0.0, 0.0, 0.0]",173998,173997,N3,accept,0.4235294117647058,ts,2699,0
"[0.20000000000000007, -0.20000000000000007, -0.06259780907668232, 0.017045454545454544, -0.4166666666666667, 0.0, 0.0, 0.0, 1.0, 0.7094552875739797, 1.0, 0.0, 0.0, 0.0, 0.0, 0.0, 0.0, 0.0]",74281,135483,N3,dismiss,-0.3,ts,997,0
"[0.889795918367347, -0.889795918367347, -0.6873826903023983, 0.35185185185185186, -0.375, 0.0, 0.0, 0.0, 1.0, 0.6632451610251665, 1.0, 0.0, 0.0, 0.0, 0.0, 0.0, 0.0, 0.0]",55915,128284,N3,dismiss,-0.3,ts,1624,1
"[0.6, -0.6, 0.0, 0.08, 0.0, 0.0, 0.0, 0.0, 1.0, 0.9068960358946879, 1.0, 0.0, 0.0, 0.0, 0.0, 0.0, 0.0, 0.0]",122718,122719,N3,dismiss,-0.3,ts,2699,1
"[0.5599999999999999, -0.5599999999999999, -0.0726817042606516, 0.127208480565371, 0.4, 0.0, 0.0, 0.0, 1.0, 0.7780984743454837, 1.0, 0.0, 0.0, 0.0, 0.0, 0.0, 0.0, 0.0]",49000,130294,N3,dismiss,-0.3,ts,1330,1
"[0.6061776061776062, -0.6061776061776062, -0.24121365360303404, -0.22822822822822822, -0.3541666666666667, 0.0, 0.0, 0.0, 1.0, 0.7225499713958715, 1.0, 0.0, 0.0, 0.0, 0.0, 0.0, 0.0, 0.0]",20071,20089,N3,dismiss,-0.3,ts,1230,1
"[0.25, -0.25, -0.316628701594533, 0.02976190476190476, 0.20192307692307687, 0.0, 0.0, 0.0, 1.0, 0.6872552925450732, 1.0, 0.0, 0.0, 0.0, 0.0, 0.0, 0.0, 0.0]",117146,117045,N3,dismiss,-0.3,ts,1985,0
"[0.2045454545454546, -0.2045454545454546, -0.24931506849315063, -0.019553072625698324, 1.0, 0.0, 0.0, 0.0, 1.0, 0.605028229497204, 1.0, 0.0, 0.0, 0.0, 0.0, 0.0, 0.0, 0.0]",93936,74278,N3,dismiss,-0.3,ts,725,1
"[0.44, -0.44, -0.3220035778175313, 0.09333333333333334, -0.5545454545454546, 0.0, 0.0, 0.0, 1.0, 0.6735644390777678, 1.0, 0.0, 0.0, 0.0, 0.0, 0.0, 0.0, 0.0]",16728,49086,N3,dismiss,-0.3,ts,2862,1
"[0.25, -0.25, 0.0, 0.0, 0.0, 0.0, 0.0, 0.0, 1.0, 0.8395893495876965, 1.0, 0.0, 0.0, 0.0, 0.0, 0.0, 0.0, 0.0]",117053,117045,N3,accept,0.475,ts,2876,0
"[0.5576036866359447, -0.5576036866359447, -0.4044073853484217, 0.15579710144927536, 0.4, 0.0, 0.0, 0.0, 1.0, 0.6872933901369873, 1.0, 0.0, 0.0, 0.0, 0.0, 0.0, 0.0, 0.0]",64515,63925,N3,dismiss,-0.3,ts,486,1
"[0.8571428571428572, -0.8571428571428572, 0.0, -0.23809523809523808, -0.5810810810810811, 0.0, 0.0, 0.0, 1.0, 0.8045931298411383, 1.0, 0.0, 0.0, 0.0, 0.0, 0.0, 0.0, 0.0]",91071,91074,N3,accept,0.8999999999999999,ts,2709,0
"[0.33333333333333326, -0.33333333333333326, 0.06982156710628383, 0.0, 0.0, 0.0, 0.0, 0.0, 1.0, 0.8394629963098825, 1.0, 0.0, 0.0, 0.0, 0.0, 0.0, 0.0, 0.0]",90178,141753,N3,dismiss,-0.3,ts,2634,0
"[0.4545454545454546, -0.4545454545454546, -0.375, 0.11781609195402298, 1.0, 0.0, 0.0, 0.0, 1.0, 0.631459319493265, 1.0, 0.0, 0.0, 0.0, 0.0, 0.0, 0.0, 0.0]",32065,107588,N3,dismiss,-0.3,ts,2527,1
"[0.11999999999999993, -0.11999999999999993, -0.5, 0.031073446327683617, 0.15384615384615385, 0.0, 0.0, 0.0, 1.0, 0.6193290526080371, 1.0, 0.0, 0.0, 0.0, 0.0, 0.0, 0.0, 0.0]",108827,123054,N3,dismiss,-0.3,ts,2762,1
"[0.20000000000000004, -0.20000000000000004, -0.6334862385321101, 1.0, -0.375, 0.0, 0.0, 0.0, 1.0, 0.46352703055457606, 1.0, 0.0, 0.0, 0.0, 0.0, 0.0, 0.0, 0.0]",85929,139806,N3,dismiss,-0.3,ts,1447,1
"[0.06666666666666654, -0.06666666666666654, -0.026350461133069828, -0.14246575342465753, -0.13636363636363635, 0.0, 0.0, 0.0, 1.0, 0.6916546600964453, 1.0, 0.0, 0.0, 0.0, 0.0, 0.0, 0.0, 0.0]",141844,16911,N3,dismiss,-0.3,ts,1479,0
"[0.7794117647058824, -0.7794117647058824, 0.22284122562674097, 1.0, -0.058823529411764705, 0.0, 0.0, 0.0, 1.0, 0.7323497466398136, 1.0, 0.0, 0.0, 0.0, 0.0, 0.0, 0.0, 0.0]",110152,128254,N3,accept,0.8455882352941175,ts,2299,1
"[0.6, -0.6, -0.10370370370370366, 0.3348623853211009, 0.3333333333333333, 0.0, 0.0, 0.0, 1.0, 0.7454021480082622, 1.0, 0.0, 0.0, 0.0, 0.0, 0.0, 0.0, 0.0]",164355,29663,N3,dismiss,-0.3,ts,1179,1
"[0.625, -0.625, 0.066711140760507, -0.08904109589041095, -0.13333333333333333, 0.0, 0.0, 0.0, 1.0, 0.8489572716197578, 1.0, 0.0, 0.0, 0.0, 0.0, 0.0, 0.0, 0.0]",128284,128247,N3,dismiss,-0.3,ts,2951,0
"[0.4583333333333333, -0.4583333333333333, -0.327319587628866, 0.22, 0.24000000000000005, 0.0, 0.0, 0.0, 1.0, 0.692442265593947, 1.0, 0.0, 0.0, 0.0, 0.0, 0.0, 0.0, 0.0]",151790,123325,N3,accept,0.6208333333333333,ts,2805,1
"[0.6818181818181819, -0.6818181818181819, -0.050125313283208024, 0.18840579710144928, -0.51, 0.0, 0.0, 0.0, 1.0, 0.7806619322864332, 1.0, 0.0, 0.0, 0.0, 0.0, 0.0, 0.0, 0.0]",48998,49086,N3,accept,0.7772727272727273,ts,1632,0
"[0.24999999999999992, -0.24999999999999992, 0.0, -0.4067796610169492, 0.3333333333333333, 0.0, 0.0, 0.0, 1.0, 0.6830935405928722, 1.0, 0.0, 0.0, 0.0, 0.0, 0.0, 0.0, 0.0]",185391,56248,N3,dismiss,-0.3,ts,1578,1
"[0.15999999999999998, -0.15999999999999998, -0.0867579908675799, 0.5922330097087378, 0.29824561403508776, 0.0, 0.0, 0.0, 1.0, 0.605512204245674, 1.0, 0.0, 0.0, 0.0, 0.0, 0.0, 0.0, 0.0]",59415,152287,N3,dismiss,-0.3,ts,671,1
"[0.41176470588235287, -0.41176470588235287, -0.4265232974910394, 0.08, 0.12000000000000002, 0.0, 0.0, 0.0, 1.0, 0.7184106107941747, 1.0, 0.0, 0.0, 0.0, 0.0, 0.0, 0.0, 0.0]",88339,58615,N3,dismiss,-0.3,ts,2200,0
"[0.08333333333333326, -0.08333333333333326, 0.0, 0.1125, 0.18181818181818182, 0.0, 0.0, 0.0, 1.0, 0.7051372725166374, 1.0, 0.0, 0.0, 0.0, 0.0, 0.0, 0.0, 0.0]",73738,73736,N3,dismiss,-0.3,ts,932,0
"[0.16000000000000003, -0.16000000000000003, -0.18225255972696255, -0.4230769230769231, -0.07142857142857142, 0.0, 0.0, 0.0, 1.0, 0.6421729785518976, 1.0, 0.0, 0.0, 0.0, 0.0, 0.0, 0.0, 0.0]",115366,179649,N3,dismiss,-0.3,ts,1781,1
"[0.06666666666666672, -0.06666666666666672, -0.017118997912317333, -0.07458563535911603, -0.21875, 0.0, 0.0, 0.0, 1.0, 0.6942458109219237, 1.0, 0.0, 0.0, 0.0, 0.0, 0.0, 0.0, 0.0]",129198,87090,N3,dismiss,-0.3,ts,1217,1
"[0.20000000000000004, -0.20000000000000004, -0.634703196347032, 0.07407407407407407, -0.74, 0.0, 0.0, 0.0, 1.0, 0.5425189848892313, 1.0, 0.0, 0.0, 0.0, 0.0, 0.0, 0.0, 0.0]",19598,106004,N3,dismiss,-0.3,ts,1331,0
"[0.64, -0.64, 0.15567282321899734, -0.5691489361702128, 0.4, 0.0, 0.0, 0.0, 1.0, 0.6980152721232434, 1.0, 0.0, 0.0, 0.0, 0.0, 0.0, 0.0, 0.0]",84106,19598,N3,dismiss,-0.3,ts,2394,0
"[0.3548387096774194, -0.3548387096774194, -0.535437760571769, -1.0, -1.0, 0.0, 0.0, 0.0, 1.0, 0.48091857104383345, 1.0, 0.0, 0.0, 0.0, 0.0, 0.0, 0.0, 0.0]",64515,174937,N3,dismiss,-0.3,ts,795,1
"[0.08333333333333322, -0.08333333333333322, -0.22420480993017847, 0.0, 0.0, 0.0, 0.0, 0.0, 1.0, 0.7088168563584092, 1.0, 0.0, 0.0, 0.0, 0.0, 0.0, 0.0, 0.0]",90178,93864,N3,dismiss,-0.3,ts,1454,1
"[0.30000000000000004, -0.30000000000000004, -0.2663949610967024, 0.04198473282442748, 0.0, 0.0, 0.0, 0.0, 1.0, 0.7607866701733167, 1.0, 0.0, 0.0, 0.0, 0.0, 0.0, 0.0, 0.0]",107855,133081,N3,dismiss,-0.3,ts,1964,0
"[0.2, -0.2, -0.08949011446409984, 1.0, -0.22000000000000003, 0.0, 0.0, 0.0, 1.0, 0.5882796200363843, 1.0, 0.0, 0.0, 0.0, 0.0, 0.0, 0.0, 0.0]",191662,85164,N3,dismiss,-0.3,ts,2676,0
"[0.6173469387755102, -0.6173469387755102, 0.12640801001251561, 0.019943019943019943, 0.6666666666666666, 0.0, 0.0, 0.0, 1.0, 0.7711798312726024, 1.0, 0.0, 0.0, 0.0, 0.0, 0.0, 0.0, 0.0]",105910,151849,N3,dismiss,-0.3,ts,1933,0
"[0.25000000000000006, -0.25000000000000006, 0.13333333333333333, 0.0, 0.0, 0.0, 0.0, 0.0, 1.0, 0.7927750172606263, 1.0, 0.0, 0.0, 0.0, 0.0, 0.0, 0.0, 0.0]",18330,40189,N3,dismiss,-0.3,ts,1141,0
"[0.2045454545454546, -0.2045454545454546, 0.006343906510851462, -0.019553072625698324, 1.0, 0.0, 0.0, 0.0, 1.0, 0.6864109839014316, 1.0, 0.0, 0.0, 0.0, 0.0, 0.0, 0.0, 0.0]",135482,74278,N3,dismiss,-0.3,ts,2735,0
"[0.20000000000000007, -0.20000000000000007, -0.2004008016032064, 1.0, 1.0, 0.0, 0.0, 0.0, 1.0, 0.4786143303340998, 1.0, 0.0, 0.0, 0.0, 0.0, 0.0, 0.0, 0.0]",169305,107170,N3,dismiss,-0.3,ts,1304,1
"[0.6218487394957983, -0.6218487394957983, -0.05457142857142847, 0.1984732824427481, -0.04, 0.0, 0.0, 0.0, 1.0, 0.8516144574556564, 1.0, 0.0, 0.0, 0.0, 0.0, 0.0, 0.0, 0.0]",104682,104690,N3,accept,0.7352941176470589,ts,1153,1
"[0.41176470588235287, -0.41176470588235287, -0.4265232974910394, 0.08, 0.12000000000000002, 0.0, 0.0, 0.0, 1.0, 0.7184106107941747, 1.0, 0.0, 0.0, 0.0, 0.0, 0.0, 0.0, 0.0]",88339,58615,N3,dismiss,-0.3,ts,1345,0
"[0.5636363636363637, -0.5636363636363637, 0.23355263157894735, 0.011594202898550725, 0.6666666666666666, 0.0, 0.0, 0.0, 1.0, 0.7336359872815107, 1.0, 0.0, 0.0, 0.0, 0.0, 0.0, 0.0, 0.0]",123021,107563,N3,dismiss,-0.3,ts,1181,1
"[0.20000000000000007, -0.20000000000000007, -0.20398009950248752, -0.03064066852367688, -0.04, 0.0, 0.0, 0.0, 1.0, 0.7353804625909484, 1.0, 0.0, 0.0, 0.0, 0.0, 0.0, 0.0, 0.0]",30201,31966,N3,accept,0.44000000000000006,ts,2075,1
"[0.6818181818181819, -0.6818181818181819, -0.050125313283208024, 0.18840579710144928, -0.51, 0.0, 0.0, 0.0, 1.0, 0.7806619322864332, 1.0, 0.0, 0.0, 0.0, 0.0, 0.0, 0.0, 0.0]",48998,49086,N3,dismiss,-0.3,ts,561,0
"[0.12499999999999988, -0.12499999999999988, -0.42495393524611735, -0.11578947368421053, 0.05263157894736842, 0.0, 0.0, 0.0, 1.0, 0.6358293160214701, 1.0, 0.0, 0.0, 0.0, 0.0, 0.0, 0.0, 0.0]",155625,139086,N3,accept,0.3874999999999999,ts,430,1
"[0.25000000000000006, -0.25000000000000006, 0.0, 1.0, -0.3157894736842105, 0.0, 0.0, 0.0, 1.0, 0.6210881403621081, 1.0, 0.0, 0.0, 0.0, 0.0, 0.0, 0.0, 0.0]",185524,92082,N3,dismiss,-0.3,ts,1934,1
"[0.7058823529411765, -0.7058823529411765, -0.26594926979246725, 0.29577464788732394, 0.17647058823529413, 0.0, 0.0, 0.0, 1.0, 0.7522141486473075, 1.0, 0.0, 0.0, 0.0, 0.0, 0.0, 0.0, 0.0]",134227,146668,N3,dismiss,-0.3,ts,1144,1
"[0.6666666666666667, -0.6666666666666667, -0.6632478632478633, 0.1828793774319066, 0.2, 0.0, 0.0, 0.0, 1.0, 0.6980782022775677, 1.0, 0.0, 0.0, 0.0, 0.0, 0.0, 0.0, 0.0]",130292,141757,N3,dismiss,-0.3,ts,1076,1
"[0.24999999999999997, -0.24999999999999997, -0.4117647058823529, 0.0, 0.0, 0.0, 0.0, 0.0, 1.0, 0.7273653355460075, 1.0, 0.0, 0.0, 0.0, 0.0, 0.0, 0.0, 0.0]",51607,174753,N3,accept,0.475,ts,504,0
"[0.1250000000000001, -0.1250000000000001, 0.16218749999999993, 0.0, 0.0, 0.0, 0.0, 0.0, 1.0, 0.7409291148542603, 1.0, 0.0, 0.0, 0.0, 0.0, 0.0, 0.0, 0.0]",152421,55412,N3,accept,0.38750000000000007,ts,1047,0
"[0.2972972972972973, -0.2972972972972973, 0.052770448548812667, -0.015748031496062992, -0.45614035087719296, 0.0, 0.0, 0.0, 1.0, 0.7401980539852661, 1.0, 0.0, 0.0, 0.0, 0.0, 0.0, 0.0, 0.0]",31679,110599,N3,dismiss,-0.3,ts,2477,0
"[0.20000000000000007, -0.20000000000000007, -0.44676616915422884, -0.037037037037037035, -0.14285714285714285, 0.0, 0.0, 0.0, 1.0, 0.6566817302886288, 1.0, 0.0, 0.0, 0.0, 0.0, 0.0, 0.0, 0.0]",15532,108746,N3,dismiss,-0.3,ts,2649,1
"[0.375, -0.375, -0.0647921760391198, -0.36627906976744184, -0.25, 0.0, 0.0, 0.0, 1.0, 0.7162308557251292, 1.0, 0.0, 0.0, 0.0, 0.0, 0.0, 0.0, 0.0]",84869,164354,N3,dismiss,-0.3,ts,1798,1
"[0.5, -0.5, -0.10344827586206896, 0.0, 0.0, 0.0, 0.0, 0.0, 1.0, 0.8714079900606294, 1.0, 0.0, 0.0, 0.0, 0.0, 0.0, 0.0, 0.0]",70828,129946,N3,dismiss,-0.3,ts,2288,0
"[0.09090909090909087, -0.09090909090909087, -0.13017127799736508, 0.82, 0.045454545454545456, 0.0, 0.0, 0.0, 1.0, 0.6041007760941072, 1.0, 0.0, 0.0, 0.0, 0.0, 0.0, 0.0, 0.0]",85794,120787,N3,accept,0.3636363636363636,ts,907,1
"[0.1886792452830189, -0.1886792452830189, -0.16666666666666666, -0.07570977917981073, 0.04444444444444448, 0.0, 0.0, 0.0, 1.0, 0.7283955999366982, 1.0, 0.0, 0.0, 0.0, 0.0, 0.0, 0.0, 0.0]",91968,33338,N3,accept,0.4320754716981132,ts,1398,1
"[0.8235294117647058, -0.8235294117647058, -0.6716716716716717, 1.0, -0.36666666666666664, 0.0, 0.0, 0.0, 1.0, 0.6040066911086254, 1.0, 0.0, 0.0, 0.0, 0.0, 0.0, 0.0, 0.0]",47181,155668,N3,dismiss,-0.3,ts,2629,1
"[0.20000000000000004, -0.20000000000000004, 0.0, 0.019886363636363636, 0.36, 0.0, 0.0, 0.0, 1.0, 0.7399921652875162, 1.0, 0.0, 0.0, 0.0, 0.0, 0.0, 0.0, 0.0]",135617,158412,N3,accept,0.44,ts,2503,1
"[0.25000000000000006, -0.25000000000000006, -0.0625, -0.34, 0.039999999999999994, 0.0, 0.0, 0.0, 1.0, 0.7305487309174494, 1.0, 0.0, 0.0, 0.0, 0.0, 0.0, 0.0, 0.0]",40998,50997,N3,dismiss,-0.3,ts,2280,1
"[0.6123076923076923, -0.6123076923076923, -0.09693053311793215, -0.08256880733944955, -0.08333333333333333, 0.0, 0.0, 0.0, 1.0, 0.8501854816806014, 1.0, 0.0, 0.0, 0.0, 0.0, 0.0, 0.0, 0.0]",63891,16731,N3,dismiss,-0.3,ts,414,1
"[0.023255813953488393, -0.023255813953488393, 0.2, 0.0034129692832764505, -0.042553191489361736, 0.0, 0.0, 0.0, 1.0, 0.6795231858504707, 1.0, 0.0, 0.0, 0.0, 0.0, 0.0, 0.0, 0.0]",33338,91970,N3,dismiss,-0.3,ts,1797,0
"[0.1428571428571428, -0.1428571428571428, 0.2, -0.3, -0.22000000000000003, 0.0, 0.0, 0.0, 1.0, 0.6157574613939959, 1.0, 0.0, 0.0, 0.0, 0.0, 0.0, 0.0, 0.0]",29449,41286,N3,dismiss,-0.3,ts,2576,1
"[0.02500000000000002, -0.02500000000000002, -0.33110367892976583, -0.18, -0.039999999999999994, 0.0, 0.0, 0.0, 1.0, 0.6056318521821138, 1.0, 0.0, 0.0, 0.0, 0.0, 0.0, 0.0, 0.0]",54434,62503,N3,dismiss,-0.3,ts,675,0
"[0.4545454545454546, -0.4545454545454546, -0.4639027877055039, -0.0113314447592068, 0.3333333333333333, 0.0, 0.0, 0.0, 1.0, 0.7009104946975799, 1.0, 0.0, 0.0, 0.0, 0.0, 0.0, 0.0, 0.0]",88669,107563,N3,dismiss,-0.3,ts,1565,1
"[0.64, -0.64, -0.21645796064400719, -0.5691489361702128, 0.4, 0.0, 0.0, 0.0, 1.0, 0.681246145030448, 1.0, 0.0, 0.0, 0.0, 0.0, 0.0, 0.0, 0.0]",19596,19598,N3,accept,0.748,ts,1283,0
"[0.050000000000000044, -0.050000000000000044, 0.23767935121646902, 0.28, -0.21999999999999997, 0.0, 0.0, 0.0, 1.0, 0.5753341503687988, 1.0, 0.0, 0.0, 0.0, 0.0, 0.0, 0.0, 0.0]",115984,94324,N3,accept,0.335,ts,2324,0
"[0.27906976744186046, -0.27906976744186046, 0.0, -0.15060240963855423, -0.10909090909090903, 0.0, 0.0, 0.0, 1.0, 0.7805243872048664, 1.0, 0.0, 0.0, 0.0, 0.0, 0.0, 0.0, 0.0]",40740,91957,N3,accept,0.49534883720930234,ts,1744,1
"[0.19999999999999993, -0.19999999999999993, -0.25, -0.8833333333333333, -0.7454545454545454, 0.0, 0.0, 0.0, 1.0, 0.5035447216368699, 1.0, 0.0, 0.0, 0.0, 0.0, 0.0, 0.0, 0.0]",126074,18330,N3,dismiss,-0.3,ts,1884,0
"[0.8835294117647059, -0.8835294117647059, -0.28114285714285714, 0.033707865168539325, -0.2, 0.0, 0.0, 0.0, 1.0, 0.8217735861101357, 1.0, 0.0, 0.0, 0.0, 0.0, 0.0, 0.0, 0.0]",57653,108025,N3,accept,0.9184705882352941,ts,1676,1
"[0.7321428571428571, -0.7321428571428571, -0.5953991880920163, -0.32673267326732675, -0.98, 0.0, 0.0, 0.0, 1.0, 0.6099246027842739, 1.0, 0.0, 0.0, 0.0, 0.0, 0.0, 0.0, 0.0]",81395,134921,N3,dismiss,-0.3,ts,2887,1
"[0.8530612244897959, -0.8530612244897959, -0.49268668206312544, 0.4482758620689655, 0.47619047619047616, 0.0, 0.0, 0.0, 1.0, 0.6578232997225838, 1.0, 0.0, 0.0, 0.0, 0.0, 0.0, 0.0, 0.0]",144702,170138,N3,dismiss,-0.3,ts,2426,1
"[0.19999999999999993, -0.19999999999999993, 0.125, 0.0, 0.0, 0.0, 0.0, 0.0, 1.0, 0.7785883097271787, 1.0, 0.0, 0.0, 0.0, 0.0, 0.0, 0.0, 0.0]",75387,18219,N3,dismiss,-0.3,ts,1460,0
"[0.9430508474576271, -0.9430508474576271, -0.5372405372405373, 0.18840579710144928, -0.51, 0.0, 0.0, 0.0, 1.0, 0.6974065167690908, 1.0, 0.0, 0.0, 0.0, 0.0, 0.0, 0.0, 0.0]",63936,49086,N3,dismiss,-0.3,ts,1040,1
"[0.16666666666666666, -0.16666666666666666, 0.04175365344467641, -0.39779005524861877, -0.65625, 0.0, 0.0, 0.0, 1.0, 0.6032763925226974, 1.0, 0.0, 0.0, 0.0, 0.0, 0.0, 0.0, 0.0]",129198,185374,N3,dismiss,-0.3,ts,920,0
"[0.19999999999999993, -0.19999999999999993, 0.041666666666666664, 0.0, 0.0, 0.0, 0.0, 0.0, 1.0, 0.8068370360387624, 1.0, 0.0, 0.0, 0.0, 0.0, 0.0, 0.0, 0.0]",18185,82489,N3,dismiss,-0.3,ts,2784,0
"[0.5, -0.5, -0.26666666666666666, 0.18, 0.33999999999999997, 0.0, 0.0, 0.0, 1.0, 0.7067604797643213, 1.0, 0.0, 0.0, 0.0, 0.0, 0.0, 0.0, 0.0]",50997,51572,N3,dismiss,-0.3,ts,2045,1
"[0.5, -0.5, -0.10344827586206896, 0.0, 0.0, 0.0, 0.0, 0.0, 1.0, 0.8714079900606294, 1.0, 0.0, 0.0, 0.0, 0.0, 0.0, 0.0, 0.0]",70828,129946,N3,dismiss,-0.3,ts,1869,0
"[0.12499999999999988, -0.12499999999999988, 0.1864406779661017, 0.3464566929133858, 0.0, 0.0, 0.0, 0.0, 1.0, 0.65910022537907, 1.0, 0.0, 0.0, 0.0, 0.0, 0.0, 0.0, 0.0]",92706,114737,N3,dismiss,-0.3,ts,2084,1
"[0.20000000000000007, -0.20000000000000007, -0.20398009950248752, -0.008547008547008548, 0.0, 0.0, 0.0, 0.0, 1.0, 0.7532869108470774, 1.0, 0.0, 0.0, 0.0, 0.0, 0.0, 0.0, 0.0]",72081,32065,N3,dismiss,-0.3,ts,2183,1
"[0.8571428571428572, -0.8571428571428572, 0.0, 0.28, -0.16, 0.0, 0.0, 0.0, 1.0, 0.8591037055629764, 1.0, 0.0, 0.0, 0.0, 0.0, 0.0, 0.0, 0.0]",174924,174927,N3,accept,0.8999999999999999,ts,1213,1
"[0.808695652173913, -0.808695652173913, 0.15907335907335912, -0.05555555555555555, 0.1599999999999999, 0.0, 0.0, 0.0, 1.0, 0.8480449897760274, 1.0, 0.0, 0.0, 0.0, 0.0, 0.0, 0.0, 0.0]",179650,114138,N3,dismiss,-0.3,ts,2998,1
"[0.8733333333333334, -0.8733333333333334, -0.15050000000000008, 0.3511450381679389, 0.1, 0.0, 0.0, 0.0, 1.0, 0.8112114287280383, 1.0, 0.0, 0.0, 0.0, 0.0, 0.0, 0.0, 0.0]",80035,87097,N3,dismiss,-0.3,ts,2818,1
"[0.25, -0.25, -0.24050632911392406, 0.0, -0.005555555555555635, 0.0, 0.0, 0.0, 1.0, 0.7615633265577997, 1.0, 0.0, 0.0, 0.0, 0.0, 0.0, 0.0, 0.0]",183583,165914,N3,dismiss,-0.3,ts,2816,0
"[0.7411764705882353, -0.7411764705882353, 0.08428571428571437, -0.563953488372093, -0.18518518518518517, 0.0, 0.0, 0.0, 1.0, 0.7722738027302286, 1.0, 0.0, 0.0, 0.0, 0.0, 0.0, 0.0, 0.0]",104685,85794,N3,dismiss,-0.3,ts,2534,1
"[0.20000000000000007, -0.20000000000000007, -0.14720956719817763, -0.002785515320334262, -0.4166666666666667, 0.0, 0.0, 0.0, 1.0, 0.6861773903818374, 1.0, 0.0, 0.0, 0.0, 0.0, 0.0, 0.0, 0.0]",67082,135481,N3,dismiss,-0.3,ts,2594,1
"[0.13333333333333328, -0.13333333333333328, -0.09600443951165374, -0.13846153846153847, -0.07999999999999999, 0.0, 0.0, 0.0, 1.0, 0.7059422282078749, 1.0, 0.0, 0.0, 0.0, 0.0, 0.0, 0.0, 0.0]",83435,143094,N3,dismiss,-0.3,ts,1301,1
"[0.19999999999999996, -0.19999999999999996, -0.56752655538695, -0.0221606648199446, -0.20289855072463772, 0.0, 0.0, 0.0, 1.0, 0.6305729458313653, 1.0, 0.0, 0.0, 0.0, 0.0, 0.0, 0.0, 0.0]",16971,79771,N3,dismiss,-0.3,ts,2816,1
"[0.25, -0.25, -0.4962393721386527, -0.001215066828675577, 0.0, 0.0, 0.0, 0.0, 1.0, 0.7133566296965045, 1.0, 0.0, 0.0, 0.0, 0.0, 0.0, 0.0, 0.0]",75083,189231,N3,dismiss,-0.3,ts,1405,1
"[0.4235294117647059, -0.4235294117647059, -0.2159090909090909, 0.10526315789473684, 0.020000000000000018, 0.0, 0.0, 0.0, 1.0, 0.7859292749421055, 1.0, 0.0, 0.0, 0.0, 0.0, 0.0, 0.0, 0.0]",87407,82101,N3,dismiss,-0.3,ts,1151,1
"[0.39999999999999997, -0.39999999999999997, -0.35933147632311974, -0.3006134969325153, -0.26666666666666666, 0.0, 0.0, 0.0, 1.0, 0.651960824166897, 1.0, 0.0, 0.0, 0.0, 0.0, 0.0, 0.0, 0.0]",155669,178949,N3,dismiss,-0.3,ts,2404,1
"[0.6103896103896104, -0.6103896103896104, 0.1266583229036294, 0.32524271844660196, -0.14814814814814814, 0.0, 0.0, 0.0, 1.0, 0.7759987901718405, 1.0, 0.0, 0.0, 0.0, 0.0, 0.0, 0.0, 0.0]",138627,120796,N3,dismiss,-0.3,ts,1999,1
"[0.19999999999999993, -0.19999999999999993, 0.125, 0.0, 0.0, 0.0, 0.0, 0.0, 1.0, 0.7785883097271787, 1.0, 0.0, 0.0, 0.0, 0.0, 0.0, 0.0, 0.0]",75387,18219,N3,dismiss,-0.3,ts,2462,0
"[0.1250000000000001, -0.1250000000000001, -0.2159090909090909, 0.125, 0.07999999999999999, 0.0, 0.0, 0.0, 1.0, 0.6708404708796813, 1.0, 0.0, 0.0, 0.0, 0.0, 0.0, 0.0, 0.0]",74186,82101,N3,dismiss,-0.3,ts,888,1
"[0.19999999999999996, -0.19999999999999996, -0.56752655538695, -0.0221606648199446, -0.20289855072463772, 0.0, 0.0, 0.0, 1.0, 0.6305729458313653, 1.0, 0.0, 0.0, 0.0, 0.0, 0.0, 0.0, 0.0]",16971,79771,N3,accept,0.43999999999999995,ts,2825,1
"[0.18367346938775517, -0.18367346938775517, 0.0693454309786131, 0.04938271604938271, -0.2, 0.0, 0.0, 0.0, 1.0, 0.7277268542406851, 1.0, 0.0, 0.0, 0.0, 0.0, 0.0, 0.0, 0.0]",135548,72620,N3,dismiss,-0.3,ts,848,1
"[0.11999999999999993, -0.11999999999999993, -0.25611111111111107, 0.0056657223796034, -0.21428571428571427, 0.0, 0.0, 0.0, 1.0, 0.660378477956568, 1.0, 0.0, 0.0, 0.0, 0.0, 0.0, 0.0, 0.0]",107307,123260,N3,dismiss,-0.3,ts,2808,1
"[0.01111111111111112, -0.01111111111111112, -0.3, -0.32608695652173914, -0.15999999999999998, 0.0, 0.0, 0.0, 1.0, 0.5509877827836802, 1.0, 0.0, 0.0, 0.0, 0.0, 0.0, 0.0, 0.0]",155815,79360,N3,dismiss,-0.3,ts,682,1
"[0.20000000000000007, -0.20000000000000007, -0.2510779436152571, -0.03064066852367688, -0.04, 0.0, 0.0, 0.0, 1.0, 0.7234242846624658, 1.0, 0.0, 0.0, 0.0, 0.0, 0.0, 0.0, 0.0]",43347,31973,N3,dismiss,-0.3,ts,1164,1
"[0.808695652173913, -0.808695652173913, 0.15907335907335912, -0.05555555555555555, 0.1599999999999999, 0.0, 0.0, 0.0, 1.0, 0.8480449897760274, 1.0, 0.0, 0.0, 0.0, 0.0, 0.0, 0.0, 0.0]",179650,114138,N3,dismiss,-0.3,ts,1554,0
"[0.28571428571428564, -0.28571428571428564, 0.23883928571428578, 0.0, 0.0, 0.0, 0.0, 0.0, 1.0, 0.7750759893121976, 1.0, 0.0, 0.0, 0.0, 0.0, 0.0, 0.0, 0.0]",55348,93922,N3,dismiss,-0.3,ts,402,0
"[0.1250000000000001, -0.1250000000000001, 0.2222222222222222, 0.0, -0.06000000000000001, 0.0, 0.0, 0.0, 1.0, 0.7076074431705994, 1.0, 0.0, 0.0, 0.0, 0.0, 0.0, 0.0, 0.0]",30711,125786,N3,dismiss,-0.3,ts,1644,0
"[0.8, -0.8, 0.0, 1.0, 1.0, 0.0, 0.0, 0.0, 1.0, 0.6626816974221303, 1.0, 0.0, 0.0, 0.0, 0.0, 0.0, 0.0, 0.0]",51128,51605,N3,dismiss,-0.3,ts,1279,0
"[0.25000000000000006, -0.25000000000000006, -0.0646666666666667, -0.10112359550561797, 0.19718309859154937, 0.0, 0.0, 0.0, 1.0, 0.7389755735892841, 1.0, 0.0, 0.0, 0.0, 0.0, 0.0, 0.0, 0.0]",147103,127487,N3,dismiss,-0.3,ts,2757,1
"[0.19999999999999993, -0.19999999999999993, 0.041666666666666664, 0.0, 0.0, 0.0, 0.0, 0.0, 1.0, 0.8068370360387624, 1.0, 0.0, 0.0, 0.0, 0.0, 0.0, 0.0, 0.0]",18185,82489,N3,dismiss,-0.3,ts,2732,0
"[0.14285714285714288, -0.14285714285714288, 0.06235565819861427, -0.13793103448275862, -0.047619047619047616, 0.0, 0.0, 0.0, 1.0, 0.7295276906658968, 1.0, 0.0, 0.0, 0.0, 0.0, 0.0, 0.0, 0.0]",144702,71136,N3,dismiss,-0.3,ts,2823,1
"[0.5, -0.5, -0.3, 0.0, 0.0, 0.0, 0.0, 0.0, 1.0, 0.8185495653156272, 1.0, 0.0, 0.0, 0.0, 0.0, 0.0, 0.0, 0.0]",38636,18374,N3,accept,0.6499999999999999,ts,599,0
"[0.28571428571428575, -0.28571428571428575, 0.0, -0.1005586592178771, 0.14285714285714285, 0.0, 0.0, 0.0, 1.0, 0.7864257510470529, 1.0, 0.0, 0.0, 0.0, 0.0, 0.0, 0.0, 0.0]",128281,51122,N3,dismiss,-0.3,ts,1401,1
"[0.6375, -0.6375, 0.0, -0.02158273381294964, 0.0, 0.0, 0.0, 0.0, 1.0, 0.9293128096864788, 1.0, 0.0, 0.0, 0.0, 0.0, 0.0, 0.0, 0.0]",85325,40258,N3,dismiss,-0.3,ts,2555,0
"[0.8571428571428572, -0.8571428571428572, 0.03199999999999985, 0.050980392156862744, -0.12000000000000002, 0.0, 0.0, 0.0, 1.0, 0.9055549142837571, 1.0, 0.0, 0.0, 0.0, 0.0, 0.0, 0.0, 0.0]",116982,117029,N3,dismiss,-0.3,ts,713,1
"[0.2142857142857143, -0.2142857142857143, 0.0, -0.09363295880149813, 0.5492957746478874, 0.0, 0.0, 0.0, 1.0, 0.7020840351677758, 1.0, 0.0, 0.0, 0.0, 0.0, 0.0, 0.0, 0.0]",147103,138639,N3,accept,0.44999999999999996,ts,1480,1
"[0.6621621621621622, -0.6621621621621622, 0.11131725417439703, -0.08256880733944955, -0.21428571428571427, 0.0, 0.0, 0.0, 1.0, 0.8246493449692933, 1.0, 0.0, 0.0, 0.0, 0.0, 0.0, 0.0, 0.0]",63923,16729,N3,dismiss,-0.3,ts,922,0
"[0.28571428571428575, -0.28571428571428575, 0.0, -0.1005586592178771, 0.14285714285714285, 0.0, 0.0, 0.0, 1.0, 0.7864257510470529, 1.0, 0.0, 0.0, 0.0, 0.0, 0.0, 0.0, 0.0]",128281,51122,N3,accept,0.5,ts,1061,1
"[0.25, -0.25, 0.0, 0.07453416149068323, 0.13636363636363635, 0.0, 0.0, 0.0, 1.0, 0.7830109453831142, 1.0, 0.0, 0.0, 0.0, 0.0, 0.0, 0.0, 0.0]",43089,117045,N3,accept,0.475,ts,710,0
"[0.7058823529411765, -0.7058823529411765, 0.11957796014068012, 1.0, 1.0, 0.0, 0.0, 0.0, 1.0, 0.6038474550219249, 1.0, 0.0, 0.0, 0.0, 0.0, 0.0, 0.0, 0.0]",147129,146668,N3,dismiss,-0.3,ts,2266,1
"[0.24999999999999997, -0.24999999999999997, 0.06028476219327483, 0.2600732600732601, 0.17391304347826086, 0.0, 0.0, 0.0, 1.0, 0.7119707109018438, 1.0, 0.0, 0.0, 0.0, 0.0, 0.0, 0.0, 0.0]",86743,169335,N3,dismiss,-0.3,ts,433,1
"[0.25, -0.25, 0.09090909090909091, -0.32456140350877194, -0.10500000000000007, 0.0, 0.0, 0.0, 1.0, 0.706303156982304, 1.0, 0.0, 0.0, 0.0, 0.0, 0.0, 0.0, 0.0]",123778,165914,N3,dismiss,-0.3,ts,1385,0
"[0.625, -0.625, 0.066711140760507, -0.08904109589041095, -0.13333333333333333, 0.0, 0.0, 0.0, 1.0, 0.8489572716197578, 1.0, 0.0, 0.0, 0.0, 0.0, 0.0, 0.0, 0.0]",128284,128247,N3,dismiss,-0.3,ts,529,0
"[0.5636363636363637, -0.5636363636363637, 0.22448979591836735, -0.022535211267605635, 1.0, 0.0, 0.0, 0.0, 1.0, 0.7135174798668883, 1.0, 0.0, 0.0, 0.0, 0.0, 0.0, 0.0, 0.0]",123023,107659,N3,dismiss,-0.3,ts,495,0
"[0.04494382022471914, -0.04494382022471914, -0.2535714285714286, -0.08064516129032258, 0.0, 0.0, 0.0, 0.0, 1.0, 0.6649279362905083, 1.0, 0.0, 0.0, 0.0, 0.0, 0.0, 0.0, 0.0]",79360,18005,N3,dismiss,-0.3,ts,2145,0
"[0.1666666666666667, -0.1666666666666667, -0.28112267994567675, 0.16393442622950818, -0.20833333333333334, 0.0, 0.0, 0.0, 1.0, 0.6321699716450173, 1.0, 0.0, 0.0, 0.0, 0.0, 0.0, 0.0, 0.0]",81541,89666,N3,accept,0.4166666666666667,ts,1997,0
"[0.25, -0.25, 0.09090909090909091, 0.1, 0.49166666666666653, 0.0, 0.0, 0.0, 1.0, 0.6852588678547423, 1.0, 0.0, 0.0, 0.0, 0.0, 0.0, 0.0, 0.0]",110001,165914,N3,dismiss,-0.3,ts,2336,0
"[0.44999999999999996, -0.44999999999999996, -0.7914494264859229, -0.06521739130434782, 0.0, 0.0, 0.0, 0.0, 1.0, 0.719797648348642, 1.0, 0.0, 0.0, 0.0, 0.0, 0.0, 0.0, 0.0]",43346,123043,N3,dismiss,-0.3,ts,1999,1
"[0.5887096774193549, -0.5887096774193549, 0.07140307033202427, -0.26571428571428574, -0.38, 0.0, 0.0, 0.0, 1.0, 0.7586869014394904, 1.0, 0.0, 0.0, 0.0, 0.0, 0.0, 0.0, 0.0]",89602,20089,N3,accept,0.7120967741935484,ts,2950,0
"[0.09090909090909098, -0.09090909090909098, -0.18181818181818182, 0.07122507122507123, 0.0, 0.0, 0.0, 0.0, 1.0, 0.7029945661314697, 1.0, 0.0, 0.0, 0.0, 0.0, 0.0, 0.0, 0.0]",151838,151841,N3,dismiss,-0.3,ts,1287,1
"[0.25, -0.25, 0.0, 0.07453416149068323, 0.13636363636363635, 0.0, 0.0, 0.0, 1.0, 0.7830109453831142, 1.0, 0.0, 0.0, 0.0, 0.0, 0.0, 0.0, 0.0]",43090,117045,N3,accept,0.475,ts,2539,0
"[0.47058823529411764, -0.47058823529411764, 0.0, -0.0125, -0.019999999999999973, 0.0, 0.0, 0.0, 1.0, 0.8924369701167543, 1.0, 0.0, 0.0, 0.0, 0.0, 0.0, 0.0, 0.0]",169362,155616,N3,dismiss,-0.3,ts,1355,1
"[0.1250000000000001, -0.1250000000000001, 0.0858394160583941, 0.0, 0.0, 0.0, 0.0, 0.0, 1.0, 0.7647832266303307, 1.0, 0.0, 0.0, 0.0, 0.0, 0.0, 0.0, 0.0]",29519,55412,N3,dismiss,-0.3,ts,1706,1
"[0.12499999999999988, -0.12499999999999988, 0.03177124702144559, -0.23684210526315788, 0.10526315789473684, 0.0, 0.0, 0.0, 1.0, 0.6989493880617605, 1.0, 0.0, 0.0, 0.0, 0.0, 0.0, 0.0, 0.0]",144703,144702,N3,dismiss,-0.3,ts,2329,1
"[0.27536231884057966, -0.27536231884057966, -0.519358407079646, -0.22, -0.07999999999999999, 0.0, 0.0, 0.0, 1.0, 0.6429721868325091, 1.0, 0.0, 0.0, 0.0, 0.0, 0.0, 0.0, 0.0]",79808,81996,N3,accept,0.49275362318840576,ts,1913,1
"[0.7678571428571429, -0.7678571428571429, -0.08198757763975148, -0.3554006968641115, -0.6, 0.0, 0.0, 0.0, 1.0, 0.7432055025460246, 1.0, 0.0, 0.0, 0.0, 0.0, 0.0, 0.0, 0.0]",91072,175208,N3,accept,0.8374999999999999,ts,2603,1
"[0.625, -0.625, 0.066711140760507, -0.08904109589041095, -0.13333333333333333, 0.0, 0.0, 0.0, 1.0, 0.8489572716197578, 1.0, 0.0, 0.0, 0.0, 0.0, 0.0, 0.0, 0.0]",128284,128247,N3,dismiss,-0.3,ts,986,0
"[0.4583333333333333, -0.4583333333333333, -0.327319587628866, 0.22, 0.24000000000000005, 0.0, 0.0, 0.0, 1.0, 0.692442265593947, 1.0, 0.0, 0.0, 0.0, 0.0, 0.0, 0.0, 0.0]",151790,123325,N3,accept,0.6208333333333333,ts,2143,1
"[0.5599999999999999, -0.5599999999999999, -0.6336853807670928, 0.0, 0.0, 0.0, 0.0, 0.0, 1.0, 0.7777664588796329, 1.0, 0.0, 0.0, 0.0, 0.0, 0.0, 0.0, 0.0]",49130,49870,N3,dismiss,-0.3,ts,2416,1
"[0.7942857142857144, -0.7942857142857144, -0.24597585513078465, 0.2066115702479339, -0.375, 0.0, 0.0, 0.0, 1.0, 0.7501239090858726, 1.0, 0.0, 0.0, 0.0, 0.0, 0.0, 0.0, 0.0]",81543,128284,N3,accept,0.8560000000000001,ts,2470,1
"[0.3, -0.3, -0.6, 0.0, 0.0, 0.0, 0.0, 0.0, 1.0, 0.7157135936949424, 1.0, 0.0, 0.0, 0.0, 0.0, 0.0, 0.0, 0.0]",77920,29449,N3,accept,0.51,ts,464,1
"[0.15000000000000002, -0.15000000000000002, -0.11504424778761058, -0.008595988538681949, 0.13636363636363635, 0.0, 0.0, 0.0, 1.0, 0.7258505778153181, 1.0, 0.0, 0.0, 0.0, 0.0, 0.0, 0.0, 0.0]",82376,105724,N3,dismiss,-0.3,ts,1803,1
"[0.5599999999999999, -0.5599999999999999, 0.000555864369094028, 0.16666666666666666, -0.3181818181818182, 0.0, 0.0, 0.0, 1.0, 0.8080917411690023, 1.0, 0.0, 0.0, 0.0, 0.0, 0.0, 0.0, 0.0]",183166,30105,N3,dismiss,-0.3,ts,1006,1
"[0.20000000000000007, -0.20000000000000007, -0.12425665101721436, 0.002840909090909091, 0.25, 0.0, 0.0, 0.0, 1.0, 0.7189497931363428, 1.0, 0.0, 0.0, 0.0, 0.0, 0.0, 0.0, 0.0]",43334,88669,N3,accept,0.44000000000000006,ts,432,1
"[0.4117647058823529, -0.4117647058823529, 0.0006671114076050558, -0.225, 0.040000000000000036, 0.0, 0.0, 0.0, 1.0, 0.8212169206981313, 1.0, 0.0, 0.0, 0.0, 0.0, 0.0, 0.0, 0.0]",169362,41650,N3,dismiss,-0.3,ts,2278,1
"[0.25806451612903236, -0.25806451612903236, -0.171875, 0.0, 0.0, 0.0, 0.0, 0.0, 1.0, 0.784034908252429, 1.0, 0.0, 0.0, 0.0, 0.0, 0.0, 0.0, 0.0]",15686,39517,N3,dismiss,-0.3,ts,2078,1
"[0.5, -0.5, -0.4592875318066158, 0.0, 0.0, 0.0, 0.0, 0.0, 1.0, 0.7886047001257124, 1.0, 0.0, 0.0, 0.0, 0.0, 0.0, 0.0, 0.0]",90179,56398,N3,accept,0.6499999999999999,ts,2489,0
"[0.04494382022471914, -0.04494382022471914, -0.2535714285714286, -0.08064516129032258, 0.0, 0.0, 0.0, 0.0, 1.0, 0.6649279362905083, 1.0, 0.0, 0.0, 0.0, 0.0, 0.0, 0.0, 0.0]",79360,18005,N3,accept,0.3314606741573034,ts,1626,0
"[0.41176470588235287, -0.41176470588235287, -0.4265232974910394, 0.08, 0.12000000000000002, 0.0, 0.0, 0.0, 1.0, 0.7184106107941747, 1.0, 0.0, 0.0, 0.0, 0.0, 0.0, 0.0, 0.0]",88339,58615,N3,dismiss,-0.3,ts,1053,0
"[0.25, -0.25, -0.009319816873773597, 0.001215066828675577, 0.0, 0.0, 0.0, 0.0, 1.0, 0.8355318740747639, 1.0, 0.0, 0.0, 0.0, 0.0, 0.0, 0.0, 0.0]",75083,15457,N3,dismiss,-0.3,ts,1632,1
"[0.43037974683544306, -0.43037974683544306, -0.7792041078305519, -0.08571428571428572, 0.1641791044776119, 0.0, 0.0, 0.0, 1.0, 0.6686489633464668, 1.0, 0.0, 0.0, 0.0, 0.0, 0.0, 0.0, 0.0]",43373,105899,N3,dismiss,-0.3,ts,957,1
"[0.7295454545454546, -0.7295454545454546, -0.2654424040066778, -0.4, -0.1, 0.0, 0.0, 0.0, 1.0, 0.757438037668929, 1.0, 0.0, 0.0, 0.0, 0.0, 0.0, 0.0, 0.0]",17805,189308,N3,dismiss,-0.3,ts,667,1
"[0.3636363636363637, -0.3636363636363637, 0.0, 0.016713091922005572, 0.25, 0.0, 0.0, 0.0, 1.0, 0.8103249790259089, 1.0, 0.0, 0.0, 0.0, 0.0, 0.0, 0.0, 0.0]",123014,123174,N3,dismiss,-0.3,ts,1950,0
"[0.1886792452830189, -0.1886792452830189, -0.16666666666666666, -0.07570977917981073, 0.06818181818181814, 0.0, 0.0, 0.0, 1.0, 0.7220323095576072, 1.0, 0.0, 0.0, 0.0, 0.0, 0.0, 0.0, 0.0]",91966,33338,N3,accept,0.4320754716981132,ts,2109,1
"[0.02500000000000002, -0.02500000000000002, -0.1863303498779495, 0.02, -0.07999999999999999, 0.0, 0.0, 0.0, 1.0, 0.6690903795112921, 1.0, 0.0, 0.0, 0.0, 0.0, 0.0, 0.0, 0.0]",130426,62540,N3,accept,0.3175,ts,2566,1
"[0.39999999999999997, -0.39999999999999997, -0.15334665334665337, 0.072, -0.08333333333333333, 0.0, 0.0, 0.0, 1.0, 0.7882930636167996, 1.0, 0.0, 0.0, 0.0, 0.0, 0.0, 0.0, 0.0]",170190,120916,N3,dismiss,-0.3,ts,2043,1
"[0.44000000000000006, -0.44000000000000006, -0.4444444444444444, 0.0339943342776204, 0.07142857142857142, 0.0, 0.0, 0.0, 1.0, 0.7469856553488124, 1.0, 0.0, 0.0, 0.0, 0.0, 0.0, 0.0, 0.0]",107307,123174,N3,dismiss,-0.3,ts,2130,1
"[0.8714285714285714, -0.8714285714285714, -0.2309859154929577, -0.9770114942528736, -0.9038461538461539, 0.0, 0.0, 0.0, 1.0, 0.6377559530745973, 1.0, 0.0, 0.0, 0.0, 0.0, 0.0, 0.0, 0.0]",91073,16650,N3,accept,0.9099999999999999,ts,2023,1
"[0.19999999999999993, -0.19999999999999993, -0.5714285714285714, 1.0, 0.23809523809523808, 0.0, 0.0, 0.0, 1.0, 0.48000589499188684, 1.0, 0.0, 0.0, 0.0, 0.0, 0.0, 0.0, 0.0]",104680,29970,N3,dismiss,-0.3,ts,2199,1
"[0.25000000000000006, -0.25000000000000006, -0.0646666666666667, -0.043824701195219126, -0.13265306122448986, 0.0, 0.0, 0.0, 1.0, 0.7677835227290333, 1.0, 0.0, 0.0, 0.0, 0.0, 0.0, 0.0, 0.0]",138640,127487,N3,dismiss,-0.3,ts,1377,1
"[0.33090909090909093, -0.33090909090909093, 0.0, 0.0, 0.0, 0.0, 0.0, 0.0, 1.0, 0.8648131365453284, 1.0, 0.0, 0.0, 0.0, 0.0, 0.0, 0.0, 0.0]",147380,63876,N3,dismiss,-0.3,ts,1031,1
"[0.8944444444444444, -0.8944444444444444, 0.0, -0.02, 0.0, 0.0, 0.0, 0.0, 1.0, 0.962136410518863, 1.0, 0.0, 0.0, 0.0, 0.0, 0.0, 0.0, 0.0]",89731,83441,N3,dismiss,-0.3,ts,729,0
"[0.4235294117647059, -0.4235294117647059, -0.2159090909090909, 0.44, 0.020000000000000018, 0.0, 0.0, 0.0, 1.0, 0.7266230514544788, 1.0, 0.0, 0.0, 0.0, 0.0, 0.0, 0.0, 0.0]",87406,82101,N3,dismiss,-0.3,ts,585,1
"[0.41176470588235287, -0.41176470588235287, -0.4265232974910394, 0.08, 0.12000000000000002, 0.0, 0.0, 0.0, 1.0, 0.7184106107941747, 1.0, 0.0, 0.0, 0.0, 0.0, 0.0, 0.0, 0.0]",88339,58615,N3,dismiss,-0.3,ts,987,0
"[0.8530612244897959, -0.8530612244897959, -0.3026455026455026, 0.10526315789473684, 0.631578947368421, 0.0, 0.0, 0.0, 1.0, 0.7372147538127957, 1.0, 0.0, 0.0, 0.0, 0.0, 0.0, 0.0, 0.0]",180524,170138,N3,dismiss,-0.3,ts,1316,0
"[0.4485294117647059, -0.4485294117647059, 0.09333333333333324, -0.0843806104129264, -0.2692307692307692, 0.0, 0.0, 0.0, 1.0, 0.776901172593482, 1.0, 0.0, 0.0, 0.0, 0.0, 0.0, 0.0, 0.0]",29970,155668,N3,accept,0.6139705882352942,ts,2859,1
"[0.16666666666666663, -0.16666666666666663, -0.27368421052631575, 0.24615384615384617, 0.1, 0.0, 0.0, 0.0, 1.0, 0.6414154389791059, 1.0, 0.0, 0.0, 0.0, 0.0, 0.0, 0.0, 0.0]",87131,146547,N3,accept,0.41666666666666663,ts,2702,1
"[0.28571428571428575, -0.28571428571428575, 0.0, 0.11363636363636363, 0.0, 0.0, 0.0, 0.0, 1.0, 0.820537205423484, 1.0, 0.0, 0.0, 0.0, 0.0, 0.0, 0.0, 0.0]",170134,127333,N3,dismiss,-0.3,ts,1439,0
"[0.3636363636363637, -0.3636363636363637, 0.10804174340085952, -0.08021390374331551, 0.8125, 0.0, 0.0, 0.0, 1.0, 0.6927136909281788, 1.0, 0.0, 0.0, 0.0, 0.0, 0.0, 0.0, 0.0]",162740,123439,N3,dismiss,-0.3,ts,1845,1
"[0.26470588235294124, -0.26470588235294124, -0.6031963470319635, 0.04, -0.07999999999999999, 0.0, 0.0, 0.0, 1.0, 0.6705013948133134, 1.0, 0.0, 0.0, 0.0, 0.0, 0.0, 0.0, 0.0]",77265,81996,N3,dismiss,-0.3,ts,1296,1
"[0.4478527607361963, -0.4478527607361963, -0.6014828544949027, -0.022222222222222223, -0.012658227848101333, 0.0, 0.0, 0.0, 1.0, 0.7463272101226157, 1.0, 0.0, 0.0, 0.0, 0.0, 0.0, 0.0, 0.0]",15663,105899,N3,dismiss,-0.3,ts,712,1
"[0.09090909090909098, -0.09090909090909098, 0.0, 0.002898550724637681, -0.038461538461538464, 0.0, 0.0, 0.0, 1.0, 0.7719082739635789, 1.0, 0.0, 0.0, 0.0, 0.0, 0.0, 0.0, 0.0]",43134,116977,N3,accept,0.36363636363636365,ts,1948,1
"[0.1411042944785276, -0.1411042944785276, -0.21130676552363295, -0.03888888888888889, 0.0, 0.0, 0.0, 0.0, 1.0, 0.721979730157365, 1.0, 0.0, 0.0, 0.0, 0.0, 0.0, 0.0, 0.0]",15663,117162,N3,dismiss,-0.3,ts,921,1
"[0.4444444444444445, -0.4444444444444445, 0.17096774193548378, -0.18, -0.58, 0.0, 0.0, 0.0, 1.0, 0.6894489194008218, 1.0, 0.0, 0.0, 0.0, 0.0, 0.0, 0.0, 0.0]",81420,132873,N3,dismiss,-0.3,ts,1925,0
"[0.296, -0.296, -0.24811594202898546, 0.1872791519434629, 1.0, 0.0, 0.0, 0.0, 1.0, 0.5810148785045811, 1.0, 0.0, 0.0, 0.0, 0.0, 0.0, 0.0, 0.0]",185510,107554,N3,dismiss,-0.3,ts,1462,1
"[0.3636363636363637, -0.3636363636363637, 0.0, 0.016713091922005572, 0.25, 0.0, 0.0, 0.0, 1.0, 0.8103249790259089, 1.0, 0.0, 0.0, 0.0, 0.0, 0.0, 0.0, 0.0]",123014,123174,N3,dismiss,-0.3,ts,1573,0
"[0.8214285714285714, -0.8214285714285714, -0.37539103232533894, 0.08695652173913043, 0.1, 0.0, 0.0, 0.0, 1.0, 0.8040645041288196, 1.0, 0.0, 0.0, 0.0, 0.0, 0.0, 0.0, 0.0]",16680,16729,N3,dismiss,-0.3,ts,437,0
"[0.06666666666666672, -0.06666666666666672, -0.4768888888888889, -0.15829145728643215, -0.24242424242424243, 0.0, 0.0, 0.0, 1.0, 0.5536373131526611, 1.0, 0.0, 0.0, 0.0, 0.0, 0.0, 0.0, 0.0]",69112,87090,N3,accept,0.3466666666666667,ts,1548,1
"[0.20000000000000004, -0.20000000000000004, -0.17521902377972465, 0.007246376811594203, 0.02500000000000006, 0.0, 0.0, 0.0, 1.0, 0.7542302249952597, 1.0, 0.0, 0.0, 0.0, 0.0, 0.0, 0.0, 0.0]",53366,19865,N3,dismiss,-0.3,ts,2659,1
"[0.2916666666666667, -0.2916666666666667, 0.04833333333333339, 0.64, -0.13999999999999999, 0.0, 0.0, 0.0, 1.0, 0.6895373852503164, 1.0, 0.0, 0.0, 0.0, 0.0, 0.0, 0.0, 0.0]",81128,79359,N3,dismiss,-0.3,ts,1637,1
"[0.0384615384615385, -0.0384615384615385, 0.22897483118477596, 0.02976190476190476, 0.05999999999999996, 0.0, 0.0, 0.0, 1.0, 0.6652929903136966, 1.0, 0.0, 0.0, 0.0, 0.0, 0.0, 0.0, 0.0]",143094,87100,N3,dismiss,-0.3,ts,1905,0
"[0.2803030303030304, -0.2803030303030304, 0.0009999999999999788, 0.5446428571428571, 0.15999999999999998, 0.0, 0.0, 0.0, 1.0, 0.708319588666608, 1.0, 0.0, 0.0, 0.0, 0.0, 0.0, 0.0, 0.0]",80033,87100,N3,dismiss,-0.3,ts,2081,1
"[0.20000000000000004, -0.20000000000000004, -0.634703196347032, 0.07407407407407407, -0.74, 0.0, 0.0, 0.0, 1.0, 0.5425189848892313, 1.0, 0.0, 0.0, 0.0, 0.0, 0.0, 0.0, 0.0]",19598,106004,N3,dismiss,-0.3,ts,2316,0
"[0.12499999999999988, -0.12499999999999988, 0.0, -0.011299435028248588, -0.05555555555555555, 0.0, 0.0, 0.0, 1.0, 0.777207383246993, 1.0, 0.0, 0.0, 0.0, 0.0, 0.0, 0.0, 0.0]",185391,78003,N3,dismiss,-0.3,ts,629,1
"[0.09090909090909098, -0.09090909090909098, -0.20200000000000004, 0.06172839506172839, 0.2, 0.0, 0.0, 0.0, 1.0, 0.650536967712281, 1.0, 0.0, 0.0, 0.0, 0.0, 0.0, 0.0, 0.0]",162891,174773,N3,dismiss,-0.3,ts,2962,1
"[0.09090909090909098, -0.09090909090909098, 0.0, -0.002932551319648094, -0.15384615384615385, 0.0, 0.0, 0.0, 1.0, 0.7432751933826853, 1.0, 0.0, 0.0, 0.0, 0.0, 0.0, 0.0, 0.0]",174771,117159,N3,dismiss,-0.3,ts,2509,1
"[0.19999999999999996, -0.19999999999999996, -0.20040080160320642, 0.0, 0.0, 0.0, 0.0, 0.0, 1.0, 0.7567847392414749, 1.0, 0.0, 0.0, 0.0, 0.0, 0.0, 0.0, 0.0]",130669,30619,N3,accept,0.43999999999999995,ts,1726,1
"[0.18749999999999997, -0.18749999999999997, -0.4164235097957482, 0.5172413793103449, -0.14285714285714285, 0.0, 0.0, 0.0, 1.0, 0.5715104383342711, 1.0, 0.0, 0.0, 0.0, 0.0, 0.0, 0.0, 0.0]",155856,114738,N3,dismiss,-0.3,ts,1277,1
"[0.25, -0.25, 0.22714285714285723, 0.052434456928838954, -0.06666666666666667, 0.0, 0.0, 0.0, 1.0, 0.7329119913938553, 1.0, 0.0, 0.0, 0.0, 0.0, 0.0, 0.0, 0.0]",57653,21089,N3,accept,0.475,ts,1246,0
"[0.050000000000000044, -0.050000000000000044, 0.23767935121646902, 0.28, -0.21999999999999997, 0.0, 0.0, 0.0, 1.0, 0.5753341503687988, 1.0, 0.0, 0.0, 0.0, 0.0, 0.0, 0.0, 0.0]",115984,94324,N3,accept,0.335,ts,559,0
"[0.11999999999999993, -0.11999999999999993, -0.35812236286919835, -0.028169014084507043, 0.0, 0.0, 0.0, 0.0, 1.0, 0.6840198688034779, 1.0, 0.0, 0.0, 0.0, 0.0, 0.0, 0.0, 0.0]",109421,123006,N3,dismiss,-0.3,ts,2324,1
"[0.2, -0.2, 0.21706864564007414, 0.3790322580645161, 0.12857142857142861, 0.0, 0.0, 0.0, 1.0, 0.6386673456176198, 1.0, 0.0, 0.0, 0.0, 0.0, 0.0, 0.0, 0.0]",59417,15178,N3,dismiss,-0.3,ts,2599,0
"[0.3636363636363637, -0.3636363636363637, 0.020408163265306048, 0.0110803324099723, 0.07142857142857142, 0.0, 0.0, 0.0, 1.0, 0.8430216704000497, 1.0, 0.0, 0.0, 0.0, 0.0, 0.0, 0.0, 0.0]",123215,123174,N3,dismiss,-0.3,ts,2894,0
"[0.22666666666666668, -0.22666666666666668, -0.5995995995995996, 0.0, 0.0, 0.0, 0.0, 0.0, 1.0, 0.6921564497180331, 1.0, 0.0, 0.0, 0.0, 0.0, 0.0, 0.0, 0.0]",71092,40258,N3,accept,0.45866666666666667,ts,2883,0
"[0.25000000000000006, -0.25000000000000006, 0.24608967674661097, -0.42924528301886794, 0.4117647058823529, 0.0, 0.0, 0.0, 1.0, 0.5912500777360127, 1.0, 0.0, 0.0, 0.0, 0.0, 0.0, 0.0, 0.0]",55882,86760,N3,dismiss,-0.3,ts,489,0
"[0.35135135135135137, -0.35135135135135137, -0.8407814407814409, 0.0948905109489051, -0.08333333333333333, 0.0, 0.0, 0.0, 1.0, 0.6590361936171659, 1.0, 0.0, 0.0, 0.0, 0.0, 0.0, 0.0, 0.0]",130295,63864,N3,dismiss,-0.3,ts,2907,1
"[0.20000000000000007, -0.20000000000000007, -0.4595833333333333, -0.0918918918918919, 1.0, 0.0, 0.0, 0.0, 1.0, 0.5404319134665907, 1.0, 0.0, 0.0, 0.0, 0.0, 0.0, 0.0, 0.0]",107308,107554,N3,dismiss,-0.3,ts,2806,1
"[0.2222222222222223, -0.2222222222222223, 0.11131725417439703, 0.08529411764705883, 0.10400000000000005, 0.0, 0.0, 0.0, 1.0, 0.7387660108640149, 1.0, 0.0, 0.0, 0.0, 0.0, 0.0, 0.0, 0.0]",123848,76847,N3,dismiss,-0.3,ts,2900,0
"[0.296, -0.296, -0.20199999999999996, -0.03389830508474576, -0.15384615384615385, 0.0, 0.0, 0.0, 1.0, 0.7382062583446878, 1.0, 0.0, 0.0, 0.0, 0.0, 0.0, 0.0, 0.0]",108827,107170,N3,dismiss,-0.3,ts,2622,1
"[0.3500000000000001, -0.3500000000000001, 0.0, -0.3611111111111111, 0.043478260869565216, 0.0, 0.0, 0.0, 1.0, 0.7807457601820568, 1.0, 0.0, 0.0, 0.0, 0.0, 0.0, 0.0, 0.0]",125913,48548,N3,accept,0.545,ts,2200,0
"[0.25, -0.25, 0.22714285714285723, 0.052434456928838954, -0.06666666666666667, 0.0, 0.0, 0.0, 1.0, 0.7329119913938553, 1.0, 0.0, 0.0, 0.0, 0.0, 0.0, 0.0, 0.0]",57653,21089,N3,accept,0.475,ts,2925,0
"[0.4545454545454546, -0.4545454545454546, -0.10071942446043164, 0.15088757396449703, 1.0, 0.0, 0.0, 0.0, 1.0, 0.6929116885886869, 1.0, 0.0, 0.0, 0.0, 0.0, 0.0, 0.0, 0.0]",108746,107588,N3,dismiss,-0.3,ts,682,1
"[0.2045454545454546, -0.2045454545454546, 0.006343906510851462, -0.019553072625698324, 1.0, 0.0, 0.0, 0.0, 1.0, 0.6864109839014316, 1.0, 0.0, 0.0, 0.0, 0.0, 0.0, 0.0, 0.0]",135483,74278,N3,accept,0.44318181818181823,ts,2814,0
"[0.25, -0.25, 0.0, 0.011695906432748537, 0.25, 0.0, 0.0, 0.0, 1.0, 0.7771008967590011, 1.0, 0.0, 0.0, 0.0, 0.0, 0.0, 0.0, 0.0]",43087,117045,N3,accept,0.475,ts,1080,0
"[0.65, -0.65, 0.07707129094412332, 0.0, 0.0, 0.0, 0.0, 0.0, 1.0, 0.9091532805586005, 1.0, 0.0, 0.0, 0.0, 0.0, 0.0, 0.0, 0.0]",16722,16731,N3,accept,0.7549999999999999,ts,668,1
"[0.20000000000000007, -0.20000000000000007, -0.0719734660033167, 0.005698005698005698, 0.07142857142857142, 0.0, 0.0, 0.0, 1.0, 0.7743468796928912, 1.0, 0.0, 0.0, 0.0, 0.0, 0.0, 0.0, 0.0]",15531,88669,N3,dismiss,-0.3,ts,724,1
"[0.25, -0.25, -0.7960544217687074, -0.23383084577114427, -0.7125, 0.0, 0.0, 0.0, 1.0, 0.5103346365551422, 1.0, 0.0, 0.0, 0.0, 0.0, 0.0, 0.0, 0.0]",30574,115951,N3,dismiss,-0.3,ts,2783,1
"[0.3636363636363637, -0.3636363636363637, 0.0, 0.0, 0.0, 0.0, 0.0, 0.0, 1.0, 0.8742764353476687, 1.0, 0.0, 0.0, 0.0, 0.0, 0.0, 0.0, 0.0]",123012,123174,N3,dismiss,-0.3,ts,2262,0
"[0.10714285714285708, -0.10714285714285708, -0.5128552097428959, -0.3613861386138614, -0.608, 0.0, 0.0, 0.0, 1.0, 0.4788172399721733, 1.0, 0.0, 0.0, 0.0, 0.0, 0.0, 0.0, 0.0]",81395,145578,N3,dismiss,-0.3,ts,1358,1
"[0.047619047619047575, -0.047619047619047575, -0.4578571428571428, -0.3183673469387755, 0.1111111111111111, 0.0, 0.0, 0.0, 1.0, 0.5473361262425684, 1.0, 0.0, 0.0, 0.0, 0.0, 0.0, 0.0, 0.0]",166142,81498,N3,dismiss,-0.3,ts,2969,1
"[0.20000000000000004, -0.20000000000000004, -0.32, -0.75, -0.44000000000000006, 0.0, 0.0, 0.0, 1.0, 0.5239735986960091, 1.0, 0.0, 0.0, 0.0, 0.0, 0.0, 0.0, 0.0]",69485,18334,N3,accept,0.44,ts,701,1
"[0.07692307692307684, -0.07692307692307684, -0.1872881355932203, 1.0, -0.2916666666666667, 0.0, 0.0, 0.0, 1.0, 0.5172933252956673, 1.0, 0.0, 0.0, 0.0, 0.0, 0.0, 0.0, 0.0]",92709,55882,N3,accept,0.35384615384615375,ts,1542,1
"[0.02500000000000002, -0.02500000000000002, -0.1863303498779495, -0.02, -0.07999999999999999, 0.0, 0.0, 0.0, 1.0, 0.6690903795112921, 1.0, 0.0, 0.0, 0.0, 0.0, 0.0, 0.0, 0.0]",130426,62503,N3,dismiss,-0.3,ts,2761,1
"[0.6363636363636364, -0.6363636363636364, -0.01853871319520174, 0.015873015873015872, -0.07999999999999999, 0.0, 0.0, 0.0, 1.0, 0.9013132515718425, 1.0, 0.0, 0.0, 0.0, 0.0, 0.0, 0.0, 0.0]",82102,30711,N3,dismiss,-0.3,ts,1809,1
"[0.3500000000000001, -0.3500000000000001, 0.0, -0.3611111111111111, 0.043478260869565216, 0.0, 0.0, 0.0, 1.0, 0.7807457601820568, 1.0, 0.0, 0.0, 0.0, 0.0, 0.0, 0.0, 0.0]",110120,48548,N3,dismiss,-0.3,ts,1756,0
"[0.20000000000000007, -0.20000000000000007, -0.20199999999999996, -0.0446927374301676, 1.0, 0.0, 0.0, 0.0, 1.0, 0.5966285498786704, 1.0, 0.0, 0.0, 0.0, 0.0, 0.0, 0.0, 0.0]",106065,107170,N3,dismiss,-0.3,ts,2265,1
"[0.4444444444444445, -0.4444444444444445, 0.07079646017699111, -0.703125, -0.58, 0.0, 0.0, 0.0, 1.0, 0.6530726482238095, 1.0, 0.0, 0.0, 0.0, 0.0, 0.0, 0.0, 0.0]",169352,132873,N3,dismiss,-0.3,ts,2148,0
"[0.5384615384615385, -0.5384615384615385, -0.09693053311793215, -0.08256880733944955, -0.08333333333333333, 0.0, 0.0, 0.0, 1.0, 0.8359720963425611, 1.0, 0.0, 0.0, 0.0, 0.0, 0.0, 0.0, 0.0]",63891,16728,N3,accept,0.676923076923077,ts,1640,1
"[0.25, -0.25, -0.46332737030411447, -0.10824742268041238, 0.19047619047619047, 0.0, 0.0, 0.0, 1.0, 0.6420465769124615, 1.0, 0.0, 0.0, 0.0, 0.0, 0.0, 0.0, 0.0]",16906,117045,N3,accept,0.475,ts,579,0
"[0.16666666666666663, -0.16666666666666663, 0.14139110604332955, 0.0, -0.020000000000000018, 0.0, 0.0, 0.0, 1.0, 0.7560848641204935, 1.0, 0.0, 0.0, 0.0, 0.0, 0.0, 0.0, 0.0]",87098,87100,N3,dismiss,-0.3,ts,777,0
"[0.3508064516129032, -0.3508064516129032, -0.50017850767583, 0.14714714714714713, -0.2692307692307692, 0.0, 0.0, 0.0, 1.0, 0.6434746313969197, 1.0, 0.0, 0.0, 0.0, 0.0, 0.0, 0.0, 0.0]",89601,103705,N3,dismiss,-0.3,ts,438,1
"[0.6818181818181819, -0.6818181818181819, 0.024324324324324288, 0.02821316614420063, -0.65, 0.0, 0.0, 0.0, 1.0, 0.8158970926015877, 1.0, 0.0, 0.0, 0.0, 0.0, 0.0, 0.0, 0.0]",130294,49086,N3,accept,0.7772727272727273,ts,2070,0
"[0.5454545454545455, -0.5454545454545455, -0.01848519548503194, 0.0, 0.0, 0.0, 0.0, 0.0, 1.0, 0.9112606985062438, 1.0, 0.0, 0.0, 0.0, 0.0, 0.0, 0.0, 0.0]",54334,189219,N3,dismiss,-0.3,ts,2350,0
"[0.64, -0.64, 0.15567282321899734, -0.5691489361702128, 0.4, 0.0, 0.0, 0.0, 1.0, 0.6980152721232434, 1.0, 0.0, 0.0, 0.0, 0.0, 0.0, 0.0, 0.0]",84106,19598,N3,accept,0.748,ts,1507,0
"[0.8944444444444444, -0.8944444444444444, 0.0, -0.02, 0.0, 0.0, 0.0, 0.0, 1.0, 0.962136410518863, 1.0, 0.0, 0.0, 0.0, 0.0, 0.0, 0.0, 0.0]",89731,83441,N3,dismiss,-0.3,ts,814,0
"[0.16666666666666674, -0.16666666666666674, 0.0, 0.0672782874617737, 0.07142857142857142, 0.0, 0.0, 0.0, 1.0, 0.7723768643349369, 1.0, 0.0, 0.0, 0.0, 0.0, 0.0, 0.0, 0.0]",63923,63922,N3,dismiss,-0.3,ts,2212,1
"[0.3636363636363637, -0.3636363636363637, 0.0, 0.0, 0.0, 0.0, 0.0, 0.0, 1.0, 0.8742764353476687, 1.0, 0.0, 0.0, 0.0, 0.0, 0.0, 0.0, 0.0]",123141,123174,N3,dismiss,-0.3,ts,944,0
"[0.4117647058823529, -0.4117647058823529, 0.0035087719298245758, -0.09821428571428571, -0.5, 0.0, 0.0, 0.0, 1.0, 0.7644042360007308, 1.0, 0.0, 0.0, 0.0, 0.0, 0.0, 0.0, 0.0]",86748,170191,N3,dismiss,-0.3,ts,1496,1
"[0.14285714285714285, -0.14285714285714285, -0.13156752062527144, -0.05190311418685121, 0.36363636363636365, 0.0, 0.0, 0.0, 1.0, 0.6641876162143715, 1.0, 0.0, 0.0, 0.0, 0.0, 0.0, 0.0, 0.0]",110153,115289,N3,dismiss,-0.3,ts,2274,0
"[0.43333333333333335, -0.43333333333333335, 0.1111111111111111, 0.26, 0.12000000000000002, 0.0, 0.0, 0.0, 1.0, 0.760237233460153, 1.0, 0.0, 0.0, 0.0, 0.0, 0.0, 0.0, 0.0]",63753,18364,N3,accept,0.6033333333333333,ts,2387,1
"[0.24999999999999997, -0.24999999999999997, 0.16666666666666666, 0.0, 0.0, 0.0, 0.0, 0.0, 1.0, 0.7828956117024544, 1.0, 0.0, 0.0, 0.0, 0.0, 0.0, 0.0, 0.0]",18305,18309,N3,dismiss,-0.3,ts,1659,0
"[0.7000000000000001, -0.7000000000000001, -0.35, 0.0, 0.0, 0.0, 0.0, 0.0, 1.0, 0.8447686501604755, 1.0, 0.0, 0.0, 0.0, 0.0, 0.0, 0.0, 0.0]",63921,63920,N3,dismiss,-0.3,ts,1128,0
"[0.0555555555555556, -0.0555555555555556, -0.16666666666666666, 0.0, -0.10714285714285714, 0.0, 0.0, 0.0, 1.0, 0.6851591657739663, 1.0, 0.0, 0.0, 0.0, 0.0, 0.0, 0.0, 0.0]",111476,105724,N3,dismiss,-0.3,ts,2912,0
"[0.4, -0.4, -0.4222222222222222, -0.4868421052631579, 0.5625, 0.0, 0.0, 0.0, 1.0, 0.5755728232439214, 1.0, 0.0, 0.0, 0.0, 0.0, 0.0, 0.0, 0.0]",118876,183357,N3,accept,0.58,ts,715,1
"[0.75, -0.75, -0.4357298474945534, -0.03409090909090909, 0.82, 0.0, 0.0, 0.0, 1.0, 0.7052039581928611, 1.0, 0.0, 0.0, 0.0, 0.0, 0.0, 0.0, 0.0]",135617,145532,N3,accept,0.825,ts,1869,1
"[0.65, -0.65, -0.2252816020025032, -0.014492753623188406, 0.02500000000000006, 0.0, 0.0, 0.0, 1.0, 0.8535761436419191, 1.0, 0.0, 0.0, 0.0, 0.0, 0.0, 0.0, 0.0]",53366,39280,N3,dismiss,-0.3,ts,1773,1
"[0.0142857142857143, -0.0142857142857143, 0.12089274643521385, 0.12, -0.040000000000000036, 0.0, 0.0, 0.0, 1.0, 0.668862873307222, 1.0, 0.0, 0.0, 0.0, 0.0, 0.0, 0.0, 0.0]",81570,79808,N3,dismiss,-0.3,ts,2226,0
"[0.9099999999999999, -0.9099999999999999, 0.21157969978556104, 0.36200716845878134, 1.0, 0.0, 0.0, 0.0, 1.0, 0.6827657004934354, 1.0, 0.0, 0.0, 0.0, 0.0, 0.0, 0.0, 0.0]",185581,89765,N3,dismiss,-0.3,ts,1227,0
"[0.2571428571428572, -0.2571428571428572, 0.0, -0.1005586592178771, 0.14285714285714285, 0.0, 0.0, 0.0, 1.0, 0.777308986794629, 1.0, 0.0, 0.0, 0.0, 0.0, 0.0, 0.0, 0.0]",128281,48548,N3,accept,0.48,ts,1085,0
"[0.396078431372549, -0.396078431372549, -0.06984866123399301, -0.2669039145907473, 0.9285714285714286, 0.0, 0.0, 0.0, 1.0, 0.6685098272503658, 1.0, 0.0, 0.0, 0.0, 0.0, 0.0, 0.0, 0.0]",21089,138627,N3,dismiss,-0.3,ts,2584,1
"[0.375, -0.375, -0.0977443609022556, -0.1485148514851485, -0.608, 0.0, 0.0, 0.0, 1.0, 0.6978593264464817, 1.0, 0.0, 0.0, 0.0, 0.0, 0.0, 0.0, 0.0]",169373,145578,N3,dismiss,-0.3,ts,2465,1
"[0.4545454545454546, -0.4545454545454546, -0.375, -0.0028735632183908046, 0.8333333333333334, 0.0, 0.0, 0.0, 1.0, 0.6701200877280795, 1.0, 0.0, 0.0, 0.0, 0.0, 0.0, 0.0, 0.0]",32065,107659,N3,dismiss,-0.3,ts,2630,1
"[0.21428571428571416, -0.21428571428571416, 0.23372287145242082, -0.07588075880758807, -0.1304347826086957, 0.0, 0.0, 0.0, 1.0, 0.6974558464014246, 1.0, 0.0, 0.0, 0.0, 0.0, 0.0, 0.0, 0.0]",76847,30023,N3,dismiss,-0.3,ts,1154,0
"[0.25, -0.25, -0.46332737030411447, -0.10824742268041238, 0.19047619047619047, 0.0, 0.0, 0.0, 1.0, 0.6420465769124615, 1.0, 0.0, 0.0, 0.0, 0.0, 0.0, 0.0, 0.0]",16906,117045,N3,dismiss,-0.3,ts,1255,0
"[0.11627906976744183, -0.11627906976744183, 0.0, -0.034129692832764506, 0.0638297872340425, 0.0, 0.0, 0.0, 1.0, 0.7652934573031218, 1.0, 0.0, 0.0, 0.0, 0.0, 0.0, 0.0, 0.0]",33338,38840,N3,accept,0.38139534883720927,ts,1168,1
"[0.7576530612244898, -0.7576530612244898, -0.04534606205250594, -0.6666666666666666, -0.33999999999999997, 0.0, 0.0, 0.0, 1.0, 0.7514982057090797, 1.0, 0.0, 0.0, 0.0, 0.0, 0.0, 0.0, 0.0]",33277,174927,N3,accept,0.8303571428571428,ts,2337,0
"[0.0384615384615385, -0.0384615384615385, 0.22897483118477596, 0.02976190476190476, 0.05999999999999996, 0.0, 0.0, 0.0, 1.0, 0.6652929903136966, 1.0, 0.0, 0.0, 0.0, 0.0, 0.0, 0.0, 0.0]",143094,87100,N3,dismiss,-0.3,ts,2210,0
"[0.64, -0.64, -0.3215400624349636, 0.6818181818181818, -0.4600000000000001, 0.0, 0.0, 0.0, 1.0, 0.6393406062349359, 1.0, 0.0, 0.0, 0.0, 0.0, 0.0, 0.0, 0.0]",191662,128279,N3,dismiss,-0.3,ts,1388,1
"[0.4444444444444445, -0.4444444444444445, 0.22284122562674097, -0.7678571428571429, -0.58, 0.0, 0.0, 0.0, 1.0, 0.6030913596283243, 1.0, 0.0, 0.0, 0.0, 0.0, 0.0, 0.0, 0.0]",63093,110076,N3,accept,0.6111111111111112,ts,563,0
