context,item_id,alternative_id,nudge_type,action,reward,algorithm,dwell_time_ms,is_exploration
"[0.6428571428571429, -0.6428571428571429, -0.5994993742177722, 0.24481327800829875, 0.1, 0.0, 0.0, 0.0, 1.0, 0.71158268971853, 1.0, 0.0, 0.0, 0.0, 0.0, 0.0, 0.0, 0.0]",16682,60783,N1,dismiss,0.0,ts,1778,1
"[0.43023255813953487, -0.43023255813953487, -0.3842003853564547, -0.002840909090909091, 0.0, 0.0, 0.0, 0.0, 1.0, 0.7840335960777293, 1.0, 0.0, 0.0, 0.0, 0.0, 0.0, 0.0, 0.0]",54520,105910,N2,accept,0.0500968992248062,ts,796,1
"[0.25, -0.25, 0.0, 0.07453416149068323, 0.13636363636363635, 0.0, 0.0, 0.0, 1.0, 0.7830109453831142, 1.0, 0.0, 0.0, 0.0, 0.0, 0.0, 0.0, 0.0]",43090,117045,N3,dismiss,-0.049999999999999996,ts,577,1
"[0.022222222222222244, -0.022222222222222244, -0.2781954887218045, 0.2204724409448819, -0.039999999999999945, 0.0, 0.0, 0.0, 1.0, 0.6079667847108523, 1.0, 0.0, 0.0, 0.0, 0.0, 0.0, 0.0, 0.0]",54392,59423,N4,accept,0.07888888888888888,ts,1600,1
"[0.3636363636363637, -0.3636363636363637, 0.0, 0.039886039886039885, 0.15384615384615385, 0.0, 0.0, 0.0, 1.0, 0.8230466725244279, 1.0, 0.0, 0.0, 0.0, 0.0, 0.0, 0.0, 0.0]",123002,123174,N5,dismiss,-0.09999999999999999,ts,813,1
"[0.813, -0.813, 0.0, 1.0, -0.1, 0.0, 0.0, 0.0, 1.0, 0.7973046114201101, 1.0, 0.0, 0.0, 0.0, 0.0, 0.0, 0.0, 0.0]",79807,151787,N6,dismiss,-0.125,ts,1894,1
"[0.04545454545454549, -0.04545454545454549, -0.0646666666666667, -0.008264462809917356, -0.22727272727272727, 0.0, 0.0, 0.0, 1.0, 0.6855067967400382, 1.0, 0.0, 0.0, 0.0, 0.0, 0.0, 0.0, 0.0]",138639,127487,N4,dismiss,-0.15,ts,838,1
"[0.25, -0.25, -0.25925925925925924, 0.0778816199376947, 0.13636363636363635, 0.0, 0.0, 0.0, 1.0, 0.7012290684696982, 1.0, 0.0, 0.0, 0.0, 0.0, 0.0, 0.0, 0.0]",142493,117045,N6,dismiss,-0.17500000000000002,ts,2877,0
"[0.25, -0.25, 0.0, -0.008595988538681949, 0.13636363636363635, 0.0, 0.0, 0.0, 1.0, 0.8012276518471559, 1.0, 0.0, 0.0, 0.0, 0.0, 0.0, 0.0, 0.0]",43088,117045,N6,dismiss,-0.19999999999999998,ts,2997,0
"[0.5151515151515151, -0.5151515151515151, -0.060150375939849676, 0.1076923076923077, -0.07142857142857142, 0.0, 0.0, 0.0, 1.0, 0.8404252540200962, 1.0, 0.0, 0.0, 0.0, 0.0, 0.0, 0.0, 0.0]",90175,90182,N5,dismiss,-0.22499999999999998,ts,608,1
"[0.18367346938775517, -0.18367346938775517, 0.15695387915623885, 0.04938271604938271, -0.2, 0.0, 0.0, 0.0, 1.0, 0.6997447192288843, 1.0, 0.0, 0.0, 0.0, 0.0, 0.0, 0.0, 0.0]",135547,74215,N2,accept,0.3571428571428572,ts,1472,1
"[0.1500000000000001, -0.1500000000000001, 0.0, -0.35714285714285715, -0.1, 0.0, 0.0, 0.0, 1.0, 0.7015604788698512, 1.0, 0.0, 0.0, 0.0, 0.0, 0.0, 0.0, 0.0]",74186,189308,N6,dismiss,-0.27499999999999997,ts,2151,0
"[0.3321428571428571, -0.3321428571428571, -0.10218253968253962, 0.0, 0.0, 0.0, 0.0, 0.0, 1.0, 0.8282108503945456, 1.0, 0.0, 0.0, 0.0, 0.0, 0.0, 0.0, 0.0]",55348,15139,N6,dismiss,-0.3,ts,2327,1
"[0.2727272727272727, -0.2727272727272727, -0.27048634243837444, 0.0, 0.0, 0.0, 0.0, 0.0, 1.0, 0.7633614666745693, 1.0, 0.0, 0.0, 0.0, 0.0, 0.0, 0.0, 0.0]",81453,81452,N5,dismiss,-0.3,ts,1332,1
"[0.07692307692307684, -0.07692307692307684, -0.0039890301670405534, -0.08571428571428572, -0.043478260869565216, 0.0, 0.0, 0.0, 1.0, 0.7410061614869147, 1.0, 0.0, 0.0, 0.0, 0.0, 0.0, 0.0, 0.0]",155844,139805,N4,dismiss,-0.3,ts,1541,1
"[0.02500000000000002, -0.02500000000000002, -0.1863303498779495, -0.02, -0.07999999999999999, 0.0, 0.0, 0.0, 1.0, 0.6690903795112921, 1.0, 0.0, 0.0, 0.0, 0.0, 0.0, 0.0, 0.0]",130426,62503,N4,dismiss,-0.3,ts,1469,1
"[0.5, -0.5, -0.10344827586206896, 0.0, 0.0, 0.0, 0.0, 0.0, 1.0, 0.8714079900606294, 1.0, 0.0, 0.0, 0.0, 0.0, 0.0, 0.0, 0.0]",70828,129946,N6,dismiss,-0.3,ts,1684,1
"[0.10000000000000009, -0.10000000000000009, -0.2588235294117647, -0.975, -0.52, 0.0, 0.0, 0.0, 1.0, 0.48076478481180795, 1.0, 0.0, 0.0, 0.0, 0.0, 0.0, 0.0, 0.0]",91074,16650,N3,accept,0.37000000000000005,ts,2761,1
"[0.47058823529411764, -0.47058823529411764, 0.07692307692307693, 1.0, 0.6599999999999999, 0.0, 0.0, 0.0, 1.0, 0.6187834354083326, 1.0, 0.0, 0.0, 0.0, 0.0, 0.0, 0.0, 0.0]",37982,39150,N1,dismiss,-0.3,ts,2211,1
"[0.09999999999999994, -0.09999999999999994, -0.2309859154929577, -0.9770114942528736, -0.9038461538461539, 0.0, 0.0, 0.0, 1.0, 0.45908953947061526, 1.0, 0.0, 0.0, 0.0, 0.0, 0.0, 0.0, 0.0]",91073,16649,N2,accept,0.36999999999999994,ts,2338,1
"[0.2000000000000001, -0.2000000000000001, 0.1925876902713435, 0.23417721518987342, -0.05999999999999996, 0.0, 0.0, 0.0, 1.0, 0.6858372203509444, 1.0, 0.0, 0.0, 0.0, 0.0, 0.0, 0.0, 0.0]",147858,83435,N1,dismiss,-0.3,ts,1562,1
"[0.2058823529411765, -0.2058823529411765, -0.0625, -0.02, 0.16, 0.0, 0.0, 0.0, 1.0, 0.7543817618859714, 1.0, 0.0, 0.0, 0.0, 0.0, 0.0, 0.0, 0.0]",40998,70937,N6,accept,0.4441176470588235,ts,1362,1
"[0.015151515151515164, -0.015151515151515164, -0.05542857142857136, -0.5087209302325582, 0.25925925925925924, 0.0, 0.0, 0.0, 1.0, 0.5782322431698806, 1.0, 0.0, 0.0, 0.0, 0.0, 0.0, 0.0, 0.0]",169335,61360,N1,dismiss,-0.3,ts,1003,0
"[0.2647058823529412, -0.2647058823529412, -0.032448377581120985, 0.9029850746268657, -0.42424242424242425, 0.0, 0.0, 0.0, 1.0, 0.6206469340650453, 1.0, 0.0, 0.0, 0.0, 0.0, 0.0, 0.0, 0.0]",120916,155668,N2,accept,0.48529411764705876,ts,2265,1
"[0.4545454545454546, -0.4545454545454546, -0.375, 0.1308139534883721, 1.0, 0.0, 0.0, 0.0, 1.0, 0.625177710986984, 1.0, 0.0, 0.0, 0.0, 0.0, 0.0, 0.0, 0.0]",31972,107588,N2,accept,0.6181818181818182,ts,889,1
"[0.5636363636363637, -0.5636363636363637, -0.5024875621890547, -0.005698005698005698, 0.42857142857142855, 0.0, 0.0, 0.0, 1.0, 0.7073388149120154, 1.0, 0.0, 0.0, 0.0, 0.0, 0.0, 0.0, 0.0]",15531,107563,N1,accept,0.6945454545454546,ts,2383,1
"[0.28571428571428564, -0.28571428571428564, -0.41792782305005827, -0.05, 0.1, 0.0, 0.0, 0.0, 1.0, 0.6962675900477637, 1.0, 0.0, 0.0, 0.0, 0.0, 0.0, 0.0, 0.0]",93923,174942,N1,dismiss,-0.3,ts,811,1
"[0.1250000000000001, -0.1250000000000001, 0.16218749999999993, 0.0, 0.0, 0.0, 0.0, 0.0, 1.0, 0.7409291148542603, 1.0, 0.0, 0.0, 0.0, 0.0, 0.0, 0.0, 0.0]",152518,55412,N1,dismiss,-0.3,ts,2587,0
"[0.24999999999999992, -0.24999999999999992, -0.18808777429467086, -0.007194244604316547, -0.02439024390243908, 0.0, 0.0, 0.0, 1.0, 0.7676014166610969, 1.0, 0.0, 0.0, 0.0, 0.0, 0.0, 0.0, 0.0]",113424,125887,N2,accept,0.4749999999999999,ts,623,1
"[0.72, -0.72, 0.14583333333333334, 0.02, 0.06000000000000001, 0.0, 0.0, 0.0, 1.0, 0.8748597557133838, 1.0, 0.0, 0.0, 0.0, 0.0, 0.0, 0.0, 0.0]",135298,81568,N4,dismiss,-0.3,ts,2410,1
"[0.28571428571428564, -0.28571428571428564, -0.0190972222222223, 0.0, 0.0, 0.0, 0.0, 0.0, 1.0, 0.8435368379207655, 1.0, 0.0, 0.0, 0.0, 0.0, 0.0, 0.0, 0.0]",55348,72622,N1,dismiss,-0.3,ts,1386,1
"[0.46428571428571425, -0.46428571428571425, 0.15714899098325463, -0.05, -0.17272727272727276, 0.0, 0.0, 0.0, 1.0, 0.7884946537760977, 1.0, 0.0, 0.0, 0.0, 0.0, 0.0, 0.0, 0.0]",141736,63943,N1,dismiss,-0.3,ts,1440,1
"[0.4218289085545723, -0.4218289085545723, -0.10974930362116986, -0.011267605633802818, -0.19999999999999998, 0.0, 0.0, 0.0, 1.0, 0.7977743690443887, 1.0, 0.0, 0.0, 0.0, 0.0, 0.0, 0.0, 0.0]",143110,105910,N1,accept,0.5952802359882006,ts,1815,0
"[0.375, -0.375, 0.1629802095459837, -0.02857142857142857, -0.015999999999999945, 0.0, 0.0, 0.0, 1.0, 0.8087691028352987, 1.0, 0.0, 0.0, 0.0, 0.0, 0.0, 0.0, 0.0]",19856,71092,N1,dismiss,-0.3,ts,2137,1
"[0.2, -0.2, -0.2992992992992993, -0.1419141914191419, 0.08, 0.0, 0.0, 0.0, 1.0, 0.6735003541088107, 1.0, 0.0, 0.0, 0.0, 0.0, 0.0, 0.0, 0.0]",158417,20014,N1,dismiss,-0.3,ts,2379,0
"[0.2, -0.2, 0.21706864564007414, 0.3790322580645161, 0.12857142857142861, 0.0, 0.0, 0.0, 1.0, 0.6386673456176198, 1.0, 0.0, 0.0, 0.0, 0.0, 0.0, 0.0, 0.0]",59417,15178,N1,dismiss,-0.3,ts,2718,0
"[0.3636363636363637, -0.3636363636363637, 0.0, 0.061046511627906974, 0.0, 0.0, 0.0, 0.0, 1.0, 0.8570363402900383, 1.0, 0.0, 0.0, 0.0, 0.0, 0.0, 0.0, 0.0]",123210,123174,N1,dismiss,-0.3,ts,1738,0
"[0.20000000000000007, -0.20000000000000007, -0.20398009950248752, -0.019943019943019943, -0.17857142857142858, 0.0, 0.0, 0.0, 1.0, 0.7049149435130062, 1.0, 0.0, 0.0, 0.0, 0.0, 0.0, 0.0, 0.0]",151840,31972,N1,dismiss,-0.3,ts,2609,1
"[0.5599999999999999, -0.5599999999999999, 0.052291801162040054, 0.29454545454545455, -0.2448979591836735, 0.0, 0.0, 0.0, 1.0, 0.7767295963695724, 1.0, 0.0, 0.0, 0.0, 0.0, 0.0, 0.0, 0.0]",185412,87718,N1,dismiss,-0.3,ts,1452,0
"[0.02500000000000002, -0.02500000000000002, -0.49874686716791977, -0.08, -0.039999999999999994, 0.0, 0.0, 0.0, 1.0, 0.5994201484706434, 1.0, 0.0, 0.0, 0.0, 0.0, 0.0, 0.0, 0.0]",85443,62539,N1,dismiss,-0.3,ts,1608,1
"[0.14814814814814828, -0.14814814814814828, 0.0, -0.2246153846153846, 0.125, 0.0, 0.0, 0.0, 1.0, 0.7171967119091549, 1.0, 0.0, 0.0, 0.0, 0.0, 0.0, 0.0, 0.0]",41414,89552,N1,dismiss,-0.3,ts,2318,1
"[0.14000000000000004, -0.14000000000000004, -0.1320049813200498, 0.46601941747572817, 0.22807017543859645, 0.0, 0.0, 0.0, 1.0, 0.609456050709879, 1.0, 0.0, 0.0, 0.0, 0.0, 0.0, 0.0, 0.0]",59415,115226,N1,accept,0.398,ts,2597,0
"[0.9400000000000001, -0.9400000000000001, -0.05250000000000003, -0.18333333333333332, 1.0, 0.0, 0.0, 0.0, 1.0, 0.7728199588411944, 1.0, 0.0, 0.0, 0.0, 0.0, 0.0, 0.0, 0.0]",112476,42569,N1,dismiss,-0.3,ts,571,0
"[0.18749999999999997, -0.18749999999999997, -0.3652501344809037, 0.009523809523809525, -0.043478260869565216, 0.0, 0.0, 0.0, 1.0, 0.6995264293779716, 1.0, 0.0, 0.0, 0.0, 0.0, 0.0, 0.0, 0.0]",84737,169794,N1,dismiss,-0.3,ts,1182,1
"[0.5833333333333334, -0.5833333333333334, -0.0885714285714286, 0.0273972602739726, -0.45999999999999996, 0.0, 0.0, 0.0, 1.0, 0.7952882268736705, 1.0, 0.0, 0.0, 0.0, 0.0, 0.0, 0.0, 0.0]",39888,19597,N1,dismiss,-0.3,ts,1907,0
"[0.3513513513513513, -0.3513513513513513, 0.10014727540500731, -0.3042168674698795, 0.17391304347826086, 0.0, 0.0, 0.0, 1.0, 0.7220378785766821, 1.0, 0.0, 0.0, 0.0, 0.0, 0.0, 0.0, 0.0]",61096,20077,N1,dismiss,-0.3,ts,1983,1
"[0.5636363636363637, -0.5636363636363637, -0.5, -0.005698005698005698, 0.42857142857142855, 0.0, 0.0, 0.0, 1.0, 0.7077039550452638, 1.0, 0.0, 0.0, 0.0, 0.0, 0.0, 0.0, 0.0]",15534,107563,N1,dismiss,-0.3,ts,2437,0
"[0.3636363636363637, -0.3636363636363637, 0.0, 0.0, 0.0, 0.0, 0.0, 0.0, 1.0, 0.8742764353476687, 1.0, 0.0, 0.0, 0.0, 0.0, 0.0, 0.0, 0.0]",123012,123174,N1,dismiss,-0.3,ts,723,0
"[0.4444444444444445, -0.4444444444444445, 0.21404682274247488, -0.6984126984126984, -0.58, 0.0, 0.0, 0.0, 1.0, 0.610175897468082, 1.0, 0.0, 0.0, 0.0, 0.0, 0.0, 0.0, 0.0]",19676,132873,N1,dismiss,-0.3,ts,727,0
"[0.3, -0.3, 0.0, 0.0, 0.0, 0.0, 0.0, 0.0, 1.0, 0.8554747513125021, 1.0, 0.0, 0.0, 0.0, 0.0, 0.0, 0.0, 0.0]",68609,50807,N1,accept,0.51,ts,2218,1
"[0.047619047619047505, -0.047619047619047505, -0.49874686716791977, 0.0, 0.0, 0.0, 0.0, 0.0, 1.0, 0.6415873556454346, 1.0, 0.0, 0.0, 0.0, 0.0, 0.0, 0.0, 0.0]",111106,18064,N1,dismiss,-0.3,ts,1844,1
"[0.16666666666666666, -0.16666666666666666, -0.3087557603686636, -0.3582089552238806, -0.608, 0.0, 0.0, 0.0, 1.0, 0.5368234830299095, 1.0, 0.0, 0.0, 0.0, 0.0, 0.0, 0.0, 0.0]",116359,145578,N1,accept,0.41666666666666663,ts,2063,1
"[0.6574074074074074, -0.6574074074074074, 0.15714899098325463, 0.16333333333333333, 0.36363636363636365, 0.0, 0.0, 0.0, 1.0, 0.7656674603997843, 1.0, 0.0, 0.0, 0.0, 0.0, 0.0, 0.0, 0.0]",141734,63922,N1,dismiss,-0.3,ts,2194,1
"[0.09090909090909087, -0.09090909090909087, -0.004823635815496041, 0.1518987341772152, -0.08, 0.0, 0.0, 0.0, 1.0, 0.7204841011799792, 1.0, 0.0, 0.0, 0.0, 0.0, 0.0, 0.0, 0.0]",117335,120787,N1,dismiss,-0.3,ts,1900,1
"[0.1876923076923077, -0.1876923076923077, -0.3554119547657512, -0.1559633027522936, -0.16666666666666666, 0.0, 0.0, 0.0, 1.0, 0.6341149341989465, 1.0, 0.0, 0.0, 0.0, 0.0, 0.0, 0.0, 0.0]",63891,48998,N1,dismiss,-0.3,ts,2904,1
"[0.20000000000000007, -0.20000000000000007, -0.23388888888888892, 0.0, 0.0, 0.0, 0.0, 0.0, 1.0, 0.7481066944271884, 1.0, 0.0, 0.0, 0.0, 0.0, 0.0, 0.0, 0.0]",38176,141744,N1,dismiss,-0.3,ts,2359,0
"[0.02500000000000002, -0.02500000000000002, -0.5444191343963554, -0.1, -0.039999999999999994, 0.0, 0.0, 0.0, 1.0, 0.5879691356329428, 1.0, 0.0, 0.0, 0.0, 0.0, 0.0, 0.0, 0.0]",30785,62503,N1,dismiss,-0.3,ts,2282,1
"[0.25, -0.25, 0.0, 0.011695906432748537, 0.25, 0.0, 0.0, 0.0, 1.0, 0.7771008967590011, 1.0, 0.0, 0.0, 0.0, 0.0, 0.0, 0.0, 0.0]",43087,117045,N1,dismiss,-0.3,ts,1482,0
"[0.01111111111111112, -0.01111111111111112, -0.3, -0.32608695652173914, -0.15999999999999998, 0.0, 0.0, 0.0, 1.0, 0.5509877827836802, 1.0, 0.0, 0.0, 0.0, 0.0, 0.0, 0.0, 0.0]",155815,79360,N1,dismiss,-0.3,ts,1542,1
"[0.015151515151515164, -0.015151515151515164, -0.05542857142857136, -0.5087209302325582, 0.25925925925925924, 0.0, 0.0, 0.0, 1.0, 0.5782322431698806, 1.0, 0.0, 0.0, 0.0, 0.0, 0.0, 0.0, 0.0]",169335,61360,N1,dismiss,-0.3,ts,1619,1
"[0.1111111111111112, -0.1111111111111112, -0.5616605616605617, 0.16342412451361868, 0.3, 0.0, 0.0, 0.0, 1.0, 0.5468254204401923, 1.0, 0.0, 0.0, 0.0, 0.0, 0.0, 0.0, 0.0]",130292,174765,N1,dismiss,-0.3,ts,2279,0
"[0.20000000000000007, -0.20000000000000007, -0.2029226170707406, -0.019943019943019943, -0.17857142857142858, 0.0, 0.0, 0.0, 1.0, 0.7051965337730316, 1.0, 0.0, 0.0, 0.0, 0.0, 0.0, 0.0, 0.0]",15533,31972,N1,accept,0.44000000000000006,ts,1780,1
"[0.13846153846153844, -0.13846153846153844, -0.0039890301670405534, 0.0380952380952381, 0.043478260869565216, 0.0, 0.0, 0.0, 1.0, 0.7761033833741405, 1.0, 0.0, 0.0, 0.0, 0.0, 0.0, 0.0, 0.0]",155844,115245,N2,accept,0.3969230769230769,ts,1118,1
"[0.41176470588235287, -0.41176470588235287, -0.10614525139664797, 0.12, 0.24, 0.0, 0.0, 0.0, 1.0, 0.7599295455936875, 1.0, 0.0, 0.0, 0.0, 0.0, 0.0, 0.0, 0.0]",63626,58615,N1,dismiss,-0.3,ts,2510,0
"[0.3, -0.3, 0.057401812688821705, 0.048, -0.16666666666666666, 0.0, 0.0, 0.0, 1.0, 0.7775322908658204, 1.0, 0.0, 0.0, 0.0, 0.0, 0.0, 0.0, 0.0]",61306,104682,N2,accept,0.51,ts,790,1
"[0.28571428571428564, -0.28571428571428564, -0.13955364345254095, -0.029411764705882353, 0.0, 0.0, 0.0, 0.0, 1.0, 0.7937544046665308, 1.0, 0.0, 0.0, 0.0, 0.0, 0.0, 0.0, 0.0]",55412,106755,N1,dismiss,-0.3,ts,1493,1
"[0.2622950819672131, -0.2622950819672131, -0.8206465067778936, 0.01440922190201729, -0.10344827586206891, 0.0, 0.0, 0.0, 1.0, 0.6500314389127788, 1.0, 0.0, 0.0, 0.0, 0.0, 0.0, 0.0, 0.0]",54573,105899,N1,accept,0.48360655737704916,ts,1501,1
"[0.5636363636363637, -0.5636363636363637, -0.16666666666666666, -0.0113314447592068, 0.42857142857142855, 0.0, 0.0, 0.0, 1.0, 0.7757728250593904, 1.0, 0.0, 0.0, 0.0, 0.0, 0.0, 0.0, 0.0]",87720,107563,N5,accept,0.6945454545454546,ts,1084,1
"[0.25000000000000006, -0.25000000000000006, -0.11641443538998836, 0.09281437125748503, 1.0, 0.0, 0.0, 0.0, 1.0, 0.6227095310764252, 1.0, 0.0, 0.0, 0.0, 0.0, 0.0, 0.0, 0.0]",64439,141844,N1,dismiss,-0.3,ts,715,0
"[0.14285714285714285, -0.14285714285714285, 0.13333333333333333, 1.0, -0.23809523809523808, 0.0, 0.0, 0.0, 1.0, 0.5596889746063702, 1.0, 0.0, 0.0, 0.0, 0.0, 0.0, 0.0, 0.0]",175348,113825,N1,dismiss,-0.3,ts,2430,0
"[0.7794117647058824, -0.7794117647058824, -0.2552225249772934, 1.0, 0.35714285714285715, 0.0, 0.0, 0.0, 1.0, 0.6639172009279912, 1.0, 0.0, 0.0, 0.0, 0.0, 0.0, 0.0, 0.0]",156584,155668,N2,accept,0.8455882352941175,ts,2275,1
"[0.1250000000000001, -0.1250000000000001, 0.0858394160583941, 0.0, 0.0, 0.0, 0.0, 0.0, 1.0, 0.7647832266303307, 1.0, 0.0, 0.0, 0.0, 0.0, 0.0, 0.0, 0.0]",29519,55412,N1,accept,0.38750000000000007,ts,2020,1
"[0.09090909090909098, -0.09090909090909098, -0.40298507462686567, 0.04735376044568245, 0.12, 0.0, 0.0, 0.0, 1.0, 0.6276520617961643, 1.0, 0.0, 0.0, 0.0, 0.0, 0.0, 0.0, 0.0]",29710,151841,N1,accept,0.36363636363636365,ts,1929,1
"[0.8571428571428572, -0.8571428571428572, 0.03755868544600939, -0.08045977011494253, -0.40384615384615385, 0.0, 0.0, 0.0, 1.0, 0.8446138733270775, 1.0, 0.0, 0.0, 0.0, 0.0, 0.0, 0.0, 0.0]",91073,91074,N1,dismiss,-0.3,ts,2842,1
"[0.28571428571428564, -0.28571428571428564, -0.32777628394729763, -0.05, 0.1, 0.0, 0.0, 0.0, 1.0, 0.713397933579858, 1.0, 0.0, 0.0, 0.0, 0.0, 0.0, 0.0, 0.0]",55412,174942,N1,dismiss,-0.3,ts,2393,1
"[0.4583333333333333, -0.4583333333333333, -0.1433260393873086, 0.22, 0.24000000000000005, 0.0, 0.0, 0.0, 1.0, 0.7386709394486253, 1.0, 0.0, 0.0, 0.0, 0.0, 0.0, 0.0, 0.0]",151789,123325,N5,dismiss,-0.3,ts,2405,1
"[0.11999999999999993, -0.11999999999999993, 0.05970149253731346, 0.002849002849002849, -0.14285714285714285, 0.0, 0.0, 0.0, 1.0, 0.7338795604723226, 1.0, 0.0, 0.0, 0.0, 0.0, 0.0, 0.0, 0.0]",15535,57376,N2,accept,0.38399999999999995,ts,1688,1
"[0.16000000000000003, -0.16000000000000003, -0.18225255972696255, -0.4230769230769231, -0.07142857142857142, 0.0, 0.0, 0.0, 1.0, 0.6421729785518976, 1.0, 0.0, 0.0, 0.0, 0.0, 0.0, 0.0, 0.0]",115366,179649,N1,dismiss,-0.3,ts,439,1
"[0.9071428571428573, -0.9071428571428573, 0.027816411682892905, -0.41823899371069184, -0.6901408450704225, 0.0, 0.0, 0.0, 1.0, 0.7610281423372881, 1.0, 0.0, 0.0, 0.0, 0.0, 0.0, 0.0, 0.0]",87864,175208,N1,dismiss,-0.3,ts,1387,0
"[0.17500000000000002, -0.17500000000000002, 0.06028476219327483, 0.2600732600732601, 0.17391304347826086, 0.0, 0.0, 0.0, 1.0, 0.6865394554618305, 1.0, 0.0, 0.0, 0.0, 0.0, 0.0, 0.0, 0.0]",120787,169335,N1,dismiss,-0.3,ts,449,0
"[0.4545454545454546, -0.4545454545454546, -0.375, 0.1308139534883721, 1.0, 0.0, 0.0, 0.0, 1.0, 0.6284182472827946, 1.0, 0.0, 0.0, 0.0, 0.0, 0.0, 0.0, 0.0]",31975,107588,N1,accept,0.6181818181818182,ts,2728,0
"[0.6724598930481284, -0.6724598930481284, -0.2159090909090909, -0.5655172413793104, -0.12000000000000002, 0.0, 0.0, 0.0, 1.0, 0.7375694479925554, 1.0, 0.0, 0.0, 0.0, 0.0, 0.0, 0.0, 0.0]",151787,82101,N1,dismiss,-0.3,ts,698,1
"[0.2, -0.2, -0.861516452074392, 0.0, 0.0, 0.0, 0.0, 0.0, 1.0, 0.6585329291503521, 1.0, 0.0, 0.0, 0.0, 0.0, 0.0, 0.0, 0.0]",16689,110501,N1,accept,0.43999999999999995,ts,647,1
"[0.2313725490196078, -0.2313725490196078, 0.2053511705685619, 1.0, -0.11764705882352941, 0.0, 0.0, 0.0, 1.0, 0.5903487599092021, 1.0, 0.0, 0.0, 0.0, 0.0, 0.0, 0.0, 0.0]",89664,155693,N6,dismiss,-0.3,ts,2134,1
"[0.06666666666666672, -0.06666666666666672, -0.3238461538461539, -0.15, -0.13999999999999996, 0.0, 0.0, 0.0, 1.0, 0.6040576707602408, 1.0, 0.0, 0.0, 0.0, 0.0, 0.0, 0.0, 0.0]",57043,141655,N1,dismiss,-0.3,ts,1111,0
"[0.5111111111111111, -0.5111111111111111, -0.33913913913913923, -0.3275862068965517, 0.09523809523809523, 0.0, 0.0, 0.0, 1.0, 0.7146324404204228, 1.0, 0.0, 0.0, 0.0, 0.0, 0.0, 0.0, 0.0]",47180,86743,N1,dismiss,-0.3,ts,515,0
"[0.11392405063291149, -0.11392405063291149, -0.5630295250320925, -0.1012987012987013, 0.17910447761194032, 0.0, 0.0, 0.0, 1.0, 0.5845023261305078, 1.0, 0.0, 0.0, 0.0, 0.0, 0.0, 0.0, 0.0]",43373,117162,N1,dismiss,-0.3,ts,2708,1
"[0.0555555555555556, -0.0555555555555556, -0.30286857905270187, -0.27848101265822783, -0.13999999999999999, 0.0, 0.0, 0.0, 1.0, 0.5792292623515911, 1.0, 0.0, 0.0, 0.0, 0.0, 0.0, 0.0, 0.0]",155616,18005,N1,dismiss,-0.3,ts,2416,0
"[0.6136363636363636, -0.6136363636363636, -0.5024875621890547, -0.5612535612535613, -0.6714285714285715, 0.0, 0.0, 0.0, 1.0, 0.5927230526114791, 1.0, 0.0, 0.0, 0.0, 0.0, 0.0, 0.0, 0.0]",151840,142262,N1,dismiss,-0.3,ts,769,1
"[0.15999999999999998, -0.15999999999999998, 0.0, 0.0, 0.0, 0.0, 0.0, 0.0, 1.0, 0.8088739373846245, 1.0, 0.0, 0.0, 0.0, 0.0, 0.0, 0.0, 0.0]",16728,16731,N1,accept,0.412,ts,2357,1
"[0.6818181818181819, -0.6818181818181819, 0.024324324324324288, 0.02821316614420063, -0.65, 0.0, 0.0, 0.0, 1.0, 0.8158970926015877, 1.0, 0.0, 0.0, 0.0, 0.0, 0.0, 0.0, 0.0]",130294,49086,N1,accept,0.7772727272727273,ts,640,0
"[0.24999999999999992, -0.24999999999999992, 0.09610802223987286, -0.34210526315789475, 0.05263157894736842, 0.0, 0.0, 0.0, 1.0, 0.7153014633789336, 1.0, 0.0, 0.0, 0.0, 0.0, 0.0, 0.0, 0.0]",144703,71136,N1,accept,0.4749999999999999,ts,2819,1
"[0.14, -0.14, -0.3363636363636364, 0.0, 0.0, 0.0, 0.0, 0.0, 1.0, 0.7038046069838829, 1.0, 0.0, 0.0, 0.0, 0.0, 0.0, 0.0, 0.0]",72620,69993,N1,accept,0.398,ts,1955,0
"[0.11999999999999993, -0.11999999999999993, -0.051999999999999956, -0.03672316384180791, -0.07692307692307693, 0.0, 0.0, 0.0, 1.0, 0.7427537667904918, 1.0, 0.0, 0.0, 0.0, 0.0, 0.0, 0.0, 0.0]",108827,116193,N1,dismiss,-0.3,ts,935,1
"[0.13333333333333328, -0.13333333333333328, -0.07126567844925884, -0.028901734104046242, -0.07999999999999999, 0.0, 0.0, 0.0, 1.0, 0.7421727843140296, 1.0, 0.0, 0.0, 0.0, 0.0, 0.0, 0.0, 0.0]",87098,143094,N1,accept,0.39333333333333326,ts,2084,1
"[0.25, -0.25, 0.0, 0.0, 0.0, 0.0, 0.0, 0.0, 1.0, 0.8395893495876965, 1.0, 0.0, 0.0, 0.0, 0.0, 0.0, 0.0, 0.0]",117053,117045,N6,dismiss,-0.3,ts,1687,1
"[0.11111111111111106, -0.11111111111111106, -0.5466908431550318, 1.0, -0.13333333333333333, 0.0, 0.0, 0.0, 1.0, 0.4860572473163492, 1.0, 0.0, 0.0, 0.0, 0.0, 0.0, 0.0, 0.0]",104691,29970,N1,dismiss,-0.3,ts,1263,1
"[0.4, -0.4, -0.38916591115140525, 0.0, 0.0, 0.0, 0.0, 0.0, 1.0, 0.7760966621843771, 1.0, 0.0, 0.0, 0.0, 0.0, 0.0, 0.0, 0.0]",16660,147380,N6,dismiss,-0.3,ts,2137,1
"[0.09090909090909098, -0.09090909090909098, -0.4, 0.090625, 0.5942028985507245, 0.0, 0.0, 0.0, 1.0, 0.5445869671740875, 1.0, 0.0, 0.0, 0.0, 0.0, 0.0, 0.0, 0.0]",162892,43088,N1,dismiss,-0.3,ts,2182,1
"[0.39999999999999997, -0.39999999999999997, -0.7121401752190238, -0.19718309859154928, -0.35294117647058826, 0.0, 0.0, 0.0, 1.0, 0.6075657047046017, 1.0, 0.0, 0.0, 0.0, 0.0, 0.0, 0.0, 0.0]",120828,178949,N1,dismiss,-0.3,ts,1029,1
"[0.45, -0.45, 0.08285714285714281, 0.1232876712328767, -0.24000000000000005, 0.0, 0.0, 0.0, 1.0, 0.7765608514538953, 1.0, 0.0, 0.0, 0.0, 0.0, 0.0, 0.0, 0.0]",39888,110035,N1,accept,0.615,ts,700,1
"[0.12499999999999988, -0.12499999999999988, -0.10764872521246464, 0.0, 0.0, 0.0, 0.0, 0.0, 1.0, 0.7575936139289889, 1.0, 0.0, 0.0, 0.0, 0.0, 0.0, 0.0, 0.0]",180520,180524,N1,dismiss,-0.3,ts,2755,1
"[0.5833333333333334, -0.5833333333333334, -0.05714285714285714, 0.2876712328767123, -0.26, 0.0, 0.0, 0.0, 1.0, 0.7779319246684238, 1.0, 0.0, 0.0, 0.0, 0.0, 0.0, 0.0, 0.0]",39888,19599,N1,dismiss,-0.3,ts,2295,0
"[0.20000000000000007, -0.20000000000000007, -0.20398009950248752, -0.04178272980501393, -0.04, 0.0, 0.0, 0.0, 1.0, 0.7322713052444612, 1.0, 0.0, 0.0, 0.0, 0.0, 0.0, 0.0, 0.0]",29710,31975,N1,dismiss,-0.3,ts,845,1
"[0.3636363636363637, -0.3636363636363637, 0.0, 0.0, 0.0, 0.0, 0.0, 0.0, 1.0, 0.8742764353476687, 1.0, 0.0, 0.0, 0.0, 0.0, 0.0, 0.0, 0.0]",123010,123174,N1,dismiss,-0.3,ts,973,0
"[0.08823529411764701, -0.08823529411764701, 0.04918032786885246, -0.027700831024930747, -0.2222222222222222, 0.0, 0.0, 0.0, 1.0, 0.7022535857628591, 1.0, 0.0, 0.0, 0.0, 0.0, 0.0, 0.0, 0.0]",15685,15686,N1,dismiss,-0.3,ts,2966,1
"[0.5, -0.5, -0.4592875318066158, 0.0, 0.0, 0.0, 0.0, 0.0, 1.0, 0.7886047001257124, 1.0, 0.0, 0.0, 0.0, 0.0, 0.0, 0.0, 0.0]",90179,56398,N6,dismiss,-0.3,ts,2783,1
"[0.040000000000000036, -0.040000000000000036, 0.0, 0.0, 0.0, 0.0, 0.0, 0.0, 1.0, 0.7649820258822859, 1.0, 0.0, 0.0, 0.0, 0.0, 0.0, 0.0, 0.0]",141765,141753,N6,dismiss,-0.3,ts,1314,1
"[0.09999999999999994, -0.09999999999999994, -0.2309859154929577, -0.9770114942528736, -0.9038461538461539, 0.0, 0.0, 0.0, 1.0, 0.45908953947061526, 1.0, 0.0, 0.0, 0.0, 0.0, 0.0, 0.0, 0.0]",91073,16649,N3,dismiss,-0.3,ts,1803,1
"[0.2, -0.2, 0.2222222222222222, -0.6008771929824561, 0.25, 0.0, 0.0, 0.0, 1.0, 0.5871437693950083, 1.0, 0.0, 0.0, 0.0, 0.0, 0.0, 0.0, 0.0]",118876,127600,N6,dismiss,-0.3,ts,1978,1
"[0.64, -0.64, -0.2748368382886149, 0.0, 0.0, 0.0, 0.0, 0.0, 1.0, 0.8514968395083672, 1.0, 0.0, 0.0, 0.0, 0.0, 0.0, 0.0, 0.0]",141769,174745,N1,dismiss,-0.3,ts,1126,1
"[0.30000000000000004, -0.30000000000000004, -0.3508771929824562, -0.08, 0.059999999999999984, 0.0, 0.0, 0.0, 1.0, 0.7154773582189826, 1.0, 0.0, 0.0, 0.0, 0.0, 0.0, 0.0, 0.0]",110598,141822,N6,dismiss,-0.3,ts,2576,1
"[0.7295454545454546, -0.7295454545454546, 0.0, -0.29411764705882354, -0.1, 0.0, 0.0, 0.0, 1.0, 0.8557177694773167, 1.0, 0.0, 0.0, 0.0, 0.0, 0.0, 0.0, 0.0]",130670,189308,N1,accept,0.8106818181818183,ts,933,1
"[0.13888888888888887, -0.13888888888888887, -0.34867564046895355, -0.11041009463722397, 0.0, 0.0, 0.0, 0.0, 1.0, 0.6712022690137475, 1.0, 0.0, 0.0, 0.0, 0.0, 0.0, 0.0, 0.0]",103715,91957,N6,dismiss,-0.3,ts,2167,1
"[0.8714285714285714, -0.8714285714285714, -0.37771482530689326, 0.10526315789473684, 0.631578947368421, 0.0, 0.0, 0.0, 1.0, 0.7237870292705296, 1.0, 0.0, 0.0, 0.0, 0.0, 0.0, 0.0, 0.0]",180520,170138,N6,dismiss,-0.3,ts,727,1
"[0.3, -0.3, -0.602897102897103, 0.0, 0.6200000000000001, 0.0, 0.0, 0.0, 1.0, 0.608773199379965, 1.0, 0.0, 0.0, 0.0, 0.0, 0.0, 0.0, 0.0]",117054,105872,N1,dismiss,-0.3,ts,2338,1
"[0.20000000000000007, -0.20000000000000007, 0.18088235294117644, 0.011299435028248588, -0.5, 0.0, 0.0, 0.0, 1.0, 0.6639474986889986, 1.0, 0.0, 0.0, 0.0, 0.0, 0.0, 0.0, 0.0]",108741,93936,N6,dismiss,-0.3,ts,2546,1
"[0.3636363636363637, -0.3636363636363637, 0.0, 0.016713091922005572, 0.25, 0.0, 0.0, 0.0, 1.0, 0.8103249790259089, 1.0, 0.0, 0.0, 0.0, 0.0, 0.0, 0.0, 0.0]",123014,123174,N1,accept,0.5545454545454546,ts,2931,0
"[0.1200000000000001, -0.1200000000000001, 0.1455847255369929, -0.10979228486646884, -0.040000000000000036, 0.0, 0.0, 0.0, 1.0, 0.7028933119434595, 1.0, 0.0, 0.0, 0.0, 0.0, 0.0, 0.0, 0.0]",57278,59424,N1,dismiss,-0.3,ts,1413,1
"[0.3142857142857143, -0.3142857142857143, -0.502322495023225, 0.10826210826210826, 0.7142857142857143, 0.0, 0.0, 0.0, 1.0, 0.5898177446147886, 1.0, 0.0, 0.0, 0.0, 0.0, 0.0, 0.0, 0.0]",74278,107588,N6,dismiss,-0.3,ts,937,1
"[0.1923076923076923, -0.1923076923076923, -0.11032028469750894, 0.5042735042735043, 0.1694915254237288, 0.0, 0.0, 0.0, 1.0, 0.642166992932545, 1.0, 0.0, 0.0, 0.0, 0.0, 0.0, 0.0, 0.0]",43763,15171,N6,dismiss,-0.3,ts,1732,1
"[0.25, -0.25, -0.24812030075187969, 0.0581039755351682, 0.32978723404255317, 0.0, 0.0, 0.0, 1.0, 0.6724565857057285, 1.0, 0.0, 0.0, 0.0, 0.0, 0.0, 0.0, 0.0]",82380,117045,N1,dismiss,-0.3,ts,2614,0
"[0.20000000000000007, -0.20000000000000007, -0.2488262910798122, -0.022727272727272728, -0.041666666666666664, 0.0, 0.0, 0.0, 1.0, 0.7257604933508731, 1.0, 0.0, 0.0, 0.0, 0.0, 0.0, 0.0, 0.0]",74282,31972,N3,accept,0.44000000000000006,ts,2608,1
"[0.25, -0.25, -0.3834917458729365, -0.001215066828675577, 0.0, 0.0, 0.0, 0.0, 1.0, 0.7321076440419114, 1.0, 0.0, 0.0, 0.0, 0.0, 0.0, 0.0, 0.0]",30337,189231,N1,dismiss,-0.3,ts,2372,1
"[0.3636363636363637, -0.3636363636363637, 0.1013215859030837, 0.057971014492753624, 0.25, 0.0, 0.0, 0.0, 1.0, 0.7621489741842852, 1.0, 0.0, 0.0, 0.0, 0.0, 0.0, 0.0, 0.0]",123207,123174,N6,dismiss,-0.3,ts,1898,1
"[0.25, -0.25, -0.25925925925925924, 0.0778816199376947, 0.13636363636363635, 0.0, 0.0, 0.0, 1.0, 0.7012290684696982, 1.0, 0.0, 0.0, 0.0, 0.0, 0.0, 0.0, 0.0]",142493,117045,N1,dismiss,-0.3,ts,400,0
"[0.14, -0.14, -0.3363636363636364, 0.0, 0.0, 0.0, 0.0, 0.0, 1.0, 0.7038046069838829, 1.0, 0.0, 0.0, 0.0, 0.0, 0.0, 0.0, 0.0]",72620,69993,N6,dismiss,-0.3,ts,1353,1
"[0.14, -0.14, -0.31562500000000004, 0.030303030303030304, 0.0, 0.0, 0.0, 0.0, 1.0, 0.6993060113850216, 1.0, 0.0, 0.0, 0.0, 0.0, 0.0, 0.0, 0.0]",106755,69993,N6,dismiss,-0.3,ts,1800,1
"[0.15000000000000013, -0.15000000000000013, 0.12578616352201247, 0.0, -0.30000000000000004, 0.0, 0.0, 0.0, 1.0, 0.6931568055315898, 1.0, 0.0, 0.0, 0.0, 0.0, 0.0, 0.0, 0.0]",89446,63626,N1,dismiss,-0.3,ts,2299,1
"[0.5636363636363637, -0.5636363636363637, -0.20886075949367092, -0.022535211267605635, 0.8333333333333334, 0.0, 0.0, 0.0, 1.0, 0.7256018219411058, 1.0, 0.0, 0.0, 0.0, 0.0, 0.0, 0.0, 0.0]",109410,107659,N1,dismiss,-0.3,ts,998,1
"[0.1200000000000001, -0.1200000000000001, 0.1455847255369929, -0.054878048780487805, -0.8250000000000001, 0.0, 0.0, 0.0, 1.0, 0.6072134063167107, 1.0, 0.0, 0.0, 0.0, 0.0, 0.0, 0.0, 0.0]",57551,59423,N1,accept,0.38400000000000006,ts,2325,0
"[0.8835294117647059, -0.8835294117647059, -0.44212860310421287, -0.04498269896193772, -0.07692307692307693, 0.0, 0.0, 0.0, 1.0, 0.8153327974814609, 1.0, 0.0, 0.0, 0.0, 0.0, 0.0, 0.0, 0.0]",179676,108025,N1,dismiss,-0.3,ts,451,1
"[0.13333333333333328, -0.13333333333333328, -0.07126567844925884, -0.028901734104046242, -0.07999999999999999, 0.0, 0.0, 0.0, 1.0, 0.7421727843140296, 1.0, 0.0, 0.0, 0.0, 0.0, 0.0, 0.0, 0.0]",87098,143094,N1,dismiss,-0.3,ts,2740,1
"[0.14, -0.14, -0.16016016016016016, 0.0, 0.0, 0.0, 0.0, 0.0, 1.0, 0.7469249197385348, 1.0, 0.0, 0.0, 0.0, 0.0, 0.0, 0.0, 0.0]",93922,79362,N6,dismiss,-0.3,ts,693,0
"[0.3636363636363637, -0.3636363636363637, 0.1013215859030837, 0.057971014492753624, 0.25, 0.0, 0.0, 0.0, 1.0, 0.7621489741842852, 1.0, 0.0, 0.0, 0.0, 0.0, 0.0, 0.0, 0.0]",123207,123174,N6,accept,0.5545454545454546,ts,2094,0
"[0.20000000000000007, -0.20000000000000007, -0.2716236722306526, -0.017142857142857144, 0.5789473684210527, 0.0, 0.0, 0.0, 1.0, 0.6310662747508294, 1.0, 0.0, 0.0, 0.0, 0.0, 0.0, 0.0, 0.0]",43097,31975,N1,dismiss,-0.3,ts,499,1
"[0.49074074074074076, -0.49074074074074076, -0.16795422031473545, 0.0, 0.0, 0.0, 0.0, 0.0, 1.0, 0.8496351668040732, 1.0, 0.0, 0.0, 0.0, 0.0, 0.0, 0.0, 0.0]",147468,85069,N1,dismiss,-0.3,ts,2924,1
"[0.5170454545454546, -0.5170454545454546, 0.0, 0.09615384615384616, 0.07999999999999999, 0.0, 0.0, 0.0, 1.0, 0.8641184121191714, 1.0, 0.0, 0.0, 0.0, 0.0, 0.0, 0.0, 0.0]",74187,87407,N6,dismiss,-0.3,ts,2204,0
"[0.47959183673469385, -0.47959183673469385, -0.24881101376720902, -0.2188449848024316, -0.38, 0.0, 0.0, 0.0, 1.0, 0.6927062648367477, 1.0, 0.0, 0.0, 0.0, 0.0, 0.0, 0.0, 0.0]",158420,20089,N1,dismiss,-0.3,ts,1038,1
"[0.3636363636363637, -0.3636363636363637, 0.0, 0.061046511627906974, 0.0, 0.0, 0.0, 0.0, 1.0, 0.8570363402900383, 1.0, 0.0, 0.0, 0.0, 0.0, 0.0, 0.0, 0.0]",123043,123174,N6,accept,0.5545454545454546,ts,623,0
"[0.2, -0.2, -0.3158168574401664, 0.6727272727272727, -0.08000000000000007, 0.0, 0.0, 0.0, 1.0, 0.5960573992464695, 1.0, 0.0, 0.0, 0.0, 0.0, 0.0, 0.0, 0.0]",191662,85163,N6,accept,0.43999999999999995,ts,855,1
"[0.8571428571428572, -0.8571428571428572, 0.0, -0.04, 0.0, 0.0, 0.0, 0.0, 1.0, 0.9529674423825959, 1.0, 0.0, 0.0, 0.0, 0.0, 0.0, 0.0, 0.0]",16648,16650,N6,dismiss,-0.3,ts,2543,0
"[0.3000000000000001, -0.3000000000000001, -0.5036615134255492, 0.0, 0.0, 0.0, 0.0, 0.0, 1.0, 0.7285138093516589, 1.0, 0.0, 0.0, 0.0, 0.0, 0.0, 0.0, 0.0]",85447,85446,N6,dismiss,-0.3,ts,978,0
"[0.20000000000000007, -0.20000000000000007, -0.4595833333333333, -0.0918918918918919, 1.0, 0.0, 0.0, 0.0, 1.0, 0.5404319134665907, 1.0, 0.0, 0.0, 0.0, 0.0, 0.0, 0.0, 0.0]",107308,107554,N6,dismiss,-0.3,ts,2557,1
"[0.5636363636363637, -0.5636363636363637, 0.12023898431665417, -0.016901408450704224, 0.8181818181818182, 0.0, 0.0, 0.0, 1.0, 0.7536395553740498, 1.0, 0.0, 0.0, 0.0, 0.0, 0.0, 0.0, 0.0]",123260,107563,N6,accept,0.6945454545454546,ts,2240,0
"[0.3636363636363637, -0.3636363636363637, 0.0, 0.0, 0.0, 0.0, 0.0, 0.0, 1.0, 0.8742764353476687, 1.0, 0.0, 0.0, 0.0, 0.0, 0.0, 0.0, 0.0]",123031,123174,N6,dismiss,-0.3,ts,1973,0
"[0.10000000000000009, -0.10000000000000009, -0.2588235294117647, -0.975, -0.52, 0.0, 0.0, 0.0, 1.0, 0.48076478481180795, 1.0, 0.0, 0.0, 0.0, 0.0, 0.0, 0.0, 0.0]",91074,16650,N1,dismiss,-0.3,ts,1054,1
"[0.05737704918032792, -0.05737704918032792, -0.4473409801876955, 0.011527377521613832, -0.19540229885057464, 0.0, 0.0, 0.0, 1.0, 0.6012691354747454, 1.0, 0.0, 0.0, 0.0, 0.0, 0.0, 0.0, 0.0]",54573,39517,N3,accept,0.34016393442622955,ts,1099,1
"[0.67, -0.67, -0.2748368382886149, 0.0, 0.0, 0.0, 0.0, 0.0, 1.0, 0.856349133763273, 1.0, 0.0, 0.0, 0.0, 0.0, 0.0, 0.0, 0.0]",141772,93864,N1,accept,0.7689999999999999,ts,992,1
"[0.28571428571428575, -0.28571428571428575, -0.37421777221526914, 0.11009174311926606, 0.016666666666666607, 0.0, 0.0, 0.0, 1.0, 0.7110910595771532, 1.0, 0.0, 0.0, 0.0, 0.0, 0.0, 0.0, 0.0]",115245,81542,N6,dismiss,-0.3,ts,1667,0
"[0.6666666666666666, -0.6666666666666666, -0.2664051355206847, -0.15406976744186046, 0.0, 0.0, 0.0, 0.0, 1.0, 0.8180110862732273, 1.0, 0.0, 0.0, 0.0, 0.0, 0.0, 0.0, 0.0]",116466,29663,N3,accept,0.7666666666666666,ts,2976,1
"[0.3636363636363637, -0.3636363636363637, 0.0, 0.0, 0.0, 0.0, 0.0, 0.0, 1.0, 0.8742764353476687, 1.0, 0.0, 0.0, 0.0, 0.0, 0.0, 0.0, 0.0]",123143,123174,N1,dismiss,-0.3,ts,2877,0
"[0.2, -0.2, 0.10110110110110104, -0.6043478260869565, 0.05263157894736842, 0.0, 0.0, 0.0, 1.0, 0.6660152152276981, 1.0, 0.0, 0.0, 0.0, 0.0, 0.0, 0.0, 0.0]",191335,127600,N1,dismiss,-0.3,ts,1696,1
"[0.2922374429223744, -0.2922374429223744, -0.1564647095565272, 0.011267605633802818, 0.125, 0.0, 0.0, 0.0, 1.0, 0.7628081802277575, 1.0, 0.0, 0.0, 0.0, 0.0, 0.0, 0.0, 0.0]",43388,85287,N6,dismiss,-0.3,ts,2916,1
"[0.1538461538461538, -0.1538461538461538, 0.0, 0.0, 0.0, 0.0, 0.0, 0.0, 1.0, 0.806689539231263, 1.0, 0.0, 0.0, 0.0, 0.0, 0.0, 0.0, 0.0]",93850,93864,N6,dismiss,-0.3,ts,2438,1
"[0.9357142857142856, -0.9357142857142856, 0.0, -0.42857142857142855, -0.8, 0.0, 0.0, 0.0, 1.0, 0.7654707007374344, 1.0, 0.0, 0.0, 0.0, 0.0, 0.0, 0.0, 0.0]",153856,70105,N6,dismiss,-0.3,ts,1353,1
"[0.19999999999999993, -0.19999999999999993, 0.11764705882352941, 0.0, 0.0, 0.0, 0.0, 0.0, 1.0, 0.7808958257091974, 1.0, 0.0, 0.0, 0.0, 0.0, 0.0, 0.0, 0.0]",104417,18611,N6,accept,0.43999999999999995,ts,2304,1
"[0.7, -0.7, -0.4357298474945534, 0.5596330275229358, -0.55, 0.0, 0.0, 0.0, 1.0, 0.6280282458239237, 1.0, 0.0, 0.0, 0.0, 0.0, 0.0, 0.0, 0.0]",164355,145532,N1,dismiss,-0.3,ts,2098,0
"[0.1666666666666667, -0.1666666666666667, -0.13333333333333333, -0.04, -0.039999999999999994, 0.0, 0.0, 0.0, 1.0, 0.7413502371898478, 1.0, 0.0, 0.0, 0.0, 0.0, 0.0, 0.0, 0.0]",40383,156539,N6,dismiss,-0.3,ts,1269,1
"[0.2, -0.2, 0.09333333333333324, -0.1895734597156398, 0.6, 0.0, 0.0, 0.0, 1.0, 0.6366180946932497, 1.0, 0.0, 0.0, 0.0, 0.0, 0.0, 0.0, 0.0]",162680,15178,N1,dismiss,-0.3,ts,1442,1
"[0.20000000000000007, -0.20000000000000007, -0.2794444444444444, -0.042735042735042736, 1.0, 0.0, 0.0, 0.0, 1.0, 0.5754148332000193, 1.0, 0.0, 0.0, 0.0, 0.0, 0.0, 0.0, 0.0]",30103,107458,N1,dismiss,-0.3,ts,2652,1
"[0.56, -0.56, 0.0, 1.0, -0.3333333333333333, 0.0, 0.0, 0.0, 1.0, 0.7152978852370033, 1.0, 0.0, 0.0, 0.0, 0.0, 0.0, 0.0, 0.0]",104684,169349,N6,accept,0.692,ts,1765,1
"[0.6454545454545454, -0.6454545454545454, -0.25027262813522355, -0.36507936507936506, -0.1, 0.0, 0.0, 0.0, 1.0, 0.7533005487725035, 1.0, 0.0, 0.0, 0.0, 0.0, 0.0, 0.0, 0.0]",82102,81568,N3,dismiss,-0.3,ts,780,1
"[0.16666666666666663, -0.16666666666666663, 0.11098779134295228, -0.11282051282051282, -0.020000000000000018, 0.0, 0.0, 0.0, 1.0, 0.7352357426409654, 1.0, 0.0, 0.0, 0.0, 0.0, 0.0, 0.0, 0.0]",83435,87100,N3,accept,0.41666666666666663,ts,1671,0
"[0.6909090909090909, -0.6909090909090909, 0.19956379498364232, -0.42857142857142855, -0.18, 0.0, 0.0, 0.0, 1.0, 0.7466004036208466, 1.0, 0.0, 0.0, 0.0, 0.0, 0.0, 0.0, 0.0]",82102,189308,N3,dismiss,-0.3,ts,1316,0
"[0.5, -0.5, 0.18808777429467086, 0.5045871559633027, -0.24000000000000005, 0.0, 0.0, 0.0, 1.0, 0.6935790844320542, 1.0, 0.0, 0.0, 0.0, 0.0, 0.0, 0.0, 0.0]",182863,110035,N3,dismiss,-0.3,ts,2005,0
"[0.06086956521739117, -0.06086956521739117, 0.1509433962264151, -0.002849002849002849, 0.07142857142857142, 0.0, 0.0, 0.0, 1.0, 0.6998266361785278, 1.0, 0.0, 0.0, 0.0, 0.0, 0.0, 0.0, 0.0]",39517,15687,N3,dismiss,-0.3,ts,1730,0
"[0.11458333333333333, -0.11458333333333333, -0.08759124087591248, -0.5587392550143266, -0.77, 0.0, 0.0, 0.0, 1.0, 0.5416340437403093, 1.0, 0.0, 0.0, 0.0, 0.0, 0.0, 0.0, 0.0]",108839,142262,N6,accept,0.3802083333333333,ts,862,1
"[0.04545454545454549, -0.04545454545454549, -0.0646666666666667, -0.008264462809917356, -0.22727272727272727, 0.0, 0.0, 0.0, 1.0, 0.6855067967400382, 1.0, 0.0, 0.0, 0.0, 0.0, 0.0, 0.0, 0.0]",138639,127487,N3,accept,0.33181818181818185,ts,464,1
"[0.2000000000000001, -0.2000000000000001, -0.12562313060817545, 0.10897435897435898, 0.020000000000000018, 0.0, 0.0, 0.0, 1.0, 0.743137730657233, 1.0, 0.0, 0.0, 0.0, 0.0, 0.0, 0.0, 0.0]",86978,87098,N1,dismiss,-0.3,ts,956,0
"[0.18918918918918928, -0.18918918918918928, 0.12526096033402923, 0.1786833855799373, -0.14285714285714285, 0.0, 0.0, 0.0, 1.0, 0.6924287180179873, 1.0, 0.0, 0.0, 0.0, 0.0, 0.0, 0.0, 0.0]",63924,63878,N6,dismiss,-0.3,ts,2875,1
"[0.9442857142857142, -0.9442857142857142, -0.1, -0.8571428571428571, -0.9099999999999999, 0.0, 0.0, 0.0, 1.0, 0.6872767360360263, 1.0, 0.0, 0.0, 0.0, 0.0, 0.0, 0.0, 0.0]",153856,79461,N3,dismiss,-0.3,ts,2137,1
"[0.14285714285714288, -0.14285714285714288, 0.2002503128911139, 0.9813084112149533, -0.15, 0.0, 0.0, 0.0, 1.0, 0.5689594320135174, 1.0, 0.0, 0.0, 0.0, 0.0, 0.0, 0.0, 0.0]",78135,55882,N6,dismiss,-0.3,ts,1324,1
"[0.8562091503267975, -0.8562091503267975, -0.3955877908733757, 1.0, -0.6, 0.0, 0.0, 0.0, 1.0, 0.6076575010893749, 1.0, 0.0, 0.0, 0.0, 0.0, 0.0, 0.0, 0.0]",104691,169349,N3,dismiss,-0.3,ts,1369,1
"[0.20000000000000007, -0.20000000000000007, 0.09090909090909091, -0.008547008547008548, -0.14285714285714285, 0.0, 0.0, 0.0, 1.0, 0.7497580191893745, 1.0, 0.0, 0.0, 0.0, 0.0, 0.0, 0.0, 0.0]",151838,31966,N6,dismiss,-0.3,ts,1019,1
"[0.8, -0.8, 0.0, 1.0, 1.0, 0.0, 0.0, 0.0, 1.0, 0.6626816974221303, 1.0, 0.0, 0.0, 0.0, 0.0, 0.0, 0.0, 0.0]",51128,51605,N1,dismiss,-0.3,ts,1470,1
"[0.25, -0.25, 0.0, -0.008595988538681949, 0.13636363636363635, 0.0, 0.0, 0.0, 1.0, 0.8012276518471559, 1.0, 0.0, 0.0, 0.0, 0.0, 0.0, 0.0, 0.0]",43088,117045,N6,dismiss,-0.3,ts,994,1
"[0.2763157894736842, -0.2763157894736842, 0.06859635210150676, 0.0, 0.0, 0.0, 0.0, 0.0, 1.0, 0.8224265972083609, 1.0, 0.0, 0.0, 0.0, 0.0, 0.0, 0.0, 0.0]",147348,147380,N1,dismiss,-0.3,ts,1813,1
"[0.9271428571428572, -0.9271428571428572, 0.2222222222222222, -0.14, 0.21999999999999997, 0.0, 0.0, 0.0, 1.0, 0.8090410868744287, 1.0, 0.0, 0.0, 0.0, 0.0, 0.0, 0.0, 0.0]",18359,51572,N3,dismiss,-0.3,ts,875,1
"[0.4069767441860465, -0.4069767441860465, -0.16522948539638388, 0.11255411255411256, -0.44642857142857145, 0.0, 0.0, 0.0, 1.0, 0.7110194640149824, 1.0, 0.0, 0.0, 0.0, 0.0, 0.0, 0.0, 0.0]",20076,20089,N6,dismiss,-0.3,ts,2581,1
"[0.41176470588235287, -0.41176470588235287, -0.10614525139664797, 0.12, 0.24, 0.0, 0.0, 0.0, 1.0, 0.7599295455936875, 1.0, 0.0, 0.0, 0.0, 0.0, 0.0, 0.0, 0.0]",63626,58615,N3,accept,0.588235294117647,ts,2542,0
"[0.52, -0.52, 0.0, 0.0, 0.0, 0.0, 0.0, 0.0, 1.0, 0.9131766764904976, 1.0, 0.0, 0.0, 0.0, 0.0, 0.0, 0.0, 0.0]",141766,141753,N6,dismiss,-0.3,ts,1354,1
"[0.7794117647058824, -0.7794117647058824, -0.08635097493036216, 1.0, 0.11764705882352941, 0.0, 0.0, 0.0, 1.0, 0.7432593506547958, 1.0, 0.0, 0.0, 0.0, 0.0, 0.0, 0.0, 0.0]",110152,155668,N3,dismiss,-0.3,ts,2402,0
"[0.24999999999999992, -0.24999999999999992, -0.18808777429467086, -0.007194244604316547, -0.02439024390243908, 0.0, 0.0, 0.0, 1.0, 0.7676014166610969, 1.0, 0.0, 0.0, 0.0, 0.0, 0.0, 0.0, 0.0]",113424,125887,N3,dismiss,-0.3,ts,934,0
"[0.25000000000000006, -0.25000000000000006, 0.24608967674661097, -0.17687074829931973, 0.4117647058823529, 0.0, 0.0, 0.0, 1.0, 0.6329883469407463, 1.0, 0.0, 0.0, 0.0, 0.0, 0.0, 0.0, 0.0]",115240,86760,N6,dismiss,-0.3,ts,798,1
"[0.3571428571428571, -0.3571428571428571, -0.5704295704295704, 0.002849002849002849, 0.74, 0.0, 0.0, 0.0, 1.0, 0.6196365047092418, 1.0, 0.0, 0.0, 0.0, 0.0, 0.0, 0.0, 0.0]",117054,105899,N1,dismiss,-0.3,ts,835,1
"[0.07692307692307698, -0.07692307692307698, 0.16149369544131903, 0.16, 0.040000000000000036, 0.0, 0.0, 0.0, 1.0, 0.6709052205940557, 1.0, 0.0, 0.0, 0.0, 0.0, 0.0, 0.0, 0.0]",145085,141805,N6,dismiss,-0.3,ts,1568,1
"[0.20000000000000007, -0.20000000000000007, -0.2510779436152571, -0.008547008547008548, -0.14285714285714285, 0.0, 0.0, 0.0, 1.0, 0.7040523268798877, 1.0, 0.0, 0.0, 0.0, 0.0, 0.0, 0.0, 0.0]",151840,31973,N3,dismiss,-0.3,ts,1028,1
"[0.19999999999999996, -0.19999999999999996, -0.20040080160320642, 0.0, 0.0, 0.0, 0.0, 0.0, 1.0, 0.7567847392414749, 1.0, 0.0, 0.0, 0.0, 0.0, 0.0, 0.0, 0.0]",130669,30619,N3,accept,0.43999999999999995,ts,1696,1
"[0.25, -0.25, 0.0, 0.07453416149068323, 0.13636363636363635, 0.0, 0.0, 0.0, 1.0, 0.7830109453831142, 1.0, 0.0, 0.0, 0.0, 0.0, 0.0, 0.0, 0.0]",43090,117045,N1,accept,0.475,ts,2236,1
"[0.4444444444444445, -0.4444444444444445, -0.04221635883905017, -0.58, -0.7, 0.0, 0.0, 0.0, 1.0, 0.6635149056613419, 1.0, 0.0, 0.0, 0.0, 0.0, 0.0, 0.0, 0.0]",145573,132873,N1,dismiss,-0.3,ts,897,1
"[0.4444444444444445, -0.4444444444444445, 0.22284122562674097, -0.7678571428571429, -0.58, 0.0, 0.0, 0.0, 1.0, 0.6030913596283243, 1.0, 0.0, 0.0, 0.0, 0.0, 0.0, 0.0, 0.0]",63093,110076,N6,dismiss,-0.3,ts,995,1
"[0.68, -0.68, -0.257510729613734, 1.0, 1.0, 0.0, 0.0, 0.0, 1.0, 0.5645036231737934, 1.0, 0.0, 0.0, 0.0, 0.0, 0.0, 0.0, 0.0]",106727,16722,N6,dismiss,-0.3,ts,1184,1
"[0.02500000000000002, -0.02500000000000002, 0.20627261761158033, -0.06, -0.039999999999999994, 0.0, 0.0, 0.0, 1.0, 0.6632687757964634, 1.0, 0.0, 0.0, 0.0, 0.0, 0.0, 0.0, 0.0]",151774,62540,N1,dismiss,-0.3,ts,2600,1
"[0.19709090909090918, -0.19709090909090918, -0.07324621733149929, 0.0, 0.0, 0.0, 0.0, 0.0, 1.0, 0.7945750109053056, 1.0, 0.0, 0.0, 0.0, 0.0, 0.0, 0.0, 0.0]",85069,63876,N3,dismiss,-0.3,ts,2814,0
"[0.28571428571428575, -0.28571428571428575, 0.0, -0.1005586592178771, 0.14285714285714285, 0.0, 0.0, 0.0, 1.0, 0.7864257510470529, 1.0, 0.0, 0.0, 0.0, 0.0, 0.0, 0.0, 0.0]",128281,51122,N6,accept,0.5,ts,1853,1
"[0.5588235294117647, -0.5588235294117647, -0.5039322444041138, 0.6831683168316832, -0.20833333333333334, 0.0, 0.0, 0.0, 1.0, 0.6313598549492747, 1.0, 0.0, 0.0, 0.0, 0.0, 0.0, 0.0, 0.0]",65211,155668,N6,dismiss,-0.3,ts,1332,1
"[0.75, -0.75, -0.3741127348643006, -0.14917127071823205, -0.7125, 0.0, 0.0, 0.0, 1.0, 0.6943497093122228, 1.0, 0.0, 0.0, 0.0, 0.0, 0.0, 0.0, 0.0]",129198,115951,N6,dismiss,-0.3,ts,2430,1
"[0.23456790123456794, -0.23456790123456794, -0.09499192245557343, 0.024615384615384615, 0.08333333333333333, 0.0, 0.0, 0.0, 1.0, 0.7696651800174188, 1.0, 0.0, 0.0, 0.0, 0.0, 0.0, 0.0, 0.0]",41414,89601,N1,dismiss,-0.3,ts,2055,1
"[0.3382352941176471, -0.3382352941176471, -0.3671817512877116, 0.026239067055393587, 0.1641791044776119, 0.0, 0.0, 0.0, 1.0, 0.7132792099227282, 1.0, 0.0, 0.0, 0.0, 0.0, 0.0, 0.0, 0.0]",185707,105899,N3,dismiss,-0.3,ts,2783,1
"[0.583011583011583, -0.583011583011583, -0.5876288659793815, -0.05421686746987952, -0.391304347826087, 0.0, 0.0, 0.0, 1.0, 0.6908308980646058, 1.0, 0.0, 0.0, 0.0, 0.0, 0.0, 0.0, 0.0]",61096,145523,N1,dismiss,-0.3,ts,2870,0
"[0.20000000000000004, -0.20000000000000004, -0.6334862385321101, 1.0, -0.375, 0.0, 0.0, 0.0, 1.0, 0.46352703055457606, 1.0, 0.0, 0.0, 0.0, 0.0, 0.0, 0.0, 0.0]",85929,139806,N3,dismiss,-0.3,ts,1003,1
"[0.25, -0.25, -0.6434782608695653, -0.1853035143769968, 0.5833333333333334, 0.0, 0.0, 0.0, 1.0, 0.5450690754983281, 1.0, 0.0, 0.0, 0.0, 0.0, 0.0, 0.0, 0.0]",128295,155668,N3,accept,0.475,ts,2404,1
"[0.04545454545454549, -0.04545454545454549, -0.0646666666666667, -0.008264462809917356, -0.22727272727272727, 0.0, 0.0, 0.0, 1.0, 0.6855067967400382, 1.0, 0.0, 0.0, 0.0, 0.0, 0.0, 0.0, 0.0]",138639,127487,N3,accept,0.33181818181818185,ts,616,1
"[0.2857142857142857, -0.2857142857142857, -0.16666666666666666, -0.48333333333333334, -0.38, 0.0, 0.0, 0.0, 1.0, 0.6215402245940977, 1.0, 0.0, 0.0, 0.0, 0.0, 0.0, 0.0, 0.0]",50807,41650,N3,dismiss,-0.3,ts,2791,1
"[0.3, -0.3, -0.28, 0.0, 0.0, 0.0, 0.0, 0.0, 1.0, 0.769716564082265, 1.0, 0.0, 0.0, 0.0, 0.0, 0.0, 0.0, 0.0]",69485,50807,N1,dismiss,-0.3,ts,1863,0
"[0.5636363636363637, -0.5636363636363637, -0.20886075949367092, 0.14076246334310852, 1.0, 0.0, 0.0, 0.0, 1.0, 0.6873760656798449, 1.0, 0.0, 0.0, 0.0, 0.0, 0.0, 0.0, 0.0]",116193,107588,N3,dismiss,-0.3,ts,1414,1
"[0.12, -0.12, 0.2222222222222222, 0.3, 0.0, 0.0, 0.0, 0.0, 1.0, 0.6550780401294275, 1.0, 0.0, 0.0, 0.0, 0.0, 0.0, 0.0, 0.0]",30621,130670,N1,dismiss,-0.3,ts,668,1
"[0.11458333333333333, -0.11458333333333333, 0.0, -0.5587392550143266, -0.77, 0.0, 0.0, 0.0, 1.0, 0.5737732739088267, 1.0, 0.0, 0.0, 0.0, 0.0, 0.0, 0.0, 0.0]",107563,142262,N6,dismiss,-0.3,ts,553,1
"[0.535483870967742, -0.535483870967742, -0.011911852293031567, 0.0036231884057971015, 0.0, 0.0, 0.0, 0.0, 1.0, 0.9106676184244814, 1.0, 0.0, 0.0, 0.0, 0.0, 0.0, 0.0, 0.0]",64515,16646,N1,dismiss,-0.3,ts,2125,0
"[0.3333333333333333, -0.3333333333333333, -0.484304932735426, -0.529891304347826, -0.3939393939393939, 0.0, 0.0, 0.0, 1.0, 0.5616523134800766, 1.0, 0.0, 0.0, 0.0, 0.0, 0.0, 0.0, 0.0]",71447,158410,N3,dismiss,-0.3,ts,551,1
"[0.5599999999999999, -0.5599999999999999, 0.052291801162040054, 0.29454545454545455, -0.2448979591836735, 0.0, 0.0, 0.0, 1.0, 0.7767295963695724, 1.0, 0.0, 0.0, 0.0, 0.0, 0.0, 0.0, 0.0]",185412,87718,N1,accept,0.692,ts,1458,0
"[0.52, -0.52, -0.16666666666666666, 0.034574468085106384, 0.7142857142857143, 0.0, 0.0, 0.0, 1.0, 0.7324087467207093, 1.0, 0.0, 0.0, 0.0, 0.0, 0.0, 0.0, 0.0]",151841,107588,N3,dismiss,-0.3,ts,572,1
"[0.2777777777777778, -0.2777777777777778, -0.29790794979079493, -0.10743801652892562, -0.125, 0.0, 0.0, 0.0, 1.0, 0.6965685200183934, 1.0, 0.0, 0.0, 0.0, 0.0, 0.0, 0.0, 0.0]",86760,78130,N1,dismiss,-0.3,ts,626,1
"[0.20000000000000007, -0.20000000000000007, 0.14000000000000007, -0.036619718309859155, 0.0, 0.0, 0.0, 0.0, 1.0, 0.7633916428325723, 1.0, 0.0, 0.0, 0.0, 0.0, 0.0, 0.0, 0.0]",123018,107170,N6,dismiss,-0.3,ts,1620,1
"[0.3636363636363637, -0.3636363636363637, 0.0, 0.061046511627906974, 0.0, 0.0, 0.0, 0.0, 1.0, 0.8570363402900383, 1.0, 0.0, 0.0, 0.0, 0.0, 0.0, 0.0, 0.0]",123210,123174,N1,dismiss,-0.3,ts,975,0
"[0.07692307692307684, -0.07692307692307684, 0.0, -0.2222222222222222, 0.0, 0.0, 0.0, 0.0, 1.0, 0.7248958747201469, 1.0, 0.0, 0.0, 0.0, 0.0, 0.0, 0.0, 0.0]",115242,115240,N6,dismiss,-0.3,ts,2193,0
"[0.14, -0.14, -0.31562500000000004, 0.030303030303030304, 0.0, 0.0, 0.0, 0.0, 1.0, 0.6993060113850216, 1.0, 0.0, 0.0, 0.0, 0.0, 0.0, 0.0, 0.0]",130086,69993,N6,dismiss,-0.3,ts,2900,0
"[0.20000000000000004, -0.20000000000000004, -0.562962962962963, -0.4816326530612245, 0.1111111111111111, 0.0, 0.0, 0.0, 1.0, 0.5650558633972106, 1.0, 0.0, 0.0, 0.0, 0.0, 0.0, 0.0, 0.0]",127333,92706,N6,dismiss,-0.3,ts,571,1
"[0.2763157894736842, -0.2763157894736842, 0.06859635210150676, 0.0, 0.0, 0.0, 0.0, 0.0, 1.0, 0.8224265972083609, 1.0, 0.0, 0.0, 0.0, 0.0, 0.0, 0.0, 0.0]",147348,147380,N6,dismiss,-0.3,ts,1241,1
"[0.1250000000000001, -0.1250000000000001, -0.2159090909090909, 0.125, 0.07999999999999999, 0.0, 0.0, 0.0, 1.0, 0.6708404708796813, 1.0, 0.0, 0.0, 0.0, 0.0, 0.0, 0.0, 0.0]",74186,82101,N6,dismiss,-0.3,ts,2441,1
"[0.12500000000000006, -0.12500000000000006, 0.0, -0.2896825396825397, -0.08695652173913043, 0.0, 0.0, 0.0, 1.0, 0.7064268910671658, 1.0, 0.0, 0.0, 0.0, 0.0, 0.0, 0.0, 0.0]",125913,128281,N6,accept,0.3875,ts,1889,1
"[0.7794117647058824, -0.7794117647058824, -0.18122815776335507, 1.0, 0.11764705882352941, 0.0, 0.0, 0.0, 1.0, 0.7149754356537524, 1.0, 0.0, 0.0, 0.0, 0.0, 0.0, 0.0, 0.0]",107861,155668,N1,accept,0.8455882352941175,ts,2611,1
"[0.9099999999999999, -0.9099999999999999, -0.5783582089552239, 0.03260869565217391, 1.0, 0.0, 0.0, 0.0, 1.0, 0.6731200276674607, 1.0, 0.0, 0.0, 0.0, 0.0, 0.0, 0.0, 0.0]",174790,89765,N6,dismiss,-0.3,ts,1644,1
"[0.24999999999999997, -0.24999999999999997, 0.16666666666666666, 0.0, 0.0, 0.0, 0.0, 0.0, 1.0, 0.7828956117024544, 1.0, 0.0, 0.0, 0.0, 0.0, 0.0, 0.0, 0.0]",18305,18309,N1,dismiss,-0.3,ts,1851,1
"[0.35, -0.35, -0.05542857142857136, -0.07650273224043716, 0.0625, 0.0, 0.0, 0.0, 1.0, 0.810494061158219, 1.0, 0.0, 0.0, 0.0, 0.0, 0.0, 0.0, 0.0]",104681,61360,N6,dismiss,-0.3,ts,1367,1
"[0.25, -0.25, -0.5940460081190798, -0.0546448087431694, 1.0, 0.0, 0.0, 0.0, 1.0, 0.5370968143236092, 1.0, 0.0, 0.0, 0.0, 0.0, 0.0, 0.0, 0.0]",189368,117045,N6,dismiss,-0.3,ts,2746,0
"[0.5454545454545455, -0.5454545454545455, -0.34353018158023885, 0.0, 0.0, 0.0, 0.0, 0.0, 1.0, 0.8191303026203585, 1.0, 0.0, 0.0, 0.0, 0.0, 0.0, 0.0, 0.0]",54334,54345,N6,dismiss,-0.3,ts,1414,1
"[0.06211180124223608, -0.06211180124223608, 0.0, -0.15968586387434555, 0.2631578947368421, 0.0, 0.0, 0.0, 1.0, 0.6708322026650078, 1.0, 0.0, 0.0, 0.0, 0.0, 0.0, 0.0, 0.0]",103705,103704,N6,accept,0.34347826086956523,ts,2375,0
"[0.7058823529411765, -0.7058823529411765, 0.10950688582852064, 0.7647058823529411, 0.46153846153846156, 0.0, 0.0, 0.0, 1.0, 0.6990590921583305, 1.0, 0.0, 0.0, 0.0, 0.0, 0.0, 0.0, 0.0]",179677,115396,N6,dismiss,-0.3,ts,1957,0
"[0.8571428571428571, -0.8571428571428571, 0.0, 0.08362369337979095, 0.19999999999999993, 0.0, 0.0, 0.0, 1.0, 0.8919465421273026, 1.0, 0.0, 0.0, 0.0, 0.0, 0.0, 0.0, 0.0]",91072,91068,N6,dismiss,-0.3,ts,1061,0
"[0.2, -0.2, 0.043256997455470604, 0.8, 0.49056603773584917, 0.0, 0.0, 0.0, 1.0, 0.5927701423564039, 1.0, 0.0, 0.0, 0.0, 0.0, 0.0, 0.0, 0.0]",59416,15178,N6,dismiss,-0.3,ts,972,0
"[0.15, -0.15, -0.05649999999999995, -0.48333333333333334, -0.58, 0.0, 0.0, 0.0, 1.0, 0.5880249896185937, 1.0, 0.0, 0.0, 0.0, 0.0, 0.0, 0.0, 0.0]",18598,79359,N6,dismiss,-0.3,ts,1263,1
"[0.25, -0.25, 0.0, 0.011695906432748537, 0.25, 0.0, 0.0, 0.0, 1.0, 0.7771008967590011, 1.0, 0.0, 0.0, 0.0, 0.0, 0.0, 0.0, 0.0]",43087,117045,N6,dismiss,-0.3,ts,2254,0
"[0.19999999999999996, -0.19999999999999996, -0.3087719298245614, 0.0, 0.0, 0.0, 0.0, 0.0, 1.0, 0.7306816188273564, 1.0, 0.0, 0.0, 0.0, 0.0, 0.0, 0.0, 0.0]",174763,141766,N6,dismiss,-0.3,ts,1757,1
"[0.65, -0.65, -0.2252816020025032, -0.014492753623188406, 0.02500000000000006, 0.0, 0.0, 0.0, 1.0, 0.8535761436419191, 1.0, 0.0, 0.0, 0.0, 0.0, 0.0, 0.0, 0.0]",53366,39280,N6,dismiss,-0.3,ts,1154,1
"[0.5588235294117647, -0.5588235294117647, -0.5314285714285715, 0.48255813953488375, -0.2962962962962963, 0.0, 0.0, 0.0, 1.0, 0.6303864118576302, 1.0, 0.0, 0.0, 0.0, 0.0, 0.0, 0.0, 0.0]",104685,155668,N6,dismiss,-0.3,ts,702,0
"[0.02500000000000002, -0.02500000000000002, -0.1863303498779495, -0.2, -0.12000000000000002, 0.0, 0.0, 0.0, 1.0, 0.6156925813588408, 1.0, 0.0, 0.0, 0.0, 0.0, 0.0, 0.0, 0.0]",130425,62503,N6,accept,0.3175,ts,2203,1
"[0.8730158730158731, -0.8730158730158731, 0.14184397163120568, 0.1288888888888889, -0.23529411764705876, 0.0, 0.0, 0.0, 1.0, 0.826249285934507, 1.0, 0.0, 0.0, 0.0, 0.0, 0.0, 0.0, 0.0]",48746,91067,N6,accept,0.9111111111111112,ts,521,1
"[0.20000000000000007, -0.20000000000000007, -0.46711185308848074, -0.02564102564102564, -0.21428571428571427, 0.0, 0.0, 0.0, 1.0, 0.6416237630614925, 1.0, 0.0, 0.0, 0.0, 0.0, 0.0, 0.0, 0.0]",189329,107170,N6,accept,0.44000000000000006,ts,1473,1
"[0.02500000000000002, -0.02500000000000002, 0.20627261761158033, -0.1, -0.039999999999999994, 0.0, 0.0, 0.0, 1.0, 0.653040323250587, 1.0, 0.0, 0.0, 0.0, 0.0, 0.0, 0.0, 0.0]",151774,62503,N6,dismiss,-0.3,ts,2082,0
"[0.11363636363636373, -0.11363636363636373, -0.10846953937592874, 0.04, -0.06000000000000001, 0.0, 0.0, 0.0, 1.0, 0.7247069866283503, 1.0, 0.0, 0.0, 0.0, 0.0, 0.0, 0.0, 0.0]",63997,135298,N6,dismiss,-0.3,ts,681,1
"[0.09090909090909098, -0.09090909090909098, -0.325, -0.006024096385542169, -0.07692307692307693, 0.0, 0.0, 0.0, 1.0, 0.6651045194097601, 1.0, 0.0, 0.0, 0.0, 0.0, 0.0, 0.0, 0.0]",162894,142494,N6,accept,0.36363636363636365,ts,1242,1
"[0.19709090909090918, -0.19709090909090918, -0.07324621733149929, 0.0, 0.0, 0.0, 0.0, 0.0, 1.0, 0.7945750109053056, 1.0, 0.0, 0.0, 0.0, 0.0, 0.0, 0.0, 0.0]",85069,63876,N6,accept,0.43796363636363644,ts,2755,0
"[0.20000000000000007, -0.20000000000000007, -0.20380601596071202, -0.10160427807486631, 0.875, 0.0, 0.0, 0.0, 1.0, 0.60435783142046, 1.0, 0.0, 0.0, 0.0, 0.0, 0.0, 0.0, 0.0]",162740,107458,N6,dismiss,-0.3,ts,2279,1
"[0.7058823529411765, -0.7058823529411765, 0.0, 0.256, -0.2, 0.0, 0.0, 0.0, 1.0, 0.8367456674228954, 1.0, 0.0, 0.0, 0.0, 0.0, 0.0, 0.0, 0.0]",104691,104690,N6,dismiss,-0.3,ts,2225,1
"[0.16666666666666666, -0.16666666666666666, -0.05447878470403348, -0.6273022751895991, 1.0, 0.0, 0.0, 0.0, 1.0, 0.5339550818124775, 1.0, 0.0, 0.0, 0.0, 0.0, 0.0, 0.0, 0.0]",185512,123511,N6,dismiss,-0.3,ts,2602,1
"[0.02857142857142844, -0.02857142857142844, -0.20152761457109283, -0.008670520231213872, -0.1518987341772152, 0.0, 0.0, 0.0, 1.0, 0.6524855845390131, 1.0, 0.0, 0.0, 0.0, 0.0, 0.0, 0.0, 0.0]",117162,185707,N6,dismiss,-0.3,ts,1289,0
"[0.16326530612244894, -0.16326530612244894, 0.0, -0.02601156069364162, -0.4117647058823529, 0.0, 0.0, 0.0, 1.0, 0.7182572044369081, 1.0, 0.0, 0.0, 0.0, 0.0, 0.0, 0.0, 0.0]",63901,63915,N6,dismiss,-0.3,ts,2664,0
"[0.9598214285714286, -0.9598214285714286, 0.2222222222222222, -0.6, -0.6363636363636364, 0.0, 0.0, 0.0, 1.0, 0.6888361719661423, 1.0, 0.0, 0.0, 0.0, 0.0, 0.0, 0.0, 0.0]",51061,50956,N6,accept,0.971875,ts,830,1
"[0.19999999999999993, -0.19999999999999993, -0.6543478260869565, -0.24, 0.28, 0.0, 0.0, 0.0, 1.0, 0.5553614665039532, 1.0, 0.0, 0.0, 0.0, 0.0, 0.0, 0.0, 0.0]",38212,89446,N6,dismiss,-0.3,ts,1075,1
"[0.5636363636363637, -0.5636363636363637, -0.15250000000000002, -0.01977401129943503, 0.6923076923076923, 0.0, 0.0, 0.0, 1.0, 0.7513430966277358, 1.0, 0.0, 0.0, 0.0, 0.0, 0.0, 0.0, 0.0]",108743,108828,N6,accept,0.6945454545454546,ts,2291,1
"[0.25, -0.25, 0.0, -0.008595988538681949, 0.08695652173913043, 0.0, 0.0, 0.0, 1.0, 0.8130880893622596, 1.0, 0.0, 0.0, 0.0, 0.0, 0.0, 0.0, 0.0]",57106,117045,N6,dismiss,-0.3,ts,1301,0
"[0.3382352941176471, -0.3382352941176471, -0.3671817512877116, 0.026239067055393587, 0.1641791044776119, 0.0, 0.0, 0.0, 1.0, 0.7132792099227282, 1.0, 0.0, 0.0, 0.0, 0.0, 0.0, 0.0, 0.0]",185707,105899,N6,dismiss,-0.3,ts,1911,0
"[0.5535714285714286, -0.5535714285714286, -0.03454231433506045, 0.0, 0.0, 0.0, 0.0, 0.0, 1.0, 0.9068164715016619, 1.0, 0.0, 0.0, 0.0, 0.0, 0.0, 0.0, 0.0]",16725,16728,N6,dismiss,-0.3,ts,2852,1
"[0.20000000000000004, -0.20000000000000004, -0.11148148148148146, -0.40816326530612246, 0.16666666666666666, 0.0, 0.0, 0.0, 1.0, 0.6566446277478687, 1.0, 0.0, 0.0, 0.0, 0.0, 0.0, 0.0, 0.0]",127333,155856,N6,dismiss,-0.3,ts,2731,0
"[0.7499999999999999, -0.7499999999999999, -0.008000000000000007, -0.7905982905982906, -0.7547169811320755, 0.0, 0.0, 0.0, 1.0, 0.7131653070236477, 1.0, 0.0, 0.0, 0.0, 0.0, 0.0, 0.0, 0.0]",123829,94324,N6,dismiss,-0.3,ts,2984,1
"[0.4444444444444445, -0.4444444444444445, 0.16666666666666666, -0.033707865168539325, 0.5, 0.0, 0.0, 0.0, 1.0, 0.7344048885961997, 1.0, 0.0, 0.0, 0.0, 0.0, 0.0, 0.0, 0.0]",138518,104685,N6,dismiss,-0.3,ts,1702,1
"[0.648, -0.648, 0.1801637852593267, 0.20863309352517986, 1.0, 0.0, 0.0, 0.0, 1.0, 0.678459202837453, 1.0, 0.0, 0.0, 0.0, 0.0, 0.0, 0.0, 0.0]",185410,107458,N6,dismiss,-0.3,ts,2370,1
"[0.03846153846153842, -0.03846153846153842, 0.0, 0.0, 0.0, 0.0, 0.0, 0.0, 1.0, 0.7644070962643087, 1.0, 0.0, 0.0, 0.0, 0.0, 0.0, 0.0, 0.0]",48548,51122,N6,dismiss,-0.3,ts,1087,0
"[0.535483870967742, -0.535483870967742, -0.011911852293031567, 0.0036231884057971015, 0.0, 0.0, 0.0, 0.0, 1.0, 0.9106676184244814, 1.0, 0.0, 0.0, 0.0, 0.0, 0.0, 0.0, 0.0]",64515,16646,N6,dismiss,-0.3,ts,2175,0
"[0.3000000000000001, -0.3000000000000001, -0.528957528957529, 0.0, 0.0, 0.0, 0.0, 0.0, 1.0, 0.7249105321469098, 1.0, 0.0, 0.0, 0.0, 0.0, 0.0, 0.0, 0.0]",85444,85446,N6,accept,0.51,ts,1962,0
"[0.3636363636363637, -0.3636363636363637, 0.0, 0.016713091922005572, 0.25, 0.0, 0.0, 0.0, 1.0, 0.8103249790259089, 1.0, 0.0, 0.0, 0.0, 0.0, 0.0, 0.0, 0.0]",123014,123174,N6,dismiss,-0.3,ts,1629,0
"[0.415625, -0.415625, 0.056934306569343146, 0.0625, -0.1, 0.0, 0.0, 0.0, 1.0, 0.8220384072510981, 1.0, 0.0, 0.0, 0.0, 0.0, 0.0, 0.0, 0.0]",141833,15139,N6,dismiss,-0.3,ts,1119,1
"[0.10714285714285708, -0.10714285714285708, 0.21108179419525067, -0.24567474048442905, -0.25, 0.0, 0.0, 0.0, 1.0, 0.6037111713328339, 1.0, 0.0, 0.0, 0.0, 0.0, 0.0, 0.0, 0.0]",105432,164354,N6,dismiss,-0.3,ts,2757,1
"[0.16666666666666666, -0.16666666666666666, -0.6, -0.40954773869346733, -0.696969696969697, 0.0, 0.0, 0.0, 1.0, 0.4748074446061905, 1.0, 0.0, 0.0, 0.0, 0.0, 0.0, 0.0, 0.0]",69112,145577,N6,dismiss,-0.3,ts,1089,1
"[0.0555555555555556, -0.0555555555555556, -0.16666666666666666, 0.01764705882352941, 0.0, 0.0, 0.0, 0.0, 1.0, 0.7088897221869671, 1.0, 0.0, 0.0, 0.0, 0.0, 0.0, 0.0, 0.0]",123852,105724,N6,dismiss,-0.3,ts,2340,1
"[0.5588235294117647, -0.5588235294117647, -0.11351351351351359, 1.0, 0.05555555555555555, 0.0, 0.0, 0.0, 1.0, 0.7150054052193668, 1.0, 0.0, 0.0, 0.0, 0.0, 0.0, 0.0, 0.0]",115299,155668,N6,accept,0.6911764705882353,ts,2511,0
"[0.13333333333333344, -0.13333333333333344, -0.1, -0.75, -0.44000000000000006, 0.0, 0.0, 0.0, 1.0, 0.5587769414463242, 1.0, 0.0, 0.0, 0.0, 0.0, 0.0, 0.0, 0.0]",70105,79461,N6,dismiss,-0.3,ts,2968,0
"[0.25, -0.25, -0.24812030075187969, 0.005813953488372093, 0.041666666666666664, 0.0, 0.0, 0.0, 1.0, 0.7476249554836153, 1.0, 0.0, 0.0, 0.0, 0.0, 0.0, 0.0, 0.0]",174773,117045,N6,dismiss,-0.3,ts,1639,0
"[0.25, -0.25, -0.25925925925925924, 0.0778816199376947, 0.13636363636363635, 0.0, 0.0, 0.0, 1.0, 0.7012290684696982, 1.0, 0.0, 0.0, 0.0, 0.0, 0.0, 0.0, 0.0]",142493,117045,N6,dismiss,-0.3,ts,455,0
"[0.4432989690721649, -0.4432989690721649, -0.2631578947368421, -0.08454810495626822, -0.46153846153846156, 0.0, 0.0, 0.0, 1.0, 0.6998256490951412, 1.0, 0.0, 0.0, 0.0, 0.0, 0.0, 0.0, 0.0]",104962,145523,N6,dismiss,-0.3,ts,1585,0
"[0.3636363636363637, -0.3636363636363637, 0.0, 0.0, 0.0, 0.0, 0.0, 0.0, 1.0, 0.8742764353476687, 1.0, 0.0, 0.0, 0.0, 0.0, 0.0, 0.0, 0.0]",123012,123174,N6,dismiss,-0.3,ts,1414,0
"[0.10000000000000009, -0.10000000000000009, -0.2588235294117647, -0.975, -0.52, 0.0, 0.0, 0.0, 1.0, 0.48076478481180795, 1.0, 0.0, 0.0, 0.0, 0.0, 0.0, 0.0, 0.0]",91074,16650,N6,accept,0.37000000000000005,ts,1551,0
"[0.35999999999999993, -0.35999999999999993, 0.125, 1.0, 1.0, 0.0, 0.0, 0.0, 1.0, 0.5327936544339077, 1.0, 0.0, 0.0, 0.0, 0.0, 0.0, 0.0, 0.0]",18355,51061,N6,dismiss,-0.3,ts,1413,0
"[0.24999999999999997, -0.24999999999999997, -0.6, 0.0, 0.0, 0.0, 0.0, 0.0, 1.0, 0.6998281919701369, 1.0, 0.0, 0.0, 0.0, 0.0, 0.0, 0.0, 0.0]",69947,93859,N6,accept,0.475,ts,822,1
"[0.15, -0.15, 0.0, 1.0, 0.22000000000000003, 0.0, 0.0, 0.0, 1.0, 0.606119320395968, 1.0, 0.0, 0.0, 0.0, 0.0, 0.0, 0.0, 0.0]",74187,151787,N6,dismiss,-0.3,ts,1500,1
"[0.14000000000000004, -0.14000000000000004, -0.3349236641221374, 0.5894736842105263, 0.3207547169811321, 0.0, 0.0, 0.0, 1.0, 0.5292138871027587, 1.0, 0.0, 0.0, 0.0, 0.0, 0.0, 0.0, 0.0]",59416,115226,N6,accept,0.398,ts,1349,1
"[0.13333333333333344, -0.13333333333333344, -0.1, -0.75, -0.44000000000000006, 0.0, 0.0, 0.0, 1.0, 0.5587769414463242, 1.0, 0.0, 0.0, 0.0, 0.0, 0.0, 0.0, 0.0]",70105,79461,N6,dismiss,-0.3,ts,2362,0
"[0.25, -0.25, -0.09125735394718841, 0.0048543689320388345, 0.0, 0.0, 0.0, 0.0, 1.0, 0.8047745634796265, 1.0, 0.0, 0.0, 0.0, 0.0, 0.0, 0.0, 0.0]",15456,30338,N6,dismiss,-0.3,ts,1121,1
"[0.4235294117647059, -0.4235294117647059, -0.2159090909090909, 0.44, 0.020000000000000018, 0.0, 0.0, 0.0, 1.0, 0.7266230514544788, 1.0, 0.0, 0.0, 0.0, 0.0, 0.0, 0.0, 0.0]",87406,82101,N6,dismiss,-0.3,ts,1138,1
"[0.11458333333333333, -0.11458333333333333, 0.0, -0.5561959654178674, -0.7909090909090909, 0.0, 0.0, 0.0, 1.0, 0.5727064609689967, 1.0, 0.0, 0.0, 0.0, 0.0, 0.0, 0.0, 0.0]",107659,142262,N6,dismiss,-0.3,ts,1127,0
"[0.25000000000000006, -0.25000000000000006, 0.24608967674661097, -0.42924528301886794, 0.4117647058823529, 0.0, 0.0, 0.0, 1.0, 0.5912500777360127, 1.0, 0.0, 0.0, 0.0, 0.0, 0.0, 0.0, 0.0]",55882,86760,N6,dismiss,-0.3,ts,860,0
"[0.20000000000000004, -0.20000000000000004, -0.04175365344467641, -0.008287292817679558, -0.81875, 0.0, 0.0, 0.0, 1.0, 0.6835091685655666, 1.0, 0.0, 0.0, 0.0, 0.0, 0.0, 0.0, 0.0]",129198,158412,N6,dismiss,-0.3,ts,1554,1
"[0.1666666666666667, -0.1666666666666667, -0.13333333333333333, -0.04, -0.039999999999999994, 0.0, 0.0, 0.0, 1.0, 0.7413502371898478, 1.0, 0.0, 0.0, 0.0, 0.0, 0.0, 0.0, 0.0]",40383,156539,N6,accept,0.4166666666666667,ts,747,0
"[0.928, -0.928, 0.20008587376556464, 0.0, 0.0, 0.0, 0.0, 0.0, 1.0, 0.9049435187317112, 1.0, 0.0, 0.0, 0.0, 0.0, 0.0, 0.0, 0.0]",141777,16731,N6,accept,0.9496,ts,2572,0
"[0.25, -0.25, -0.17102202763715965, 0.0, 0.0, 0.0, 0.0, 0.0, 1.0, 0.781652731750395, 1.0, 0.0, 0.0, 0.0, 0.0, 0.0, 0.0, 0.0]",15456,15457,N6,dismiss,-0.3,ts,1015,0
"[0.023255813953488393, -0.023255813953488393, 0.03894297635605003, 0.0, -0.03571428571428571, 0.0, 0.0, 0.0, 1.0, 0.7333907959334611, 1.0, 0.0, 0.0, 0.0, 0.0, 0.0, 0.0, 0.0]",20076,20077,N6,dismiss,-0.3,ts,1575,1
"[0.07692307692307698, -0.07692307692307698, 0.12900096993210475, -0.04, -0.12000000000000002, 0.0, 0.0, 0.0, 1.0, 0.6896991942493407, 1.0, 0.0, 0.0, 0.0, 0.0, 0.0, 0.0, 0.0]",145085,151790,N6,dismiss,-0.3,ts,2454,1
"[0.5698529411764707, -0.5698529411764707, -0.058823529411764705, 0.0, 0.0, 0.0, 0.0, 0.0, 1.0, 0.9011914795127731, 1.0, 0.0, 0.0, 0.0, 0.0, 0.0, 0.0, 0.0]",41870,57385,N6,dismiss,-0.3,ts,937,1
"[0.8603174603174604, -0.8603174603174604, -0.3191489361702128, 0.3333333333333333, -0.338235294117647, 0.0, 0.0, 0.0, 1.0, 0.7237247416033036, 1.0, 0.0, 0.0, 0.0, 0.0, 0.0, 0.0, 0.0]",48746,59424,N6,dismiss,-0.3,ts,2164,1
"[0.05882352941176463, -0.05882352941176463, 0.0703125, 0.0, 0.0, 0.0, 0.0, 0.0, 1.0, 0.7457647664151278, 1.0, 0.0, 0.0, 0.0, 0.0, 0.0, 0.0, 0.0]",56819,29519,N6,dismiss,-0.3,ts,2900,1
"[0.1250000000000001, -0.1250000000000001, 0.1772262773722628, 0.0625, -0.1, 0.0, 0.0, 0.0, 1.0, 0.6918289288008301, 1.0, 0.0, 0.0, 0.0, 0.0, 0.0, 0.0, 0.0]",141833,55348,N6,dismiss,-0.3,ts,2437,1
"[0.14, -0.14, -0.31562500000000004, 0.030303030303030304, 0.0, 0.0, 0.0, 0.0, 1.0, 0.6993060113850216, 1.0, 0.0, 0.0, 0.0, 0.0, 0.0, 0.0, 0.0]",106755,69993,N6,accept,0.398,ts,1667,0
"[0.2307692307692307, -0.2307692307692307, -0.0625, -0.48333333333333334, -0.38, 0.0, 0.0, 0.0, 1.0, 0.6369417018705579, 1.0, 0.0, 0.0, 0.0, 0.0, 0.0, 0.0, 0.0]",57385,41650,N6,dismiss,-0.3,ts,2969,1
"[0.14285714285714288, -0.14285714285714288, 0.06235565819861427, -0.13793103448275862, -0.047619047619047616, 0.0, 0.0, 0.0, 1.0, 0.7295276906658968, 1.0, 0.0, 0.0, 0.0, 0.0, 0.0, 0.0, 0.0]",144702,71136,N6,dismiss,-0.3,ts,1234,1
"[0.24999999999999994, -0.24999999999999994, -0.11782032400589111, 0.014492753623188406, 0.01626016260162596, 0.0, 0.0, 0.0, 1.0, 0.7885172541022555, 1.0, 0.0, 0.0, 0.0, 0.0, 0.0, 0.0, 0.0]",108507,19869,N6,dismiss,-0.3,ts,2975,1
"[0.06666666666666654, -0.06666666666666654, -0.026350461133069828, -0.14246575342465753, -0.13636363636363635, 0.0, 0.0, 0.0, 1.0, 0.6916546600964453, 1.0, 0.0, 0.0, 0.0, 0.0, 0.0, 0.0, 0.0]",141844,16911,N6,accept,0.34666666666666657,ts,2626,0
"[0.12499999999999993, -0.12499999999999993, 0.10362694300518135, -0.007194244604316547, 0.0, 0.0, 0.0, 0.0, 1.0, 0.756753131913337, 1.0, 0.0, 0.0, 0.0, 0.0, 0.0, 0.0, 0.0]",108461,81462,N6,dismiss,-0.3,ts,934,1
"[0.25, -0.25, -0.46332737030411447, -0.10824742268041238, 0.19047619047619047, 0.0, 0.0, 0.0, 1.0, 0.6420465769124615, 1.0, 0.0, 0.0, 0.0, 0.0, 0.0, 0.0, 0.0]",16906,117045,N6,dismiss,-0.3,ts,2593,0
"[0.3888888888888889, -0.3888888888888889, -0.46507483962936563, 0.20416666666666666, 0.0235294117647058, 0.0, 0.0, 0.0, 1.0, 0.7029881973731301, 1.0, 0.0, 0.0, 0.0, 0.0, 0.0, 0.0, 0.0]",127487,114138,N6,dismiss,-0.3,ts,2889,0
"[0.31034482758620696, -0.31034482758620696, -0.7581317764804003, -0.9132947976878613, -0.8941176470588235, 0.0, 0.0, 0.0, 1.0, 0.45178117677251567, 1.0, 0.0, 0.0, 0.0, 0.0, 0.0, 0.0, 0.0]",64502,70828,N6,dismiss,-0.3,ts,2182,1
"[0.02857142857142844, -0.02857142857142844, -0.43774069319640574, 0.02, 0.019999999999999973, 0.0, 0.0, 0.0, 1.0, 0.6322768417624829, 1.0, 0.0, 0.0, 0.0, 0.0, 0.0, 0.0, 0.0]",33303,77265,N6,accept,0.3199999999999999,ts,603,1
"[0.6848739495798319, -0.6848739495798319, -0.17794486215538852, 1.0, 0.0, 0.0, 0.0, 0.0, 1.0, 0.7335761080901412, 1.0, 0.0, 0.0, 0.0, 0.0, 0.0, 0.0, 0.0]",185563,155668,N6,dismiss,-0.3,ts,908,0
"[0.24999999999999997, -0.24999999999999997, -0.18882352941176475, 0.0, 0.0, 0.0, 0.0, 0.0, 1.0, 0.7766838274694299, 1.0, 0.0, 0.0, 0.0, 0.0, 0.0, 0.0, 0.0]",38239,141751,N6,dismiss,-0.3,ts,1368,1
"[0.25, -0.25, -0.5708154506437768, -0.008595988538681949, 1.0, 0.0, 0.0, 0.0, 1.0, 0.5525921765486778, 1.0, 0.0, 0.0, 0.0, 0.0, 0.0, 0.0, 0.0]",189369,117045,N6,accept,0.475,ts,2758,0
"[0.8285714285714286, -0.8285714285714286, -0.522463768115942, 0.68, 0.55, 0.0, 0.0, 0.0, 1.0, 0.6203403653485181, 1.0, 0.0, 0.0, 0.0, 0.0, 0.0, 0.0, 0.0]",71136,170138,N6,dismiss,-0.3,ts,760,0
"[0.5982142857142858, -0.5982142857142858, 0.0, -0.9433333333333334, -0.890909090909091, 0.0, 0.0, 0.0, 1.0, 0.6767339857161061, 1.0, 0.0, 0.0, 0.0, 0.0, 0.0, 0.0, 0.0]",51061,63753,N6,dismiss,-0.3,ts,2601,1
"[0.5588235294117647, -0.5588235294117647, 0.18648648648648644, 1.0, -0.1111111111111111, 0.0, 0.0, 0.0, 1.0, 0.6883127908750944, 1.0, 0.0, 0.0, 0.0, 0.0, 0.0, 0.0, 0.0]",115299,128254,N6,dismiss,-0.3,ts,576,1
"[0.1250000000000001, -0.1250000000000001, 0.1772262773722628, 0.0, 0.0, 0.0, 0.0, 0.0, 1.0, 0.7366447804514437, 1.0, 0.0, 0.0, 0.0, 0.0, 0.0, 0.0, 0.0]",29519,55348,N6,accept,0.38750000000000007,ts,1748,1
"[0.02500000000000002, -0.02500000000000002, -0.33110367892976583, -0.18, -0.039999999999999994, 0.0, 0.0, 0.0, 1.0, 0.6056318521821138, 1.0, 0.0, 0.0, 0.0, 0.0, 0.0, 0.0, 0.0]",54434,62503,N6,dismiss,-0.3,ts,1097,1
"[0.5, -0.5, -0.03129890453834116, -0.014492753623188406, 0.0, 0.0, 0.0, 0.0, 1.0, 0.8923660563935448, 1.0, 0.0, 0.0, 0.0, 0.0, 0.0, 0.0, 0.0]",81462,39280,N6,accept,0.6499999999999999,ts,1707,1
"[0.33333333333333337, -0.33333333333333337, -0.2748368382886149, 0.0, 0.0, 0.0, 0.0, 0.0, 1.0, 0.7809569119829103, 1.0, 0.0, 0.0, 0.0, 0.0, 0.0, 0.0, 0.0]",141751,93860,N6,dismiss,-0.3,ts,809,0
"[0.375, -0.375, -0.12425665101721436, -0.04878048780487805, 0.5333333333333333, 0.0, 0.0, 0.0, 1.0, 0.7211295134258194, 1.0, 0.0, 0.0, 0.0, 0.0, 0.0, 0.0, 0.0]",43370,88671,N6,dismiss,-0.3,ts,1454,1
"[0.02500000000000002, -0.02500000000000002, 0.0, -0.12, -0.039999999999999994, 0.0, 0.0, 0.0, 1.0, 0.715832239057246, 1.0, 0.0, 0.0, 0.0, 0.0, 0.0, 0.0, 0.0]",18064,62503,N6,dismiss,-0.3,ts,455,1
"[0.04247104247104243, -0.04247104247104243, -0.2917825537294563, 0.05105105105105105, 0.041666666666666664, 0.0, 0.0, 0.0, 1.0, 0.6509335596158486, 1.0, 0.0, 0.0, 0.0, 0.0, 0.0, 0.0, 0.0]",20071,89602,N6,dismiss,-0.3,ts,2521,1
"[0.24999999999999997, -0.24999999999999997, -0.07773386034255607, 1.0, 0.22727272727272727, 0.0, 0.0, 0.0, 1.0, 0.6172933326580574, 1.0, 0.0, 0.0, 0.0, 0.0, 0.0, 0.0, 0.0]",85795,169335,N6,accept,0.475,ts,2527,1
"[0.1876923076923077, -0.1876923076923077, -0.4022617124394184, -0.024464831804281346, 0.16666666666666666, 0.0, 0.0, 0.0, 1.0, 0.6583592127879007, 1.0, 0.0, 0.0, 0.0, 0.0, 0.0, 0.0, 0.0]",63891,130294,N6,dismiss,-0.3,ts,980,1
"[0.3382352941176471, -0.3382352941176471, -0.3671817512877116, 0.026239067055393587, 0.1641791044776119, 0.0, 0.0, 0.0, 1.0, 0.7132792099227282, 1.0, 0.0, 0.0, 0.0, 0.0, 0.0, 0.0, 0.0]",185707,105899,N6,dismiss,-0.3,ts,1640,0
"[0.1666666666666667, -0.1666666666666667, 0.07142857142857142, -0.5081967213114754, 0.06000000000000001, 0.0, 0.0, 0.0, 1.0, 0.6719279802353277, 1.0, 0.0, 0.0, 0.0, 0.0, 0.0, 0.0, 0.0]",118798,71728,N6,dismiss,-0.3,ts,2381,1
"[0.5, -0.5, -0.4592875318066158, 0.0, 0.0, 0.0, 0.0, 0.0, 1.0, 0.7886047001257124, 1.0, 0.0, 0.0, 0.0, 0.0, 0.0, 0.0, 0.0]",90179,56398,N6,dismiss,-0.3,ts,2552,0
"[0.15000000000000013, -0.15000000000000013, -0.5289473684210527, -0.24, -0.020000000000000018, 0.0, 0.0, 0.0, 1.0, 0.611692733476693, 1.0, 0.0, 0.0, 0.0, 0.0, 0.0, 0.0, 0.0]",38124,63626,N6,dismiss,-0.3,ts,2778,1
"[0.11458333333333333, -0.11458333333333333, -0.11504424778761058, -0.5561959654178674, -0.7909090909090909, 0.0, 0.0, 0.0, 1.0, 0.5315991195502442, 1.0, 0.0, 0.0, 0.0, 0.0, 0.0, 0.0, 0.0]",108828,142262,N6,dismiss,-0.3,ts,1051,0
"[0.75, -0.75, -0.12559081701553013, 0.06583072100313479, -0.6759999999999999, 0.0, 0.0, 0.0, 1.0, 0.7782054867335635, 1.0, 0.0, 0.0, 0.0, 0.0, 0.0, 0.0, 0.0]",128276,145532,N6,dismiss,-0.3,ts,2351,0
"[0.15999999999999998, -0.15999999999999998, -0.26666666666666666, -0.22274881516587677, 0.5, 0.0, 0.0, 0.0, 1.0, 0.5774609167274939, 1.0, 0.0, 0.0, 0.0, 0.0, 0.0, 0.0, 0.0]",162680,152287,N6,dismiss,-0.3,ts,2177,1
"[0.01111111111111112, -0.01111111111111112, -0.3, -0.32608695652173914, -0.15999999999999998, 0.0, 0.0, 0.0, 1.0, 0.5509877827836802, 1.0, 0.0, 0.0, 0.0, 0.0, 0.0, 0.0, 0.0]",155815,79360,N6,accept,0.30777777777777776,ts,499,0
"[0.0555555555555556, -0.0555555555555556, -0.16666666666666666, 0.01764705882352941, 0.13636363636363635, 0.0, 0.0, 0.0, 1.0, 0.6730847801914981, 1.0, 0.0, 0.0, 0.0, 0.0, 0.0, 0.0, 0.0]",123856,105724,N6,dismiss,-0.3,ts,975,1
"[0.03846153846153842, -0.03846153846153842, 0.0, 0.0, 0.0, 0.0, 0.0, 0.0, 1.0, 0.7644070962643087, 1.0, 0.0, 0.0, 0.0, 0.0, 0.0, 0.0, 0.0]",48548,51122,N6,dismiss,-0.3,ts,2727,0
"[0.24999999999999997, -0.24999999999999997, -0.4993742177722153, -0.035211267605633804, -0.11764705882352941, 0.0, 0.0, 0.0, 1.0, 0.6716081249710165, 1.0, 0.0, 0.0, 0.0, 0.0, 0.0, 0.0, 0.0]",120828,115289,N6,dismiss,-0.3,ts,2563,1
"[0.6, -0.6, -0.10370370370370366, 0.3348623853211009, 0.3333333333333333, 0.0, 0.0, 0.0, 1.0, 0.7454021480082622, 1.0, 0.0, 0.0, 0.0, 0.0, 0.0, 0.0, 0.0]",164355,29663,N6,dismiss,-0.3,ts,2340,1
"[0.375, -0.375, 0.024727272727272716, -0.4527027027027027, 0.33999999999999997, 0.0, 0.0, 0.0, 1.0, 0.7044564132089861, 1.0, 0.0, 0.0, 0.0, 0.0, 0.0, 0.0, 0.0]",19607,154734,N6,accept,0.5625,ts,2029,0
"[0.3, -0.3, 0.2, 0.0, 0.0, 0.0, 0.0, 0.0, 1.0, 0.7895387605196299, 1.0, 0.0, 0.0, 0.0, 0.0, 0.0, 0.0, 0.0]",133969,50807,N6,dismiss,-0.3,ts,712,1
"[0.09090909090909098, -0.09090909090909098, -0.12200000000000003, 0.09375, 0.5942028985507245, 0.0, 0.0, 0.0, 1.0, 0.6106390525407687, 1.0, 0.0, 0.0, 0.0, 0.0, 0.0, 0.0, 0.0]",162892,117111,N6,dismiss,-0.3,ts,1862,1
"[0.21428571428571425, -0.21428571428571425, -0.28709055876685935, 0.06333333333333334, 0.2727272727272727, 0.0, 0.0, 0.0, 1.0, 0.6594235239518802, 1.0, 0.0, 0.0, 0.0, 0.0, 0.0, 0.0, 0.0]",16734,130294,N6,dismiss,-0.3,ts,1639,1
"[0.2, -0.2, 0.06177606177606183, -0.2127659574468085, 0.06000000000000005, 0.0, 0.0, 0.0, 1.0, 0.7306346526818904, 1.0, 0.0, 0.0, 0.0, 0.0, 0.0, 0.0, 0.0]",19611,19607,N6,dismiss,-0.3,ts,1400,1
"[0.20000000000000007, -0.20000000000000007, -0.2488262910798122, -0.022727272727272728, -0.041666666666666664, 0.0, 0.0, 0.0, 1.0, 0.7257604933508731, 1.0, 0.0, 0.0, 0.0, 0.0, 0.0, 0.0, 0.0]",43334,31972,N6,dismiss,-0.3,ts,2947,1
"[0.6909090909090908, -0.6909090909090908, -0.41158989598811296, -0.4, -0.1, 0.0, 0.0, 0.0, 1.0, 0.7221276459564802, 1.0, 0.0, 0.0, 0.0, 0.0, 0.0, 0.0, 0.0]",63997,66862,N6,dismiss,-0.3,ts,896,0
"[0.19117647058823523, -0.19117647058823523, -0.06984866123399301, -0.2669039145907473, 0.9285714285714286, 0.0, 0.0, 0.0, 1.0, 0.6050857620321691, 1.0, 0.0, 0.0, 0.0, 0.0, 0.0, 0.0, 0.0]",84577,138627,N6,dismiss,-0.3,ts,2531,1
"[0.5, -0.5, 0.14336917562724016, 0.3761467889908257, -0.5199999999999999, 0.0, 0.0, 0.0, 1.0, 0.6826397230933525, 1.0, 0.0, 0.0, 0.0, 0.0, 0.0, 0.0, 0.0]",19612,19597,N6,dismiss,-0.3,ts,1746,1
"[0.6818181818181819, -0.6818181818181819, -0.050125313283208024, 0.18840579710144928, -0.51, 0.0, 0.0, 0.0, 1.0, 0.7806619322864332, 1.0, 0.0, 0.0, 0.0, 0.0, 0.0, 0.0, 0.0]",48998,49086,N6,dismiss,-0.3,ts,1689,0
"[0.02500000000000002, -0.02500000000000002, -0.1863303498779495, 0.02, -0.07999999999999999, 0.0, 0.0, 0.0, 1.0, 0.6690903795112921, 1.0, 0.0, 0.0, 0.0, 0.0, 0.0, 0.0, 0.0]",130426,62540,N6,dismiss,-0.3,ts,2222,0
"[0.09722222222222213, -0.09722222222222213, 0.14842300556586271, -0.13031914893617022, 0.0, 0.0, 0.0, 0.0, 1.0, 0.7004176814126454, 1.0, 0.0, 0.0, 0.0, 0.0, 0.0, 0.0, 0.0]",63878,63891,N6,dismiss,-0.3,ts,1841,1
"[0.33333333333333337, -0.33333333333333337, -0.3220035778175313, 0.09333333333333334, -0.5545454545454546, 0.0, 0.0, 0.0, 1.0, 0.6445028751316437, 1.0, 0.0, 0.0, 0.0, 0.0, 0.0, 0.0, 0.0]",16731,49086,N6,dismiss,-0.3,ts,1486,0
"[0.29999999999999993, -0.29999999999999993, -0.6334862385321101, -0.009259259259259259, -0.16666666666666666, 0.0, 0.0, 0.0, 1.0, 0.6665388591094354, 1.0, 0.0, 0.0, 0.0, 0.0, 0.0, 0.0, 0.0]",85929,78135,N6,dismiss,-0.3,ts,2434,1
"[0.6875, -0.6875, -0.4357298474945534, -0.052924791086350974, 0.396551724137931, 0.0, 0.0, 0.0, 1.0, 0.7300701540116802, 1.0, 0.0, 0.0, 0.0, 0.0, 0.0, 0.0, 0.0]",158412,145532,N6,dismiss,-0.3,ts,763,0
"[0.142857142857143, -0.142857142857143, 0.04171011470281543, 0.06521739130434782, -0.040000000000000036, 0.0, 0.0, 0.0, 1.0, 0.7568836495319848, 1.0, 0.0, 0.0, 0.0, 0.0, 0.0, 0.0, 0.0]",16680,16681,N6,accept,0.4000000000000001,ts,675,1
"[0.16666666666666666, -0.16666666666666666, -0.16749999999999995, 1.0, 0.06145251396648053, 0.0, 0.0, 0.0, 1.0, 0.5897690701959244, 1.0, 0.0, 0.0, 0.0, 0.0, 0.0, 0.0, 0.0]",165914,191335,N6,dismiss,-0.3,ts,558,1
"[0.5, -0.5, -0.12990777338603424, 1.0, 0.2727272727272727, 0.0, 0.0, 0.0, 1.0, 0.6540070179142446, 1.0, 0.0, 0.0, 0.0, 0.0, 0.0, 0.0, 0.0]",85795,61314,N6,dismiss,-0.3,ts,1137,1
"[0.575, -0.575, 0.2222222222222222, 0.42, 0.05999999999999996, 0.0, 0.0, 0.0, 1.0, 0.7504165954533895, 1.0, 0.0, 0.0, 0.0, 0.0, 0.0, 0.0, 0.0]",30621,87407,N6,dismiss,-0.3,ts,2141,0
"[0.5, -0.5, -0.003994008986520312, 1.0, -0.11764705882352941, 0.0, 0.0, 0.0, 1.0, 0.7430455209920404, 1.0, 0.0, 0.0, 0.0, 0.0, 0.0, 0.0, 0.0]",107861,58951,N6,dismiss,-0.3,ts,2279,1
"[0.9271428571428572, -0.9271428571428572, 0.2222222222222222, -0.14, 0.21999999999999997, 0.0, 0.0, 0.0, 1.0, 0.8090410868744287, 1.0, 0.0, 0.0, 0.0, 0.0, 0.0, 0.0, 0.0]",18359,51572,N6,dismiss,-0.3,ts,2760,0
"[0.8253968253968255, -0.8253968253968255, -0.05657142857142848, -0.07268722466960352, 0.2727272727272727, 0.0, 0.0, 0.0, 1.0, 0.8564739922883224, 1.0, 0.0, 0.0, 0.0, 0.0, 0.0, 0.0, 0.0]",169062,61314,N6,dismiss,-0.3,ts,2697,1
"[0.25, -0.25, -0.5940460081190798, -0.0546448087431694, 1.0, 0.0, 0.0, 0.0, 1.0, 0.5370968143236092, 1.0, 0.0, 0.0, 0.0, 0.0, 0.0, 0.0, 0.0]",189368,117045,N6,dismiss,-0.3,ts,2584,0
"[0.3321428571428571, -0.3321428571428571, -0.10218253968253962, 0.0, 0.0, 0.0, 0.0, 0.0, 1.0, 0.8282108503945456, 1.0, 0.0, 0.0, 0.0, 0.0, 0.0, 0.0, 0.0]",55348,15139,N6,accept,0.5325,ts,2435,1
"[0.19999999999999993, -0.19999999999999993, 0.0, 0.0, 0.0, 0.0, 0.0, 0.0, 1.0, 0.8228281531128978, 1.0, 0.0, 0.0, 0.0, 0.0, 0.0, 0.0, 0.0]",133283,82419,N6,accept,0.43999999999999995,ts,2192,1
"[0.8572972972972973, -0.8572972972972973, -0.5482295482295483, 0.16423357664233576, 0.16666666666666666, 0.0, 0.0, 0.0, 1.0, 0.7468093182728421, 1.0, 0.0, 0.0, 0.0, 0.0, 0.0, 0.0, 0.0]",130295,130294,N6,accept,0.9001081081081082,ts,2137,1
"[0.28571428571428564, -0.28571428571428564, -0.23166472642607688, 0.0, 0.0, 0.0, 0.0, 0.0, 1.0, 0.7768687472321425, 1.0, 0.0, 0.0, 0.0, 0.0, 0.0, 0.0, 0.0]",93923,72620,N6,dismiss,-0.3,ts,2640,1
"[0.10714285714285708, -0.10714285714285708, -0.050131926121371996, -0.18685121107266436, -0.5833333333333334, 0.0, 0.0, 0.0, 1.0, 0.6206936583874068, 1.0, 0.0, 0.0, 0.0, 0.0, 0.0, 0.0, 0.0]",105432,145577,N6,dismiss,-0.3,ts,2183,1
"[0.12499999999999988, -0.12499999999999988, 0.0, -0.011299435028248588, -0.05555555555555555, 0.0, 0.0, 0.0, 1.0, 0.777207383246993, 1.0, 0.0, 0.0, 0.0, 0.0, 0.0, 0.0, 0.0]",185391,78003,N6,dismiss,-0.3,ts,2919,1
"[0.16666666666666666, -0.16666666666666666, 0.042234332425068105, -0.06837606837606838, -0.47058823529411764, 0.0, 0.0, 0.0, 1.0, 0.6843829948468139, 1.0, 0.0, 0.0, 0.0, 0.0, 0.0, 0.0, 0.0]",146728,164354,N6,accept,0.41666666666666663,ts,2543,1
"[0.75, -0.75, -0.4357298474945534, -0.03409090909090909, 0.82, 0.0, 0.0, 0.0, 1.0, 0.7052039581928611, 1.0, 0.0, 0.0, 0.0, 0.0, 0.0, 0.0, 0.0]",135617,145532,N6,accept,0.825,ts,889,1
"[0.8714285714285714, -0.8714285714285714, -0.34034034034034033, -0.14285714285714285, 0.7222222222222222, 0.0, 0.0, 0.0, 1.0, 0.7152452814798028, 1.0, 0.0, 0.0, 0.0, 0.0, 0.0, 0.0, 0.0]",155975,170138,N6,dismiss,-0.3,ts,468,1
"[0.4545454545454546, -0.4545454545454546, -0.375, 0.1308139534883721, 1.0, 0.0, 0.0, 0.0, 1.0, 0.6284182472827946, 1.0, 0.0, 0.0, 0.0, 0.0, 0.0, 0.0, 0.0]",31975,107588,N6,dismiss,-0.3,ts,1093,1
"[0.0714285714285715, -0.0714285714285715, -0.1111111111111111, 0.0, 0.0, 0.0, 0.0, 0.0, 1.0, 0.7368311669831881, 1.0, 0.0, 0.0, 0.0, 0.0, 0.0, 0.0, 0.0]",50807,57385,N6,dismiss,-0.3,ts,2051,1
"[0.8571428571428572, -0.8571428571428572, 0.05800000000000001, 0.054901960784313725, 0.0, 0.0, 0.0, 0.0, 1.0, 0.9269965060246893, 1.0, 0.0, 0.0, 0.0, 0.0, 0.0, 0.0, 0.0]",116982,117003,N6,accept,0.8999999999999999,ts,2454,0
"[0.6875, -0.6875, -0.4117647058823529, 1.0, 0.8333333333333334, 0.0, 0.0, 0.0, 1.0, 0.562625122959725, 1.0, 0.0, 0.0, 0.0, 0.0, 0.0, 0.0, 0.0]",18437,93863,N6,accept,0.78125,ts,2216,1
"[0.19709090909090918, -0.19709090909090918, 0.0, 0.0, 0.0, 0.0, 0.0, 0.0, 1.0, 0.8218285575581613, 1.0, 0.0, 0.0, 0.0, 0.0, 0.0, 0.0, 0.0]",152267,63876,N6,dismiss,-0.3,ts,2714,0
"[0.5599999999999999, -0.5599999999999999, 0.052291801162040054, 0.29454545454545455, -0.2448979591836735, 0.0, 0.0, 0.0, 1.0, 0.7767295963695724, 1.0, 0.0, 0.0, 0.0, 0.0, 0.0, 0.0, 0.0]",185412,87718,N6,dismiss,-0.3,ts,1125,0
"[0.24999999999999997, -0.24999999999999997, 0.16666666666666666, 0.0, 0.0, 0.0, 0.0, 0.0, 1.0, 0.7828956117024544, 1.0, 0.0, 0.0, 0.0, 0.0, 0.0, 0.0, 0.0]",18305,18309,N6,dismiss,-0.3,ts,1483,0
"[0.44999999999999996, -0.44999999999999996, -0.5411887382690302, -0.04619565217391304, -0.06666666666666667, 0.0, 0.0, 0.0, 1.0, 0.732860879105137, 1.0, 0.0, 0.0, 0.0, 0.0, 0.0, 0.0, 0.0]",43346,151838,N6,dismiss,-0.3,ts,2542,1
"[0.06666666666666672, -0.06666666666666672, -0.16684045881126172, 0.0380952380952381, 0.0, 0.0, 0.0, 0.0, 1.0, 0.7071694114641532, 1.0, 0.0, 0.0, 0.0, 0.0, 0.0, 0.0, 0.0]",56248,115245,N6,accept,0.3466666666666667,ts,2729,0
"[0.13333333333333344, -0.13333333333333344, -0.1, -0.75, -0.44000000000000006, 0.0, 0.0, 0.0, 1.0, 0.5587769414463242, 1.0, 0.0, 0.0, 0.0, 0.0, 0.0, 0.0, 0.0]",70105,79461,N6,dismiss,-0.3,ts,1582,0
"[0.39999999999999997, -0.39999999999999997, 0.0, -0.32, -0.12000000000000002, 0.0, 0.0, 0.0, 1.0, 0.7813504345159491, 1.0, 0.0, 0.0, 0.0, 0.0, 0.0, 0.0, 0.0]",71728,50997,N6,accept,0.58,ts,1402,1
"[0.24999999999999992, -0.24999999999999992, 0.09610802223987286, -0.34210526315789475, 0.05263157894736842, 0.0, 0.0, 0.0, 1.0, 0.7153014633789336, 1.0, 0.0, 0.0, 0.0, 0.0, 0.0, 0.0, 0.0]",144703,71136,N6,dismiss,-0.3,ts,2328,0
"[0.9075630252100839, -0.9075630252100839, -0.22770663562281723, -0.15658362989323843, 0.7857142857142857, 0.0, 0.0, 0.0, 1.0, 0.7368446712621034, 1.0, 0.0, 0.0, 0.0, 0.0, 0.0, 0.0, 0.0]",84577,117335,N6,dismiss,-0.3,ts,2298,1
"[0.0555555555555556, -0.0555555555555556, -0.16666666666666666, 0.01764705882352941, 0.0, 0.0, 0.0, 0.0, 1.0, 0.7088897221869671, 1.0, 0.0, 0.0, 0.0, 0.0, 0.0, 0.0, 0.0]",123852,105724,N6,dismiss,-0.3,ts,1703,1
"[0.5, -0.5, 0.10333333333333337, -0.29775280898876405, 0.6666666666666666, 0.0, 0.0, 0.0, 1.0, 0.6936775126177905, 1.0, 0.0, 0.0, 0.0, 0.0, 0.0, 0.0, 0.0]",138519,61306,N6,dismiss,-0.3,ts,1739,1
"[0.7333333333333334, -0.7333333333333334, -0.26660742057320597, 0.0, 0.0, 0.0, 0.0, 0.0, 1.0, 0.8674679027645708, 1.0, 0.0, 0.0, 0.0, 0.0, 0.0, 0.0, 0.0]",120796,120787,N6,dismiss,-0.3,ts,2802,1
"[0.11999999999999993, -0.11999999999999993, -0.2595454545454546, 0.06552706552706553, 0.14285714285714285, 0.0, 0.0, 0.0, 1.0, 0.6578296080215802, 1.0, 0.0, 0.0, 0.0, 0.0, 0.0, 0.0, 0.0]",151839,162740,N6,accept,0.38399999999999995,ts,787,1
"[0.24999999999999997, -0.24999999999999997, -0.27846265409717186, 0.0, 0.0, 0.0, 0.0, 0.0, 1.0, 0.7541829612825312, 1.0, 0.0, 0.0, 0.0, 0.0, 0.0, 0.0, 0.0]",141746,174748,N6,dismiss,-0.3,ts,2165,0
"[0.09090909090909098, -0.09090909090909098, 0.0, -0.002881844380403458, 0.041666666666666664, 0.0, 0.0, 0.0, 1.0, 0.7710257573776895, 1.0, 0.0, 0.0, 0.0, 0.0, 0.0, 0.0, 0.0]",43107,117053,N6,dismiss,-0.3,ts,2928,0
"[0.24999999999999997, -0.24999999999999997, -0.4117647058823529, 0.0, 0.0, 0.0, 0.0, 0.0, 1.0, 0.7273653355460075, 1.0, 0.0, 0.0, 0.0, 0.0, 0.0, 0.0, 0.0]",51607,174753,N6,accept,0.475,ts,2895,0
"[0.39285714285714285, -0.39285714285714285, -0.1965194109772423, 0.11255411255411256, -0.42592592592592593, 0.0, 0.0, 0.0, 1.0, 0.7011040251103882, 1.0, 0.0, 0.0, 0.0, 0.0, 0.0, 0.0, 0.0]",20077,20089,N6,dismiss,-0.3,ts,491,1
"[0.13333333333333344, -0.13333333333333344, -0.18181818181818182, -0.75, -0.44000000000000006, 0.0, 0.0, 0.0, 1.0, 0.5340595765105035, 1.0, 0.0, 0.0, 0.0, 0.0, 0.0, 0.0, 0.0]",18239,79461,N6,dismiss,-0.3,ts,724,0
"[0.25, -0.25, -0.5708154506437768, -0.008595988538681949, 1.0, 0.0, 0.0, 0.0, 1.0, 0.5525921765486778, 1.0, 0.0, 0.0, 0.0, 0.0, 0.0, 0.0, 0.0]",189369,117045,N6,dismiss,-0.3,ts,2067,0
"[0.16666666666666663, -0.16666666666666663, -0.8690000000000001, 0.1320754716981132, 0.2222222222222222, 0.0, 0.0, 0.0, 1.0, 0.5577597265846603, 1.0, 0.0, 0.0, 0.0, 0.0, 0.0, 0.0, 0.0]",63921,63863,N6,dismiss,-0.3,ts,1525,1
"[0.33333333333333337, -0.33333333333333337, -0.42857142857142855, 0.8197674418604651, -0.5555555555555556, 0.0, 0.0, 0.0, 1.0, 0.5288933496043463, 1.0, 0.0, 0.0, 0.0, 0.0, 0.0, 0.0, 0.0]",169335,169349,N6,accept,0.5333333333333333,ts,1729,0
"[0.2, -0.2, -0.28459937565036414, 0.34545454545454546, -0.020000000000000018, 0.0, 0.0, 0.0, 1.0, 0.655310363049713, 1.0, 0.0, 0.0, 0.0, 0.0, 0.0, 0.0, 0.0]",191662,19607,N6,dismiss,-0.3,ts,2895,1
"[0.27853881278538806, -0.27853881278538806, -0.18483197093551318, 0.008450704225352112, 0.1875, 0.0, 0.0, 0.0, 1.0, 0.7375433764069261, 1.0, 0.0, 0.0, 0.0, 0.0, 0.0, 0.0, 0.0]",64291,43387,N6,dismiss,-0.3,ts,1746,1
"[0.55, -0.55, -0.008365019011406936, 0.005434782608695652, -0.38, 0.0, 0.0, 0.0, 1.0, 0.834655709896273, 1.0, 0.0, 0.0, 0.0, 0.0, 0.0, 0.0, 0.0]",85163,128279,N6,dismiss,-0.3,ts,451,1
"[0.5887096774193549, -0.5887096774193549, 0.07140307033202427, -0.22822822822822822, -0.40384615384615385, 0.0, 0.0, 0.0, 1.0, 0.7622837978085156, 1.0, 0.0, 0.0, 0.0, 0.0, 0.0, 0.0, 0.0]",89601,20089,N6,dismiss,-0.3,ts,2874,1
"[0.12499999999999988, -0.12499999999999988, 0.03177124702144559, -0.23684210526315788, 0.10526315789473684, 0.0, 0.0, 0.0, 1.0, 0.6989493880617605, 1.0, 0.0, 0.0, 0.0, 0.0, 0.0, 0.0, 0.0]",144703,144702,N6,dismiss,-0.3,ts,686,0
"[0.5, -0.5, -0.052770448548812667, -0.4148936170212766, 0.08000000000000007, 0.0, 0.0, 0.0, 1.0, 0.7819976516061806, 1.0, 0.0, 0.0, 0.0, 0.0, 0.0, 0.0, 0.0]",84106,84107,N6,dismiss,-0.3,ts,688,1
"[0.09090909090909098, -0.09090909090909098, -0.08350730688935282, -0.005681818181818182, -0.08333333333333333, 0.0, 0.0, 0.0, 1.0, 0.728395972435001, 1.0, 0.0, 0.0, 0.0, 0.0, 0.0, 0.0, 0.0]",110877,117111,N6,dismiss,-0.3,ts,2495,1
"[0.12499999999999988, -0.12499999999999988, -0.05176876617773943, -0.1569767441860465, 0.05, 0.0, 0.0, 0.0, 1.0, 0.7219702999396377, 1.0, 0.0, 0.0, 0.0, 0.0, 0.0, 0.0, 0.0]",73628,180522,N6,dismiss,-0.3,ts,908,1
"[0.18750000000000003, -0.18750000000000003, -0.29411764705882354, 1.0, 0.44000000000000006, 0.0, 0.0, 0.0, 1.0, 0.4958926669599128, 1.0, 0.0, 0.0, 0.0, 0.0, 0.0, 0.0, 0.0]",18334,51654,N6,dismiss,-0.3,ts,2774,1
"[0.1250000000000001, -0.1250000000000001, 0.16218749999999993, 0.0, 0.0, 0.0, 0.0, 0.0, 1.0, 0.7409291148542603, 1.0, 0.0, 0.0, 0.0, 0.0, 0.0, 0.0, 0.0]",152421,55412,N6,accept,0.38750000000000007,ts,2169,1
"[0.25, -0.25, 0.09090909090909091, -0.32456140350877194, -0.10500000000000007, 0.0, 0.0, 0.0, 1.0, 0.706303156982304, 1.0, 0.0, 0.0, 0.0, 0.0, 0.0, 0.0, 0.0]",123778,165914,N6,dismiss,-0.3,ts,2215,0
"[0.5396825396825397, -0.5396825396825397, -0.5828988529718457, -0.014492753623188406, 0.0, 0.0, 0.0, 0.0, 1.0, 0.7753812406748245, 1.0, 0.0, 0.0, 0.0, 0.0, 0.0, 0.0, 0.0]",154624,40258,N6,accept,0.6777777777777777,ts,845,0
"[0.17090909090909095, -0.17090909090909095, -0.428377153218495, 0.0, 0.0, 0.0, 0.0, 0.0, 1.0, 0.6976303500772216, 1.0, 0.0, 0.0, 0.0, 0.0, 0.0, 0.0, 0.0]",16660,147348,N6,dismiss,-0.3,ts,1650,1
"[0.5, -0.5, -0.1669449081803005, -0.02857142857142857, -0.015999999999999945, 0.0, 0.0, 0.0, 1.0, 0.8389586327550722, 1.0, 0.0, 0.0, 0.0, 0.0, 0.0, 0.0, 0.0]",19869,81422,N6,dismiss,-0.3,ts,1261,1
"[0.20000000000000007, -0.20000000000000007, 0.06400000000000006, 1.0, 1.0, 0.0, 0.0, 0.0, 1.0, 0.5209741066595128, 1.0, 0.0, 0.0, 0.0, 0.0, 0.0, 0.0, 0.0]",142264,107170,N6,dismiss,-0.3,ts,1186,1
"[0.5, -0.5, 0.14336917562724016, 0.3761467889908257, -0.5199999999999999, 0.0, 0.0, 0.0, 1.0, 0.6826397230933525, 1.0, 0.0, 0.0, 0.0, 0.0, 0.0, 0.0, 0.0]",19612,19597,N6,dismiss,-0.3,ts,2099,1
"[0.25, -0.25, -0.09125735394718841, 0.0048543689320388345, 0.0, 0.0, 0.0, 0.0, 1.0, 0.8047745634796265, 1.0, 0.0, 0.0, 0.0, 0.0, 0.0, 0.0, 0.0]",15456,30338,N6,dismiss,-0.3,ts,848,0
"[0.11458333333333333, -0.11458333333333333, -0.08759124087591248, -0.5587392550143266, -0.77, 0.0, 0.0, 0.0, 1.0, 0.5416340437403093, 1.0, 0.0, 0.0, 0.0, 0.0, 0.0, 0.0, 0.0]",108839,142262,N6,dismiss,-0.3,ts,1653,0
"[0.24999999999999997, -0.24999999999999997, -0.4147058823529412, 0.0, 0.0, 0.0, 0.0, 0.0, 1.0, 0.726850521859211, 1.0, 0.0, 0.0, 0.0, 0.0, 0.0, 0.0, 0.0]",51609,174748,N6,dismiss,-0.3,ts,1486,0
"[0.5833333333333334, -0.5833333333333334, -0.05714285714285714, 0.2876712328767123, -0.26, 0.0, 0.0, 0.0, 1.0, 0.7779319246684238, 1.0, 0.0, 0.0, 0.0, 0.0, 0.0, 0.0, 0.0]",39888,19599,N6,accept,0.7083333333333333,ts,2327,0
"[0.25, -0.25, -0.18823529411764706, 0.0, 0.0, 0.0, 0.0, 0.0, 1.0, 0.7768452100027552, 1.0, 0.0, 0.0, 0.0, 0.0, 0.0, 0.0, 0.0]",113825,87177,N6,dismiss,-0.3,ts,2851,0
"[0.8611111111111112, -0.8611111111111112, 0.20008587376556464, 0.0, 0.0, 0.0, 0.0, 0.0, 1.0, 0.8989315901064011, 1.0, 0.0, 0.0, 0.0, 0.0, 0.0, 0.0, 0.0]",141734,16728,N6,dismiss,-0.3,ts,736,1
"[0.1250000000000001, -0.1250000000000001, 0.1111111111111111, 0.0, 0.0, 0.0, 0.0, 0.0, 1.0, 0.7564807805603966, 1.0, 0.0, 0.0, 0.0, 0.0, 0.0, 0.0, 0.0]",62598,29449,N6,dismiss,-0.3,ts,2919,1
"[0.4444444444444445, -0.4444444444444445, 0.07079646017699111, -0.703125, -0.58, 0.0, 0.0, 0.0, 1.0, 0.6530726482238095, 1.0, 0.0, 0.0, 0.0, 0.0, 0.0, 0.0, 0.0]",169352,132873,N6,dismiss,-0.3,ts,1633,0
"[0.37499999999999994, -0.37499999999999994, -0.36479999999999996, 0.17355371900826447, -0.22131147540983603, 0.0, 0.0, 0.0, 1.0, 0.6762396648786757, 1.0, 0.0, 0.0, 0.0, 0.0, 0.0, 0.0, 0.0]",81542,89666,N6,dismiss,-0.3,ts,2529,0
"[0.6875, -0.6875, -0.4117647058823529, 1.0, 0.8333333333333334, 0.0, 0.0, 0.0, 1.0, 0.562625122959725, 1.0, 0.0, 0.0, 0.0, 0.0, 0.0, 0.0, 0.0]",18437,93863,N6,dismiss,-0.3,ts,939,1
"[0.7, -0.7, -0.0986169573060733, 0.23694779116465864, -0.48888888888888893, 0.0, 0.0, 0.0, 1.0, 0.7594590490021755, 1.0, 0.0, 0.0, 0.0, 0.0, 0.0, 0.0, 0.0]",52481,115951,N6,dismiss,-0.3,ts,2773,0
"[0.2922374429223744, -0.2922374429223744, -0.1564647095565272, 0.011267605633802818, 0.125, 0.0, 0.0, 0.0, 1.0, 0.7628081802277575, 1.0, 0.0, 0.0, 0.0, 0.0, 0.0, 0.0, 0.0]",43388,85287,N6,dismiss,-0.3,ts,1021,1
"[0.2045454545454546, -0.2045454545454546, -0.24931506849315063, -0.019553072625698324, 1.0, 0.0, 0.0, 0.0, 1.0, 0.605028229497204, 1.0, 0.0, 0.0, 0.0, 0.0, 0.0, 0.0, 0.0]",93935,74278,N6,accept,0.44318181818181823,ts,2583,1
"[0.062499999999999965, -0.062499999999999965, 0.0, 0.07339449541284404, -0.038461538461538464, 0.0, 0.0, 0.0, 1.0, 0.7417846617265634, 1.0, 0.0, 0.0, 0.0, 0.0, 0.0, 0.0, 0.0]",169893,183357,N6,dismiss,-0.3,ts,2574,0
"[0.8530612244897959, -0.8530612244897959, -0.49268668206312544, 0.4482758620689655, 0.47619047619047616, 0.0, 0.0, 0.0, 1.0, 0.6578232997225838, 1.0, 0.0, 0.0, 0.0, 0.0, 0.0, 0.0, 0.0]",144702,170138,N6,accept,0.897142857142857,ts,1078,1
"[0.4444444444444445, -0.4444444444444445, 0.07079646017699111, -0.703125, -0.58, 0.0, 0.0, 0.0, 1.0, 0.6530726482238095, 1.0, 0.0, 0.0, 0.0, 0.0, 0.0, 0.0, 0.0]",169352,132873,N6,dismiss,-0.3,ts,1022,0
"[0.2588235294117647, -0.2588235294117647, 0.05868118572292794, 0.49834983498349833, -0.08333333333333333, 0.0, 0.0, 0.0, 1.0, 0.7026486459901005, 1.0, 0.0, 0.0, 0.0, 0.0, 0.0, 0.0, 0.0]",65211,169062,N3,dismiss,-0.3,ts,1540,1
"[0.1666666666666667, -0.1666666666666667, 0.2, 0.0, 0.0, 0.0, 0.0, 0.0, 1.0, 0.7452936748080553, 1.0, 0.0, 0.0, 0.0, 0.0, 0.0, 0.0, 0.0]",18364,61090,N6,dismiss,-0.3,ts,2388,0
"[0.20000000000000007, -0.20000000000000007, -0.20398009950248752, -0.019943019943019943, -0.041666666666666664, 0.0, 0.0, 0.0, 1.0, 0.7379707251011351, 1.0, 0.0, 0.0, 0.0, 0.0, 0.0, 0.0, 0.0]",72081,31972,N6,dismiss,-0.3,ts,1052,1
"[0.6428571428571429, -0.6428571428571429, 0.0, 0.0, 0.0, 0.0, 0.0, 0.0, 1.0, 0.9365456071518827, 1.0, 0.0, 0.0, 0.0, 0.0, 0.0, 0.0, 0.0]",37993,60783,N6,accept,0.75,ts,1177,1
"[0.19709090909090918, -0.19709090909090918, 0.0, 0.0, 0.0, 0.0, 0.0, 0.0, 1.0, 0.8218285575581613, 1.0, 0.0, 0.0, 0.0, 0.0, 0.0, 0.0, 0.0]",152267,63876,N6,dismiss,-0.3,ts,711,0
"[0.3636363636363637, -0.3636363636363637, 0.020408163265306048, 0.0110803324099723, 0.07142857142857142, 0.0, 0.0, 0.0, 1.0, 0.8430216704000497, 1.0, 0.0, 0.0, 0.0, 0.0, 0.0, 0.0, 0.0]",123215,123174,N6,dismiss,-0.3,ts,2057,0
"[0.3333333333333333, -0.3333333333333333, -0.5264684554024656, 0.0, 0.0, 0.0, 0.0, 0.0, 1.0, 0.7353115934875609, 1.0, 0.0, 0.0, 0.0, 0.0, 0.0, 0.0, 0.0]",141749,63859,N6,dismiss,-0.3,ts,2582,1
"[0.47058823529411764, -0.47058823529411764, 0.15384615384615385, 0.0, 0.0, 0.0, 0.0, 0.0, 1.0, 0.8490503635579928, 1.0, 0.0, 0.0, 0.0, 0.0, 0.0, 0.0, 0.0]",156353,18570,N6,dismiss,-0.3,ts,2863,0
"[0.415625, -0.415625, 0.1312500000000001, 0.0, 0.0, 0.0, 0.0, 0.0, 1.0, 0.8422044928641546, 1.0, 0.0, 0.0, 0.0, 0.0, 0.0, 0.0, 0.0]",152518,15139,N6,dismiss,-0.3,ts,520,0
"[0.5, -0.5, -0.8695410292072322, -0.19811320754716982, -0.4507042253521127, 0.0, 0.0, 0.0, 1.0, 0.6057513210797535, 1.0, 0.0, 0.0, 0.0, 0.0, 0.0, 0.0, 0.0]",87864,116982,N6,dismiss,-0.3,ts,1759,1
"[0.05882352941176463, -0.05882352941176463, 0.0703125, 0.0, 0.0, 0.0, 0.0, 0.0, 1.0, 0.7457647664151278, 1.0, 0.0, 0.0, 0.0, 0.0, 0.0, 0.0, 0.0]",56819,29519,N6,dismiss,-0.3,ts,1961,1
"[0.047619047619047596, -0.047619047619047596, -0.16684045881126172, 0.0, -0.02439024390243908, 0.0, 0.0, 0.0, 1.0, 0.7039418203838728, 1.0, 0.0, 0.0, 0.0, 0.0, 0.0, 0.0, 0.0]",154624,53366,N6,accept,0.3333333333333333,ts,1854,1
"[0.5636363636363637, -0.5636363636363637, -0.3181818181818182, 0.10826210826210826, 0.7142857142857143, 0.0, 0.0, 0.0, 1.0, 0.684759117069591, 1.0, 0.0, 0.0, 0.0, 0.0, 0.0, 0.0, 0.0]",70000,107588,N6,dismiss,-0.3,ts,2446,1
"[0.043062200956937836, -0.043062200956937836, -0.7251084934903905, 0.0, 0.0, 0.0, 0.0, 0.0, 1.0, 0.6130297832369747, 1.0, 0.0, 0.0, 0.0, 0.0, 0.0, 0.0, 0.0]",90708,54194,N6,dismiss,-0.3,ts,583,1
"[0.20000000000000007, -0.20000000000000007, -0.0719734660033167, 0.005698005698005698, 0.07142857142857142, 0.0, 0.0, 0.0, 1.0, 0.7743468796928912, 1.0, 0.0, 0.0, 0.0, 0.0, 0.0, 0.0, 0.0]",15532,88669,N6,dismiss,-0.3,ts,1711,1
"[0.9099999999999999, -0.9099999999999999, -0.4296769851951548, -0.0026246719160104987, 0.5333333333333333, 0.0, 0.0, 0.0, 1.0, 0.7549117572795517, 1.0, 0.0, 0.0, 0.0, 0.0, 0.0, 0.0, 0.0]",106764,89765,N6,accept,0.9369999999999998,ts,1962,1
"[0.11999999999999993, -0.11999999999999993, -0.6675531914893617, 0.039886039886039885, 0.07142857142857142, 0.0, 0.0, 0.0, 1.0, 0.6156769533587703, 1.0, 0.0, 0.0, 0.0, 0.0, 0.0, 0.0, 0.0]",130440,123012,N6,dismiss,-0.3,ts,419,1
"[0.1200000000000001, -0.1200000000000001, 0.1455847255369929, -0.08011869436201781, -0.52, 0.0, 0.0, 0.0, 1.0, 0.6248074521533694, 1.0, 0.0, 0.0, 0.0, 0.0, 0.0, 0.0, 0.0]",57278,59423,N6,dismiss,-0.3,ts,1922,0
"[0.3230769230769231, -0.3230769230769231, -0.39503932244404116, 1.0, -0.6470588235294118, 0.0, 0.0, 0.0, 1.0, 0.49503773927859074, 1.0, 0.0, 0.0, 0.0, 0.0, 0.0, 0.0, 0.0]",61360,169349,N6,accept,0.5261538461538462,ts,980,0
"[0.64, -0.64, -0.3215400624349636, 0.6818181818181818, -0.4600000000000001, 0.0, 0.0, 0.0, 1.0, 0.6393406062349359, 1.0, 0.0, 0.0, 0.0, 0.0, 0.0, 0.0, 0.0]",191662,128279,N6,dismiss,-0.3,ts,987,0
"[0.4545454545454546, -0.4545454545454546, -0.375, -0.0028735632183908046, 0.8333333333333334, 0.0, 0.0, 0.0, 1.0, 0.6701200877280795, 1.0, 0.0, 0.0, 0.0, 0.0, 0.0, 0.0, 0.0]",32065,107659,N6,accept,0.6181818181818182,ts,666,1
"[0.4545454545454546, -0.4545454545454546, -0.060150375939849676, 0.13742690058479531, 1.0, 0.0, 0.0, 0.0, 1.0, 0.7035698820670233, 1.0, 0.0, 0.0, 0.0, 0.0, 0.0, 0.0, 0.0]",107170,107588,N6,dismiss,-0.3,ts,1095,1
"[0.46428571428571425, -0.46428571428571425, 0.15714899098325463, -0.05, -0.17272727272727276, 0.0, 0.0, 0.0, 1.0, 0.7884946537760977, 1.0, 0.0, 0.0, 0.0, 0.0, 0.0, 0.0, 0.0]",141736,63943,N6,dismiss,-0.3,ts,1357,1
"[0.5370370370370371, -0.5370370370370371, -0.2713636363636363, -0.8087431693989071, -0.06000000000000005, 0.0, 0.0, 0.0, 1.0, 0.6958125988425242, 1.0, 0.0, 0.0, 0.0, 0.0, 0.0, 0.0, 0.0]",104492,115984,N6,dismiss,-0.3,ts,1987,1
"[0.20000000000000004, -0.20000000000000004, 0.027816411682892905, 0.027989821882951654, -0.16666666666666666, 0.0, 0.0, 0.0, 1.0, 0.7613188831570714, 1.0, 0.0, 0.0, 0.0, 0.0, 0.0, 0.0, 0.0]",110096,81395,N6,dismiss,-0.3,ts,702,1
"[0.42400000000000004, -0.42400000000000004, -0.5543175487465181, -0.20909090909090908, -0.42000000000000004, 0.0, 0.0, 0.0, 1.0, 0.6200372372311214, 1.0, 0.0, 0.0, 0.0, 0.0, 0.0, 0.0, 0.0]",84107,106004,N6,accept,0.5968,ts,2252,1
"[0.20000000000000004, -0.20000000000000004, -0.44341372912801486, 0.08761329305135952, -0.07142857142857142, 0.0, 0.0, 0.0, 1.0, 0.6611419918461581, 1.0, 0.0, 0.0, 0.0, 0.0, 0.0, 0.0, 0.0]",63911,90182,N6,accept,0.44,ts,1289,0
"[0.52, -0.52, 0.11648223645894, 0.0, 0.0, 0.0, 0.0, 0.0, 1.0, 0.8716130198763568, 1.0, 0.0, 0.0, 0.0, 0.0, 0.0, 0.0, 0.0]",142501,54196,N6,dismiss,-0.3,ts,2519,0
"[0.3142857142857143, -0.3142857142857143, -0.502322495023225, -0.005698005698005698, 0.42857142857142855, 0.0, 0.0, 0.0, 1.0, 0.6450293626561832, 1.0, 0.0, 0.0, 0.0, 0.0, 0.0, 0.0, 0.0]",74278,107563,N6,accept,0.52,ts,1245,1
"[0.25, -0.25, -0.25925925925925924, 0.048484848484848485, 0.041666666666666664, 0.0, 0.0, 0.0, 1.0, 0.7328139323987184, 1.0, 0.0, 0.0, 0.0, 0.0, 0.0, 0.0, 0.0]",142494,117045,N6,dismiss,-0.3,ts,2755,0
"[0.625, -0.625, 0.0026755852842809983, 0.7803468208092486, -0.54, 0.0, 0.0, 0.0, 1.0, 0.7148883874284145, 1.0, 0.0, 0.0, 0.0, 0.0, 0.0, 0.0, 0.0]",158410,115951,N6,accept,0.7375,ts,1696,1
"[0.9285714285714285, -0.9285714285714285, -0.4172461752433937, 0.031446540880503145, 0.6901408450704226, 0.0, 0.0, 0.0, 1.0, 0.7363511691399339, 1.0, 0.0, 0.0, 0.0, 0.0, 0.0, 0.0, 0.0]",87864,57551,N6,accept,0.95,ts,2817,0
"[0.4444444444444445, -0.4444444444444445, 0.003719599427753804, 0.0, 0.0, 0.0, 0.0, 0.0, 1.0, 0.8942134170360632, 1.0, 0.0, 0.0, 0.0, 0.0, 0.0, 0.0, 0.0]",147468,147381,N6,dismiss,-0.3,ts,1435,1
"[0.15000000000000013, -0.15000000000000013, -0.5036842105263158, -0.24, -0.020000000000000018, 0.0, 0.0, 0.0, 1.0, 0.6152912841830693, 1.0, 0.0, 0.0, 0.0, 0.0, 0.0, 0.0, 0.0]",18611,56971,N6,dismiss,-0.3,ts,496,1
"[0.7058823529411765, -0.7058823529411765, 0.17350527549824157, 1.0, 1.0, 0.0, 0.0, 0.0, 1.0, 0.5877642613125235, 1.0, 0.0, 0.0, 0.0, 0.0, 0.0, 0.0, 0.0]",147129,170191,N6,accept,0.7941176470588236,ts,1378,1
"[0.25, -0.25, -0.3076404494382023, -0.0024271844660194173, 0.0, 0.0, 0.0, 0.0, 1.0, 0.7469607690022103, 1.0, 0.0, 0.0, 0.0, 0.0, 0.0, 0.0, 0.0]",70069,189231,N6,dismiss,-0.3,ts,1517,0
"[0.4444444444444445, -0.4444444444444445, 0.17096774193548378, -0.18, -0.58, 0.0, 0.0, 0.0, 1.0, 0.6894489194008218, 1.0, 0.0, 0.0, 0.0, 0.0, 0.0, 0.0, 0.0]",81420,132873,N6,dismiss,-0.3,ts,1763,0
"[0.55, -0.55, 0.0, 0.006872852233676976, 0.0, 0.0, 0.0, 0.0, 1.0, 0.9173977756641208, 1.0, 0.0, 0.0, 0.0, 0.0, 0.0, 0.0, 0.0]",106148,106147,N6,dismiss,-0.3,ts,1797,0
"[0.24242424242424238, -0.24242424242424238, 0.13120567375886522, -0.42483660130718953, 0.10000000000000002, 0.0, 0.0, 0.0, 1.0, 0.6778849714953497, 1.0, 0.0, 0.0, 0.0, 0.0, 0.0, 0.0, 0.0]",120700,19600,N6,accept,0.4696969696969696,ts,2964,1
"[0.5, -0.5, -0.03129890453834116, -0.014492753623188406, 0.0, 0.0, 0.0, 0.0, 1.0, 0.8923660563935448, 1.0, 0.0, 0.0, 0.0, 0.0, 0.0, 0.0, 0.0]",81462,39280,N6,dismiss,-0.3,ts,1755,0
"[0.7066666666666667, -0.7066666666666667, -0.08883826879271067, 1.0, -0.25, 0.0, 0.0, 0.0, 1.0, 0.7175078175163225, 1.0, 0.0, 0.0, 0.0, 0.0, 0.0, 0.0, 0.0]",128254,169349,N6,dismiss,-0.3,ts,630,0
"[0.12244897959183673, -0.12244897959183673, -0.10012515644555695, -0.2978723404255319, 0.12, 0.0, 0.0, 0.0, 1.0, 0.659781019280673, 1.0, 0.0, 0.0, 0.0, 0.0, 0.0, 0.0, 0.0]",158420,20076,N6,dismiss,-0.3,ts,732,1
"[0.16666666666666663, -0.16666666666666663, -0.1497064579256361, -0.04, -0.039999999999999994, 0.0, 0.0, 0.0, 1.0, 0.7364152237187678, 1.0, 0.0, 0.0, 0.0, 0.0, 0.0, 0.0, 0.0]",122734,81996,N6,dismiss,-0.3,ts,2961,0
"[0.09999999999999996, -0.09999999999999996, 0.0, 0.03870967741935484, -0.045454545454545456, 0.0, 0.0, 0.0, 1.0, 0.7630116146408217, 1.0, 0.0, 0.0, 0.0, 0.0, 0.0, 0.0, 0.0]",111130,108202,N6,dismiss,-0.3,ts,2078,0
"[0.7942857142857144, -0.7942857142857144, -0.3214124038026256, 0.19672131147540983, -0.375, 0.0, 0.0, 0.0, 1.0, 0.7349808423477768, 1.0, 0.0, 0.0, 0.0, 0.0, 0.0, 0.0, 0.0]",81541,128284,N6,dismiss,-0.3,ts,2051,1
"[0.9299999999999999, -0.9299999999999999, -0.29996305873660883, 0.09333333333333334, -0.5545454545454546, 0.0, 0.0, 0.0, 1.0, 0.7547738034087241, 1.0, 0.0, 0.0, 0.0, 0.0, 0.0, 0.0, 0.0]",82038,49086,N6,dismiss,-0.3,ts,981,0
"[0.8285714285714286, -0.8285714285714286, -0.4171011470281544, -0.3619047619047619, -0.6916666666666668, 0.0, 0.0, 0.0, 1.0, 0.6587576964334717, 1.0, 0.0, 0.0, 0.0, 0.0, 0.0, 0.0, 0.0]",56248,54927,N6,dismiss,-0.3,ts,500,1
"[0.4545454545454546, -0.4545454545454546, -0.375, 0.014534883720930232, 0.6666666666666666, 0.0, 0.0, 0.0, 1.0, 0.6778902185528062, 1.0, 0.0, 0.0, 0.0, 0.0, 0.0, 0.0, 0.0]",31975,107563,N6,dismiss,-0.3,ts,2989,0
"[0.018181818181818195, -0.018181818181818195, 0.060698027314112286, 0.0, 0.0, 0.0, 0.0, 0.0, 1.0, 0.7339531141075869, 1.0, 0.0, 0.0, 0.0, 0.0, 0.0, 0.0, 0.0]",49870,147468,N6,accept,0.31272727272727274,ts,1107,0
"[0.2857142857142857, -0.2857142857142857, -0.4777406789092932, 0.3393939393939394, -0.07692307692307693, 0.0, 0.0, 0.0, 1.0, 0.632652381055501, 1.0, 0.0, 0.0, 0.0, 0.0, 0.0, 0.0, 0.0]",179649,104466,N6,dismiss,-0.3,ts,2324,1
"[0.1250000000000001, -0.1250000000000001, 0.2222222222222222, 0.0, -0.06000000000000001, 0.0, 0.0, 0.0, 1.0, 0.7076074431705994, 1.0, 0.0, 0.0, 0.0, 0.0, 0.0, 0.0, 0.0]",30711,125786,N6,dismiss,-0.3,ts,791,1
"[0.3636363636363637, -0.3636363636363637, 0.0, 0.061046511627906974, 0.0, 0.0, 0.0, 0.0, 1.0, 0.8570363402900383, 1.0, 0.0, 0.0, 0.0, 0.0, 0.0, 0.0, 0.0]",123009,123174,N6,dismiss,-0.3,ts,2295,0
"[0.25, -0.25, 0.0, -0.008595988538681949, 0.08695652173913043, 0.0, 0.0, 0.0, 1.0, 0.8130880893622596, 1.0, 0.0, 0.0, 0.0, 0.0, 0.0, 0.0, 0.0]",57106,117045,N6,dismiss,-0.3,ts,1531,0
"[0.1, -0.07, -0.2697495183044316, -0.05, -0.17272727272727276, 0.0, 0.0, 0.0, 1.0, 0.63467239594446, 1.0, 0.0, 0.0, 0.0, 0.0, 0.0, 0.0, 0.0]",49082,49005,N6,dismiss,-0.3,ts,641,0
"[0.5, -0.5, -0.3, 0.0, 0.0, 0.0, 0.0, 0.0, 1.0, 0.8185495653156272, 1.0, 0.0, 0.0, 0.0, 0.0, 0.0, 0.0, 0.0]",38636,18374,N6,dismiss,-0.3,ts,2942,0
"[0.2313725490196078, -0.2313725490196078, 0.2053511705685619, 1.0, -0.11764705882352941, 0.0, 0.0, 0.0, 1.0, 0.5903487599092021, 1.0, 0.0, 0.0, 0.0, 0.0, 0.0, 0.0, 0.0]",89664,155693,N6,dismiss,-0.3,ts,2528,1
"[0.726890756302521, -0.726890756302521, -0.05542857142857136, -0.28085106382978725, 0.1724137931034483, 0.0, 0.0, 0.0, 1.0, 0.820050533812155, 1.0, 0.0, 0.0, 0.0, 0.0, 0.0, 0.0, 0.0]",104679,61360,N6,dismiss,-0.3,ts,2654,1
"[0.12499999999999988, -0.12499999999999988, 0.21153846153846154, 0.049723756906077346, 0.05555555555555555, 0.0, 0.0, 0.0, 1.0, 0.6973654663264208, 1.0, 0.0, 0.0, 0.0, 0.0, 0.0, 0.0, 0.0]",146678,180524,N6,dismiss,-0.3,ts,1771,0
"[0.24999999999999997, -0.24999999999999997, -0.4147058823529412, 0.0, 0.0, 0.0, 0.0, 0.0, 1.0, 0.726850521859211, 1.0, 0.0, 0.0, 0.0, 0.0, 0.0, 0.0, 0.0]",51609,174748,N6,dismiss,-0.3,ts,2017,0
"[0.25, -0.25, 0.22714285714285723, 0.052434456928838954, -0.06666666666666667, 0.0, 0.0, 0.0, 1.0, 0.7329119913938553, 1.0, 0.0, 0.0, 0.0, 0.0, 0.0, 0.0, 0.0]",57653,21089,N6,dismiss,-0.3,ts,1838,0
"[0.16666666666666666, -0.16666666666666666, 0.1607022282241729, -0.3166144200626959, -0.32, 0.0, 0.0, 0.0, 1.0, 0.614980748921418, 1.0, 0.0, 0.0, 0.0, 0.0, 0.0, 0.0, 0.0]",128276,81396,N6,dismiss,-0.3,ts,2258,1
"[0.09090909090909098, -0.09090909090909098, 0.16701461377870563, 0.10227272727272728, -0.125, 0.0, 0.0, 0.0, 1.0, 0.6661605042583887, 1.0, 0.0, 0.0, 0.0, 0.0, 0.0, 0.0, 0.0]",110877,16906,N6,dismiss,-0.3,ts,2010,0
"[0.5367647058823529, -0.5367647058823529, 0.058823529411764705, 0.0, 0.0, 0.0, 0.0, 0.0, 1.0, 0.8945280614741626, 1.0, 0.0, 0.0, 0.0, 0.0, 0.0, 0.0, 0.0]",41870,50807,N6,dismiss,-0.3,ts,2592,1
"[0.7954545454545455, -0.7954545454545455, -0.058333333333333376, 0.08571428571428572, 1.0, 0.0, 0.0, 0.0, 1.0, 0.7646405915394846, 1.0, 0.0, 0.0, 0.0, 0.0, 0.0, 0.0, 0.0]",30105,89765,N6,dismiss,-0.3,ts,2324,1
"[0.24999999999999992, -0.24999999999999992, 0.2002503128911139, -0.38235294117647056, 0.13333333333333333, 0.0, 0.0, 0.0, 1.0, 0.6582961325508248, 1.0, 0.0, 0.0, 0.0, 0.0, 0.0, 0.0, 0.0]",139806,115240,N6,dismiss,-0.3,ts,772,0
"[0.25, -0.25, 0.0, 0.011695906432748537, 0.25, 0.0, 0.0, 0.0, 1.0, 0.7771008967590011, 1.0, 0.0, 0.0, 0.0, 0.0, 0.0, 0.0, 0.0]",43087,117045,N6,dismiss,-0.3,ts,2924,0
"[0.12499999999999988, -0.12499999999999988, 0.22662889518413595, -0.23684210526315788, 0.10526315789473684, 0.0, 0.0, 0.0, 1.0, 0.6383733944913446, 1.0, 0.0, 0.0, 0.0, 0.0, 0.0, 0.0, 0.0]",180520,144702,N6,dismiss,-0.3,ts,1511,0
"[0.12499999999999999, -0.12499999999999999, 0.0, 0.0392156862745098, 0.019999999999999973, 0.0, 0.0, 0.0, 1.0, 0.7791365420991551, 1.0, 0.0, 0.0, 0.0, 0.0, 0.0, 0.0, 0.0]",130670,122719,N6,dismiss,-0.3,ts,1593,1
"[0.09090909090909098, -0.09090909090909098, -0.20200000000000004, 0.075, 0.7391304347826086, 0.0, 0.0, 0.0, 1.0, 0.5807212711570711, 1.0, 0.0, 0.0, 0.0, 0.0, 0.0, 0.0, 0.0]",162892,174772,N6,dismiss,-0.3,ts,2994,1
"[0.2380952380952381, -0.2380952380952381, -0.31282586027111575, 0.007246376811594203, 0.0, 0.0, 0.0, 0.0, 1.0, 0.7404980311243222, 1.0, 0.0, 0.0, 0.0, 0.0, 0.0, 0.0, 0.0]",154624,19865,N6,dismiss,-0.3,ts,2435,1
"[0.2307692307692307, -0.2307692307692307, -0.0625, -0.48333333333333334, -0.38, 0.0, 0.0, 0.0, 1.0, 0.6369417018705579, 1.0, 0.0, 0.0, 0.0, 0.0, 0.0, 0.0, 0.0]",57385,41650,N6,dismiss,-0.3,ts,1508,1
"[0.692, -0.692, 0.07598566308243732, 0.10727969348659004, 0.03571428571428559, 0.0, 0.0, 0.0, 1.0, 0.8767707971153142, 1.0, 0.0, 0.0, 0.0, 0.0, 0.0, 0.0, 0.0]",81449,114138,N6,dismiss,-0.3,ts,999,0
"[0.24999999999999997, -0.24999999999999997, -0.4993742177722153, -0.035211267605633804, -0.11764705882352941, 0.0, 0.0, 0.0, 1.0, 0.6716081249710165, 1.0, 0.0, 0.0, 0.0, 0.0, 0.0, 0.0, 0.0]",120828,115289,N6,dismiss,-0.3,ts,1942,1
"[0.25, -0.25, 0.0, -0.005747126436781609, -0.16666666666666666, 0.0, 0.0, 0.0, 1.0, 0.7953547792253595, 1.0, 0.0, 0.0, 0.0, 0.0, 0.0, 0.0, 0.0]",117105,117045,N6,dismiss,-0.3,ts,489,0
"[0.25, -0.25, 0.0, 0.0, -0.10714285714285714, 0.0, 0.0, 0.0, 1.0, 0.8106570116385049, 1.0, 0.0, 0.0, 0.0, 0.0, 0.0, 0.0, 0.0]",43098,117045,N6,dismiss,-0.3,ts,483,0
"[0.25, -0.25, 0.08600392413342063, 0.006075334143377886, 0.0, 0.0, 0.0, 0.0, 1.0, 0.8061722905617785, 1.0, 0.0, 0.0, 0.0, 0.0, 0.0, 0.0, 0.0]",75083,30338,N6,dismiss,-0.3,ts,766,0
"[0.0714285714285715, -0.0714285714285715, -0.3333333333333333, 0.0, 0.0, 0.0, 0.0, 0.0, 1.0, 0.6793671102063449, 1.0, 0.0, 0.0, 0.0, 0.0, 0.0, 0.0, 0.0]",50807,51654,N6,dismiss,-0.3,ts,1464,1
"[0.264, -0.264, -0.2317559863169897, 0.0, 0.0, 0.0, 0.0, 0.0, 1.0, 0.7699444006148144, 1.0, 0.0, 0.0, 0.0, 0.0, 0.0, 0.0, 0.0]",147381,63876,N6,dismiss,-0.3,ts,2798,1
"[0.7794117647058824, -0.7794117647058824, -0.2552225249772934, 1.0, 0.35714285714285715, 0.0, 0.0, 0.0, 1.0, 0.6639172009279912, 1.0, 0.0, 0.0, 0.0, 0.0, 0.0, 0.0, 0.0]",156584,155668,N6,dismiss,-0.3,ts,1962,0
"[0.3636363636363637, -0.3636363636363637, 0.0, 0.061046511627906974, 0.0, 0.0, 0.0, 0.0, 1.0, 0.8570363402900383, 1.0, 0.0, 0.0, 0.0, 0.0, 0.0, 0.0, 0.0]",123210,123174,N6,dismiss,-0.3,ts,1050,0
"[0.25000000000000006, -0.25000000000000006, -0.10427528675703858, -0.3401360544217687, 0.17647058823529413, 0.0, 0.0, 0.0, 1.0, 0.6833059974324363, 1.0, 0.0, 0.0, 0.0, 0.0, 0.0, 0.0, 0.0]",115240,139804,N6,dismiss,-0.3,ts,2551,0
"[0.2794117647058824, -0.2794117647058824, -0.4150110375275938, 0.023323615160349854, 0.07462686567164178, 0.0, 0.0, 0.0, 1.0, 0.7086208261787135, 1.0, 0.0, 0.0, 0.0, 0.0, 0.0, 0.0, 0.0]",185707,105872,N6,dismiss,-0.3,ts,1161,0
"[0.3571428571428571, -0.3571428571428571, -0.49471210340775557, 0.017341040462427744, -0.012658227848101333, 0.0, 0.0, 0.0, 1.0, 0.7379294538140533, 1.0, 0.0, 0.0, 0.0, 0.0, 0.0, 0.0, 0.0]",117162,105899,N6,dismiss,-0.3,ts,777,1
"[0.12, -0.12, -0.07333333333333335, -0.10106382978723404, -0.14285714285714285, 0.0, 0.0, 0.0, 1.0, 0.7025067626903237, 1.0, 0.0, 0.0, 0.0, 0.0, 0.0, 0.0, 0.0]",151841,108746,N6,dismiss,-0.3,ts,2326,1
"[0.4444444444444445, -0.4444444444444445, -0.33720930232558144, 1.0, 1.0, 0.0, 0.0, 0.0, 1.0, 0.5003354069292131, 1.0, 0.0, 0.0, 0.0, 0.0, 0.0, 0.0, 0.0]",147349,49000,N6,dismiss,-0.3,ts,1200,1
"[0.39285714285714285, -0.39285714285714285, -0.1965194109772423, 0.11255411255411256, -0.42592592592592593, 0.0, 0.0, 0.0, 1.0, 0.7011040251103882, 1.0, 0.0, 0.0, 0.0, 0.0, 0.0, 0.0, 0.0]",20077,20089,N6,dismiss,-0.3,ts,982,1
"[0.4444444444444445, -0.4444444444444445, 0.18241042345276867, -0.34, -0.6, 0.0, 0.0, 0.0, 1.0, 0.6557316228780911, 1.0, 0.0, 0.0, 0.0, 0.0, 0.0, 0.0, 0.0]",169354,132873,N6,dismiss,-0.3,ts,1435,0
"[0.09999999999999998, -0.09999999999999998, 0.0027855153203343017, -0.002881844380403458, 0.2727272727272727, 0.0, 0.0, 0.0, 1.0, 0.7221848253923066, 1.0, 0.0, 0.0, 0.0, 0.0, 0.0, 0.0, 0.0]",82377,111476,N6,dismiss,-0.3,ts,1921,0
"[0.10714285714285712, -0.10714285714285712, -0.0750938673341677, 0.0, 0.0, 0.0, 0.0, 0.0, 1.0, 0.7619454645957421, 1.0, 0.0, 0.0, 0.0, 0.0, 0.0, 0.0, 0.0]",115245,115244,N6,dismiss,-0.3,ts,996,1
"[0.18181818181818185, -0.18181818181818185, -0.20333333333333334, 0.12037037037037036, 0.0, 0.0, 0.0, 0.0, 1.0, 0.7176202147917767, 1.0, 0.0, 0.0, 0.0, 0.0, 0.0, 0.0, 0.0]",56406,86760,N6,dismiss,-0.3,ts,2175,0
"[0.30555555555555547, -0.30555555555555547, 0.06982156710628383, 0.0, 0.0, 0.0, 0.0, 0.0, 1.0, 0.831114921740408, 1.0, 0.0, 0.0, 0.0, 0.0, 0.0, 0.0, 0.0]",90178,141765,N6,accept,0.5138888888888888,ts,814,0
"[0.09999999999999996, -0.09999999999999996, 0.0, 0.03870967741935484, -0.045454545454545456, 0.0, 0.0, 0.0, 1.0, 0.7630116146408217, 1.0, 0.0, 0.0, 0.0, 0.0, 0.0, 0.0, 0.0]",111130,108202,N6,dismiss,-0.3,ts,1879,0
"[0.12499999999999999, -0.12499999999999999, -0.38764607679465773, 0.05, 0.07999999999999999, 0.0, 0.0, 0.0, 1.0, 0.6519943219064028, 1.0, 0.0, 0.0, 0.0, 0.0, 0.0, 0.0, 0.0]",17805,82102,N6,accept,0.38749999999999996,ts,1089,1
"[0.20000000000000004, -0.20000000000000004, -0.5272727272727272, 0.1978021978021978, 0.3, 0.0, 0.0, 0.0, 1.0, 0.5758109939927043, 1.0, 0.0, 0.0, 0.0, 0.0, 0.0, 0.0, 0.0]",127600,169893,N6,dismiss,-0.3,ts,468,1
"[0.04761904761904766, -0.04761904761904766, -0.39722724532851117, 0.15162454873646208, 0.4, 0.0, 0.0, 0.0, 1.0, 0.5363539792335147, 1.0, 0.0, 0.0, 0.0, 0.0, 0.0, 0.0, 0.0]",16646,63925,N6,dismiss,-0.3,ts,1991,0
"[0.16326530612244894, -0.16326530612244894, 0.0, -0.02601156069364162, -0.4117647058823529, 0.0, 0.0, 0.0, 1.0, 0.7182572044369081, 1.0, 0.0, 0.0, 0.0, 0.0, 0.0, 0.0, 0.0]",63901,63915,N6,dismiss,-0.3,ts,1578,0
"[0.11999999999999993, -0.11999999999999993, -0.1422444603288063, 0.07246376811594203, -0.03571428571428571, 0.0, 0.0, 0.0, 1.0, 0.7144221190085578, 1.0, 0.0, 0.0, 0.0, 0.0, 0.0, 0.0, 0.0]",88672,107308,N6,accept,0.38399999999999995,ts,869,1
"[0.26470588235294124, -0.26470588235294124, -0.7098497495826377, -0.22, -0.07999999999999999, 0.0, 0.0, 0.0, 1.0, 0.6171417564827884, 1.0, 0.0, 0.0, 0.0, 0.0, 0.0, 0.0, 0.0]",18053,81996,N6,dismiss,-0.3,ts,2761,1
"[0.5652173913043479, -0.5652173913043479, 0.1575289575289576, -0.06862745098039216, 0.12000000000000005, 0.0, 0.0, 0.0, 1.0, 0.8171887144159775, 1.0, 0.0, 0.0, 0.0, 0.0, 0.0, 0.0, 0.0]",179650,104485,N6,dismiss,-0.3,ts,695,0
"[0.7549019607843137, -0.7549019607843137, -0.45333333333333337, 0.43258426966292135, 0.05555555555555555, 0.0, 0.0, 0.0, 1.0, 0.7311023827043741, 1.0, 0.0, 0.0, 0.0, 0.0, 0.0, 0.0, 0.0]",138518,155668,N6,dismiss,-0.3,ts,1532,0
"[0.33333333333333337, -0.33333333333333337, -0.04368673415023976, 0.4751131221719457, 0.25, 0.0, 0.0, 0.0, 1.0, 0.6977738805226098, 1.0, 0.0, 0.0, 0.0, 0.0, 0.0, 0.0, 0.0]",104466,155669,N6,dismiss,-0.3,ts,853,0
"[0.36000000000000004, -0.36000000000000004, -0.2846924177396281, 1.0, 1.0, 0.0, 0.0, 0.0, 1.0, 0.4889611136768929, 1.0, 0.0, 0.0, 0.0, 0.0, 0.0, 0.0, 0.0]",106727,40487,N6,dismiss,-0.3,ts,1798,1
"[0.10000000000000007, -0.10000000000000007, 0.06963706107996458, 0.0, 0.0, 0.0, 0.0, 0.0, 1.0, 0.7612191608786749, 1.0, 0.0, 0.0, 0.0, 0.0, 0.0, 0.0, 0.0]",134112,134111,N6,dismiss,-0.3,ts,1731,0
"[0.5384615384615385, -0.5384615384615385, -0.09693053311793215, -0.08256880733944955, -0.08333333333333333, 0.0, 0.0, 0.0, 1.0, 0.8359720963425611, 1.0, 0.0, 0.0, 0.0, 0.0, 0.0, 0.0, 0.0]",63891,16728,N6,dismiss,-0.3,ts,2915,1
"[0.4545454545454546, -0.4545454545454546, -0.6264009962640099, 0.08659217877094973, 1.0, 0.0, 0.0, 0.0, 1.0, 0.5821510349609894, 1.0, 0.0, 0.0, 0.0, 0.0, 0.0, 0.0, 0.0]",93936,107588,N6,accept,0.6181818181818182,ts,664,1
"[0.02500000000000002, -0.02500000000000002, -0.028182701652089328, -0.1, -0.07999999999999999, 0.0, 0.0, 0.0, 1.0, 0.6990405284223395, 1.0, 0.0, 0.0, 0.0, 0.0, 0.0, 0.0, 0.0]",114070,62503,N6,dismiss,-0.3,ts,2004,1
"[0.09999999999999998, -0.09999999999999998, -0.05457142857142847, 0.7158469945355191, -0.25, 0.0, 0.0, 0.0, 1.0, 0.5933569036299836, 1.0, 0.0, 0.0, 0.0, 0.0, 0.0, 0.0, 0.0]",104681,104690,N6,dismiss,-0.3,ts,1459,1
"[0.25, -0.25, -0.024042379788101056, 0.05232558139534884, 0.3333333333333333, 0.0, 0.0, 0.0, 1.0, 0.74230831470949, 1.0, 0.0, 0.0, 0.0, 0.0, 0.0, 0.0, 0.0]",84869,129198,N6,dismiss,-0.3,ts,1419,1
"[0.15999999999999998, -0.15999999999999998, -0.18367346938775508, 0.5922330097087378, 0.4509803921568629, 0.0, 0.0, 0.0, 1.0, 0.5541402118759504, 1.0, 0.0, 0.0, 0.0, 0.0, 0.0, 0.0, 0.0]",117087,152287,N6,dismiss,-0.3,ts,1392,1
"[0.076923076923077, -0.076923076923077, 0.0, 0.0, 0.0, 0.0, 0.0, 0.0, 1.0, 0.7787188164556538, 1.0, 0.0, 0.0, 0.0, 0.0, 0.0, 0.0, 0.0]",93850,174745,N6,dismiss,-0.3,ts,1734,0
"[0.13333333333333333, -0.13333333333333333, 0.0, 0.0, 0.0, 0.0, 0.0, 0.0, 1.0, 0.799343830056226, 1.0, 0.0, 0.0, 0.0, 0.0, 0.0, 0.0, 0.0]",93851,93856,N6,accept,0.3933333333333333,ts,2698,0
"[0.25, -0.25, -0.5708154506437768, -0.008595988538681949, 1.0, 0.0, 0.0, 0.0, 1.0, 0.5525921765486778, 1.0, 0.0, 0.0, 0.0, 0.0, 0.0, 0.0, 0.0]",189369,117045,N6,dismiss,-0.3,ts,1811,0
"[0.5, -0.5, -0.10344827586206896, 0.0, 0.0, 0.0, 0.0, 0.0, 1.0, 0.8714079900606294, 1.0, 0.0, 0.0, 0.0, 0.0, 0.0, 0.0, 0.0]",70828,129946,N6,dismiss,-0.3,ts,2649,0
"[0.19512195121951212, -0.19512195121951212, 0.1573604060913707, 0.27450980392156865, 0.16666666666666666, 0.0, 0.0, 0.0, 1.0, 0.6612561616586466, 1.0, 0.0, 0.0, 0.0, 0.0, 0.0, 0.0, 0.0]",141752,90175,N6,dismiss,-0.3,ts,1869,1
"[0.6666666666666667, -0.6666666666666667, 0.23277737490935468, 0.0, 0.0, 0.0, 0.0, 0.0, 1.0, 0.8659558877868416, 1.0, 0.0, 0.0, 0.0, 0.0, 0.0, 0.0, 0.0]",141751,56398,N6,dismiss,-0.3,ts,1489,0
"[0.5599999999999999, -0.5599999999999999, 0.1733193277310925, -0.03260869565217391, -0.21428571428571427, 0.0, 0.0, 0.0, 1.0, 0.8011098453972897, 1.0, 0.0, 0.0, 0.0, 0.0, 0.0, 0.0, 0.0]",87447,85282,N6,dismiss,-0.3,ts,2342,0
"[0.3571428571428571, -0.3571428571428571, -0.49471210340775557, 0.017341040462427744, -0.012658227848101333, 0.0, 0.0, 0.0, 1.0, 0.7379294538140533, 1.0, 0.0, 0.0, 0.0, 0.0, 0.0, 0.0, 0.0]",117162,105899,N6,dismiss,-0.3,ts,1479,0
"[0.14, -0.14, -0.5615615615615616, 0.0, 0.0, 0.0, 0.0, 0.0, 1.0, 0.6667940993816643, 1.0, 0.0, 0.0, 0.0, 0.0, 0.0, 0.0, 0.0]",93922,69993,N6,dismiss,-0.3,ts,1476,0
"[0.014492753623188259, -0.014492753623188259, 0.211283185840708, -0.26, 0.0, 0.0, 0.0, 0.0, 1.0, 0.6256845598961668, 1.0, 0.0, 0.0, 0.0, 0.0, 0.0, 0.0, 0.0]",79808,77265,N6,dismiss,-0.3,ts,943,0
"[0.35714285714285715, -0.35714285714285715, -0.642, 0.06989247311827956, -0.4411764705882353, 0.0, 0.0, 0.0, 1.0, 0.6203227193678967, 1.0, 0.0, 0.0, 0.0, 0.0, 0.0, 0.0, 0.0]",151762,130323,N6,dismiss,-0.3,ts,2043,1
"[0.16666666666666663, -0.16666666666666663, -0.1497064579256361, -0.04, -0.039999999999999994, 0.0, 0.0, 0.0, 1.0, 0.7364152237187678, 1.0, 0.0, 0.0, 0.0, 0.0, 0.0, 0.0, 0.0]",122734,81996,N6,dismiss,-0.3,ts,1239,0
"[0.20000000000000004, -0.20000000000000004, -0.11148148148148146, -0.40816326530612246, 0.16666666666666666, 0.0, 0.0, 0.0, 1.0, 0.6566446277478687, 1.0, 0.0, 0.0, 0.0, 0.0, 0.0, 0.0, 0.0]",127333,155856,N6,accept,0.44,ts,1069,0
"[0.6666666666666667, -0.6666666666666667, -0.6632478632478633, 0.1828793774319066, 0.2, 0.0, 0.0, 0.0, 1.0, 0.6980782022775677, 1.0, 0.0, 0.0, 0.0, 0.0, 0.0, 0.0, 0.0]",130292,141757,N6,dismiss,-0.3,ts,2128,0
"[0.1886792452830189, -0.1886792452830189, -0.16666666666666666, -0.07570977917981073, 0.04444444444444448, 0.0, 0.0, 0.0, 1.0, 0.7283955999366982, 1.0, 0.0, 0.0, 0.0, 0.0, 0.0, 0.0, 0.0]",91968,33338,N3,dismiss,-0.3,ts,1701,1
"[0.41176470588235287, -0.41176470588235287, -0.4265232974910394, 0.08, 0.12000000000000002, 0.0, 0.0, 0.0, 1.0, 0.7184106107941747, 1.0, 0.0, 0.0, 0.0, 0.0, 0.0, 0.0, 0.0]",88339,58615,N6,dismiss,-0.3,ts,1812,0
"[0.39999999999999997, -0.39999999999999997, -0.35933147632311974, -0.3006134969325153, -0.26666666666666666, 0.0, 0.0, 0.0, 1.0, 0.651960824166897, 1.0, 0.0, 0.0, 0.0, 0.0, 0.0, 0.0, 0.0]",155669,178949,N6,dismiss,-0.3,ts,704,1
"[0.023255813953488292, -0.023255813953488292, 0.05212816834050693, 0.08609271523178808, 0.0571428571428572, 0.0, 0.0, 0.0, 1.0, 0.6989901745905753, 1.0, 0.0, 0.0, 0.0, 0.0, 0.0, 0.0, 0.0]",115226,152287,N6,dismiss,-0.3,ts,1090,1
"[0.25, -0.25, 0.0, 0.011695906432748537, 0.25, 0.0, 0.0, 0.0, 1.0, 0.7771008967590011, 1.0, 0.0, 0.0, 0.0, 0.0, 0.0, 0.0, 0.0]",43087,117045,N6,dismiss,-0.3,ts,1499,0
"[0.367741935483871, -0.367741935483871, -0.03268765133171908, -0.00847457627118644, 0.07462686567164178, 0.0, 0.0, 0.0, 1.0, 0.8394568191052507, 1.0, 0.0, 0.0, 0.0, 0.0, 0.0, 0.0, 0.0]",43382,105910,N6,dismiss,-0.3,ts,2904,0
"[0.14285714285714285, -0.14285714285714285, 0.13333333333333333, 1.0, -0.23809523809523808, 0.0, 0.0, 0.0, 1.0, 0.5596889746063702, 1.0, 0.0, 0.0, 0.0, 0.0, 0.0, 0.0, 0.0]",175348,113825,N6,dismiss,-0.3,ts,945,0
"[0.3253968253968254, -0.3253968253968254, -0.43, -0.013215859030837005, 0.8181818181818182, 0.0, 0.0, 0.0, 1.0, 0.6230984390234682, 1.0, 0.0, 0.0, 0.0, 0.0, 0.0, 0.0, 0.0]",169062,86748,N3,dismiss,-0.3,ts,1196,1
"[0.09999999999999996, -0.09999999999999996, 0.0, -0.1005586592178771, 0.0, 0.0, 0.0, 0.0, 1.0, 0.7598937305521247, 1.0, 0.0, 0.0, 0.0, 0.0, 0.0, 0.0, 0.0]",127521,108202,N6,dismiss,-0.3,ts,1073,0
"[0.3, -0.3, -0.09090909090909091, 0.46, -0.08000000000000003, 0.0, 0.0, 0.0, 1.0, 0.709824759435147, 1.0, 0.0, 0.0, 0.0, 0.0, 0.0, 0.0, 0.0]",38740,41068,N3,accept,0.51,ts,1783,1
"[0.20000000000000007, -0.20000000000000007, -0.316628701594533, -0.04178272980501393, -0.041666666666666664, 0.0, 0.0, 0.0, 1.0, 0.704981397704773, 1.0, 0.0, 0.0, 0.0, 0.0, 0.0, 0.0, 0.0]",67082,31972,N6,dismiss,-0.3,ts,1146,1
"[0.5636363636363637, -0.5636363636363637, -0.4991652754590985, -0.011396011396011397, 0.5714285714285714, 0.0, 0.0, 0.0, 1.0, 0.6903265069869174, 1.0, 0.0, 0.0, 0.0, 0.0, 0.0, 0.0, 0.0]",189329,107659,N6,dismiss,-0.3,ts,2529,1
"[0.06666666666666664, -0.06666666666666664, 0.19471488178025034, -0.08766233766233766, 0.0, 0.0, 0.0, 0.0, 1.0, 0.6862832891805196, 1.0, 0.0, 0.0, 0.0, 0.0, 0.0, 0.0, 0.0]",55377,84577,N6,dismiss,-0.3,ts,2939,1
"[0.4235294117647059, -0.4235294117647059, 0.0, 0.46, -0.11999999999999997, 0.0, 0.0, 0.0, 1.0, 0.7681937490550494, 1.0, 0.0, 0.0, 0.0, 0.0, 0.0, 0.0, 0.0]",87406,125786,N6,accept,0.5964705882352941,ts,1309,1
"[0.08333333333333326, -0.08333333333333326, 0.0, 0.1125, 0.18181818181818182, 0.0, 0.0, 0.0, 1.0, 0.7051372725166374, 1.0, 0.0, 0.0, 0.0, 0.0, 0.0, 0.0, 0.0]",73738,73736,N6,dismiss,-0.3,ts,1598,0
"[0.67, -0.67, -0.2748368382886149, 0.0, 0.0, 0.0, 0.0, 0.0, 1.0, 0.856349133763273, 1.0, 0.0, 0.0, 0.0, 0.0, 0.0, 0.0, 0.0]",141769,93864,N6,dismiss,-0.3,ts,931,1
"[0.19999999999999993, -0.19999999999999993, -0.1875, 0.0, 0.0, 0.0, 0.0, 0.0, 1.0, 0.7602860088710922, 1.0, 0.0, 0.0, 0.0, 0.0, 0.0, 0.0, 0.0]",73358,117926,N6,dismiss,-0.3,ts,2320,0
"[0.7767857142857143, -0.7767857142857143, -0.03924221921515569, -0.0049504950495049506, 0.28, 0.0, 0.0, 0.0, 1.0, 0.8747869244181319, 1.0, 0.0, 0.0, 0.0, 0.0, 0.0, 0.0, 0.0]",81395,170956,N6,dismiss,-0.3,ts,1212,1
"[0.5636363636363637, -0.5636363636363637, -0.5018266356692129, -0.011396011396011397, 0.5714285714285714, 0.0, 0.0, 0.0, 1.0, 0.6899352709058272, 1.0, 0.0, 0.0, 0.0, 0.0, 0.0, 0.0, 0.0]",15533,107659,N6,dismiss,-0.3,ts,519,1
"[0.6350267379679144, -0.6350267379679144, -0.375, -0.7241379310344828, -0.22000000000000003, 0.0, 0.0, 0.0, 1.0, 0.6615577469303474, 1.0, 0.0, 0.0, 0.0, 0.0, 0.0, 0.0, 0.0]",151787,81568,N6,accept,0.74451871657754,ts,2721,1
"[0.142857142857143, -0.142857142857143, -0.7914494264859229, 0.08695652173913043, 0.1, 0.0, 0.0, 0.0, 1.0, 0.5927071263484132, 1.0, 0.0, 0.0, 0.0, 0.0, 0.0, 0.0, 0.0]",16680,174745,N6,dismiss,-0.3,ts,1101,1
"[0.16666666666666666, -0.16666666666666666, -0.6, -0.35175879396984927, -0.703030303030303, 0.0, 0.0, 0.0, 1.0, 0.4824607899687209, 1.0, 0.0, 0.0, 0.0, 0.0, 0.0, 0.0, 0.0]",69112,145578,N6,dismiss,-0.3,ts,2796,1
"[0.3636363636363637, -0.3636363636363637, 0.0, 0.0, 0.0, 0.0, 0.0, 0.0, 1.0, 0.8742764353476687, 1.0, 0.0, 0.0, 0.0, 0.0, 0.0, 0.0, 0.0]",123010,123174,N6,dismiss,-0.3,ts,2750,0
"[0.2727272727272727, -0.2727272727272727, -0.07061958694203868, -0.03690036900369004, -0.0117647058823529, 0.0, 0.0, 0.0, 1.0, 0.8064217516346286, 1.0, 0.0, 0.0, 0.0, 0.0, 0.0, 0.0, 0.0]",81453,81449,N6,accept,0.49090909090909085,ts,1067,0
"[0.3636363636363637, -0.3636363636363637, 0.0, 0.0, 0.0, 0.0, 0.0, 0.0, 1.0, 0.8742764353476687, 1.0, 0.0, 0.0, 0.0, 0.0, 0.0, 0.0, 0.0]",123548,123174,N6,accept,0.5545454545454546,ts,1011,0
"[0.39692982456140347, -0.39692982456140347, 0.15305313243457572, 0.0, 0.0, 0.0, 0.0, 0.0, 1.0, 0.8307027899342155, 1.0, 0.0, 0.0, 0.0, 0.0, 0.0, 0.0, 0.0]",147348,85069,N6,dismiss,-0.3,ts,2803,0
"[0.142857142857143, -0.142857142857143, -0.29840000000000005, 0.1456953642384106, -0.020000000000000018, 0.0, 0.0, 0.0, 1.0, 0.6690823376435198, 1.0, 0.0, 0.0, 0.0, 0.0, 0.0, 0.0, 0.0]",108112,87098,N6,accept,0.4000000000000001,ts,1214,1
"[0.10000000000000009, -0.10000000000000009, -0.2588235294117647, -0.975, -0.52, 0.0, 0.0, 0.0, 1.0, 0.48076478481180795, 1.0, 0.0, 0.0, 0.0, 0.0, 0.0, 0.0, 0.0]",91074,16650,N6,accept,0.37000000000000005,ts,2907,0
"[0.25, -0.25, -0.5940460081190798, -0.0546448087431694, 1.0, 0.0, 0.0, 0.0, 1.0, 0.5370968143236092, 1.0, 0.0, 0.0, 0.0, 0.0, 0.0, 0.0, 0.0]",189368,117045,N6,accept,0.475,ts,2687,0
"[0.12499999999999988, -0.12499999999999988, -0.2814901047729919, -0.047058823529411764, 0.2, 0.0, 0.0, 0.0, 1.0, 0.6473095134029654, 1.0, 0.0, 0.0, 0.0, 0.0, 0.0, 0.0, 0.0]",93923,135548,N6,accept,0.3874999999999999,ts,1780,1
"[0.5, -0.5, 0.0, 0.0, 0.0, 0.0, 0.0, 0.0, 1.0, 0.9087872380968218, 1.0, 0.0, 0.0, 0.0, 0.0, 0.0, 0.0, 0.0]",141772,141766,N3,dismiss,-0.3,ts,1938,1
"[0.18749999999999997, -0.18749999999999997, -0.4164235097957482, 0.5172413793103449, -0.14285714285714285, 0.0, 0.0, 0.0, 1.0, 0.5715104383342711, 1.0, 0.0, 0.0, 0.0, 0.0, 0.0, 0.0, 0.0]",155856,114738,N6,dismiss,-0.3,ts,1902,1
"[0.25, -0.25, -0.24812030075187969, 0.01764705882352941, 0.13636363636363635, 0.0, 0.0, 0.0, 1.0, 0.7203456543782418, 1.0, 0.0, 0.0, 0.0, 0.0, 0.0, 0.0, 0.0]",117159,117045,N6,dismiss,-0.3,ts,405,0
"[0.6333333333333333, -0.6333333333333333, -0.6006006006006006, -0.061224489795918366, 0.041666666666666706, 0.0, 0.0, 0.0, 1.0, 0.7658316084896601, 1.0, 0.0, 0.0, 0.0, 0.0, 0.0, 0.0, 0.0]",16681,48998,N6,dismiss,-0.3,ts,2730,1
"[0.8, -0.8, 0.13333333333333333, 0.0, 0.0, 0.0, 0.0, 0.0, 1.0, 0.9115993194259686, 1.0, 0.0, 0.0, 0.0, 0.0, 0.0, 0.0, 0.0]",190833,51605,N6,accept,0.8599999999999999,ts,640,0
"[0.25999999999999995, -0.25999999999999995, 0.2005012531328321, 0.127208480565371, 0.4, 0.0, 0.0, 0.0, 1.0, 0.6604743435508937, 1.0, 0.0, 0.0, 0.0, 0.0, 0.0, 0.0, 0.0]",49000,63924,N6,dismiss,-0.3,ts,2061,1
"[0.04494382022471914, -0.04494382022471914, -0.2535714285714286, -0.08064516129032258, 0.0, 0.0, 0.0, 0.0, 1.0, 0.6649279362905083, 1.0, 0.0, 0.0, 0.0, 0.0, 0.0, 0.0, 0.0]",79360,18005,N6,dismiss,-0.3,ts,1662,0
"[0.20000000000000004, -0.20000000000000004, -0.6972222222222223, -0.46153846153846156, -0.059999999999999984, 0.0, 0.0, 0.0, 1.0, 0.565054577528199, 1.0, 0.0, 0.0, 0.0, 0.0, 0.0, 0.0, 0.0]",51193,18528,N6,dismiss,-0.3,ts,1825,0
"[0.3333333333333333, -0.3333333333333333, 0.009453072248480675, -0.45768025078369906, -0.2, 0.0, 0.0, 0.0, 1.0, 0.7223874271360758, 1.0, 0.0, 0.0, 0.0, 0.0, 0.0, 0.0, 0.0]",128276,158410,N6,accept,0.5333333333333333,ts,1428,0
"[0.33333333333333337, -0.33333333333333337, -0.04368673415023976, 0.4751131221719457, 0.25, 0.0, 0.0, 0.0, 1.0, 0.6977738805226098, 1.0, 0.0, 0.0, 0.0, 0.0, 0.0, 0.0, 0.0]",104466,155669,N6,accept,0.5333333333333333,ts,2673,0
"[0.24999999999999997, -0.24999999999999997, -0.46371428571428575, -0.12301587301587301, -0.25, 0.0, 0.0, 0.0, 1.0, 0.6269674754267696, 1.0, 0.0, 0.0, 0.0, 0.0, 0.0, 0.0, 0.0]",115390,104466,N6,dismiss,-0.3,ts,1338,1
"[0.5, -0.5, -0.2669094693028095, -0.2636363636363636, 0.31999999999999995, 0.0, 0.0, 0.0, 1.0, 0.6936852507840782, 1.0, 0.0, 0.0, 0.0, 0.0, 0.0, 0.0, 0.0]",191662,154734,N6,dismiss,-0.3,ts,2573,1
"[0.5599999999999999, -0.5599999999999999, -0.22531512605042014, -0.02717391304347826, -0.14285714285714285, 0.0, 0.0, 0.0, 1.0, 0.803684535199569, 1.0, 0.0, 0.0, 0.0, 0.0, 0.0, 0.0, 0.0]",87447,87446,N6,dismiss,-0.3,ts,2040,1
"[0.3235294117647059, -0.3235294117647059, -0.13114754098360656, -0.027700831024930747, -0.2222222222222222, 0.0, 0.0, 0.0, 1.0, 0.7545679795264808, 1.0, 0.0, 0.0, 0.0, 0.0, 0.0, 0.0, 0.0]",15685,39517,N6,accept,0.5264705882352941,ts,2714,0
"[0.44999999999999996, -0.44999999999999996, -0.6045881126173097, -0.07336956521739131, -0.2, 0.0, 0.0, 0.0, 1.0, 0.6868293086987387, 1.0, 0.0, 0.0, 0.0, 0.0, 0.0, 0.0, 0.0]",43346,116193,N6,dismiss,-0.3,ts,2563,1
"[0.21428571428571416, -0.21428571428571416, 0.23372287145242082, 0.037940379403794036, -0.05797101449275367, 0.0, 0.0, 0.0, 1.0, 0.7256376991056468, 1.0, 0.0, 0.0, 0.0, 0.0, 0.0, 0.0, 0.0]",76847,30022,N6,dismiss,-0.3,ts,2159,1
"[0.33333333333333337, -0.33333333333333337, -0.5833333333333334, 0.0, 0.0, 0.0, 0.0, 0.0, 1.0, 0.727809934097922, 1.0, 0.0, 0.0, 0.0, 0.0, 0.0, 0.0, 0.0]",112487,38636,N6,dismiss,-0.3,ts,688,0
"[0.3548387096774194, -0.3548387096774194, -0.535437760571769, -1.0, -1.0, 0.0, 0.0, 0.0, 1.0, 0.48091857104383345, 1.0, 0.0, 0.0, 0.0, 0.0, 0.0, 0.0, 0.0]",64515,174937,N6,dismiss,-0.3,ts,653,1
"[0.14000000000000004, -0.14000000000000004, -0.1320049813200498, 0.46601941747572817, 0.22807017543859645, 0.0, 0.0, 0.0, 1.0, 0.609456050709879, 1.0, 0.0, 0.0, 0.0, 0.0, 0.0, 0.0, 0.0]",59415,115226,N6,dismiss,-0.3,ts,1687,0
"[0.6222222222222222, -0.6222222222222222, -0.2, -0.06, -0.1, 0.0, 0.0, 0.0, 1.0, 0.8229477435143618, 1.0, 0.0, 0.0, 0.0, 0.0, 0.0, 0.0, 0.0]",135207,41800,N6,accept,0.7355555555555555,ts,2772,1
"[0.023255813953488292, -0.023255813953488292, 0.1956001912960306, 0.16556291390728478, -0.014285714285714235, 0.0, 0.0, 0.0, 1.0, 0.6474584734267568, 1.0, 0.0, 0.0, 0.0, 0.0, 0.0, 0.0, 0.0]",115226,15171,N6,accept,0.3162790697674418,ts,2744,1
"[0.25, -0.25, -0.04767184035476715, -0.02768166089965398, 0.07692307692307693, 0.0, 0.0, 0.0, 1.0, 0.7919332280675359, 1.0, 0.0, 0.0, 0.0, 0.0, 0.0, 0.0, 0.0]",179676,21089,N6,accept,0.475,ts,1601,1
"[0.0769230769230768, -0.0769230769230768, 0.2, -0.75, -0.44000000000000006, 0.0, 0.0, 0.0, 1.0, 0.5084697864372832, 1.0, 0.0, 0.0, 0.0, 0.0, 0.0, 0.0, 0.0]",131606,81128,N6,accept,0.35384615384615375,ts,1604,0
"[0.25, -0.25, -0.0647921760391198, 0.023255813953488372, -0.8333333333333334, 0.0, 0.0, 0.0, 1.0, 0.6867958062349844, 1.0, 0.0, 0.0, 0.0, 0.0, 0.0, 0.0, 0.0]",84869,135617,N6,dismiss,-0.3,ts,950,1
"[0.5, -0.5, -0.3970455230630088, 1.0, -0.52, 0.0, 0.0, 0.0, 1.0, 0.5578328352552592, 1.0, 0.0, 0.0, 0.0, 0.0, 0.0, 0.0, 0.0]",117335,169349,N6,dismiss,-0.3,ts,824,0
"[0.12280701754385964, -0.12280701754385964, -0.6153846153846154, 0.5263157894736842, -0.4, 0.0, 0.0, 0.0, 1.0, 0.47370431702429144, 1.0, 0.0, 0.0, 0.0, 0.0, 0.0, 0.0, 0.0]",187197,167155,N6,dismiss,-0.3,ts,809,1
"[0.7954545454545455, -0.7954545454545455, 0.12999999999999995, -0.06862745098039216, -0.08, 0.0, 0.0, 0.0, 1.0, 0.8706848509641303, 1.0, 0.0, 0.0, 0.0, 0.0, 0.0, 0.0, 0.0]",89764,89765,N6,dismiss,-0.3,ts,1428,0
"[0.12499999999999988, -0.12499999999999988, 0.1864406779661017, 0.3464566929133858, 0.0, 0.0, 0.0, 0.0, 1.0, 0.65910022537907, 1.0, 0.0, 0.0, 0.0, 0.0, 0.0, 0.0, 0.0]",92706,114737,N6,dismiss,-0.3,ts,645,0
"[0.018181818181818195, -0.018181818181818195, -0.20784224841341783, 0.0, 0.0, 0.0, 0.0, 0.0, 1.0, 0.6887941787705715, 1.0, 0.0, 0.0, 0.0, 0.0, 0.0, 0.0, 0.0]",16660,147468,N6,dismiss,-0.3,ts,2088,0
"[0.13333333333333344, -0.13333333333333344, -0.18181818181818182, -0.75, -0.44000000000000006, 0.0, 0.0, 0.0, 1.0, 0.5340595765105035, 1.0, 0.0, 0.0, 0.0, 0.0, 0.0, 0.0, 0.0]",18239,79461,N6,dismiss,-0.3,ts,2334,0
"[0.2, -0.07, -0.29684601113172543, 0.0, 0.0, 0.0, 0.0, 0.0, 1.0, 0.6866108486748183, 1.0, 0.0, 0.0, 0.0, 0.0, 0.0, 0.0, 0.0]",63919,48992,N6,dismiss,-0.3,ts,760,0
"[0.2, -0.2, 0.07168458781362008, -0.18396226415094338, 0.1111111111111111, 0.0, 0.0, 0.0, 1.0, 0.7200510050835384, 1.0, 0.0, 0.0, 0.0, 0.0, 0.0, 0.0, 0.0]",84871,158410,N6,dismiss,-0.3,ts,1673,1
"[0.3636363636363637, -0.3636363636363637, 0.0, 0.0, 0.0, 0.0, 0.0, 0.0, 1.0, 0.8742764353476687, 1.0, 0.0, 0.0, 0.0, 0.0, 0.0, 0.0, 0.0]",123012,123174,N6,dismiss,-0.3,ts,689,0
"[0.22784810126582283, -0.22784810126582283, 0.2310654685494223, -0.0987012987012987, 0.298507462686567, 0.0, 0.0, 0.0, 1.0, 0.6639494779334293, 1.0, 0.0, 0.0, 0.0, 0.0, 0.0, 0.0, 0.0]",43373,54573,N6,dismiss,-0.3,ts,2901,0
"[0.16666666666666663, -0.16666666666666663, 0.07903525046382186, 0.0, 0.0, 0.0, 0.0, 0.0, 1.0, 0.7819875829786701, 1.0, 0.0, 0.0, 0.0, 0.0, 0.0, 0.0, 0.0]",147380,85069,N6,dismiss,-0.3,ts,2063,0
"[0.20000000000000004, -0.20000000000000004, -0.6972222222222223, -0.46153846153846156, -0.059999999999999984, 0.0, 0.0, 0.0, 1.0, 0.565054577528199, 1.0, 0.0, 0.0, 0.0, 0.0, 0.0, 0.0, 0.0]",51193,18528,N6,dismiss,-0.3,ts,1690,0
"[0.28571428571428575, -0.28571428571428575, 0.14285714285714285, 0.0, 0.0, 0.0, 0.0, 0.0, 1.0, 0.8013271435545221, 1.0, 0.0, 0.0, 0.0, 0.0, 0.0, 0.0, 0.0]",18468,60782,N6,dismiss,-0.3,ts,740,0
"[0.06211180124223608, -0.06211180124223608, 0.0, -0.15968586387434555, 0.2631578947368421, 0.0, 0.0, 0.0, 1.0, 0.6708322026650078, 1.0, 0.0, 0.0, 0.0, 0.0, 0.0, 0.0, 0.0]",103705,103704,N6,dismiss,-0.3,ts,953,0
"[0.02500000000000002, -0.02500000000000002, -0.5444191343963554, -0.1, -0.039999999999999994, 0.0, 0.0, 0.0, 1.0, 0.5879691356329428, 1.0, 0.0, 0.0, 0.0, 0.0, 0.0, 0.0, 0.0]",30785,62503,N6,dismiss,-0.3,ts,2717,1
"[0.4, -0.4, -0.29684601113172543, 0.0, 0.0, 0.0, 0.0, 0.0, 1.0, 0.7947192856371645, 1.0, 0.0, 0.0, 0.0, 0.0, 0.0, 0.0, 0.0]",63943,49005,N6,dismiss,-0.3,ts,607,0
"[0.06666666666666665, -0.06666666666666665, 0.11560693641618497, 0.0, 0.0, 0.0, 0.0, 0.0, 1.0, 0.7336309436321661, 1.0, 0.0, 0.0, 0.0, 0.0, 0.0, 0.0, 0.0]",16722,16725,N6,dismiss,-0.3,ts,2735,1
"[0.09090909090909098, -0.09090909090909098, -0.5940460081190798, 0.01466275659824047, 0.16666666666666666, 0.0, 0.0, 0.0, 1.0, 0.5979863578913363, 1.0, 0.0, 0.0, 0.0, 0.0, 0.0, 0.0, 0.0]",30023,43098,N6,dismiss,-0.3,ts,1935,1
"[0.4235294117647059, -0.4235294117647059, 0.0, 0.12280701754385964, -0.11999999999999997, 0.0, 0.0, 0.0, 1.0, 0.8257495045499188, 1.0, 0.0, 0.0, 0.0, 0.0, 0.0, 0.0, 0.0]",87407,125786,N6,dismiss,-0.3,ts,1043,1
"[0.17010309278350508, -0.17010309278350508, -0.2631578947368421, 0.11370262390670553, -0.2692307692307692, 0.0, 0.0, 0.0, 1.0, 0.6376314959661844, 1.0, 0.0, 0.0, 0.0, 0.0, 0.0, 0.0, 0.0]",104962,103705,N6,dismiss,-0.3,ts,2992,1
"[0.02500000000000002, -0.02500000000000002, -0.2361111111111111, -0.375, -0.020000000000000018, 0.0, 0.0, 0.0, 1.0, 0.5990669900085028, 1.0, 0.0, 0.0, 0.0, 0.0, 0.0, 0.0, 0.0]",30711,81568,N6,dismiss,-0.3,ts,2002,1
"[0.7066666666666667, -0.7066666666666667, -0.08883826879271067, 1.0, -0.25, 0.0, 0.0, 0.0, 1.0, 0.7175078175163225, 1.0, 0.0, 0.0, 0.0, 0.0, 0.0, 0.0, 0.0]",128254,169349,N6,dismiss,-0.3,ts,1443,0
"[0.7428571428571429, -0.7428571428571429, 0.125, -0.26, -0.12000000000000002, 0.0, 0.0, 0.0, 1.0, 0.8143254453991665, 1.0, 0.0, 0.0, 0.0, 0.0, 0.0, 0.0, 0.0]",18355,63753,N6,dismiss,-0.3,ts,2616,0
"[0.3571428571428571, -0.3571428571428571, -0.49471210340775557, 0.017341040462427744, -0.012658227848101333, 0.0, 0.0, 0.0, 1.0, 0.7379294538140533, 1.0, 0.0, 0.0, 0.0, 0.0, 0.0, 0.0, 0.0]",117162,105899,N6,dismiss,-0.3,ts,2005,1
"[0.3636363636363637, -0.3636363636363637, 0.0, 0.061046511627906974, 0.0, 0.0, 0.0, 0.0, 1.0, 0.8570363402900383, 1.0, 0.0, 0.0, 0.0, 0.0, 0.0, 0.0, 0.0]",123009,123174,N6,dismiss,-0.3,ts,1231,0
"[0.7058823529411764, -0.7058823529411764, 0.2053511705685619, 1.0, -0.058823529411764705, 0.0, 0.0, 0.0, 1.0, 0.7156472339116378, 1.0, 0.0, 0.0, 0.0, 0.0, 0.0, 0.0, 0.0]",89664,155692,N6,accept,0.7941176470588234,ts,2062,1
"[0.20000000000000004, -0.20000000000000004, -0.3409090909090909, 0.0, 0.0, 0.0, 0.0, 0.0, 1.0, 0.7239674946003922, 1.0, 0.0, 0.0, 0.0, 0.0, 0.0, 0.0, 0.0]",51022,70828,N6,dismiss,-0.3,ts,2110,0
"[0.8705882352941177, -0.8705882352941177, 0.002506265664160437, 1.0, -0.2, 0.0, 0.0, 0.0, 1.0, 0.7853971569635171, 1.0, 0.0, 0.0, 0.0, 0.0, 0.0, 0.0, 0.0]",58951,169349,N6,dismiss,-0.3,ts,744,0
"[0.25, -0.25, 0.0, -0.008595988538681949, 0.13636363636363635, 0.0, 0.0, 0.0, 1.0, 0.8012276518471559, 1.0, 0.0, 0.0, 0.0, 0.0, 0.0, 0.0, 0.0]",43088,117045,N3,dismiss,-0.3,ts,490,1
"[0.22164948453608244, -0.22164948453608244, -0.2631578947368421, -0.0641399416909621, -0.07692307692307693, 0.0, 0.0, 0.0, 1.0, 0.7088927203903614, 1.0, 0.0, 0.0, 0.0, 0.0, 0.0, 0.0, 0.0]",104962,103704,N6,dismiss,-0.3,ts,2932,0
"[0.09090909090909098, -0.09090909090909098, -0.5940460081190798, -0.08877284595300261, -0.15384615384615385, 0.0, 0.0, 0.0, 1.0, 0.5807112482753396, 1.0, 0.0, 0.0, 0.0, 0.0, 0.0, 0.0, 0.0]",30022,43088,N6,dismiss,-0.3,ts,1799,1
"[0.8964705882352941, -0.8964705882352941, 0.002506265664160437, 1.0, -0.14285714285714285, 0.0, 0.0, 0.0, 1.0, 0.7927939099583732, 1.0, 0.0, 0.0, 0.0, 0.0, 0.0, 0.0, 0.0]",60954,169349,N6,dismiss,-0.3,ts,1723,0
"[0.2941176470588236, -0.2941176470588236, 0.0, 1.0, 0.22000000000000003, 0.0, 0.0, 0.0, 1.0, 0.6533578724024277, 1.0, 0.0, 0.0, 0.0, 0.0, 0.0, 0.0, 0.0]",51572,50956,N6,dismiss,-0.3,ts,2026,0
"[0.16666666666666666, -0.16666666666666666, -0.04375000000000003, -0.1484375, 1.0, 0.0, 0.0, 0.0, 1.0, 0.6182567245250014, 1.0, 0.0, 0.0, 0.0, 0.0, 0.0, 0.0, 0.0]",75984,164355,N6,accept,0.41666666666666663,ts,1381,1
"[0.6428571428571428, -0.6428571428571428, -0.4884615384615385, 1.0, 1.0, 0.0, 0.0, 0.0, 1.0, 0.5136816659045248, 1.0, 0.0, 0.0, 0.0, 0.0, 0.0, 0.0, 0.0]",174937,174763,N6,dismiss,-0.3,ts,2161,1
"[0.27536231884057966, -0.27536231884057966, -0.2837389380530973, -0.24, -0.019999999999999973, 0.0, 0.0, 0.0, 1.0, 0.6980900885686553, 1.0, 0.0, 0.0, 0.0, 0.0, 0.0, 0.0, 0.0]",79808,189203,N6,dismiss,-0.3,ts,2719,1
"[0.7, -0.7, 0.07455197132616495, 0.4528301886792453, -0.48888888888888893, 0.0, 0.0, 0.0, 1.0, 0.7348106336402851, 1.0, 0.0, 0.0, 0.0, 0.0, 0.0, 0.0, 0.0]",84871,115951,N6,dismiss,-0.3,ts,1075,1
"[0.5, -0.5, -0.12990777338603424, 1.0, 0.2727272727272727, 0.0, 0.0, 0.0, 1.0, 0.6540070179142446, 1.0, 0.0, 0.0, 0.0, 0.0, 0.0, 0.0, 0.0]",85794,61314,N6,dismiss,-0.3,ts,2865,1
"[0.20000000000000007, -0.20000000000000007, -0.2510779436152571, -0.008547008547008548, -0.14285714285714285, 0.0, 0.0, 0.0, 1.0, 0.7040523268798877, 1.0, 0.0, 0.0, 0.0, 0.0, 0.0, 0.0, 0.0]",15531,31973,N6,accept,0.44000000000000006,ts,1994,1
"[0.11999999999999993, -0.11999999999999993, -0.3, 0.002824858757062147, -0.15384615384615385, 0.0, 0.0, 0.0, 1.0, 0.6637086981558549, 1.0, 0.0, 0.0, 0.0, 0.0, 0.0, 0.0, 0.0]",108784,123018,N6,dismiss,-0.3,ts,1789,1
"[0.3333333333333334, -0.3333333333333334, -0.4786235662148071, 0.1523809523809524, 0.016666666666666607, 0.0, 0.0, 0.0, 1.0, 0.6979962178252845, 1.0, 0.0, 0.0, 0.0, 0.0, 0.0, 0.0, 0.0]",56248,81542,N6,dismiss,-0.3,ts,2147,1
"[0.24324324324324328, -0.24324324324324328, -0.6781002638522428, -0.2677165354330709, -0.1578947368421053, 0.0, 0.0, 0.0, 1.0, 0.5860948410844389, 1.0, 0.0, 0.0, 0.0, 0.0, 0.0, 0.0, 0.0]",31679,85446,N6,dismiss,-0.3,ts,2326,1
"[0.8125, -0.8125, -0.5953125, -0.1457286432160804, -0.7545454545454545, 0.0, 0.0, 0.0, 1.0, 0.6658702262119682, 1.0, 0.0, 0.0, 0.0, 0.0, 0.0, 0.0, 0.0]",69111,145532,N6,dismiss,-0.3,ts,2302,0
"[0.16666666666666666, -0.16666666666666666, -0.6680584551148225, -0.31215469613259667, -0.4375, 0.0, 0.0, 0.0, 1.0, 0.5066765334299221, 1.0, 0.0, 0.0, 0.0, 0.0, 0.0, 0.0, 0.0]",129198,41685,N6,dismiss,-0.3,ts,2716,1
"[0.24999999999999992, -0.24999999999999992, 0.2002503128911139, -0.1092436974789916, 0.13333333333333333, 0.0, 0.0, 0.0, 1.0, 0.7090355520187257, 1.0, 0.0, 0.0, 0.0, 0.0, 0.0, 0.0, 0.0]",139806,55882,N6,dismiss,-0.3,ts,1957,1
"[0.09090909090909098, -0.09090909090909098, -0.20200000000000004, 0.075, 0.7391304347826086, 0.0, 0.0, 0.0, 1.0, 0.5807212711570711, 1.0, 0.0, 0.0, 0.0, 0.0, 0.0, 0.0, 0.0]",162892,174773,N6,accept,0.36363636363636365,ts,1919,1
"[0.3142857142857143, -0.3142857142857143, -0.5006513243595311, -0.21107266435986158, 0.0, 0.0, 0.0, 0.0, 1.0, 0.6816641322507467, 1.0, 0.0, 0.0, 0.0, 0.0, 0.0, 0.0, 0.0]",110153,178949,N6,dismiss,-0.3,ts,575,1
"[0.25, -0.25, -0.3076404494382023, -0.0024271844660194173, 0.0, 0.0, 0.0, 0.0, 1.0, 0.7469607690022103, 1.0, 0.0, 0.0, 0.0, 0.0, 0.0, 0.0, 0.0]",70069,189231,N6,dismiss,-0.3,ts,1962,0
"[0.4545454545454546, -0.4545454545454546, -0.014388489208633, 0.03254437869822485, 0.6666666666666666, 0.0, 0.0, 0.0, 1.0, 0.7725888753691011, 1.0, 0.0, 0.0, 0.0, 0.0, 0.0, 0.0, 0.0]",108746,108839,N6,accept,0.6181818181818182,ts,1857,0
"[0.02500000000000002, -0.02500000000000002, -0.1863303498779495, -0.16, -0.12000000000000002, 0.0, 0.0, 0.0, 1.0, 0.6240669300145485, 1.0, 0.0, 0.0, 0.0, 0.0, 0.0, 0.0, 0.0]",130425,62540,N6,dismiss,-0.3,ts,2290,0
"[0.0769230769230768, -0.0769230769230768, 0.125, -0.75, -0.44000000000000006, 0.0, 0.0, 0.0, 1.0, 0.5301659338444363, 1.0, 0.0, 0.0, 0.0, 0.0, 0.0, 0.0, 0.0]",57385,81128,N6,accept,0.35384615384615375,ts,2785,0
"[0.20000000000000007, -0.20000000000000007, -0.2745454545454545, -0.02564102564102564, -0.21428571428571427, 0.0, 0.0, 0.0, 1.0, 0.6785405236319723, 1.0, 0.0, 0.0, 0.0, 0.0, 0.0, 0.0, 0.0]",70000,107170,N6,dismiss,-0.3,ts,723,0
"[0.7138047138047138, -0.7138047138047138, -0.5411887382690302, 0.22, 0.1, 0.0, 0.0, 0.0, 1.0, 0.7346047624439579, 1.0, 0.0, 0.0, 0.0, 0.0, 0.0, 0.0, 0.0]",141707,87407,N6,dismiss,-0.3,ts,1988,1
"[0.5652173913043479, -0.5652173913043479, 0.1575289575289576, -0.06862745098039216, 0.12000000000000005, 0.0, 0.0, 0.0, 1.0, 0.8171887144159775, 1.0, 0.0, 0.0, 0.0, 0.0, 0.0, 0.0, 0.0]",179650,104485,N6,dismiss,-0.3,ts,2261,1
"[0.11458333333333333, -0.11458333333333333, 0.0, -0.5561959654178674, -0.7909090909090909, 0.0, 0.0, 0.0, 1.0, 0.5727064609689967, 1.0, 0.0, 0.0, 0.0, 0.0, 0.0, 0.0, 0.0]",107659,142262,N6,dismiss,-0.3,ts,1584,0
"[0.6818181818181819, -0.6818181818181819, 0.024324324324324288, 0.02821316614420063, -0.65, 0.0, 0.0, 0.0, 1.0, 0.8158970926015877, 1.0, 0.0, 0.0, 0.0, 0.0, 0.0, 0.0, 0.0]",130294,49086,N6,dismiss,-0.3,ts,1943,0
"[0.12499999999999988, -0.12499999999999988, -0.2346230158730159, -0.047058823529411764, 0.2, 0.0, 0.0, 0.0, 1.0, 0.6585023939185844, 1.0, 0.0, 0.0, 0.0, 0.0, 0.0, 0.0, 0.0]",55348,135548,N6,dismiss,-0.3,ts,1187,1
"[0.19999999999999993, -0.19999999999999993, 0.11764705882352941, 0.0, 0.0, 0.0, 0.0, 0.0, 1.0, 0.7808958257091974, 1.0, 0.0, 0.0, 0.0, 0.0, 0.0, 0.0, 0.0]",104417,18611,N6,dismiss,-0.3,ts,1200,1
"[0.7, -0.7, -0.40080160320641284, 0.24770642201834864, -0.9545454545454546, 0.0, 0.0, 0.0, 1.0, 0.6488035794173612, 1.0, 0.0, 0.0, 0.0, 0.0, 0.0, 0.0, 0.0]",185374,134921,N6,dismiss,-0.3,ts,2568,1
"[0.32, -0.32, -0.44529411764705884, -0.24, -0.020000000000000018, 0.0, 0.0, 0.0, 1.0, 0.6805796795216892, 1.0, 0.0, 0.0, 0.0, 0.0, 0.0, 0.0, 0.0]",104417,56971,N6,dismiss,-0.3,ts,2665,1
"[0.33333333333333337, -0.33333333333333337, -0.03710575139146568, 0.05263157894736842, 0.20879120879120883, 0.0, 0.0, 0.0, 1.0, 0.7850330737942559, 1.0, 0.0, 0.0, 0.0, 0.0, 0.0, 0.0, 0.0]",63943,49082,N6,dismiss,-0.3,ts,2922,1
"[0.10714285714285708, -0.10714285714285708, -0.5347767253044655, -0.4603960396039604, -0.32, 0.0, 0.0, 0.0, 1.0, 0.49729291731541936, 1.0, 0.0, 0.0, 0.0, 0.0, 0.0, 0.0, 0.0]",81395,81396,N6,dismiss,-0.3,ts,1399,1
"[0.7, -0.7, -0.34684095860566444, 0.41284403669724773, -0.48888888888888893, 0.0, 0.0, 0.0, 1.0, 0.667510071417491, 1.0, 0.0, 0.0, 0.0, 0.0, 0.0, 0.0, 0.0]",164354,115951,N6,dismiss,-0.3,ts,2454,1
"[0.06666666666666672, -0.06666666666666672, -0.16684045881126172, 0.0380952380952381, 0.0, 0.0, 0.0, 0.0, 1.0, 0.7071694114641532, 1.0, 0.0, 0.0, 0.0, 0.0, 0.0, 0.0, 0.0]",56248,115245,N6,dismiss,-0.3,ts,1234,1
"[0.5599999999999999, -0.5599999999999999, 0.052291801162040054, 0.29454545454545455, -0.2448979591836735, 0.0, 0.0, 0.0, 1.0, 0.7767295963695724, 1.0, 0.0, 0.0, 0.0, 0.0, 0.0, 0.0, 0.0]",185412,87718,N6,dismiss,-0.3,ts,2973,0
"[0.20000000000000007, -0.20000000000000007, -0.12425665101721436, 0.002840909090909091, 0.25, 0.0, 0.0, 0.0, 1.0, 0.7189497931363428, 1.0, 0.0, 0.0, 0.0, 0.0, 0.0, 0.0, 0.0]",74281,88669,N6,dismiss,-0.3,ts,959,1
"[0.30000000000000004, -0.30000000000000004, -0.2663949610967024, 0.04198473282442748, 0.0, 0.0, 0.0, 0.0, 1.0, 0.7607866701733167, 1.0, 0.0, 0.0, 0.0, 0.0, 0.0, 0.0, 0.0]",107855,133081,N6,dismiss,-0.3,ts,2969,0
"[0.1875, -0.1875, -0.5643949930458971, 0.02, -0.039999999999999945, 0.0, 0.0, 0.0, 1.0, 0.6657861386175713, 1.0, 0.0, 0.0, 0.0, 0.0, 0.0, 0.0, 0.0]",63907,123325,N6,dismiss,-0.3,ts,1647,0
"[0.20000000000000007, -0.20000000000000007, -0.20398009950248752, -0.008547008547008548, 0.0, 0.0, 0.0, 0.0, 1.0, 0.7532869108470774, 1.0, 0.0, 0.0, 0.0, 0.0, 0.0, 0.0, 0.0]",72081,32065,N6,dismiss,-0.3,ts,2023,1
"[0.03240740740740754, -0.03240740740740754, -0.09090909090909091, 0.6775956284153005, 0.21999999999999992, 0.0, 0.0, 0.0, 1.0, 0.5641839558423116, 1.0, 0.0, 0.0, 0.0, 0.0, 0.0, 0.0, 0.0]",104492,69980,N6,dismiss,-0.3,ts,2838,1
"[0.1200000000000001, -0.1200000000000001, 0.1455847255369929, -0.04024767801857585, -0.33999999999999997, 0.0, 0.0, 0.0, 1.0, 0.6583894484224873, 1.0, 0.0, 0.0, 0.0, 0.0, 0.0, 0.0, 0.0]",57279,59423,N6,dismiss,-0.3,ts,2051,1
"[0.4545454545454546, -0.4545454545454546, 0.062030075187969824, 0.014619883040935672, 1.0, 0.0, 0.0, 0.0, 1.0, 0.7408182040546997, 1.0, 0.0, 0.0, 0.0, 0.0, 0.0, 0.0, 0.0]",107170,108828,N6,dismiss,-0.3,ts,1864,0
"[0.0285714285714286, -0.0285714285714286, 0.0, -0.4375, -0.039999999999999994, 0.0, 0.0, 0.0, 1.0, 0.6617044856731337, 1.0, 0.0, 0.0, 0.0, 0.0, 0.0, 0.0, 0.0]",125786,189308,N3,dismiss,-0.3,ts,2715,1
"[0.14, -0.14, -0.3363636363636364, 0.0, 0.0, 0.0, 0.0, 0.0, 1.0, 0.7038046069838829, 1.0, 0.0, 0.0, 0.0, 0.0, 0.0, 0.0, 0.0]",72620,69993,N6,dismiss,-0.3,ts,1605,0
"[0.2, -0.2, -0.425, -0.1678832116788321, -0.26666666666666666, 0.0, 0.0, 0.0, 1.0, 0.603526579115756, 1.0, 0.0, 0.0, 0.0, 0.0, 0.0, 0.0, 0.0]",115289,178949,N6,dismiss,-0.3,ts,2365,0
"[0.2888888888888889, -0.2888888888888889, -0.11724137931034483, 0.053003533568904596, 0.4166666666666667, 0.0, 0.0, 0.0, 1.0, 0.7103242631172707, 1.0, 0.0, 0.0, 0.0, 0.0, 0.0, 0.0, 0.0]",134111,104963,N6,accept,0.5022222222222222,ts,1511,1
"[0.22164948453608244, -0.22164948453608244, -0.2631578947368421, -0.0641399416909621, -0.07692307692307693, 0.0, 0.0, 0.0, 1.0, 0.7088927203903614, 1.0, 0.0, 0.0, 0.0, 0.0, 0.0, 0.0, 0.0]",104962,103704,N6,dismiss,-0.3,ts,1282,0
"[0.11458333333333333, -0.11458333333333333, -0.11504424778761058, -0.5561959654178674, -0.7909090909090909, 0.0, 0.0, 0.0, 1.0, 0.5315991195502442, 1.0, 0.0, 0.0, 0.0, 0.0, 0.0, 0.0, 0.0]",108828,142262,N6,dismiss,-0.3,ts,1658,0
"[0.1250000000000001, -0.1250000000000001, 0.16218749999999993, 0.0, 0.0, 0.0, 0.0, 0.0, 1.0, 0.7409291148542603, 1.0, 0.0, 0.0, 0.0, 0.0, 0.0, 0.0, 0.0]",57061,55412,N6,dismiss,-0.3,ts,1581,0
"[0.2346938775510204, -0.2346938775510204, -0.5314285714285715, 0.3709677419354839, -0.3448275862068966, 0.0, 0.0, 0.0, 1.0, 0.5503305829454922, 1.0, 0.0, 0.0, 0.0, 0.0, 0.0, 0.0, 0.0]",169065,155668,N6,dismiss,-0.3,ts,1736,0
"[0.3333333333333333, -0.3333333333333333, -0.48406676783004554, -0.44761904761904764, -0.6129032258064516, 0.0, 0.0, 0.0, 1.0, 0.546792220645576, 1.0, 0.0, 0.0, 0.0, 0.0, 0.0, 0.0, 0.0]",170138,175100,N6,dismiss,-0.3,ts,1680,0
"[0.3636363636363637, -0.3636363636363637, 0.0, 0.0, 0.0, 0.0, 0.0, 0.0, 1.0, 0.8742764353476687, 1.0, 0.0, 0.0, 0.0, 0.0, 0.0, 0.0, 0.0]",123010,123174,N6,dismiss,-0.3,ts,1577,0
"[0.20000000000000007, -0.20000000000000007, -0.00663349917081258, -0.002785515320334262, -0.44, 0.0, 0.0, 0.0, 1.0, 0.7315763827558615, 1.0, 0.0, 0.0, 0.0, 0.0, 0.0, 0.0, 0.0]",29710,135481,N6,accept,0.44000000000000006,ts,1818,1
"[0.5170454545454546, -0.5170454545454546, 0.2222222222222222, -0.13636363636363635, 0.1, 0.0, 0.0, 0.0, 1.0, 0.7777796473793787, 1.0, 0.0, 0.0, 0.0, 0.0, 0.0, 0.0, 0.0]",30710,87407,N6,accept,0.6619318181818181,ts,873,1
"[0.3, -0.3, -0.09090909090909091, 0.46, -0.08000000000000003, 0.0, 0.0, 0.0, 1.0, 0.709824759435147, 1.0, 0.0, 0.0, 0.0, 0.0, 0.0, 0.0, 0.0]",38740,41068,N6,dismiss,-0.3,ts,2918,0
"[0.02857142857142844, -0.02857142857142844, -0.20152761457109283, -0.008670520231213872, -0.1518987341772152, 0.0, 0.0, 0.0, 1.0, 0.6524855845390131, 1.0, 0.0, 0.0, 0.0, 0.0, 0.0, 0.0, 0.0]",117162,185707,N6,accept,0.3199999999999999,ts,613,0
"[0.02500000000000002, -0.02500000000000002, -0.028182701652089328, -0.1, -0.07999999999999999, 0.0, 0.0, 0.0, 1.0, 0.6990405284223395, 1.0, 0.0, 0.0, 0.0, 0.0, 0.0, 0.0, 0.0]",114070,62503,N3,dismiss,-0.3,ts,2854,1
"[0.03846153846153849, -0.03846153846153849, -0.04092526690391467, -0.11965811965811966, -0.13559322033898316, 0.0, 0.0, 0.0, 1.0, 0.6811350654321555, 1.0, 0.0, 0.0, 0.0, 0.0, 0.0, 0.0, 0.0]",43763,117087,N6,dismiss,-0.3,ts,1618,1
"[0.24999999999999992, -0.24999999999999992, -0.1164, 0.008264462809917356, -0.01639344262295076, 0.0, 0.0, 0.0, 1.0, 0.7907545094808827, 1.0, 0.0, 0.0, 0.0, 0.0, 0.0, 0.0, 0.0]",81542,81541,N6,accept,0.4749999999999999,ts,1744,1
"[0.375, -0.375, 0.1629802095459837, -0.02857142857142857, -0.015999999999999945, 0.0, 0.0, 0.0, 1.0, 0.8087691028352987, 1.0, 0.0, 0.0, 0.0, 0.0, 0.0, 0.0, 0.0]",19856,71092,N6,dismiss,-0.3,ts,1475,0
"[0.09090909090909098, -0.09090909090909098, -0.335, 0.03614457831325301, -0.07692307692307693, 0.0, 0.0, 0.0, 1.0, 0.6543727450306962, 1.0, 0.0, 0.0, 0.0, 0.0, 0.0, 0.0, 0.0]",162894,174773,N6,dismiss,-0.3,ts,1054,1
"[0.09090909090909098, -0.09090909090909098, -0.43661971830985913, 0.06818181818181818, 0.16666666666666666, 0.0, 0.0, 0.0, 1.0, 0.6057589679083718, 1.0, 0.0, 0.0, 0.0, 0.0, 0.0, 0.0, 0.0]",57376,151841,N6,dismiss,-0.3,ts,829,1
"[0.4, -0.28, -0.2697495183044316, -0.18333333333333332, 1.0, 0.0, 0.0, 0.0, 1.0, 0.586722181322074, 1.0, 0.0, 0.0, 0.0, 0.0, 0.0, 0.0, 0.0]",16718,42569,N6,dismiss,-0.3,ts,1259,0
"[0.4705882352941177, -0.4705882352941177, 0.0, -0.75, -0.44000000000000006, 0.0, 0.0, 0.0, 1.0, 0.6977090282141576, 1.0, 0.0, 0.0, 0.0, 0.0, 0.0, 0.0, 0.0]",41870,18334,N6,dismiss,-0.3,ts,2596,0
"[0.2, -0.2, -0.31854379977246877, -0.18666666666666668, 0.11764705882352941, 0.0, 0.0, 0.0, 1.0, 0.6504103347990426, 1.0, 0.0, 0.0, 0.0, 0.0, 0.0, 0.0, 0.0]",169345,185524,N6,dismiss,-0.3,ts,1600,1
"[0.75, -0.75, -0.34684095860566444, -0.125, 1.0, 0.0, 0.0, 0.0, 1.0, 0.6878314574704213, 1.0, 0.0, 0.0, 0.0, 0.0, 0.0, 0.0, 0.0]",135617,115951,N6,accept,0.825,ts,990,0
"[0.25, -0.25, 0.0, 0.011695906432748537, 0.25, 0.0, 0.0, 0.0, 1.0, 0.7771008967590011, 1.0, 0.0, 0.0, 0.0, 0.0, 0.0, 0.0, 0.0]",43087,117045,N6,accept,0.475,ts,2807,0
"[0.3636363636363637, -0.3636363636363637, 0.14285714285714285, 0.028169014084507043, 0.36363636363636365, 0.0, 0.0, 0.0, 1.0, 0.7388385917974343, 1.0, 0.0, 0.0, 0.0, 0.0, 0.0, 0.0, 0.0]",123011,123174,N6,accept,0.5545454545454546,ts,469,0
"[0.25, -0.25, -0.2712688381137579, 0.058419243986254296, -0.6166666666666667, 0.0, 0.0, 0.0, 1.0, 0.6330009259374624, 1.0, 0.0, 0.0, 0.0, 0.0, 0.0, 0.0, 0.0]",29663,115951,N6,dismiss,-0.3,ts,2227,0
"[0.7, -0.7, 0.07455197132616495, 0.4528301886792453, -0.48888888888888893, 0.0, 0.0, 0.0, 1.0, 0.7348106336402851, 1.0, 0.0, 0.0, 0.0, 0.0, 0.0, 0.0, 0.0]",84871,115951,N6,dismiss,-0.3,ts,1939,0
"[0.2935064935064935, -0.2935064935064935, -0.7835593220338983, -0.22905027932960895, 0.047619047619047616, 0.0, 0.0, 0.0, 1.0, 0.6264400762550325, 1.0, 0.0, 0.0, 0.0, 0.0, 0.0, 0.0, 0.0]",128281,115323,N6,dismiss,-0.3,ts,2433,1
"[0.15000000000000002, -0.15000000000000002, -0.1643454038997214, -0.002881844380403458, 0.13636363636363635, 0.0, 0.0, 0.0, 1.0, 0.7126257202247521, 1.0, 0.0, 0.0, 0.0, 0.0, 0.0, 0.0, 0.0]",82377,105724,N6,dismiss,-0.3,ts,2672,1
"[0.9215686274509803, -0.9215686274509803, -0.08178025034770528, 0.02247191011235955, 0.5333333333333333, 0.0, 0.0, 0.0, 1.0, 0.8352230365765551, 1.0, 0.0, 0.0, 0.0, 0.0, 0.0, 0.0, 0.0]",128242,120787,N6,dismiss,-0.3,ts,1989,1
"[0.25, -0.25, -0.25925925925925924, 0.0778816199376947, 0.13636363636363635, 0.0, 0.0, 0.0, 1.0, 0.7012290684696982, 1.0, 0.0, 0.0, 0.0, 0.0, 0.0, 0.0, 0.0]",142493,117045,N6,dismiss,-0.3,ts,1853,0
"[0.7942857142857144, -0.7942857142857144, -0.24357239512855217, -0.3853211009174312, -0.6916666666666668, 0.0, 0.0, 0.0, 1.0, 0.6876495392228945, 1.0, 0.0, 0.0, 0.0, 0.0, 0.0, 0.0, 0.0]",115244,54927,N6,dismiss,-0.3,ts,1458,1
"[0.25, -0.25, -0.5708154506437768, -0.008595988538681949, 1.0, 0.0, 0.0, 0.0, 1.0, 0.5525921765486778, 1.0, 0.0, 0.0, 0.0, 0.0, 0.0, 0.0, 0.0]",189369,117045,N6,dismiss,-0.3,ts,2311,0
"[0.25, -0.25, 0.22714285714285723, -0.08766233766233766, 0.0, 0.0, 0.0, 0.0, 1.0, 0.7424472880831784, 1.0, 0.0, 0.0, 0.0, 0.0, 0.0, 0.0, 0.0]",55744,21089,N3,dismiss,-0.3,ts,2408,1
"[0.625, -0.625, -0.13377926421404682, 0.9653179190751445, -0.595, 0.0, 0.0, 0.0, 1.0, 0.6539585682082435, 1.0, 0.0, 0.0, 0.0, 0.0, 0.0, 0.0, 0.0]",158410,145532,N6,dismiss,-0.3,ts,1328,1
"[0.16666666666666666, -0.16666666666666666, 0.21539500337609718, -0.19122257053291536, -0.608, 0.0, 0.0, 0.0, 1.0, 0.5880194588419783, 1.0, 0.0, 0.0, 0.0, 0.0, 0.0, 0.0, 0.0]",128276,145578,N3,dismiss,-0.3,ts,428,1
"[0.4, -0.4, -0.4794794794794795, -0.49130434782608695, 0.3157894736842105, 0.0, 0.0, 0.0, 1.0, 0.5968334567710198, 1.0, 0.0, 0.0, 0.0, 0.0, 0.0, 0.0, 0.0]",191334,183357,N3,dismiss,-0.3,ts,2648,1
"[0.018987341772151913, -0.018987341772151913, -0.17843388960205397, -0.08831168831168831, 0.044776119402985044, 0.0, 0.0, 0.0, 1.0, 0.6599567148969936, 1.0, 0.0, 0.0, 0.0, 0.0, 0.0, 0.0, 0.0]",43373,15686,N6,dismiss,-0.3,ts,2450,1
"[0.2000000000000001, -0.2000000000000001, 0.1925876902713435, 0.23417721518987342, -0.05999999999999996, 0.0, 0.0, 0.0, 1.0, 0.6858372203509444, 1.0, 0.0, 0.0, 0.0, 0.0, 0.0, 0.0, 0.0]",147858,83435,N6,dismiss,-0.3,ts,1600,0
"[0.3333333333333333, -0.3333333333333333, 0.021995112197289536, 1.0, -0.4782608695652174, 0.0, 0.0, 0.0, 1.0, 0.6258532004543405, 1.0, 0.0, 0.0, 0.0, 0.0, 0.0, 0.0, 0.0]",120796,128295,N3,dismiss,-0.3,ts,479,1
"[0.20000000000000007, -0.20000000000000007, 0.19142857142857142, -0.04788732394366197, 0.09090909090909091, 0.0, 0.0, 0.0, 1.0, 0.7205734669549364, 1.0, 0.0, 0.0, 0.0, 0.0, 0.0, 0.0, 0.0]",123005,108746,N6,dismiss,-0.3,ts,1194,1
"[0.46153846153846156, -0.46153846153846156, -0.7518796992481204, -0.256, 0.33999999999999997, 0.0, 0.0, 0.0, 1.0, 0.6102111112024573, 1.0, 0.0, 0.0, 0.0, 0.0, 0.0, 0.0, 0.0]",110599,122732,N6,dismiss,-0.3,ts,444,0
"[0.16666666666666666, -0.16666666666666666, -0.16749999999999995, 1.0, 0.06145251396648053, 0.0, 0.0, 0.0, 1.0, 0.5897690701959244, 1.0, 0.0, 0.0, 0.0, 0.0, 0.0, 0.0, 0.0]",165914,191335,N6,accept,0.41666666666666663,ts,2279,0
"[0.09999999999999996, -0.09999999999999996, -0.2505, -0.3416666666666667, -0.44000000000000006, 0.0, 0.0, 0.0, 1.0, 0.5463632436722876, 1.0, 0.0, 0.0, 0.0, 0.0, 0.0, 0.0, 0.0]",18598,155616,N6,dismiss,-0.3,ts,1316,1
"[0.2794117647058824, -0.2794117647058824, -0.4150110375275938, 0.023323615160349854, 0.07462686567164178, 0.0, 0.0, 0.0, 1.0, 0.7086208261787135, 1.0, 0.0, 0.0, 0.0, 0.0, 0.0, 0.0, 0.0]",185707,105872,N6,dismiss,-0.3,ts,2174,0
"[0.06666666666666672, -0.06666666666666672, -0.27227342549923195, -0.2810945273631841, -0.04, 0.0, 0.0, 0.0, 1.0, 0.6148993736690519, 1.0, 0.0, 0.0, 0.0, 0.0, 0.0, 0.0, 0.0]",116359,105432,N6,accept,0.3466666666666667,ts,2313,1
"[0.5, -0.5, -0.35778175313059035, -0.4148936170212766, 0.08000000000000007, 0.0, 0.0, 0.0, 1.0, 0.6998134226636865, 1.0, 0.0, 0.0, 0.0, 0.0, 0.0, 0.0, 0.0]",19596,84107,N6,dismiss,-0.3,ts,1526,1
"[0.1538461538461538, -0.1538461538461538, 0.0, 0.0, 0.0, 0.0, 0.0, 0.0, 1.0, 0.806689539231263, 1.0, 0.0, 0.0, 0.0, 0.0, 0.0, 0.0, 0.0]",93850,93864,N6,dismiss,-0.3,ts,2462,0
"[0.2, -0.2, -0.6406406406406406, -0.48, -0.43333333333333335, 0.0, 0.0, 0.0, 1.0, 0.4988509006037789, 1.0, 0.0, 0.0, 0.0, 0.0, 0.0, 0.0, 0.0]",47181,110152,N6,dismiss,-0.3,ts,2572,1
"[0.02500000000000002, -0.02500000000000002, 0.20627261761158033, -0.06, -0.039999999999999994, 0.0, 0.0, 0.0, 1.0, 0.6632687757964634, 1.0, 0.0, 0.0, 0.0, 0.0, 0.0, 0.0, 0.0]",151774,62540,N6,dismiss,-0.3,ts,1713,0
"[0.3000000000000001, -0.3000000000000001, -0.528957528957529, 0.0, 0.0, 0.0, 0.0, 0.0, 1.0, 0.7249105321469098, 1.0, 0.0, 0.0, 0.0, 0.0, 0.0, 0.0, 0.0]",85444,85446,N6,accept,0.51,ts,2794,0
"[0.8714285714285714, -0.8714285714285714, -0.2309859154929577, -0.9770114942528736, -0.9038461538461539, 0.0, 0.0, 0.0, 1.0, 0.6377559530745973, 1.0, 0.0, 0.0, 0.0, 0.0, 0.0, 0.0, 0.0]",91073,16650,N3,accept,0.9099999999999999,ts,406,1
"[0.07142857142857154, -0.07142857142857154, -0.16350364963503655, -0.4, 0.35294117647058826, 0.0, 0.0, 0.0, 1.0, 0.5623496452079454, 1.0, 0.0, 0.0, 0.0, 0.0, 0.0, 0.0, 0.0]",78003,155844,N3,dismiss,-0.3,ts,868,1
"[0.25, -0.25, -0.25925925925925924, 0.048484848484848485, 0.041666666666666664, 0.0, 0.0, 0.0, 1.0, 0.7328139323987184, 1.0, 0.0, 0.0, 0.0, 0.0, 0.0, 0.0, 0.0]",142494,117045,N6,dismiss,-0.3,ts,1622,0
"[0.28571428571428575, -0.28571428571428575, -0.4578571428571428, -0.023391812865497075, 0.0, 0.0, 0.0, 0.0, 1.0, 0.7242218929098184, 1.0, 0.0, 0.0, 0.0, 0.0, 0.0, 0.0, 0.0]",114737,81498,N6,dismiss,-0.3,ts,2501,1
"[0.5636363636363637, -0.5636363636363637, -0.13291139240506325, -0.016901408450704224, 0.6666666666666666, 0.0, 0.0, 0.0, 1.0, 0.7600407191876071, 1.0, 0.0, 0.0, 0.0, 0.0, 0.0, 0.0, 0.0]",109410,108839,N6,dismiss,-0.3,ts,668,0
"[0.3230769230769231, -0.3230769230769231, -0.39503932244404116, 1.0, -0.6470588235294118, 0.0, 0.0, 0.0, 1.0, 0.49503773927859074, 1.0, 0.0, 0.0, 0.0, 0.0, 0.0, 0.0, 0.0]",61360,169349,N6,accept,0.5261538461538462,ts,1078,0
"[0.3636363636363637, -0.3636363636363637, 0.0, 0.061046511627906974, 0.0, 0.0, 0.0, 0.0, 1.0, 0.8570363402900383, 1.0, 0.0, 0.0, 0.0, 0.0, 0.0, 0.0, 0.0]",123210,123174,N6,dismiss,-0.3,ts,1039,0
"[0.10714285714285708, -0.10714285714285708, 0.21108179419525067, -0.24567474048442905, -0.25, 0.0, 0.0, 0.0, 1.0, 0.6037111713328339, 1.0, 0.0, 0.0, 0.0, 0.0, 0.0, 0.0, 0.0]",105432,164355,N6,accept,0.37499999999999994,ts,1490,1
"[0.18749999999999997, -0.18749999999999997, -0.06666666666666667, 0.8181818181818182, -0.1, 0.0, 0.0, 0.0, 1.0, 0.6455626802602048, 1.0, 0.0, 0.0, 0.0, 0.0, 0.0, 0.0, 0.0]",63222,114738,N6,dismiss,-0.3,ts,640,1
"[0.07142857142857154, -0.07142857142857154, -0.16350364963503655, -0.4, 0.35294117647058826, 0.0, 0.0, 0.0, 1.0, 0.5623496452079454, 1.0, 0.0, 0.0, 0.0, 0.0, 0.0, 0.0, 0.0]",78003,155844,N6,accept,0.3500000000000001,ts,1602,1
"[0.20000000000000007, -0.20000000000000007, -0.2794444444444444, -0.04, 1.0, 0.0, 0.0, 0.0, 1.0, 0.5760362365604412, 1.0, 0.0, 0.0, 0.0, 0.0, 0.0, 0.0, 0.0]",30105,107458,N6,accept,0.44000000000000006,ts,1853,1
"[0.16666666666666663, -0.16666666666666663, -0.1497064579256361, -0.04, -0.039999999999999994, 0.0, 0.0, 0.0, 1.0, 0.7364152237187678, 1.0, 0.0, 0.0, 0.0, 0.0, 0.0, 0.0, 0.0]",122734,81996,N6,dismiss,-0.3,ts,2200,0
"[0.2, -0.2, -0.861516452074392, 0.0, 0.0, 0.0, 0.0, 0.0, 1.0, 0.6585329291503521, 1.0, 0.0, 0.0, 0.0, 0.0, 0.0, 0.0, 0.0]",16689,110501,N3,dismiss,-0.3,ts,2664,1
"[0.2941176470588235, -0.2941176470588235, -0.20508744038155807, 0.9354838709677419, 0.58, 0.0, 0.0, 0.0, 1.0, 0.5564807400241625, 1.0, 0.0, 0.0, 0.0, 0.0, 0.0, 0.0, 0.0]",79359,18570,N6,dismiss,-0.3,ts,1924,0
"[0.13333333333333344, -0.13333333333333344, -0.1, -0.75, -0.44000000000000006, 0.0, 0.0, 0.0, 1.0, 0.5587769414463242, 1.0, 0.0, 0.0, 0.0, 0.0, 0.0, 0.0, 0.0]",70105,79461,N6,accept,0.3933333333333334,ts,897,0
"[0.4545454545454546, -0.4545454545454546, -0.5778331257783312, -0.030726256983240222, 1.0, 0.0, 0.0, 0.0, 1.0, 0.6034772490672271, 1.0, 0.0, 0.0, 0.0, 0.0, 0.0, 0.0, 0.0]",93935,108828,N6,accept,0.6181818181818182,ts,2543,1
"[0.12499999999999988, -0.12499999999999988, -0.10764872521246464, 0.0, 0.0, 0.0, 0.0, 0.0, 1.0, 0.7575936139289889, 1.0, 0.0, 0.0, 0.0, 0.0, 0.0, 0.0, 0.0]",180520,180524,N3,dismiss,-0.3,ts,1411,1
"[0.125, -0.125, -0.10012515644555695, 1.0, 1.0, 0.0, 0.0, 0.0, 1.0, 0.47497695054079564, 1.0, 0.0, 0.0, 0.0, 0.0, 0.0, 0.0, 0.0]",158428,110096,N6,dismiss,-0.3,ts,1176,1
"[0.5636363636363637, -0.5636363636363637, -0.0625, -0.019662921348314606, 1.0, 0.0, 0.0, 0.0, 1.0, 0.7442973603952323, 1.0, 0.0, 0.0, 0.0, 0.0, 0.0, 0.0, 0.0]",109094,107563,N6,dismiss,-0.3,ts,2384,1
"[0.3, -0.3, -0.28, 0.0, 0.0, 0.0, 0.0, 0.0, 1.0, 0.769716564082265, 1.0, 0.0, 0.0, 0.0, 0.0, 0.0, 0.0, 0.0]",69485,50807,N1,dismiss,-0.3,ts,819,1
"[0.5, -0.5, 0.22290161200667047, 0.17, 0.2727272727272727, 0.0, 0.0, 0.0, 1.0, 0.7305514797789469, 1.0, 0.0, 0.0, 0.0, 0.0, 0.0, 0.0, 0.0]",183166,151839,N6,dismiss,-0.3,ts,2941,1
"[0.8, -0.8, 0.0, 1.0, 1.0, 0.0, 0.0, 0.0, 1.0, 0.6626816974221303, 1.0, 0.0, 0.0, 0.0, 0.0, 0.0, 0.0, 0.0]",51128,51605,N6,dismiss,-0.3,ts,939,0
"[0.3636363636363637, -0.3636363636363637, 0.0, 0.0, 0.0, 0.0, 0.0, 0.0, 1.0, 0.8742764353476687, 1.0, 0.0, 0.0, 0.0, 0.0, 0.0, 0.0, 0.0]",123031,123174,N6,dismiss,-0.3,ts,1892,0
"[0.33333333333333337, -0.33333333333333337, -0.04368673415023976, 0.4751131221719457, 0.25, 0.0, 0.0, 0.0, 1.0, 0.6977738805226098, 1.0, 0.0, 0.0, 0.0, 0.0, 0.0, 0.0, 0.0]",104466,155669,N6,dismiss,-0.3,ts,2073,0
"[0.20000000000000007, -0.20000000000000007, -0.006303915063039193, 0.019943019943019943, -0.5, 0.0, 0.0, 0.0, 1.0, 0.7196391729676981, 1.0, 0.0, 0.0, 0.0, 0.0, 0.0, 0.0, 0.0]",43335,135481,N6,accept,0.44000000000000006,ts,1840,1
"[0.19999999999999993, -0.19999999999999993, 0.041666666666666664, 0.0, 0.0, 0.0, 0.0, 0.0, 1.0, 0.8068370360387624, 1.0, 0.0, 0.0, 0.0, 0.0, 0.0, 0.0, 0.0]",18185,82489,N6,accept,0.43999999999999995,ts,700,0
"[0.09090909090909098, -0.09090909090909098, -0.3849114703618168, 0.0, 0.0, 0.0, 0.0, 0.0, 1.0, 0.6765001730348132, 1.0, 0.0, 0.0, 0.0, 0.0, 0.0, 0.0, 0.0]",43671,43690,N6,dismiss,-0.3,ts,1810,0
"[0.0555555555555556, -0.0555555555555556, -0.44341372912801486, 0.01764705882352941, 0.0, 0.0, 0.0, 0.0, 1.0, 0.6479755888896072, 1.0, 0.0, 0.0, 0.0, 0.0, 0.0, 0.0, 0.0]",123848,105724,N6,dismiss,-0.3,ts,2250,1
"[0.1200000000000001, -0.1200000000000001, 0.1455847255369929, -0.08536585365853659, -0.625, 0.0, 0.0, 0.0, 1.0, 0.6134308998417168, 1.0, 0.0, 0.0, 0.0, 0.0, 0.0, 0.0, 0.0]",57551,59424,N6,dismiss,-0.3,ts,1419,1
"[0.19999999999999996, -0.19999999999999996, -0.20040080160320642, 0.0, 0.0, 0.0, 0.0, 0.0, 1.0, 0.7567847392414749, 1.0, 0.0, 0.0, 0.0, 0.0, 0.0, 0.0, 0.0]",130669,30619,N1,dismiss,-0.3,ts,592,1
"[0.24999999999999992, -0.24999999999999992, 0.2002503128911139, -0.1092436974789916, 0.13333333333333333, 0.0, 0.0, 0.0, 1.0, 0.7090355520187257, 1.0, 0.0, 0.0, 0.0, 0.0, 0.0, 0.0, 0.0]",139806,55882,N6,dismiss,-0.3,ts,1205,1
"[0.3, -0.3, -0.602897102897103, 0.0, 0.6200000000000001, 0.0, 0.0, 0.0, 1.0, 0.608773199379965, 1.0, 0.0, 0.0, 0.0, 0.0, 0.0, 0.0, 0.0]",117054,105872,N6,dismiss,-0.3,ts,700,0
"[0.15, -0.15, -0.3033333333333334, -0.08064516129032258, -0.2, 0.0, 0.0, 0.0, 1.0, 0.6425573796525078, 1.0, 0.0, 0.0, 0.0, 0.0, 0.0, 0.0, 0.0]",41650,18005,N6,dismiss,-0.3,ts,2761,1
"[0.22222222222222215, -0.22222222222222215, -0.19748953974895392, 0.4462809917355372, -0.2916666666666667, 0.0, 0.0, 0.0, 1.0, 0.6102630337837144, 1.0, 0.0, 0.0, 0.0, 0.0, 0.0, 0.0, 0.0]",86760,78003,N6,dismiss,-0.3,ts,2071,1
"[0.5, -0.5, -0.4117647058823529, 0.0, 0.0, 0.0, 0.0, 0.0, 1.0, 0.7965632240551328, 1.0, 0.0, 0.0, 0.0, 0.0, 0.0, 0.0, 0.0]",38239,93860,N6,dismiss,-0.3,ts,2760,0
"[0.33333333333333337, -0.33333333333333337, -0.04368673415023976, 0.4751131221719457, 0.25, 0.0, 0.0, 0.0, 1.0, 0.6977738805226098, 1.0, 0.0, 0.0, 0.0, 0.0, 0.0, 0.0, 0.0]",104466,155669,N3,dismiss,-0.3,ts,455,1
"[0.13333333333333344, -0.13333333333333344, -0.18181818181818182, -0.75, -0.44000000000000006, 0.0, 0.0, 0.0, 1.0, 0.5340595765105035, 1.0, 0.0, 0.0, 0.0, 0.0, 0.0, 0.0, 0.0]",18239,79461,N1,dismiss,-0.3,ts,815,0
"[0.0666666666666666, -0.0666666666666666, 0.0, -0.2328767123287671, 0.1111111111111111, 0.0, 0.0, 0.0, 1.0, 0.689176913736021, 1.0, 0.0, 0.0, 0.0, 0.0, 0.0, 0.0, 0.0]",127690,139086,N3,dismiss,-0.3,ts,1580,1
"[0.35245901639344257, -0.35245901639344257, -0.43941286695815124, 0.008450704225352112, 0.05555555555555555, 0.0, 0.0, 0.0, 1.0, 0.735860531537126, 1.0, 0.0, 0.0, 0.0, 0.0, 0.0, 0.0, 0.0]",41679,43387,N1,dismiss,-0.3,ts,466,1
"[0.7843137254901961, -0.7843137254901961, 0.17994100294985255, 1.0, -0.6363636363636364, 0.0, 0.0, 0.0, 1.0, 0.6485163998686077, 1.0, 0.0, 0.0, 0.0, 0.0, 0.0, 0.0, 0.0]",120916,169349,N3,accept,0.8490196078431371,ts,2244,1
"[0.7, -0.7, -0.2805555555555556, 0.3178294573643411, -0.17346938775510215, 0.0, 0.0, 0.0, 1.0, 0.7450317909798468, 1.0, 0.0, 0.0, 0.0, 0.0, 0.0, 0.0, 0.0]",145578,145532,N1,accept,0.7899999999999999,ts,1190,0
"[0.1428571428571428, -0.1428571428571428, 0.2, -0.3, -0.22000000000000003, 0.0, 0.0, 0.0, 1.0, 0.6157574613939959, 1.0, 0.0, 0.0, 0.0, 0.0, 0.0, 0.0, 0.0]",29449,29439,N6,dismiss,-0.3,ts,1629,1
"[0.13333333333333328, -0.13333333333333328, -0.09600443951165374, -0.13846153846153847, -0.07999999999999999, 0.0, 0.0, 0.0, 1.0, 0.7059422282078749, 1.0, 0.0, 0.0, 0.0, 0.0, 0.0, 0.0, 0.0]",83435,143094,N1,dismiss,-0.3,ts,1012,1
"[0.33333333333333337, -0.33333333333333337, -0.2748368382886149, 0.0, 0.0, 0.0, 0.0, 0.0, 1.0, 0.7809569119829103, 1.0, 0.0, 0.0, 0.0, 0.0, 0.0, 0.0, 0.0]",141751,93860,N1,dismiss,-0.3,ts,1881,1
"[0.12, -0.12, 0.2222222222222222, 0.32, -0.020000000000000018, 0.0, 0.0, 0.0, 1.0, 0.6459685741946293, 1.0, 0.0, 0.0, 0.0, 0.0, 0.0, 0.0, 0.0]",30621,74187,N6,dismiss,-0.3,ts,2647,1
"[0.8529411764705882, -0.8529411764705882, -0.0004992511233151054, 1.0, 0.17647058823529413, 0.0, 0.0, 0.0, 1.0, 0.7743483893251073, 1.0, 0.0, 0.0, 0.0, 0.0, 0.0, 0.0, 0.0]",107861,170191,N3,dismiss,-0.3,ts,1025,1
"[0.2727272727272727, -0.2727272727272727, -0.27048634243837444, 0.0, 0.0, 0.0, 0.0, 0.0, 1.0, 0.7633614666745693, 1.0, 0.0, 0.0, 0.0, 0.0, 0.0, 0.0, 0.0]",81453,81452,N3,dismiss,-0.3,ts,1301,1
"[0.20000000000000007, -0.20000000000000007, 0.17909090909090916, -0.10160427807486631, 0.36363636363636365, 0.0, 0.0, 0.0, 1.0, 0.6575173146638584, 1.0, 0.0, 0.0, 0.0, 0.0, 0.0, 0.0, 0.0]",89763,107458,N1,dismiss,-0.3,ts,510,0
"[0.5636363636363637, -0.5636363636363637, -0.20886075949367092, 0.017595307917888565, 0.8333333333333334, 0.0, 0.0, 0.0, 1.0, 0.7270255039928168, 1.0, 0.0, 0.0, 0.0, 0.0, 0.0, 0.0, 0.0]",116193,107659,N1,accept,0.6945454545454546,ts,2154,1
"[0.5599999999999999, -0.5599999999999999, 0.052291801162040054, 0.29454545454545455, -0.2448979591836735, 0.0, 0.0, 0.0, 1.0, 0.7767295963695724, 1.0, 0.0, 0.0, 0.0, 0.0, 0.0, 0.0, 0.0]",185412,87718,N3,dismiss,-0.3,ts,2620,1
"[0.10999999999999997, -0.10999999999999997, -0.125, -0.48333333333333334, -0.58, 0.0, 0.0, 0.0, 1.0, 0.5507150856559786, 1.0, 0.0, 0.0, 0.0, 0.0, 0.0, 0.0, 0.0]",18616,79360,N1,dismiss,-0.3,ts,2229,1
"[0.24999999999999997, -0.24999999999999997, 0.16666666666666666, 0.0, 0.0, 0.0, 0.0, 0.0, 1.0, 0.7828956117024544, 1.0, 0.0, 0.0, 0.0, 0.0, 0.0, 0.0, 0.0]",18305,18309,N1,accept,0.475,ts,2223,0
"[0.02500000000000002, -0.02500000000000002, -0.5444191343963554, -0.1, -0.039999999999999994, 0.0, 0.0, 0.0, 1.0, 0.5879691356329428, 1.0, 0.0, 0.0, 0.0, 0.0, 0.0, 0.0, 0.0]",30785,62503,N6,dismiss,-0.3,ts,2830,1
"[0.09090909090909098, -0.09090909090909098, -0.1544885177453027, -0.0625, 0.0, 0.0, 0.0, 0.0, 1.0, 0.7130952232210707, 1.0, 0.0, 0.0, 0.0, 0.0, 0.0, 0.0, 0.0]",110877,142494,N1,dismiss,-0.3,ts,1260,1
"[0.1666666666666667, -0.1666666666666667, 0.1, 1.0, 1.0, 0.0, 0.0, 0.0, 1.0, 0.4789161730664955, 1.0, 0.0, 0.0, 0.0, 0.0, 0.0, 0.0, 0.0]",37985,41688,N3,dismiss,-0.3,ts,1212,1
"[0.20000000000000007, -0.20000000000000007, -0.4779342723004695, -0.03977272727272727, 0.0, 0.0, 0.0, 0.0, 1.0, 0.6882541717575904, 1.0, 0.0, 0.0, 0.0, 0.0, 0.0, 0.0, 0.0]",74280,108746,N1,accept,0.44000000000000006,ts,2971,1
"[0.20000000000000007, -0.20000000000000007, -0.4706467661691542, -0.02564102564102564, -0.08333333333333333, 0.0, 0.0, 0.0, 1.0, 0.6703265884549668, 1.0, 0.0, 0.0, 0.0, 0.0, 0.0, 0.0, 0.0]",72081,107170,N1,dismiss,-0.3,ts,2244,1
"[0.20000000000000007, -0.20000000000000007, -0.20364050056882826, -0.11888111888111888, 0.14285714285714285, 0.0, 0.0, 0.0, 1.0, 0.6868996987666001, 1.0, 0.0, 0.0, 0.0, 0.0, 0.0, 0.0, 0.0]",115366,115390,N1,dismiss,-0.3,ts,982,1
"[0.8875, -0.8875, 0.11470588235294113, 1.0, 0.5166666666666666, 0.0, 0.0, 0.0, 1.0, 0.6836855280921675, 1.0, 0.0, 0.0, 0.0, 0.0, 0.0, 0.0, 0.0]",18437,49005,N3,dismiss,-0.3,ts,2498,1
"[0.1875, -0.1875, -0.5643949930458971, 0.02, -0.039999999999999945, 0.0, 0.0, 0.0, 1.0, 0.6657861386175713, 1.0, 0.0, 0.0, 0.0, 0.0, 0.0, 0.0, 0.0]",63907,123325,N1,dismiss,-0.3,ts,2753,1
"[0.5, -0.5, -0.1669449081803005, -0.02857142857142857, -0.015999999999999945, 0.0, 0.0, 0.0, 1.0, 0.8389586327550722, 1.0, 0.0, 0.0, 0.0, 0.0, 0.0, 0.0, 0.0]",19869,81422,N1,dismiss,-0.3,ts,1974,1
"[0.20000000000000004, -0.20000000000000004, 0.13333333333333333, -0.75, -0.44000000000000006, 0.0, 0.0, 0.0, 1.0, 0.5717007815603291, 1.0, 0.0, 0.0, 0.0, 0.0, 0.0, 0.0, 0.0]",133969,18334,N1,dismiss,-0.3,ts,2989,0
"[0.10714285714285708, -0.10714285714285708, -0.2935429056924384, -0.25671641791044775, -0.28, 0.0, 0.0, 0.0, 1.0, 0.5764722103585493, 1.0, 0.0, 0.0, 0.0, 0.0, 0.0, 0.0, 0.0]",87090,52481,N1,dismiss,-0.3,ts,2897,1
"[0.3, -0.3, -0.602897102897103, 0.0, 0.6200000000000001, 0.0, 0.0, 0.0, 1.0, 0.608773199379965, 1.0, 0.0, 0.0, 0.0, 0.0, 0.0, 0.0, 0.0]",117054,105872,N1,dismiss,-0.3,ts,1779,1
"[0.8581818181818183, -0.8581818181818183, -0.375, -0.18, -0.039999999999999994, 0.0, 0.0, 0.0, 1.0, 0.8021948577650769, 1.0, 0.0, 0.0, 0.0, 0.0, 0.0, 0.0, 0.0]",122718,81568,N1,dismiss,-0.3,ts,785,1
"[0.39999999999999997, -0.39999999999999997, -0.7121401752190238, -0.19718309859154928, -0.35294117647058826, 0.0, 0.0, 0.0, 1.0, 0.6075657047046017, 1.0, 0.0, 0.0, 0.0, 0.0, 0.0, 0.0, 0.0]",120828,178949,N1,dismiss,-0.3,ts,1574,1
"[0.013333333333333253, -0.013333333333333253, 0.2005012531328321, 0.15579710144927536, 0.4, 0.0, 0.0, 0.0, 1.0, 0.5661701482744483, 1.0, 0.0, 0.0, 0.0, 0.0, 0.0, 0.0, 0.0]",48996,63924,N1,dismiss,-0.3,ts,742,1
"[0.3000000000000001, -0.3000000000000001, -0.528957528957529, 0.0, 0.0, 0.0, 0.0, 0.0, 1.0, 0.7249105321469098, 1.0, 0.0, 0.0, 0.0, 0.0, 0.0, 0.0, 0.0]",85444,85446,N1,dismiss,-0.3,ts,1210,0
"[0.72, -0.72, 0.0, 0.0, 0.0, 0.0, 0.0, 0.0, 1.0, 0.9482997742708752, 1.0, 0.0, 0.0, 0.0, 0.0, 0.0, 0.0, 0.0]",123511,123439,N1,accept,0.804,ts,2809,1
"[0.18749999999999997, -0.18749999999999997, 0.1864406779661017, 0.7322834645669292, -0.1, 0.0, 0.0, 0.0, 1.0, 0.6137511118933905, 1.0, 0.0, 0.0, 0.0, 0.0, 0.0, 0.0, 0.0]",92706,114738,N1,dismiss,-0.3,ts,1697,0
"[0.8857142857142857, -0.8857142857142857, -0.05006257822277847, -0.27184466019417475, -0.18518518518518517, 0.0, 0.0, 0.0, 1.0, 0.8388318957168887, 1.0, 0.0, 0.0, 0.0, 0.0, 0.0, 0.0, 0.0]",138627,85795,N1,dismiss,-0.3,ts,433,1
"[0.47058823529411764, -0.47058823529411764, 0.07692307692307693, 1.0, 0.6599999999999999, 0.0, 0.0, 0.0, 1.0, 0.6187834354083326, 1.0, 0.0, 0.0, 0.0, 0.0, 0.0, 0.0, 0.0]",37982,39150,N1,dismiss,-0.3,ts,2205,1
"[0.9352941176470587, -0.9352941176470587, -0.001497753369945139, 1.0, -0.29411764705882354, 0.0, 0.0, 0.0, 1.0, 0.7544570723510369, 1.0, 0.0, 0.0, 0.0, 0.0, 0.0, 0.0, 0.0]",107861,169349,N1,dismiss,-0.3,ts,1252,0
"[0.02500000000000002, -0.02500000000000002, -0.33110367892976583, -0.14, -0.039999999999999994, 0.0, 0.0, 0.0, 1.0, 0.614347964489818, 1.0, 0.0, 0.0, 0.0, 0.0, 0.0, 0.0, 0.0]",54434,62540,N1,accept,0.3175,ts,1080,0
"[0.722689075630252, -0.722689075630252, 0.0, 0.46382978723404256, -0.06896551724137931, 0.0, 0.0, 0.0, 1.0, 0.838668078831412, 1.0, 0.0, 0.0, 0.0, 0.0, 0.0, 0.0, 0.0]",104679,169335,N3,dismiss,-0.3,ts,1521,1
"[0.20000000000000007, -0.20000000000000007, 0.14408602150537647, 0.3053435114503817, 0.26436781609195414, 0.0, 0.0, 0.0, 1.0, 0.6426037789797808, 1.0, 0.0, 0.0, 0.0, 0.0, 0.0, 0.0, 0.0]",185575,107170,N1,dismiss,-0.3,ts,882,1
"[0.20000000000000004, -0.20000000000000004, 0.13333333333333333, -0.75, -0.44000000000000006, 0.0, 0.0, 0.0, 1.0, 0.5717007815603291, 1.0, 0.0, 0.0, 0.0, 0.0, 0.0, 0.0, 0.0]",133969,18334,N1,dismiss,-0.3,ts,2031,0
"[0.19999999999999998, -0.19999999999999998, -0.2417739628040058, -0.1990521327014218, 0.0, 0.0, 0.0, 0.0, 1.0, 0.6968853300062658, 1.0, 0.0, 0.0, 0.0, 0.0, 0.0, 0.0, 0.0]",19708,19720,N1,dismiss,-0.3,ts,2210,1
"[0.5636363636363637, -0.5636363636363637, -0.4541832669322709, -0.027855153203342618, 0.6, 0.0, 0.0, 0.0, 1.0, 0.6898593882045024, 1.0, 0.0, 0.0, 0.0, 0.0, 0.0, 0.0, 0.0]",30202,108839,N1,dismiss,-0.3,ts,466,1
"[0.1666666666666667, -0.1666666666666667, 0.0, 0.3, 0.22000000000000003, 0.0, 0.0, 0.0, 1.0, 0.6901568741775026, 1.0, 0.0, 0.0, 0.0, 0.0, 0.0, 0.0, 0.0]",29439,61090,N1,dismiss,-0.3,ts,417,0
"[0.5, -0.5, 0.06688963210702341, -0.5664739884393064, -0.28, 0.0, 0.0, 0.0, 1.0, 0.7177375801431873, 1.0, 0.0, 0.0, 0.0, 0.0, 0.0, 0.0, 0.0]",132804,19597,N1,accept,0.6499999999999999,ts,2585,1
"[0.20000000000000004, -0.20000000000000004, -0.3259604190919675, -0.007142857142857143, -0.015999999999999945, 0.0, 0.0, 0.0, 1.0, 0.7201853115292389, 1.0, 0.0, 0.0, 0.0, 0.0, 0.0, 0.0, 0.0]",19856,108461,N1,dismiss,-0.3,ts,2384,1
"[0.17090909090909095, -0.17090909090909095, -0.428377153218495, 0.0, 0.0, 0.0, 0.0, 0.0, 1.0, 0.6976303500772216, 1.0, 0.0, 0.0, 0.0, 0.0, 0.0, 0.0, 0.0]",16660,147348,N1,dismiss,-0.3,ts,2351,1
"[0.20000000000000004, -0.20000000000000004, -0.3409090909090909, 0.0, 0.0, 0.0, 0.0, 0.0, 1.0, 0.7239674946003922, 1.0, 0.0, 0.0, 0.0, 0.0, 0.0, 0.0, 0.0]",51022,70828,N1,dismiss,-0.3,ts,1606,0
"[0.20000000000000007, -0.20000000000000007, 0.0, 0.019943019943019943, -0.5, 0.0, 0.0, 0.0, 1.0, 0.7221449098484211, 1.0, 0.0, 0.0, 0.0, 0.0, 0.0, 0.0, 0.0]",189329,135483,N1,accept,0.44000000000000006,ts,1537,0
"[0.25, -0.25, -0.25925925925925924, 0.0778816199376947, 0.13636363636363635, 0.0, 0.0, 0.0, 1.0, 0.7012290684696982, 1.0, 0.0, 0.0, 0.0, 0.0, 0.0, 0.0, 0.0]",142493,117045,N1,dismiss,-0.3,ts,1866,0
"[0.5599999999999999, -0.5599999999999999, 0.052291801162040054, 0.29454545454545455, -0.2448979591836735, 0.0, 0.0, 0.0, 1.0, 0.7767295963695724, 1.0, 0.0, 0.0, 0.0, 0.0, 0.0, 0.0, 0.0]",185412,87718,N1,accept,0.692,ts,2670,0
"[0.02500000000000002, -0.02500000000000002, -0.1863303498779495, 0.02, -0.07999999999999999, 0.0, 0.0, 0.0, 1.0, 0.6690903795112921, 1.0, 0.0, 0.0, 0.0, 0.0, 0.0, 0.0, 0.0]",130430,62539,N1,dismiss,-0.3,ts,816,0
"[0.11458333333333333, -0.11458333333333333, -0.11504424778761058, -0.5561959654178674, -0.7909090909090909, 0.0, 0.0, 0.0, 1.0, 0.5315991195502442, 1.0, 0.0, 0.0, 0.0, 0.0, 0.0, 0.0, 0.0]",108828,142262,N1,dismiss,-0.3,ts,1687,0
"[0.3142857142857143, -0.3142857142857143, -0.502322495023225, -0.005698005698005698, 0.42857142857142855, 0.0, 0.0, 0.0, 1.0, 0.6450293626561832, 1.0, 0.0, 0.0, 0.0, 0.0, 0.0, 0.0, 0.0]",74278,107563,N1,dismiss,-0.3,ts,1074,1
"[0.39999999999999997, -0.39999999999999997, 0.1097533881359699, 0.48717948717948717, -0.08695652173913043, 0.0, 0.0, 0.0, 1.0, 0.72751596380738, 1.0, 0.0, 0.0, 0.0, 0.0, 0.0, 0.0, 0.0]",120796,47180,N1,dismiss,-0.3,ts,1950,0
"[0.18749999999999997, -0.18749999999999997, 0.1864406779661017, 0.7322834645669292, -0.1, 0.0, 0.0, 0.0, 1.0, 0.6137511118933905, 1.0, 0.0, 0.0, 0.0, 0.0, 0.0, 0.0, 0.0]",92706,114738,N1,dismiss,-0.3,ts,2499,1
"[0.21428571428571425, -0.21428571428571425, -0.23121387283236994, -0.08, -0.09090909090909091, 0.0, 0.0, 0.0, 1.0, 0.7065346055909496, 1.0, 0.0, 0.0, 0.0, 0.0, 0.0, 0.0, 0.0]",16734,48998,N1,dismiss,-0.3,ts,743,1
"[0.01111111111111112, -0.01111111111111112, -0.3, -0.3541666666666667, -0.13999999999999999, 0.0, 0.0, 0.0, 1.0, 0.5511658124955352, 1.0, 0.0, 0.0, 0.0, 0.0, 0.0, 0.0, 0.0]",155816,79360,N1,accept,0.30777777777777776,ts,518,1
"[0.1666666666666667, -0.1666666666666667, 0.0, 0.3, 0.22000000000000003, 0.0, 0.0, 0.0, 1.0, 0.6901568741775026, 1.0, 0.0, 0.0, 0.0, 0.0, 0.0, 0.0, 0.0]",41286,61090,N3,dismiss,-0.3,ts,1406,1
"[0.040000000000000036, -0.040000000000000036, 0.0, 0.0, 0.0, 0.0, 0.0, 0.0, 1.0, 0.7649820258822859, 1.0, 0.0, 0.0, 0.0, 0.0, 0.0, 0.0, 0.0]",141765,141753,N1,dismiss,-0.3,ts,699,0
"[0.1666666666666667, -0.1666666666666667, -0.15503875968992248, 0.029411764705882353, 0.0, 0.0, 0.0, 0.0, 1.0, 0.7493386575941129, 1.0, 0.0, 0.0, 0.0, 0.0, 0.0, 0.0, 0.0]",92714,143384,N1,accept,0.4166666666666667,ts,2009,0
"[0.25, -0.25, -0.24050632911392406, 0.0, -0.005555555555555635, 0.0, 0.0, 0.0, 1.0, 0.7615633265577997, 1.0, 0.0, 0.0, 0.0, 0.0, 0.0, 0.0, 0.0]",183583,165914,N1,dismiss,-0.3,ts,2825,0
"[0.15000000000000013, -0.15000000000000013, 0.12578616352201247, 0.0, -0.30000000000000004, 0.0, 0.0, 0.0, 1.0, 0.6931568055315898, 1.0, 0.0, 0.0, 0.0, 0.0, 0.0, 0.0, 0.0]",89446,63626,N1,dismiss,-0.3,ts,1588,1
"[0.5707070707070706, -0.5707070707070706, 0.0, -0.1, 0.1, 0.0, 0.0, 0.0, 1.0, 0.8691748323312947, 1.0, 0.0, 0.0, 0.0, 0.0, 0.0, 0.0, 0.0]",141703,87406,N1,accept,0.6994949494949494,ts,2002,1
"[0.3636363636363637, -0.3636363636363637, 0.0, 0.0, 0.0, 0.0, 0.0, 0.0, 1.0, 0.8742764353476687, 1.0, 0.0, 0.0, 0.0, 0.0, 0.0, 0.0, 0.0]",123054,123174,N1,dismiss,-0.3,ts,1944,0
"[0.6799999999999999, -0.6799999999999999, -0.2654424040066778, -0.37777777777777777, -0.05999999999999996, 0.0, 0.0, 0.0, 1.0, 0.7635840145453345, 1.0, 0.0, 0.0, 0.0, 0.0, 0.0, 0.0, 0.0]",33289,74186,N6,accept,0.7759999999999999,ts,498,1
"[0.0624999999999999, -0.0624999999999999, -0.4134375, -0.25838926174496646, -0.29411764705882354, 0.0, 0.0, 0.0, 1.0, 0.5336136768150922, 1.0, 0.0, 0.0, 0.0, 0.0, 0.0, 0.0, 0.0]",104963,104466,N1,dismiss,-0.3,ts,2172,0
"[0.20000000000000007, -0.20000000000000007, -0.20380601596071202, -0.10160427807486631, 0.875, 0.0, 0.0, 0.0, 1.0, 0.60435783142046, 1.0, 0.0, 0.0, 0.0, 0.0, 0.0, 0.0, 0.0]",162740,107554,N1,dismiss,-0.3,ts,2934,1
"[0.14, -0.14, -0.02666666666666673, 0.0625, -0.1, 0.0, 0.0, 0.0, 1.0, 0.7465385609804288, 1.0, 0.0, 0.0, 0.0, 0.0, 0.0, 0.0, 0.0]",141632,69993,N1,accept,0.398,ts,2794,0
"[0.20000000000000007, -0.20000000000000007, -0.2794444444444444, -0.04, 1.0, 0.0, 0.0, 0.0, 1.0, 0.5760362365604412, 1.0, 0.0, 0.0, 0.0, 0.0, 0.0, 0.0, 0.0]",30105,107554,N1,accept,0.44000000000000006,ts,2129,1
"[0.2, -0.2, 0.07168458781362008, -0.18396226415094338, 0.1111111111111111, 0.0, 0.0, 0.0, 1.0, 0.7200510050835384, 1.0, 0.0, 0.0, 0.0, 0.0, 0.0, 0.0, 0.0]",84871,158410,N1,dismiss,-0.3,ts,1858,0
"[0.20000000000000004, -0.20000000000000004, -0.5272727272727272, 0.1978021978021978, 0.3, 0.0, 0.0, 0.0, 1.0, 0.5758109939927043, 1.0, 0.0, 0.0, 0.0, 0.0, 0.0, 0.0, 0.0]",127600,169893,N1,dismiss,-0.3,ts,2389,0
"[0.076923076923077, -0.076923076923077, 0.0, 0.0, 0.0, 0.0, 0.0, 0.0, 1.0, 0.7787188164556538, 1.0, 0.0, 0.0, 0.0, 0.0, 0.0, 0.0, 0.0]",93861,174758,N1,dismiss,-0.3,ts,2698,0
"[0.7525252525252525, -0.7525252525252525, 0.0, 0.36, -0.019999999999999973, 0.0, 0.0, 0.0, 1.0, 0.8697822563470563, 1.0, 0.0, 0.0, 0.0, 0.0, 0.0, 0.0, 0.0]",141703,125786,N1,dismiss,-0.3,ts,473,0
"[0.4000000000000001, -0.4000000000000001, -0.5271936185641769, 0.0, 0.0, 0.0, 0.0, 0.0, 1.0, 0.7539435621656189, 1.0, 0.0, 0.0, 0.0, 0.0, 0.0, 0.0, 0.0]",141772,63864,N1,dismiss,-0.3,ts,454,1
"[0.5, -0.5, -0.4592875318066158, 0.0, 0.0, 0.0, 0.0, 0.0, 1.0, 0.7886047001257124, 1.0, 0.0, 0.0, 0.0, 0.0, 0.0, 0.0, 0.0]",90179,56398,N1,dismiss,-0.3,ts,2962,0
"[0.5636363636363637, -0.5636363636363637, 0.07526881720430113, 0.4847328244274809, 1.0, 0.0, 0.0, 0.0, 1.0, 0.6555659378773214, 1.0, 0.0, 0.0, 0.0, 0.0, 0.0, 0.0, 0.0]",185575,107588,N1,accept,0.6945454545454546,ts,494,1
"[0.5636363636363637, -0.5636363636363637, -0.501062215477997, -0.002857142857142857, 1.0, 0.0, 0.0, 0.0, 1.0, 0.6504769915068701, 1.0, 0.0, 0.0, 0.0, 0.0, 0.0, 0.0, 0.0]",43097,108839,N1,accept,0.6945454545454546,ts,1142,1
"[0.25, -0.25, 0.15830115830115837, 0.02976190476190476, 0.13636363636363635, 0.0, 0.0, 0.0, 1.0, 0.7408404640993043, 1.0, 0.0, 0.0, 0.0, 0.0, 0.0, 0.0, 0.0]",106979,117045,N1,dismiss,-0.3,ts,571,0
"[0.15000000000000013, -0.15000000000000013, 0.12578616352201247, 0.0, -0.30000000000000004, 0.0, 0.0, 0.0, 1.0, 0.6931568055315898, 1.0, 0.0, 0.0, 0.0, 0.0, 0.0, 0.0, 0.0]",89446,63626,N1,dismiss,-0.3,ts,481,0
"[0.47058823529411764, -0.47058823529411764, 0.18181818181818182, 0.14, 0.18000000000000002, 0.0, 0.0, 0.0, 1.0, 0.759069863248445, 1.0, 0.0, 0.0, 0.0, 0.0, 0.0, 0.0, 0.0]",18323,37953,N6,dismiss,-0.3,ts,1976,1
"[0.04494382022471914, -0.04494382022471914, -0.2535714285714286, -0.08064516129032258, 0.0, 0.0, 0.0, 0.0, 1.0, 0.6649279362905083, 1.0, 0.0, 0.0, 0.0, 0.0, 0.0, 0.0, 0.0]",79360,18005,N1,dismiss,-0.3,ts,2323,0
"[0.5599999999999999, -0.5599999999999999, 0.0351966873706004, 0.5692307692307692, 1.0, 0.0, 0.0, 0.0, 1.0, 0.6613319443758051, 1.0, 0.0, 0.0, 0.0, 0.0, 0.0, 0.0, 0.0]",185582,89764,N1,dismiss,-0.3,ts,2847,1
"[0.41176470588235287, -0.41176470588235287, -0.4265232974910394, 0.08, 0.12000000000000002, 0.0, 0.0, 0.0, 1.0, 0.7184106107941747, 1.0, 0.0, 0.0, 0.0, 0.0, 0.0, 0.0, 0.0]",88339,58615,N1,dismiss,-0.3,ts,1958,0
"[0.06666666666666672, -0.06666666666666672, 0.0, 0.02857142857142857, 0.0, 0.0, 0.0, 0.0, 1.0, 0.7665858692054695, 1.0, 0.0, 0.0, 0.0, 0.0, 0.0, 0.0, 0.0]",56248,55915,N1,accept,0.3466666666666667,ts,975,0
"[0.4545454545454546, -0.4545454545454546, -0.375, -0.0028735632183908046, 0.8333333333333334, 0.0, 0.0, 0.0, 1.0, 0.6701200877280795, 1.0, 0.0, 0.0, 0.0, 0.0, 0.0, 0.0, 0.0]",32065,107659,N1,dismiss,-0.3,ts,1934,1
"[0.5588235294117647, -0.5588235294117647, 0.05627198124267297, 1.0, 1.0, 0.0, 0.0, 0.0, 1.0, 0.6003413844904111, 1.0, 0.0, 0.0, 0.0, 0.0, 0.0, 0.0, 0.0]",147129,155692,N1,dismiss,-0.3,ts,1454,1
"[0.4583333333333333, -0.4583333333333333, -0.327319587628866, 0.22, 0.24000000000000005, 0.0, 0.0, 0.0, 1.0, 0.692442265593947, 1.0, 0.0, 0.0, 0.0, 0.0, 0.0, 0.0, 0.0]",151790,123325,N1,dismiss,-0.3,ts,517,0
"[0.2045454545454546, -0.2045454545454546, -0.24931506849315063, -0.019553072625698324, 1.0, 0.0, 0.0, 0.0, 1.0, 0.605028229497204, 1.0, 0.0, 0.0, 0.0, 0.0, 0.0, 0.0, 0.0]",93936,74278,N1,accept,0.44318181818181823,ts,2210,1
"[0.9253333333333333, -0.9253333333333333, -0.4577968526466381, 1.0, 0.8200000000000001, 0.0, 0.0, 0.0, 1.0, 0.579836392589447, 1.0, 0.0, 0.0, 0.0, 0.0, 0.0, 0.0, 0.0]",106727,49086,N1,dismiss,-0.3,ts,642,0
"[0.25, -0.25, 0.0, 0.07453416149068323, 0.13636363636363635, 0.0, 0.0, 0.0, 1.0, 0.7830109453831142, 1.0, 0.0, 0.0, 0.0, 0.0, 0.0, 0.0, 0.0]",43090,117045,N1,dismiss,-0.3,ts,770,0
"[0.010909090909090839, -0.010909090909090839, -0.7835593220338983, -0.14285714285714285, -0.08333333333333333, 0.0, 0.0, 0.0, 1.0, 0.5355134964909132, 1.0, 0.0, 0.0, 0.0, 0.0, 0.0, 0.0, 0.0]",51122,115323,N1,dismiss,-0.3,ts,1392,0
"[0.1428571428571428, -0.1428571428571428, 0.0, -0.75, -0.44000000000000006, 0.0, 0.0, 0.0, 1.0, 0.5984532043847945, 1.0, 0.0, 0.0, 0.0, 0.0, 0.0, 0.0, 0.0]",50807,81128,N1,accept,0.3999999999999999,ts,992,1
"[0.02500000000000002, -0.02500000000000002, -0.375, -0.2857142857142857, -0.020000000000000018, 0.0, 0.0, 0.0, 1.0, 0.5826700526614829, 1.0, 0.0, 0.0, 0.0, 0.0, 0.0, 0.0, 0.0]",74186,81568,N1,dismiss,-0.3,ts,1156,1
"[0.02857142857142844, -0.02857142857142844, -0.3211788211788212, -0.022792022792022793, 0.5200000000000001, 0.0, 0.0, 0.0, 1.0, 0.5622519721506657, 1.0, 0.0, 0.0, 0.0, 0.0, 0.0, 0.0, 0.0]",117054,185707,N1,accept,0.3199999999999999,ts,1756,0
"[0.142857142857143, -0.142857142857143, -0.29840000000000005, 0.1456953642384106, -0.020000000000000018, 0.0, 0.0, 0.0, 1.0, 0.6690823376435198, 1.0, 0.0, 0.0, 0.0, 0.0, 0.0, 0.0, 0.0]",108112,87098,N1,dismiss,-0.3,ts,2975,1
"[0.20000000000000007, -0.20000000000000007, -0.2029226170707406, -0.008547008547008548, -0.14285714285714285, 0.0, 0.0, 0.0, 1.0, 0.7162900950683957, 1.0, 0.0, 0.0, 0.0, 0.0, 0.0, 0.0, 0.0]",15533,32065,N1,dismiss,-0.3,ts,2441,1
"[0.14, -0.14, 0.16819827346143154, 0.0, 0.0, 0.0, 0.0, 0.0, 1.0, 0.7446095810127756, 1.0, 0.0, 0.0, 0.0, 0.0, 0.0, 0.0, 0.0]",72623,79362,N1,dismiss,-0.3,ts,876,0
"[0.2313725490196078, -0.2313725490196078, 0.2053511705685619, 1.0, -0.11764705882352941, 0.0, 0.0, 0.0, 1.0, 0.5903487599092021, 1.0, 0.0, 0.0, 0.0, 0.0, 0.0, 0.0, 0.0]",89664,155693,N1,dismiss,-0.3,ts,979,1
"[0.25, -0.25, -0.24812030075187969, 0.005813953488372093, 0.041666666666666664, 0.0, 0.0, 0.0, 1.0, 0.7476249554836153, 1.0, 0.0, 0.0, 0.0, 0.0, 0.0, 0.0, 0.0]",174772,117045,N1,dismiss,-0.3,ts,2041,0
"[0.8151260504201681, -0.8151260504201681, -0.309153713298791, 1.0, -0.52, 0.0, 0.0, 0.0, 1.0, 0.6302193207132403, 1.0, 0.0, 0.0, 0.0, 0.0, 0.0, 0.0, 0.0]",61358,169349,N1,dismiss,-0.3,ts,1963,0
"[0.12499999999999993, -0.12499999999999993, 0.10362694300518135, -0.007194244604316547, 0.0, 0.0, 0.0, 0.0, 1.0, 0.756753131913337, 1.0, 0.0, 0.0, 0.0, 0.0, 0.0, 0.0, 0.0]",108461,81462,N1,dismiss,-0.3,ts,2425,0
"[0.7321428571428571, -0.7321428571428571, -0.6495263870094723, -0.15841584158415842, -0.6759999999999999, 0.0, 0.0, 0.0, 1.0, 0.6525985293374583, 1.0, 0.0, 0.0, 0.0, 0.0, 0.0, 0.0, 0.0]",81395,145532,N1,dismiss,-0.3,ts,796,0
"[0.18831168831168835, -0.18831168831168835, 0.0, 0.15942028985507245, 0.18, 0.0, 0.0, 0.0, 1.0, 0.732496988669393, 1.0, 0.0, 0.0, 0.0, 0.0, 0.0, 0.0, 0.0]",151793,85224,N1,dismiss,-0.3,ts,818,0
"[0.6666666666666667, -0.6666666666666667, -0.6632478632478633, 0.1828793774319066, 0.2, 0.0, 0.0, 0.0, 1.0, 0.6980782022775677, 1.0, 0.0, 0.0, 0.0, 0.0, 0.0, 0.0, 0.0]",130292,141757,N1,dismiss,-0.3,ts,2578,1
"[0.040000000000000036, -0.040000000000000036, 0.0, 0.6467889908256881, -0.6777777777777777, 0.0, 0.0, 0.0, 1.0, 0.5447957747892169, 1.0, 0.0, 0.0, 0.0, 0.0, 0.0, 0.0, 0.0]",164355,158412,N1,dismiss,-0.3,ts,2102,1
"[0.20000000000000007, -0.20000000000000007, 0.043478260869565216, -0.017142857142857144, -0.041666666666666664, 0.0, 0.0, 0.0, 1.0, 0.7891225128321847, 1.0, 0.0, 0.0, 0.0, 0.0, 0.0, 0.0, 0.0]",108745,31972,N1,dismiss,-0.3,ts,1990,1
"[0.17647058823529416, -0.17647058823529416, 0.16218749999999993, 0.0, 0.0, 0.0, 0.0, 0.0, 1.0, 0.7592687673659294, 1.0, 0.0, 0.0, 0.0, 0.0, 0.0, 0.0, 0.0]",56819,55412,N1,dismiss,-0.3,ts,2378,0
"[0.8705882352941177, -0.8705882352941177, 0.08108108108108109, 1.0, -0.3333333333333333, 0.0, 0.0, 0.0, 1.0, 0.7129056500625781, 1.0, 0.0, 0.0, 0.0, 0.0, 0.0, 0.0, 0.0]",115299,169349,N1,dismiss,-0.3,ts,435,0
"[0.42400000000000004, -0.42400000000000004, -0.5543175487465181, -0.20909090909090908, -0.42000000000000004, 0.0, 0.0, 0.0, 1.0, 0.6200372372311214, 1.0, 0.0, 0.0, 0.0, 0.0, 0.0, 0.0, 0.0]",84107,106004,N1,dismiss,-0.3,ts,2535,1
"[0.3333333333333333, -0.3333333333333333, -0.36, -0.8966666666666666, -0.9090909090909091, 0.0, 0.0, 0.0, 1.0, 0.5121885165285073, 1.0, 0.0, 0.0, 0.0, 0.0, 0.0, 0.0, 0.0]",41388,40998,N1,dismiss,-0.3,ts,2946,0
"[0.5, -0.5, 0.07799999999999997, -0.18333333333333332, 1.0, 0.0, 0.0, 0.0, 1.0, 0.7007805972815504, 1.0, 0.0, 0.0, 0.0, 0.0, 0.0, 0.0, 0.0]",69946,63873,N1,dismiss,-0.3,ts,1652,0
"[0.895, -0.895, 0.032508311784262986, 0.0, 0.0, 0.0, 0.0, 0.0, 1.0, 0.9554782294686646, 1.0, 0.0, 0.0, 0.0, 0.0, 0.0, 0.0, 0.0]",82038,16731,N1,accept,0.9264999999999999,ts,1536,0
"[0.616, -0.616, -0.20886075949367092, -0.022535211267605635, 0.8333333333333334, 0.0, 0.0, 0.0, 1.0, 0.7353760380724677, 1.0, 0.0, 0.0, 0.0, 0.0, 0.0, 0.0, 0.0]",109421,107659,N1,dismiss,-0.3,ts,2903,1
"[0.12918660287081332, -0.12918660287081332, -0.19466831990080596, 0.0, 0.0, 0.0, 0.0, 0.0, 1.0, 0.73334879878766, 1.0, 0.0, 0.0, 0.0, 0.0, 0.0, 0.0, 0.0]",90708,16645,N3,dismiss,-0.3,ts,1269,1
"[0.25, -0.25, -0.5708154506437768, -0.008595988538681949, 1.0, 0.0, 0.0, 0.0, 1.0, 0.5525921765486778, 1.0, 0.0, 0.0, 0.0, 0.0, 0.0, 0.0, 0.0]",189369,117045,N1,dismiss,-0.3,ts,2900,0
"[0.09999999999999991, -0.09999999999999991, -0.665546218487395, 0.0, 0.0, 0.0, 0.0, 0.0, 1.0, 0.6400589572696636, 1.0, 0.0, 0.0, 0.0, 0.0, 0.0, 0.0, 0.0]",54201,16809,N1,dismiss,-0.3,ts,2176,0
"[0.5, -0.5, -0.115987460815047, 0.4036697247706422, -0.5, 0.0, 0.0, 0.0, 1.0, 0.6894688375563818, 1.0, 0.0, 0.0, 0.0, 0.0, 0.0, 0.0, 0.0]",182863,120700,N1,dismiss,-0.3,ts,2073,1
"[0.6, -0.6, 0.19662594531704472, 0.3348623853211009, 0.4117647058823529, 0.0, 0.0, 0.0, 1.0, 0.7066556192934125, 1.0, 0.0, 0.0, 0.0, 0.0, 0.0, 0.0, 0.0]",81396,29663,N1,dismiss,-0.3,ts,491,0
"[0.3636363636363637, -0.3636363636363637, 0.0, 0.0, 0.0, 0.0, 0.0, 0.0, 1.0, 0.8742764353476687, 1.0, 0.0, 0.0, 0.0, 0.0, 0.0, 0.0, 0.0]",123031,123174,N1,dismiss,-0.3,ts,2944,0
"[0.33333333333333337, -0.33333333333333337, -0.5833333333333334, 0.0, 0.0, 0.0, 0.0, 0.0, 1.0, 0.727809934097922, 1.0, 0.0, 0.0, 0.0, 0.0, 0.0, 0.0, 0.0]",112487,38636,N1,dismiss,-0.3,ts,2496,0
"[0.5, -0.5, -0.0004992511233151054, 0.6666666666666666, 1.0, 0.0, 0.0, 0.0, 1.0, 0.6641713079633823, 1.0, 0.0, 0.0, 0.0, 0.0, 0.0, 0.0, 0.0]",107861,170190,N1,dismiss,-0.3,ts,1003,1
"[0.3333333333333333, -0.3333333333333333, 0.0016694490818030287, -0.09644670050761421, 0.38461538461538464, 0.0, 0.0, 0.0, 1.0, 0.7580535088160933, 1.0, 0.0, 0.0, 0.0, 0.0, 0.0, 0.0, 0.0]",92082,138519,N1,dismiss,-0.3,ts,1956,1
"[0.6875, -0.6875, 0.05571428571428579, 0.18461538461538463, -0.6592592592592593, 0.0, 0.0, 0.0, 1.0, 0.7663329371063949, 1.0, 0.0, 0.0, 0.0, 0.0, 0.0, 0.0, 0.0]",20014,140660,N1,dismiss,-0.3,ts,1479,0
"[0.52, -0.52, -0.15037593984962405, -0.046263345195729534, 1.0, 0.0, 0.0, 0.0, 1.0, 0.7079105319853869, 1.0, 0.0, 0.0, 0.0, 0.0, 0.0, 0.0, 0.0]",60954,120916,N1,dismiss,-0.3,ts,2886,1
"[0.4235294117647059, -0.4235294117647059, -0.10034947578632059, 1.0, -0.11764705882352941, 0.0, 0.0, 0.0, 1.0, 0.6783242071361869, 1.0, 0.0, 0.0, 0.0, 0.0, 0.0, 0.0, 0.0]",107861,155693,N1,dismiss,-0.3,ts,741,1
"[0.125, -0.125, 0.0, -0.06666666666666667, 0.0, 0.0, 0.0, 0.0, 1.0, 0.777609297833477, 1.0, 0.0, 0.0, 0.0, 0.0, 0.0, 0.0, 0.0]",139964,175348,N1,dismiss,-0.3,ts,494,1
"[0.18749999999999997, -0.18749999999999997, -0.4164235097957482, 0.5172413793103449, -0.14285714285714285, 0.0, 0.0, 0.0, 1.0, 0.5715104383342711, 1.0, 0.0, 0.0, 0.0, 0.0, 0.0, 0.0, 0.0]",155856,114738,N1,dismiss,-0.3,ts,437,0
"[0.3000000000000001, -0.3000000000000001, -0.528957528957529, 0.0, 0.0, 0.0, 0.0, 0.0, 1.0, 0.7249105321469098, 1.0, 0.0, 0.0, 0.0, 0.0, 0.0, 0.0, 0.0]",85444,85446,N1,dismiss,-0.3,ts,1534,0
"[0.21428571428571416, -0.21428571428571416, -0.16527545909849747, -0.12195121951219512, -0.27536231884057977, 0.0, 0.0, 0.0, 1.0, 0.6754194664635634, 1.0, 0.0, 0.0, 0.0, 0.0, 0.0, 0.0, 0.0]",76847,162891,N1,dismiss,-0.3,ts,726,1
"[0.648, -0.648, -0.5635935397039031, -0.11811023622047244, 1.0, 0.0, 0.0, 0.0, 1.0, 0.6409253821038167, 1.0, 0.0, 0.0, 0.0, 0.0, 0.0, 0.0, 0.0]",106764,107554,N1,dismiss,-0.3,ts,468,1
"[0.19999999999999993, -0.19999999999999993, 0.0, 0.0, 0.0, 0.0, 0.0, 0.0, 1.0, 0.8228281531128978, 1.0, 0.0, 0.0, 0.0, 0.0, 0.0, 0.0, 0.0]",133283,82419,N1,dismiss,-0.3,ts,1450,1
"[0.20000000000000007, -0.20000000000000007, -0.13533333333333328, -0.17647058823529413, 0.2, 0.0, 0.0, 0.0, 1.0, 0.6813430872729247, 1.0, 0.0, 0.0, 0.0, 0.0, 0.0, 0.0, 0.0]",89764,107458,N1,dismiss,-0.3,ts,2401,1
"[0.10714285714285708, -0.10714285714285708, -0.3247631935047362, -0.4603960396039604, -0.56, 0.0, 0.0, 0.0, 1.0, 0.502967295125261, 1.0, 0.0, 0.0, 0.0, 0.0, 0.0, 0.0, 0.0]",81395,185374,N1,dismiss,-0.3,ts,756,1
"[0.2, -0.2, 0.21706864564007414, 0.6601941747572816, 0.5490196078431374, 0.0, 0.0, 0.0, 1.0, 0.5424762137879036, 1.0, 0.0, 0.0, 0.0, 0.0, 0.0, 0.0, 0.0]",117087,15178,N6,dismiss,-0.3,ts,1592,1
"[0.52, -0.52, 0.11648223645894, 0.0, 0.0, 0.0, 0.0, 0.0, 1.0, 0.8716130198763568, 1.0, 0.0, 0.0, 0.0, 0.0, 0.0, 0.0, 0.0]",142501,54196,N1,dismiss,-0.3,ts,1723,0
"[0.09090909090909098, -0.09090909090909098, 0.0, 0.06515580736543909, 0.0, 0.0, 0.0, 0.0, 1.0, 0.7655544386808594, 1.0, 0.0, 0.0, 0.0, 0.0, 0.0, 0.0, 0.0]",87720,151841,N1,dismiss,-0.3,ts,1770,1
"[0.8285714285714286, -0.8285714285714286, -0.522463768115942, 0.68, 0.55, 0.0, 0.0, 0.0, 1.0, 0.6203403653485181, 1.0, 0.0, 0.0, 0.0, 0.0, 0.0, 0.0, 0.0]",71136,170138,N1,dismiss,-0.3,ts,857,0
"[0.7058823529411764, -0.7058823529411764, 0.09698996655518391, 1.0, 0.11764705882352941, 0.0, 0.0, 0.0, 1.0, 0.730823395382631, 1.0, 0.0, 0.0, 0.0, 0.0, 0.0, 0.0, 0.0]",89664,155668,N1,dismiss,-0.3,ts,574,1
"[0.3636363636363637, -0.3636363636363637, 0.0, 0.061046511627906974, 0.0, 0.0, 0.0, 0.0, 1.0, 0.8570363402900383, 1.0, 0.0, 0.0, 0.0, 0.0, 0.0, 0.0, 0.0]",123043,123174,N1,dismiss,-0.3,ts,1863,0
"[0.4, -0.28, -0.2697495183044316, -0.18333333333333332, 1.0, 0.0, 0.0, 0.0, 1.0, 0.586722181322074, 1.0, 0.0, 0.0, 0.0, 0.0, 0.0, 0.0, 0.0]",16718,42569,N1,dismiss,-0.3,ts,480,0
"[0.014492753623188259, -0.014492753623188259, 0.211283185840708, -0.26, 0.0, 0.0, 0.0, 0.0, 1.0, 0.6256845598961668, 1.0, 0.0, 0.0, 0.0, 0.0, 0.0, 0.0, 0.0]",79808,77265,N6,dismiss,-0.3,ts,1710,1
"[0.18181818181818185, -0.18181818181818185, -0.4273333333333333, -0.10185185185185185, -0.16666666666666666, 0.0, 0.0, 0.0, 1.0, 0.6314604801885487, 1.0, 0.0, 0.0, 0.0, 0.0, 0.0, 0.0, 0.0]",56406,139804,N1,accept,0.42727272727272725,ts,1464,1
"[0.20000000000000004, -0.20000000000000004, -0.6972222222222223, -0.46153846153846156, -0.059999999999999984, 0.0, 0.0, 0.0, 1.0, 0.565054577528199, 1.0, 0.0, 0.0, 0.0, 0.0, 0.0, 0.0, 0.0]",51193,18528,N1,dismiss,-0.3,ts,2497,0
"[0.11458333333333333, -0.11458333333333333, 0.0, -0.6041131105398457, -0.8083333333333332, 0.0, 0.0, 0.0, 1.0, 0.5671434991422036, 1.0, 0.0, 0.0, 0.0, 0.0, 0.0, 0.0, 0.0]",107588,142262,N6,dismiss,-0.3,ts,1424,1
"[0.25, -0.25, 0.09090909090909091, 0.1, 0.49166666666666653, 0.0, 0.0, 0.0, 1.0, 0.6852588678547423, 1.0, 0.0, 0.0, 0.0, 0.0, 0.0, 0.0, 0.0]",110001,165914,N6,dismiss,-0.3,ts,2392,1
"[0.19999999999999996, -0.19999999999999996, -0.18088012139605475, -0.01662049861495845, 0.5942028985507245, 0.0, 0.0, 0.0, 1.0, 0.6529198266549806, 1.0, 0.0, 0.0, 0.0, 0.0, 0.0, 0.0, 0.0]",16971,110893,N1,dismiss,-0.3,ts,1777,0
"[0.8714285714285714, -0.8714285714285714, -0.23282887077997672, 0.75, 0.55, 0.0, 0.0, 0.0, 1.0, 0.6748322766805989, 1.0, 0.0, 0.0, 0.0, 0.0, 0.0, 0.0, 0.0]",78136,170138,N6,dismiss,-0.3,ts,905,1
"[0.3333333333333333, -0.3333333333333333, 0.14285714285714285, 0.02, -0.16, 0.0, 0.0, 0.0, 1.0, 0.7688655193639619, 1.0, 0.0, 0.0, 0.0, 0.0, 0.0, 0.0, 0.0]",51616,40998,N6,dismiss,-0.3,ts,808,1
"[0.7138047138047138, -0.7138047138047138, -0.5411887382690302, 0.22, 0.1, 0.0, 0.0, 0.0, 1.0, 0.7346047624439579, 1.0, 0.0, 0.0, 0.0, 0.0, 0.0, 0.0, 0.0]",141707,87407,N1,dismiss,-0.3,ts,2302,1
"[0.9271428571428572, -0.9271428571428572, 0.2222222222222222, -0.14, 0.21999999999999997, 0.0, 0.0, 0.0, 1.0, 0.8090410868744287, 1.0, 0.0, 0.0, 0.0, 0.0, 0.0, 0.0, 0.0]",18359,51572,N6,dismiss,-0.3,ts,2121,0
"[0.04494382022471914, -0.04494382022471914, -0.2535714285714286, -0.08064516129032258, 0.0, 0.0, 0.0, 0.0, 1.0, 0.6649279362905083, 1.0, 0.0, 0.0, 0.0, 0.0, 0.0, 0.0, 0.0]",79360,18005,N6,dismiss,-0.3,ts,2447,0
"[0.25, -0.25, -0.24050632911392406, 0.0, -0.005555555555555635, 0.0, 0.0, 0.0, 1.0, 0.7615633265577997, 1.0, 0.0, 0.0, 0.0, 0.0, 0.0, 0.0, 0.0]",183583,165914,N1,dismiss,-0.3,ts,1793,1
"[0.28476821192052976, -0.28476821192052976, 0.0, -0.021806853582554516, -0.4166666666666667, 0.0, 0.0, 0.0, 1.0, 0.7595229641394782, 1.0, 0.0, 0.0, 0.0, 0.0, 0.0, 0.0, 0.0]",103704,145523,N1,dismiss,-0.3,ts,1550,1
"[0.0555555555555556, -0.0555555555555556, -0.16666666666666666, 0.0, -0.10714285714285714, 0.0, 0.0, 0.0, 1.0, 0.6851591657739663, 1.0, 0.0, 0.0, 0.0, 0.0, 0.0, 0.0, 0.0]",111476,105724,N6,dismiss,-0.3,ts,2197,1
"[0.6785714285714286, -0.6785714285714286, -0.06094182825484772, 0.10465116279069768, -0.20689655172413793, 0.0, 0.0, 0.0, 1.0, 0.8401414992281117, 1.0, 0.0, 0.0, 0.0, 0.0, 0.0, 0.0, 0.0]",123439,89765,N6,dismiss,-0.3,ts,1985,0
"[0.8530612244897959, -0.8530612244897959, -0.4003639672429481, 0.4482758620689655, 0.47619047619047616, 0.0, 0.0, 0.0, 1.0, 0.6729637351096623, 1.0, 0.0, 0.0, 0.0, 0.0, 0.0, 0.0, 0.0]",180522,170138,N6,dismiss,-0.3,ts,492,0
"[0.4545454545454546, -0.4545454545454546, -0.014388489208633, 0.03254437869822485, 0.6666666666666666, 0.0, 0.0, 0.0, 1.0, 0.7725888753691011, 1.0, 0.0, 0.0, 0.0, 0.0, 0.0, 0.0, 0.0]",108746,108839,N6,dismiss,-0.3,ts,1947,0
"[0.75, -0.75, 0.02901450725362691, -0.17094017094017094, 0.0, 0.0, 0.0, 0.0, 1.0, 0.8976147625183853, 1.0, 0.0, 0.0, 0.0, 0.0, 0.0, 0.0, 0.0]",182867,29663,N1,dismiss,-0.3,ts,409,1
"[0.25, -0.25, 0.0, 0.07453416149068323, 0.13636363636363635, 0.0, 0.0, 0.0, 1.0, 0.7830109453831142, 1.0, 0.0, 0.0, 0.0, 0.0, 0.0, 0.0, 0.0]",43090,117045,N6,dismiss,-0.3,ts,1181,0
"[0.0769230769230768, -0.0769230769230768, 0.125, -0.75, -0.44000000000000006, 0.0, 0.0, 0.0, 1.0, 0.5301659338444363, 1.0, 0.0, 0.0, 0.0, 0.0, 0.0, 0.0, 0.0]",57385,81128,N6,dismiss,-0.3,ts,975,1
"[0.3636363636363637, -0.3636363636363637, 0.020408163265306048, 0.0110803324099723, 0.07142857142857142, 0.0, 0.0, 0.0, 1.0, 0.8430216704000497, 1.0, 0.0, 0.0, 0.0, 0.0, 0.0, 0.0, 0.0]",123215,123174,N6,accept,0.5545454545454546,ts,1807,0
"[0.3, -0.3, 0.0, -0.3168604651162791, 0.07407407407407407, 0.0, 0.0, 0.0, 1.0, 0.7644123168059869, 1.0, 0.0, 0.0, 0.0, 0.0, 0.0, 0.0, 0.0]",104685,104679,N6,dismiss,-0.3,ts,2218,1
"[0.5599999999999999, -0.5599999999999999, -0.5095052807115065, 0.0, 0.0, 0.0, 0.0, 0.0, 1.0, 0.793642646214267, 1.0, 0.0, 0.0, 0.0, 0.0, 0.0, 0.0, 0.0]",49130,16660,N6,dismiss,-0.3,ts,522,0
"[0.7058823529411765, -0.7058823529411765, 0.05868118572292794, -0.39603960396039606, 0.3333333333333333, 0.0, 0.0, 0.0, 1.0, 0.7691037591416314, 1.0, 0.0, 0.0, 0.0, 0.0, 0.0, 0.0, 0.0]",65211,104681,N6,dismiss,-0.3,ts,2229,1
"[0.4545454545454546, -0.4545454545454546, 0.016187050359712206, 0.026627218934911243, 0.8333333333333334, 0.0, 0.0, 0.0, 1.0, 0.7623560507494218, 1.0, 0.0, 0.0, 0.0, 0.0, 0.0, 0.0, 0.0]",108746,108828,N1,dismiss,-0.3,ts,572,1
"[0.3636363636363637, -0.3636363636363637, -0.37672651933701656, 0.023809523809523808, -0.03333333333333333, 0.0, 0.0, 0.0, 1.0, 0.7517746794580583, 1.0, 0.0, 0.0, 0.0, 0.0, 0.0, 0.0, 0.0]",135543,123439,N6,accept,0.5545454545454546,ts,1420,0
"[0.19999999999999987, -0.19999999999999987, 0.2, 0.46, 0.0, 0.0, 0.0, 0.0, 1.0, 0.6666700184827028, 1.0, 0.0, 0.0, 0.0, 0.0, 0.0, 0.0, 0.0]",85440,30711,N1,accept,0.4399999999999999,ts,781,1
"[0.75, -0.75, -0.3485838779956427, -0.22727272727272727, -0.7, 0.0, 0.0, 0.0, 1.0, 0.6841240246088105, 1.0, 0.0, 0.0, 0.0, 0.0, 0.0, 0.0, 0.0]",135617,134921,N6,dismiss,-0.3,ts,1708,1
"[0.11999999999999993, -0.11999999999999993, 0.10888888888888894, -0.5864022662889519, -0.6714285714285715, 0.0, 0.0, 0.0, 1.0, 0.5409704980945332, 1.0, 0.0, 0.0, 0.0, 0.0, 0.0, 0.0, 0.0]",107307,169305,N6,dismiss,-0.3,ts,1856,1
"[0.26470588235294124, -0.26470588235294124, 0.1392694063926941, 0.24, 0.040000000000000036, 0.0, 0.0, 0.0, 1.0, 0.7270201311319596, 1.0, 0.0, 0.0, 0.0, 0.0, 0.0, 0.0, 0.0]",77265,130669,N6,dismiss,-0.3,ts,1099,0
"[0.07692307692307684, -0.07692307692307684, -0.1872881355932203, 1.0, -0.22727272727272727, 0.0, 0.0, 0.0, 1.0, 0.5317456847362717, 1.0, 0.0, 0.0, 0.0, 0.0, 0.0, 0.0, 0.0]",169794,55882,N1,dismiss,-0.3,ts,2031,1
"[0.5698529411764707, -0.5698529411764707, -0.29411764705882354, 0.0, 0.0, 0.0, 0.0, 0.0, 1.0, 0.8344508010326082, 1.0, 0.0, 0.0, 0.0, 0.0, 0.0, 0.0, 0.0]",41870,51654,N1,dismiss,-0.3,ts,2623,1
"[0.12499999999999988, -0.12499999999999988, -0.28928665438273227, 0.15789473684210525, -0.05263157894736842, 0.0, 0.0, 0.0, 1.0, 0.6528679345437123, 1.0, 0.0, 0.0, 0.0, 0.0, 0.0, 0.0, 0.0]",155625,170134,N1,dismiss,-0.3,ts,2746,1
"[0.5636363636363637, -0.5636363636363637, -0.502322495023225, -0.011396011396011397, 0.5714285714285714, 0.0, 0.0, 0.0, 1.0, 0.6898626064387221, 1.0, 0.0, 0.0, 0.0, 0.0, 0.0, 0.0, 0.0]",74279,107659,N6,accept,0.6945454545454546,ts,2863,1
"[0.15000000000000002, -0.15000000000000002, -0.1643454038997214, -0.002881844380403458, 0.13636363636363635, 0.0, 0.0, 0.0, 1.0, 0.7126257202247521, 1.0, 0.0, 0.0, 0.0, 0.0, 0.0, 0.0, 0.0]",82377,105724,N6,dismiss,-0.3,ts,2282,1
"[0.25, -0.25, 0.2124062031015508, 0.001215066828675577, 0.0, 0.0, 0.0, 0.0, 1.0, 0.7700037600548302, 1.0, 0.0, 0.0, 0.0, 0.0, 0.0, 0.0, 0.0]",30337,15457,N6,dismiss,-0.3,ts,1624,0
"[0.1875, -0.1875, -0.5643949930458971, 0.02, -0.039999999999999945, 0.0, 0.0, 0.0, 1.0, 0.6657861386175713, 1.0, 0.0, 0.0, 0.0, 0.0, 0.0, 0.0, 0.0]",63907,123325,N6,accept,0.43124999999999997,ts,933,0
"[0.3636363636363637, -0.3636363636363637, 0.0, 0.039886039886039885, 0.15384615384615385, 0.0, 0.0, 0.0, 1.0, 0.8230466725244279, 1.0, 0.0, 0.0, 0.0, 0.0, 0.0, 0.0, 0.0]",123002,123174,N6,dismiss,-0.3,ts,2634,0
"[0.64, -0.64, 0.15567282321899734, -0.5691489361702128, 0.4, 0.0, 0.0, 0.0, 1.0, 0.6980152721232434, 1.0, 0.0, 0.0, 0.0, 0.0, 0.0, 0.0, 0.0]",84106,19598,N6,dismiss,-0.3,ts,1365,0
"[0.41176470588235287, -0.41176470588235287, -0.10614525139664797, 0.12, 0.24, 0.0, 0.0, 0.0, 1.0, 0.7599295455936875, 1.0, 0.0, 0.0, 0.0, 0.0, 0.0, 0.0, 0.0]",63626,58615,N1,dismiss,-0.3,ts,966,1
"[0.47058823529411764, -0.47058823529411764, 0.18181818181818182, 0.14, 0.18000000000000002, 0.0, 0.0, 0.0, 1.0, 0.759069863248445, 1.0, 0.0, 0.0, 0.0, 0.0, 0.0, 0.0, 0.0]",18323,37953,N1,dismiss,-0.3,ts,535,1
"[0.5636363636363637, -0.5636363636363637, 0.22448979591836735, -0.016901408450704224, 0.8181818181818182, 0.0, 0.0, 0.0, 1.0, 0.724044986814595, 1.0, 0.0, 0.0, 0.0, 0.0, 0.0, 0.0, 0.0]",123023,107563,N1,dismiss,-0.3,ts,1499,1
"[0.5636363636363637, -0.5636363636363637, -0.5024875621890547, 0.07458563535911603, 1.0, 0.0, 0.0, 0.0, 1.0, 0.6387074464458108, 1.0, 0.0, 0.0, 0.0, 0.0, 0.0, 0.0, 0.0]",174793,107588,N6,accept,0.6945454545454546,ts,865,1
"[0.25, -0.25, -0.316628701594533, 0.02976190476190476, 0.20192307692307687, 0.0, 0.0, 0.0, 1.0, 0.6872552925450732, 1.0, 0.0, 0.0, 0.0, 0.0, 0.0, 0.0, 0.0]",117146,117045,N1,dismiss,-0.3,ts,1744,1
"[0.25, -0.25, -0.316628701594533, 0.02976190476190476, 0.20192307692307687, 0.0, 0.0, 0.0, 1.0, 0.6872552925450732, 1.0, 0.0, 0.0, 0.0, 0.0, 0.0, 0.0, 0.0]",117146,117045,N1,dismiss,-0.3,ts,915,1
"[0.3783783783783783, -0.3783783783783783, -0.6460176991150443, 0.14714714714714713, -0.20833333333333334, 0.0, 0.0, 0.0, 1.0, 0.6439795492580085, 1.0, 0.0, 0.0, 0.0, 0.0, 0.0, 0.0, 0.0]",20071,103705,N6,dismiss,-0.3,ts,1367,1
"[0.20000000000000007, -0.20000000000000007, -0.20380601596071202, -0.10160427807486631, 0.875, 0.0, 0.0, 0.0, 1.0, 0.60435783142046, 1.0, 0.0, 0.0, 0.0, 0.0, 0.0, 0.0, 0.0]",162740,107458,N6,accept,0.44000000000000006,ts,2705,1
"[0.9228571428571429, -0.9228571428571429, -0.2761430511543685, 0.09917355371900827, -0.4583333333333333, 0.0, 0.0, 0.0, 1.0, 0.7685935228198763, 1.0, 0.0, 0.0, 0.0, 0.0, 0.0, 0.0, 0.0]",110166,128247,N6,dismiss,-0.3,ts,627,0
"[0.9405, -0.9405, 0.0, -0.4626865671641791, -0.4, 0.0, 0.0, 0.0, 1.0, 0.798770190823013, 1.0, 0.0, 0.0, 0.0, 0.0, 0.0, 0.0, 0.0]",79807,189308,N1,dismiss,-0.3,ts,1676,1
"[0.04494382022471914, -0.04494382022471914, -0.2535714285714286, -0.08064516129032258, 0.0, 0.0, 0.0, 0.0, 1.0, 0.6649279362905083, 1.0, 0.0, 0.0, 0.0, 0.0, 0.0, 0.0, 0.0]",79360,18005,N6,dismiss,-0.3,ts,1421,0
"[0.6000000000000001, -0.6000000000000001, 0.1111111111111111, 0.0, 0.0, 0.0, 0.0, 0.0, 1.0, 0.8892219481331178, 1.0, 0.0, 0.0, 0.0, 0.0, 0.0, 0.0, 0.0]",38176,112477,N6,dismiss,-0.3,ts,615,0
"[0.33333333333333337, -0.33333333333333337, -0.2748368382886149, 0.0, 0.0, 0.0, 0.0, 0.0, 1.0, 0.7809569119829103, 1.0, 0.0, 0.0, 0.0, 0.0, 0.0, 0.0, 0.0]",141751,93860,N6,accept,0.5333333333333333,ts,532,1
"[0.09090909090909098, -0.09090909090909098, 0.0, -0.008695652173913044, -0.23076923076923078, 0.0, 0.0, 0.0, 1.0, 0.7258419974830486, 1.0, 0.0, 0.0, 0.0, 0.0, 0.0, 0.0, 0.0]",43134,43087,N6,dismiss,-0.3,ts,1276,1
"[0.3000000000000001, -0.3000000000000001, -0.528957528957529, 0.0, 0.0, 0.0, 0.0, 0.0, 1.0, 0.7249105321469098, 1.0, 0.0, 0.0, 0.0, 0.0, 0.0, 0.0, 0.0]",85444,85446,N6,dismiss,-0.3,ts,475,0
"[0.3500000000000001, -0.3500000000000001, 0.0, -0.3611111111111111, 0.043478260869565216, 0.0, 0.0, 0.0, 1.0, 0.7807457601820568, 1.0, 0.0, 0.0, 0.0, 0.0, 0.0, 0.0, 0.0]",125913,48548,N6,dismiss,-0.3,ts,2682,0
"[0.07692307692307698, -0.07692307692307698, -0.11348205625606206, -0.04, -0.12000000000000002, 0.0, 0.0, 0.0, 1.0, 0.6945703240312802, 1.0, 0.0, 0.0, 0.0, 0.0, 0.0, 0.0, 0.0]",145085,151789,N1,dismiss,-0.3,ts,841,1
"[0.19999999999999987, -0.19999999999999987, 0.2, 0.46, 0.0, 0.0, 0.0, 0.0, 1.0, 0.6666700184827028, 1.0, 0.0, 0.0, 0.0, 0.0, 0.0, 0.0, 0.0]",85440,30711,N6,dismiss,-0.3,ts,451,0
"[0.16666666666666663, -0.16666666666666663, -0.1497064579256361, -0.04, -0.039999999999999994, 0.0, 0.0, 0.0, 1.0, 0.7364152237187678, 1.0, 0.0, 0.0, 0.0, 0.0, 0.0, 0.0, 0.0]",122734,81996,N6,dismiss,-0.3,ts,1681,0
"[0.20000000000000007, -0.20000000000000007, -0.2794444444444444, -0.04, 1.0, 0.0, 0.0, 0.0, 1.0, 0.5760362365604412, 1.0, 0.0, 0.0, 0.0, 0.0, 0.0, 0.0, 0.0]",30082,107458,N6,dismiss,-0.3,ts,1325,1
"[0.5599999999999999, -0.5599999999999999, -0.1018907563025209, -0.059782608695652176, -0.07142857142857142, 0.0, 0.0, 0.0, 1.0, 0.8477079830211879, 1.0, 0.0, 0.0, 0.0, 0.0, 0.0, 0.0, 0.0]",87447,85283,N6,dismiss,-0.3,ts,1538,1
"[0.12499999999999988, -0.12499999999999988, 0.0, -0.011299435028248588, -0.05555555555555555, 0.0, 0.0, 0.0, 1.0, 0.777207383246993, 1.0, 0.0, 0.0, 0.0, 0.0, 0.0, 0.0, 0.0]",185391,78003,N6,dismiss,-0.3,ts,1987,1
"[0.3636363636363637, -0.3636363636363637, -0.07672634271099744, -0.017142857142857144, 1.0, 0.0, 0.0, 0.0, 1.0, 0.6912544525985004, 1.0, 0.0, 0.0, 0.0, 0.0, 0.0, 0.0, 0.0]",88363,123439,N6,dismiss,-0.3,ts,1871,0
"[0.5454545454545455, -0.5454545454545455, -0.01848519548503194, 0.0, 0.0, 0.0, 0.0, 0.0, 1.0, 0.9112606985062438, 1.0, 0.0, 0.0, 0.0, 0.0, 0.0, 0.0, 0.0]",54334,189219,N1,accept,0.6818181818181819,ts,1779,1
"[0.2, -0.2, -0.1303083187899943, -0.20642201834862386, 0.17647058823529413, 0.0, 0.0, 0.0, 1.0, 0.6816010089954423, 1.0, 0.0, 0.0, 0.0, 0.0, 0.0, 0.0, 0.0]",81396,158410,N6,dismiss,-0.3,ts,2334,1
"[0.604, -0.604, -0.49629629629629635, -0.4588235294117647, -0.3684210526315789, 0.0, 0.0, 0.0, 1.0, 0.6356367491076025, 1.0, 0.0, 0.0, 0.0, 0.0, 0.0, 0.0, 0.0]",115396,108025,N6,dismiss,-0.3,ts,1496,0
"[0.16666666666666663, -0.16666666666666663, 0.20020020020020018, 0.02040816326530612, 0.14583333333333337, 0.0, 0.0, 0.0, 1.0, 0.7012934475096448, 1.0, 0.0, 0.0, 0.0, 0.0, 0.0, 0.0, 0.0]",16681,63869,N1,dismiss,-0.3,ts,2242,1
"[0.4545454545454546, -0.4545454545454546, -0.6264009962640099, 0.08659217877094973, 1.0, 0.0, 0.0, 0.0, 1.0, 0.5821510349609894, 1.0, 0.0, 0.0, 0.0, 0.0, 0.0, 0.0, 0.0]",93935,107588,N1,dismiss,-0.3,ts,2875,1
"[0.14285714285714285, -0.14285714285714285, 0.13333333333333333, 1.0, -0.23809523809523808, 0.0, 0.0, 0.0, 1.0, 0.5596889746063702, 1.0, 0.0, 0.0, 0.0, 0.0, 0.0, 0.0, 0.0]",175348,113825,N1,dismiss,-0.3,ts,1336,1
"[0.4444444444444445, -0.4444444444444445, 0.011142061281337007, -0.6607142857142857, -0.5599999999999999, 0.0, 0.0, 0.0, 1.0, 0.6802432652968127, 1.0, 0.0, 0.0, 0.0, 0.0, 0.0, 0.0, 0.0]",63093,132873,N6,dismiss,-0.3,ts,690,1
"[0.25000000000000006, -0.25000000000000006, 0.24608967674661097, -0.42924528301886794, 0.4117647058823529, 0.0, 0.0, 0.0, 1.0, 0.5912500777360127, 1.0, 0.0, 0.0, 0.0, 0.0, 0.0, 0.0, 0.0]",55882,86760,N6,dismiss,-0.3,ts,1825,0
"[0.1666666666666667, -0.1666666666666667, 0.1111111111111111, 1.0, 0.44000000000000006, 0.0, 0.0, 0.0, 1.0, 0.53769314130362, 1.0, 0.0, 0.0, 0.0, 0.0, 0.0, 0.0, 0.0]",81128,18598,N6,dismiss,-0.3,ts,2261,1
"[0.1666666666666667, -0.1666666666666667, 0.0, 0.3, 0.22000000000000003, 0.0, 0.0, 0.0, 1.0, 0.6901568741775026, 1.0, 0.0, 0.0, 0.0, 0.0, 0.0, 0.0, 0.0]",29439,61090,N6,dismiss,-0.3,ts,1033,0
"[0.3, -0.3, 0.03577817531305903, -0.2619718309859155, 0.47058823529411764, 0.0, 0.0, 0.0, 1.0, 0.6890158827391232, 1.0, 0.0, 0.0, 0.0, 0.0, 0.0, 0.0, 0.0]",88157,61358,N1,dismiss,-0.3,ts,1023,1
"[0.1411042944785276, -0.1411042944785276, -0.21130676552363295, -0.03888888888888889, 0.0, 0.0, 0.0, 0.0, 1.0, 0.721979730157365, 1.0, 0.0, 0.0, 0.0, 0.0, 0.0, 0.0, 0.0]",15663,117162,N6,dismiss,-0.3,ts,2694,1
"[0.14285714285714288, -0.14285714285714288, -0.1938610662358643, 0.0, 0.0, 0.0, 0.0, 0.0, 1.0, 0.7384864192538396, 1.0, 0.0, 0.0, 0.0, 0.0, 0.0, 0.0, 0.0]",39280,81422,N6,dismiss,-0.3,ts,1397,0
"[0.41176470588235287, -0.41176470588235287, -0.15164369034994696, 0.12, 0.24, 0.0, 0.0, 0.0, 1.0, 0.7458609741032868, 1.0, 0.0, 0.0, 0.0, 0.0, 0.0, 0.0, 0.0]",56971,58615,N6,dismiss,-0.3,ts,778,0
"[0.5599999999999999, -0.5599999999999999, -0.5522388059701493, -0.04891304347826087, 0.33928571428571436, 0.0, 0.0, 0.0, 1.0, 0.6998512317173424, 1.0, 0.0, 0.0, 0.0, 0.0, 0.0, 0.0, 0.0]",174790,30082,N6,dismiss,-0.3,ts,1222,1
"[0.02500000000000002, -0.02500000000000002, -0.49874686716791977, -0.08, -0.039999999999999994, 0.0, 0.0, 0.0, 1.0, 0.5994201484706434, 1.0, 0.0, 0.0, 0.0, 0.0, 0.0, 0.0, 0.0]",85443,62539,N6,dismiss,-0.3,ts,1999,1
"[0.24242424242424238, -0.24242424242424238, -0.158311345646438, -0.4634146341463415, -0.15999999999999998, 0.0, 0.0, 0.0, 1.0, 0.6511177391618957, 1.0, 0.0, 0.0, 0.0, 0.0, 0.0, 0.0, 0.0]",110035,19600,N6,dismiss,-0.3,ts,1896,1
"[0.30000000000000004, -0.30000000000000004, 0.1799498746867168, 0.10561056105610561, 0.0, 0.0, 0.0, 0.0, 1.0, 0.7664632598843775, 1.0, 0.0, 0.0, 0.0, 0.0, 0.0, 0.0, 0.0]",169373,87090,N6,dismiss,-0.3,ts,2294,1
"[0.0769230769230768, -0.0769230769230768, 0.2, -0.75, -0.44000000000000006, 0.0, 0.0, 0.0, 1.0, 0.5084697864372832, 1.0, 0.0, 0.0, 0.0, 0.0, 0.0, 0.0, 0.0]",131606,81128,N6,dismiss,-0.3,ts,897,0
"[0.27999999999999997, -0.27999999999999997, -0.07452093683463454, 1.0, -0.78, 0.0, 0.0, 0.0, 1.0, 0.5645640780394282, 1.0, 0.0, 0.0, 0.0, 0.0, 0.0, 0.0, 0.0]",154734,128279,N1,accept,0.496,ts,947,1
"[0.8530612244897959, -0.8530612244897959, -0.4171011470281544, -0.6171428571428571, -0.5647058823529412, 0.0, 0.0, 0.0, 1.0, 0.6430780631512216, 1.0, 0.0, 0.0, 0.0, 0.0, 0.0, 0.0, 0.0]",78003,54927,N6,dismiss,-0.3,ts,2654,1
"[0.5, -0.5, -0.052770448548812667, -0.4148936170212766, 0.08000000000000007, 0.0, 0.0, 0.0, 1.0, 0.7819976516061806, 1.0, 0.0, 0.0, 0.0, 0.0, 0.0, 0.0, 0.0]",84106,84107,N6,dismiss,-0.3,ts,684,1
"[0.5, -0.5, -0.3, 0.0, 0.0, 0.0, 0.0, 0.0, 1.0, 0.8185495653156272, 1.0, 0.0, 0.0, 0.0, 0.0, 0.0, 0.0, 0.0]",38636,18374,N6,dismiss,-0.3,ts,774,0
"[0.1666666666666667, -0.1666666666666667, 0.0, 0.3, 0.22000000000000003, 0.0, 0.0, 0.0, 1.0, 0.6901568741775026, 1.0, 0.0, 0.0, 0.0, 0.0, 0.0, 0.0, 0.0]",29439,61090,N6,dismiss,-0.3,ts,1448,0
"[0.4583333333333333, -0.4583333333333333, -0.1433260393873086, 0.22, 0.24000000000000005, 0.0, 0.0, 0.0, 1.0, 0.7386709394486253, 1.0, 0.0, 0.0, 0.0, 0.0, 0.0, 0.0, 0.0]",151789,123325,N6,dismiss,-0.3,ts,595,0
"[0.3333333333333333, -0.3333333333333333, 0.0016694490818030287, -0.09644670050761421, 0.38461538461538464, 0.0, 0.0, 0.0, 1.0, 0.7580535088160933, 1.0, 0.0, 0.0, 0.0, 0.0, 0.0, 0.0, 0.0]",92082,138519,N6,accept,0.5333333333333333,ts,930,1
"[0.4545454545454546, -0.4545454545454546, -0.31499999999999995, 0.0028735632183908046, 0.6666666666666666, 0.0, 0.0, 0.0, 1.0, 0.6933733676729809, 1.0, 0.0, 0.0, 0.0, 0.0, 0.0, 0.0, 0.0]",32065,108839,N6,dismiss,-0.3,ts,2897,1
"[0.18918918918918928, -0.18918918918918928, 0.12526096033402923, 0.1786833855799373, -0.14285714285714285, 0.0, 0.0, 0.0, 1.0, 0.6924287180179873, 1.0, 0.0, 0.0, 0.0, 0.0, 0.0, 0.0, 0.0]",63924,63878,N1,accept,0.43243243243243246,ts,1199,1
"[0.4444444444444445, -0.4444444444444445, 0.158311345646438, -0.7, -0.72, 0.0, 0.0, 0.0, 1.0, 0.6139455672327484, 1.0, 0.0, 0.0, 0.0, 0.0, 0.0, 0.0, 0.0]",145573,110076,N6,dismiss,-0.3,ts,1925,0
"[0.14, -0.14, -0.12400000000000005, 0.05263157894736842, -0.1, 0.0, 0.0, 0.0, 1.0, 0.7156363704875062, 1.0, 0.0, 0.0, 0.0, 0.0, 0.0, 0.0, 0.0]",174942,69993,N1,dismiss,-0.3,ts,945,1
"[0.2500000000000001, -0.2500000000000001, 0.0, 0.4327485380116959, -0.1, 0.0, 0.0, 0.0, 1.0, 0.7255253090501366, 1.0, 0.0, 0.0, 0.0, 0.0, 0.0, 0.0, 0.0]",114737,166142,N6,dismiss,-0.3,ts,2645,0
"[0.4509803921568627, -0.4509803921568627, 0.0, 1.0, 1.0, 0.0, 0.0, 0.0, 1.0, 0.6002828069856174, 1.0, 0.0, 0.0, 0.0, 0.0, 0.0, 0.0, 0.0]",50997,41373,N1,dismiss,-0.3,ts,1745,1
"[0.41935483870967744, -0.41935483870967744, -0.20460048426150115, -0.005649717514124294, 0.1641791044776119, 0.0, 0.0, 0.0, 1.0, 0.7785128988253786, 1.0, 0.0, 0.0, 0.0, 0.0, 0.0, 0.0, 0.0]",43382,111012,N6,dismiss,-0.3,ts,2214,1
"[0.41176470588235287, -0.41176470588235287, -0.4265232974910394, 0.08, 0.12000000000000002, 0.0, 0.0, 0.0, 1.0, 0.7184106107941747, 1.0, 0.0, 0.0, 0.0, 0.0, 0.0, 0.0, 0.0]",88339,58615,N6,dismiss,-0.3,ts,761,0
"[0.0555555555555556, -0.0555555555555556, -0.30286857905270187, -0.27848101265822783, -0.13999999999999999, 0.0, 0.0, 0.0, 1.0, 0.5792292623515911, 1.0, 0.0, 0.0, 0.0, 0.0, 0.0, 0.0, 0.0]",155616,18005,N6,dismiss,-0.3,ts,2826,1
"[0.20000000000000007, -0.20000000000000007, -0.20398009950248752, -0.04178272980501393, -0.04, 0.0, 0.0, 0.0, 1.0, 0.7322713052444612, 1.0, 0.0, 0.0, 0.0, 0.0, 0.0, 0.0, 0.0]",29710,31975,N6,dismiss,-0.3,ts,2315,1
"[0.6666666666666667, -0.6666666666666667, 0.11421210820094461, 0.0, 0.0, 0.0, 0.0, 0.0, 1.0, 0.8995558594872302, 1.0, 0.0, 0.0, 0.0, 0.0, 0.0, 0.0, 0.0]",141734,16722,N6,dismiss,-0.3,ts,1424,1
"[0.5599999999999999, -0.5599999999999999, -0.1018907563025209, -0.059782608695652176, -0.07142857142857142, 0.0, 0.0, 0.0, 1.0, 0.8477079830211879, 1.0, 0.0, 0.0, 0.0, 0.0, 0.0, 0.0, 0.0]",87447,85283,N1,dismiss,-0.3,ts,1292,1
"[0.52, -0.52, 0.11648223645894, 0.0, 0.0, 0.0, 0.0, 0.0, 1.0, 0.8716130198763568, 1.0, 0.0, 0.0, 0.0, 0.0, 0.0, 0.0, 0.0]",142501,54196,N1,accept,0.6639999999999999,ts,1208,1
"[0.4666666666666666, -0.4666666666666666, 0.003344481605351218, 1.0, 0.5294117647058824, 0.0, 0.0, 0.0, 1.0, 0.6524478222642002, 1.0, 0.0, 0.0, 0.0, 0.0, 0.0, 0.0, 0.0]",89664,29970,N6,dismiss,-0.3,ts,455,1
"[0.9592592592592593, -0.9592592592592593, -0.15685403243723606, -0.45054945054945056, -0.043478260869565216, 0.0, 0.0, 0.0, 1.0, 0.8179409346496196, 1.0, 0.0, 0.0, 0.0, 0.0, 0.0, 0.0, 0.0]",155648,85794,N6,dismiss,-0.3,ts,2807,1
"[0.7954545454545455, -0.7954545454545455, -0.41470994475138123, 0.13095238095238096, -0.23333333333333334, 0.0, 0.0, 0.0, 1.0, 0.7546522405081744, 1.0, 0.0, 0.0, 0.0, 0.0, 0.0, 0.0, 0.0]",135543,89765,N6,dismiss,-0.3,ts,1764,0
"[0.0555555555555556, -0.0555555555555556, -0.16666666666666666, 0.0, -0.10714285714285714, 0.0, 0.0, 0.0, 1.0, 0.6851591657739663, 1.0, 0.0, 0.0, 0.0, 0.0, 0.0, 0.0, 0.0]",111476,105724,N1,dismiss,-0.3,ts,1318,1
"[0.8835294117647059, -0.8835294117647059, -0.28114285714285714, 0.033707865168539325, -0.2, 0.0, 0.0, 0.0, 1.0, 0.8217735861101357, 1.0, 0.0, 0.0, 0.0, 0.0, 0.0, 0.0, 0.0]",57653,108025,N6,dismiss,-0.3,ts,1049,1
"[0.25000000000000006, -0.25000000000000006, -0.09111617312072894, 0.1, -0.059999999999999984, 0.0, 0.0, 0.0, 1.0, 0.7621185638122803, 1.0, 0.0, 0.0, 0.0, 0.0, 0.0, 0.0, 0.0]",30785,110598,N6,dismiss,-0.3,ts,1755,0
"[0.25, -0.25, -0.5708154506437768, -0.008595988538681949, 1.0, 0.0, 0.0, 0.0, 1.0, 0.5525921765486778, 1.0, 0.0, 0.0, 0.0, 0.0, 0.0, 0.0, 0.0]",189369,117045,N6,dismiss,-0.3,ts,1038,0
"[0.10000000000000007, -0.10000000000000007, -0.17519908987485786, -0.01048951048951049, -0.14285714285714285, 0.0, 0.0, 0.0, 1.0, 0.6877102891525925, 1.0, 0.0, 0.0, 0.0, 0.0, 0.0, 0.0, 0.0]",115366,134111,N1,accept,0.37000000000000005,ts,924,1
"[0.3000000000000001, -0.3000000000000001, -0.528957528957529, 0.0, 0.0, 0.0, 0.0, 0.0, 1.0, 0.7249105321469098, 1.0, 0.0, 0.0, 0.0, 0.0, 0.0, 0.0, 0.0]",85444,85446,N6,dismiss,-0.3,ts,1596,0
"[0.3333333333333333, -0.3333333333333333, -0.0879271070615034, -0.06367041198501873, 1.0, 0.0, 0.0, 0.0, 1.0, 0.6744638811799699, 1.0, 0.0, 0.0, 0.0, 0.0, 0.0, 0.0, 0.0]",39429,170190,N6,dismiss,-0.3,ts,2796,1
"[0.8530612244897959, -0.8530612244897959, -0.3026455026455026, 0.10526315789473684, 0.631578947368421, 0.0, 0.0, 0.0, 1.0, 0.7372147538127957, 1.0, 0.0, 0.0, 0.0, 0.0, 0.0, 0.0, 0.0]",180524,170138,N6,dismiss,-0.3,ts,535,0
"[0.55, -0.55, -0.008365019011406936, 0.005434782608695652, -0.38, 0.0, 0.0, 0.0, 1.0, 0.834655709896273, 1.0, 0.0, 0.0, 0.0, 0.0, 0.0, 0.0, 0.0]",85163,128279,N6,dismiss,-0.3,ts,869,1
"[0.4235294117647059, -0.4235294117647059, 0.2053511705685619, 0.49056603773584906, 0.07142857142857142, 0.0, 0.0, 0.0, 1.0, 0.7093232284924638, 1.0, 0.0, 0.0, 0.0, 0.0, 0.0, 0.0, 0.0]",121068,155693,N6,dismiss,-0.3,ts,1193,1
"[0.28571428571428575, -0.28571428571428575, 0.0, 0.11363636363636363, 0.0, 0.0, 0.0, 0.0, 1.0, 0.820537205423484, 1.0, 0.0, 0.0, 0.0, 0.0, 0.0, 0.0, 0.0]",170134,127333,N6,dismiss,-0.3,ts,697,0
"[0.0384615384615385, -0.0384615384615385, 0.22897483118477596, 0.02976190476190476, 0.05999999999999996, 0.0, 0.0, 0.0, 1.0, 0.6652929903136966, 1.0, 0.0, 0.0, 0.0, 0.0, 0.0, 0.0, 0.0]",143094,87100,N6,dismiss,-0.3,ts,1947,0
"[0.33333333333333337, -0.33333333333333337, -0.2748368382886149, 0.0, 0.0, 0.0, 0.0, 0.0, 1.0, 0.7809569119829103, 1.0, 0.0, 0.0, 0.0, 0.0, 0.0, 0.0, 0.0]",141751,93860,N1,accept,0.5333333333333333,ts,1781,1
"[0.20000000000000007, -0.20000000000000007, -0.2488262910798122, -0.022727272727272728, -0.041666666666666664, 0.0, 0.0, 0.0, 1.0, 0.7257604933508731, 1.0, 0.0, 0.0, 0.0, 0.0, 0.0, 0.0, 0.0]",43334,31972,N6,accept,0.44000000000000006,ts,2921,1
"[0.24242424242424238, -0.24242424242424238, -0.06269592476489029, 1.0, -0.18, 0.0, 0.0, 0.0, 1.0, 0.6201236228830029, 1.0, 0.0, 0.0, 0.0, 0.0, 0.0, 0.0, 0.0]",182863,132804,N1,dismiss,-0.3,ts,1078,1
"[0.3636363636363637, -0.3636363636363637, 0.0, 0.016713091922005572, 0.25, 0.0, 0.0, 0.0, 1.0, 0.8103249790259089, 1.0, 0.0, 0.0, 0.0, 0.0, 0.0, 0.0, 0.0]",123014,123174,N1,dismiss,-0.3,ts,862,1
"[0.04761904761904766, -0.04761904761904766, -0.39722724532851117, 0.15162454873646208, 0.4, 0.0, 0.0, 0.0, 1.0, 0.5363539792335147, 1.0, 0.0, 0.0, 0.0, 0.0, 0.0, 0.0, 0.0]",16646,63925,N6,dismiss,-0.3,ts,561,0
"[0.2857142857142857, -0.2857142857142857, -0.16666666666666666, -0.48333333333333334, -0.38, 0.0, 0.0, 0.0, 1.0, 0.6215402245940977, 1.0, 0.0, 0.0, 0.0, 0.0, 0.0, 0.0, 0.0]",50807,41650,N6,accept,0.5,ts,1168,1
"[0.07692307692307684, -0.07692307692307684, -0.1872881355932203, 0.3867924528301887, -0.22727272727272727, 0.0, 0.0, 0.0, 1.0, 0.5806488195218563, 1.0, 0.0, 0.0, 0.0, 0.0, 0.0, 0.0, 0.0]",169794,115240,N6,dismiss,-0.3,ts,2135,1
"[0.18749999999999997, -0.18749999999999997, 0.1864406779661017, 0.7322834645669292, -0.1, 0.0, 0.0, 0.0, 1.0, 0.6137511118933905, 1.0, 0.0, 0.0, 0.0, 0.0, 0.0, 0.0, 0.0]",92706,114738,N6,dismiss,-0.3,ts,2383,1
"[0.20000000000000004, -0.20000000000000004, -0.11148148148148146, -0.40816326530612246, 0.16666666666666666, 0.0, 0.0, 0.0, 1.0, 0.6566446277478687, 1.0, 0.0, 0.0, 0.0, 0.0, 0.0, 0.0, 0.0]",127333,155856,N6,dismiss,-0.3,ts,977,0
"[0.19999999999999993, -0.19999999999999993, 0.041666666666666664, 0.0, 0.0, 0.0, 0.0, 0.0, 1.0, 0.8068370360387624, 1.0, 0.0, 0.0, 0.0, 0.0, 0.0, 0.0, 0.0]",18185,82489,N6,dismiss,-0.3,ts,2611,0
"[0.25, -0.25, -0.3704423918327662, 0.16838487972508592, -0.6625, 0.0, 0.0, 0.0, 1.0, 0.5819091698134675, 1.0, 0.0, 0.0, 0.0, 0.0, 0.0, 0.0, 0.0]",29663,145532,N6,dismiss,-0.3,ts,1607,1
"[0.7215909090909091, -0.7215909090909091, -0.2654424040066778, 0.06666666666666667, -0.06000000000000001, 0.0, 0.0, 0.0, 1.0, 0.8304515356657485, 1.0, 0.0, 0.0, 0.0, 0.0, 0.0, 0.0, 0.0]",17805,125786,N6,dismiss,-0.3,ts,824,1
"[0.8530612244897959, -0.8530612244897959, -0.4003639672429481, 0.4482758620689655, 0.47619047619047616, 0.0, 0.0, 0.0, 1.0, 0.6729637351096623, 1.0, 0.0, 0.0, 0.0, 0.0, 0.0, 0.0, 0.0]",180522,170138,N6,dismiss,-0.3,ts,1138,0
"[0.6909090909090909, -0.6909090909090909, 0.19956379498364232, -0.42857142857142855, -0.18, 0.0, 0.0, 0.0, 1.0, 0.7466004036208466, 1.0, 0.0, 0.0, 0.0, 0.0, 0.0, 0.0, 0.0]",82102,189308,N6,accept,0.7836363636363636,ts,2115,0
"[0.8530612244897959, -0.8530612244897959, -0.4003639672429481, 0.4482758620689655, 0.47619047619047616, 0.0, 0.0, 0.0, 1.0, 0.6729637351096623, 1.0, 0.0, 0.0, 0.0, 0.0, 0.0, 0.0, 0.0]",180522,170138,N6,dismiss,-0.3,ts,1694,0
"[0.25, -0.25, -0.7625099285146941, -0.32338308457711445, -0.984375, 0.0, 0.0, 0.0, 1.0, 0.48261789721960435, 1.0, 0.0, 0.0, 0.0, 0.0, 0.0, 0.0, 0.0]",127415,134921,N6,dismiss,-0.3,ts,937,1
"[0.13846153846153844, -0.13846153846153844, -0.04767580452920143, 0.009259259259259259, 0.14285714285714285, 0.0, 0.0, 0.0, 1.0, 0.7429691792392996, 1.0, 0.0, 0.0, 0.0, 0.0, 0.0, 0.0, 0.0]",78130,115245,N6,dismiss,-0.3,ts,1626,1
"[0.24999999999999992, -0.24999999999999992, 0.19068162208800685, -0.27325581395348836, 0.0, 0.0, 0.0, 0.0, 1.0, 0.7130201955158844, 1.0, 0.0, 0.0, 0.0, 0.0, 0.0, 0.0, 0.0]",73628,71136,N6,dismiss,-0.3,ts,1121,0
"[0.5599999999999999, -0.5599999999999999, -0.22531512605042014, -0.02717391304347826, -0.14285714285714285, 0.0, 0.0, 0.0, 1.0, 0.803684535199569, 1.0, 0.0, 0.0, 0.0, 0.0, 0.0, 0.0, 0.0]",87447,87446,N6,accept,0.692,ts,2095,1
"[0.25, -0.25, -0.46332737030411447, -0.10824742268041238, 0.19047619047619047, 0.0, 0.0, 0.0, 1.0, 0.6420465769124615, 1.0, 0.0, 0.0, 0.0, 0.0, 0.0, 0.0, 0.0]",16906,117045,N6,dismiss,-0.3,ts,2993,0
"[0.20000000000000004, -0.20000000000000004, -0.3409090909090909, 0.0, 0.0, 0.0, 0.0, 0.0, 1.0, 0.7239674946003922, 1.0, 0.0, 0.0, 0.0, 0.0, 0.0, 0.0, 0.0]",51022,70828,N6,dismiss,-0.3,ts,1801,0
"[0.5833333333333333, -0.5833333333333333, -0.014175257731958841, 0.0, 0.1, 0.0, 0.0, 0.0, 1.0, 0.8931955318196763, 1.0, 0.0, 0.0, 0.0, 0.0, 0.0, 0.0, 0.0]",151790,113027,N6,accept,0.7083333333333333,ts,928,1
"[0.3500000000000001, -0.3500000000000001, 0.0, -0.3611111111111111, 0.043478260869565216, 0.0, 0.0, 0.0, 1.0, 0.7807457601820568, 1.0, 0.0, 0.0, 0.0, 0.0, 0.0, 0.0, 0.0]",110121,48548,N6,accept,0.545,ts,1754,0
"[0.03846153846153849, -0.03846153846153849, 0.06761565836298927, 0.8034188034188035, -0.1694915254237288, 0.0, 0.0, 0.0, 1.0, 0.5760621517102464, 1.0, 0.0, 0.0, 0.0, 0.0, 0.0, 0.0, 0.0]",43763,162680,N6,dismiss,-0.3,ts,2324,1
"[0.6222222222222222, -0.6222222222222222, 0.0, -0.1, 0.019999999999999973, 0.0, 0.0, 0.0, 1.0, 0.8999640846725089, 1.0, 0.0, 0.0, 0.0, 0.0, 0.0, 0.0, 0.0]",135207,37985,N6,dismiss,-0.3,ts,1303,0
"[0.9333333333333335, -0.9333333333333335, 0.11470588235294113, -0.13398692810457516, -0.18181818181818182, 0.0, 0.0, 0.0, 1.0, 0.8493488906934371, 1.0, 0.0, 0.0, 0.0, 0.0, 0.0, 0.0, 0.0]",50818,48992,N6,accept,0.9533333333333334,ts,652,0
"[0.3508064516129032, -0.3508064516129032, -0.50017850767583, 0.09142857142857143, -0.24, 0.0, 0.0, 0.0, 1.0, 0.6619198091492486, 1.0, 0.0, 0.0, 0.0, 0.0, 0.0, 0.0, 0.0]",89602,103705,N6,accept,0.5455645161290322,ts,704,1
"[0.1500000000000001, -0.1500000000000001, 0.2222222222222222, -0.4375, -0.1, 0.0, 0.0, 0.0, 1.0, 0.6188946105740755, 1.0, 0.0, 0.0, 0.0, 0.0, 0.0, 0.0, 0.0]",30711,189308,N6,accept,0.405,ts,674,0
"[0.20000000000000007, -0.20000000000000007, -0.20556107249255215, -0.008547008547008548, -0.14285714285714285, 0.0, 0.0, 0.0, 1.0, 0.7155886267778032, 1.0, 0.0, 0.0, 0.0, 0.0, 0.0, 0.0, 0.0]",15528,32065,N6,accept,0.44000000000000006,ts,1932,1
"[0.28571428571428575, -0.28571428571428575, 0.23592419664927214, 0.4583333333333333, -0.1, 0.0, 0.0, 0.0, 1.0, 0.658588363112707, 1.0, 0.0, 0.0, 0.0, 0.0, 0.0, 0.0, 0.0]",139086,127333,N6,dismiss,-0.3,ts,1979,0
"[0.6029411764705882, -0.6029411764705882, 0.0, -0.1, -0.19999999999999996, 0.0, 0.0, 0.0, 1.0, 0.8529674333837347, 1.0, 0.0, 0.0, 0.0, 0.0, 0.0, 0.0, 0.0]",18330,70937,N6,dismiss,-0.3,ts,505,1
"[0.09722222222222213, -0.09722222222222213, 0.1926782273603083, 0.09, 0.09090909090909091, 0.0, 0.0, 0.0, 1.0, 0.6725971510788882, 1.0, 0.0, 0.0, 0.0, 0.0, 0.0, 0.0, 0.0]",16722,63891,N6,dismiss,-0.3,ts,642,1
"[0.5, -0.5, -0.5847826086956521, -0.26517571884984026, 0.6666666666666666, 0.0, 0.0, 0.0, 1.0, 0.5986869135718103, 1.0, 0.0, 0.0, 0.0, 0.0, 0.0, 0.0, 0.0]",128295,146668,N1,dismiss,-0.3,ts,1703,1
"[0.10714285714285708, -0.10714285714285708, 0.052770448548812667, -0.20761245674740483, -0.3333333333333333, 0.0, 0.0, 0.0, 1.0, 0.64584505204145, 1.0, 0.0, 0.0, 0.0, 0.0, 0.0, 0.0, 0.0]",105432,185375,N6,dismiss,-0.3,ts,2775,1
"[0.25, -0.25, -0.316628701594533, 0.02976190476190476, 0.20192307692307687, 0.0, 0.0, 0.0, 1.0, 0.6872552925450732, 1.0, 0.0, 0.0, 0.0, 0.0, 0.0, 0.0, 0.0]",117146,117045,N6,dismiss,-0.3,ts,598,0
"[0.625, -0.625, 0.0026755852842809983, 0.7803468208092486, -0.54, 0.0, 0.0, 0.0, 1.0, 0.7148883874284145, 1.0, 0.0, 0.0, 0.0, 0.0, 0.0, 0.0, 0.0]",158410,115951,N6,dismiss,-0.3,ts,1285,1
"[0.20000000000000007, -0.20000000000000007, 0.12899999999999992, -0.01694915254237288, -0.07692307692307693, 0.0, 0.0, 0.0, 1.0, 0.7509582581647994, 1.0, 0.0, 0.0, 0.0, 0.0, 0.0, 0.0, 0.0]",108842,31973,N6,dismiss,-0.3,ts,2063,1
"[0.06395348837209296, -0.06395348837209296, -0.6105702364394994, 0.6536796536796536, -0.32142857142857145, 0.0, 0.0, 0.0, 1.0, 0.45233622207296154, 1.0, 0.0, 0.0, 0.0, 0.0, 0.0, 0.0, 0.0]",20076,103705,N6,dismiss,-0.3,ts,768,1
"[0.23076923076923075, -0.23076923076923075, -0.43301759133964823, 0.8216216216216217, 0.5, 0.0, 0.0, 0.0, 1.0, 0.5015479331039048, 1.0, 0.0, 0.0, 0.0, 0.0, 0.0, 0.0, 0.0]",175208,57278,N6,dismiss,-0.3,ts,1836,1
"[0.20000000000000007, -0.20000000000000007, -0.24181818181818182, -0.037037037037037035, -0.14285714285714285, 0.0, 0.0, 0.0, 1.0, 0.6981476542695305, 1.0, 0.0, 0.0, 0.0, 0.0, 0.0, 0.0, 0.0]",162722,108746,N6,dismiss,-0.3,ts,2379,1
"[0.41176470588235287, -0.41176470588235287, -0.10614525139664797, 0.12, 0.24, 0.0, 0.0, 0.0, 1.0, 0.7599295455936875, 1.0, 0.0, 0.0, 0.0, 0.0, 0.0, 0.0, 0.0]",63626,58615,N6,dismiss,-0.3,ts,2750,0
"[0.2500000000000001, -0.2500000000000001, 0.0, 0.4327485380116959, -0.1, 0.0, 0.0, 0.0, 1.0, 0.7255253090501366, 1.0, 0.0, 0.0, 0.0, 0.0, 0.0, 0.0, 0.0]",114737,166142,N6,dismiss,-0.3,ts,2098,1
"[0.1666666666666667, -0.1666666666666667, 0.1111111111111111, 1.0, 0.44000000000000006, 0.0, 0.0, 0.0, 1.0, 0.53769314130362, 1.0, 0.0, 0.0, 0.0, 0.0, 0.0, 0.0, 0.0]",81128,18598,N6,dismiss,-0.3,ts,2334,1
"[0.7, -0.7, -0.16722222222222222, 0.1937984496124031, -0.061224489795918505, 0.0, 0.0, 0.0, 1.0, 0.8231142474270301, 1.0, 0.0, 0.0, 0.0, 0.0, 0.0, 0.0, 0.0]",145578,115951,N6,dismiss,-0.3,ts,2063,1
"[0.25, -0.25, 0.0, 0.0, 0.0, 0.0, 0.0, 0.0, 1.0, 0.8395893495876965, 1.0, 0.0, 0.0, 0.0, 0.0, 0.0, 0.0, 0.0]",116939,117045,N6,dismiss,-0.3,ts,2062,0
"[0.20000000000000007, -0.20000000000000007, 0.09090909090909091, -0.019943019943019943, -0.14285714285714285, 0.0, 0.0, 0.0, 1.0, 0.7464351712490337, 1.0, 0.0, 0.0, 0.0, 0.0, 0.0, 0.0, 0.0]",70000,31975,N6,dismiss,-0.3,ts,1232,1
"[0.6428571428571429, -0.6428571428571429, -0.5994993742177722, 0.24481327800829875, 0.1, 0.0, 0.0, 0.0, 1.0, 0.71158268971853, 1.0, 0.0, 0.0, 0.0, 0.0, 0.0, 0.0, 0.0]",16682,60783,N6,dismiss,-0.3,ts,1878,0
"[0.2666666666666666, -0.2666666666666666, -0.31354359925788494, -0.15159574468085107, 0.16666666666666666, 0.0, 0.0, 0.0, 1.0, 0.6700646679071035, 1.0, 0.0, 0.0, 0.0, 0.0, 0.0, 0.0, 0.0]",63878,130294,N6,dismiss,-0.3,ts,2569,1
"[0.18831168831168835, -0.18831168831168835, 0.20250120250120254, 0.1111111111111111, -0.07999999999999999, 0.0, 0.0, 0.0, 1.0, 0.7001240443089605, 1.0, 0.0, 0.0, 0.0, 0.0, 0.0, 0.0, 0.0]",128341,85224,N6,dismiss,-0.3,ts,404,0
"[0.8109243697478992, -0.8109243697478992, 0.1629802095459837, 0.44483985765124556, 0.5, 0.0, 0.0, 0.0, 1.0, 0.7208130226157157, 1.0, 0.0, 0.0, 0.0, 0.0, 0.0, 0.0, 0.0]",84577,47180,N6,accept,0.8676470588235294,ts,2831,1
"[0.11458333333333333, -0.11458333333333333, 0.0, -0.5561959654178674, -0.7909090909090909, 0.0, 0.0, 0.0, 1.0, 0.5727064609689967, 1.0, 0.0, 0.0, 0.0, 0.0, 0.0, 0.0, 0.0]",107659,142262,N6,dismiss,-0.3,ts,1407,0
"[0.25, -0.25, 0.0, 0.0, 0.0, 0.0, 0.0, 0.0, 1.0, 0.8395893495876965, 1.0, 0.0, 0.0, 0.0, 0.0, 0.0, 0.0, 0.0]",116977,117045,N6,dismiss,-0.3,ts,2497,0
"[0.511864406779661, -0.511864406779661, 0.21978021978021978, 0.06521739130434782, -0.040000000000000036, 0.0, 0.0, 0.0, 1.0, 0.8104000250592543, 1.0, 0.0, 0.0, 0.0, 0.0, 0.0, 0.0, 0.0]",63936,16681,N6,dismiss,-0.3,ts,2180,0
"[0.33333333333333337, -0.33333333333333337, -0.42857142857142855, 0.8197674418604651, -0.5555555555555556, 0.0, 0.0, 0.0, 1.0, 0.5288933496043463, 1.0, 0.0, 0.0, 0.0, 0.0, 0.0, 0.0, 0.0]",169335,169349,N6,accept,0.5333333333333333,ts,2442,0
"[0.20000000000000007, -0.20000000000000007, 0.06400000000000006, 1.0, 1.0, 0.0, 0.0, 0.0, 1.0, 0.5209741066595128, 1.0, 0.0, 0.0, 0.0, 0.0, 0.0, 0.0, 0.0]",142264,107170,N6,dismiss,-0.3,ts,2182,1
"[0.2058823529411765, -0.2058823529411765, -0.0625, -0.02, 0.16, 0.0, 0.0, 0.0, 1.0, 0.7543817618859714, 1.0, 0.0, 0.0, 0.0, 0.0, 0.0, 0.0, 0.0]",40998,70937,N6,accept,0.4441176470588235,ts,2509,1
"[0.040000000000000036, -0.040000000000000036, 0.0, 0.0, 0.0, 0.0, 0.0, 0.0, 1.0, 0.7649820258822859, 1.0, 0.0, 0.0, 0.0, 0.0, 0.0, 0.0, 0.0]",141765,141753,N6,dismiss,-0.3,ts,2037,0
"[0.4509803921568627, -0.4509803921568627, 0.0, 1.0, 1.0, 0.0, 0.0, 0.0, 1.0, 0.6002828069856174, 1.0, 0.0, 0.0, 0.0, 0.0, 0.0, 0.0, 0.0]",50997,41373,N6,accept,0.6156862745098038,ts,1803,0
"[0.25, -0.25, -0.2743429286608261, 1.0, 1.0, 0.0, 0.0, 0.0, 1.0, 0.4734505363882145, 1.0, 0.0, 0.0, 0.0, 0.0, 0.0, 0.0, 0.0]",158428,71447,N6,dismiss,-0.3,ts,2992,1
"[0.5636363636363637, -0.5636363636363637, -0.16573971078976643, 0.0896358543417367, 1.0, 0.0, 0.0, 0.0, 1.0, 0.7114261295235756, 1.0, 0.0, 0.0, 0.0, 0.0, 0.0, 0.0, 0.0]",166050,107588,N6,dismiss,-0.3,ts,2071,0
"[0.16666666666666666, -0.16666666666666666, -0.16749999999999995, 1.0, 0.06145251396648053, 0.0, 0.0, 0.0, 1.0, 0.5897690701959244, 1.0, 0.0, 0.0, 0.0, 0.0, 0.0, 0.0, 0.0]",165914,191335,N6,accept,0.41666666666666663,ts,2417,1
"[0.1250000000000001, -0.1250000000000001, 0.1772262773722628, 0.0625, -0.1, 0.0, 0.0, 0.0, 1.0, 0.6918289288008301, 1.0, 0.0, 0.0, 0.0, 0.0, 0.0, 0.0, 0.0]",141833,55348,N6,accept,0.38750000000000007,ts,1843,0
"[0.3, -0.3, 0.057401812688821705, 0.048, -0.16666666666666666, 0.0, 0.0, 0.0, 1.0, 0.7775322908658204, 1.0, 0.0, 0.0, 0.0, 0.0, 0.0, 0.0, 0.0]",61306,104682,N6,dismiss,-0.3,ts,2209,1
"[0.0918918918918919, -0.0918918918918919, 0.07421150278293136, -0.14040114613180515, -0.26666666666666666, 0.0, 0.0, 0.0, 1.0, 0.657929722960158, 1.0, 0.0, 0.0, 0.0, 0.0, 0.0, 0.0, 0.0]",63922,16725,N6,dismiss,-0.3,ts,2872,1
"[0.1666666666666667, -0.1666666666666667, 0.0, 0.3, 0.22000000000000003, 0.0, 0.0, 0.0, 1.0, 0.6901568741775026, 1.0, 0.0, 0.0, 0.0, 0.0, 0.0, 0.0, 0.0]",41286,61090,N6,dismiss,-0.3,ts,1583,0
"[0.22666666666666668, -0.22666666666666668, -0.5995995995995996, 0.0, 0.0, 0.0, 0.0, 0.0, 1.0, 0.6921564497180331, 1.0, 0.0, 0.0, 0.0, 0.0, 0.0, 0.0, 0.0]",71092,40258,N6,dismiss,-0.3,ts,1907,0
"[0.64, -0.64, 0.15567282321899734, -0.5691489361702128, 0.4, 0.0, 0.0, 0.0, 1.0, 0.6980152721232434, 1.0, 0.0, 0.0, 0.0, 0.0, 0.0, 0.0, 0.0]",84106,19598,N6,accept,0.748,ts,2409,0
"[0.20000000000000007, -0.20000000000000007, 0.19092827004219395, -0.02247191011235955, 0.0, 0.0, 0.0, 0.0, 1.0, 0.752754425955037, 1.0, 0.0, 0.0, 0.0, 0.0, 0.0, 0.0, 0.0]",116201,31973,N6,dismiss,-0.3,ts,1733,0
"[0.11458333333333333, -0.11458333333333333, -0.08759124087591248, -0.5587392550143266, -0.77, 0.0, 0.0, 0.0, 1.0, 0.5416340437403093, 1.0, 0.0, 0.0, 0.0, 0.0, 0.0, 0.0, 0.0]",108839,142262,N6,dismiss,-0.3,ts,1993,0
"[0.3636363636363637, -0.3636363636363637, 0.0, 0.0, 0.0, 0.0, 0.0, 0.0, 1.0, 0.8742764353476687, 1.0, 0.0, 0.0, 0.0, 0.0, 0.0, 0.0, 0.0]",123143,123174,N1,dismiss,-0.3,ts,2212,1
"[0.20000000000000007, -0.20000000000000007, -0.3026775320139698, 0.40213523131672596, -0.07142857142857142, 0.0, 0.0, 0.0, 1.0, 0.6291480839467152, 1.0, 0.0, 0.0, 0.0, 0.0, 0.0, 0.0, 0.0]",21089,92082,N6,dismiss,-0.3,ts,2212,1
"[0.20000000000000007, -0.20000000000000007, 0.17909090909090916, -0.10160427807486631, 0.36363636363636365, 0.0, 0.0, 0.0, 1.0, 0.6575173146638584, 1.0, 0.0, 0.0, 0.0, 0.0, 0.0, 0.0, 0.0]",89763,107554,N6,dismiss,-0.3,ts,2222,0
"[0.25, -0.25, -0.24050632911392406, 0.0, -0.005555555555555635, 0.0, 0.0, 0.0, 1.0, 0.7615633265577997, 1.0, 0.0, 0.0, 0.0, 0.0, 0.0, 0.0, 0.0]",183583,165914,N6,dismiss,-0.3,ts,2883,0
"[0.8785714285714287, -0.8785714285714287, -0.35714285714285715, 0.0, 0.0, 0.0, 0.0, 0.0, 1.0, 0.8644708419781049, 1.0, 0.0, 0.0, 0.0, 0.0, 0.0, 0.0, 0.0]",164512,18219,N6,dismiss,-0.3,ts,704,1
"[0.09999999999999996, -0.09999999999999996, 0.0, -0.2, -0.44000000000000006, 0.0, 0.0, 0.0, 1.0, 0.6499867020634126, 1.0, 0.0, 0.0, 0.0, 0.0, 0.0, 0.0, 0.0]",18598,155816,N6,dismiss,-0.3,ts,1068,0
"[0.07142857142857134, -0.07142857142857134, -0.49874686716791977, -0.12, -0.039999999999999994, 0.0, 0.0, 0.0, 1.0, 0.6069058377462536, 1.0, 0.0, 0.0, 0.0, 0.0, 0.0, 0.0, 0.0]",111106,62503,N6,dismiss,-0.3,ts,1486,1
"[0.2, -0.2, -0.425, -0.1678832116788321, -0.26666666666666666, 0.0, 0.0, 0.0, 1.0, 0.603526579115756, 1.0, 0.0, 0.0, 0.0, 0.0, 0.0, 0.0, 0.0]",115289,178949,N6,dismiss,-0.3,ts,1273,0
"[0.5098039215686274, -0.5098039215686274, 0.18112094395280237, 0.5074626865671642, -0.3939393939393939, 0.0, 0.0, 0.0, 1.0, 0.6727686083087421, 1.0, 0.0, 0.0, 0.0, 0.0, 0.0, 0.0, 0.0]",120916,170191,N6,dismiss,-0.3,ts,2329,1
"[0.06666666666666672, -0.06666666666666672, 0.0, 0.02857142857142857, 0.0, 0.0, 0.0, 0.0, 1.0, 0.7665858692054695, 1.0, 0.0, 0.0, 0.0, 0.0, 0.0, 0.0, 0.0]",56248,55915,N6,accept,0.3466666666666667,ts,2238,0
"[0.4444444444444444, -0.27999999999999997, -0.17076923076923078, 0.0, 0.0, 0.0, 0.0, 0.0, 1.0, 0.7913678346806224, 1.0, 0.0, 0.0, 0.0, 0.0, 0.0, 0.0, 0.0]",63920,63919,N6,dismiss,-0.3,ts,2270,0
"[0.625, -0.625, 0.07707129094412332, 0.0, 0.0, 0.0, 0.0, 0.0, 1.0, 0.904947839553394, 1.0, 0.0, 0.0, 0.0, 0.0, 0.0, 0.0, 0.0]",16734,16731,N6,dismiss,-0.3,ts,2637,1
"[0.25000000000000006, -0.25000000000000006, 0.0, 1.0, -0.3157894736842105, 0.0, 0.0, 0.0, 1.0, 0.6210881403621081, 1.0, 0.0, 0.0, 0.0, 0.0, 0.0, 0.0, 0.0]",185524,92082,N6,accept,0.475,ts,986,1
"[0.25, -0.25, 0.15830115830115837, 0.02976190476190476, 0.13636363636363635, 0.0, 0.0, 0.0, 1.0, 0.7408404640993043, 1.0, 0.0, 0.0, 0.0, 0.0, 0.0, 0.0, 0.0]",106979,117045,N6,dismiss,-0.3,ts,1870,0
"[0.3142857142857143, -0.3142857142857143, -0.502322495023225, -0.011396011396011397, 0.5714285714285714, 0.0, 0.0, 0.0, 1.0, 0.6275289808114848, 1.0, 0.0, 0.0, 0.0, 0.0, 0.0, 0.0, 0.0]",74278,107659,N6,dismiss,-0.3,ts,1133,1
"[0.296, -0.296, -0.028856825749167567, -0.3839080459770115, -0.25, 0.0, 0.0, 0.0, 1.0, 0.7036060766231607, 1.0, 0.0, 0.0, 0.0, 0.0, 0.0, 0.0, 0.0]",155692,92135,N6,dismiss,-0.3,ts,2968,1
"[0.6818181818181819, -0.6818181818181819, -0.059432933478734996, 0.0, 0.0, 0.0, 0.0, 0.0, 1.0, 0.9203291383559643, 1.0, 0.0, 0.0, 0.0, 0.0, 0.0, 0.0, 0.0]",82102,82101,N6,dismiss,-0.3,ts,2373,1
"[0.5885714285714285, -0.5885714285714285, 0.07342206955775014, 0.0, 0.0, 0.0, 0.0, 0.0, 1.0, 0.8996476536402875, 1.0, 0.0, 0.0, 0.0, 0.0, 0.0, 0.0, 0.0]",141777,40487,N6,dismiss,-0.3,ts,1644,1
"[0.040000000000000036, -0.040000000000000036, 0.0, 0.0, 0.0, 0.0, 0.0, 0.0, 1.0, 0.7649820258822859, 1.0, 0.0, 0.0, 0.0, 0.0, 0.0, 0.0, 0.0]",141765,141753,N6,accept,0.328,ts,870,0
"[0.6097560975609756, -0.6097560975609756, 0.08774474256707766, 0.4117647058823529, 0.08333333333333333, 0.0, 0.0, 0.0, 1.0, 0.7914507604149708, 1.0, 0.0, 0.0, 0.0, 0.0, 0.0, 0.0, 0.0]",141752,90182,N6,dismiss,-0.3,ts,1288,1
"[0.12499999999999988, -0.12499999999999988, 0.1864406779661017, 0.3464566929133858, 0.0, 0.0, 0.0, 0.0, 1.0, 0.65910022537907, 1.0, 0.0, 0.0, 0.0, 0.0, 0.0, 0.0, 0.0]",92706,114737,N6,accept,0.3874999999999999,ts,846,0
"[0.09999999999999996, -0.09999999999999996, 0.0, 0.03870967741935484, -0.045454545454545456, 0.0, 0.0, 0.0, 1.0, 0.7630116146408217, 1.0, 0.0, 0.0, 0.0, 0.0, 0.0, 0.0, 0.0]",111130,108202,N1,dismiss,-0.3,ts,2721,1
"[0.16666666666666663, -0.16666666666666663, -0.3485838779956427, -0.5181058495821727, 1.0, 0.0, 0.0, 0.0, 1.0, 0.46516869312977505, 1.0, 0.0, 0.0, 0.0, 0.0, 0.0, 0.0, 0.0]",158412,158410,N6,dismiss,-0.3,ts,1923,1
"[0.06249999999999994, -0.06249999999999994, -0.42495393524611735, 0.15263157894736842, -0.05263157894736842, 0.0, 0.0, 0.0, 1.0, 0.6044124951997967, 1.0, 0.0, 0.0, 0.0, 0.0, 0.0, 0.0, 0.0]",155625,127690,N6,accept,0.34374999999999994,ts,2886,1
"[0.20000000000000007, -0.20000000000000007, -0.1629802095459837, -0.0498220640569395, 0.07142857142857142, 0.0, 0.0, 0.0, 1.0, 0.7330005118464727, 1.0, 0.0, 0.0, 0.0, 0.0, 0.0, 0.0, 0.0]",21089,128242,N6,dismiss,-0.3,ts,2549,1
"[0.5599999999999999, -0.5599999999999999, 0.16440314510364537, 0.34050179211469533, 0.6494845360824744, 0.0, 0.0, 0.0, 1.0, 0.682247008952763, 1.0, 0.0, 0.0, 0.0, 0.0, 0.0, 0.0, 0.0]",185581,162740,N6,dismiss,-0.3,ts,519,1
"[0.7899159663865546, -0.7899159663865546, 0.002506265664160437, 1.0, -0.05263157894736842, 0.0, 0.0, 0.0, 1.0, 0.7994986843559835, 1.0, 0.0, 0.0, 0.0, 0.0, 0.0, 0.0, 0.0]",185563,104684,N6,accept,0.8529411764705881,ts,405,1
"[0.18181818181818185, -0.18181818181818185, -0.4273333333333333, -0.10185185185185185, -0.16666666666666666, 0.0, 0.0, 0.0, 1.0, 0.6314604801885487, 1.0, 0.0, 0.0, 0.0, 0.0, 0.0, 0.0, 0.0]",56406,139804,N6,dismiss,-0.3,ts,1454,1
"[0.20000000000000004, -0.20000000000000004, -0.49, -0.09798994974874371, -0.8242424242424242, 0.0, 0.0, 0.0, 1.0, 0.5500458536214315, 1.0, 0.0, 0.0, 0.0, 0.0, 0.0, 0.0, 0.0]",69112,158412,N6,accept,0.44,ts,1430,1
"[0.2941176470588236, -0.2941176470588236, 0.0, 1.0, 0.22000000000000003, 0.0, 0.0, 0.0, 1.0, 0.6533578724024277, 1.0, 0.0, 0.0, 0.0, 0.0, 0.0, 0.0, 0.0]",51572,50956,N6,dismiss,-0.3,ts,2337,0
"[0.2380952380952381, -0.2380952380952381, -0.10071428571428567, -0.22448979591836735, 0.05555555555555555, 0.0, 0.0, 0.0, 1.0, 0.7291538875149957, 1.0, 0.0, 0.0, 0.0, 0.0, 0.0, 0.0, 0.0]",166142,144703,N6,dismiss,-0.3,ts,493,0
"[0.25, -0.25, 0.0, 0.07453416149068323, 0.13636363636363635, 0.0, 0.0, 0.0, 1.0, 0.7830109453831142, 1.0, 0.0, 0.0, 0.0, 0.0, 0.0, 0.0, 0.0]",43090,117045,N6,dismiss,-0.3,ts,1151,0
"[0.09090909090909098, -0.09090909090909098, -0.40298507462686567, 0.07122507122507123, 0.0, 0.0, 0.0, 0.0, 1.0, 0.6532966594257494, 1.0, 0.0, 0.0, 0.0, 0.0, 0.0, 0.0, 0.0]",15532,151841,N6,dismiss,-0.3,ts,518,1
"[0.27999999999999997, -0.27999999999999997, 0.22005571030640667, -0.2636363636363636, 0.31999999999999995, 0.0, 0.0, 0.0, 1.0, 0.6456512718839392, 1.0, 0.0, 0.0, 0.0, 0.0, 0.0, 0.0, 0.0]",84107,19598,N6,dismiss,-0.3,ts,2326,0
"[0.08163265306122446, -0.08163265306122446, 0.0817610062893081, 0.002849002849002849, 0.08333333333333329, 0.0, 0.0, 0.0, 1.0, 0.7264097091680045, 1.0, 0.0, 0.0, 0.0, 0.0, 0.0, 0.0, 0.0]",105872,105899,N6,accept,0.3571428571428571,ts,2250,0
"[0.1200000000000001, -0.1200000000000001, 0.1455847255369929, -0.08011869436201781, -0.52, 0.0, 0.0, 0.0, 1.0, 0.6248074521533694, 1.0, 0.0, 0.0, 0.0, 0.0, 0.0, 0.0, 0.0]",57278,59423,N6,dismiss,-0.3,ts,1449,0
"[0.3636363636363637, -0.3636363636363637, 0.0, 0.0, 0.0, 0.0, 0.0, 0.0, 1.0, 0.8742764353476687, 1.0, 0.0, 0.0, 0.0, 0.0, 0.0, 0.0, 0.0]",123012,123174,N6,dismiss,-0.3,ts,2526,0
"[0.20000000000000007, -0.20000000000000007, 0.17909090909090916, -0.10160427807486631, 0.36363636363636365, 0.0, 0.0, 0.0, 1.0, 0.6575173146638584, 1.0, 0.0, 0.0, 0.0, 0.0, 0.0, 0.0, 0.0]",89763,107554,N6,dismiss,-0.3,ts,1469,0
"[0.4545454545454546, -0.4545454545454546, -0.31499999999999995, 0.014534883720930232, 0.7391304347826086, 0.0, 0.0, 0.0, 1.0, 0.6846007861589785, 1.0, 0.0, 0.0, 0.0, 0.0, 0.0, 0.0, 0.0]",31972,108839,N6,dismiss,-0.3,ts,2806,1
"[0.30000000000000004, -0.30000000000000004, -0.0750938673341677, 1.0, 1.0, 0.0, 0.0, 0.0, 1.0, 0.5445497778178654, 1.0, 0.0, 0.0, 0.0, 0.0, 0.0, 0.0, 0.0]",158428,81395,N6,dismiss,-0.3,ts,2962,1
"[0.16000000000000003, -0.16000000000000003, -0.18225255972696255, -0.4230769230769231, -0.07142857142857142, 0.0, 0.0, 0.0, 1.0, 0.6421729785518976, 1.0, 0.0, 0.0, 0.0, 0.0, 0.0, 0.0, 0.0]",115366,179649,N6,dismiss,-0.3,ts,907,1
"[0.1842105263157895, -0.1842105263157895, 0.0, -0.0035335689045936395, -0.019999999999999928, 0.0, 0.0, 0.0, 1.0, 0.8104350430499354, 1.0, 0.0, 0.0, 0.0, 0.0, 0.0, 0.0, 0.0]",38840,91957,N6,dismiss,-0.3,ts,1472,1
"[0.9299999999999999, -0.9299999999999999, -0.18181818181818182, -0.04477611940298507, -0.3, 0.0, 0.0, 0.0, 1.0, 0.8295681284288122, 1.0, 0.0, 0.0, 0.0, 0.0, 0.0, 0.0, 0.0]",79807,30711,N6,dismiss,-0.3,ts,1786,1
"[0.02500000000000002, -0.02500000000000002, -0.1863303498779495, -0.2, -0.12000000000000002, 0.0, 0.0, 0.0, 1.0, 0.6156925813588408, 1.0, 0.0, 0.0, 0.0, 0.0, 0.0, 0.0, 0.0]",130425,62503,N3,dismiss,-0.3,ts,1732,1
"[0.8214285714285715, -0.8214285714285715, -0.47950310559006215, 0.14285714285714285, 1.0, 0.0, 0.0, 0.0, 1.0, 0.6642878774361393, 1.0, 0.0, 0.0, 0.0, 0.0, 0.0, 0.0, 0.0]",91072,57551,N6,dismiss,-0.3,ts,1445,1
"[0.8133333333333334, -0.8133333333333334, -0.050125313283208024, 0.18840579710144928, -0.51, 0.0, 0.0, 0.0, 1.0, 0.7978317164661386, 1.0, 0.0, 0.0, 0.0, 0.0, 0.0, 0.0, 0.0]",48996,49086,N6,dismiss,-0.3,ts,1843,0
"[0.4444444444444445, -0.4444444444444445, 0.011142061281337007, -0.6607142857142857, -0.5599999999999999, 0.0, 0.0, 0.0, 1.0, 0.6802432652968127, 1.0, 0.0, 0.0, 0.0, 0.0, 0.0, 0.0, 0.0]",63093,132873,N6,dismiss,-0.3,ts,2369,1
"[0.11458333333333333, -0.11458333333333333, -0.08759124087591248, -0.5587392550143266, -0.77, 0.0, 0.0, 0.0, 1.0, 0.5416340437403093, 1.0, 0.0, 0.0, 0.0, 0.0, 0.0, 0.0, 0.0]",108839,142262,N6,dismiss,-0.3,ts,2688,0
"[0.25000000000000006, -0.25000000000000006, -0.0646666666666667, -0.10112359550561797, 0.19718309859154937, 0.0, 0.0, 0.0, 1.0, 0.7389755735892841, 1.0, 0.0, 0.0, 0.0, 0.0, 0.0, 0.0, 0.0]",147103,127487,N1,dismiss,-0.3,ts,2854,1
"[0.5, -0.5, -0.3, 0.0, 0.0, 0.0, 0.0, 0.0, 1.0, 0.8185495653156272, 1.0, 0.0, 0.0, 0.0, 0.0, 0.0, 0.0, 0.0]",38636,18374,N6,dismiss,-0.3,ts,2651,0
"[0.08333333333333323, -0.08333333333333323, -0.2317559863169897, 0.0, 0.0, 0.0, 0.0, 0.0, 1.0, 0.7069023470783287, 1.0, 0.0, 0.0, 0.0, 0.0, 0.0, 0.0, 0.0]",147381,152267,N6,dismiss,-0.3,ts,2556,1
"[0.13333333333333344, -0.13333333333333344, -0.18181818181818182, -0.75, -0.44000000000000006, 0.0, 0.0, 0.0, 1.0, 0.5340595765105035, 1.0, 0.0, 0.0, 0.0, 0.0, 0.0, 0.0, 0.0]",18239,79461,N6,dismiss,-0.3,ts,2897,0
"[0.8, -0.8, 0.17647058823529413, 0.0, 0.0, 0.0, 0.0, 0.0, 1.0, 0.898937356285638, 1.0, 0.0, 0.0, 0.0, 0.0, 0.0, 0.0, 0.0]",18435,112477,N6,dismiss,-0.3,ts,2409,0
"[0.5588235294117647, -0.5588235294117647, -0.11351351351351359, 1.0, 0.05555555555555555, 0.0, 0.0, 0.0, 1.0, 0.7150054052193668, 1.0, 0.0, 0.0, 0.0, 0.0, 0.0, 0.0, 0.0]",115299,155668,N6,dismiss,-0.3,ts,1251,1
"[0.12499999999999988, -0.12499999999999988, -0.01459854014598546, 0.5702479338842975, -0.05, 0.0, 0.0, 0.0, 1.0, 0.6742529909181216, 1.0, 0.0, 0.0, 0.0, 0.0, 0.0, 0.0, 0.0]",56538,180524,N6,dismiss,-0.3,ts,663,1
"[0.4444444444444444, -0.27999999999999997, -0.17076923076923078, 0.0, 0.0, 0.0, 0.0, 0.0, 1.0, 0.7913678346806224, 1.0, 0.0, 0.0, 0.0, 0.0, 0.0, 0.0, 0.0]",63920,63919,N6,dismiss,-0.3,ts,1632,0
"[0.41176470588235287, -0.41176470588235287, -0.4265232974910394, 0.08, 0.12000000000000002, 0.0, 0.0, 0.0, 1.0, 0.7184106107941747, 1.0, 0.0, 0.0, 0.0, 0.0, 0.0, 0.0, 0.0]",88339,58615,N6,dismiss,-0.3,ts,610,0
"[0.06666666666666664, -0.06666666666666664, -0.09111617312072894, -0.5430711610486891, 0.26666666666666666, 0.0, 0.0, 0.0, 1.0, 0.5802228693777566, 1.0, 0.0, 0.0, 0.0, 0.0, 0.0, 0.0, 0.0]",39429,185563,N6,dismiss,-0.3,ts,1977,1
"[0.7576530612244898, -0.7576530612244898, -0.04534606205250594, -0.6666666666666666, -0.33999999999999997, 0.0, 0.0, 0.0, 1.0, 0.7514982057090797, 1.0, 0.0, 0.0, 0.0, 0.0, 0.0, 0.0, 0.0]",33277,174927,N6,dismiss,-0.3,ts,711,0
"[0.19709090909090918, -0.19709090909090918, 0.0, 0.0, 0.0, 0.0, 0.0, 0.0, 1.0, 0.8218285575581613, 1.0, 0.0, 0.0, 0.0, 0.0, 0.0, 0.0, 0.0]",152267,63876,N6,accept,0.43796363636363644,ts,2540,0
"[0.2450980392156862, -0.2450980392156862, 0.11126564673157162, -0.33116883116883117, 0.9285714285714286, 0.0, 0.0, 0.0, 1.0, 0.5988453530078003, 1.0, 0.0, 0.0, 0.0, 0.0, 0.0, 0.0, 0.0]",55377,138627,N6,dismiss,-0.3,ts,2852,1
"[0.5599999999999999, -0.5599999999999999, -0.5095052807115065, 0.0, 0.0, 0.0, 0.0, 0.0, 1.0, 0.793642646214267, 1.0, 0.0, 0.0, 0.0, 0.0, 0.0, 0.0, 0.0]",49130,16660,N6,dismiss,-0.3,ts,1168,0
"[0.07692307692307684, -0.07692307692307684, -0.1872881355932203, 1.0, -0.22727272727272727, 0.0, 0.0, 0.0, 1.0, 0.5317456847362717, 1.0, 0.0, 0.0, 0.0, 0.0, 0.0, 0.0, 0.0]",169794,55882,N6,dismiss,-0.3,ts,1347,0
"[0.24999999999999997, -0.24999999999999997, 0.1, 0.0, 0.0, 0.0, 0.0, 0.0, 1.0, 0.8033355002032929, 1.0, 0.0, 0.0, 0.0, 0.0, 0.0, 0.0, 0.0]",51138,18239,N6,dismiss,-0.3,ts,1554,0
"[0.6454545454545454, -0.6454545454545454, -0.25027262813522355, -0.36507936507936506, -0.1, 0.0, 0.0, 0.0, 1.0, 0.7533005487725035, 1.0, 0.0, 0.0, 0.0, 0.0, 0.0, 0.0, 0.0]",82102,81568,N6,dismiss,-0.3,ts,616,1
"[0.7428571428571429, -0.7428571428571429, 0.125, -0.26, -0.12000000000000002, 0.0, 0.0, 0.0, 1.0, 0.8143254453991665, 1.0, 0.0, 0.0, 0.0, 0.0, 0.0, 0.0, 0.0]",18355,63753,N6,dismiss,-0.3,ts,2238,1
"[0.6666666666666667, -0.6666666666666667, 0.23277737490935468, 0.0, 0.0, 0.0, 0.0, 0.0, 1.0, 0.8659558877868416, 1.0, 0.0, 0.0, 0.0, 0.0, 0.0, 0.0, 0.0]",141751,56398,N6,accept,0.7666666666666666,ts,2294,0
"[0.14, -0.14, -0.31562500000000004, 0.030303030303030304, 0.0, 0.0, 0.0, 0.0, 1.0, 0.6993060113850216, 1.0, 0.0, 0.0, 0.0, 0.0, 0.0, 0.0, 0.0]",130086,69993,N6,dismiss,-0.3,ts,1796,0
"[0.2000000000000001, -0.2000000000000001, 0.1925876902713435, 0.23417721518987342, -0.05999999999999996, 0.0, 0.0, 0.0, 1.0, 0.6858372203509444, 1.0, 0.0, 0.0, 0.0, 0.0, 0.0, 0.0, 0.0]",147858,83435,N6,dismiss,-0.3,ts,1317,0
"[0.27999999999999997, -0.27999999999999997, 0.22005571030640667, -0.2636363636363636, 0.31999999999999995, 0.0, 0.0, 0.0, 1.0, 0.6456512718839392, 1.0, 0.0, 0.0, 0.0, 0.0, 0.0, 0.0, 0.0]",84107,19598,N6,accept,0.496,ts,2608,0
"[0.14285714285714288, -0.14285714285714288, 0.2002503128911139, 0.37383177570093457, -0.15, 0.0, 0.0, 0.0, 1.0, 0.6189066123031219, 1.0, 0.0, 0.0, 0.0, 0.0, 0.0, 0.0, 0.0]",78135,115240,N6,accept,0.4,ts,1055,0
"[0.9137254901960783, -0.9137254901960783, 0.05563282336578581, -0.512987012987013, 0.5714285714285714, 0.0, 0.0, 0.0, 1.0, 0.7502498116940701, 1.0, 0.0, 0.0, 0.0, 0.0, 0.0, 0.0, 0.0]",55377,85795,N6,dismiss,-0.3,ts,665,1
"[0.06666666666666672, -0.06666666666666672, -0.18799586064160054, -0.08967391304347826, -0.24242424242424243, 0.0, 0.0, 0.0, 1.0, 0.6299794453783277, 1.0, 0.0, 0.0, 0.0, 0.0, 0.0, 0.0, 0.0]",71447,87090,N6,dismiss,-0.3,ts,481,1
"[0.20000000000000007, -0.20000000000000007, 0.2, -0.01694915254237288, -0.07692307692307693, 0.0, 0.0, 0.0, 1.0, 0.7305032209505417, 1.0, 0.0, 0.0, 0.0, 0.0, 0.0, 0.0, 0.0]",108743,31966,N6,dismiss,-0.3,ts,1302,1
"[0.5599999999999999, -0.5599999999999999, 0.0013342228152101116, 0.014035087719298246, 0.03571428571428559, 0.0, 0.0, 0.0, 1.0, 0.9064267245263649, 1.0, 0.0, 0.0, 0.0, 0.0, 0.0, 0.0, 0.0]",104485,114138,N6,dismiss,-0.3,ts,678,0
"[0.03240740740740754, -0.03240740740740754, -0.09090909090909091, 0.6775956284153005, 0.21999999999999992, 0.0, 0.0, 0.0, 1.0, 0.5641839558423116, 1.0, 0.0, 0.0, 0.0, 0.0, 0.0, 0.0, 0.0]",104492,69980,N6,dismiss,-0.3,ts,675,1
"[0.09090909090909098, -0.09090909090909098, -0.08350730688935282, -0.045454545454545456, -0.1333333333333333, 0.0, 0.0, 0.0, 1.0, 0.7049729690169455, 1.0, 0.0, 0.0, 0.0, 0.0, 0.0, 0.0, 0.0]",110877,117146,N6,dismiss,-0.3,ts,2011,1
"[0.19999999999999993, -0.19999999999999993, 0.07526881720430113, 0.4137055837563452, 1.0, 0.0, 0.0, 0.0, 1.0, 0.580754457616193, 1.0, 0.0, 0.0, 0.0, 0.0, 0.0, 0.0, 0.0]",92081,29970,N6,dismiss,-0.3,ts,2355,1
"[0.08333333333333322, -0.08333333333333322, 0.0, 0.0, 0.0, 0.0, 0.0, 0.0, 1.0, 0.7810882504428991, 1.0, 0.0, 0.0, 0.0, 0.0, 0.0, 0.0, 0.0]",174745,93864,N6,dismiss,-0.3,ts,1757,0
"[0.02500000000000002, -0.02500000000000002, 0.20627261761158033, -0.1, -0.039999999999999994, 0.0, 0.0, 0.0, 1.0, 0.653040323250587, 1.0, 0.0, 0.0, 0.0, 0.0, 0.0, 0.0, 0.0]",151774,62503,N6,accept,0.3175,ts,2850,0
"[0.3411764705882352, -0.3411764705882352, -0.18181818181818182, 0.12280701754385964, -0.05999999999999996, 0.0, 0.0, 0.0, 1.0, 0.7572302206998678, 1.0, 0.0, 0.0, 0.0, 0.0, 0.0, 0.0, 0.0]",87407,30711,N6,dismiss,-0.3,ts,2465,1
"[0.6136363636363636, -0.6136363636363636, -0.5018266356692129, -0.5612535612535613, -0.6714285714285715, 0.0, 0.0, 0.0, 1.0, 0.5928198904499892, 1.0, 0.0, 0.0, 0.0, 0.0, 0.0, 0.0, 0.0]",15533,142262,N6,dismiss,-0.3,ts,2051,0
"[0.06666666666666665, -0.06666666666666665, 0.24626121635094725, -0.03205128205128205, 0.040000000000000036, 0.0, 0.0, 0.0, 1.0, 0.6762873769706732, 1.0, 0.0, 0.0, 0.0, 0.0, 0.0, 0.0, 0.0]",86978,108112,N6,dismiss,-0.3,ts,2828,0
"[0.07692307692307684, -0.07692307692307684, -0.0039890301670405534, -0.08571428571428572, -0.043478260869565216, 0.0, 0.0, 0.0, 1.0, 0.7410061614869147, 1.0, 0.0, 0.0, 0.0, 0.0, 0.0, 0.0, 0.0]",155844,139805,N6,dismiss,-0.3,ts,2794,1
"[0.13888888888888887, -0.13888888888888887, -0.34867564046895355, -0.11041009463722397, 0.0, 0.0, 0.0, 0.0, 1.0, 0.6712022690137475, 1.0, 0.0, 0.0, 0.0, 0.0, 0.0, 0.0, 0.0]",103715,91957,N6,accept,0.3972222222222222,ts,2548,0
"[0.18918918918918928, -0.18918918918918928, 0.08350730688935282, -0.05956112852664577, -0.21428571428571427, 0.0, 0.0, 0.0, 1.0, 0.7192090550877278, 1.0, 0.0, 0.0, 0.0, 0.0, 0.0, 0.0, 0.0]",63924,16722,N6,dismiss,-0.3,ts,2949,1
"[0.6130952380952381, -0.6130952380952381, -0.35453597497393124, 0.18478260869565216, 0.2, 0.0, 0.0, 0.0, 1.0, 0.734055454225868, 1.0, 0.0, 0.0, 0.0, 0.0, 0.0, 0.0, 0.0]",16680,63891,N6,dismiss,-0.3,ts,2970,1
"[0.8, -0.8, 0.0, 1.0, 1.0, 0.0, 0.0, 0.0, 1.0, 0.6626816974221303, 1.0, 0.0, 0.0, 0.0, 0.0, 0.0, 0.0, 0.0]",51128,51605,N6,dismiss,-0.3,ts,1714,0
"[0.16000000000000003, -0.16000000000000003, 0.06048982000590136, -0.4169611307420495, 0.08333333333333333, 0.0, 0.0, 0.0, 1.0, 0.6782079465127508, 1.0, 0.0, 0.0, 0.0, 0.0, 0.0, 0.0, 0.0]",134112,179649,N6,dismiss,-0.3,ts,1799,1
"[0.25, -0.25, 0.0, -0.008595988538681949, 0.08695652173913043, 0.0, 0.0, 0.0, 1.0, 0.8130880893622596, 1.0, 0.0, 0.0, 0.0, 0.0, 0.0, 0.0, 0.0]",57106,117045,N6,dismiss,-0.3,ts,1094,0
"[0.808695652173913, -0.808695652173913, 0.15907335907335912, -0.05555555555555555, 0.1599999999999999, 0.0, 0.0, 0.0, 1.0, 0.8480449897760274, 1.0, 0.0, 0.0, 0.0, 0.0, 0.0, 0.0, 0.0]",179650,114138,N6,dismiss,-0.3,ts,416,0
"[0.3636363636363637, -0.3636363636363637, 0.0, 0.016713091922005572, 0.25, 0.0, 0.0, 0.0, 1.0, 0.8103249790259089, 1.0, 0.0, 0.0, 0.0, 0.0, 0.0, 0.0, 0.0]",123014,123174,N6,dismiss,-0.3,ts,1408,0
"[0.19999999999999996, -0.19999999999999996, -0.56752655538695, -0.0221606648199446, -0.20289855072463772, 0.0, 0.0, 0.0, 1.0, 0.6305729458313653, 1.0, 0.0, 0.0, 0.0, 0.0, 0.0, 0.0, 0.0]",16971,79771,N6,dismiss,-0.3,ts,1968,1
"[0.3, -0.3, -0.5454545454545454, -0.9, -0.8363636363636363, 0.0, 0.0, 0.0, 1.0, 0.4756119353946255, 1.0, 0.0, 0.0, 0.0, 0.0, 0.0, 0.0, 0.0]",41688,29449,N6,dismiss,-0.3,ts,1461,1
"[0.25, -0.25, 0.0, -0.005747126436781609, -0.16666666666666666, 0.0, 0.0, 0.0, 1.0, 0.7953547792253595, 1.0, 0.0, 0.0, 0.0, 0.0, 0.0, 0.0, 0.0]",117105,117045,N6,dismiss,-0.3,ts,2578,0
"[0.6, -0.6, -0.10370370370370366, 0.3348623853211009, 0.3333333333333333, 0.0, 0.0, 0.0, 1.0, 0.7454021480082622, 1.0, 0.0, 0.0, 0.0, 0.0, 0.0, 0.0, 0.0]",164355,29663,N6,dismiss,-0.3,ts,2388,1
"[0.5, -0.5, -0.10344827586206896, 0.0, 0.0, 0.0, 0.0, 0.0, 1.0, 0.8714079900606294, 1.0, 0.0, 0.0, 0.0, 0.0, 0.0, 0.0, 0.0]",70828,129946,N6,dismiss,-0.3,ts,1358,0
"[0.7576530612244898, -0.7576530612244898, -0.04534606205250594, -0.6666666666666666, -0.33999999999999997, 0.0, 0.0, 0.0, 1.0, 0.7514982057090797, 1.0, 0.0, 0.0, 0.0, 0.0, 0.0, 0.0, 0.0]",33277,174927,N6,dismiss,-0.3,ts,1299,0
"[0.09999999999999996, -0.09999999999999996, 0.0, -0.1005586592178771, 0.0, 0.0, 0.0, 0.0, 1.0, 0.7598937305521247, 1.0, 0.0, 0.0, 0.0, 0.0, 0.0, 0.0, 0.0]",127521,108202,N6,dismiss,-0.3,ts,1093,0
"[0.10000000000000009, -0.10000000000000009, -0.2588235294117647, -0.975, -0.52, 0.0, 0.0, 0.0, 1.0, 0.48076478481180795, 1.0, 0.0, 0.0, 0.0, 0.0, 0.0, 0.0, 0.0]",91074,16650,N6,dismiss,-0.3,ts,1961,0
"[0.6, -0.6, 0.14277777777777778, 0.23829787234042554, 1.0, 0.0, 0.0, 0.0, 1.0, 0.6816493155826848, 1.0, 0.0, 0.0, 0.0, 0.0, 0.0, 0.0, 0.0]",145577,29663,N6,dismiss,-0.3,ts,2786,0
"[0.12499999999999988, -0.12499999999999988, -0.28928665438273227, 0.15789473684210525, -0.05263157894736842, 0.0, 0.0, 0.0, 1.0, 0.6528679345437123, 1.0, 0.0, 0.0, 0.0, 0.0, 0.0, 0.0, 0.0]",155625,170134,N6,dismiss,-0.3,ts,1741,0
"[0.44999999999999996, -0.44999999999999996, -0.49014084507042255, 0.013550135501355014, 0.06666666666666667, 0.0, 0.0, 0.0, 1.0, 0.7493714373932341, 1.0, 0.0, 0.0, 0.0, 0.0, 0.0, 0.0, 0.0]",43370,162740,N6,dismiss,-0.3,ts,2783,1
"[0.09090909090909098, -0.09090909090909098, -0.4772902232486528, 0.0, 0.0, 0.0, 0.0, 0.0, 1.0, 0.6608758873110016, 1.0, 0.0, 0.0, 0.0, 0.0, 0.0, 0.0, 0.0]",43671,108788,N6,accept,0.36363636363636365,ts,807,1
"[0.7257142857142858, -0.7257142857142858, -0.25974025974025977, -0.024734982332155476, 0.0, 0.0, 0.0, 0.0, 1.0, 0.8608149912248749, 1.0, 0.0, 0.0, 0.0, 0.0, 0.0, 0.0, 0.0]",63899,48997,N6,dismiss,-0.3,ts,1803,1
"[0.062499999999999965, -0.062499999999999965, 0.0, 0.07339449541284404, -0.038461538461538464, 0.0, 0.0, 0.0, 1.0, 0.7417846617265634, 1.0, 0.0, 0.0, 0.0, 0.0, 0.0, 0.0, 0.0]",169893,183357,N6,dismiss,-0.3,ts,2156,0
"[0.1250000000000001, -0.1250000000000001, 0.1772262773722628, 0.0, 0.0, 0.0, 0.0, 0.0, 1.0, 0.7366447804514437, 1.0, 0.0, 0.0, 0.0, 0.0, 0.0, 0.0, 0.0]",29519,55348,N6,accept,0.38750000000000007,ts,1435,0
"[0.3636363636363637, -0.3636363636363637, 0.0, 0.0, 0.0, 0.0, 0.0, 0.0, 1.0, 0.8742764353476687, 1.0, 0.0, 0.0, 0.0, 0.0, 0.0, 0.0, 0.0]",123141,123174,N6,dismiss,-0.3,ts,951,0
"[0.535483870967742, -0.535483870967742, -0.011911852293031567, 0.0036231884057971015, 0.0, 0.0, 0.0, 0.0, 1.0, 0.9106676184244814, 1.0, 0.0, 0.0, 0.0, 0.0, 0.0, 0.0, 0.0]",64515,16646,N6,accept,0.6748387096774193,ts,2998,0
"[0.25, -0.25, 0.08600392413342063, 0.006075334143377886, 0.0, 0.0, 0.0, 0.0, 1.0, 0.8061722905617785, 1.0, 0.0, 0.0, 0.0, 0.0, 0.0, 0.0, 0.0]",75083,30338,N6,dismiss,-0.3,ts,2990,0
"[0.14000000000000004, -0.14000000000000004, -0.22411873840445268, 0.46601941747572817, 0.37254901960784326, 0.0, 0.0, 0.0, 1.0, 0.5597578992743337, 1.0, 0.0, 0.0, 0.0, 0.0, 0.0, 0.0, 0.0]",117087,115226,N6,dismiss,-0.3,ts,2884,1
"[0.2045454545454546, -0.2045454545454546, 0.006343906510851462, -0.019553072625698324, 1.0, 0.0, 0.0, 0.0, 1.0, 0.6864109839014316, 1.0, 0.0, 0.0, 0.0, 0.0, 0.0, 0.0, 0.0]",135483,74278,N6,dismiss,-0.3,ts,1547,0
"[0.5588235294117647, -0.5588235294117647, -0.18081918081918089, 1.0, -0.4722222222222222, 0.0, 0.0, 0.0, 1.0, 0.637599016091946, 1.0, 0.0, 0.0, 0.0, 0.0, 0.0, 0.0, 0.0]",170190,155668,N6,dismiss,-0.3,ts,1863,1
"[0.3636363636363637, -0.3636363636363637, 0.0, 0.0, 0.0, 0.0, 0.0, 0.0, 1.0, 0.8742764353476687, 1.0, 0.0, 0.0, 0.0, 0.0, 0.0, 0.0, 0.0]",123031,123174,N6,dismiss,-0.3,ts,714,0
"[0.2045454545454546, -0.2045454545454546, 0.07719799857040743, -0.0056657223796034, -0.06666666666666667, 0.0, 0.0, 0.0, 1.0, 0.7753573266178757, 1.0, 0.0, 0.0, 0.0, 0.0, 0.0, 0.0, 0.0]",88669,74278,N6,dismiss,-0.3,ts,2259,0
"[0.375, -0.375, -0.19485714285714287, -0.7743732590529248, 0.5399999999999999, 0.0, 0.0, 0.0, 1.0, 0.5957240201168404, 1.0, 0.0, 0.0, 0.0, 0.0, 0.0, 0.0, 0.0]",85164,154734,N6,dismiss,-0.3,ts,1919,1
"[0.4, -0.28, -0.2697495183044316, -0.18333333333333332, 1.0, 0.0, 0.0, 0.0, 1.0, 0.586722181322074, 1.0, 0.0, 0.0, 0.0, 0.0, 0.0, 0.0, 0.0]",16718,42569,N6,dismiss,-0.3,ts,2303,0
"[0.6136363636363636, -0.6136363636363636, 0.23355263157894735, -0.553623188405797, -0.6166666666666667, 0.0, 0.0, 0.0, 1.0, 0.6501590531647603, 1.0, 0.0, 0.0, 0.0, 0.0, 0.0, 0.0, 0.0]",123021,142262,N6,dismiss,-0.3,ts,2750,0
"[0.10999999999999997, -0.10999999999999997, -0.125, -0.48333333333333334, -0.58, 0.0, 0.0, 0.0, 1.0, 0.5507150856559786, 1.0, 0.0, 0.0, 0.0, 0.0, 0.0, 0.0, 0.0]",18616,79360,N6,accept,0.37699999999999995,ts,2675,1
"[0.5636363636363637, -0.5636363636363637, -0.17799999999999994, -0.014124293785310734, 0.5384615384615384, 0.0, 0.0, 0.0, 1.0, 0.7591846700306404, 1.0, 0.0, 0.0, 0.0, 0.0, 0.0, 0.0, 0.0]",108842,108839,N6,dismiss,-0.3,ts,2770,1
"[0.2571428571428572, -0.2571428571428572, 0.0, -0.1005586592178771, 0.14285714285714285, 0.0, 0.0, 0.0, 1.0, 0.777308986794629, 1.0, 0.0, 0.0, 0.0, 0.0, 0.0, 0.0, 0.0]",128281,48548,N6,dismiss,-0.3,ts,2384,0
"[0.8571428571428572, -0.8571428571428572, 0.0, -0.23809523809523808, -0.5810810810810811, 0.0, 0.0, 0.0, 1.0, 0.8045931298411383, 1.0, 0.0, 0.0, 0.0, 0.0, 0.0, 0.0, 0.0]",91071,91074,N6,dismiss,-0.3,ts,1189,0
"[0.75, -0.75, 0.012153950033760953, -0.034482758620689655, -0.632, 0.0, 0.0, 0.0, 1.0, 0.8299043802065771, 1.0, 0.0, 0.0, 0.0, 0.0, 0.0, 0.0, 0.0]",128276,115951,N6,dismiss,-0.3,ts,2609,1
"[0.88, -0.88, -0.050125313283208024, 0.09333333333333334, -0.5545454545454546, 0.0, 0.0, 0.0, 1.0, 0.8215549602541744, 1.0, 0.0, 0.0, 0.0, 0.0, 0.0, 0.0, 0.0]",174761,49086,N6,dismiss,-0.3,ts,974,1
"[0.3911290322580645, -0.3911290322580645, -0.50017850767583, -0.036036036036036036, -0.07692307692307693, 0.0, 0.0, 0.0, 1.0, 0.7236081398207702, 1.0, 0.0, 0.0, 0.0, 0.0, 0.0, 0.0, 0.0]",89601,103704,N6,dismiss,-0.3,ts,2748,1
"[0.25000000000000006, -0.25000000000000006, 0.1111111111111111, 0.0, 0.0, 0.0, 0.0, 0.0, 1.0, 0.7997368301710582, 1.0, 0.0, 0.0, 0.0, 0.0, 0.0, 0.0, 0.0]",62598,18364,N6,dismiss,-0.3,ts,1058,1
"[0.5636363636363637, -0.5636363636363637, 0.05263157894736842, 0.09269662921348315, 1.0, 0.0, 0.0, 0.0, 1.0, 0.727177802861636, 1.0, 0.0, 0.0, 0.0, 0.0, 0.0, 0.0, 0.0]",107747,107588,N6,dismiss,-0.3,ts,2560,0
"[0.10000000000000009, -0.10000000000000009, -0.2588235294117647, -0.975, -0.52, 0.0, 0.0, 0.0, 1.0, 0.48076478481180795, 1.0, 0.0, 0.0, 0.0, 0.0, 0.0, 0.0, 0.0]",91074,16650,N6,dismiss,-0.3,ts,1581,0
"[0.9485714285714285, -0.9485714285714285, 0.2222222222222222, 1.0, 0.44000000000000006, 0.0, 0.0, 0.0, 1.0, 0.6671004355547396, 1.0, 0.0, 0.0, 0.0, 0.0, 0.0, 0.0, 0.0]",18359,50956,N6,dismiss,-0.3,ts,1952,0
"[0.0285714285714286, -0.0285714285714286, 0.0, -0.4375, -0.039999999999999994, 0.0, 0.0, 0.0, 1.0, 0.6617044856731337, 1.0, 0.0, 0.0, 0.0, 0.0, 0.0, 0.0, 0.0]",125786,189308,N6,dismiss,-0.3,ts,910,0
"[0.1200000000000001, -0.1200000000000001, 0.1455847255369929, -0.07120743034055728, 0.14000000000000004, 0.0, 0.0, 0.0, 1.0, 0.687454790909646, 1.0, 0.0, 0.0, 0.0, 0.0, 0.0, 0.0, 0.0]",57279,59424,N6,dismiss,-0.3,ts,2179,1
"[0.10714285714285708, -0.10714285714285708, -0.6224627875507442, -0.4752475247524752, -0.28, 0.0, 0.0, 0.0, 1.0, 0.49109245281294245, 1.0, 0.0, 0.0, 0.0, 0.0, 0.0, 0.0, 0.0]",81395,84871,N6,dismiss,-0.3,ts,1895,1
"[0.4545454545454546, -0.4545454545454546, -0.4639027877055039, 0.10198300283286119, 0.6, 0.0, 0.0, 0.0, 1.0, 0.6447617748329869, 1.0, 0.0, 0.0, 0.0, 0.0, 0.0, 0.0, 0.0]",88669,107588,N6,dismiss,-0.3,ts,1333,1
"[0.11392405063291149, -0.11392405063291149, -0.486007702182285, -0.08831168831168831, -0.3880597014925374, 0.0, 0.0, 0.0, 1.0, 0.5627169872804973, 1.0, 0.0, 0.0, 0.0, 0.0, 0.0, 0.0, 0.0]",43373,117054,N6,dismiss,-0.3,ts,1588,1
"[0.02500000000000002, -0.02500000000000002, -0.33110367892976583, -0.18, -0.039999999999999994, 0.0, 0.0, 0.0, 1.0, 0.6056318521821138, 1.0, 0.0, 0.0, 0.0, 0.0, 0.0, 0.0, 0.0]",54434,62503,N6,accept,0.3175,ts,812,1
"[0.5636363636363637, -0.5636363636363637, 0.05263157894736842, -0.025280898876404494, 1.0, 0.0, 0.0, 0.0, 1.0, 0.7455178325369655, 1.0, 0.0, 0.0, 0.0, 0.0, 0.0, 0.0, 0.0]",107747,107659,N6,dismiss,-0.3,ts,1441,1
"[0.09090909090909098, -0.09090909090909098, -0.3849114703618168, 0.0, 0.0, 0.0, 0.0, 0.0, 1.0, 0.6765001730348132, 1.0, 0.0, 0.0, 0.0, 0.0, 0.0, 0.0, 0.0]",43671,43690,N6,dismiss,-0.3,ts,2870,1
"[0.6785714285714286, -0.6785714285714286, -0.06094182825484772, 0.10465116279069768, -0.20689655172413793, 0.0, 0.0, 0.0, 1.0, 0.8401414992281117, 1.0, 0.0, 0.0, 0.0, 0.0, 0.0, 0.0, 0.0]",123439,89765,N6,dismiss,-0.3,ts,647,0
"[0.8253968253968255, -0.8253968253968255, -0.42857142857142855, 0.3788546255506608, -0.45454545454545453, 0.0, 0.0, 0.0, 1.0, 0.6768468297737433, 1.0, 0.0, 0.0, 0.0, 0.0, 0.0, 0.0, 0.0]",169062,169349,N6,accept,0.8777777777777778,ts,2989,0
"[0.13333333333333328, -0.13333333333333328, -0.09600443951165374, -0.13846153846153847, -0.07999999999999999, 0.0, 0.0, 0.0, 1.0, 0.7059422282078749, 1.0, 0.0, 0.0, 0.0, 0.0, 0.0, 0.0, 0.0]",83435,143094,N6,accept,0.39333333333333326,ts,2708,1
"[0.0666666666666666, -0.0666666666666666, 0.0, -0.2328767123287671, 0.1111111111111111, 0.0, 0.0, 0.0, 1.0, 0.689176913736021, 1.0, 0.0, 0.0, 0.0, 0.0, 0.0, 0.0, 0.0]",127690,139086,N6,dismiss,-0.3,ts,1615,1
"[0.4, -0.28, -0.2697495183044316, -0.18333333333333332, 1.0, 0.0, 0.0, 0.0, 1.0, 0.586722181322074, 1.0, 0.0, 0.0, 0.0, 0.0, 0.0, 0.0, 0.0]",16718,42569,N6,accept,0.58,ts,640,0
"[0.5454545454545455, -0.5454545454545455, -0.01848519548503194, 0.0, 0.0, 0.0, 0.0, 0.0, 1.0, 0.9112606985062438, 1.0, 0.0, 0.0, 0.0, 0.0, 0.0, 0.0, 0.0]",54334,189219,N6,dismiss,-0.3,ts,725,0
"[0.25, -0.25, 0.15830115830115837, 0.02976190476190476, 0.13636363636363635, 0.0, 0.0, 0.0, 1.0, 0.7408404640993043, 1.0, 0.0, 0.0, 0.0, 0.0, 0.0, 0.0, 0.0]",106979,117045,N6,dismiss,-0.3,ts,956,0
"[0.18367346938775517, -0.18367346938775517, 0.036941023979261196, 0.018518518518518517, -0.2, 0.0, 0.0, 0.0, 1.0, 0.7480364718973675, 1.0, 0.0, 0.0, 0.0, 0.0, 0.0, 0.0, 0.0]",135548,130086,N3,dismiss,-0.3,ts,2870,1
"[0.164, -0.164, -0.6836, -0.1, 0.088, 0.0, 0.0, 0.0, 1.0, 0.6098549356396384, 1.0, 0.0, 0.0, 0.0, 0.0, 0.0, 0.0, 0.0]",85224,134716,N6,dismiss,-0.3,ts,1595,0
"[0.20061728395061737, -0.20061728395061737, 0.09693053311793226, 0.021538461538461538, -0.041666666666666664, 0.0, 0.0, 0.0, 1.0, 0.7694767207158731, 1.0, 0.0, 0.0, 0.0, 0.0, 0.0, 0.0, 0.0]",41414,61096,N6,dismiss,-0.3,ts,1095,1
"[0.2142857142857143, -0.2142857142857143, 0.0, -0.035856573705179286, 0.12244897959183665, 0.0, 0.0, 0.0, 1.0, 0.7847368582990952, 1.0, 0.0, 0.0, 0.0, 0.0, 0.0, 0.0, 0.0]",138640,138639,N6,dismiss,-0.3,ts,2120,1
"[0.6666666666666666, -0.6666666666666666, -0.10370370370370366, -0.17329545454545456, 1.0, 0.0, 0.0, 0.0, 1.0, 0.7090507360844092, 1.0, 0.0, 0.0, 0.0, 0.0, 0.0, 0.0, 0.0]",135617,29663,N6,dismiss,-0.3,ts,708,1
"[0.9137254901960783, -0.9137254901960783, 0.10751252086811361, -0.39847715736040606, 0.9230769230769231, 0.0, 0.0, 0.0, 1.0, 0.7222921924828956, 1.0, 0.0, 0.0, 0.0, 0.0, 0.0, 0.0, 0.0]",92082,117335,N6,dismiss,-0.3,ts,1836,0
"[0.11458333333333333, -0.11458333333333333, -0.11504424778761058, -0.5561959654178674, -0.7909090909090909, 0.0, 0.0, 0.0, 1.0, 0.5315991195502442, 1.0, 0.0, 0.0, 0.0, 0.0, 0.0, 0.0, 0.0]",108828,142262,N6,accept,0.3802083333333333,ts,1205,0
"[0.4545454545454546, -0.4545454545454546, -0.6264009962640099, 0.08659217877094973, 1.0, 0.0, 0.0, 0.0, 1.0, 0.5821510349609894, 1.0, 0.0, 0.0, 0.0, 0.0, 0.0, 0.0, 0.0]",93936,107588,N6,dismiss,-0.3,ts,2177,1
"[0.4444444444444445, -0.4444444444444445, 0.003719599427753804, 0.0, 0.0, 0.0, 0.0, 0.0, 1.0, 0.8942134170360632, 1.0, 0.0, 0.0, 0.0, 0.0, 0.0, 0.0, 0.0]",147468,147381,N6,dismiss,-0.3,ts,1545,1
"[0.1111111111111112, -0.1111111111111112, -0.5135678391959799, 0.0, 0.0, 0.0, 0.0, 0.0, 1.0, 0.6628913050757039, 1.0, 0.0, 0.0, 0.0, 0.0, 0.0, 0.0, 0.0]",16809,110501,N6,dismiss,-0.3,ts,592,0
"[0.5714285714285715, -0.5714285714285715, 0.0, 0.0, 0.0, 0.0, 0.0, 0.0, 1.0, 0.9236956675786846, 1.0, 0.0, 0.0, 0.0, 0.0, 0.0, 0.0, 0.0]",37993,60788,N6,dismiss,-0.3,ts,2595,1
"[0.20000000000000007, -0.20000000000000007, -0.20371599203715993, -0.008547008547008548, -0.14285714285714285, 0.0, 0.0, 0.0, 1.0, 0.7160787765165817, 1.0, 0.0, 0.0, 0.0, 0.0, 0.0, 0.0, 0.0]",74279,31966,N6,dismiss,-0.3,ts,2207,1
"[0.4545454545454546, -0.4545454545454546, -0.014388489208633, 0.03254437869822485, 0.6666666666666666, 0.0, 0.0, 0.0, 1.0, 0.7725888753691011, 1.0, 0.0, 0.0, 0.0, 0.0, 0.0, 0.0, 0.0]",108746,108839,N6,dismiss,-0.3,ts,578,1
"[0.09999999999999991, -0.09999999999999991, -0.665546218487395, 0.0, 0.0, 0.0, 0.0, 0.0, 1.0, 0.6400589572696636, 1.0, 0.0, 0.0, 0.0, 0.0, 0.0, 0.0, 0.0]",54201,16809,N6,accept,0.36999999999999994,ts,1538,0
"[0.20000000000000007, -0.20000000000000007, -0.1582278481012658, -0.036619718309859155, -0.08333333333333333, 0.0, 0.0, 0.0, 1.0, 0.7349526125212501, 1.0, 0.0, 0.0, 0.0, 0.0, 0.0, 0.0, 0.0]",109410,107170,N6,dismiss,-0.3,ts,1537,1
"[0.16666666666666663, -0.16666666666666663, -0.1497064579256361, -0.04, -0.039999999999999994, 0.0, 0.0, 0.0, 1.0, 0.7364152237187678, 1.0, 0.0, 0.0, 0.0, 0.0, 0.0, 0.0, 0.0]",122734,81996,N6,dismiss,-0.3,ts,2399,0
"[0.8333333333333334, -0.8333333333333334, -0.461, 0.0, 0.0, 0.0, 0.0, 0.0, 1.0, 0.8416154698912451, 1.0, 0.0, 0.0, 0.0, 0.0, 0.0, 0.0, 0.0]",63921,63919,N6,dismiss,-0.3,ts,1097,1
"[0.5588235294117647, -0.5588235294117647, -0.18081918081918089, 1.0, -0.4722222222222222, 0.0, 0.0, 0.0, 1.0, 0.637599016091946, 1.0, 0.0, 0.0, 0.0, 0.0, 0.0, 0.0, 0.0]",170190,155668,N6,dismiss,-0.3,ts,2168,1
"[0.648, -0.648, 0.12880765883376852, 0.20863309352517986, 1.0, 0.0, 0.0, 0.0, 1.0, 0.693548136379965, 1.0, 0.0, 0.0, 0.0, 0.0, 0.0, 0.0, 0.0]",185576,107458,N6,accept,0.7536,ts,1956,1
"[0.3142857142857143, -0.3142857142857143, -0.5006513243595311, -0.21107266435986158, 0.0, 0.0, 0.0, 0.0, 1.0, 0.6816641322507467, 1.0, 0.0, 0.0, 0.0, 0.0, 0.0, 0.0, 0.0]",110153,178949,N6,dismiss,-0.3,ts,759,1
"[0.7066666666666667, -0.7066666666666667, 0.21951219512195133, 0.22745098039215686, -0.3684210526315789, 0.0, 0.0, 0.0, 1.0, 0.7423189475802244, 1.0, 0.0, 0.0, 0.0, 0.0, 0.0, 0.0, 0.0]",155668,169349,N6,dismiss,-0.3,ts,1379,0
"[0.11458333333333333, -0.11458333333333333, 0.0, -0.5587392550143266, -0.77, 0.0, 0.0, 0.0, 1.0, 0.5737732739088267, 1.0, 0.0, 0.0, 0.0, 0.0, 0.0, 0.0, 0.0]",107563,142262,N6,dismiss,-0.3,ts,844,0
"[0.9074285714285715, -0.9074285714285715, 0.006926952141057898, -0.06338028169014084, -0.3157894736842105, 0.0, 0.0, 0.0, 1.0, 0.8783172077941633, 1.0, 0.0, 0.0, 0.0, 0.0, 0.0, 0.0, 0.0]",89666,128247,N6,dismiss,-0.3,ts,764,0
"[0.026315789473684233, -0.026315789473684233, 0.2, -0.0812720848056537, -0.040000000000000036, 0.0, 0.0, 0.0, 1.0, 0.6598915417715314, 1.0, 0.0, 0.0, 0.0, 0.0, 0.0, 0.0, 0.0]",38840,91969,N6,dismiss,-0.3,ts,2027,0
"[0.5499999999999999, -0.5499999999999999, 0.17937500000000006, -0.48333333333333334, -0.58, 0.0, 0.0, 0.0, 1.0, 0.6632305591855726, 1.0, 0.0, 0.0, 0.0, 0.0, 0.0, 0.0, 0.0]",71734,79359,N6,dismiss,-0.3,ts,679,0
"[0.12499999999999988, -0.12499999999999988, -0.01459854014598546, 0.5702479338842975, -0.05, 0.0, 0.0, 0.0, 1.0, 0.6742529909181216, 1.0, 0.0, 0.0, 0.0, 0.0, 0.0, 0.0, 0.0]",56538,180524,N6,dismiss,-0.3,ts,902,1
"[0.14, -0.14, -0.31562500000000004, 0.030303030303030304, 0.0, 0.0, 0.0, 0.0, 1.0, 0.6993060113850216, 1.0, 0.0, 0.0, 0.0, 0.0, 0.0, 0.0, 0.0]",130086,69993,N6,dismiss,-0.3,ts,2170,0
"[0.09090909090909098, -0.09090909090909098, -0.4600811907983762, -0.1462140992167102, -0.2769230769230769, 0.0, 0.0, 0.0, 1.0, 0.5617496096857657, 1.0, 0.0, 0.0, 0.0, 0.0, 0.0, 0.0, 0.0]",30022,82380,N6,dismiss,-0.3,ts,2124,1
"[0.5652173913043479, -0.5652173913043479, 0.1575289575289576, -0.06862745098039216, 0.12000000000000005, 0.0, 0.0, 0.0, 1.0, 0.8171887144159775, 1.0, 0.0, 0.0, 0.0, 0.0, 0.0, 0.0, 0.0]",179650,104485,N6,dismiss,-0.3,ts,2188,1
"[0.06086956521739117, -0.06086956521739117, 0.1509433962264151, -0.002849002849002849, 0.07142857142857142, 0.0, 0.0, 0.0, 1.0, 0.6998266361785278, 1.0, 0.0, 0.0, 0.0, 0.0, 0.0, 0.0, 0.0]",39517,15687,N6,dismiss,-0.3,ts,1579,0
"[0.12499999999999988, -0.12499999999999988, -0.5701990317374933, 0.01904761904761905, -0.13043478260869565, 0.0, 0.0, 0.0, 1.0, 0.6202220461384375, 1.0, 0.0, 0.0, 0.0, 0.0, 0.0, 0.0, 0.0]",84737,78135,N6,accept,0.3874999999999999,ts,2714,1
"[0.75, -0.75, -0.4357298474945534, -0.03409090909090909, 0.82, 0.0, 0.0, 0.0, 1.0, 0.7052039581928611, 1.0, 0.0, 0.0, 0.0, 0.0, 0.0, 0.0, 0.0]",135617,145532,N6,dismiss,-0.3,ts,2872,1
"[0.1111111111111112, -0.1111111111111112, -0.5135678391959799, 0.0, 0.0, 0.0, 0.0, 0.0, 1.0, 0.6628913050757039, 1.0, 0.0, 0.0, 0.0, 0.0, 0.0, 0.0, 0.0]",16809,110501,N6,dismiss,-0.3,ts,858,0
"[0.75, -0.75, 0.0, 0.0, 0.0, 0.0, 0.0, 0.0, 1.0, 0.9523252675504453, 1.0, 0.0, 0.0, 0.0, 0.0, 0.0, 0.0, 0.0]",129174,93843,N6,accept,0.825,ts,2208,0
"[0.4545454545454546, -0.4545454545454546, -0.4510851419031719, -0.025139664804469275, 1.0, 0.0, 0.0, 0.0, 1.0, 0.6256131721190654, 1.0, 0.0, 0.0, 0.0, 0.0, 0.0, 0.0, 0.0]",135482,108839,N6,dismiss,-0.3,ts,1487,1
"[0.367741935483871, -0.367741935483871, -0.40836727138097, -0.022284122562674095, -0.19999999999999998, 0.0, 0.0, 0.0, 1.0, 0.7078160174800597, 1.0, 0.0, 0.0, 0.0, 0.0, 0.0, 0.0, 0.0]",85287,105910,N6,dismiss,-0.3,ts,2996,1
"[0.625, -0.625, 0.0026755852842809983, 0.7803468208092486, -0.54, 0.0, 0.0, 0.0, 1.0, 0.7148883874284145, 1.0, 0.0, 0.0, 0.0, 0.0, 0.0, 0.0, 0.0]",158410,115951,N6,dismiss,-0.3,ts,934,1
"[0.11999999999999993, -0.11999999999999993, 0.043478260869565216, 0.23674911660777384, -0.20212765957446813, 0.0, 0.0, 0.0, 1.0, 0.671407612200465, 1.0, 0.0, 0.0, 0.0, 0.0, 0.0, 0.0, 0.0]",185510,30082,N6,accept,0.38399999999999995,ts,989,1
"[0.09090909090909098, -0.09090909090909098, -0.6495263870094723, -0.01466275659824047, -0.08333333333333333, 0.0, 0.0, 0.0, 1.0, 0.6110764794660024, 1.0, 0.0, 0.0, 0.0, 0.0, 0.0, 0.0, 0.0]",30023,106979,N6,dismiss,-0.3,ts,1157,1
"[0.6363636363636364, -0.6363636363636364, 0.0, 0.05660377358490566, -0.019999999999999973, 0.0, 0.0, 0.0, 1.0, 0.9135217030278661, 1.0, 0.0, 0.0, 0.0, 0.0, 0.0, 0.0, 0.0]",122719,74186,N6,dismiss,-0.3,ts,2393,0
"[0.09090909090909098, -0.09090909090909098, -0.335, 0.036585365853658534, -0.08333333333333333, 0.0, 0.0, 0.0, 1.0, 0.6526114557455928, 1.0, 0.0, 0.0, 0.0, 0.0, 0.0, 0.0, 0.0]",162867,117159,N6,accept,0.36363636363636365,ts,1958,1
"[0.20000000000000007, -0.20000000000000007, 0.2, -0.027932960893854747, 1.0, 0.0, 0.0, 0.0, 1.0, 0.600818449721007, 1.0, 0.0, 0.0, 0.0, 0.0, 0.0, 0.0, 0.0]",106065,32065,N6,accept,0.44000000000000006,ts,2858,1
"[0.7916666666666666, -0.7916666666666666, -0.4004004004004004, 0.02040816326530612, 0.14583333333333337, 0.0, 0.0, 0.0, 1.0, 0.8032977757674272, 1.0, 0.0, 0.0, 0.0, 0.0, 0.0, 0.0, 0.0]",16681,16729,N6,accept,0.8541666666666665,ts,711,1
"[0.375, -0.375, -0.0977443609022556, -0.2298507462686567, -0.6230769230769231, 0.0, 0.0, 0.0, 1.0, 0.6798061637582271, 1.0, 0.0, 0.0, 0.0, 0.0, 0.0, 0.0, 0.0]",140787,145578,N6,dismiss,-0.3,ts,1834,1
"[0.2941176470588235, -0.2941176470588235, -0.20508744038155807, 0.9354838709677419, 0.58, 0.0, 0.0, 0.0, 1.0, 0.5564807400241625, 1.0, 0.0, 0.0, 0.0, 0.0, 0.0, 0.0, 0.0]",79359,18570,N6,dismiss,-0.3,ts,1878,0
"[0.09999999999999996, -0.09999999999999996, 0.0, 0.03870967741935484, -0.045454545454545456, 0.0, 0.0, 0.0, 1.0, 0.7630116146408217, 1.0, 0.0, 0.0, 0.0, 0.0, 0.0, 0.0, 0.0]",111130,108202,N6,dismiss,-0.3,ts,761,0
"[0.14285714285714282, -0.14285714285714282, -0.7376123234916561, 0.1, -0.020000000000000018, 0.0, 0.0, 0.0, 1.0, 0.615439740118182, 1.0, 0.0, 0.0, 0.0, 0.0, 0.0, 0.0, 0.0]",33303,122734,N6,accept,0.39999999999999997,ts,1592,1
"[0.1111111111111111, -0.1111111111111111, 0.14492753623188406, -0.6622807017543859, 0.125, 0.0, 0.0, 0.0, 1.0, 0.5976675593139278, 1.0, 0.0, 0.0, 0.0, 0.0, 0.0, 0.0, 0.0]",87177,183583,N6,dismiss,-0.3,ts,1353,0
"[0.55, -0.55, 0.11470588235294113, -0.05, -0.17272727272727276, 0.0, 0.0, 0.0, 1.0, 0.8203561366987663, 1.0, 0.0, 0.0, 0.0, 0.0, 0.0, 0.0, 0.0]",115238,49005,N6,dismiss,-0.3,ts,2690,0
"[0.4444444444444445, -0.4444444444444445, 0.18241042345276867, -0.34, -0.6, 0.0, 0.0, 0.0, 1.0, 0.6557316228780911, 1.0, 0.0, 0.0, 0.0, 0.0, 0.0, 0.0, 0.0]",169354,132873,N6,dismiss,-0.3,ts,2241,0
"[0.305327868852459, -0.305327868852459, -0.1261711430356028, 0.0, 0.0, 0.0, 0.0, 0.0, 1.0, 0.8125072644717871, 1.0, 0.0, 0.0, 0.0, 0.0, 0.0, 0.0, 0.0]",41679,146721,N6,dismiss,-0.3,ts,1351,1
"[0.17647058823529413, -0.17647058823529413, 0.05772136597159252, 0.816, -0.26666666666666666, 0.0, 0.0, 0.0, 1.0, 0.6101949203993131, 1.0, 0.0, 0.0, 0.0, 0.0, 0.0, 0.0, 0.0]",104691,169062,N6,accept,0.4235294117647059,ts,1069,1
"[0.28571428571428575, -0.28571428571428575, 0.14285714285714285, 0.0, 0.0, 0.0, 0.0, 0.0, 1.0, 0.8013271435545221, 1.0, 0.0, 0.0, 0.0, 0.0, 0.0, 0.0, 0.0]",18468,60782,N6,dismiss,-0.3,ts,518,1
"[0.30000000000000004, -0.30000000000000004, -0.3508771929824562, -0.08, 0.059999999999999984, 0.0, 0.0, 0.0, 1.0, 0.7154773582189826, 1.0, 0.0, 0.0, 0.0, 0.0, 0.0, 0.0, 0.0]",110598,141822,N6,dismiss,-0.3,ts,787,0
"[0.09090909090909098, -0.09090909090909098, -0.24357239512855217, 0.013054830287206266, -0.19230769230769232, 0.0, 0.0, 0.0, 1.0, 0.6549978730249908, 1.0, 0.0, 0.0, 0.0, 0.0, 0.0, 0.0, 0.0]",30022,16906,N6,dismiss,-0.3,ts,2379,1
"[0.15000000000000002, -0.15000000000000002, -0.1643454038997214, -0.002881844380403458, 0.13636363636363635, 0.0, 0.0, 0.0, 1.0, 0.7126257202247521, 1.0, 0.0, 0.0, 0.0, 0.0, 0.0, 0.0, 0.0]",82377,105724,N6,dismiss,-0.3,ts,564,1
"[0.1250000000000001, -0.1250000000000001, 0.1772262773722628, 0.0625, -0.1, 0.0, 0.0, 0.0, 1.0, 0.6918289288008301, 1.0, 0.0, 0.0, 0.0, 0.0, 0.0, 0.0, 0.0]",141833,55348,N6,dismiss,-0.3,ts,2673,1
"[0.3636363636363637, -0.3636363636363637, -0.0003316749585405642, -0.022284122562674095, 0.12, 0.0, 0.0, 0.0, 1.0, 0.8355995376463724, 1.0, 0.0, 0.0, 0.0, 0.0, 0.0, 0.0, 0.0]",29710,74278,N6,dismiss,-0.3,ts,1064,1
"[0.5599999999999999, -0.5599999999999999, 0.0013342228152101116, 0.014035087719298246, 0.03571428571428559, 0.0, 0.0, 0.0, 1.0, 0.9064267245263649, 1.0, 0.0, 0.0, 0.0, 0.0, 0.0, 0.0, 0.0]",104485,114138,N6,dismiss,-0.3,ts,2983,0
"[0.0666666666666666, -0.0666666666666666, 0.0, -0.2328767123287671, 0.1111111111111111, 0.0, 0.0, 0.0, 1.0, 0.689176913736021, 1.0, 0.0, 0.0, 0.0, 0.0, 0.0, 0.0, 0.0]",127690,139086,N6,dismiss,-0.3,ts,1196,1
"[0.9281045751633986, -0.9281045751633986, -0.3333333333333333, 0.7584269662921348, -0.3333333333333333, 0.0, 0.0, 0.0, 1.0, 0.6835172784786816, 1.0, 0.0, 0.0, 0.0, 0.0, 0.0, 0.0, 0.0]",138518,169349,N6,accept,0.949673202614379,ts,2031,0
"[0.19999999999999993, -0.19999999999999993, 0.041666666666666664, 0.0, 0.0, 0.0, 0.0, 0.0, 1.0, 0.8068370360387624, 1.0, 0.0, 0.0, 0.0, 0.0, 0.0, 0.0, 0.0]",18185,82489,N6,dismiss,-0.3,ts,1806,0
"[0.18918918918918928, -0.18918918918918928, 0.08350730688935282, -0.05956112852664577, -0.21428571428571427, 0.0, 0.0, 0.0, 1.0, 0.7192090550877278, 1.0, 0.0, 0.0, 0.0, 0.0, 0.0, 0.0, 0.0]",63924,16722,N6,dismiss,-0.3,ts,1101,1
"[0.30000000000000004, -0.30000000000000004, 0.07455197132616495, 0.09195402298850575, 0.0, 0.0, 0.0, 0.0, 1.0, 0.80257251054552, 1.0, 0.0, 0.0, 0.0, 0.0, 0.0, 0.0, 0.0]",81449,104485,N3,accept,0.51,ts,1530,1
"[0.3, -0.3, -0.602897102897103, 0.0, 0.6200000000000001, 0.0, 0.0, 0.0, 1.0, 0.608773199379965, 1.0, 0.0, 0.0, 0.0, 0.0, 0.0, 0.0, 0.0]",117054,105872,N6,dismiss,-0.3,ts,2411,1
"[0.9352941176470587, -0.9352941176470587, 0.11420612813370477, 1.0, -0.29411764705882354, 0.0, 0.0, 0.0, 1.0, 0.7140244075521311, 1.0, 0.0, 0.0, 0.0, 0.0, 0.0, 0.0, 0.0]",110152,169349,N6,dismiss,-0.3,ts,436,0
"[0.5, -0.5, 0.058823529411764705, -0.88, -0.7272727272727273, 0.0, 0.0, 0.0, 1.0, 0.6474218926144715, 1.0, 0.0, 0.0, 0.0, 0.0, 0.0, 0.0, 0.0]",18435,38174,N6,dismiss,-0.3,ts,1833,1
"[0.375, -0.375, -0.4360603653693408, 0.0, 0.0, 0.0, 0.0, 0.0, 1.0, 0.7610702948879243, 1.0, 0.0, 0.0, 0.0, 0.0, 0.0, 0.0, 0.0]",127415,170956,N6,accept,0.5625,ts,1074,0
"[0.8125, -0.8125, -0.3508771929824562, 0.014925373134328358, -0.6884615384615385, 0.0, 0.0, 0.0, 1.0, 0.7424058716454582, 1.0, 0.0, 0.0, 0.0, 0.0, 0.0, 0.0, 0.0]",140787,145532,N6,dismiss,-0.3,ts,1182,1
"[0.11999999999999993, -0.11999999999999993, 0.05970149253731346, 0.002849002849002849, -0.14285714285714285, 0.0, 0.0, 0.0, 1.0, 0.7338795604723226, 1.0, 0.0, 0.0, 0.0, 0.0, 0.0, 0.0, 0.0]",15535,74281,N6,dismiss,-0.3,ts,2368,1
"[0.07692307692307684, -0.07692307692307684, -0.1872881355932203, 0.3867924528301887, -0.22727272727272727, 0.0, 0.0, 0.0, 1.0, 0.5806488195218563, 1.0, 0.0, 0.0, 0.0, 0.0, 0.0, 0.0, 0.0]",169794,115240,N6,accept,0.35384615384615375,ts,1687,0
"[0.16666666666666663, -0.16666666666666663, 0.0612765957446809, -0.11475409836065574, -0.45999999999999996, 0.0, 0.0, 0.0, 1.0, 0.6671779591632033, 1.0, 0.0, 0.0, 0.0, 0.0, 0.0, 0.0, 0.0]",83437,185708,N6,dismiss,-0.3,ts,2860,0
"[0.3333333333333333, -0.3333333333333333, -0.08333333333333333, 0.18181818181818182, 0.11731843575419003, 0.0, 0.0, 0.0, 1.0, 0.7577259206367224, 1.0, 0.0, 0.0, 0.0, 0.0, 0.0, 0.0, 0.0]",165914,127600,N6,dismiss,-0.3,ts,2179,0
"[0.3, -0.3, -0.5, -0.9, -0.8363636363636363, 0.0, 0.0, 0.0, 1.0, 0.48200562738108144, 1.0, 0.0, 0.0, 0.0, 0.0, 0.0, 0.0, 0.0]",126074,29449,N6,accept,0.51,ts,2802,1
"[0.5599999999999999, -0.5599999999999999, 0.052291801162040054, 0.29454545454545455, -0.2448979591836735, 0.0, 0.0, 0.0, 1.0, 0.7767295963695724, 1.0, 0.0, 0.0, 0.0, 0.0, 0.0, 0.0, 0.0]",185412,87718,N6,dismiss,-0.3,ts,2593,0
"[0.5588235294117647, -0.5588235294117647, -0.48514285714285715, 1.0, -0.23809523809523808, 0.0, 0.0, 0.0, 1.0, 0.5916319153496256, 1.0, 0.0, 0.0, 0.0, 0.0, 0.0, 0.0, 0.0]",104680,155692,N6,dismiss,-0.3,ts,1341,1
"[0.13333333333333344, -0.13333333333333344, -0.1, -0.75, -0.44000000000000006, 0.0, 0.0, 0.0, 1.0, 0.5587769414463242, 1.0, 0.0, 0.0, 0.0, 0.0, 0.0, 0.0, 0.0]",70105,79461,N6,dismiss,-0.3,ts,946,0
"[0.2666666666666666, -0.2666666666666666, -0.31354359925788494, -0.15159574468085107, 0.16666666666666666, 0.0, 0.0, 0.0, 1.0, 0.6700646679071035, 1.0, 0.0, 0.0, 0.0, 0.0, 0.0, 0.0, 0.0]",63878,130294,N6,dismiss,-0.3,ts,1969,1
"[0.14, -0.14, -0.31562500000000004, 0.030303030303030304, 0.0, 0.0, 0.0, 0.0, 1.0, 0.6993060113850216, 1.0, 0.0, 0.0, 0.0, 0.0, 0.0, 0.0, 0.0]",106755,69993,N6,dismiss,-0.3,ts,2116,0
"[0.3636363636363637, -0.3636363636363637, 0.0027777777777778173, -0.017142857142857144, 1.0, 0.0, 0.0, 0.0, 1.0, 0.7185981528177577, 1.0, 0.0, 0.0, 0.0, 0.0, 0.0, 0.0, 0.0]",30082,123439,N6,dismiss,-0.3,ts,2008,0
"[0.2777777777777778, -0.2777777777777778, -0.3287029288702929, -0.1322314049586777, -0.041666666666666664, 0.0, 0.0, 0.0, 1.0, 0.7053178057911953, 1.0, 0.0, 0.0, 0.0, 0.0, 0.0, 0.0, 0.0]",86760,155844,N6,dismiss,-0.3,ts,735,1
"[0.3636363636363637, -0.3636363636363637, 0.0, 0.0, 0.0, 0.0, 0.0, 0.0, 1.0, 0.8742764353476687, 1.0, 0.0, 0.0, 0.0, 0.0, 0.0, 0.0, 0.0]",123141,123174,N6,accept,0.5545454545454546,ts,2449,0
"[0.20000000000000007, -0.20000000000000007, 0.026363636363636287, -0.008547008547008548, -0.14285714285714285, 0.0, 0.0, 0.0, 1.0, 0.7727351749443683, 1.0, 0.0, 0.0, 0.0, 0.0, 0.0, 0.0, 0.0]",162723,31973,N6,dismiss,-0.3,ts,1347,1
"[0.3333333333333333, -0.3333333333333333, 0.14285714285714285, 0.02, -0.16, 0.0, 0.0, 0.0, 1.0, 0.7688655193639619, 1.0, 0.0, 0.0, 0.0, 0.0, 0.0, 0.0, 0.0]",51616,40998,N6,dismiss,-0.3,ts,755,0
"[0.023255813953488393, -0.023255813953488393, 0.03894297635605003, 0.0, -0.03571428571428571, 0.0, 0.0, 0.0, 1.0, 0.7333907959334611, 1.0, 0.0, 0.0, 0.0, 0.0, 0.0, 0.0, 0.0]",20076,20077,N6,dismiss,-0.3,ts,2160,0
"[0.75, -0.75, -0.2602602602602602, 0.0165016501650165, -0.632, 0.0, 0.0, 0.0, 1.0, 0.7586760576708721, 1.0, 0.0, 0.0, 0.0, 0.0, 0.0, 0.0, 0.0]",158417,140660,N6,accept,0.825,ts,2330,0
"[0.07142857142857154, -0.07142857142857154, 0.0, 0.28654970760233917, -0.1, 0.0, 0.0, 0.0, 1.0, 0.6840596024730199, 1.0, 0.0, 0.0, 0.0, 0.0, 0.0, 0.0, 0.0]",114737,114738,N6,dismiss,-0.3,ts,673,0
"[0.25, -0.25, -0.24812030075187969, 0.005813953488372093, 0.041666666666666664, 0.0, 0.0, 0.0, 1.0, 0.7476249554836153, 1.0, 0.0, 0.0, 0.0, 0.0, 0.0, 0.0, 0.0]",174772,117045,N6,dismiss,-0.3,ts,2388,0
"[0.014492753623188259, -0.014492753623188259, 0.211283185840708, -0.26, 0.0, 0.0, 0.0, 0.0, 1.0, 0.6256845598961668, 1.0, 0.0, 0.0, 0.0, 0.0, 0.0, 0.0, 0.0]",79808,77265,N6,dismiss,-0.3,ts,857,0
"[0.5636363636363637, -0.5636363636363637, 0.22448979591836735, -0.016901408450704224, 0.8181818181818182, 0.0, 0.0, 0.0, 1.0, 0.724044986814595, 1.0, 0.0, 0.0, 0.0, 0.0, 0.0, 0.0, 0.0]",123023,107563,N6,dismiss,-0.3,ts,2814,1
"[0.41666666666666663, -0.41666666666666663, 0.0333889816360601, -0.02857142857142857, -0.015999999999999945, 0.0, 0.0, 0.0, 1.0, 0.8626753628631801, 1.0, 0.0, 0.0, 0.0, 0.0, 0.0, 0.0, 0.0]",19869,39280,N6,dismiss,-0.3,ts,1867,0
"[0.25, -0.25, 0.22714285714285723, -0.08766233766233766, 0.0, 0.0, 0.0, 0.0, 1.0, 0.7424472880831784, 1.0, 0.0, 0.0, 0.0, 0.0, 0.0, 0.0, 0.0]",55744,21089,N6,dismiss,-0.3,ts,1767,0
"[0.24999999999999997, -0.24999999999999997, 0.05517033463973465, 0.45147679324894513, 0.08, 0.0, 0.0, 0.0, 1.0, 0.7073223076628614, 1.0, 0.0, 0.0, 0.0, 0.0, 0.0, 0.0, 0.0]",117335,169335,N6,dismiss,-0.3,ts,2791,0
"[0.7058823529411765, -0.7058823529411765, -0.04260651629072671, 0.47435897435897434, 0.3333333333333333, 0.0, 0.0, 0.0, 1.0, 0.7650647611229402, 1.0, 0.0, 0.0, 0.0, 0.0, 0.0, 0.0, 0.0]",58951,146668,N6,dismiss,-0.3,ts,1600,1
"[0.06666666666666672, -0.06666666666666672, 0.0, 0.02857142857142857, 0.0, 0.0, 0.0, 0.0, 1.0, 0.7665858692054695, 1.0, 0.0, 0.0, 0.0, 0.0, 0.0, 0.0, 0.0]",56248,55915,N6,dismiss,-0.3,ts,1833,0
"[0.20000000000000007, -0.20000000000000007, 0.17909090909090916, -0.10160427807486631, 0.36363636363636365, 0.0, 0.0, 0.0, 1.0, 0.6575173146638584, 1.0, 0.0, 0.0, 0.0, 0.0, 0.0, 0.0, 0.0]",89763,107458,N6,dismiss,-0.3,ts,1224,1
"[0.8944444444444444, -0.8944444444444444, 0.0, -0.02, 0.0, 0.0, 0.0, 0.0, 1.0, 0.962136410518863, 1.0, 0.0, 0.0, 0.0, 0.0, 0.0, 0.0, 0.0]",89731,83441,N6,dismiss,-0.3,ts,769,0
"[0.2, -0.2, -0.425, -0.1678832116788321, -0.26666666666666666, 0.0, 0.0, 0.0, 1.0, 0.603526579115756, 1.0, 0.0, 0.0, 0.0, 0.0, 0.0, 0.0, 0.0]",115289,178949,N6,dismiss,-0.3,ts,2002,0
"[0.5111111111111111, -0.5111111111111111, -0.24024024024024024, -0.6305418719211823, 0.047619047619047616, 0.0, 0.0, 0.0, 1.0, 0.7138194627580985, 1.0, 0.0, 0.0, 0.0, 0.0, 0.0, 0.0, 0.0]",47180,85795,N6,dismiss,-0.3,ts,849,1
"[0.736, -0.736, -0.7003891050583657, 0.0, 0.0, 0.0, 0.0, 0.0, 1.0, 0.7997638352308596, 1.0, 0.0, 0.0, 0.0, 0.0, 0.0, 0.0, 0.0]",49130,147380,N6,dismiss,-0.3,ts,2105,1
"[0.20000000000000007, -0.20000000000000007, 0.17909090909090916, -0.10160427807486631, 0.36363636363636365, 0.0, 0.0, 0.0, 1.0, 0.6575173146638584, 1.0, 0.0, 0.0, 0.0, 0.0, 0.0, 0.0, 0.0]",89763,107554,N6,dismiss,-0.3,ts,2311,0
"[0.11458333333333333, -0.11458333333333333, -0.08759124087591248, -0.5587392550143266, -0.77, 0.0, 0.0, 0.0, 1.0, 0.5416340437403093, 1.0, 0.0, 0.0, 0.0, 0.0, 0.0, 0.0, 0.0]",108839,142262,N6,dismiss,-0.3,ts,1256,0
"[0.7411764705882353, -0.7411764705882353, 0.14791288566243194, -0.504950495049505, -0.08333333333333333, 0.0, 0.0, 0.0, 1.0, 0.7815652462122644, 1.0, 0.0, 0.0, 0.0, 0.0, 0.0, 0.0, 0.0]",65211,85794,N6,dismiss,-0.3,ts,1336,1
"[0.2857142857142857, -0.2857142857142857, 0.2, 0.0, 0.0, 0.0, 0.0, 0.0, 1.0, 0.7850956941465927, 1.0, 0.0, 0.0, 0.0, 0.0, 0.0, 0.0, 0.0]",29449,61090,N6,dismiss,-0.3,ts,2477,0
"[0.5, -0.5, -0.5789473684210527, -0.12, 0.21999999999999997, 0.0, 0.0, 0.0, 1.0, 0.6862162498160189, 1.0, 0.0, 0.0, 0.0, 0.0, 0.0, 0.0, 0.0]",18611,58615,N6,dismiss,-0.3,ts,1188,1
"[0.4583333333333333, -0.4583333333333333, -0.1433260393873086, 0.22, 0.24000000000000005, 0.0, 0.0, 0.0, 1.0, 0.7386709394486253, 1.0, 0.0, 0.0, 0.0, 0.0, 0.0, 0.0, 0.0]",151789,123325,N6,dismiss,-0.3,ts,2862,0
"[0.20000000000000007, -0.20000000000000007, -0.0719734660033167, -0.016713091922005572, 0.2, 0.0, 0.0, 0.0, 1.0, 0.7416318447803406, 1.0, 0.0, 0.0, 0.0, 0.0, 0.0, 0.0, 0.0]",30201,88669,N3,dismiss,-0.3,ts,1559,1
"[0.3230769230769231, -0.3230769230769231, -0.39503932244404116, 1.0, -0.6470588235294118, 0.0, 0.0, 0.0, 1.0, 0.49503773927859074, 1.0, 0.0, 0.0, 0.0, 0.0, 0.0, 0.0, 0.0]",61360,169349,N6,dismiss,-0.3,ts,1350,0
"[0.5599999999999999, -0.5599999999999999, -0.04264577893820715, 0.34532374100719426, 1.0, 0.0, 0.0, 0.0, 1.0, 0.6938965752446645, 1.0, 0.0, 0.0, 0.0, 0.0, 0.0, 0.0, 0.0]",185577,89763,N6,accept,0.692,ts,839,1
"[0.55, -0.55, 0.0, 0.006872852233676976, 0.0, 0.0, 0.0, 0.0, 1.0, 0.9173977756641208, 1.0, 0.0, 0.0, 0.0, 0.0, 0.0, 0.0, 0.0]",106148,106147,N6,dismiss,-0.3,ts,915,0
"[0.26470588235294124, -0.26470588235294124, -0.5676126878130218, -0.24, -0.019999999999999973, 0.0, 0.0, 0.0, 1.0, 0.6455632547610937, 1.0, 0.0, 0.0, 0.0, 0.0, 0.0, 0.0, 0.0]",18053,189203,N3,dismiss,-0.3,ts,1117,1
"[0.018987341772151913, -0.018987341772151913, -0.07966573816155988, -0.0111731843575419, -0.29473684210526313, 0.0, 0.0, 0.0, 1.0, 0.6575391462900055, 1.0, 0.0, 0.0, 0.0, 0.0, 0.0, 0.0, 0.0]",43387,43382,N6,dismiss,-0.3,ts,458,1
"[0.25, -0.25, -0.17102202763715965, 0.0, 0.0, 0.0, 0.0, 0.0, 1.0, 0.781652731750395, 1.0, 0.0, 0.0, 0.0, 0.0, 0.0, 0.0, 0.0]",15456,15457,N6,dismiss,-0.3,ts,2236,1
"[0.3500000000000001, -0.3500000000000001, 0.0, -0.3611111111111111, 0.043478260869565216, 0.0, 0.0, 0.0, 1.0, 0.7807457601820568, 1.0, 0.0, 0.0, 0.0, 0.0, 0.0, 0.0, 0.0]",110121,48548,N3,dismiss,-0.3,ts,1334,1
"[0.14, -0.14, -0.02666666666666673, 0.0625, -0.1, 0.0, 0.0, 0.0, 1.0, 0.7465385609804288, 1.0, 0.0, 0.0, 0.0, 0.0, 0.0, 0.0, 0.0]",141632,69993,N6,dismiss,-0.3,ts,2621,0
"[0.25, -0.25, 0.0, -0.008595988538681949, 0.08695652173913043, 0.0, 0.0, 0.0, 1.0, 0.8130880893622596, 1.0, 0.0, 0.0, 0.0, 0.0, 0.0, 0.0, 0.0]",57106,117045,N6,dismiss,-0.3,ts,548,0
"[0.44999999999999996, -0.44999999999999996, 0.1312500000000001, 0.0, 0.0, 0.0, 0.0, 0.0, 1.0, 0.8508900869732404, 1.0, 0.0, 0.0, 0.0, 0.0, 0.0, 0.0, 0.0]",56819,15139,N6,dismiss,-0.3,ts,2544,0
"[0.02857142857142844, -0.02857142857142844, -0.23106546854942242, 0.28, 0.019999999999999973, 0.0, 0.0, 0.0, 1.0, 0.6164954766225315, 1.0, 0.0, 0.0, 0.0, 0.0, 0.0, 0.0, 0.0]",33303,18053,N6,dismiss,-0.3,ts,690,0
"[0.17647058823529413, -0.17647058823529413, 0.05772136597159252, 0.816, -0.26666666666666666, 0.0, 0.0, 0.0, 1.0, 0.6101949203993131, 1.0, 0.0, 0.0, 0.0, 0.0, 0.0, 0.0, 0.0]",104691,169062,N6,dismiss,-0.3,ts,1229,1
"[0.5, -0.5, -0.28716461203770843, 0.0, 0.0, 0.0, 0.0, 0.0, 1.0, 0.8214037269579653, 1.0, 0.0, 0.0, 0.0, 0.0, 0.0, 0.0, 0.0]",141748,90177,N6,dismiss,-0.3,ts,1946,1
"[0.2045454545454546, -0.2045454545454546, -0.24931506849315063, -0.019553072625698324, 1.0, 0.0, 0.0, 0.0, 1.0, 0.605028229497204, 1.0, 0.0, 0.0, 0.0, 0.0, 0.0, 0.0, 0.0]",93935,74278,N3,dismiss,-0.3,ts,1996,1
"[0.10000000000000009, -0.10000000000000009, -0.2588235294117647, -0.975, -0.52, 0.0, 0.0, 0.0, 1.0, 0.48076478481180795, 1.0, 0.0, 0.0, 0.0, 0.0, 0.0, 0.0, 0.0]",91074,16650,N6,dismiss,-0.3,ts,1947,0
"[0.7942857142857144, -0.7942857142857144, -0.24597585513078465, 0.2066115702479339, -0.375, 0.0, 0.0, 0.0, 1.0, 0.7501239090858726, 1.0, 0.0, 0.0, 0.0, 0.0, 0.0, 0.0, 0.0]",81543,128284,N6,dismiss,-0.3,ts,1427,0
"[0.9442857142857142, -0.9442857142857142, -0.1, -0.8571428571428571, -0.9099999999999999, 0.0, 0.0, 0.0, 1.0, 0.6872767360360263, 1.0, 0.0, 0.0, 0.0, 0.0, 0.0, 0.0, 0.0]",153856,79461,N6,dismiss,-0.3,ts,1283,0
"[0.07692307692307684, -0.07692307692307684, 0.0, 0.12169312169312169, 0.0, 0.0, 0.0, 0.0, 1.0, 0.7463141143425299, 1.0, 0.0, 0.0, 0.0, 0.0, 0.0, 0.0, 0.0]",115242,55882,N6,dismiss,-0.3,ts,2545,1
"[0.296, -0.296, -0.4104545454545454, -0.042735042735042736, 1.0, 0.0, 0.0, 0.0, 1.0, 0.5952122238463202, 1.0, 0.0, 0.0, 0.0, 0.0, 0.0, 0.0, 0.0]",151839,107554,N6,dismiss,-0.3,ts,2761,1
"[0.5, -0.5, -0.033333333333333375, -0.744927536231884, -0.23999999999999994, 0.0, 0.0, 0.0, 1.0, 0.722516941965584, 1.0, 0.0, 0.0, 0.0, 0.0, 0.0, 0.0, 0.0]",19594,19600,N6,dismiss,-0.3,ts,1274,1
"[0.6438095238095238, -0.6438095238095238, 0.0, 0.5263157894736842, -0.05999999999999996, 0.0, 0.0, 0.0, 1.0, 0.8220945045608781, 1.0, 0.0, 0.0, 0.0, 0.0, 0.0, 0.0, 0.0]",122720,151787,N6,dismiss,-0.3,ts,1399,1
"[0.4444444444444445, -0.4444444444444445, 0.21404682274247488, -0.6984126984126984, -0.58, 0.0, 0.0, 0.0, 1.0, 0.610175897468082, 1.0, 0.0, 0.0, 0.0, 0.0, 0.0, 0.0, 0.0]",19676,132873,N6,dismiss,-0.3,ts,822,0
"[0.20000000000000007, -0.20000000000000007, -0.5635935397039031, -0.11811023622047244, 1.0, 0.0, 0.0, 0.0, 1.0, 0.5263580713412344, 1.0, 0.0, 0.0, 0.0, 0.0, 0.0, 0.0, 0.0]",106733,107458,N6,dismiss,-0.3,ts,1249,1
"[0.16666666666666663, -0.16666666666666663, 0.11098779134295228, -0.11282051282051282, -0.020000000000000018, 0.0, 0.0, 0.0, 1.0, 0.7352357426409654, 1.0, 0.0, 0.0, 0.0, 0.0, 0.0, 0.0, 0.0]",83435,87100,N6,accept,0.41666666666666663,ts,2161,0
"[0.32, -0.32, -0.6108695652173913, -0.24, -0.020000000000000018, 0.0, 0.0, 0.0, 1.0, 0.6574402610798806, 1.0, 0.0, 0.0, 0.0, 0.0, 0.0, 0.0, 0.0]",38212,63626,N3,accept,0.524,ts,1610,1
"[0.28571428571428575, -0.28571428571428575, 0.23592419664927214, 0.4583333333333333, -0.1, 0.0, 0.0, 0.0, 1.0, 0.658588363112707, 1.0, 0.0, 0.0, 0.0, 0.0, 0.0, 0.0, 0.0]",139086,127333,N6,dismiss,-0.3,ts,1087,0
"[0.14, -0.14, -0.3363636363636364, 0.0, 0.0, 0.0, 0.0, 0.0, 1.0, 0.7038046069838829, 1.0, 0.0, 0.0, 0.0, 0.0, 0.0, 0.0, 0.0]",72620,69993,N6,accept,0.398,ts,1824,0
"[0.39999999999999997, -0.39999999999999997, -0.7121401752190238, -0.19718309859154928, -0.35294117647058826, 0.0, 0.0, 0.0, 1.0, 0.6075657047046017, 1.0, 0.0, 0.0, 0.0, 0.0, 0.0, 0.0, 0.0]",120828,178949,N6,dismiss,-0.3,ts,1350,1
"[0.7576530612244898, -0.7576530612244898, -0.04534606205250594, -0.6555555555555556, -0.6199999999999999, 0.0, 0.0, 0.0, 1.0, 0.7198017822501334, 1.0, 0.0, 0.0, 0.0, 0.0, 0.0, 0.0, 0.0]",33276,174927,N6,dismiss,-0.3,ts,2124,0
"[0.7058823529411765, -0.7058823529411765, 0.1723329425556859, 1.0, 1.0, 0.0, 0.0, 0.0, 1.0, 0.58851853270898, 1.0, 0.0, 0.0, 0.0, 0.0, 0.0, 0.0, 0.0]",147129,104684,N6,dismiss,-0.3,ts,2450,1
"[0.6, -0.6, 0.13377926421404682, -0.2, 1.0, 0.0, 0.0, 0.0, 1.0, 0.6926094214666402, 1.0, 0.0, 0.0, 0.0, 0.0, 0.0, 0.0, 0.0]",121055,120916,N3,dismiss,-0.3,ts,449,1
"[0.1666666666666667, -0.1666666666666667, -0.29411764705882354, -0.1, -0.19999999999999996, 0.0, 0.0, 0.0, 1.0, 0.6456485600683607, 1.0, 0.0, 0.0, 0.0, 0.0, 0.0, 0.0, 0.0]",40189,61090,N6,dismiss,-0.3,ts,1165,1
"[0.20000000000000007, -0.20000000000000007, -0.20371599203715993, -0.008547008547008548, -0.14285714285714285, 0.0, 0.0, 0.0, 1.0, 0.7160787765165817, 1.0, 0.0, 0.0, 0.0, 0.0, 0.0, 0.0, 0.0]",74279,32065,N6,dismiss,-0.3,ts,2694,1
"[0.23076923076923078, -0.23076923076923078, 0.16725978647686818, 0.46153846153846156, 0.3389830508474576, 0.0, 0.0, 0.0, 1.0, 0.6121178853886537, 1.0, 0.0, 0.0, 0.0, 0.0, 0.0, 0.0, 0.0]",43763,15178,N6,dismiss,-0.3,ts,1924,0
"[0.06666666666666672, -0.06666666666666672, -0.20876826722338204, -0.20165745856353592, -0.25, 0.0, 0.0, 0.0, 1.0, 0.5978453335147562, 1.0, 0.0, 0.0, 0.0, 0.0, 0.0, 0.0, 0.0]",129198,105432,N6,dismiss,-0.3,ts,523,1
"[0.7954545454545455, -0.7954545454545455, -0.41470994475138123, 0.13095238095238096, -0.23333333333333334, 0.0, 0.0, 0.0, 1.0, 0.7546522405081744, 1.0, 0.0, 0.0, 0.0, 0.0, 0.0, 0.0, 0.0]",135543,89765,N6,dismiss,-0.3,ts,1326,0
"[0.22222222222222215, -0.22222222222222215, -0.09255898366606173, 0.16153846153846155, 0.020000000000000018, 0.0, 0.0, 0.0, 1.0, 0.7492855744837049, 1.0, 0.0, 0.0, 0.0, 0.0, 0.0, 0.0, 0.0]",87131,108112,N6,dismiss,-0.3,ts,785,0
"[0.2, -0.07, -0.29684601113172543, 0.0, 0.0, 0.0, 0.0, 0.0, 1.0, 0.6866108486748183, 1.0, 0.0, 0.0, 0.0, 0.0, 0.0, 0.0, 0.0]",63919,48992,N6,accept,0.43999999999999995,ts,1291,0
"[0.1, -0.07, -0.2697495183044316, -0.05, -0.17272727272727276, 0.0, 0.0, 0.0, 1.0, 0.63467239594446, 1.0, 0.0, 0.0, 0.0, 0.0, 0.0, 0.0, 0.0]",49082,49005,N6,dismiss,-0.3,ts,1887,0
"[0.11627906976744183, -0.11627906976744183, 0.0, -0.034129692832764506, 0.0638297872340425, 0.0, 0.0, 0.0, 1.0, 0.7652934573031218, 1.0, 0.0, 0.0, 0.0, 0.0, 0.0, 0.0, 0.0]",33338,38840,N6,dismiss,-0.3,ts,885,1
"[0.55, -0.55, 0.0, 0.006872852233676976, 0.0, 0.0, 0.0, 0.0, 1.0, 0.9173977756641208, 1.0, 0.0, 0.0, 0.0, 0.0, 0.0, 0.0, 0.0]",106148,106147,N6,dismiss,-0.3,ts,2464,0
"[0.755, -0.755, 0.2222222222222222, 0.56, -0.06000000000000001, 0.0, 0.0, 0.0, 1.0, 0.7631843994911166, 1.0, 0.0, 0.0, 0.0, 0.0, 0.0, 0.0, 0.0]",30621,125786,N6,dismiss,-0.3,ts,548,1
"[0.9598214285714286, -0.9598214285714286, 0.2222222222222222, -0.6, -0.6363636363636364, 0.0, 0.0, 0.0, 1.0, 0.6888361719661423, 1.0, 0.0, 0.0, 0.0, 0.0, 0.0, 0.0, 0.0]",51061,50956,N6,dismiss,-0.3,ts,1543,0
"[0.375, -0.375, 0.016707416462917693, -0.36627906976744184, -0.5416666666666666, 0.0, 0.0, 0.0, 1.0, 0.6937564286647964, 1.0, 0.0, 0.0, 0.0, 0.0, 0.0, 0.0, 0.0]",84869,185374,N6,dismiss,-0.3,ts,1845,1
"[0.8714285714285714, -0.8714285714285714, -0.2588235294117647, -0.9809523809523809, -0.9324324324324325, 0.0, 0.0, 0.0, 1.0, 0.6293980130464618, 1.0, 0.0, 0.0, 0.0, 0.0, 0.0, 0.0, 0.0]",91071,16650,N6,accept,0.9099999999999999,ts,1104,1
"[0.3333333333333333, -0.3333333333333333, -0.44283727399165507, -0.512987012987013, 0.21428571428571427, 0.0, 0.0, 0.0, 1.0, 0.5994993960437913, 1.0, 0.0, 0.0, 0.0, 0.0, 0.0, 0.0, 0.0]",55377,107861,N6,dismiss,-0.3,ts,2911,1
"[0.24999999999999997, -0.24999999999999997, 0.0, 0.0, 0.0, 0.0, 0.0, 0.0, 1.0, 0.8395893495876965, 1.0, 0.0, 0.0, 0.0, 0.0, 0.0, 0.0, 0.0]",51138,70105,N3,dismiss,-0.3,ts,2849,1
"[0.18749999999999997, -0.18749999999999997, -0.06666666666666667, 0.8181818181818182, -0.1, 0.0, 0.0, 0.0, 1.0, 0.6455626802602048, 1.0, 0.0, 0.0, 0.0, 0.0, 0.0, 0.0, 0.0]",63222,114738,N3,dismiss,-0.3,ts,1368,1
"[0.14000000000000004, -0.14000000000000004, -0.1320049813200498, 0.46601941747572817, 0.22807017543859645, 0.0, 0.0, 0.0, 1.0, 0.609456050709879, 1.0, 0.0, 0.0, 0.0, 0.0, 0.0, 0.0, 0.0]",59415,115226,N6,accept,0.398,ts,2207,1
"[0.02857142857142844, -0.02857142857142844, -0.3211788211788212, -0.022792022792022793, 0.5200000000000001, 0.0, 0.0, 0.0, 1.0, 0.5622519721506657, 1.0, 0.0, 0.0, 0.0, 0.0, 0.0, 0.0, 0.0]",117054,185707,N6,dismiss,-0.3,ts,1779,0
"[0.39999999999999997, -0.39999999999999997, -0.15037593984962405, -0.14102564102564102, 1.0, 0.0, 0.0, 0.0, 1.0, 0.6590576202362083, 1.0, 0.0, 0.0, 0.0, 0.0, 0.0, 0.0, 0.0]",58951,120916,N3,dismiss,-0.3,ts,994,1
"[0.24999999999999997, -0.24999999999999997, -0.46371428571428575, -0.12301587301587301, -0.25, 0.0, 0.0, 0.0, 1.0, 0.6269674754267696, 1.0, 0.0, 0.0, 0.0, 0.0, 0.0, 0.0, 0.0]",115390,104466,N6,dismiss,-0.3,ts,716,1
"[0.5636363636363637, -0.5636363636363637, -0.20886075949367092, 0.14076246334310852, 1.0, 0.0, 0.0, 0.0, 1.0, 0.6873760656798449, 1.0, 0.0, 0.0, 0.0, 0.0, 0.0, 0.0, 0.0]",116193,107588,N3,dismiss,-0.3,ts,2293,1
"[0.6875, -0.6875, -0.3485838779956427, -0.24233983286908078, -0.9137931034482759, 0.0, 0.0, 0.0, 1.0, 0.6597054011690147, 1.0, 0.0, 0.0, 0.0, 0.0, 0.0, 0.0, 0.0]",158412,134921,N6,dismiss,-0.3,ts,2764,1
"[0.20000000000000007, -0.20000000000000007, 0.09090909090909091, -0.019943019943019943, -0.17857142857142858, 0.0, 0.0, 0.0, 1.0, 0.7386644578940104, 1.0, 0.0, 0.0, 0.0, 0.0, 0.0, 0.0, 0.0]",70000,31972,N6,dismiss,-0.3,ts,1097,0
"[0.25, -0.25, -0.09125735394718841, 0.0048543689320388345, 0.0, 0.0, 0.0, 0.0, 1.0, 0.8047745634796265, 1.0, 0.0, 0.0, 0.0, 0.0, 0.0, 0.0, 0.0]",15456,30338,N6,dismiss,-0.3,ts,1588,0
"[0.1500000000000001, -0.1500000000000001, 0.2222222222222222, -0.4375, -0.1, 0.0, 0.0, 0.0, 1.0, 0.6188946105740755, 1.0, 0.0, 0.0, 0.0, 0.0, 0.0, 0.0, 0.0]",30711,189308,N3,accept,0.405,ts,1074,1
"[0.5, -0.5, -0.35778175313059035, -0.4148936170212766, 0.08000000000000007, 0.0, 0.0, 0.0, 1.0, 0.6998134226636865, 1.0, 0.0, 0.0, 0.0, 0.0, 0.0, 0.0, 0.0]",19596,84107,N3,accept,0.6499999999999999,ts,2994,1
"[0.18749999999999997, -0.18749999999999997, -0.3652501344809037, 0.009523809523809525, -0.043478260869565216, 0.0, 0.0, 0.0, 1.0, 0.6995264293779716, 1.0, 0.0, 0.0, 0.0, 0.0, 0.0, 0.0, 0.0]",84737,169794,N6,accept,0.43124999999999997,ts,2106,0
"[0.20000000000000004, -0.20000000000000004, -0.3409090909090909, 0.0, 0.0, 0.0, 0.0, 0.0, 1.0, 0.7239674946003922, 1.0, 0.0, 0.0, 0.0, 0.0, 0.0, 0.0, 0.0]",51022,70828,N6,dismiss,-0.3,ts,2334,0
"[0.11458333333333333, -0.11458333333333333, 0.0, -0.6041131105398457, -0.8083333333333332, 0.0, 0.0, 0.0, 1.0, 0.5671434991422036, 1.0, 0.0, 0.0, 0.0, 0.0, 0.0, 0.0, 0.0]",107588,142262,N6,dismiss,-0.3,ts,1040,0
"[0.28476821192052976, -0.28476821192052976, 0.0, -0.021806853582554516, -0.4166666666666667, 0.0, 0.0, 0.0, 1.0, 0.7595229641394782, 1.0, 0.0, 0.0, 0.0, 0.0, 0.0, 0.0, 0.0]",103704,145523,N6,dismiss,-0.3,ts,2694,0
"[0.4, -0.4, -0.463379260333575, 0.0, 0.0, 0.0, 0.0, 0.0, 1.0, 0.7634293363767123, 1.0, 0.0, 0.0, 0.0, 0.0, 0.0, 0.0, 0.0]",141750,107066,N6,dismiss,-0.3,ts,2350,1
"[0.13333333333333328, -0.13333333333333328, -0.3068085106382979, -0.08196721311475409, -0.07999999999999999, 0.0, 0.0, 0.0, 1.0, 0.6627628717242904, 1.0, 0.0, 0.0, 0.0, 0.0, 0.0, 0.0, 0.0]",83437,143094,N6,dismiss,-0.3,ts,2779,1
"[0.5588235294117647, -0.5588235294117647, 0.17562724014336914, 0.29441624365482233, 0.46153846153846156, 0.0, 0.0, 0.0, 1.0, 0.7048196658399779, 1.0, 0.0, 0.0, 0.0, 0.0, 0.0, 0.0, 0.0]",92081,155668,N3,dismiss,-0.3,ts,2191,1
"[0.19999999999999993, -0.19999999999999993, -0.64, 0.0, 0.0, 0.0, 0.0, 0.0, 1.0, 0.6784356132035365, 1.0, 0.0, 0.0, 0.0, 0.0, 0.0, 0.0, 0.0]",77920,62598,N6,dismiss,-0.3,ts,1815,1
"[0.415625, -0.415625, 0.056934306569343146, 0.0, 0.0, 0.0, 0.0, 0.0, 1.0, 0.8668542589017116, 1.0, 0.0, 0.0, 0.0, 0.0, 0.0, 0.0, 0.0]",29519,15139,N3,dismiss,-0.3,ts,1838,1
"[0.7215909090909091, -0.7215909090909091, 0.0, 0.23076923076923078, -0.039999999999999994, 0.0, 0.0, 0.0, 1.0, 0.8815350227249144, 1.0, 0.0, 0.0, 0.0, 0.0, 0.0, 0.0, 0.0]",74187,125786,N3,dismiss,-0.3,ts,2792,1
"[0.5170454545454546, -0.5170454545454546, 0.0, 0.09615384615384616, 0.07999999999999999, 0.0, 0.0, 0.0, 1.0, 0.8641184121191714, 1.0, 0.0, 0.0, 0.0, 0.0, 0.0, 0.0, 0.0]",74187,87407,N6,accept,0.6619318181818181,ts,1693,1
"[0.2727272727272727, -0.2727272727272727, -0.07061958694203868, -0.03690036900369004, -0.0117647058823529, 0.0, 0.0, 0.0, 1.0, 0.8064217516346286, 1.0, 0.0, 0.0, 0.0, 0.0, 0.0, 0.0, 0.0]",81453,81449,N3,dismiss,-0.3,ts,2472,1
"[0.1428571428571428, -0.1428571428571428, 0.0, 0.0, 0.0, 0.0, 0.0, 0.0, 1.0, 0.8027662436102929, 1.0, 0.0, 0.0, 0.0, 0.0, 0.0, 0.0, 0.0]",29449,18364,N3,accept,0.3999999999999999,ts,1748,1
"[0.2146118721461187, -0.2146118721461187, -0.1895690193628983, -0.008450704225352112, -0.09999999999999998, 0.0, 0.0, 0.0, 1.0, 0.7349959266642634, 1.0, 0.0, 0.0, 0.0, 0.0, 0.0, 0.0, 0.0]",43388,54520,N3,dismiss,-0.3,ts,1602,1
"[0.1842105263157895, -0.1842105263157895, 0.0, -0.0035335689045936395, -0.019999999999999928, 0.0, 0.0, 0.0, 1.0, 0.8104350430499354, 1.0, 0.0, 0.0, 0.0, 0.0, 0.0, 0.0, 0.0]",38840,91957,N3,dismiss,-0.3,ts,2583,1
"[0.8944444444444444, -0.8944444444444444, 0.0, -0.02, 0.0, 0.0, 0.0, 0.0, 1.0, 0.962136410518863, 1.0, 0.0, 0.0, 0.0, 0.0, 0.0, 0.0, 0.0]",89731,83441,N6,dismiss,-0.3,ts,505,0
"[0.02857142857142844, -0.02857142857142844, -0.23106546854942242, 0.28, 0.019999999999999973, 0.0, 0.0, 0.0, 1.0, 0.6164954766225315, 1.0, 0.0, 0.0, 0.0, 0.0, 0.0, 0.0, 0.0]",33303,18053,N3,dismiss,-0.3,ts,2565,1
"[0.04761904761904766, -0.04761904761904766, -0.39722724532851117, 0.15162454873646208, 0.4, 0.0, 0.0, 0.0, 1.0, 0.5363539792335147, 1.0, 0.0, 0.0, 0.0, 0.0, 0.0, 0.0, 0.0]",16646,63925,N3,dismiss,-0.3,ts,2463,1
"[0.03846153846153842, -0.03846153846153842, 0.0, 0.0, 0.0, 0.0, 0.0, 0.0, 1.0, 0.7644070962643087, 1.0, 0.0, 0.0, 0.0, 0.0, 0.0, 0.0, 0.0]",48548,51122,N3,dismiss,-0.3,ts,2977,1
"[0.1250000000000001, -0.1250000000000001, 0.0858394160583941, 0.0, 0.0, 0.0, 0.0, 0.0, 1.0, 0.7647832266303307, 1.0, 0.0, 0.0, 0.0, 0.0, 0.0, 0.0, 0.0]",29519,55412,N6,dismiss,-0.3,ts,2488,1
"[0.14, -0.14, -0.16016016016016016, 0.0, 0.0, 0.0, 0.0, 0.0, 1.0, 0.7469249197385348, 1.0, 0.0, 0.0, 0.0, 0.0, 0.0, 0.0, 0.0]",93922,79362,N3,dismiss,-0.3,ts,1365,1
"[0.27999999999999997, -0.27999999999999997, -0.07452093683463454, 1.0, -0.78, 0.0, 0.0, 0.0, 1.0, 0.5645640780394282, 1.0, 0.0, 0.0, 0.0, 0.0, 0.0, 0.0, 0.0]",154734,128279,N3,dismiss,-0.3,ts,2909,1
"[0.6818181818181818, -0.6818181818181818, -0.39899833055091816, 0.06666666666666667, 0.0, 0.0, 0.0, 0.0, 1.0, 0.814065762504827, 1.0, 0.0, 0.0, 0.0, 0.0, 0.0, 0.0, 0.0]",17805,30711,N3,dismiss,-0.3,ts,544,1
"[0.8571428571428572, -0.8571428571428572, 0.0, -0.04, 0.0, 0.0, 0.0, 0.0, 1.0, 0.9529674423825959, 1.0, 0.0, 0.0, 0.0, 0.0, 0.0, 0.0, 0.0]",16648,16650,N6,dismiss,-0.3,ts,2647,0
"[0.35483870967741926, -0.35483870967741926, -0.25974025974025977, 0.0, 0.0, 0.0, 0.0, 0.0, 1.0, 0.790742212554951, 1.0, 0.0, 0.0, 0.0, 0.0, 0.0, 0.0, 0.0]",63937,48997,N6,dismiss,-0.3,ts,1078,0
"[0.4, -0.28, -0.29684601113172543, 0.0, 0.0, 0.0, 0.0, 0.0, 1.0, 0.759689501888925, 1.0, 0.0, 0.0, 0.0, 0.0, 0.0, 0.0, 0.0]",63873,42569,N6,dismiss,-0.3,ts,1028,1
"[0.3333333333333333, -0.3333333333333333, -0.48406676783004554, -0.44761904761904764, -0.6129032258064516, 0.0, 0.0, 0.0, 1.0, 0.546792220645576, 1.0, 0.0, 0.0, 0.0, 0.0, 0.0, 0.0, 0.0]",170138,175100,N6,accept,0.5333333333333333,ts,1830,1
"[0.78, -0.78, -0.5652173913043478, 0.0, 0.0, 0.0, 0.0, 0.0, 1.0, 0.8206466101270193, 1.0, 0.0, 0.0, 0.0, 0.0, 0.0, 0.0, 0.0]",128295,169349,N3,accept,0.8459999999999999,ts,2048,0
"[0.2307692307692307, -0.2307692307692307, -0.16666666666666666, 1.0, 0.44000000000000006, 0.0, 0.0, 0.0, 1.0, 0.5428623010478525, 1.0, 0.0, 0.0, 0.0, 0.0, 0.0, 0.0, 0.0]",79461,133969,N3,dismiss,-0.3,ts,1062,1
"[0.20000000000000007, -0.20000000000000007, -0.00663349917081258, -0.002785515320334262, -0.44, 0.0, 0.0, 0.0, 1.0, 0.7315763827558615, 1.0, 0.0, 0.0, 0.0, 0.0, 0.0, 0.0, 0.0]",30201,135482,N6,dismiss,-0.3,ts,1890,1
"[0.030303030303030328, -0.030303030303030328, -0.3734335839598998, 0.06153846153846154, -0.14285714285714285, 0.0, 0.0, 0.0, 1.0, 0.6014765009872357, 1.0, 0.0, 0.0, 0.0, 0.0, 0.0, 0.0, 0.0]",90175,93854,N6,dismiss,-0.3,ts,2248,1
"[0.8666666666666667, -0.8666666666666667, -0.621, 0.0, 0.0, 0.0, 0.0, 0.0, 1.0, 0.8231919954055178, 1.0, 0.0, 0.0, 0.0, 0.0, 0.0, 0.0, 0.0]",63921,48992,N6,dismiss,-0.3,ts,1570,1
"[0.21875000000000008, -0.21875000000000008, 0.0, -0.9, -0.8363636363636363, 0.0, 0.0, 0.0, 1.0, 0.5821637381151326, 1.0, 0.0, 0.0, 0.0, 0.0, 0.0, 0.0, 0.0]",51061,18359,N3,dismiss,-0.3,ts,2748,1
"[0.24999999999999997, -0.24999999999999997, 0.06028476219327483, 0.2600732600732601, 0.17391304347826086, 0.0, 0.0, 0.0, 1.0, 0.7119707109018438, 1.0, 0.0, 0.0, 0.0, 0.0, 0.0, 0.0, 0.0]",86743,169335,N3,dismiss,-0.3,ts,953,1
"[0.40972222222222227, -0.40972222222222227, -0.04576760719840025, 0.029304029304029304, -0.391304347826087, 0.0, 0.0, 0.0, 1.0, 0.7793853886700741, 1.0, 0.0, 0.0, 0.0, 0.0, 0.0, 0.0, 0.0]",155648,21089,N6,dismiss,-0.3,ts,1187,1
"[0.1200000000000001, -0.1200000000000001, 0.1455847255369929, -0.08536585365853659, -0.625, 0.0, 0.0, 0.0, 1.0, 0.6134308998417168, 1.0, 0.0, 0.0, 0.0, 0.0, 0.0, 0.0, 0.0]",57551,59424,N3,dismiss,-0.3,ts,1074,0
"[0.5833333333333333, -0.5833333333333333, -0.014175257731958841, 0.0, 0.1, 0.0, 0.0, 0.0, 1.0, 0.8931955318196763, 1.0, 0.0, 0.0, 0.0, 0.0, 0.0, 0.0, 0.0]",151790,113027,N6,dismiss,-0.3,ts,2107,1
"[0.5833333333333333, -0.5833333333333333, -0.04175365344467641, -0.2, -0.06000000000000005, 0.0, 0.0, 0.0, 1.0, 0.8435393464277561, 1.0, 0.0, 0.0, 0.0, 0.0, 0.0, 0.0, 0.0]",141805,113027,N6,dismiss,-0.3,ts,1048,1
"[0.21428571428571416, -0.21428571428571416, 0.23372287145242082, -0.07588075880758807, -0.1304347826086957, 0.0, 0.0, 0.0, 1.0, 0.6974558464014246, 1.0, 0.0, 0.0, 0.0, 0.0, 0.0, 0.0, 0.0]",76847,30023,N6,dismiss,-0.3,ts,2159,1
"[0.5, -0.5, -0.10344827586206896, 0.0, 0.0, 0.0, 0.0, 0.0, 1.0, 0.8714079900606294, 1.0, 0.0, 0.0, 0.0, 0.0, 0.0, 0.0, 0.0]",70828,129946,N6,dismiss,-0.3,ts,1775,1
"[0.043062200956937836, -0.043062200956937836, -0.7623062616243025, 0.0, 0.0, 0.0, 0.0, 0.0, 1.0, 0.609666983514401, 1.0, 0.0, 0.0, 0.0, 0.0, 0.0, 0.0, 0.0]",90708,54196,N6,dismiss,-0.3,ts,2778,1
"[0.64, -0.64, 0.006949806949806939, -0.015957446808510637, -0.38, 0.0, 0.0, 0.0, 1.0, 0.8487468405875243, 1.0, 0.0, 0.0, 0.0, 0.0, 0.0, 0.0, 0.0]",19611,128279,N3,dismiss,-0.3,ts,2601,1
"[0.2, -0.2, -0.1303083187899943, -0.20642201834862386, 0.17647058823529413, 0.0, 0.0, 0.0, 1.0, 0.6816010089954423, 1.0, 0.0, 0.0, 0.0, 0.0, 0.0, 0.0, 0.0]",81396,158410,N6,dismiss,-0.3,ts,2790,1
"[0.2432432432432433, -0.2432432432432433, 0.20876826722338204, -0.05956112852664577, -0.21428571428571427, 0.0, 0.0, 0.0, 1.0, 0.6999772145110154, 1.0, 0.0, 0.0, 0.0, 0.0, 0.0, 0.0, 0.0]",63924,16725,N3,accept,0.4702702702702703,ts,647,0
"[0.25, -0.25, 0.09090909090909091, 0.1, 0.49166666666666653, 0.0, 0.0, 0.0, 1.0, 0.6852588678547423, 1.0, 0.0, 0.0, 0.0, 0.0, 0.0, 0.0, 0.0]",110001,165914,N3,accept,0.475,ts,2366,0
"[0.7954545454545455, -0.7954545454545455, -0.13299232736572897, 0.08571428571428572, 1.0, 0.0, 0.0, 0.0, 1.0, 0.7399544151029783, 1.0, 0.0, 0.0, 0.0, 0.0, 0.0, 0.0, 0.0]",88363,89765,N3,dismiss,-0.3,ts,472,1
"[0.27999999999999997, -0.27999999999999997, -0.07452093683463454, 1.0, -0.78, 0.0, 0.0, 0.0, 1.0, 0.5645640780394282, 1.0, 0.0, 0.0, 0.0, 0.0, 0.0, 0.0, 0.0]",154734,128279,N6,dismiss,-0.3,ts,2131,1
"[0.6909090909090908, -0.6909090909090908, -0.41158989598811296, -0.4, -0.1, 0.0, 0.0, 0.0, 1.0, 0.7221276459564802, 1.0, 0.0, 0.0, 0.0, 0.0, 0.0, 0.0, 0.0]",63997,66862,N3,dismiss,-0.3,ts,603,1
"[0.16666666666666663, -0.16666666666666663, 0.20020020020020018, 0.02040816326530612, 0.14583333333333337, 0.0, 0.0, 0.0, 1.0, 0.7012934475096448, 1.0, 0.0, 0.0, 0.0, 0.0, 0.0, 0.0, 0.0]",16681,63869,N3,dismiss,-0.3,ts,780,0
"[0.5, -0.5, -0.26666666666666666, 0.64, 0.08000000000000003, 0.0, 0.0, 0.0, 1.0, 0.695643645411739, 1.0, 0.0, 0.0, 0.0, 0.0, 0.0, 0.0, 0.0]",50997,51575,N3,dismiss,-0.3,ts,749,1
"[0.5798319327731092, -0.5798319327731092, -0.34024179620034534, 0.7557251908396947, -0.2, 0.0, 0.0, 0.0, 1.0, 0.6602223945423115, 1.0, 0.0, 0.0, 0.0, 0.0, 0.0, 0.0, 0.0]",61358,146668,N3,dismiss,-0.3,ts,1878,1
"[0.20000000000000007, -0.20000000000000007, -0.25967213114754106, 1.0, 1.0, 0.0, 0.0, 0.0, 1.0, 0.45886385369996285, 1.0, 0.0, 0.0, 0.0, 0.0, 0.0, 0.0, 0.0]",79856,31973,N3,dismiss,-0.3,ts,635,1
"[0.5833333333333333, -0.5833333333333333, -0.014175257731958841, 0.0, 0.1, 0.0, 0.0, 0.0, 1.0, 0.8931955318196763, 1.0, 0.0, 0.0, 0.0, 0.0, 0.0, 0.0, 0.0]",151790,113027,N3,dismiss,-0.3,ts,1504,0
"[0.6029411764705882, -0.6029411764705882, 0.1111111111111111, -0.23333333333333334, -0.42000000000000004, 0.0, 0.0, 0.0, 1.0, 0.7485772354053735, 1.0, 0.0, 0.0, 0.0, 0.0, 0.0, 0.0, 0.0]",167076,155815,N6,dismiss,-0.3,ts,2852,1
"[0.20000000000000007, -0.20000000000000007, -0.00663349917081258, -0.011049723756906077, -0.36363636363636365, 0.0, 0.0, 0.0, 1.0, 0.7393974828154807, 1.0, 0.0, 0.0, 0.0, 0.0, 0.0, 0.0, 0.0]",174793,135483,N3,dismiss,-0.3,ts,1835,1
"[0.9215686274509803, -0.9215686274509803, -0.08178025034770528, -0.11363636363636363, 0.6428571428571429, 0.0, 0.0, 0.0, 1.0, 0.8011657673653764, 1.0, 0.0, 0.0, 0.0, 0.0, 0.0, 0.0, 0.0]",55377,120787,N3,accept,0.9450980392156862,ts,2722,1
"[0.41176470588235287, -0.41176470588235287, -0.15164369034994696, 0.12, 0.24, 0.0, 0.0, 0.0, 1.0, 0.7458609741032868, 1.0, 0.0, 0.0, 0.0, 0.0, 0.0, 0.0, 0.0]",56971,58615,N3,dismiss,-0.3,ts,934,0
"[0.1666666666666666, -0.1666666666666666, 0.0, 0.0, 0.0, 0.0, 0.0, 0.0, 1.0, 0.8112296656009272, 1.0, 0.0, 0.0, 0.0, 0.0, 0.0, 0.0, 0.0]",60788,60783,N6,dismiss,-0.3,ts,1328,1
"[0.5, -0.5, 0.07837837837837834, 1.0, 1.0, 0.0, 0.0, 0.0, 1.0, 0.5933091452435134, 1.0, 0.0, 0.0, 0.0, 0.0, 0.0, 0.0, 0.0]",115299,86748,N3,dismiss,-0.3,ts,1039,1
"[0.22222222222222227, -0.22222222222222227, 0.05772136597159252, 0.048, -0.16666666666666666, 0.0, 0.0, 0.0, 1.0, 0.7523218023768828, 1.0, 0.0, 0.0, 0.0, 0.0, 0.0, 0.0, 0.0]",104691,104682,N3,accept,0.4555555555555556,ts,751,1
"[0.7058823529411765, -0.7058823529411765, 0.10753880266075391, 0.7647058823529411, 0.46153846153846156, 0.0, 0.0, 0.0, 1.0, 0.6996927312662532, 1.0, 0.0, 0.0, 0.0, 0.0, 0.0, 0.0, 0.0]",179676,115396,N3,accept,0.7941176470588236,ts,851,0
"[0.7000000000000001, -0.7000000000000001, -0.35, 0.0, 0.0, 0.0, 0.0, 0.0, 1.0, 0.8447686501604755, 1.0, 0.0, 0.0, 0.0, 0.0, 0.0, 0.0, 0.0]",63921,63920,N3,dismiss,-0.3,ts,2134,0
"[0.07692307692307684, -0.07692307692307684, -0.0039890301670405534, -0.08571428571428572, -0.043478260869565216, 0.0, 0.0, 0.0, 1.0, 0.7410061614869147, 1.0, 0.0, 0.0, 0.0, 0.0, 0.0, 0.0, 0.0]",155844,139805,N3,dismiss,-0.3,ts,2225,1
"[0.36000000000000004, -0.36000000000000004, -0.4794794794794795, -0.5260869565217391, 0.3684210526315789, 0.0, 0.0, 0.0, 1.0, 0.5740754538673325, 1.0, 0.0, 0.0, 0.0, 0.0, 0.0, 0.0, 0.0]",191335,169893,N3,accept,0.552,ts,1632,1
"[0.5, -0.5, 0.006289308176100607, 0.12, -0.06000000000000005, 0.0, 0.0, 0.0, 1.0, 0.8573195155206763, 1.0, 0.0, 0.0, 0.0, 0.0, 0.0, 0.0, 0.0]",89446,58615,N6,dismiss,-0.3,ts,1019,1
"[0.41176470588235287, -0.41176470588235287, -0.4265232974910394, 0.08, 0.12000000000000002, 0.0, 0.0, 0.0, 1.0, 0.7184106107941747, 1.0, 0.0, 0.0, 0.0, 0.0, 0.0, 0.0, 0.0]",88339,58615,N3,dismiss,-0.3,ts,2956,0
"[0.3636363636363637, -0.3636363636363637, -0.4444444444444444, 0.0339943342776204, 0.07142857142857142, 0.0, 0.0, 0.0, 1.0, 0.7266712374353547, 1.0, 0.0, 0.0, 0.0, 0.0, 0.0, 0.0, 0.0]",87721,123174,N3,dismiss,-0.3,ts,1824,0
"[0.20000000000000007, -0.20000000000000007, -0.20371599203715993, -0.008547008547008548, -0.14285714285714285, 0.0, 0.0, 0.0, 1.0, 0.7160787765165817, 1.0, 0.0, 0.0, 0.0, 0.0, 0.0, 0.0, 0.0]",74279,31966,N6,accept,0.44000000000000006,ts,2324,1
"[0.25, -0.25, -0.24050632911392406, 0.0, -0.005555555555555635, 0.0, 0.0, 0.0, 1.0, 0.7615633265577997, 1.0, 0.0, 0.0, 0.0, 0.0, 0.0, 0.0, 0.0]",183583,165914,N6,accept,0.475,ts,402,1
"[0.3230769230769231, -0.3230769230769231, -0.39503932244404116, 1.0, -0.6470588235294118, 0.0, 0.0, 0.0, 1.0, 0.49503773927859074, 1.0, 0.0, 0.0, 0.0, 0.0, 0.0, 0.0, 0.0]",61360,169349,N6,dismiss,-0.3,ts,1670,1
"[0.4545454545454546, -0.4545454545454546, -0.31499999999999995, 0.0028735632183908046, 0.6666666666666666, 0.0, 0.0, 0.0, 1.0, 0.6933733676729809, 1.0, 0.0, 0.0, 0.0, 0.0, 0.0, 0.0, 0.0]",32065,108839,N3,dismiss,-0.3,ts,2623,1
"[0.56, -0.56, -0.42857142857142855, 1.0, -0.625, 0.0, 0.0, 0.0, 1.0, 0.5504867989833275, 1.0, 0.0, 0.0, 0.0, 0.0, 0.0, 0.0, 0.0]",104681,169349,N3,accept,0.692,ts,430,0
"[0.3636363636363637, -0.3636363636363637, 0.020408163265306048, 0.0110803324099723, 0.07142857142857142, 0.0, 0.0, 0.0, 1.0, 0.8430216704000497, 1.0, 0.0, 0.0, 0.0, 0.0, 0.0, 0.0, 0.0]",123215,123174,N6,dismiss,-0.3,ts,2051,1
"[0.5, -0.5, -0.03129890453834116, -0.014492753623188406, 0.0, 0.0, 0.0, 0.0, 1.0, 0.8923660563935448, 1.0, 0.0, 0.0, 0.0, 0.0, 0.0, 0.0, 0.0]",81462,39280,N6,dismiss,-0.3,ts,1469,1
"[0.2045454545454546, -0.2045454545454546, 0.07719799857040743, -0.0056657223796034, -0.06666666666666667, 0.0, 0.0, 0.0, 1.0, 0.7753573266178757, 1.0, 0.0, 0.0, 0.0, 0.0, 0.0, 0.0, 0.0]",88669,74278,N6,dismiss,-0.3,ts,2425,1
"[0.2, -0.2, 0.09333333333333324, -0.1895734597156398, 0.6, 0.0, 0.0, 0.0, 1.0, 0.6366180946932497, 1.0, 0.0, 0.0, 0.0, 0.0, 0.0, 0.0, 0.0]",162680,15178,N3,dismiss,-0.3,ts,2414,0
"[0.35000000000000003, -0.35000000000000003, 0.027816411682892905, -0.45103857566765576, -0.5, 0.0, 0.0, 0.0, 1.0, 0.6756055460954731, 1.0, 0.0, 0.0, 0.0, 0.0, 0.0, 0.0, 0.0]",87402,175208,N3,dismiss,-0.3,ts,1136,0
"[0.5636363636363637, -0.5636363636363637, -0.50199203187251, -0.027855153203342618, 0.6, 0.0, 0.0, 0.0, 1.0, 0.6825062743566831, 1.0, 0.0, 0.0, 0.0, 0.0, 0.0, 0.0, 0.0]",30202,107563,N3,dismiss,-0.3,ts,448,1
"[0.3636363636363637, -0.3636363636363637, -0.0003316749585405642, 0.0, 0.0, 0.0, 0.0, 0.0, 1.0, 0.8741438093578355, 1.0, 0.0, 0.0, 0.0, 0.0, 0.0, 0.0, 0.0]",15531,74278,N3,accept,0.5545454545454546,ts,2832,1
"[0.25, -0.25, -0.09125735394718841, 0.0048543689320388345, 0.0, 0.0, 0.0, 0.0, 1.0, 0.8047745634796265, 1.0, 0.0, 0.0, 0.0, 0.0, 0.0, 0.0, 0.0]",15456,30338,N3,dismiss,-0.3,ts,1096,0
"[0.5, -0.5, -0.12990777338603424, 1.0, 0.2727272727272727, 0.0, 0.0, 0.0, 1.0, 0.6540070179142446, 1.0, 0.0, 0.0, 0.0, 0.0, 0.0, 0.0, 0.0]",85795,61314,N3,dismiss,-0.3,ts,2545,1
"[0.2, -0.2, 0.07168458781362008, -0.18396226415094338, 0.1111111111111111, 0.0, 0.0, 0.0, 1.0, 0.7200510050835384, 1.0, 0.0, 0.0, 0.0, 0.0, 0.0, 0.0, 0.0]",84871,158410,N3,accept,0.43999999999999995,ts,2757,1
"[0.9137254901960783, -0.9137254901960783, -0.08178025034770528, 0.02247191011235955, 0.5333333333333333, 0.0, 0.0, 0.0, 1.0, 0.8345603175024708, 1.0, 0.0, 0.0, 0.0, 0.0, 0.0, 0.0, 0.0]",128242,86743,N6,dismiss,-0.3,ts,448,1
"[0.43037974683544306, -0.43037974683544306, -0.2679665738161559, -0.01675977653631285, -0.17894736842105266, 0.0, 0.0, 0.0, 1.0, 0.7591219835504905, 1.0, 0.0, 0.0, 0.0, 0.0, 0.0, 0.0, 0.0]",43387,111012,N6,dismiss,-0.3,ts,2200,1
"[0.09090909090909098, -0.09090909090909098, -0.19, -0.009259259259259259, 0.1, 0.0, 0.0, 0.0, 1.0, 0.6907108409260393, 1.0, 0.0, 0.0, 0.0, 0.0, 0.0, 0.0, 0.0]",162891,142493,N3,dismiss,-0.3,ts,1094,1
"[0.25, -0.25, -0.24050632911392406, 0.0, -0.005555555555555635, 0.0, 0.0, 0.0, 1.0, 0.7615633265577997, 1.0, 0.0, 0.0, 0.0, 0.0, 0.0, 0.0, 0.0]",183583,165914,N3,dismiss,-0.3,ts,814,0
"[0.8571428571428572, -0.8571428571428572, 0.03755868544600939, -0.08045977011494253, -0.40384615384615385, 0.0, 0.0, 0.0, 1.0, 0.8446138733270775, 1.0, 0.0, 0.0, 0.0, 0.0, 0.0, 0.0, 0.0]",91073,91074,N3,accept,0.8999999999999999,ts,2674,0
"[0.5588235294117647, -0.5588235294117647, 0.09640359640359639, 0.12, -0.5555555555555556, 0.0, 0.0, 0.0, 1.0, 0.7535196249403913, 1.0, 0.0, 0.0, 0.0, 0.0, 0.0, 0.0, 0.0]",170190,128254,N3,dismiss,-0.3,ts,1718,1
"[0.2777777777777778, -0.2777777777777778, -0.06612339930151347, 0.08247422680412371, 0.15, 0.0, 0.0, 0.0, 1.0, 0.7620679351527899, 1.0, 0.0, 0.0, 0.0, 0.0, 0.0, 0.0, 0.0]",139804,155844,N3,dismiss,-0.3,ts,2591,1
"[0.24999999999999994, -0.24999999999999994, -0.6473282442748092, -0.1, 0.25999999999999995, 0.0, 0.0, 0.0, 1.0, 0.6063754382541067, 1.0, 0.0, 0.0, 0.0, 0.0, 0.0, 0.0, 0.0]",85441,128341,N6,dismiss,-0.3,ts,2666,1
"[0.19999999999999993, -0.19999999999999993, -0.3181818181818182, -0.8833333333333333, -0.7454545454545454, 0.0, 0.0, 0.0, 1.0, 0.4880812579943533, 1.0, 0.0, 0.0, 0.0, 0.0, 0.0, 0.0, 0.0]",41688,18330,N3,dismiss,-0.3,ts,1850,0
"[0.25000000000000006, -0.25000000000000006, 0.24608967674661097, -0.42924528301886794, 0.4117647058823529, 0.0, 0.0, 0.0, 1.0, 0.5912500777360127, 1.0, 0.0, 0.0, 0.0, 0.0, 0.0, 0.0, 0.0]",55882,86760,N3,dismiss,-0.3,ts,2206,0
"[0.12499999999999988, -0.12499999999999988, 0.10011641443538992, 0.5833333333333334, -0.05, 0.0, 0.0, 0.0, 1.0, 0.6424774264918087, 1.0, 0.0, 0.0, 0.0, 0.0, 0.0, 0.0, 0.0]",78136,180524,N3,dismiss,-0.3,ts,540,0
"[0.164, -0.164, -0.6836, -0.1, 0.088, 0.0, 0.0, 0.0, 1.0, 0.6098549356396384, 1.0, 0.0, 0.0, 0.0, 0.0, 0.0, 0.0, 0.0]",85224,134716,N3,dismiss,-0.3,ts,2879,0
"[0.75, -0.75, -0.35507968127490036, 0.07936507936507936, -0.6884615384615385, 0.0, 0.0, 0.0, 1.0, 0.7164754978600723, 1.0, 0.0, 0.0, 0.0, 0.0, 0.0, 0.0, 0.0]",170958,145532,N3,dismiss,-0.3,ts,1714,1
"[0.7000000000000001, -0.7000000000000001, -0.35, 0.0, 0.0, 0.0, 0.0, 0.0, 1.0, 0.8447686501604755, 1.0, 0.0, 0.0, 0.0, 0.0, 0.0, 0.0, 0.0]",63921,63920,N3,dismiss,-0.3,ts,1477,0
"[0.22666666666666668, -0.22666666666666668, -0.5995995995995996, 0.0, 0.0, 0.0, 0.0, 0.0, 1.0, 0.6921564497180331, 1.0, 0.0, 0.0, 0.0, 0.0, 0.0, 0.0, 0.0]",71092,40258,N3,dismiss,-0.3,ts,2229,0
"[0.6470588235294118, -0.6470588235294118, -0.26666666666666666, 1.0, 0.5599999999999999, 0.0, 0.0, 0.0, 1.0, 0.6056730189655424, 1.0, 0.0, 0.0, 0.0, 0.0, 0.0, 0.0, 0.0]",50997,50956,N6,dismiss,-0.3,ts,2864,1
"[0.25, -0.25, -0.24812030075187969, 0.005813953488372093, 0.041666666666666664, 0.0, 0.0, 0.0, 1.0, 0.7476249554836153, 1.0, 0.0, 0.0, 0.0, 0.0, 0.0, 0.0, 0.0]",174772,117045,N3,accept,0.475,ts,488,0
"[0.24242424242424238, -0.24242424242424238, 0.13120567375886522, -0.0196078431372549, 0.040000000000000015, 0.0, 0.0, 0.0, 1.0, 0.7736411098263166, 1.0, 0.0, 0.0, 0.0, 0.0, 0.0, 0.0, 0.0]",120700,19597,N3,dismiss,-0.3,ts,1451,1
"[0.25, -0.25, -0.3076404494382023, -0.0024271844660194173, 0.0, 0.0, 0.0, 0.0, 1.0, 0.7469607690022103, 1.0, 0.0, 0.0, 0.0, 0.0, 0.0, 0.0, 0.0]",70069,189231,N3,dismiss,-0.3,ts,2370,0
"[0.24999999999999997, -0.24999999999999997, -0.07773386034255607, 1.0, 0.22727272727272727, 0.0, 0.0, 0.0, 1.0, 0.6172933326580574, 1.0, 0.0, 0.0, 0.0, 0.0, 0.0, 0.0, 0.0]",85795,169335,N6,dismiss,-0.3,ts,1986,1
"[0.375, -0.375, -0.0977443609022556, -0.22442244224422442, -0.6, 0.0, 0.0, 0.0, 1.0, 0.6828779157359668, 1.0, 0.0, 0.0, 0.0, 0.0, 0.0, 0.0, 0.0]",169373,145577,N6,dismiss,-0.3,ts,1040,1
"[0.8, -0.8, 0.17647058823529413, 0.0, 0.0, 0.0, 0.0, 0.0, 1.0, 0.898937356285638, 1.0, 0.0, 0.0, 0.0, 0.0, 0.0, 0.0, 0.0]",18435,112477,N3,dismiss,-0.3,ts,1626,0
"[0.4485294117647059, -0.4485294117647059, 0.09333333333333324, -0.0843806104129264, -0.2692307692307692, 0.0, 0.0, 0.0, 1.0, 0.776901172593482, 1.0, 0.0, 0.0, 0.0, 0.0, 0.0, 0.0, 0.0]",29970,155668,N3,accept,0.6139705882352942,ts,420,1
"[0.5636363636363637, -0.5636363636363637, -0.4541832669322709, -0.027855153203342618, 0.6, 0.0, 0.0, 0.0, 1.0, 0.6898593882045024, 1.0, 0.0, 0.0, 0.0, 0.0, 0.0, 0.0, 0.0]",30202,108839,N3,dismiss,-0.3,ts,2629,1
"[0.12499999999999988, -0.12499999999999988, -0.06666666666666667, 0.4132231404958678, 0.0, 0.0, 0.0, 0.0, 1.0, 0.6870082097314609, 1.0, 0.0, 0.0, 0.0, 0.0, 0.0, 0.0, 0.0]",63222,114737,N3,dismiss,-0.3,ts,2775,0
"[0.5, -0.5, -0.033333333333333375, -0.5652173913043478, -0.29999999999999993, 0.0, 0.0, 0.0, 1.0, 0.7266443061735018, 1.0, 0.0, 0.0, 0.0, 0.0, 0.0, 0.0, 0.0]",19594,19597,N3,dismiss,-0.3,ts,2460,1
"[0.20000000000000007, -0.20000000000000007, -0.4595833333333333, -0.0918918918918919, 1.0, 0.0, 0.0, 0.0, 1.0, 0.5404319134665907, 1.0, 0.0, 0.0, 0.0, 0.0, 0.0, 0.0, 0.0]",107308,107458,N3,dismiss,-0.3,ts,2352,1
"[0.3000000000000001, -0.3000000000000001, -0.7555110220440883, 0.03333333333333333, 0.45999999999999996, 0.0, 0.0, 0.0, 1.0, 0.599715517942224, 1.0, 0.0, 0.0, 0.0, 0.0, 0.0, 0.0, 0.0]",44266,85446,N3,accept,0.51,ts,1751,1
"[0.4690265486725664, -0.4690265486725664, -0.2679665738161559, -0.008450704225352112, -0.13333333333333336, 0.0, 0.0, 0.0, 1.0, 0.7810524086933406, 1.0, 0.0, 0.0, 0.0, 0.0, 0.0, 0.0, 0.0]",143110,111012,N3,dismiss,-0.3,ts,2928,1
"[0.20000000000000007, -0.20000000000000007, -0.20398009950248752, -0.04178272980501393, -0.08, 0.0, 0.0, 0.0, 1.0, 0.7216254216313975, 1.0, 0.0, 0.0, 0.0, 0.0, 0.0, 0.0, 0.0]",29710,31972,N3,dismiss,-0.3,ts,2493,1
"[0.09999999999999998, -0.09999999999999998, 0.061946902654867304, -0.008595988538681949, 0.2727272727272727, 0.0, 0.0, 0.0, 1.0, 0.6982959757009977, 1.0, 0.0, 0.0, 0.0, 0.0, 0.0, 0.0, 0.0]",82376,111476,N3,accept,0.37,ts,2687,0
"[0.13333333333333328, -0.13333333333333328, -0.04120070629782221, -0.05084745762711865, -0.07999999999999999, 0.0, 0.0, 0.0, 1.0, 0.7468416070854169, 1.0, 0.0, 0.0, 0.0, 0.0, 0.0, 0.0, 0.0]",87097,143094,N3,dismiss,-0.3,ts,1385,1
"[0.3636363636363637, -0.3636363636363637, 0.146788990825688, 0.0110803324099723, 0.36363636363636365, 0.0, 0.0, 0.0, 1.0, 0.7425908749935993, 1.0, 0.0, 0.0, 0.0, 0.0, 0.0, 0.0, 0.0]",93938,123174,N3,dismiss,-0.3,ts,1499,0
"[0.11458333333333333, -0.11458333333333333, 0.0, -0.6041131105398457, -0.8083333333333332, 0.0, 0.0, 0.0, 1.0, 0.5671434991422036, 1.0, 0.0, 0.0, 0.0, 0.0, 0.0, 0.0, 0.0]",107588,142262,N3,dismiss,-0.3,ts,432,0
"[0.25, -0.25, -0.7942811755361397, -0.15422885572139303, -0.746875, 0.0, 0.0, 0.0, 1.0, 0.5242993647776177, 1.0, 0.0, 0.0, 0.0, 0.0, 0.0, 0.0, 0.0]",127415,145532,N6,dismiss,-0.3,ts,951,1
"[0.15000000000000013, -0.15000000000000013, -0.2657894736842106, -0.2, 0.09999999999999995, 0.0, 0.0, 0.0, 1.0, 0.6462125021901608, 1.0, 0.0, 0.0, 0.0, 0.0, 0.0, 0.0, 0.0]",18611,88339,N3,dismiss,-0.3,ts,1417,0
"[0.9442857142857142, -0.9442857142857142, -0.1, -0.8571428571428571, -0.9099999999999999, 0.0, 0.0, 0.0, 1.0, 0.6872767360360263, 1.0, 0.0, 0.0, 0.0, 0.0, 0.0, 0.0, 0.0]",153856,79461,N6,dismiss,-0.3,ts,2193,1
"[0.19999999999999993, -0.19999999999999993, -0.25, -0.8833333333333333, -0.7454545454545454, 0.0, 0.0, 0.0, 1.0, 0.5035447216368699, 1.0, 0.0, 0.0, 0.0, 0.0, 0.0, 0.0, 0.0]",126074,18330,N3,dismiss,-0.3,ts,2020,0
"[0.07500000000000007, -0.07500000000000007, -0.2404809619238477, 0.4111111111111111, 0.64, 0.0, 0.0, 0.0, 1.0, 0.509268332065276, 1.0, 0.0, 0.0, 0.0, 0.0, 0.0, 0.0, 0.0]",44266,31679,N6,dismiss,-0.3,ts,723,1
"[0.56, -0.56, -0.0009990009990009777, 0.5495049504950495, -0.4, 0.0, 0.0, 0.0, 1.0, 0.7384325320464852, 1.0, 0.0, 0.0, 0.0, 0.0, 0.0, 0.0, 0.0]",170191,169349,N3,dismiss,-0.3,ts,880,0
"[0.9142857142857143, -0.9142857142857143, 0.20008587376556464, 0.0, 0.0, 0.0, 0.0, 0.0, 1.0, 0.9037953251339276, 1.0, 0.0, 0.0, 0.0, 0.0, 0.0, 0.0, 0.0]",141777,16728,N3,accept,0.94,ts,1048,1
"[0.09090909090909087, -0.09090909090909087, 0.0, 0.0, 0.0, 0.0, 0.0, 0.0, 1.0, 0.7838811617691718, 1.0, 0.0, 0.0, 0.0, 0.0, 0.0, 0.0, 0.0]",86743,120787,N3,dismiss,-0.3,ts,1203,1
"[0.0142857142857143, -0.0142857142857143, 0.12089274643521385, 0.12, -0.040000000000000036, 0.0, 0.0, 0.0, 1.0, 0.668862873307222, 1.0, 0.0, 0.0, 0.0, 0.0, 0.0, 0.0, 0.0]",81570,79808,N3,dismiss,-0.3,ts,1548,0
"[0.604, -0.604, -0.49629629629629635, -0.4588235294117647, -0.3684210526315789, 0.0, 0.0, 0.0, 1.0, 0.6356367491076025, 1.0, 0.0, 0.0, 0.0, 0.0, 0.0, 0.0, 0.0]",115396,108025,N6,dismiss,-0.3,ts,2760,1
"[0.28571428571428575, -0.28571428571428575, 0.14285714285714285, 0.0, 0.0, 0.0, 0.0, 0.0, 1.0, 0.8013271435545221, 1.0, 0.0, 0.0, 0.0, 0.0, 0.0, 0.0, 0.0]",18468,60782,N3,dismiss,-0.3,ts,2305,1
"[0.648, -0.648, 0.12880765883376852, 0.20863309352517986, 1.0, 0.0, 0.0, 0.0, 1.0, 0.693548136379965, 1.0, 0.0, 0.0, 0.0, 0.0, 0.0, 0.0, 0.0]",185577,107554,N3,dismiss,-0.3,ts,2651,1
"[0.11458333333333333, -0.11458333333333333, 0.0, -0.5587392550143266, -0.77, 0.0, 0.0, 0.0, 1.0, 0.5737732739088267, 1.0, 0.0, 0.0, 0.0, 0.0, 0.0, 0.0, 0.0]",107563,142262,N3,dismiss,-0.3,ts,1498,0
"[0.14, -0.14, 0.16819827346143154, 0.0, 0.0, 0.0, 0.0, 0.0, 1.0, 0.7446095810127756, 1.0, 0.0, 0.0, 0.0, 0.0, 0.0, 0.0, 0.0]",72623,79362,N3,dismiss,-0.3,ts,2296,0
"[0.11999999999999993, -0.11999999999999993, 0.06218727662616149, 0.10434782608695652, 0.07142857142857142, 0.0, 0.0, 0.0, 1.0, 0.722908040941636, 1.0, 0.0, 0.0, 0.0, 0.0, 0.0, 0.0, 0.0]",88672,106733,N3,dismiss,-0.3,ts,2594,0
"[0.2, -0.2, 0.10110110110110104, -0.6043478260869565, 0.05263157894736842, 0.0, 0.0, 0.0, 1.0, 0.6660152152276981, 1.0, 0.0, 0.0, 0.0, 0.0, 0.0, 0.0, 0.0]",191335,127600,N3,dismiss,-0.3,ts,629,0
"[0.3, -0.3, -0.17285714285714288, 1.0, 0.19047619047619047, 0.0, 0.0, 0.0, 1.0, 0.6197995396816762, 1.0, 0.0, 0.0, 0.0, 0.0, 0.0, 0.0, 0.0]",104680,61358,N3,dismiss,-0.3,ts,1721,1
"[0.16666666666666666, -0.16666666666666666, 0.13719234275296252, -0.2757475083056478, -0.5416666666666666, 0.0, 0.0, 0.0, 1.0, 0.6004205937142583, 1.0, 0.0, 0.0, 0.0, 0.0, 0.0, 0.0, 0.0]",116369,185374,N3,dismiss,-0.3,ts,460,0
"[0.8416666666666667, -0.8416666666666667, 0.002999999999999936, 0.19083969465648856, 0.07999999999999999, 0.0, 0.0, 0.0, 1.0, 0.8919702140845298, 1.0, 0.0, 0.0, 0.0, 0.0, 0.0, 0.0, 0.0]",80035,86978,N3,dismiss,-0.3,ts,1908,1
"[0.0555555555555556, -0.0555555555555556, -0.30286857905270187, -0.27848101265822783, -0.13999999999999999, 0.0, 0.0, 0.0, 1.0, 0.5792292623515911, 1.0, 0.0, 0.0, 0.0, 0.0, 0.0, 0.0, 0.0]",155616,18005,N3,accept,0.3388888888888889,ts,595,1
"[0.25000000000000006, -0.25000000000000006, 0.24608967674661097, -0.17687074829931973, 0.4117647058823529, 0.0, 0.0, 0.0, 1.0, 0.6329883469407463, 1.0, 0.0, 0.0, 0.0, 0.0, 0.0, 0.0, 0.0]",115240,86760,N3,dismiss,-0.3,ts,884,0
"[0.3, -0.3, -0.09090909090909091, 0.46, -0.08000000000000003, 0.0, 0.0, 0.0, 1.0, 0.709824759435147, 1.0, 0.0, 0.0, 0.0, 0.0, 0.0, 0.0, 0.0]",38740,41068,N3,dismiss,-0.3,ts,1745,0
"[0.5636363636363637, -0.5636363636363637, -0.16573971078976643, -0.022408963585434174, 0.6666666666666666, 0.0, 0.0, 0.0, 1.0, 0.748709328628749, 1.0, 0.0, 0.0, 0.0, 0.0, 0.0, 0.0, 0.0]",166050,107563,N3,dismiss,-0.3,ts,2480,1
"[0.047619047619047505, -0.047619047619047505, -0.6807017543859648, -0.14, -0.059999999999999984, 0.0, 0.0, 0.0, 1.0, 0.565492622937598, 1.0, 0.0, 0.0, 0.0, 0.0, 0.0, 0.0, 0.0]",111106,64006,N3,dismiss,-0.3,ts,1017,1
"[0.19709090909090918, -0.19709090909090918, 0.0, 0.0, 0.0, 0.0, 0.0, 0.0, 1.0, 0.8218285575581613, 1.0, 0.0, 0.0, 0.0, 0.0, 0.0, 0.0, 0.0]",152267,63876,N3,dismiss,-0.3,ts,2868,0
"[0.20000000000000004, -0.20000000000000004, -0.32341001353179977, 0.11009174311926606, 0.016666666666666607, 0.0, 0.0, 0.0, 1.0, 0.6930080043376406, 1.0, 0.0, 0.0, 0.0, 0.0, 0.0, 0.0, 0.0]",115244,81542,N3,dismiss,-0.3,ts,1213,1
"[0.040000000000000036, -0.040000000000000036, 0.0, 0.0, 0.0, 0.0, 0.0, 0.0, 1.0, 0.7649820258822859, 1.0, 0.0, 0.0, 0.0, 0.0, 0.0, 0.0, 0.0]",141765,141753,N3,dismiss,-0.3,ts,904,0
"[0.09090909090909098, -0.09090909090909098, -0.4, 0.07716049382716049, 0.1, 0.0, 0.0, 0.0, 1.0, 0.6251061012696052, 1.0, 0.0, 0.0, 0.0, 0.0, 0.0, 0.0, 0.0]",162891,43088,N6,dismiss,-0.3,ts,1616,1
"[0.06666666666666672, -0.06666666666666672, 0.0, 0.13541666666666666, 0.09090909090909091, 0.0, 0.0, 0.0, 1.0, 0.7143914778295586, 1.0, 0.0, 0.0, 0.0, 0.0, 0.0, 0.0, 0.0]",139805,115245,N3,dismiss,-0.3,ts,2592,1
"[0.5, -0.5, 0.10367892976588634, -0.45664739884393063, -0.08000000000000003, 0.0, 0.0, 0.0, 1.0, 0.7593345830725144, 1.0, 0.0, 0.0, 0.0, 0.0, 0.0, 0.0, 0.0]",132804,19599,N3,dismiss,-0.3,ts,1785,0
"[0.18749999999999997, -0.18749999999999997, 0.2002503128911139, -0.20588235294117646, 0.13333333333333333, 0.0, 0.0, 0.0, 1.0, 0.6667735784087996, 1.0, 0.0, 0.0, 0.0, 0.0, 0.0, 0.0, 0.0]",139806,115242,N3,dismiss,-0.3,ts,2833,1
"[0.8530612244897959, -0.8530612244897959, -0.4003639672429481, 0.4482758620689655, 0.47619047619047616, 0.0, 0.0, 0.0, 1.0, 0.6729637351096623, 1.0, 0.0, 0.0, 0.0, 0.0, 0.0, 0.0, 0.0]",180522,170138,N3,dismiss,-0.3,ts,855,0
"[0.14285714285714288, -0.14285714285714288, 0.06235565819861427, -0.13793103448275862, -0.047619047619047616, 0.0, 0.0, 0.0, 1.0, 0.7295276906658968, 1.0, 0.0, 0.0, 0.0, 0.0, 0.0, 0.0, 0.0]",144702,71136,N3,dismiss,-0.3,ts,559,0
"[0.25000000000000006, -0.25000000000000006, -0.0646666666666667, -0.043824701195219126, -0.13265306122448986, 0.0, 0.0, 0.0, 1.0, 0.7677835227290333, 1.0, 0.0, 0.0, 0.0, 0.0, 0.0, 0.0, 0.0]",138640,127487,N3,accept,0.475,ts,1665,0
"[0.55, -0.55, 0.0, 0.006872852233676976, 0.0, 0.0, 0.0, 0.0, 1.0, 0.9173977756641208, 1.0, 0.0, 0.0, 0.0, 0.0, 0.0, 0.0, 0.0]",106148,106147,N6,dismiss,-0.3,ts,1760,1
"[0.5714285714285715, -0.5714285714285715, 0.0, 0.0, 0.0, 0.0, 0.0, 0.0, 1.0, 0.9236956675786846, 1.0, 0.0, 0.0, 0.0, 0.0, 0.0, 0.0, 0.0]",37993,60788,N6,accept,0.7,ts,2568,1
"[0.12499999999999988, -0.12499999999999988, 0.21153846153846154, 0.049723756906077346, 0.05555555555555555, 0.0, 0.0, 0.0, 1.0, 0.6973654663264208, 1.0, 0.0, 0.0, 0.0, 0.0, 0.0, 0.0, 0.0]",146678,180524,N3,dismiss,-0.3,ts,603,0
"[0.16666666666666666, -0.16666666666666666, -0.05447878470403348, -0.6273022751895991, 1.0, 0.0, 0.0, 0.0, 1.0, 0.5339550818124775, 1.0, 0.0, 0.0, 0.0, 0.0, 0.0, 0.0, 0.0]",185512,123511,N6,dismiss,-0.3,ts,483,1
"[0.11688311688311692, -0.11688311688311692, -0.6257822277847309, 0.28640776699029125, -0.48148148148148145, 0.0, 0.0, 0.0, 1.0, 0.4924532260483863, 1.0, 0.0, 0.0, 0.0, 0.0, 0.0, 0.0, 0.0]",138627,121068,N3,dismiss,-0.3,ts,2427,1
"[0.2, -0.2, 0.10110110110110104, -0.6043478260869565, 0.05263157894736842, 0.0, 0.0, 0.0, 1.0, 0.6660152152276981, 1.0, 0.0, 0.0, 0.0, 0.0, 0.0, 0.0, 0.0]",191335,127600,N6,dismiss,-0.3,ts,995,1
"[0.3636363636363637, -0.3636363636363637, 0.0006640106241699726, -0.022284122562674095, 0.12, 0.0, 0.0, 0.0, 1.0, 0.8354667356725355, 1.0, 0.0, 0.0, 0.0, 0.0, 0.0, 0.0, 0.0]",30202,74278,N1,dismiss,-0.3,ts,2270,1
"[0.17500000000000002, -0.17500000000000002, 0.06028476219327483, 0.2600732600732601, 0.17391304347826086, 0.0, 0.0, 0.0, 1.0, 0.6865394554618305, 1.0, 0.0, 0.0, 0.0, 0.0, 0.0, 0.0, 0.0]",120787,169335,N6,dismiss,-0.3,ts,1380,1
"[0.55, -0.55, -0.051636363636363695, 0.25, -0.44000000000000006, 0.0, 0.0, 0.0, 1.0, 0.753018755400742, 1.0, 0.0, 0.0, 0.0, 0.0, 0.0, 0.0, 0.0]",19607,128279,N3,dismiss,-0.3,ts,2242,1
"[0.16000000000000003, -0.16000000000000003, 0.06048982000590136, -0.4169611307420495, 0.08333333333333333, 0.0, 0.0, 0.0, 1.0, 0.6782079465127508, 1.0, 0.0, 0.0, 0.0, 0.0, 0.0, 0.0, 0.0]",134112,179649,N3,accept,0.41200000000000003,ts,1069,1
"[0.09999999999999994, -0.09999999999999994, -0.2309859154929577, -0.9770114942528736, -0.9038461538461539, 0.0, 0.0, 0.0, 1.0, 0.45908953947061526, 1.0, 0.0, 0.0, 0.0, 0.0, 0.0, 0.0, 0.0]",91073,16649,N1,accept,0.36999999999999994,ts,1448,1
"[0.41176470588235287, -0.41176470588235287, -0.4265232974910394, 0.08, 0.12000000000000002, 0.0, 0.0, 0.0, 1.0, 0.7184106107941747, 1.0, 0.0, 0.0, 0.0, 0.0, 0.0, 0.0, 0.0]",88339,58615,N6,dismiss,-0.3,ts,2469,1
"[0.6916666666666667, -0.6916666666666667, -0.004432951606944994, 0.16333333333333333, 0.36363636363636365, 0.0, 0.0, 0.0, 1.0, 0.8231417703405467, 1.0, 0.0, 0.0, 0.0, 0.0, 0.0, 0.0, 0.0]",82038,63922,N6,dismiss,-0.3,ts,2266,1
"[0.14285714285714288, -0.14285714285714288, -0.1938610662358643, 0.0, 0.0, 0.0, 0.0, 0.0, 1.0, 0.7384864192538396, 1.0, 0.0, 0.0, 0.0, 0.0, 0.0, 0.0, 0.0]",39280,81422,N3,dismiss,-0.3,ts,660,0
"[0.1111111111111112, -0.1111111111111112, -0.09008189262966337, 0.15579710144927536, 0.4, 0.0, 0.0, 0.0, 1.0, 0.6355529250549651, 1.0, 0.0, 0.0, 0.0, 0.0, 0.0, 0.0, 0.0]",64516,63925,N3,dismiss,-0.3,ts,2303,0
"[0.07692307692307684, -0.07692307692307684, 0.0, 0.12169312169312169, 0.0, 0.0, 0.0, 0.0, 1.0, 0.7463141143425299, 1.0, 0.0, 0.0, 0.0, 0.0, 0.0, 0.0, 0.0]",115242,55882,N1,accept,0.35384615384615375,ts,483,1
"[0.0555555555555556, -0.0555555555555556, -0.16666666666666666, 0.0, -0.10714285714285714, 0.0, 0.0, 0.0, 1.0, 0.6851591657739663, 1.0, 0.0, 0.0, 0.0, 0.0, 0.0, 0.0, 0.0]",111476,105724,N3,accept,0.3388888888888889,ts,2564,1
"[0.03846153846153849, -0.03846153846153849, -0.04092526690391467, 0.05982905982905983, 0.18644067796610161, 0.0, 0.0, 0.0, 1.0, 0.6850846278071606, 1.0, 0.0, 0.0, 0.0, 0.0, 0.0, 0.0, 0.0]",43763,59417,N3,dismiss,-0.3,ts,2537,1
"[0.35, -0.35, -0.05542857142857136, -0.07650273224043716, 0.0625, 0.0, 0.0, 0.0, 1.0, 0.810494061158219, 1.0, 0.0, 0.0, 0.0, 0.0, 0.0, 0.0, 0.0]",104681,61360,N1,dismiss,-0.3,ts,912,1
"[0.20000000000000007, -0.20000000000000007, 0.2, -0.027932960893854747, 1.0, 0.0, 0.0, 0.0, 1.0, 0.600818449721007, 1.0, 0.0, 0.0, 0.0, 0.0, 0.0, 0.0, 0.0]",106065,31966,N3,dismiss,-0.3,ts,546,1
"[0.12499999999999988, -0.12499999999999988, -0.184641932700604, 0.10465116279069768, -0.05, 0.0, 0.0, 0.0, 1.0, 0.6919772410707888, 1.0, 0.0, 0.0, 0.0, 0.0, 0.0, 0.0, 0.0]",73628,180524,N1,accept,0.3874999999999999,ts,1728,1
"[0.1666666666666667, -0.1666666666666667, -0.29411764705882354, -0.1, -0.19999999999999996, 0.0, 0.0, 0.0, 1.0, 0.6456485600683607, 1.0, 0.0, 0.0, 0.0, 0.0, 0.0, 0.0, 0.0]",40189,61090,N3,dismiss,-0.3,ts,1853,1
"[0.47058823529411764, -0.47058823529411764, 0.15384615384615385, 0.0, 0.0, 0.0, 0.0, 0.0, 1.0, 0.8490503635579928, 1.0, 0.0, 0.0, 0.0, 0.0, 0.0, 0.0, 0.0]",156353,18570,N3,dismiss,-0.3,ts,1285,0
"[0.5833333333333333, -0.5833333333333333, -0.04175365344467641, -0.2, -0.06000000000000005, 0.0, 0.0, 0.0, 1.0, 0.8435393464277561, 1.0, 0.0, 0.0, 0.0, 0.0, 0.0, 0.0, 0.0]",141805,113027,N3,dismiss,-0.3,ts,759,0
"[0.5, -0.5, -0.3, 0.0, 0.0, 0.0, 0.0, 0.0, 1.0, 0.8185495653156272, 1.0, 0.0, 0.0, 0.0, 0.0, 0.0, 0.0, 0.0]",38636,18374,N6,dismiss,-0.3,ts,2537,1
"[0.1764705882352941, -0.1764705882352941, 0.0, 0.5829787234042553, 0.0, 0.0, 0.0, 0.0, 1.0, 0.7114165758287343, 1.0, 0.0, 0.0, 0.0, 0.0, 0.0, 0.0, 0.0]",104679,169065,N6,accept,0.4235294117647058,ts,1683,1
"[0.10999999999999997, -0.10999999999999997, -0.06666666666666667, 0.0, -0.2, 0.0, 0.0, 0.0, 1.0, 0.7164623591348536, 1.0, 0.0, 0.0, 0.0, 0.0, 0.0, 0.0, 0.0]",41650,79360,N1,dismiss,-0.3,ts,2865,1
"[0.19999999999999993, -0.19999999999999993, -0.55, -0.9, -0.8363636363636363, 0.0, 0.0, 0.0, 1.0, 0.4423573576868047, 1.0, 0.0, 0.0, 0.0, 0.0, 0.0, 0.0, 0.0]",126074,62598,N1,dismiss,-0.3,ts,1918,1
"[0.3888888888888889, -0.3888888888888889, -0.46507483962936563, 0.20416666666666666, 0.0235294117647058, 0.0, 0.0, 0.0, 1.0, 0.7029881973731301, 1.0, 0.0, 0.0, 0.0, 0.0, 0.0, 0.0, 0.0]",127487,114138,N1,dismiss,-0.3,ts,2635,1
"[0.5636363636363636, -0.5636363636363636, 0.0, -0.024734982332155476, 0.0, 0.0, 0.0, 0.0, 1.0, 0.9149318998851651, 1.0, 0.0, 0.0, 0.0, 0.0, 0.0, 0.0, 0.0]",48999,48997,N6,dismiss,-0.3,ts,1417,0
"[0.09090909090909098, -0.09090909090909098, 0.09833333333333343, 0.06707317073170732, -0.05833333333333327, 0.0, 0.0, 0.0, 1.0, 0.7128256220241773, 1.0, 0.0, 0.0, 0.0, 0.0, 0.0, 0.0, 0.0]",162867,16901,N3,dismiss,-0.3,ts,457,1
"[0.9285714285714285, -0.9285714285714285, -0.4172461752433937, 0.031446540880503145, 0.6901408450704226, 0.0, 0.0, 0.0, 1.0, 0.7363511691399339, 1.0, 0.0, 0.0, 0.0, 0.0, 0.0, 0.0, 0.0]",87864,57551,N6,dismiss,-0.3,ts,2295,1
"[0.7058823529411765, -0.7058823529411765, 0.11957796014068012, 1.0, 1.0, 0.0, 0.0, 0.0, 1.0, 0.6038474550219249, 1.0, 0.0, 0.0, 0.0, 0.0, 0.0, 0.0, 0.0]",147129,146668,N3,dismiss,-0.3,ts,1012,1
"[0.625, -0.625, 0.07707129094412332, 0.0, 0.0, 0.0, 0.0, 0.0, 1.0, 0.904947839553394, 1.0, 0.0, 0.0, 0.0, 0.0, 0.0, 0.0, 0.0]",16734,16731,N3,accept,0.7375,ts,1361,1
"[0.24999999999999997, -0.24999999999999997, -0.27846265409717186, 0.0, 0.0, 0.0, 0.0, 0.0, 1.0, 0.7541829612825312, 1.0, 0.0, 0.0, 0.0, 0.0, 0.0, 0.0, 0.0]",141746,174748,N1,accept,0.475,ts,1237,1
"[0.5, -0.5, -0.18852459016393436, 0.0, 0.0, 0.0, 0.0, 0.0, 1.0, 0.8459637063264451, 1.0, 0.0, 0.0, 0.0, 0.0, 0.0, 0.0, 0.0]",85446,122732,N6,dismiss,-0.3,ts,2171,0
"[0.09999999999999996, -0.09999999999999996, -0.06312499999999999, -0.3333333333333333, -0.42000000000000004, 0.0, 0.0, 0.0, 1.0, 0.605269298899058, 1.0, 0.0, 0.0, 0.0, 0.0, 0.0, 0.0, 0.0]",71734,169362,N3,accept,0.36999999999999994,ts,426,1
"[0.2857142857142858, -0.2857142857142858, -0.002399999999999949, 0.0728476821192053, -0.48, 0.0, 0.0, 0.0, 1.0, 0.7371710676477934, 1.0, 0.0, 0.0, 0.0, 0.0, 0.0, 0.0, 0.0]",108112,185708,N1,dismiss,-0.3,ts,876,1
"[0.7954545454545455, -0.7954545454545455, -0.41470994475138123, 0.13095238095238096, -0.23333333333333334, 0.0, 0.0, 0.0, 1.0, 0.7546522405081744, 1.0, 0.0, 0.0, 0.0, 0.0, 0.0, 0.0, 0.0]",135543,89765,N3,dismiss,-0.3,ts,1085,1
"[0.3636363636363637, -0.3636363636363637, 0.1013215859030837, 0.057971014492753624, 0.25, 0.0, 0.0, 0.0, 1.0, 0.7621489741842852, 1.0, 0.0, 0.0, 0.0, 0.0, 0.0, 0.0, 0.0]",123207,123174,N3,dismiss,-0.3,ts,2720,0
"[0.25, -0.25, 0.0, 0.07453416149068323, 0.13636363636363635, 0.0, 0.0, 0.0, 1.0, 0.7830109453831142, 1.0, 0.0, 0.0, 0.0, 0.0, 0.0, 0.0, 0.0]",43090,117045,N3,dismiss,-0.3,ts,574,0
"[0.15999999999999998, -0.15999999999999998, -0.07235621521335804, 0.7087378640776699, 0.3529411764705884, 0.0, 0.0, 0.0, 1.0, 0.5923278131666835, 1.0, 0.0, 0.0, 0.0, 0.0, 0.0, 0.0, 0.0]",117087,15171,N3,dismiss,-0.3,ts,1095,1
"[0.11999999999999993, -0.11999999999999993, -0.4444444444444444, 0.0169971671388102, -0.07142857142857142, 0.0, 0.0, 0.0, 1.0, 0.651760907240121, 1.0, 0.0, 0.0, 0.0, 0.0, 0.0, 0.0, 0.0]",107307,123140,N3,accept,0.38399999999999995,ts,2238,1
"[0.11458333333333333, -0.11458333333333333, -0.08759124087591248, -0.5587392550143266, -0.77, 0.0, 0.0, 0.0, 1.0, 0.5416340437403093, 1.0, 0.0, 0.0, 0.0, 0.0, 0.0, 0.0, 0.0]",108839,142262,N3,dismiss,-0.3,ts,2693,0
"[0.5636363636363637, -0.5636363636363637, 0.12023898431665417, -0.022535211267605635, 1.0, 0.0, 0.0, 0.0, 1.0, 0.743112048426343, 1.0, 0.0, 0.0, 0.0, 0.0, 0.0, 0.0, 0.0]",123260,107659,N3,dismiss,-0.3,ts,1676,1
"[0.5599999999999999, -0.5599999999999999, 0.24223602484472048, 0.34615384615384615, -0.20212765957446813, 0.0, 0.0, 0.0, 1.0, 0.7198407737388159, 1.0, 0.0, 0.0, 0.0, 0.0, 0.0, 0.0, 0.0]",185582,30105,N1,dismiss,-0.3,ts,1987,1
"[0.12500000000000006, -0.12500000000000006, 0.0, -0.2896825396825397, -0.08695652173913043, 0.0, 0.0, 0.0, 1.0, 0.7064268910671658, 1.0, 0.0, 0.0, 0.0, 0.0, 0.0, 0.0, 0.0]",110120,128281,N6,dismiss,-0.3,ts,2428,1
"[0.4235294117647059, -0.4235294117647059, -0.2159090909090909, 0.10526315789473684, 0.020000000000000018, 0.0, 0.0, 0.0, 1.0, 0.7859292749421055, 1.0, 0.0, 0.0, 0.0, 0.0, 0.0, 0.0, 0.0]",87407,82101,N3,accept,0.5964705882352941,ts,2991,1
"[0.5111111111111111, -0.5111111111111111, -0.0021154427319431935, 0.34076433121019106, 0.16666666666666666, 0.0, 0.0, 0.0, 1.0, 0.7937585263005966, 1.0, 0.0, 0.0, 0.0, 0.0, 0.0, 0.0, 0.0]",104690,61314,N6,dismiss,-0.3,ts,1238,1
"[0.25, -0.25, -0.5447647951441579, -0.011428571428571429, 0.10619469026548665, 0.0, 0.0, 0.0, 1.0, 0.6747720676390024, 1.0, 0.0, 0.0, 0.0, 0.0, 0.0, 0.0, 0.0]",16901,117045,N3,dismiss,-0.3,ts,2808,0
"[0.6173469387755102, -0.6173469387755102, 0.12640801001251561, 0.019943019943019943, 0.6666666666666666, 0.0, 0.0, 0.0, 1.0, 0.7711798312726024, 1.0, 0.0, 0.0, 0.0, 0.0, 0.0, 0.0, 0.0]",105910,151849,N1,accept,0.7321428571428571,ts,2663,1
"[0.0769230769230768, -0.0769230769230768, 0.125, -0.75, -0.44000000000000006, 0.0, 0.0, 0.0, 1.0, 0.5301659338444363, 1.0, 0.0, 0.0, 0.0, 0.0, 0.0, 0.0, 0.0]",57385,81128,N6,accept,0.35384615384615375,ts,1944,1
"[0.75, -0.75, -0.5, 0.0, 0.0, 0.0, 0.0, 0.0, 1.0, 0.8259011557847338, 1.0, 0.0, 0.0, 0.0, 0.0, 0.0, 0.0, 0.0]",112476,93843,N6,accept,0.825,ts,1670,1
"[0.25, -0.25, -0.24812030075187969, 0.005813953488372093, 0.041666666666666664, 0.0, 0.0, 0.0, 1.0, 0.7476249554836153, 1.0, 0.0, 0.0, 0.0, 0.0, 0.0, 0.0, 0.0]",174773,117045,N1,dismiss,-0.3,ts,1497,1
"[0.36974789915966383, -0.36974789915966383, -0.3728571428571429, 0.06870229007633588, -0.36, 0.0, 0.0, 0.0, 1.0, 0.6746285739509242, 1.0, 0.0, 0.0, 0.0, 0.0, 0.0, 0.0, 0.0]",104682,128254,N1,dismiss,-0.3,ts,472,1
"[0.30000000000000004, -0.30000000000000004, 0.1546875000000001, 0.01507537688442211, -0.24242424242424243, 0.0, 0.0, 0.0, 1.0, 0.7401693127140924, 1.0, 0.0, 0.0, 0.0, 0.0, 0.0, 0.0, 0.0]",69111,81395,N3,dismiss,-0.3,ts,1833,0
"[0.5, -0.5, -0.2252497729336967, -0.6851063829787234, -0.9142857142857144, 0.0, 0.0, 0.0, 1.0, 0.5984535484947148, 1.0, 0.0, 0.0, 0.0, 0.0, 0.0, 0.0, 0.0]",156584,147129,N1,dismiss,-0.3,ts,2139,1
"[0.20000000000000007, -0.20000000000000007, -0.16684045881126172, -0.37714285714285717, 0.4117647058823529, 0.0, 0.0, 0.0, 1.0, 0.6024685708260071, 1.0, 0.0, 0.0, 0.0, 0.0, 0.0, 0.0, 0.0]",78003,115245,N6,dismiss,-0.3,ts,2830,1
"[0.9228571428571429, -0.9228571428571429, -0.2761430511543685, 0.09917355371900827, -0.4583333333333333, 0.0, 0.0, 0.0, 1.0, 0.7685935228198763, 1.0, 0.0, 0.0, 0.0, 0.0, 0.0, 0.0, 0.0]",110166,128247,N1,dismiss,-0.3,ts,2899,1
"[0.5, -0.5, -0.041133963312951556, -0.056666666666666664, -0.14545454545454542, 0.0, 0.0, 0.0, 1.0, 0.8390577642795004, 1.0, 0.0, 0.0, 0.0, 0.0, 0.0, 0.0, 0.0]",183166,185510,N6,dismiss,-0.3,ts,2536,1
"[0.5636363636363637, -0.5636363636363637, -0.22954545454545458, -0.011396011396011397, 0.5714285714285714, 0.0, 0.0, 0.0, 1.0, 0.7429992451003153, 1.0, 0.0, 0.0, 0.0, 0.0, 0.0, 0.0, 0.0]",70000,108828,N1,dismiss,-0.3,ts,2210,1
"[0.1666666666666667, -0.1666666666666667, 0.0, 1.0, 1.0, 0.0, 0.0, 0.0, 1.0, 0.5151700224508992, 1.0, 0.0, 0.0, 0.0, 0.0, 0.0, 0.0, 0.0]",37985,126074,N1,dismiss,-0.3,ts,977,1
"[0.20000000000000007, -0.20000000000000007, -0.00663349917081258, 0.019943019943019943, -0.5, 0.0, 0.0, 0.0, 1.0, 0.7195090339231701, 1.0, 0.0, 0.0, 0.0, 0.0, 0.0, 0.0, 0.0]",15532,135483,N3,dismiss,-0.3,ts,2618,0
"[0.08928571428571436, -0.08928571428571436, -0.26666666666666666, -0.9233333333333333, -0.7363636363636363, 0.0, 0.0, 0.0, 1.0, 0.45867183971799486, 1.0, 0.0, 0.0, 0.0, 0.0, 0.0, 0.0, 0.0]",41373,51572,N3,dismiss,-0.3,ts,882,1
"[0.3, -0.3, 0.2, 0.0, 0.0, 0.0, 0.0, 0.0, 1.0, 0.7895387605196299, 1.0, 0.0, 0.0, 0.0, 0.0, 0.0, 0.0, 0.0]",133969,50807,N3,dismiss,-0.3,ts,2705,0
"[0.14285714285714285, -0.14285714285714285, -0.38748261474269824, -0.40458015267175573, 0.13333333333333333, 0.0, 0.0, 0.0, 1.0, 0.5765842196079609, 1.0, 0.0, 0.0, 0.0, 0.0, 0.0, 0.0, 0.0]",110096,146728,N3,dismiss,-0.3,ts,1160,1
"[0.09090909090909098, -0.09090909090909098, -0.20200000000000004, 0.009259259259259259, -0.05999999999999996, 0.0, 0.0, 0.0, 1.0, 0.6976958358832301, 1.0, 0.0, 0.0, 0.0, 0.0, 0.0, 0.0, 0.0]",162891,82380,N6,dismiss,-0.3,ts,574,1
"[0.3, -0.3, -0.6, 0.0, 0.0, 0.0, 0.0, 0.0, 1.0, 0.7157135936949424, 1.0, 0.0, 0.0, 0.0, 0.0, 0.0, 0.0, 0.0]",77920,29449,N6,dismiss,-0.3,ts,2678,1
"[0.25, -0.25, -0.5447647951441579, -0.011428571428571429, 0.10619469026548665, 0.0, 0.0, 0.0, 1.0, 0.6747720676390024, 1.0, 0.0, 0.0, 0.0, 0.0, 0.0, 0.0, 0.0]",16901,117045,N3,dismiss,-0.3,ts,932,0
"[0.30000000000000004, -0.30000000000000004, 0.07455197132616495, 0.09195402298850575, 0.0, 0.0, 0.0, 0.0, 1.0, 0.80257251054552, 1.0, 0.0, 0.0, 0.0, 0.0, 0.0, 0.0, 0.0]",81449,104485,N3,dismiss,-0.3,ts,503,1
"[0.0555555555555556, -0.0555555555555556, -0.30286857905270187, -0.27848101265822783, -0.13999999999999999, 0.0, 0.0, 0.0, 1.0, 0.5792292623515911, 1.0, 0.0, 0.0, 0.0, 0.0, 0.0, 0.0, 0.0]",155616,18005,N6,dismiss,-0.3,ts,1759,1
"[0.09090909090909098, -0.09090909090909098, 0.015037593984962442, -0.05865102639296188, -0.15384615384615385, 0.0, 0.0, 0.0, 1.0, 0.7216243777584788, 1.0, 0.0, 0.0, 0.0, 0.0, 0.0, 0.0, 0.0]",174771,142493,N3,dismiss,-0.3,ts,2730,1
"[0.023255813953488292, -0.023255813953488292, 0.1956001912960306, 0.16556291390728478, -0.014285714285714235, 0.0, 0.0, 0.0, 1.0, 0.6474584734267568, 1.0, 0.0, 0.0, 0.0, 0.0, 0.0, 0.0, 0.0]",115226,15171,N3,dismiss,-0.3,ts,2343,0
"[0.5636363636363637, -0.5636363636363637, 0.05263157894736842, 0.09269662921348315, 1.0, 0.0, 0.0, 0.0, 1.0, 0.727177802861636, 1.0, 0.0, 0.0, 0.0, 0.0, 0.0, 0.0, 0.0]",107747,107588,N1,dismiss,-0.3,ts,1592,1
"[0.3636363636363637, -0.3636363636363637, -0.1836734693877551, 0.028169014084507043, 0.36363636363636365, 0.0, 0.0, 0.0, 1.0, 0.7270569980234165, 1.0, 0.0, 0.0, 0.0, 0.0, 0.0, 0.0, 0.0]",123023,123174,N6,dismiss,-0.3,ts,1525,1
"[0.85, -0.85, -0.005000000000000071, 0.0, 0.0, 0.0, 0.0, 0.0, 1.0, 0.9617967240690748, 1.0, 0.0, 0.0, 0.0, 0.0, 0.0, 0.0, 0.0]",38018,174748,N3,dismiss,-0.3,ts,2200,0
"[0.3636363636363637, -0.3636363636363637, -0.5, 0.031073446327683617, 0.15384615384615385, 0.0, 0.0, 0.0, 1.0, 0.6990852709263733, 1.0, 0.0, 0.0, 0.0, 0.0, 0.0, 0.0, 0.0]",108842,123174,N3,dismiss,-0.3,ts,2347,0
"[0.5, -0.5, 0.0003029385034839478, 0.5421245421245421, 0.21739130434782608, 0.0, 0.0, 0.0, 1.0, 0.7565002507531393, 1.0, 0.0, 0.0, 0.0, 0.0, 0.0, 0.0, 0.0]",86743,61314,N3,accept,0.6499999999999999,ts,1422,1
"[0.5636363636363637, -0.5636363636363637, -0.16573971078976643, -0.028011204481792718, 0.8333333333333334, 0.0, 0.0, 0.0, 1.0, 0.7359030566464657, 1.0, 0.0, 0.0, 0.0, 0.0, 0.0, 0.0, 0.0]",166050,107659,N1,dismiss,-0.3,ts,1827,1
"[0.0555555555555556, -0.0555555555555556, -0.30286857905270187, -0.27848101265822783, -0.13999999999999999, 0.0, 0.0, 0.0, 1.0, 0.5792292623515911, 1.0, 0.0, 0.0, 0.0, 0.0, 0.0, 0.0, 0.0]",155616,18005,N6,accept,0.3388888888888889,ts,1694,1
"[0.6875, -0.6875, 0.05571428571428579, 0.18461538461538463, -0.6592592592592593, 0.0, 0.0, 0.0, 1.0, 0.7663329371063949, 1.0, 0.0, 0.0, 0.0, 0.0, 0.0, 0.0, 0.0]",20014,140660,N3,accept,0.78125,ts,1515,0
"[0.2888888888888889, -0.2888888888888889, -0.11724137931034483, 0.053003533568904596, 0.4166666666666667, 0.0, 0.0, 0.0, 1.0, 0.7103242631172707, 1.0, 0.0, 0.0, 0.0, 0.0, 0.0, 0.0, 0.0]",134111,104963,N6,dismiss,-0.3,ts,2268,1
"[0.37499999999999994, -0.37499999999999994, -0.18882352941176475, 1.0, 0.8333333333333334, 0.0, 0.0, 0.0, 1.0, 0.545798811458408, 1.0, 0.0, 0.0, 0.0, 0.0, 0.0, 0.0, 0.0]",18437,141750,N3,dismiss,-0.3,ts,995,1
"[0.07692307692307684, -0.07692307692307684, -0.1872881355932203, 1.0, -0.2916666666666667, 0.0, 0.0, 0.0, 1.0, 0.5172933252956673, 1.0, 0.0, 0.0, 0.0, 0.0, 0.0, 0.0, 0.0]",92709,55882,N6,dismiss,-0.3,ts,781,1
"[0.20000000000000007, -0.20000000000000007, 0.09090909090909091, -0.008547008547008548, -0.14285714285714285, 0.0, 0.0, 0.0, 1.0, 0.7497580191893745, 1.0, 0.0, 0.0, 0.0, 0.0, 0.0, 0.0, 0.0]",151838,31966,N6,dismiss,-0.3,ts,2737,1
"[0.20000000000000007, -0.20000000000000007, -0.29411764705882354, -0.02824858757062147, -0.11538461538461539, 0.0, 0.0, 0.0, 1.0, 0.6947381995127184, 1.0, 0.0, 0.0, 0.0, 0.0, 0.0, 0.0, 0.0]",108741,31972,N3,dismiss,-0.3,ts,532,1
"[0.13333333333333328, -0.13333333333333328, -0.09600443951165374, -0.13846153846153847, -0.07999999999999999, 0.0, 0.0, 0.0, 1.0, 0.7059422282078749, 1.0, 0.0, 0.0, 0.0, 0.0, 0.0, 0.0, 0.0]",83435,143094,N3,dismiss,-0.3,ts,1472,1
"[0.20000000000000007, -0.20000000000000007, 0.09090909090909091, -0.008547008547008548, -0.14285714285714285, 0.0, 0.0, 0.0, 1.0, 0.7497580191893745, 1.0, 0.0, 0.0, 0.0, 0.0, 0.0, 0.0, 0.0]",162723,31966,N3,dismiss,-0.3,ts,2923,1
"[0.20000000000000004, -0.20000000000000004, -0.634703196347032, 0.07407407407407407, -0.74, 0.0, 0.0, 0.0, 1.0, 0.5425189848892313, 1.0, 0.0, 0.0, 0.0, 0.0, 0.0, 0.0, 0.0]",19598,106004,N6,dismiss,-0.3,ts,766,1
"[0.25000000000000006, -0.25000000000000006, 0.058823529411764705, 0.0, 0.0, 0.0, 0.0, 0.0, 1.0, 0.8173913026682518, 1.0, 0.0, 0.0, 0.0, 0.0, 0.0, 0.0, 0.0]",41870,167076,N3,accept,0.475,ts,2329,1
"[0.20000000000000007, -0.20000000000000007, -0.2745454545454545, -0.02564102564102564, -0.21428571428571427, 0.0, 0.0, 0.0, 1.0, 0.6785405236319723, 1.0, 0.0, 0.0, 0.0, 0.0, 0.0, 0.0, 0.0]",162723,107170,N3,accept,0.44000000000000006,ts,1829,1
"[0.22666666666666668, -0.22666666666666668, -0.5995995995995996, 0.0, 0.0, 0.0, 0.0, 0.0, 1.0, 0.6921564497180331, 1.0, 0.0, 0.0, 0.0, 0.0, 0.0, 0.0, 0.0]",71092,40258,N3,dismiss,-0.3,ts,2539,0
"[0.24999999999999997, -0.24999999999999997, -0.27846265409717186, 0.0, 0.0, 0.0, 0.0, 0.0, 1.0, 0.7541829612825312, 1.0, 0.0, 0.0, 0.0, 0.0, 0.0, 0.0, 0.0]",141746,174748,N3,dismiss,-0.3,ts,1467,0
"[0.3411764705882352, -0.3411764705882352, 0.0, -0.017543859649122806, -0.05999999999999996, 0.0, 0.0, 0.0, 1.0, 0.8456959310239913, 1.0, 0.0, 0.0, 0.0, 0.0, 0.0, 0.0, 0.0]",87407,74186,N3,dismiss,-0.3,ts,1388,1
"[0.023255813953488393, -0.023255813953488393, 0.03894297635605003, 0.0, -0.03571428571428571, 0.0, 0.0, 0.0, 1.0, 0.7333907959334611, 1.0, 0.0, 0.0, 0.0, 0.0, 0.0, 0.0, 0.0]",20076,20077,N3,accept,0.31627906976744186,ts,1223,0
"[0.076923076923077, -0.076923076923077, 0.0, 0.0, 0.0, 0.0, 0.0, 0.0, 1.0, 0.7787188164556538, 1.0, 0.0, 0.0, 0.0, 0.0, 0.0, 0.0, 0.0]",93861,174758,N3,dismiss,-0.3,ts,2874,0
"[0.08333333333333323, -0.08333333333333323, -0.17103762827822122, 0.0, 0.0, 0.0, 0.0, 0.0, 1.0, 0.7231472001150814, 1.0, 0.0, 0.0, 0.0, 0.0, 0.0, 0.0, 0.0]",147381,85069,N3,dismiss,-0.3,ts,2813,0
"[0.20000000000000007, -0.20000000000000007, -0.4595833333333333, -0.0918918918918919, 1.0, 0.0, 0.0, 0.0, 1.0, 0.5404319134665907, 1.0, 0.0, 0.0, 0.0, 0.0, 0.0, 0.0, 0.0]",107308,107554,N3,dismiss,-0.3,ts,1012,1
"[0.3636363636363637, -0.3636363636363637, 0.0, 0.0, 0.0, 0.0, 0.0, 0.0, 1.0, 0.8742764353476687, 1.0, 0.0, 0.0, 0.0, 0.0, 0.0, 0.0, 0.0]",123054,123174,N3,dismiss,-0.3,ts,2796,0
"[0.5636363636363637, -0.5636363636363637, -0.13291139240506325, -0.019662921348314606, 0.6666666666666666, 0.0, 0.0, 0.0, 1.0, 0.7592420090514145, 1.0, 0.0, 0.0, 0.0, 0.0, 0.0, 0.0, 0.0]",116201,108839,N3,dismiss,-0.3,ts,2897,1
"[0.5, -0.5, 0.03799999999999997, 0.0, 0.0, 0.0, 0.0, 0.0, 1.0, 0.8941504794086983, 1.0, 0.0, 0.0, 0.0, 0.0, 0.0, 0.0, 0.0]",69946,16718,N3,dismiss,-0.3,ts,1742,1
"[0.296, -0.296, -0.00663349917081258, 0.019943019943019943, -0.5, 0.0, 0.0, 0.0, 1.0, 0.7509195160151413, 1.0, 0.0, 0.0, 0.0, 0.0, 0.0, 0.0, 0.0]",15535,135482,N3,dismiss,-0.3,ts,2480,1
"[0.0555555555555556, -0.0555555555555556, -0.16666666666666666, 0.01764705882352941, 0.0, 0.0, 0.0, 0.0, 1.0, 0.7088897221869671, 1.0, 0.0, 0.0, 0.0, 0.0, 0.0, 0.0, 0.0]",123852,105724,N3,dismiss,-0.3,ts,1478,0
"[0.20000000000000007, -0.20000000000000007, -0.20398009950248752, -0.019943019943019943, -0.14285714285714285, 0.0, 0.0, 0.0, 1.0, 0.7126856568680295, 1.0, 0.0, 0.0, 0.0, 0.0, 0.0, 0.0, 0.0]",151840,31975,N3,dismiss,-0.3,ts,1469,1
"[0.1666666666666667, -0.1666666666666667, 0.2, 0.0, 0.0, 0.0, 0.0, 0.0, 1.0, 0.7452936748080553, 1.0, 0.0, 0.0, 0.0, 0.0, 0.0, 0.0, 0.0]",18364,61090,N3,dismiss,-0.3,ts,1421,0
"[0.20000000000000007, -0.20000000000000007, -0.2488262910798122, -0.022727272727272728, 0.0, 0.0, 0.0, 0.0, 1.0, 0.7377538311564746, 1.0, 0.0, 0.0, 0.0, 0.0, 0.0, 0.0, 0.0]",74281,31975,N6,dismiss,-0.3,ts,1830,1
"[0.12918660287081332, -0.12918660287081332, -0.19466831990080596, 0.0, 0.0, 0.0, 0.0, 0.0, 1.0, 0.73334879878766, 1.0, 0.0, 0.0, 0.0, 0.0, 0.0, 0.0, 0.0]",90708,16645,N6,dismiss,-0.3,ts,2264,1
"[0.0769230769230768, -0.0769230769230768, 0.2, -0.75, -0.44000000000000006, 0.0, 0.0, 0.0, 1.0, 0.5084697864372832, 1.0, 0.0, 0.0, 0.0, 0.0, 0.0, 0.0, 0.0]",131606,81128,N3,dismiss,-0.3,ts,1675,0
"[0.20000000000000004, -0.20000000000000004, 0.21428571428571427, -0.75, -0.44000000000000006, 0.0, 0.0, 0.0, 1.0, 0.5488029253936105, 1.0, 0.0, 0.0, 0.0, 0.0, 0.0, 0.0, 0.0]",39150,18334,N3,dismiss,-0.3,ts,1979,0
"[0.4583333333333333, -0.4583333333333333, -0.3461377870563674, 0.02, 0.07999999999999999, 0.0, 0.0, 0.0, 1.0, 0.7711205717282401, 1.0, 0.0, 0.0, 0.0, 0.0, 0.0, 0.0, 0.0]",141805,123325,N3,dismiss,-0.3,ts,2923,1
"[0.2727272727272727, -0.2727272727272727, -0.27048634243837444, 0.0, 0.0, 0.0, 0.0, 0.0, 1.0, 0.7633614666745693, 1.0, 0.0, 0.0, 0.0, 0.0, 0.0, 0.0, 0.0]",81453,81452,N3,dismiss,-0.3,ts,2292,1
"[0.5636363636363637, -0.5636363636363637, 0.23253903040262944, 0.005797101449275362, 0.8333333333333334, 0.0, 0.0, 0.0, 1.0, 0.7243913063121337, 1.0, 0.0, 0.0, 0.0, 0.0, 0.0, 0.0, 0.0]",123006,107659,N3,dismiss,-0.3,ts,842,1
"[0.09999999999999991, -0.09999999999999991, -0.665546218487395, 0.0, 0.0, 0.0, 0.0, 0.0, 1.0, 0.6400589572696636, 1.0, 0.0, 0.0, 0.0, 0.0, 0.0, 0.0, 0.0]",54201,16809,N6,dismiss,-0.3,ts,2287,1
"[0.18749999999999997, -0.18749999999999997, -0.4164235097957482, 0.5172413793103449, -0.14285714285714285, 0.0, 0.0, 0.0, 1.0, 0.5715104383342711, 1.0, 0.0, 0.0, 0.0, 0.0, 0.0, 0.0, 0.0]",155856,114738,N3,dismiss,-0.3,ts,1481,0
"[0.33333333333333337, -0.33333333333333337, -0.04368673415023976, 0.4751131221719457, 0.25, 0.0, 0.0, 0.0, 1.0, 0.6977738805226098, 1.0, 0.0, 0.0, 0.0, 0.0, 0.0, 0.0, 0.0]",104466,155669,N3,dismiss,-0.3,ts,2528,0
"[0.09090909090909098, -0.09090909090909098, 0.0, 0.07331378299120235, -0.85, 0.0, 0.0, 0.0, 1.0, 0.6408260239781763, 1.0, 0.0, 0.0, 0.0, 0.0, 0.0, 0.0, 0.0]",30023,189368,N3,accept,0.36363636363636365,ts,1366,0
"[0.47058823529411764, -0.47058823529411764, 0.18181818181818182, 0.14, 0.18000000000000002, 0.0, 0.0, 0.0, 1.0, 0.759069863248445, 1.0, 0.0, 0.0, 0.0, 0.0, 0.0, 0.0, 0.0]",18323,37953,N3,dismiss,-0.3,ts,1106,0
"[0.8, -0.8, 0.0, 1.0, 1.0, 0.0, 0.0, 0.0, 1.0, 0.6626816974221303, 1.0, 0.0, 0.0, 0.0, 0.0, 0.0, 0.0, 0.0]",51128,51605,N3,dismiss,-0.3,ts,628,0
"[0.7576530612244898, -0.7576530612244898, -0.04534606205250594, -0.6666666666666666, -0.33999999999999997, 0.0, 0.0, 0.0, 1.0, 0.7514982057090797, 1.0, 0.0, 0.0, 0.0, 0.0, 0.0, 0.0, 0.0]",33277,174927,N3,dismiss,-0.3,ts,717,0
"[0.9137254901960783, -0.9137254901960783, -0.07732962447844231, -0.2305194805194805, 0.7857142857142857, 0.0, 0.0, 0.0, 1.0, 0.7668044001697728, 1.0, 0.0, 0.0, 0.0, 0.0, 0.0, 0.0, 0.0]",55377,117335,N3,dismiss,-0.3,ts,2305,1
"[0.8785714285714287, -0.8785714285714287, -0.35714285714285715, 0.0, 0.0, 0.0, 0.0, 0.0, 1.0, 0.8644708419781049, 1.0, 0.0, 0.0, 0.0, 0.0, 0.0, 0.0, 0.0]",164512,18219,N3,dismiss,-0.3,ts,1559,1
"[0.5636363636363637, -0.5636363636363637, -0.3181818181818182, -0.011396011396011397, 0.5714285714285714, 0.0, 0.0, 0.0, 1.0, 0.7224703532662871, 1.0, 0.0, 0.0, 0.0, 0.0, 0.0, 0.0, 0.0]",162723,107659,N3,dismiss,-0.3,ts,413,1
"[0.4962962962962963, -0.4962962962962963, -0.15, 0.0, 0.0, 0.0, 0.0, 0.0, 1.0, 0.8561193652923813, 1.0, 0.0, 0.0, 0.0, 0.0, 0.0, 0.0, 0.0]",135207,18279,N3,dismiss,-0.3,ts,1990,1
"[0.12499999999999988, -0.12499999999999988, 0.22662889518413595, -0.23684210526315788, 0.10526315789473684, 0.0, 0.0, 0.0, 1.0, 0.6383733944913446, 1.0, 0.0, 0.0, 0.0, 0.0, 0.0, 0.0, 0.0]",180520,144702,N3,dismiss,-0.3,ts,1916,0
"[0.2515151515151516, -0.2515151515151516, -0.18550000000000005, 0.5, 0.1, 0.0, 0.0, 0.0, 1.0, 0.6560844790808397, 1.0, 0.0, 0.0, 0.0, 0.0, 0.0, 0.0, 0.0]",80033,143094,N3,dismiss,-0.3,ts,463,1
"[0.2307692307692307, -0.2307692307692307, -0.0625, -0.48333333333333334, -0.38, 0.0, 0.0, 0.0, 1.0, 0.6369417018705579, 1.0, 0.0, 0.0, 0.0, 0.0, 0.0, 0.0, 0.0]",57385,41650,N3,dismiss,-0.3,ts,1723,1
"[0.30000000000000004, -0.30000000000000004, -0.3508771929824562, -0.08, 0.059999999999999984, 0.0, 0.0, 0.0, 1.0, 0.7154773582189826, 1.0, 0.0, 0.0, 0.0, 0.0, 0.0, 0.0, 0.0]",110598,141822,N6,dismiss,-0.3,ts,1723,1
"[0.14, -0.14, -0.31562500000000004, 0.030303030303030304, 0.0, 0.0, 0.0, 0.0, 1.0, 0.6993060113850216, 1.0, 0.0, 0.0, 0.0, 0.0, 0.0, 0.0, 0.0]",106755,69993,N6,dismiss,-0.3,ts,2785,1
"[0.41666666666666663, -0.41666666666666663, 0.1926782273603083, -0.02158273381294964, 0.0, 0.0, 0.0, 0.0, 1.0, 0.8183544914832085, 1.0, 0.0, 0.0, 0.0, 0.0, 0.0, 0.0, 0.0]",125880,39280,N3,dismiss,-0.3,ts,1501,0
"[0.24999999999999994, -0.24999999999999994, -0.2356406480117821, 0.007246376811594203, 0.0, 0.0, 0.0, 0.0, 1.0, 0.7622715073471614, 1.0, 0.0, 0.0, 0.0, 0.0, 0.0, 0.0, 0.0]",108507,125880,N3,dismiss,-0.3,ts,2903,1
"[0.28571428571428575, -0.28571428571428575, 0.23592419664927214, 0.4583333333333333, -0.1, 0.0, 0.0, 0.0, 1.0, 0.658588363112707, 1.0, 0.0, 0.0, 0.0, 0.0, 0.0, 0.0, 0.0]",139086,127333,N3,dismiss,-0.3,ts,1156,0
"[0.11764705882352951, -0.11764705882352951, -0.5333333333333333, 0.08, -0.039999999999999994, 0.0, 0.0, 0.0, 1.0, 0.628785089867005, 1.0, 0.0, 0.0, 0.0, 0.0, 0.0, 0.0, 0.0]",77265,122734,N3,dismiss,-0.3,ts,1652,1
"[0.25000000000000006, -0.25000000000000006, -0.0625, -0.34, 0.039999999999999994, 0.0, 0.0, 0.0, 1.0, 0.7305487309174494, 1.0, 0.0, 0.0, 0.0, 0.0, 0.0, 0.0, 0.0]",40998,50997,N6,dismiss,-0.3,ts,1452,1
"[0.13333333333333328, -0.13333333333333328, -0.09600443951165374, -0.13846153846153847, -0.07999999999999999, 0.0, 0.0, 0.0, 1.0, 0.7059422282078749, 1.0, 0.0, 0.0, 0.0, 0.0, 0.0, 0.0, 0.0]",83435,143094,N3,accept,0.39333333333333326,ts,1510,1
"[0.3, -0.3, 0.0, 0.0, 0.0, 0.0, 0.0, 0.0, 1.0, 0.8554747513125021, 1.0, 0.0, 0.0, 0.0, 0.0, 0.0, 0.0, 0.0]",68609,50807,N3,dismiss,-0.3,ts,2438,0
"[0.8944444444444445, -0.8944444444444445, 0.24700000000000005, 0.2366412213740458, -0.36, 0.0, 0.0, 0.0, 1.0, 0.7565101042771996, 1.0, 0.0, 0.0, 0.0, 0.0, 0.0, 0.0, 0.0]",80035,185708,N3,dismiss,-0.3,ts,672,0
"[0.5599999999999999, -0.5599999999999999, 0.0013342228152101116, 0.014035087719298246, 0.03571428571428559, 0.0, 0.0, 0.0, 1.0, 0.9064267245263649, 1.0, 0.0, 0.0, 0.0, 0.0, 0.0, 0.0, 0.0]",104485,114138,N3,dismiss,-0.3,ts,951,0
"[0.20000000000000004, -0.20000000000000004, -0.08571428571428572, 0.18253968253968253, 0.0625, 0.0, 0.0, 0.0, 1.0, 0.7278160105377319, 1.0, 0.0, 0.0, 0.0, 0.0, 0.0, 0.0, 0.0]",115390,104963,N3,dismiss,-0.3,ts,1313,0
"[0.3636363636363637, -0.3636363636363637, 0.0, 0.016713091922005572, 0.25, 0.0, 0.0, 0.0, 1.0, 0.8103249790259089, 1.0, 0.0, 0.0, 0.0, 0.0, 0.0, 0.0, 0.0]",123014,123174,N3,dismiss,-0.3,ts,1296,0
"[0.625, -0.625, -0.03454231433506045, 0.0, 0.0, 0.0, 0.0, 0.0, 1.0, 0.9201674193460119, 1.0, 0.0, 0.0, 0.0, 0.0, 0.0, 0.0, 0.0]",16725,16731,N3,dismiss,-0.3,ts,1750,1
"[0.6875, -0.6875, 0.05571428571428579, 0.18461538461538463, -0.6592592592592593, 0.0, 0.0, 0.0, 1.0, 0.7663329371063949, 1.0, 0.0, 0.0, 0.0, 0.0, 0.0, 0.0, 0.0]",20014,140660,N3,dismiss,-0.3,ts,2964,0
"[0.56, -0.56, -0.0009990009990009777, 0.5495049504950495, -0.4, 0.0, 0.0, 0.0, 1.0, 0.7384325320464852, 1.0, 0.0, 0.0, 0.0, 0.0, 0.0, 0.0, 0.0]",170191,169349,N3,dismiss,-0.3,ts,2654,0
"[0.6875, -0.6875, -0.34684095860566444, -0.14206128133704735, 0.5862068965517241, 0.0, 0.0, 0.0, 1.0, 0.7028927983455574, 1.0, 0.0, 0.0, 0.0, 0.0, 0.0, 0.0, 0.0]",158412,115951,N3,dismiss,-0.3,ts,1944,1
"[0.1200000000000001, -0.1200000000000001, 0.1455847255369929, -0.08011869436201781, -0.52, 0.0, 0.0, 0.0, 1.0, 0.6248074521533694, 1.0, 0.0, 0.0, 0.0, 0.0, 0.0, 0.0, 0.0]",57278,59423,N3,dismiss,-0.3,ts,492,1
"[0.25000000000000006, -0.25000000000000006, 0.17647058823529413, -0.1, 0.019999999999999973, 0.0, 0.0, 0.0, 1.0, 0.7470410829548414, 1.0, 0.0, 0.0, 0.0, 0.0, 0.0, 0.0, 0.0]",18279,37985,N3,dismiss,-0.3,ts,2575,0
"[0.12499999999999988, -0.12499999999999988, -0.01459854014598546, 0.5702479338842975, -0.05, 0.0, 0.0, 0.0, 1.0, 0.6742529909181216, 1.0, 0.0, 0.0, 0.0, 0.0, 0.0, 0.0, 0.0]",56538,180524,N3,accept,0.3874999999999999,ts,2001,1
"[0.3636363636363637, -0.3636363636363637, 0.0, 0.0, 0.0, 0.0, 0.0, 0.0, 1.0, 0.8742764353476687, 1.0, 0.0, 0.0, 0.0, 0.0, 0.0, 0.0, 0.0]",123054,123174,N3,dismiss,-0.3,ts,1655,0
"[0.25, -0.25, 0.0, 0.0, 0.0, 0.0, 0.0, 0.0, 1.0, 0.8395893495876965, 1.0, 0.0, 0.0, 0.0, 0.0, 0.0, 0.0, 0.0]",116939,117045,N3,accept,0.475,ts,2809,0
"[0.20000000000000004, -0.20000000000000004, -0.44341372912801486, 0.08761329305135952, -0.07142857142857142, 0.0, 0.0, 0.0, 1.0, 0.6611419918461581, 1.0, 0.0, 0.0, 0.0, 0.0, 0.0, 0.0, 0.0]",63911,90182,N3,dismiss,-0.3,ts,1228,0
"[0.3333333333333333, -0.3333333333333333, 0.1854214123006834, 0.3295880149812734, 0.13333333333333333, 0.0, 0.0, 0.0, 1.0, 0.6960406286733669, 1.0, 0.0, 0.0, 0.0, 0.0, 0.0, 0.0, 0.0]",39429,134227,N3,dismiss,-0.3,ts,2147,0
"[0.19999999999999993, -0.19999999999999993, 0.125, 0.0, 0.0, 0.0, 0.0, 0.0, 1.0, 0.7785883097271787, 1.0, 0.0, 0.0, 0.0, 0.0, 0.0, 0.0, 0.0]",75387,18219,N3,dismiss,-0.3,ts,2963,0
"[0.6818181818181818, -0.6818181818181818, 0.0, 0.09803921568627451, 0.0, 0.0, 0.0, 0.0, 1.0, 0.9160359245826784, 1.0, 0.0, 0.0, 0.0, 0.0, 0.0, 0.0, 0.0]",130670,74186,N1,dismiss,-0.3,ts,2101,1
"[0.375, -0.375, -0.5170068027210885, 0.0, 0.0, 0.0, 0.0, 0.0, 1.0, 0.7485728828665705, 1.0, 0.0, 0.0, 0.0, 0.0, 0.0, 0.0, 0.0]",30574,170956,N3,dismiss,-0.3,ts,2026,0
"[0.076923076923077, -0.076923076923077, 0.0, 0.0, 0.0, 0.0, 0.0, 0.0, 1.0, 0.7787188164556538, 1.0, 0.0, 0.0, 0.0, 0.0, 0.0, 0.0, 0.0]",93861,174758,N3,dismiss,-0.3,ts,2167,0
"[0.16666666666666666, -0.16666666666666666, 0.20401337792642146, -0.4050632911392405, -0.6, 0.0, 0.0, 0.0, 1.0, 0.5561212785803112, 1.0, 0.0, 0.0, 0.0, 0.0, 0.0, 0.0, 0.0]",121907,145577,N3,dismiss,-0.3,ts,1137,1
"[0.25, -0.25, -0.17102202763715965, 0.0, 0.0, 0.0, 0.0, 0.0, 1.0, 0.781652731750395, 1.0, 0.0, 0.0, 0.0, 0.0, 0.0, 0.0, 0.0]",15456,15457,N3,accept,0.475,ts,2423,1
"[0.3142857142857143, -0.3142857142857143, -0.45454545454545453, -0.005698005698005698, 0.42857142857142855, 0.0, 0.0, 0.0, 1.0, 0.6523725054895647, 1.0, 0.0, 0.0, 0.0, 0.0, 0.0, 0.0, 0.0]",74278,108839,N3,accept,0.52,ts,1496,1
"[0.296, -0.296, -0.4104545454545454, -0.042735042735042736, 1.0, 0.0, 0.0, 0.0, 1.0, 0.5952122238463202, 1.0, 0.0, 0.0, 0.0, 0.0, 0.0, 0.0, 0.0]",151839,107554,N3,dismiss,-0.3,ts,762,1
"[0.2222222222222223, -0.2222222222222223, -0.4674457429048414, -0.007142857142857143, -0.015999999999999945, 0.0, 0.0, 0.0, 1.0, 0.7020522418437177, 1.0, 0.0, 0.0, 0.0, 0.0, 0.0, 0.0, 0.0]",19869,113424,N6,dismiss,-0.3,ts,2247,1
"[0.14285714285714288, -0.14285714285714288, 0.0, -0.4, 0.4117647058823529, 0.0, 0.0, 0.0, 1.0, 0.6359975776966094, 1.0, 0.0, 0.0, 0.0, 0.0, 0.0, 0.0, 0.0]",78003,56248,N3,dismiss,-0.3,ts,1352,0
"[0.6375, -0.6375, 0.0, -0.02158273381294964, 0.0, 0.0, 0.0, 0.0, 1.0, 0.9293128096864788, 1.0, 0.0, 0.0, 0.0, 0.0, 0.0, 0.0, 0.0]",85325,40258,N3,accept,0.7462499999999999,ts,2155,0
"[0.6222222222222222, -0.6222222222222222, 0.0, -0.1, 0.019999999999999973, 0.0, 0.0, 0.0, 1.0, 0.8999640846725089, 1.0, 0.0, 0.0, 0.0, 0.0, 0.0, 0.0, 0.0]",135207,37985,N3,dismiss,-0.3,ts,1203,0
"[0.09090909090909087, -0.09090909090909087, -0.004823635815496041, 0.1518987341772152, -0.08, 0.0, 0.0, 0.0, 1.0, 0.7204841011799792, 1.0, 0.0, 0.0, 0.0, 0.0, 0.0, 0.0, 0.0]",117335,120787,N3,dismiss,-0.3,ts,1286,1
"[0.2, -0.2, -0.861516452074392, 0.0, 0.0, 0.0, 0.0, 0.0, 1.0, 0.6585329291503521, 1.0, 0.0, 0.0, 0.0, 0.0, 0.0, 0.0, 0.0]",16689,110501,N3,dismiss,-0.3,ts,2825,1
"[0.01111111111111112, -0.01111111111111112, -0.3, -0.32608695652173914, -0.15999999999999998, 0.0, 0.0, 0.0, 1.0, 0.5509877827836802, 1.0, 0.0, 0.0, 0.0, 0.0, 0.0, 0.0, 0.0]",155815,79360,N3,dismiss,-0.3,ts,2840,1
"[0.33333333333333337, -0.33333333333333337, -0.04368673415023976, 0.4751131221719457, 0.25, 0.0, 0.0, 0.0, 1.0, 0.6977738805226098, 1.0, 0.0, 0.0, 0.0, 0.0, 0.0, 0.0, 0.0]",104466,155669,N1,dismiss,-0.3,ts,1905,1
"[0.20000000000000004, -0.20000000000000004, -0.05555555555555555, -0.75, -0.44000000000000006, 0.0, 0.0, 0.0, 1.0, 0.5974829772502733, 1.0, 0.0, 0.0, 0.0, 0.0, 0.0, 0.0, 0.0]",68609,18334,N6,accept,0.44,ts,2688,1
"[0.25, -0.25, 0.0, 0.0, 0.0, 0.0, 0.0, 0.0, 1.0, 0.8395893495876965, 1.0, 0.0, 0.0, 0.0, 0.0, 0.0, 0.0, 0.0]",116977,117045,N3,dismiss,-0.3,ts,1990,0
"[0.09090909090909098, -0.09090909090909098, 0.125, 0.056179775280898875, 1.0, 0.0, 0.0, 0.0, 1.0, 0.584122265242055, 1.0, 0.0, 0.0, 0.0, 0.0, 0.0, 0.0, 0.0]",109094,151841,N6,accept,0.36363636363636365,ts,1738,1
"[0.5, -0.5, -0.03853564547206166, -0.02158273381294964, 0.0, 0.0, 0.0, 0.0, 1.0, 0.8876149427547736, 1.0, 0.0, 0.0, 0.0, 0.0, 0.0, 0.0, 0.0]",125880,81422,N3,dismiss,-0.3,ts,1360,1
"[0.7929411764705883, -0.7929411764705883, 0.17056856187290975, -0.2, -0.14285714285714285, 0.0, 0.0, 0.0, 1.0, 0.8130609694396912, 1.0, 0.0, 0.0, 0.0, 0.0, 0.0, 0.0, 0.0]",121055,92135,N3,dismiss,-0.3,ts,2039,1
"[0.5636363636363637, -0.5636363636363637, -0.25, -0.014124293785310734, 0.5384615384615384, 0.0, 0.0, 0.0, 1.0, 0.7403962779261166, 1.0, 0.0, 0.0, 0.0, 0.0, 0.0, 0.0, 0.0]",108743,107563,N3,dismiss,-0.3,ts,1875,1
"[0.20000000000000007, -0.20000000000000007, -0.13397860417727964, 0.0, 0.0, 0.0, 0.0, 0.0, 1.0, 0.7758162558060495, 1.0, 0.0, 0.0, 0.0, 0.0, 0.0, 0.0, 0.0]",90181,115238,N3,dismiss,-0.3,ts,1760,1
"[0.11111111111111106, -0.11111111111111106, 0.21052631578947367, 0.0, 0.5800000000000001, 0.0, 0.0, 0.0, 1.0, 0.6195791414577161, 1.0, 0.0, 0.0, 0.0, 0.0, 0.0, 0.0, 0.0]",54392,91067,N3,dismiss,-0.3,ts,575,0
"[0.8611111111111112, -0.8611111111111112, 0.0, 0.0, 0.0, 0.0, 0.0, 0.0, 1.0, 0.9648906040847236, 1.0, 0.0, 0.0, 0.0, 0.0, 0.0, 0.0, 0.0]",155648,120796,N3,dismiss,-0.3,ts,991,1
"[0.44, -0.44, -0.36727879799666113, 0.09333333333333334, -0.5545454545454546, 0.0, 0.0, 0.0, 1.0, 0.6644712254801234, 1.0, 0.0, 0.0, 0.0, 0.0, 0.0, 0.0, 0.0]",16729,49086,N3,accept,0.608,ts,873,1
"[0.25, -0.25, -0.316628701594533, 0.02976190476190476, 0.20192307692307687, 0.0, 0.0, 0.0, 1.0, 0.6872552925450732, 1.0, 0.0, 0.0, 0.0, 0.0, 0.0, 0.0, 0.0]",117146,117045,N3,dismiss,-0.3,ts,1638,0
"[0.20000000000000007, -0.20000000000000007, -0.00860642171466407, 0.019943019943019943, -0.5, 0.0, 0.0, 0.0, 1.0, 0.7187318000942845, 1.0, 0.0, 0.0, 0.0, 0.0, 0.0, 0.0, 0.0]",15528,135482,N3,accept,0.44000000000000006,ts,1417,0
"[0.4545454545454546, -0.4545454545454546, -0.10071942446043164, 0.15088757396449703, 1.0, 0.0, 0.0, 0.0, 1.0, 0.6929116885886869, 1.0, 0.0, 0.0, 0.0, 0.0, 0.0, 0.0, 0.0]",108746,107588,N3,dismiss,-0.3,ts,1920,1
"[0.125, -0.125, 0.0, -0.06666666666666667, 0.0, 0.0, 0.0, 0.0, 1.0, 0.777609297833477, 1.0, 0.0, 0.0, 0.0, 0.0, 0.0, 0.0, 0.0]",139964,175348,N6,dismiss,-0.3,ts,2359,1
"[0.4485294117647059, -0.4485294117647059, 0.2013333333333333, -0.21903052064631956, -0.38461538461538464, 0.0, 0.0, 0.0, 1.0, 0.6967090570352744, 1.0, 0.0, 0.0, 0.0, 0.0, 0.0, 0.0, 0.0]",29970,155692,N3,dismiss,-0.3,ts,2036,0
"[0.16666666666666663, -0.16666666666666663, 0.1783402001177164, -0.022598870056497175, -0.020000000000000018, 0.0, 0.0, 0.0, 1.0, 0.738718586815135, 1.0, 0.0, 0.0, 0.0, 0.0, 0.0, 0.0, 0.0]",87097,87100,N3,accept,0.41666666666666663,ts,2872,0
"[0.06086956521739117, -0.06086956521739117, 0.1509433962264151, -0.002849002849002849, 0.07142857142857142, 0.0, 0.0, 0.0, 1.0, 0.6998266361785278, 1.0, 0.0, 0.0, 0.0, 0.0, 0.0, 0.0, 0.0]",39517,15687,N6,dismiss,-0.3,ts,850,1
"[0.1250000000000001, -0.1250000000000001, 0.004129793510324501, -0.028089887640449437, -0.2818181818181818, 0.0, 0.0, 0.0, 1.0, 0.7218639176970109, 1.0, 0.0, 0.0, 0.0, 0.0, 0.0, 0.0, 0.0]",87724,117162,N3,dismiss,-0.3,ts,2258,1
"[0.8571428571428572, -0.8571428571428572, 0.0, 0.015723270440251572, -0.4647887323943662, 0.0, 0.0, 0.0, 1.0, 0.8690644730758021, 1.0, 0.0, 0.0, 0.0, 0.0, 0.0, 0.0, 0.0]",87864,87863,N6,accept,0.8999999999999999,ts,1911,1
"[0.3333333333333333, -0.3333333333333333, -0.2647746243739566, -0.4035532994923858, 0.07692307692307693, 0.0, 0.0, 0.0, 1.0, 0.6788360084098144, 1.0, 0.0, 0.0, 0.0, 0.0, 0.0, 0.0, 0.0]",92082,156584,N3,dismiss,-0.3,ts,1144,1
"[0.3636363636363637, -0.3636363636363637, -0.37672651933701656, 0.023809523809523808, -0.03333333333333333, 0.0, 0.0, 0.0, 1.0, 0.7517746794580583, 1.0, 0.0, 0.0, 0.0, 0.0, 0.0, 0.0, 0.0]",135543,123439,N1,dismiss,-0.3,ts,1128,1
"[0.375, -0.375, -0.19485714285714287, -0.7743732590529248, 0.5399999999999999, 0.0, 0.0, 0.0, 1.0, 0.5957240201168404, 1.0, 0.0, 0.0, 0.0, 0.0, 0.0, 0.0, 0.0]",85164,154734,N3,dismiss,-0.3,ts,626,0
"[0.24999999999999997, -0.24999999999999997, -0.4147058823529412, 0.0, 0.0, 0.0, 0.0, 0.0, 1.0, 0.726850521859211, 1.0, 0.0, 0.0, 0.0, 0.0, 0.0, 0.0, 0.0]",51609,174748,N3,dismiss,-0.3,ts,1262,0
"[0.11458333333333333, -0.11458333333333333, 0.0, -0.5587392550143266, -0.77, 0.0, 0.0, 0.0, 1.0, 0.5737732739088267, 1.0, 0.0, 0.0, 0.0, 0.0, 0.0, 0.0, 0.0]",107563,142262,N3,accept,0.3802083333333333,ts,1202,0
"[0.6029411764705882, -0.6029411764705882, 0.0, -0.1, -0.19999999999999996, 0.0, 0.0, 0.0, 1.0, 0.8529674333837347, 1.0, 0.0, 0.0, 0.0, 0.0, 0.0, 0.0, 0.0]",18330,70937,N1,accept,0.7220588235294116,ts,2328,1
"[0.20000000000000007, -0.20000000000000007, -0.44676616915422884, -0.0584958217270195, -0.07692307692307693, 0.0, 0.0, 0.0, 1.0, 0.6667191823755287, 1.0, 0.0, 0.0, 0.0, 0.0, 0.0, 0.0, 0.0]",43372,108746,N6,dismiss,-0.3,ts,844,1
"[0.35714285714285715, -0.35714285714285715, -0.474457429048414, 0.19161676646706588, 0.18, 0.0, 0.0, 0.0, 1.0, 0.6567659345869298, 1.0, 0.0, 0.0, 0.0, 0.0, 0.0, 0.0, 0.0]",44189,130324,N6,dismiss,-0.3,ts,920,1
"[0.415625, -0.415625, 0.1312500000000001, 0.0, 0.0, 0.0, 0.0, 0.0, 1.0, 0.8422044928641546, 1.0, 0.0, 0.0, 0.0, 0.0, 0.0, 0.0, 0.0]",152518,15139,N6,accept,0.5909375,ts,404,1
"[0.06666666666666672, -0.06666666666666672, -0.38461538461538464, -0.1, 0.12000000000000002, 0.0, 0.0, 0.0, 1.0, 0.6083946646241543, 1.0, 0.0, 0.0, 0.0, 0.0, 0.0, 0.0, 0.0]",57043,135467,N3,dismiss,-0.3,ts,864,1
"[0.1538461538461538, -0.1538461538461538, 0.0, 0.0, 0.0, 0.0, 0.0, 0.0, 1.0, 0.806689539231263, 1.0, 0.0, 0.0, 0.0, 0.0, 0.0, 0.0, 0.0]",93850,93864,N1,dismiss,-0.3,ts,1838,1
"[0.9485714285714285, -0.9485714285714285, 0.2222222222222222, 1.0, 0.44000000000000006, 0.0, 0.0, 0.0, 1.0, 0.6671004355547396, 1.0, 0.0, 0.0, 0.0, 0.0, 0.0, 0.0, 0.0]",18359,50956,N6,accept,0.964,ts,511,1
"[0.20000000000000004, -0.20000000000000004, 0.13355592654424053, -0.007194244604316547, 0.02500000000000006, 0.0, 0.0, 0.0, 1.0, 0.7664872330211412, 1.0, 0.0, 0.0, 0.0, 0.0, 0.0, 0.0, 0.0]",53365,108507,N3,dismiss,-0.3,ts,539,0
"[0.1875, -0.1875, -0.5643949930458971, 0.02, -0.039999999999999945, 0.0, 0.0, 0.0, 1.0, 0.6657861386175713, 1.0, 0.0, 0.0, 0.0, 0.0, 0.0, 0.0, 0.0]",63907,123325,N3,accept,0.43124999999999997,ts,1163,1
"[0.5636363636363637, -0.5636363636363637, -0.5, -0.005698005698005698, 0.42857142857142855, 0.0, 0.0, 0.0, 1.0, 0.7077039550452638, 1.0, 0.0, 0.0, 0.0, 0.0, 0.0, 0.0, 0.0]",15534,107563,N6,dismiss,-0.3,ts,1523,1
"[0.20000000000000004, -0.20000000000000004, -0.6972222222222223, -0.02, -0.059999999999999984, 0.0, 0.0, 0.0, 1.0, 0.6495787864213909, 1.0, 0.0, 0.0, 0.0, 0.0, 0.0, 0.0, 0.0]",18484,18528,N6,dismiss,-0.3,ts,2027,1
"[0.35714285714285715, -0.35714285714285715, -0.7011686143572621, 0.19161676646706588, 0.18, 0.0, 0.0, 0.0, 1.0, 0.6285380072509015, 1.0, 0.0, 0.0, 0.0, 0.0, 0.0, 0.0, 0.0]",44189,130323,N3,dismiss,-0.3,ts,748,1
"[0.5636363636363637, -0.5636363636363637, -0.20886075949367092, -0.022535211267605635, 0.8333333333333334, 0.0, 0.0, 0.0, 1.0, 0.7256018219411058, 1.0, 0.0, 0.0, 0.0, 0.0, 0.0, 0.0, 0.0]",109410,107659,N3,dismiss,-0.3,ts,1711,1
"[0.1764705882352941, -0.1764705882352941, 0.0, 0.05045871559633028, 0.0, 0.0, 0.0, 0.0, 1.0, 0.8002741033846621, 1.0, 0.0, 0.0, 0.0, 0.0, 0.0, 0.0, 0.0]",173998,173997,N3,accept,0.4235294117647058,ts,1162,0
"[0.09090909090909087, -0.09090909090909087, 0.0, 0.0, 0.0, 0.0, 0.0, 0.0, 1.0, 0.7838811617691718, 1.0, 0.0, 0.0, 0.0, 0.0, 0.0, 0.0, 0.0]",86743,120787,N6,dismiss,-0.3,ts,872,1
"[0.3636363636363637, -0.3636363636363637, 0.0, 0.0, 0.0, 0.0, 0.0, 0.0, 1.0, 0.8742764353476687, 1.0, 0.0, 0.0, 0.0, 0.0, 0.0, 0.0, 0.0]",123141,123174,N3,dismiss,-0.3,ts,2036,0
"[0.5599999999999999, -0.5599999999999999, -0.5095052807115065, 0.0, 0.0, 0.0, 0.0, 0.0, 1.0, 0.793642646214267, 1.0, 0.0, 0.0, 0.0, 0.0, 0.0, 0.0, 0.0]",49130,16660,N3,dismiss,-0.3,ts,2082,0
"[0.25, -0.25, -0.3076404494382023, -0.0024271844660194173, 0.0, 0.0, 0.0, 0.0, 1.0, 0.7469607690022103, 1.0, 0.0, 0.0, 0.0, 0.0, 0.0, 0.0, 0.0]",70069,189231,N3,dismiss,-0.3,ts,2483,0
"[0.25, -0.25, 0.0, 0.0, 0.0, 0.0, 0.0, 0.0, 1.0, 0.8395893495876965, 1.0, 0.0, 0.0, 0.0, 0.0, 0.0, 0.0, 0.0]",117053,117045,N3,dismiss,-0.3,ts,2276,0
"[0.2146118721461187, -0.2146118721461187, 0.1784741144414169, -0.008450704225352112, -0.09999999999999998, 0.0, 0.0, 0.0, 1.0, 0.7380674469227877, 1.0, 0.0, 0.0, 0.0, 0.0, 0.0, 0.0, 0.0]",64291,54520,N3,dismiss,-0.3,ts,1877,1
"[0.20000000000000004, -0.20000000000000004, -0.44341372912801486, 0.08761329305135952, -0.07142857142857142, 0.0, 0.0, 0.0, 1.0, 0.6611419918461581, 1.0, 0.0, 0.0, 0.0, 0.0, 0.0, 0.0, 0.0]",63911,90182,N3,dismiss,-0.3,ts,2062,0
"[0.625, -0.625, 0.066711140760507, -0.08904109589041095, -0.13333333333333333, 0.0, 0.0, 0.0, 1.0, 0.8489572716197578, 1.0, 0.0, 0.0, 0.0, 0.0, 0.0, 0.0, 0.0]",128284,128247,N3,dismiss,-0.3,ts,2818,0
"[0.6785714285714286, -0.6785714285714286, -0.06094182825484772, 0.10465116279069768, -0.20689655172413793, 0.0, 0.0, 0.0, 1.0, 0.8401414992281117, 1.0, 0.0, 0.0, 0.0, 0.0, 0.0, 0.0, 0.0]",123439,89765,N3,dismiss,-0.3,ts,2760,0
"[0.56, -0.56, -0.0009990009990009777, 0.5495049504950495, -0.4, 0.0, 0.0, 0.0, 1.0, 0.7384325320464852, 1.0, 0.0, 0.0, 0.0, 0.0, 0.0, 0.0, 0.0]",170191,169349,N3,dismiss,-0.3,ts,1235,0
"[0.5, -0.5, -0.4117647058823529, 0.0, 0.0, 0.0, 0.0, 0.0, 1.0, 0.7965632240551328, 1.0, 0.0, 0.0, 0.0, 0.0, 0.0, 0.0, 0.0]",38239,93860,N1,accept,0.6499999999999999,ts,1123,1
"[0.018181818181818195, -0.018181818181818195, 0.060698027314112286, 0.0, 0.0, 0.0, 0.0, 0.0, 1.0, 0.7339531141075869, 1.0, 0.0, 0.0, 0.0, 0.0, 0.0, 0.0, 0.0]",49870,147468,N3,dismiss,-0.3,ts,2691,0
"[0.1764705882352941, -0.1764705882352941, 0.0, 0.05045871559633028, 0.0, 0.0, 0.0, 0.0, 1.0, 0.8002741033846621, 1.0, 0.0, 0.0, 0.0, 0.0, 0.0, 0.0, 0.0]",173998,173997,N3,accept,0.4235294117647058,ts,814,0
"[0.27906976744186046, -0.27906976744186046, 0.0, -0.15060240963855423, -0.10909090909090903, 0.0, 0.0, 0.0, 1.0, 0.7805243872048664, 1.0, 0.0, 0.0, 0.0, 0.0, 0.0, 0.0, 0.0]",40740,91957,N3,dismiss,-0.3,ts,404,1
"[0.3888888888888889, -0.3888888888888889, -0.46507483962936563, 0.20416666666666666, 0.0235294117647058, 0.0, 0.0, 0.0, 1.0, 0.7029881973731301, 1.0, 0.0, 0.0, 0.0, 0.0, 0.0, 0.0, 0.0]",127487,114138,N3,dismiss,-0.3,ts,1608,0
"[0.648, -0.648, 0.1801637852593267, 0.20863309352517986, 1.0, 0.0, 0.0, 0.0, 1.0, 0.678459202837453, 1.0, 0.0, 0.0, 0.0, 0.0, 0.0, 0.0, 0.0]",185410,107458,N3,accept,0.7536,ts,2869,1
"[0.6222222222222222, -0.6222222222222222, -0.2, -0.06, -0.1, 0.0, 0.0, 0.0, 1.0, 0.8229477435143618, 1.0, 0.0, 0.0, 0.0, 0.0, 0.0, 0.0, 0.0]",135207,41800,N3,dismiss,-0.3,ts,2352,1
"[0.09090909090909098, -0.09090909090909098, 0.0, -0.002881844380403458, 0.16666666666666666, 0.0, 0.0, 0.0, 1.0, 0.7404987917693594, 1.0, 0.0, 0.0, 0.0, 0.0, 0.0, 0.0, 0.0]",43107,43098,N6,dismiss,-0.3,ts,2812,1
"[0.1200000000000001, -0.1200000000000001, 0.1455847255369929, -0.08536585365853659, -0.625, 0.0, 0.0, 0.0, 1.0, 0.6134308998417168, 1.0, 0.0, 0.0, 0.0, 0.0, 0.0, 0.0, 0.0]",57551,59424,N3,accept,0.38400000000000006,ts,630,1
"[0.20000000000000007, -0.20000000000000007, -0.2794444444444444, -0.04, 1.0, 0.0, 0.0, 0.0, 1.0, 0.5760362365604412, 1.0, 0.0, 0.0, 0.0, 0.0, 0.0, 0.0, 0.0]",30082,107554,N3,dismiss,-0.3,ts,2097,1
"[0.28571428571428564, -0.28571428571428564, 0.0, 0.08, -0.059999999999999984, 0.0, 0.0, 0.0, 1.0, 0.8118913187919701, 1.0, 0.0, 0.0, 0.0, 0.0, 0.0, 0.0, 0.0]",111106,110598,N3,dismiss,-0.3,ts,1591,1
"[0.5636363636363637, -0.5636363636363637, -0.20886075949367092, -0.030726256983240222, 0.5714285714285714, 0.0, 0.0, 0.0, 1.0, 0.74277658111315, 1.0, 0.0, 0.0, 0.0, 0.0, 0.0, 0.0, 0.0]",111011,107659,N3,accept,0.6945454545454546,ts,600,1
"[0.09090909090909098, -0.09090909090909098, -0.050632911392405104, 0.05027932960893855, 0.0, 0.0, 0.0, 0.0, 1.0, 0.7502695270507119, 1.0, 0.0, 0.0, 0.0, 0.0, 0.0, 0.0, 0.0]",111011,151841,N3,dismiss,-0.3,ts,2718,1
"[0.20000000000000004, -0.20000000000000004, -0.634703196347032, 0.07407407407407407, -0.74, 0.0, 0.0, 0.0, 1.0, 0.5425189848892313, 1.0, 0.0, 0.0, 0.0, 0.0, 0.0, 0.0, 0.0]",19598,106004,N3,dismiss,-0.3,ts,886,0
"[0.24999999999999997, -0.24999999999999997, -0.07773386034255607, 1.0, 0.22727272727272727, 0.0, 0.0, 0.0, 1.0, 0.6172933326580574, 1.0, 0.0, 0.0, 0.0, 0.0, 0.0, 0.0, 0.0]",85795,169335,N3,dismiss,-0.3,ts,2961,0
"[0.16216216216216217, -0.16216216216216217, -0.16666666666666666, 0.08461538461538462, 0.020833333333333447, 0.0, 0.0, 0.0, 1.0, 0.7234709814458078, 1.0, 0.0, 0.0, 0.0, 0.0, 0.0, 0.0, 0.0]",91969,91957,N3,accept,0.4135135135135135,ts,2968,0
"[0.37500000000000006, -0.37500000000000006, 0.0, -0.3611111111111111, 0.043478260869565216, 0.0, 0.0, 0.0, 1.0, 0.7878158040247939, 1.0, 0.0, 0.0, 0.0, 0.0, 0.0, 0.0, 0.0]",110120,51122,N3,dismiss,-0.3,ts,2641,1
"[0.20000000000000007, -0.20000000000000007, -0.23388888888888892, 1.0, 1.0, 0.0, 0.0, 0.0, 1.0, 0.45422491495165007, 1.0, 0.0, 0.0, 0.0, 0.0, 0.0, 0.0, 0.0]",38174,141744,N3,dismiss,-0.3,ts,1928,1
"[0.11627906976744183, -0.11627906976744183, 0.0, -0.14759036144578314, -0.09090909090909091, 0.0, 0.0, 0.0, 1.0, 0.7298902829852456, 1.0, 0.0, 0.0, 0.0, 0.0, 0.0, 0.0, 0.0]",40740,38840,N3,dismiss,-0.3,ts,894,1
"[0.09090909090909098, -0.09090909090909098, 0.09833333333333343, 0.06707317073170732, -0.05833333333333327, 0.0, 0.0, 0.0, 1.0, 0.7128256220241773, 1.0, 0.0, 0.0, 0.0, 0.0, 0.0, 0.0, 0.0]",162867,16901,N3,dismiss,-0.3,ts,2233,1
"[0.14, -0.14, -0.323238566131026, 0.0, 0.0, 0.0, 0.0, 0.0, 1.0, 0.7065192485809642, 1.0, 0.0, 0.0, 0.0, 0.0, 0.0, 0.0, 0.0]",74215,69993,N3,dismiss,-0.3,ts,2772,0
"[0.4485294117647059, -0.4485294117647059, 0.09333333333333324, -0.0843806104129264, -0.2692307692307692, 0.0, 0.0, 0.0, 1.0, 0.776901172593482, 1.0, 0.0, 0.0, 0.0, 0.0, 0.0, 0.0, 0.0]",29970,155668,N3,dismiss,-0.3,ts,2459,1
"[0.5636363636363637, -0.5636363636363637, 0.07142857142857142, 0.09577464788732394, 1.0, 0.0, 0.0, 0.0, 1.0, 0.7335108816419434, 1.0, 0.0, 0.0, 0.0, 0.0, 0.0, 0.0, 0.0]",123018,107588,N3,dismiss,-0.3,ts,1084,1
"[0.6333333333333333, -0.6333333333333333, 0.0, -0.4421052631578947, -0.24, 0.0, 0.0, 0.0, 1.0, 0.7897192909255802, 1.0, 0.0, 0.0, 0.0, 0.0, 0.0, 0.0, 0.0]",122720,122719,N3,accept,0.7433333333333333,ts,1642,1
"[0.3636363636363637, -0.3636363636363637, 0.2033333333333334, -0.1568627450980392, 0.16, 0.0, 0.0, 0.0, 1.0, 0.7259799511934714, 1.0, 0.0, 0.0, 0.0, 0.0, 0.0, 0.0, 0.0]",89764,123439,N3,dismiss,-0.3,ts,1133,0
"[0.6, -0.6, 0.14277777777777778, 0.23829787234042554, 1.0, 0.0, 0.0, 0.0, 1.0, 0.6816493155826848, 1.0, 0.0, 0.0, 0.0, 0.0, 0.0, 0.0, 0.0]",145577,29663,N3,dismiss,-0.3,ts,1591,0
"[0.7936507936507936, -0.7936507936507936, 0.04822695035461001, -0.17777777777777778, -0.676470588235294, 0.0, 0.0, 0.0, 1.0, 0.7831814132590418, 1.0, 0.0, 0.0, 0.0, 0.0, 0.0, 0.0, 0.0]",48746,175208,N3,accept,0.8555555555555554,ts,552,1
"[0.5, -0.5, -0.10344827586206896, 0.0, 0.0, 0.0, 0.0, 0.0, 1.0, 0.8714079900606294, 1.0, 0.0, 0.0, 0.0, 0.0, 0.0, 0.0, 0.0]",70828,129946,N3,dismiss,-0.3,ts,1677,0
"[0.09090909090909098, -0.09090909090909098, 0.0, 0.06515580736543909, 0.0, 0.0, 0.0, 0.0, 1.0, 0.7655544386808594, 1.0, 0.0, 0.0, 0.0, 0.0, 0.0, 0.0, 0.0]",87720,151841,N3,accept,0.36363636363636365,ts,2099,1
"[0.3, -0.3, -0.09090909090909091, 0.46, -0.08000000000000003, 0.0, 0.0, 0.0, 1.0, 0.709824759435147, 1.0, 0.0, 0.0, 0.0, 0.0, 0.0, 0.0, 0.0]",38740,41068,N3,dismiss,-0.3,ts,1713,0
"[0.1666666666666667, -0.1666666666666667, 0.2, 0.0, 0.0, 0.0, 0.0, 0.0, 1.0, 0.7452936748080553, 1.0, 0.0, 0.0, 0.0, 0.0, 0.0, 0.0, 0.0]",18364,61090,N3,dismiss,-0.3,ts,2067,0
"[0.7942857142857144, -0.7942857142857144, -0.3214124038026256, 0.19672131147540983, -0.375, 0.0, 0.0, 0.0, 1.0, 0.7349808423477768, 1.0, 0.0, 0.0, 0.0, 0.0, 0.0, 0.0, 0.0]",81541,128284,N3,dismiss,-0.3,ts,883,1
"[0.8714285714285714, -0.8714285714285714, -0.23282887077997672, 0.75, 0.55, 0.0, 0.0, 0.0, 1.0, 0.6748322766805989, 1.0, 0.0, 0.0, 0.0, 0.0, 0.0, 0.0, 0.0]",78136,170138,N3,accept,0.9099999999999999,ts,1209,1
"[0.296, -0.296, 0.09090909090909091, -0.019943019943019943, -0.14285714285714285, 0.0, 0.0, 0.0, 1.0, 0.777845653341005, 1.0, 0.0, 0.0, 0.0, 0.0, 0.0, 0.0, 0.0]",70001,31975,N3,dismiss,-0.3,ts,1280,0
"[0.23456790123456794, -0.23456790123456794, -0.09499192245557343, 0.024615384615384615, 0.08333333333333333, 0.0, 0.0, 0.0, 1.0, 0.7696651800174188, 1.0, 0.0, 0.0, 0.0, 0.0, 0.0, 0.0, 0.0]",41414,89601,N3,dismiss,-0.3,ts,434,1
"[0.5170454545454546, -0.5170454545454546, -0.4991652754590985, -0.5698324022346368, -0.3428571428571429, 0.0, 0.0, 0.0, 1.0, 0.6097862010549242, 1.0, 0.0, 0.0, 0.0, 0.0, 0.0, 0.0, 0.0]",135482,142262,N3,dismiss,-0.3,ts,1838,1
"[0.13953488372093023, -0.13953488372093023, 0.2, -0.21686746987951808, -0.12727272727272732, 0.0, 0.0, 0.0, 1.0, 0.6491415867196744, 1.0, 0.0, 0.0, 0.0, 0.0, 0.0, 0.0, 0.0]",40740,91969,N3,dismiss,-0.3,ts,1150,0
"[0.010909090909090839, -0.010909090909090839, -0.7835593220338983, -0.14285714285714285, -0.08333333333333333, 0.0, 0.0, 0.0, 1.0, 0.5355134964909132, 1.0, 0.0, 0.0, 0.0, 0.0, 0.0, 0.0, 0.0]",51122,115323,N3,dismiss,-0.3,ts,1244,0
"[0.16666666666666663, -0.16666666666666663, 0.1783402001177164, -0.022598870056497175, -0.020000000000000018, 0.0, 0.0, 0.0, 1.0, 0.738718586815135, 1.0, 0.0, 0.0, 0.0, 0.0, 0.0, 0.0, 0.0]",87097,87100,N3,dismiss,-0.3,ts,1293,0
"[0.24999999999999997, -0.24999999999999997, -0.07773386034255607, 1.0, 0.22727272727272727, 0.0, 0.0, 0.0, 1.0, 0.6172933326580574, 1.0, 0.0, 0.0, 0.0, 0.0, 0.0, 0.0, 0.0]",85795,169335,N3,dismiss,-0.3,ts,2138,1
"[0.75, -0.75, -0.2602602602602602, 0.0165016501650165, -0.632, 0.0, 0.0, 0.0, 1.0, 0.7586760576708721, 1.0, 0.0, 0.0, 0.0, 0.0, 0.0, 0.0, 0.0]",158417,140660,N3,dismiss,-0.3,ts,1227,0
"[0.20000000000000007, -0.20000000000000007, 0.09090909090909091, -0.008547008547008548, -0.14285714285714285, 0.0, 0.0, 0.0, 1.0, 0.7497580191893745, 1.0, 0.0, 0.0, 0.0, 0.0, 0.0, 0.0, 0.0]",70000,32065,N3,accept,0.44000000000000006,ts,1031,1
"[0.1111111111111111, -0.1111111111111111, 0.0, 0.12, 0.020000000000000018, 0.0, 0.0, 0.0, 1.0, 0.7533976982639888, 1.0, 0.0, 0.0, 0.0, 0.0, 0.0, 0.0, 0.0]",141703,74187,N3,dismiss,-0.3,ts,2123,1
"[0.375, -0.375, 0.07148288973384026, -0.5597826086956522, 0.4, 0.0, 0.0, 0.0, 1.0, 0.6671768370261847, 1.0, 0.0, 0.0, 0.0, 0.0, 0.0, 0.0, 0.0]",85163,154734,N3,dismiss,-0.3,ts,1027,0
"[0.3888888888888889, -0.3888888888888889, -0.46507483962936563, 0.20416666666666666, 0.0235294117647058, 0.0, 0.0, 0.0, 1.0, 0.7029881973731301, 1.0, 0.0, 0.0, 0.0, 0.0, 0.0, 0.0, 0.0]",127487,114138,N3,dismiss,-0.3,ts,2026,0
"[0.02500000000000002, -0.02500000000000002, -0.028182701652089328, -0.1, -0.07999999999999999, 0.0, 0.0, 0.0, 1.0, 0.6990405284223395, 1.0, 0.0, 0.0, 0.0, 0.0, 0.0, 0.0, 0.0]",114070,62503,N3,dismiss,-0.3,ts,2200,1
"[0.2922374429223744, -0.2922374429223744, -0.1564647095565272, 0.011267605633802818, 0.125, 0.0, 0.0, 0.0, 1.0, 0.7628081802277575, 1.0, 0.0, 0.0, 0.0, 0.0, 0.0, 0.0, 0.0]",43388,85287,N3,accept,0.504566210045662,ts,1972,1
"[0.25, -0.25, -0.5272727272727272, 0.2857142857142857, 0.25, 0.0, 0.0, 0.0, 1.0, 0.5849468133591713, 1.0, 0.0, 0.0, 0.0, 0.0, 0.0, 0.0, 0.0]",127600,183357,N3,dismiss,-0.3,ts,926,1
"[0.25000000000000006, -0.25000000000000006, -0.09111617312072894, 0.1, -0.059999999999999984, 0.0, 0.0, 0.0, 1.0, 0.7621185638122803, 1.0, 0.0, 0.0, 0.0, 0.0, 0.0, 0.0, 0.0]",30785,110598,N3,dismiss,-0.3,ts,2021,0
"[0.5636363636363637, -0.5636363636363637, 0.07526881720430113, 0.3244274809160305, 1.0, 0.0, 0.0, 0.0, 1.0, 0.679668453293171, 1.0, 0.0, 0.0, 0.0, 0.0, 0.0, 0.0, 0.0]",185575,107659,N3,dismiss,-0.3,ts,2121,1
"[0.5636363636363637, -0.5636363636363637, 0.21071428571428566, -0.022535211267605635, 1.0, 0.0, 0.0, 0.0, 1.0, 0.7170834252613659, 1.0, 0.0, 0.0, 0.0, 0.0, 0.0, 0.0, 0.0]",123018,108828,N3,accept,0.6945454545454546,ts,1962,0
"[0.5833333333333334, -0.5833333333333334, -0.6147058823529411, -0.0196078431372549, 0.0, 0.0, 0.0, 0.0, 1.0, 0.7787008082615043, 1.0, 0.0, 0.0, 0.0, 0.0, 0.0, 0.0, 0.0]",50818,63863,N3,dismiss,-0.3,ts,1392,1
"[0.3032258064516129, -0.3032258064516129, -0.046875, -0.002849002849002849, 0.07142857142857142, 0.0, 0.0, 0.0, 1.0, 0.817748560930307, 1.0, 0.0, 0.0, 0.0, 0.0, 0.0, 0.0, 0.0]",15686,15687,N3,accept,0.512258064516129,ts,2270,0
"[0.02500000000000002, -0.02500000000000002, -0.33110367892976583, -0.18, -0.039999999999999994, 0.0, 0.0, 0.0, 1.0, 0.6056318521821138, 1.0, 0.0, 0.0, 0.0, 0.0, 0.0, 0.0, 0.0]",54434,62503,N3,dismiss,-0.3,ts,628,1
"[0.16666666666666666, -0.16666666666666666, -0.18152639087018546, -0.36627906976744184, -0.25, 0.0, 0.0, 0.0, 1.0, 0.6134208748686691, 1.0, 0.0, 0.0, 0.0, 0.0, 0.0, 0.0, 0.0]",116466,164355,N3,accept,0.41666666666666663,ts,1778,1
"[0.33333333333333337, -0.33333333333333337, -0.5833333333333334, 0.0, 0.0, 0.0, 0.0, 0.0, 1.0, 0.727809934097922, 1.0, 0.0, 0.0, 0.0, 0.0, 0.0, 0.0, 0.0]",112487,38636,N3,dismiss,-0.3,ts,2757,0
"[0.35714285714285715, -0.35714285714285715, -0.474457429048414, 0.19161676646706588, 0.18, 0.0, 0.0, 0.0, 1.0, 0.6567659345869298, 1.0, 0.0, 0.0, 0.0, 0.0, 0.0, 0.0, 0.0]",44189,130324,N3,accept,0.55,ts,1878,0
"[0.14000000000000004, -0.14000000000000004, -0.1320049813200498, 0.46601941747572817, 0.22807017543859645, 0.0, 0.0, 0.0, 1.0, 0.609456050709879, 1.0, 0.0, 0.0, 0.0, 0.0, 0.0, 0.0, 0.0]",59415,115226,N3,dismiss,-0.3,ts,2184,1
"[0.0555555555555556, -0.0555555555555556, -0.16666666666666666, 0.01764705882352941, 0.13636363636363635, 0.0, 0.0, 0.0, 1.0, 0.6730847801914981, 1.0, 0.0, 0.0, 0.0, 0.0, 0.0, 0.0, 0.0]",123856,105724,N3,dismiss,-0.3,ts,2454,0
"[0.19709090909090918, -0.19709090909090918, -0.07324621733149929, 0.0, 0.0, 0.0, 0.0, 0.0, 1.0, 0.7945750109053056, 1.0, 0.0, 0.0, 0.0, 0.0, 0.0, 0.0, 0.0]",85069,63876,N3,dismiss,-0.3,ts,2481,0
"[0.25, -0.25, -0.24812030075187969, 0.0581039755351682, 0.32978723404255317, 0.0, 0.0, 0.0, 1.0, 0.6724565857057285, 1.0, 0.0, 0.0, 0.0, 0.0, 0.0, 0.0, 0.0]",82380,117045,N3,dismiss,-0.3,ts,2497,0
"[0.25000000000000006, -0.25000000000000006, 0.0, 0.08, -0.059999999999999984, 0.0, 0.0, 0.0, 1.0, 0.8004489834402018, 1.0, 0.0, 0.0, 0.0, 0.0, 0.0, 0.0, 0.0]",85228,110598,N3,accept,0.475,ts,1597,0
"[0.3636363636363637, -0.3636363636363637, 0.0, 0.016713091922005572, 0.15384615384615385, 0.0, 0.0, 0.0, 1.0, 0.8296166021577667, 1.0, 0.0, 0.0, 0.0, 0.0, 0.0, 0.0, 0.0]",123140,123174,N3,dismiss,-0.3,ts,2864,0
"[0.8285714285714286, -0.8285714285714286, -0.4171011470281544, -0.3619047619047619, -0.6916666666666668, 0.0, 0.0, 0.0, 1.0, 0.6587576964334717, 1.0, 0.0, 0.0, 0.0, 0.0, 0.0, 0.0, 0.0]",56248,54927,N3,dismiss,-0.3,ts,1755,1
"[0.4764705882352941, -0.4764705882352941, -0.06604402935290195, -0.225, -0.15999999999999998, 0.0, 0.0, 0.0, 1.0, 0.783224166783025, 1.0, 0.0, 0.0, 0.0, 0.0, 0.0, 0.0, 0.0]",169362,79360,N3,dismiss,-0.3,ts,1697,1
"[0.47058823529411764, -0.47058823529411764, 0.18181818181818182, 0.14, 0.18000000000000002, 0.0, 0.0, 0.0, 1.0, 0.759069863248445, 1.0, 0.0, 0.0, 0.0, 0.0, 0.0, 0.0, 0.0]",18323,37953,N3,accept,0.6294117647058823,ts,1516,0
"[0.46153846153846156, -0.46153846153846156, -0.7849624060150376, -0.256, 0.33999999999999997, 0.0, 0.0, 0.0, 1.0, 0.6073646963417112, 1.0, 0.0, 0.0, 0.0, 0.0, 0.0, 0.0, 0.0]",110599,85230,N3,dismiss,-0.3,ts,2067,1
"[0.7368421052631579, -0.7368421052631579, -0.19849999999999995, -0.8504273504273504, -0.5471698113207547, 0.0, 0.0, 0.0, 1.0, 0.6626554146212255, 1.0, 0.0, 0.0, 0.0, 0.0, 0.0, 0.0, 0.0]",123829,115984,N3,dismiss,-0.3,ts,1313,1
"[0.19709090909090918, -0.19709090909090918, 0.0, 0.0, 0.0, 0.0, 0.0, 0.0, 1.0, 0.8218285575581613, 1.0, 0.0, 0.0, 0.0, 0.0, 0.0, 0.0, 0.0]",152267,63876,N3,dismiss,-0.3,ts,1556,0
"[0.4583333333333333, -0.4583333333333333, -0.4837364470391994, 0.09, 0.09090909090909091, 0.0, 0.0, 0.0, 1.0, 0.725455304808041, 1.0, 0.0, 0.0, 0.0, 0.0, 0.0, 0.0, 0.0]",63869,63891,N3,dismiss,-0.3,ts,2177,0
"[0.13846153846153844, -0.13846153846153844, 0.1430274135876043, 0.0, 0.14285714285714285, 0.0, 0.0, 0.0, 1.0, 0.7141550309978263, 1.0, 0.0, 0.0, 0.0, 0.0, 0.0, 0.0, 0.0]",78130,55915,N3,dismiss,-0.3,ts,2271,1
"[0.20000000000000007, -0.20000000000000007, -0.2932707355242567, -0.011363636363636364, 0.0, 0.0, 0.0, 0.0, 1.0, 0.7307070622096635, 1.0, 0.0, 0.0, 0.0, 0.0, 0.0, 0.0, 0.0]",74280,31973,N3,dismiss,-0.3,ts,2604,1
"[0.3142857142857143, -0.3142857142857143, -0.502322495023225, -0.005698005698005698, 0.42857142857142855, 0.0, 0.0, 0.0, 1.0, 0.6450293626561832, 1.0, 0.0, 0.0, 0.0, 0.0, 0.0, 0.0, 0.0]",74278,107563,N3,dismiss,-0.3,ts,1337,1
"[0.3000000000000001, -0.3000000000000001, -0.528957528957529, 0.0, 0.0, 0.0, 0.0, 0.0, 1.0, 0.7249105321469098, 1.0, 0.0, 0.0, 0.0, 0.0, 0.0, 0.0, 0.0]",85444,85446,N3,accept,0.51,ts,676,0
"[0.20000000000000007, -0.20000000000000007, -0.20398009950248752, -0.008547008547008548, 0.0, 0.0, 0.0, 0.0, 1.0, 0.7532869108470774, 1.0, 0.0, 0.0, 0.0, 0.0, 0.0, 0.0, 0.0]",72081,31966,N3,dismiss,-0.3,ts,2162,1
"[0.2, -0.2, -0.8373109243697479, 0.0, 0.0, 0.0, 0.0, 0.0, 1.0, 0.660303957852938, 1.0, 0.0, 0.0, 0.0, 0.0, 0.0, 0.0, 0.0]",54201,110501,N3,dismiss,-0.3,ts,440,1
"[0.24242424242424238, -0.24242424242424238, 0.13120567375886522, -0.42483660130718953, 0.10000000000000002, 0.0, 0.0, 0.0, 1.0, 0.6778849714953497, 1.0, 0.0, 0.0, 0.0, 0.0, 0.0, 0.0, 0.0]",120700,19600,N3,accept,0.4696969696969696,ts,553,1
"[0.3, -0.3, 0.0, -0.3168604651162791, 0.07407407407407407, 0.0, 0.0, 0.0, 1.0, 0.7644123168059869, 1.0, 0.0, 0.0, 0.0, 0.0, 0.0, 0.0, 0.0]",104685,104679,N3,accept,0.51,ts,2048,1
"[0.5636363636363637, -0.5636363636363637, 0.23253903040262944, 0.005797101449275362, 0.8333333333333334, 0.0, 0.0, 0.0, 1.0, 0.7243913063121337, 1.0, 0.0, 0.0, 0.0, 0.0, 0.0, 0.0, 0.0]",123006,107659,N3,dismiss,-0.3,ts,1898,1
"[0.20000000000000007, -0.20000000000000007, -0.5004694835680751, -0.028409090909090908, -0.08333333333333333, 0.0, 0.0, 0.0, 1.0, 0.6650221215675229, 1.0, 0.0, 0.0, 0.0, 0.0, 0.0, 0.0, 0.0]",43334,107170,N3,dismiss,-0.3,ts,1297,1
"[0.25, -0.25, 0.20060030015007513, -0.2706552706552707, -0.6666666666666666, 0.0, 0.0, 0.0, 1.0, 0.6003298243471468, 1.0, 0.0, 0.0, 0.0, 0.0, 0.0, 0.0, 0.0]",182867,75984,N3,dismiss,-0.3,ts,1857,1
"[0.375, -0.375, -0.4360603653693408, 0.0, 0.0, 0.0, 0.0, 0.0, 1.0, 0.7610702948879243, 1.0, 0.0, 0.0, 0.0, 0.0, 0.0, 0.0, 0.0]",127415,170956,N3,dismiss,-0.3,ts,1141,0
"[0.7999999999999999, -0.7999999999999999, -0.24200000000000002, -0.11666666666666667, -0.18181818181818182, 0.0, 0.0, 0.0, 1.0, 0.8047313163458458, 1.0, 0.0, 0.0, 0.0, 0.0, 0.0, 0.0, 0.0]",69947,48992,N3,dismiss,-0.3,ts,2490,1
"[0.625, -0.625, 0.066711140760507, -0.08904109589041095, -0.13333333333333333, 0.0, 0.0, 0.0, 1.0, 0.8489572716197578, 1.0, 0.0, 0.0, 0.0, 0.0, 0.0, 0.0, 0.0]",128284,128247,N3,dismiss,-0.3,ts,2005,0
"[0.889795918367347, -0.889795918367347, -0.6873826903023983, 0.35185185185185186, -0.375, 0.0, 0.0, 0.0, 1.0, 0.6632451610251665, 1.0, 0.0, 0.0, 0.0, 0.0, 0.0, 0.0, 0.0]",55915,128284,N3,dismiss,-0.3,ts,2647,1
"[0.1250000000000001, -0.1250000000000001, 0.1111111111111111, 0.0, 0.0, 0.0, 0.0, 0.0, 1.0, 0.7564807805603966, 1.0, 0.0, 0.0, 0.0, 0.0, 0.0, 0.0, 0.0]",62598,29449,N3,dismiss,-0.3,ts,1772,0
"[0.7, -0.7, -0.3485838779956427, 0.24770642201834864, -0.9722222222222222, 0.0, 0.0, 0.0, 1.0, 0.6579082366698619, 1.0, 0.0, 0.0, 0.0, 0.0, 0.0, 0.0, 0.0]",164354,134921,N3,dismiss,-0.3,ts,1877,1
"[0.15999999999999998, -0.15999999999999998, -0.26666666666666666, -0.22274881516587677, 0.5, 0.0, 0.0, 0.0, 1.0, 0.5774609167274939, 1.0, 0.0, 0.0, 0.0, 0.0, 0.0, 0.0, 0.0]",162680,152287,N3,dismiss,-0.3,ts,2977,1
"[0.4, -0.4, -0.4222222222222222, -0.4868421052631579, 0.5625, 0.0, 0.0, 0.0, 1.0, 0.5755728232439214, 1.0, 0.0, 0.0, 0.0, 0.0, 0.0, 0.0, 0.0]",118876,183357,N3,accept,0.58,ts,423,1
"[0.25, -0.25, -0.7942811755361397, -0.15422885572139303, -0.746875, 0.0, 0.0, 0.0, 1.0, 0.5242993647776177, 1.0, 0.0, 0.0, 0.0, 0.0, 0.0, 0.0, 0.0]",127415,145532,N3,dismiss,-0.3,ts,1625,1
"[0.20000000000000004, -0.20000000000000004, -0.11148148148148146, -0.40816326530612246, 0.16666666666666666, 0.0, 0.0, 0.0, 1.0, 0.6566446277478687, 1.0, 0.0, 0.0, 0.0, 0.0, 0.0, 0.0, 0.0]",127333,155856,N3,dismiss,-0.3,ts,1868,0
"[0.8964705882352941, -0.8964705882352941, -0.24024024024024024, -0.4, -0.26666666666666666, 0.0, 0.0, 0.0, 1.0, 0.7472929863926744, 1.0, 0.0, 0.0, 0.0, 0.0, 0.0, 0.0, 0.0]",47181,85794,N3,dismiss,-0.3,ts,1175,1
"[0.12500000000000006, -0.12500000000000006, 0.0, -0.2896825396825397, -0.08695652173913043, 0.0, 0.0, 0.0, 1.0, 0.7064268910671658, 1.0, 0.0, 0.0, 0.0, 0.0, 0.0, 0.0, 0.0]",110121,128281,N3,dismiss,-0.3,ts,2312,1
"[0.6818181818181819, -0.6818181818181819, -0.050125313283208024, 0.18840579710144928, -0.51, 0.0, 0.0, 0.0, 1.0, 0.7806619322864332, 1.0, 0.0, 0.0, 0.0, 0.0, 0.0, 0.0, 0.0]",48998,49086,N3,accept,0.7772727272727273,ts,1572,0
"[0.01111111111111112, -0.01111111111111112, -0.3, -0.32608695652173914, -0.15999999999999998, 0.0, 0.0, 0.0, 1.0, 0.5509877827836802, 1.0, 0.0, 0.0, 0.0, 0.0, 0.0, 0.0, 0.0]",155815,79360,N3,dismiss,-0.3,ts,1419,1
"[0.3647540983606557, -0.3647540983606557, -0.4840724547158027, -0.0028169014084507044, -0.25555555555555554, 0.0, 0.0, 0.0, 1.0, 0.6896807449990834, 1.0, 0.0, 0.0, 0.0, 0.0, 0.0, 0.0, 0.0]",41679,43382,N3,accept,0.555327868852459,ts,662,1
"[0.5, -0.5, -0.4172461752433937, -0.04154302670623145, -0.18000000000000008, 0.0, 0.0, 0.0, 1.0, 0.7382984384017444, 1.0, 0.0, 0.0, 0.0, 0.0, 0.0, 0.0, 0.0]",87402,57279,N3,accept,0.6499999999999999,ts,1573,1
"[0.29508196721311475, -0.29508196721311475, 0.08034970857618651, 0.005714285714285714, -0.19999999999999998, 0.0, 0.0, 0.0, 1.0, 0.7731071386416084, 1.0, 0.0, 0.0, 0.0, 0.0, 0.0, 0.0, 0.0]",64290,54520,N3,dismiss,-0.3,ts,487,1
"[0.4583333333333333, -0.4583333333333333, -0.3461377870563674, 0.02, 0.07999999999999999, 0.0, 0.0, 0.0, 1.0, 0.7711205717282401, 1.0, 0.0, 0.0, 0.0, 0.0, 0.0, 0.0, 0.0]",141805,123325,N3,dismiss,-0.3,ts,1447,1
"[0.31818181818181823, -0.31818181818181823, 0.0, -0.002881844380403458, 0.041666666666666664, 0.0, 0.0, 0.0, 1.0, 0.8481587887288995, 1.0, 0.0, 0.0, 0.0, 0.0, 0.0, 0.0, 0.0]",43107,117045,N3,dismiss,-0.3,ts,1137,1
"[0.5833333333333334, -0.5833333333333334, -0.10370370370370366, -0.1894150417827298, 1.0, 0.0, 0.0, 0.0, 1.0, 0.6914955644422529, 1.0, 0.0, 0.0, 0.0, 0.0, 0.0, 0.0, 0.0]",158412,29663,N3,dismiss,-0.3,ts,2416,0
"[0.02500000000000002, -0.02500000000000002, -0.1863303498779495, -0.2, -0.12000000000000002, 0.0, 0.0, 0.0, 1.0, 0.6156925813588408, 1.0, 0.0, 0.0, 0.0, 0.0, 0.0, 0.0, 0.0]",130425,62503,N3,dismiss,-0.3,ts,1383,1
"[0.7843137254901961, -0.7843137254901961, 0.05772136597159252, 0.376, -0.1, 0.0, 0.0, 0.0, 1.0, 0.8283012086055274, 1.0, 0.0, 0.0, 0.0, 0.0, 0.0, 0.0, 0.0]",104691,169335,N3,accept,0.8490196078431371,ts,1163,1
"[0.28571428571428564, -0.28571428571428564, -0.4419642857142857, -0.058823529411764705, 0.1, 0.0, 0.0, 0.0, 1.0, 0.689824083513633, 1.0, 0.0, 0.0, 0.0, 0.0, 0.0, 0.0, 0.0]",55348,141632,N3,dismiss,-0.3,ts,2102,1
"[0.09090909090909087, -0.09090909090909087, -0.004823635815496041, 0.1518987341772152, -0.08, 0.0, 0.0, 0.0, 1.0, 0.7204841011799792, 1.0, 0.0, 0.0, 0.0, 0.0, 0.0, 0.0, 0.0]",117335,120787,N3,accept,0.3636363636363636,ts,1366,1
"[0.8530612244897959, -0.8530612244897959, -0.3026455026455026, 0.10526315789473684, 0.631578947368421, 0.0, 0.0, 0.0, 1.0, 0.7372147538127957, 1.0, 0.0, 0.0, 0.0, 0.0, 0.0, 0.0, 0.0]",180524,170138,N3,accept,0.897142857142857,ts,467,0
"[0.2, -0.07, -0.29684601113172543, 0.0, 0.0, 0.0, 0.0, 0.0, 1.0, 0.6866108486748183, 1.0, 0.0, 0.0, 0.0, 0.0, 0.0, 0.0, 0.0]",63919,48992,N3,dismiss,-0.3,ts,1084,0
"[0.1250000000000001, -0.1250000000000001, 0.1772262773722628, 0.0625, -0.1, 0.0, 0.0, 0.0, 1.0, 0.6918289288008301, 1.0, 0.0, 0.0, 0.0, 0.0, 0.0, 0.0, 0.0]",141833,55348,N3,dismiss,-0.3,ts,1167,0
"[0.43333333333333335, -0.43333333333333335, 0.1111111111111111, 0.26, 0.12000000000000002, 0.0, 0.0, 0.0, 1.0, 0.760237233460153, 1.0, 0.0, 0.0, 0.0, 0.0, 0.0, 0.0, 0.0]",63753,18364,N3,dismiss,-0.3,ts,1471,1
"[0.25, -0.25, -0.5708154506437768, -0.008595988538681949, 1.0, 0.0, 0.0, 0.0, 1.0, 0.5525921765486778, 1.0, 0.0, 0.0, 0.0, 0.0, 0.0, 0.0, 0.0]",189369,117045,N3,dismiss,-0.3,ts,2392,0
"[0.24999999999999994, -0.24999999999999994, -0.6473282442748092, -0.1, 0.25999999999999995, 0.0, 0.0, 0.0, 1.0, 0.6063754382541067, 1.0, 0.0, 0.0, 0.0, 0.0, 0.0, 0.0, 0.0]",85441,128341,N3,dismiss,-0.3,ts,2175,1
"[0.07692307692307684, -0.07692307692307684, -0.1872881355932203, 0.4411764705882353, -0.2916666666666667, 0.0, 0.0, 0.0, 1.0, 0.5620114161518501, 1.0, 0.0, 0.0, 0.0, 0.0, 0.0, 0.0, 0.0]",92709,115240,N3,accept,0.35384615384615375,ts,786,1
"[0.8714285714285714, -0.8714285714285714, -0.2309859154929577, -0.9770114942528736, -0.9038461538461539, 0.0, 0.0, 0.0, 1.0, 0.6377559530745973, 1.0, 0.0, 0.0, 0.0, 0.0, 0.0, 0.0, 0.0]",91073,16650,N3,accept,0.9099999999999999,ts,2976,1
"[0.6785714285714286, -0.6785714285714286, -0.06094182825484772, 0.10465116279069768, -0.20689655172413793, 0.0, 0.0, 0.0, 1.0, 0.8401414992281117, 1.0, 0.0, 0.0, 0.0, 0.0, 0.0, 0.0, 0.0]",123439,89765,N3,dismiss,-0.3,ts,1632,0
"[0.09999999999999998, -0.09999999999999998, -0.1396379756187662, 0.0, 0.0, 0.0, 0.0, 0.0, 1.0, 0.7384874911847844, 1.0, 0.0, 0.0, 0.0, 0.0, 0.0, 0.0, 0.0]",82038,141734,N3,dismiss,-0.3,ts,2811,1
"[0.3, -0.3, -0.09090909090909091, 0.46, -0.08000000000000003, 0.0, 0.0, 0.0, 1.0, 0.709824759435147, 1.0, 0.0, 0.0, 0.0, 0.0, 0.0, 0.0, 0.0]",38740,41068,N3,dismiss,-0.3,ts,1305,0
"[0.25, -0.25, 0.15830115830115837, 0.02976190476190476, 0.13636363636363635, 0.0, 0.0, 0.0, 1.0, 0.7408404640993043, 1.0, 0.0, 0.0, 0.0, 0.0, 0.0, 0.0, 0.0]",106979,117045,N3,dismiss,-0.3,ts,774,0
"[0.20000000000000007, -0.20000000000000007, -0.20318725099601595, -0.04178272980501393, -0.08, 0.0, 0.0, 0.0, 1.0, 0.7218364883292903, 1.0, 0.0, 0.0, 0.0, 0.0, 0.0, 0.0, 0.0]",30202,31972,N3,dismiss,-0.3,ts,2289,1
"[0.738095238095238, -0.738095238095238, 0.0, -0.2422907488986784, 0.22727272727272727, 0.0, 0.0, 0.0, 1.0, 0.838366229862232, 1.0, 0.0, 0.0, 0.0, 0.0, 0.0, 0.0, 0.0]",169062,169335,N3,dismiss,-0.3,ts,2079,0
"[0.5599999999999999, -0.5599999999999999, 0.052291801162040054, 0.29454545454545455, -0.2448979591836735, 0.0, 0.0, 0.0, 1.0, 0.7767295963695724, 1.0, 0.0, 0.0, 0.0, 0.0, 0.0, 0.0, 0.0]",185412,87718,N3,dismiss,-0.3,ts,1606,0
"[0.25000000000000006, -0.25000000000000006, 0.0, 0.08, -0.059999999999999984, 0.0, 0.0, 0.0, 1.0, 0.8004489834402018, 1.0, 0.0, 0.0, 0.0, 0.0, 0.0, 0.0, 0.0]",85228,110598,N3,dismiss,-0.3,ts,1045,0
"[0.1666666666666667, -0.1666666666666667, 0.07142857142857142, -0.5081967213114754, 0.06000000000000001, 0.0, 0.0, 0.0, 1.0, 0.6719279802353277, 1.0, 0.0, 0.0, 0.0, 0.0, 0.0, 0.0, 0.0]",118798,71728,N3,dismiss,-0.3,ts,517,1
"[0.050000000000000044, -0.050000000000000044, 0.23767935121646902, 0.28, -0.21999999999999997, 0.0, 0.0, 0.0, 1.0, 0.5753341503687988, 1.0, 0.0, 0.0, 0.0, 0.0, 0.0, 0.0, 0.0]",115984,94324,N3,dismiss,-0.3,ts,1998,0
"[0.9137254901960783, -0.9137254901960783, 0.10751252086811361, -0.39847715736040606, 0.9230769230769231, 0.0, 0.0, 0.0, 1.0, 0.7222921924828956, 1.0, 0.0, 0.0, 0.0, 0.0, 0.0, 0.0, 0.0]",92082,117335,N3,accept,0.9396078431372548,ts,727,0
"[0.9228571428571429, -0.9228571428571429, -0.2761430511543685, 0.09917355371900827, -0.4583333333333333, 0.0, 0.0, 0.0, 1.0, 0.7685935228198763, 1.0, 0.0, 0.0, 0.0, 0.0, 0.0, 0.0, 0.0]",110166,128247,N3,accept,0.946,ts,703,1
"[0.0555555555555556, -0.0555555555555556, -0.16666666666666666, 0.01764705882352941, 0.13636363636363635, 0.0, 0.0, 0.0, 1.0, 0.6730847801914981, 1.0, 0.0, 0.0, 0.0, 0.0, 0.0, 0.0, 0.0]",123856,105724,N3,dismiss,-0.3,ts,2479,0
"[0.2380952380952381, -0.2380952380952381, -0.3864285714285714, -0.5102040816326531, 0.1111111111111111, 0.0, 0.0, 0.0, 1.0, 0.6021899178447646, 1.0, 0.0, 0.0, 0.0, 0.0, 0.0, 0.0, 0.0]",166142,78136,N3,dismiss,-0.3,ts,1542,1
"[0.20000000000000004, -0.20000000000000004, -0.634703196347032, 0.07407407407407407, -0.74, 0.0, 0.0, 0.0, 1.0, 0.5425189848892313, 1.0, 0.0, 0.0, 0.0, 0.0, 0.0, 0.0, 0.0]",19598,106004,N3,dismiss,-0.3,ts,1988,0
"[0.4690265486725664, -0.4690265486725664, -0.5303788420300214, -0.008450704225352112, -0.13333333333333336, 0.0, 0.0, 0.0, 1.0, 0.7332664840060243, 1.0, 0.0, 0.0, 0.0, 0.0, 0.0, 0.0, 0.0]",146721,111012,N3,dismiss,-0.3,ts,2401,1
"[0.33090909090909093, -0.33090909090909093, 0.0, 0.0, 0.0, 0.0, 0.0, 0.0, 1.0, 0.8648131365453284, 1.0, 0.0, 0.0, 0.0, 0.0, 0.0, 0.0, 0.0]",147380,63876,N3,dismiss,-0.3,ts,485,1
"[0.5, -0.5, 0.06688963210702341, -0.5664739884393064, -0.28, 0.0, 0.0, 0.0, 1.0, 0.7177375801431873, 1.0, 0.0, 0.0, 0.0, 0.0, 0.0, 0.0, 0.0]",132804,19597,N3,dismiss,-0.3,ts,922,1
"[0.3333333333333333, -0.3333333333333333, -0.0879271070615034, -0.06367041198501873, 1.0, 0.0, 0.0, 0.0, 1.0, 0.6744638811799699, 1.0, 0.0, 0.0, 0.0, 0.0, 0.0, 0.0, 0.0]",39429,170190,N3,dismiss,-0.3,ts,2089,1
"[0.16666666666666666, -0.16666666666666666, -0.35805991440798857, -0.25, -0.5916666666666667, 0.0, 0.0, 0.0, 1.0, 0.5458766131572346, 1.0, 0.0, 0.0, 0.0, 0.0, 0.0, 0.0, 0.0]",116466,145578,N3,dismiss,-0.3,ts,2938,1
"[0.20000000000000007, -0.20000000000000007, -0.2029226170707406, -0.008547008547008548, -0.14285714285714285, 0.0, 0.0, 0.0, 1.0, 0.7162900950683957, 1.0, 0.0, 0.0, 0.0, 0.0, 0.0, 0.0, 0.0]",15533,31966,N3,dismiss,-0.3,ts,1629,1
"[0.25, -0.25, 0.0, 0.07453416149068323, 0.13636363636363635, 0.0, 0.0, 0.0, 1.0, 0.7830109453831142, 1.0, 0.0, 0.0, 0.0, 0.0, 0.0, 0.0, 0.0]",43089,117045,N3,dismiss,-0.3,ts,2320,0
"[0.5636363636363637, -0.5636363636363637, -0.43781094527363185, -0.033426183844011144, 0.76, 0.0, 0.0, 0.0, 1.0, 0.6785991844538143, 1.0, 0.0, 0.0, 0.0, 0.0, 0.0, 0.0, 0.0]",43347,108828,N3,accept,0.6945454545454546,ts,1527,1
"[0.13333333333333344, -0.13333333333333344, -0.18181818181818182, -0.75, -0.44000000000000006, 0.0, 0.0, 0.0, 1.0, 0.5340595765105035, 1.0, 0.0, 0.0, 0.0, 0.0, 0.0, 0.0, 0.0]",18239,79461,N3,dismiss,-0.3,ts,1685,0
"[0.3958333333333333, -0.3958333333333333, -0.39301972685887715, -0.02158273381294964, 0.0, 0.0, 0.0, 0.0, 1.0, 0.7679389230796307, 1.0, 0.0, 0.0, 0.0, 0.0, 0.0, 0.0, 0.0]",19865,40258,N3,dismiss,-0.3,ts,2102,1
"[0.4545454545454546, -0.4545454545454546, -0.060150375939849676, 0.02046783625730994, 0.8181818181818182, 0.0, 0.0, 0.0, 1.0, 0.7486924175651021, 1.0, 0.0, 0.0, 0.0, 0.0, 0.0, 0.0, 0.0]",107170,107563,N3,accept,0.6181818181818182,ts,455,1
"[0.75, -0.75, 0.0, 0.0, 0.0, 0.0, 0.0, 0.0, 1.0, 0.9523252675504453, 1.0, 0.0, 0.0, 0.0, 0.0, 0.0, 0.0, 0.0]",129174,93843,N3,dismiss,-0.3,ts,2216,0
"[0.26470588235294124, -0.26470588235294124, 0.1392694063926941, 0.24, 0.040000000000000036, 0.0, 0.0, 0.0, 1.0, 0.7270201311319596, 1.0, 0.0, 0.0, 0.0, 0.0, 0.0, 0.0, 0.0]",77265,130669,N3,dismiss,-0.3,ts,2403,0
"[0.12500000000000006, -0.12500000000000006, 0.0, -0.2896825396825397, -0.08695652173913043, 0.0, 0.0, 0.0, 1.0, 0.7064268910671658, 1.0, 0.0, 0.0, 0.0, 0.0, 0.0, 0.0, 0.0]",110120,128281,N3,accept,0.3875,ts,1839,1
"[0.1111111111111111, -0.1111111111111111, -0.034482758620689655, -0.10954063604240283, 0.3333333333333333, 0.0, 0.0, 0.0, 1.0, 0.6754579089247579, 1.0, 0.0, 0.0, 0.0, 0.0, 0.0, 0.0, 0.0]",134111,115390,N3,dismiss,-0.3,ts,1961,1
"[0.20000000000000004, -0.20000000000000004, -0.6972222222222223, -0.02, -0.059999999999999984, 0.0, 0.0, 0.0, 1.0, 0.6495787864213909, 1.0, 0.0, 0.0, 0.0, 0.0, 0.0, 0.0, 0.0]",18484,18528,N3,dismiss,-0.3,ts,1377,0
"[0.09090909090909098, -0.09090909090909098, 0.1650000000000001, 0.05120481927710843, -0.8999999999999999, 0.0, 0.0, 0.0, 1.0, 0.5878596984444613, 1.0, 0.0, 0.0, 0.0, 0.0, 0.0, 0.0, 0.0]",162894,189369,N3,dismiss,-0.3,ts,2481,1
"[0.3636363636363637, -0.3636363636363637, 0.0, 0.0, 0.0, 0.0, 0.0, 0.0, 1.0, 0.8742764353476687, 1.0, 0.0, 0.0, 0.0, 0.0, 0.0, 0.0, 0.0]",123031,123174,N3,dismiss,-0.3,ts,925,0
"[0.1250000000000001, -0.1250000000000001, 0.16218749999999993, 0.0, 0.0, 0.0, 0.0, 0.0, 1.0, 0.7409291148542603, 1.0, 0.0, 0.0, 0.0, 0.0, 0.0, 0.0, 0.0]",57061,55412,N3,dismiss,-0.3,ts,1322,0
"[0.5170454545454546, -0.5170454545454546, -0.060150375939849676, -0.5497076023391813, -0.5818181818181819, 0.0, 0.0, 0.0, 1.0, 0.6866817609954394, 1.0, 0.0, 0.0, 0.0, 0.0, 0.0, 0.0, 0.0]",107170,142262,N3,dismiss,-0.3,ts,1682,1
"[0.1250000000000001, -0.1250000000000001, 0.0858394160583941, 0.0, 0.0, 0.0, 0.0, 0.0, 1.0, 0.7647832266303307, 1.0, 0.0, 0.0, 0.0, 0.0, 0.0, 0.0, 0.0]",29519,55412,N3,dismiss,-0.3,ts,2702,1
"[0.5636363636363637, -0.5636363636363637, 0.05263157894736842, -0.025280898876404494, 1.0, 0.0, 0.0, 0.0, 1.0, 0.7455178325369655, 1.0, 0.0, 0.0, 0.0, 0.0, 0.0, 0.0, 0.0]",107747,107659,N3,dismiss,-0.3,ts,1717,1
"[0.625, -0.625, -0.13377926421404682, 0.9653179190751445, -0.595, 0.0, 0.0, 0.0, 1.0, 0.6539585682082435, 1.0, 0.0, 0.0, 0.0, 0.0, 0.0, 0.0, 0.0]",158410,145532,N3,dismiss,-0.3,ts,1211,1
"[0.25000000000000006, -0.25000000000000006, 0.13333333333333333, 0.0, 0.0, 0.0, 0.0, 0.0, 1.0, 0.7927750172606263, 1.0, 0.0, 0.0, 0.0, 0.0, 0.0, 0.0, 0.0]",18330,40189,N3,dismiss,-0.3,ts,951,0
"[0.25, -0.25, 0.09090909090909091, -0.32456140350877194, -0.10500000000000007, 0.0, 0.0, 0.0, 1.0, 0.706303156982304, 1.0, 0.0, 0.0, 0.0, 0.0, 0.0, 0.0, 0.0]",123778,165914,N3,dismiss,-0.3,ts,2055,0
"[0.0285714285714286, -0.0285714285714286, 0.0, -0.4375, -0.039999999999999994, 0.0, 0.0, 0.0, 1.0, 0.6617044856731337, 1.0, 0.0, 0.0, 0.0, 0.0, 0.0, 0.0, 0.0]",125786,189308,N3,dismiss,-0.3,ts,560,0
"[0.09090909090909098, -0.09090909090909098, -0.24812030075187969, 0.01466275659824047, 0.07692307692307693, 0.0, 0.0, 0.0, 1.0, 0.679919824022589, 1.0, 0.0, 0.0, 0.0, 0.0, 0.0, 0.0, 0.0]",174771,43098,N3,dismiss,-0.3,ts,2890,1
"[0.20000000000000007, -0.20000000000000007, -0.07074061773497174, 0.005698005698005698, 0.07142857142857142, 0.0, 0.0, 0.0, 1.0, 0.7747744325291696, 1.0, 0.0, 0.0, 0.0, 0.0, 0.0, 0.0, 0.0]",15533,88669,N3,dismiss,-0.3,ts,1070,1
"[0.14, -0.14, -0.323238566131026, 0.0, 0.0, 0.0, 0.0, 0.0, 1.0, 0.7065192485809642, 1.0, 0.0, 0.0, 0.0, 0.0, 0.0, 0.0, 0.0]",74215,69993,N3,dismiss,-0.3,ts,1258,0
"[0.4545454545454546, -0.4545454545454546, -0.4639027877055039, -0.0169971671388102, 0.4666666666666667, 0.0, 0.0, 0.0, 1.0, 0.6812317844094329, 1.0, 0.0, 0.0, 0.0, 0.0, 0.0, 0.0, 0.0]",88669,107659,N3,dismiss,-0.3,ts,2965,1
"[0.18749999999999997, -0.18749999999999997, 0.2002503128911139, -0.20588235294117646, 0.13333333333333333, 0.0, 0.0, 0.0, 1.0, 0.6667735784087996, 1.0, 0.0, 0.0, 0.0, 0.0, 0.0, 0.0, 0.0]",139806,115242,N3,dismiss,-0.3,ts,2455,1
"[0.8857142857142857, -0.8857142857142857, -0.1737171464330414, 0.32524271844660196, -0.14814814814814814, 0.0, 0.0, 0.0, 1.0, 0.7983285485626278, 1.0, 0.0, 0.0, 0.0, 0.0, 0.0, 0.0, 0.0]",138627,86743,N3,dismiss,-0.3,ts,2155,1
"[0.08333333333333323, -0.08333333333333323, -0.17103762827822122, 0.0, 0.0, 0.0, 0.0, 0.0, 1.0, 0.7231472001150814, 1.0, 0.0, 0.0, 0.0, 0.0, 0.0, 0.0, 0.0]",147381,85069,N3,dismiss,-0.3,ts,2750,1
"[0.8571428571428572, -0.8571428571428572, 0.0, -0.04, 0.0, 0.0, 0.0, 0.0, 1.0, 0.9529674423825959, 1.0, 0.0, 0.0, 0.0, 0.0, 0.0, 0.0, 0.0]",16648,16650,N3,accept,0.8999999999999999,ts,508,0
"[0.52, -0.52, 0.0, -0.056666666666666664, -0.09090909090909091, 0.0, 0.0, 0.0, 1.0, 0.8721675631282664, 1.0, 0.0, 0.0, 0.0, 0.0, 0.0, 0.0, 0.0]",174763,49000,N3,dismiss,-0.3,ts,861,1
"[0.02500000000000002, -0.02500000000000002, -0.1863303498779495, 0.02, -0.07999999999999999, 0.0, 0.0, 0.0, 1.0, 0.6690903795112921, 1.0, 0.0, 0.0, 0.0, 0.0, 0.0, 0.0, 0.0]",130430,62539,N3,dismiss,-0.3,ts,2736,0
"[0.07142857142857154, -0.07142857142857154, 0.2002503128911139, 0.7663551401869159, -0.15, 0.0, 0.0, 0.0, 1.0, 0.554195768035352, 1.0, 0.0, 0.0, 0.0, 0.0, 0.0, 0.0, 0.0]",78135,115242,N3,dismiss,-0.3,ts,2747,1
"[0.8714285714285714, -0.8714285714285714, -0.15512820512820505, 0.16022099447513813, 0.7222222222222222, 0.0, 0.0, 0.0, 1.0, 0.7567952415809388, 1.0, 0.0, 0.0, 0.0, 0.0, 0.0, 0.0, 0.0]",146678,170138,N3,accept,0.9099999999999999,ts,1511,0
"[0.25000000000000006, -0.25000000000000006, -0.10427528675703858, -0.5424528301886793, 0.17647058823529413, 0.0, 0.0, 0.0, 1.0, 0.6580241737478809, 1.0, 0.0, 0.0, 0.0, 0.0, 0.0, 0.0, 0.0]",55882,139804,N3,dismiss,-0.3,ts,1487,1
"[0.16216216216216217, -0.16216216216216217, -0.16666666666666666, 0.08461538461538462, 0.020833333333333447, 0.0, 0.0, 0.0, 1.0, 0.7234709814458078, 1.0, 0.0, 0.0, 0.0, 0.0, 0.0, 0.0, 0.0]",91969,91957,N3,dismiss,-0.3,ts,2452,0
"[0.10714285714285708, -0.10714285714285708, -0.40739167374681395, -0.36716417910447763, -0.28, 0.0, 0.0, 0.0, 1.0, 0.5360387335926916, 1.0, 0.0, 0.0, 0.0, 0.0, 0.0, 0.0, 0.0]",87090,84871,N3,dismiss,-0.3,ts,1753,1
"[0.25, -0.25, -0.316628701594533, -0.011428571428571429, 0.13636363636363635, 0.0, 0.0, 0.0, 1.0, 0.7065666744509789, 1.0, 0.0, 0.0, 0.0, 0.0, 0.0, 0.0, 0.0]",117111,117045,N3,dismiss,-0.3,ts,2849,0
"[0.25, -0.25, -0.5708154506437768, -0.008595988538681949, 1.0, 0.0, 0.0, 0.0, 1.0, 0.5525921765486778, 1.0, 0.0, 0.0, 0.0, 0.0, 0.0, 0.0, 0.0]",189369,117045,N3,dismiss,-0.3,ts,2041,0
"[0.8285714285714286, -0.8285714285714286, -0.522463768115942, 0.68, 0.55, 0.0, 0.0, 0.0, 1.0, 0.6203403653485181, 1.0, 0.0, 0.0, 0.0, 0.0, 0.0, 0.0, 0.0]",71136,170138,N3,dismiss,-0.3,ts,574,0
"[0.13793103448275862, -0.13793103448275862, -0.6330275229357798, -0.9132947976878613, -0.8941176470588235, 0.0, 0.0, 0.0, 1.0, 0.4066193539943744, 1.0, 0.0, 0.0, 0.0, 0.0, 0.0, 0.0, 0.0]",64502,51022,N3,dismiss,-0.3,ts,599,0
"[0.25, -0.25, 0.006516290726816993, -0.05970149253731343, 0.0, 0.0, 0.0, 0.0, 1.0, 0.8201172595015521, 1.0, 0.0, 0.0, 0.0, 0.0, 0.0, 0.0, 0.0]",140787,170958,N3,dismiss,-0.3,ts,2282,1
"[0.6818181818181819, -0.6818181818181819, 0.11441307578008908, 0.08, 0.020000000000000018, 0.0, 0.0, 0.0, 1.0, 0.8737771063815095, 1.0, 0.0, 0.0, 0.0, 0.0, 0.0, 0.0, 0.0]",63997,85440,N3,dismiss,-0.3,ts,1245,0
"[0.25, -0.25, 0.006516290726816993, 0.039603960396039604, 0.04, 0.0, 0.0, 0.0, 1.0, 0.8140443691229832, 1.0, 0.0, 0.0, 0.0, 0.0, 0.0, 0.0, 0.0]",169373,170958,N3,dismiss,-0.3,ts,2118,1
"[0.20000000000000004, -0.20000000000000004, 0.052700922266139656, 0.1377245508982036, -0.05, 0.0, 0.0, 0.0, 1.0, 0.7524309879658798, 1.0, 0.0, 0.0, 0.0, 0.0, 0.0, 0.0, 0.0]",81498,158639,N3,dismiss,-0.3,ts,2232,1
"[0.14285714285714288, -0.14285714285714288, 0.08411892675852069, 0.0, 0.0, 0.0, 0.0, 0.0, 1.0, 0.7717968012528305, 1.0, 0.0, 0.0, 0.0, 0.0, 0.0, 0.0, 0.0]",141774,174759,N3,accept,0.4,ts,1014,0
"[0.027027027027027053, -0.027027027027027053, -0.03710575139146568, -0.14040114613180515, -0.26666666666666666, 0.0, 0.0, 0.0, 1.0, 0.647098222594745, 1.0, 0.0, 0.0, 0.0, 0.0, 0.0, 0.0, 0.0]",63922,16722,N3,dismiss,-0.3,ts,2533,1
"[0.25, -0.25, 0.0, 0.0, 0.0, 0.0, 0.0, 0.0, 1.0, 0.8395893495876965, 1.0, 0.0, 0.0, 0.0, 0.0, 0.0, 0.0, 0.0]",117053,117045,N3,dismiss,-0.3,ts,1195,0
"[0.040000000000000036, -0.040000000000000036, 0.0, 0.6467889908256881, -0.6777777777777777, 0.0, 0.0, 0.0, 1.0, 0.5447957747892169, 1.0, 0.0, 0.0, 0.0, 0.0, 0.0, 0.0, 0.0]",164355,158412,N3,dismiss,-0.3,ts,1059,0
"[0.1886792452830189, -0.1886792452830189, -0.16666666666666666, 0.0473186119873817, 0.2222222222222222, 0.0, 0.0, 0.0, 1.0, 0.6948629551380799, 1.0, 0.0, 0.0, 0.0, 0.0, 0.0, 0.0, 0.0]",91968,40740,N3,accept,0.4320754716981132,ts,412,1
"[0.25, -0.25, -0.25925925925925924, 0.048484848484848485, 0.041666666666666664, 0.0, 0.0, 0.0, 1.0, 0.7328139323987184, 1.0, 0.0, 0.0, 0.0, 0.0, 0.0, 0.0, 0.0]",142494,117045,N3,dismiss,-0.3,ts,742,0
"[0.25, -0.25, 0.09090909090909091, 0.06944444444444445, -0.005555555555555635, 0.0, 0.0, 0.0, 1.0, 0.7852312004718296, 1.0, 0.0, 0.0, 0.0, 0.0, 0.0, 0.0, 0.0]",164892,165914,N3,dismiss,-0.3,ts,593,0
"[0.20000000000000007, -0.20000000000000007, -0.20556107249255215, -0.008547008547008548, -0.14285714285714285, 0.0, 0.0, 0.0, 1.0, 0.7155886267778032, 1.0, 0.0, 0.0, 0.0, 0.0, 0.0, 0.0, 0.0]",15528,31966,N3,dismiss,-0.3,ts,1130,1
"[0.14285714285714288, -0.14285714285714288, 0.2002503128911139, 0.9813084112149533, -0.15, 0.0, 0.0, 0.0, 1.0, 0.5689594320135174, 1.0, 0.0, 0.0, 0.0, 0.0, 0.0, 0.0, 0.0]",78135,55882,N3,accept,0.4,ts,1977,0
"[0.0555555555555556, -0.0555555555555556, -0.47750000000000004, -0.40625, -0.13999999999999999, 0.0, 0.0, 0.0, 1.0, 0.5276773282495165, 1.0, 0.0, 0.0, 0.0, 0.0, 0.0, 0.0, 0.0]",155816,18005,N3,dismiss,-0.3,ts,1856,1
"[0.04494382022471914, -0.04494382022471914, -0.2535714285714286, -0.08064516129032258, 0.0, 0.0, 0.0, 0.0, 1.0, 0.6649279362905083, 1.0, 0.0, 0.0, 0.0, 0.0, 0.0, 0.0, 0.0]",79360,18005,N3,dismiss,-0.3,ts,1054,0
"[0.25, -0.25, -0.24812030075187969, 0.01764705882352941, 0.13636363636363635, 0.0, 0.0, 0.0, 1.0, 0.7203456543782418, 1.0, 0.0, 0.0, 0.0, 0.0, 0.0, 0.0, 0.0]",117159,117045,N3,accept,0.475,ts,946,0
"[0.25, -0.25, -0.18823529411764706, 0.0, 0.0, 0.0, 0.0, 0.0, 1.0, 0.7768452100027552, 1.0, 0.0, 0.0, 0.0, 0.0, 0.0, 0.0, 0.0]",113825,87177,N3,dismiss,-0.3,ts,1794,0
"[0.33333333333333337, -0.33333333333333337, -0.03710575139146568, 0.05263157894736842, 0.20879120879120883, 0.0, 0.0, 0.0, 1.0, 0.7850330737942559, 1.0, 0.0, 0.0, 0.0, 0.0, 0.0, 0.0, 0.0]",63943,49082,N3,dismiss,-0.3,ts,2040,0
"[0.25, -0.25, -0.09125735394718841, 0.0048543689320388345, 0.0, 0.0, 0.0, 0.0, 1.0, 0.8047745634796265, 1.0, 0.0, 0.0, 0.0, 0.0, 0.0, 0.0, 0.0]",15456,30338,N3,accept,0.475,ts,2568,1
"[0.2380952380952381, -0.2380952380952381, -0.291970802919708, 0.0, 0.0, 0.0, 0.0, 0.0, 1.0, 0.7472128890509149, 1.0, 0.0, 0.0, 0.0, 0.0, 0.0, 0.0, 0.0]",154624,108507,N3,dismiss,-0.3,ts,433,1
"[0.7916666666666666, -0.7916666666666666, -0.4004004004004004, 0.02040816326530612, 0.14583333333333337, 0.0, 0.0, 0.0, 1.0, 0.8032977757674272, 1.0, 0.0, 0.0, 0.0, 0.0, 0.0, 0.0, 0.0]",16681,16729,N3,accept,0.8541666666666665,ts,1497,1
"[0.6136363636363636, -0.6136363636363636, 0.05263157894736842, -0.5674157303370787, -0.2333333333333334, 0.0, 0.0, 0.0, 1.0, 0.753830427032198, 1.0, 0.0, 0.0, 0.0, 0.0, 0.0, 0.0, 0.0]",107747,142262,N3,dismiss,-0.3,ts,2076,1
"[0.28571428571428564, -0.28571428571428564, 0.1669449081803006, -0.05420054200542006, -0.9057971014492753, 0.0, 0.0, 0.0, 1.0, 0.6533573854314844, 1.0, 0.0, 0.0, 0.0, 0.0, 0.0, 0.0, 0.0]",76847,189369,N3,dismiss,-0.3,ts,2992,1
"[0.896470588235294, -0.896470588235294, -0.5132127955493742, 0.003745318352059925, -0.2, 0.0, 0.0, 0.0, 1.0, 0.7892851545630684, 1.0, 0.0, 0.0, 0.0, 0.0, 0.0, 0.0, 0.0]",128242,92135,N3,dismiss,-0.3,ts,2445,1
"[0.1666666666666667, -0.1666666666666667, -0.15503875968992248, 0.058823529411764705, 0.0, 0.0, 0.0, 0.0, 1.0, 0.741259150826298, 1.0, 0.0, 0.0, 0.0, 0.0, 0.0, 0.0, 0.0]",92714,85929,N3,dismiss,-0.3,ts,2760,1
"[0.6909090909090909, -0.6909090909090909, 0.0, -0.32075471698113206, -0.11999999999999997, 0.0, 0.0, 0.0, 1.0, 0.8410807546925714, 1.0, 0.0, 0.0, 0.0, 0.0, 0.0, 0.0, 0.0]",122719,189308,N3,dismiss,-0.3,ts,2040,1
"[0.47959183673469385, -0.47959183673469385, -0.24881101376720902, -0.2188449848024316, -0.38, 0.0, 0.0, 0.0, 1.0, 0.6927062648367477, 1.0, 0.0, 0.0, 0.0, 0.0, 0.0, 0.0, 0.0]",158420,20089,N3,dismiss,-0.3,ts,2785,1
"[0.25, -0.25, 0.0, 0.0, 0.0, 0.0, 0.0, 0.0, 1.0, 0.8395893495876965, 1.0, 0.0, 0.0, 0.0, 0.0, 0.0, 0.0, 0.0]",117053,117045,N3,dismiss,-0.3,ts,2544,0
"[0.25, -0.25, -0.5228260869565218, -0.5527156549520766, 0.3333333333333333, 0.0, 0.0, 0.0, 1.0, 0.536554632204123, 1.0, 0.0, 0.0, 0.0, 0.0, 0.0, 0.0, 0.0]",128295,128254,N3,dismiss,-0.3,ts,1596,1
"[0.06666666666666672, -0.06666666666666672, -0.3463263194204898, -0.21467391304347827, -0.2727272727272727, 0.0, 0.0, 0.0, 1.0, 0.5595432285998415, 1.0, 0.0, 0.0, 0.0, 0.0, 0.0, 0.0, 0.0]",71447,105432,N3,dismiss,-0.3,ts,939,1
"[0.19999999999999993, -0.19999999999999993, 0.11764705882352941, 0.0, 0.0, 0.0, 0.0, 0.0, 1.0, 0.7808958257091974, 1.0, 0.0, 0.0, 0.0, 0.0, 0.0, 0.0, 0.0]",104417,18611,N3,dismiss,-0.3,ts,1113,1
"[0.2800000000000001, -0.2800000000000001, -0.2748368382886149, 0.0, 0.0, 0.0, 0.0, 0.0, 1.0, 0.7646602306691772, 1.0, 0.0, 0.0, 0.0, 0.0, 0.0, 0.0, 0.0]",141766,174745,N3,accept,0.496,ts,1364,1
"[0.5625, -0.5625, -0.08836524300441836, -0.014492753623188406, 0.0, 0.0, 0.0, 0.0, 1.0, 0.8852632544027691, 1.0, 0.0, 0.0, 0.0, 0.0, 0.0, 0.0, 0.0]",108507,39280,N3,dismiss,-0.3,ts,2080,1
"[0.25, -0.25, -0.24812030075187969, 0.005813953488372093, 0.041666666666666664, 0.0, 0.0, 0.0, 1.0, 0.7476249554836153, 1.0, 0.0, 0.0, 0.0, 0.0, 0.0, 0.0, 0.0]",174773,117045,N3,dismiss,-0.3,ts,1639,0
"[0.8109243697478992, -0.8109243697478992, 0.1629802095459837, 0.44483985765124556, 0.5, 0.0, 0.0, 0.0, 1.0, 0.7208130226157157, 1.0, 0.0, 0.0, 0.0, 0.0, 0.0, 0.0, 0.0]",84577,47180,N3,dismiss,-0.3,ts,2125,0
"[0.25, -0.25, 0.10375939849624062, -0.30149253731343284, 0.3076923076923077, 0.0, 0.0, 0.0, 1.0, 0.665250267773939, 1.0, 0.0, 0.0, 0.0, 0.0, 0.0, 0.0, 0.0]",140787,146728,N3,dismiss,-0.3,ts,2128,1
"[0.25000000000000006, -0.25000000000000006, -0.09111617312072894, 0.1, -0.059999999999999984, 0.0, 0.0, 0.0, 1.0, 0.7621185638122803, 1.0, 0.0, 0.0, 0.0, 0.0, 0.0, 0.0, 0.0]",30785,110598,N3,dismiss,-0.3,ts,2896,0
"[0.09999999999999996, -0.09999999999999996, 0.0, -0.1005586592178771, 0.0, 0.0, 0.0, 0.0, 1.0, 0.7598937305521247, 1.0, 0.0, 0.0, 0.0, 0.0, 0.0, 0.0, 0.0]",127521,108202,N3,dismiss,-0.3,ts,485,0
"[0.28571428571428564, -0.28571428571428564, -0.35943517329910146, 0.26, 0.06000000000000001, 0.0, 0.0, 0.0, 1.0, 0.670708318241587, 1.0, 0.0, 0.0, 0.0, 0.0, 0.0, 0.0, 0.0]",33303,130669,N3,dismiss,-0.3,ts,1289,1
"[0.5636363636363637, -0.5636363636363637, -0.2527272727272727, -0.005698005698005698, 0.42857142857142855, 0.0, 0.0, 0.0, 1.0, 0.7547743302203972, 1.0, 0.0, 0.0, 0.0, 0.0, 0.0, 0.0, 0.0]",151838,108839,N3,dismiss,-0.3,ts,1012,1
"[0.28571428571428575, -0.28571428571428575, 0.23592419664927214, 0.4583333333333333, -0.1, 0.0, 0.0, 0.0, 1.0, 0.658588363112707, 1.0, 0.0, 0.0, 0.0, 0.0, 0.0, 0.0, 0.0]",139086,127333,N3,dismiss,-0.3,ts,407,0
"[0.20000000000000007, -0.20000000000000007, 0.13126252505010005, 1.0, 1.0, 0.0, 0.0, 0.0, 1.0, 0.4938487889969997, 1.0, 0.0, 0.0, 0.0, 0.0, 0.0, 0.0, 0.0]",169305,31973,N3,dismiss,-0.3,ts,2584,1
"[0.7215909090909091, -0.7215909090909091, -0.041666666666666664, -0.045454545454545456, 0.12000000000000002, 0.0, 0.0, 0.0, 1.0, 0.887488762305598, 1.0, 0.0, 0.0, 0.0, 0.0, 0.0, 0.0, 0.0]",30710,82101,N3,dismiss,-0.3,ts,474,1
"[0.294478527607362, -0.294478527607362, 0.22798887859128833, -0.025, -0.11392405063291143, 0.0, 0.0, 0.0, 1.0, 0.7426536066065215, 1.0, 0.0, 0.0, 0.0, 0.0, 0.0, 0.0, 0.0]",15663,39517,N3,dismiss,-0.3,ts,1195,0
"[0.07692307692307684, -0.07692307692307684, -0.1872881355932203, 1.0, -0.22727272727272727, 0.0, 0.0, 0.0, 1.0, 0.5317456847362717, 1.0, 0.0, 0.0, 0.0, 0.0, 0.0, 0.0, 0.0]",169794,55882,N3,dismiss,-0.3,ts,440,0
"[0.010909090909090839, -0.010909090909090839, -0.7835593220338983, -0.14285714285714285, -0.08333333333333333, 0.0, 0.0, 0.0, 1.0, 0.5355134964909132, 1.0, 0.0, 0.0, 0.0, 0.0, 0.0, 0.0, 0.0]",51122,115323,N3,dismiss,-0.3,ts,831,0
"[0.08333333333333326, -0.08333333333333326, 0.0, 0.1125, 0.18181818181818182, 0.0, 0.0, 0.0, 1.0, 0.7051372725166374, 1.0, 0.0, 0.0, 0.0, 0.0, 0.0, 0.0, 0.0]",73738,73736,N3,dismiss,-0.3,ts,847,0
"[0.010909090909090839, -0.010909090909090839, -0.7835593220338983, -0.14285714285714285, -0.08333333333333333, 0.0, 0.0, 0.0, 1.0, 0.5355134964909132, 1.0, 0.0, 0.0, 0.0, 0.0, 0.0, 0.0, 0.0]",51122,115323,N3,dismiss,-0.3,ts,518,0
"[0.6, -0.6, 0.031077694235589023, 0.27074235807860264, 0.5, 0.0, 0.0, 0.0, 1.0, 0.7594863057515381, 1.0, 0.0, 0.0, 0.0, 0.0, 0.0, 0.0, 0.0]",185375,29663,N3,dismiss,-0.3,ts,2508,1
"[0.5, -0.5, -0.2391304347826087, -0.707667731629393, 1.0, 0.0, 0.0, 0.0, 1.0, 0.57453705190491, 1.0, 0.0, 0.0, 0.0, 0.0, 0.0, 0.0, 0.0]",128295,104681,N3,dismiss,-0.3,ts,2616,1
"[0.42400000000000004, -0.42400000000000004, -0.7220678154530294, 0.0, 0.0, 0.0, 0.0, 0.0, 1.0, 0.7377324485995986, 1.0, 0.0, 0.0, 0.0, 0.0, 0.0, 0.0, 0.0]",49130,174939,N3,dismiss,-0.3,ts,2718,1
"[0.125, -0.125, 0.0, -0.06666666666666667, 0.0, 0.0, 0.0, 0.0, 1.0, 0.777609297833477, 1.0, 0.0, 0.0, 0.0, 0.0, 0.0, 0.0, 0.0]",139964,175348,N3,dismiss,-0.3,ts,2789,1
"[0.9442857142857142, -0.9442857142857142, -0.1, -0.8571428571428571, -0.9099999999999999, 0.0, 0.0, 0.0, 1.0, 0.6872767360360263, 1.0, 0.0, 0.0, 0.0, 0.0, 0.0, 0.0, 0.0]",153856,79461,N3,dismiss,-0.3,ts,1925,1
"[0.25, -0.25, 0.0, 0.07453416149068323, 0.13636363636363635, 0.0, 0.0, 0.0, 1.0, 0.7830109453831142, 1.0, 0.0, 0.0, 0.0, 0.0, 0.0, 0.0, 0.0]",43090,117045,N3,dismiss,-0.3,ts,1088,0
"[0.19512195121951212, -0.19512195121951212, 0.1573604060913707, 0.27450980392156865, 0.16666666666666666, 0.0, 0.0, 0.0, 1.0, 0.6612561616586466, 1.0, 0.0, 0.0, 0.0, 0.0, 0.0, 0.0, 0.0]",141752,90175,N3,dismiss,-0.3,ts,893,0
"[0.25, -0.25, -0.5447647951441579, -0.011428571428571429, 0.10619469026548665, 0.0, 0.0, 0.0, 1.0, 0.6747720676390024, 1.0, 0.0, 0.0, 0.0, 0.0, 0.0, 0.0, 0.0]",16901,117045,N3,dismiss,-0.3,ts,1981,0
"[0.4, -0.4, -0.29684601113172543, 0.0, 0.0, 0.0, 0.0, 0.0, 1.0, 0.7947192856371645, 1.0, 0.0, 0.0, 0.0, 0.0, 0.0, 0.0, 0.0]",63943,49005,N3,dismiss,-0.3,ts,1896,1
"[0.14, -0.14, 0.16819827346143154, 0.0, 0.0, 0.0, 0.0, 0.0, 1.0, 0.7446095810127756, 1.0, 0.0, 0.0, 0.0, 0.0, 0.0, 0.0, 0.0]",72623,79362,N3,accept,0.398,ts,2205,0
"[0.4000000000000001, -0.4000000000000001, -0.5271936185641769, 0.0, 0.0, 0.0, 0.0, 0.0, 1.0, 0.7539435621656189, 1.0, 0.0, 0.0, 0.0, 0.0, 0.0, 0.0, 0.0]",141772,63864,N3,accept,0.5800000000000001,ts,1457,1
"[0.010909090909090839, -0.010909090909090839, -0.7835593220338983, -0.14285714285714285, -0.08333333333333333, 0.0, 0.0, 0.0, 1.0, 0.5355134964909132, 1.0, 0.0, 0.0, 0.0, 0.0, 0.0, 0.0, 0.0]",51122,115323,N3,dismiss,-0.3,ts,1833,0
"[0.3000000000000001, -0.3000000000000001, -0.528957528957529, 0.0, 0.0, 0.0, 0.0, 0.0, 1.0, 0.7249105321469098, 1.0, 0.0, 0.0, 0.0, 0.0, 0.0, 0.0, 0.0]",85444,85446,N3,dismiss,-0.3,ts,2217,0
"[0.5, -0.5, -0.4172461752433937, 0.0, 0.0, 0.0, 0.0, 0.0, 1.0, 0.795606196800465, 1.0, 0.0, 0.0, 0.0, 0.0, 0.0, 0.0, 0.0]",87863,57279,N3,dismiss,-0.3,ts,1115,1
"[0.20000000000000007, -0.20000000000000007, -0.20398009950248752, -0.008547008547008548, 0.0, 0.0, 0.0, 0.0, 1.0, 0.7532869108470774, 1.0, 0.0, 0.0, 0.0, 0.0, 0.0, 0.0, 0.0]",72081,32065,N3,dismiss,-0.3,ts,2282,1
"[0.3333333333333333, -0.3333333333333333, 0.0, -0.5620253164556962, -0.2, 0.0, 0.0, 0.0, 1.0, 0.7148214204318524, 1.0, 0.0, 0.0, 0.0, 0.0, 0.0, 0.0, 0.0]",121907,158410,N3,dismiss,-0.3,ts,497,1
"[0.64, -0.64, -0.0346408558329088, -0.05, -0.17272727272727276, 0.0, 0.0, 0.0, 1.0, 0.8645923634066793, 1.0, 0.0, 0.0, 0.0, 0.0, 0.0, 0.0, 0.0]",90181,49005,N3,dismiss,-0.3,ts,1590,0
"[0.27999999999999997, -0.27999999999999997, -0.07452093683463454, 1.0, -0.78, 0.0, 0.0, 0.0, 1.0, 0.5645640780394282, 1.0, 0.0, 0.0, 0.0, 0.0, 0.0, 0.0, 0.0]",154734,128279,N3,dismiss,-0.3,ts,2448,0
"[0.3500000000000001, -0.3500000000000001, 0.0, -0.3611111111111111, 0.043478260869565216, 0.0, 0.0, 0.0, 1.0, 0.7807457601820568, 1.0, 0.0, 0.0, 0.0, 0.0, 0.0, 0.0, 0.0]",125913,48548,N3,dismiss,-0.3,ts,1853,0
"[0.25, -0.25, -0.18823529411764706, 0.0, 0.0, 0.0, 0.0, 0.0, 1.0, 0.7768452100027552, 1.0, 0.0, 0.0, 0.0, 0.0, 0.0, 0.0, 0.0]",113825,87177,N3,dismiss,-0.3,ts,684,0
"[0.3911290322580645, -0.3911290322580645, -0.50017850767583, -0.036036036036036036, -0.07692307692307693, 0.0, 0.0, 0.0, 1.0, 0.7236081398207702, 1.0, 0.0, 0.0, 0.0, 0.0, 0.0, 0.0, 0.0]",89601,103704,N3,dismiss,-0.3,ts,882,1
"[0.02500000000000002, -0.02500000000000002, -0.49874686716791977, -0.08, -0.039999999999999994, 0.0, 0.0, 0.0, 1.0, 0.5994201484706434, 1.0, 0.0, 0.0, 0.0, 0.0, 0.0, 0.0, 0.0]",85443,62539,N3,dismiss,-0.3,ts,2027,1
"[0.24999999999999997, -0.24999999999999997, -0.4117647058823529, 0.0, 0.0, 0.0, 0.0, 0.0, 1.0, 0.7273653355460075, 1.0, 0.0, 0.0, 0.0, 0.0, 0.0, 0.0, 0.0]",51607,174753,N3,dismiss,-0.3,ts,1569,0
"[0.55, -0.55, 0.0, 0.006872852233676976, 0.0, 0.0, 0.0, 0.0, 1.0, 0.9173977756641208, 1.0, 0.0, 0.0, 0.0, 0.0, 0.0, 0.0, 0.0]",106148,106147,N3,dismiss,-0.3,ts,1699,0
"[0.06086956521739117, -0.06086956521739117, 0.1509433962264151, -0.002849002849002849, 0.07142857142857142, 0.0, 0.0, 0.0, 1.0, 0.6998266361785278, 1.0, 0.0, 0.0, 0.0, 0.0, 0.0, 0.0, 0.0]",39517,15687,N3,dismiss,-0.3,ts,2152,0
"[0.8714285714285714, -0.8714285714285714, -0.4314063848144952, 0.22093023255813954, 0.55, 0.0, 0.0, 0.0, 1.0, 0.6966389331720354, 1.0, 0.0, 0.0, 0.0, 0.0, 0.0, 0.0, 0.0]",73628,170138,N3,accept,0.9099999999999999,ts,2934,0
"[0.5, -0.5, 0.0003029385034839478, 0.5421245421245421, 0.21739130434782608, 0.0, 0.0, 0.0, 1.0, 0.7565002507531393, 1.0, 0.0, 0.0, 0.0, 0.0, 0.0, 0.0, 0.0]",86743,61314,N3,dismiss,-0.3,ts,2708,0
"[0.20000000000000007, -0.20000000000000007, -0.20371599203715993, -0.008547008547008548, -0.14285714285714285, 0.0, 0.0, 0.0, 1.0, 0.7160787765165817, 1.0, 0.0, 0.0, 0.0, 0.0, 0.0, 0.0, 0.0]",74279,32065,N3,dismiss,-0.3,ts,729,1
"[0.0555555555555556, -0.0555555555555556, -0.16666666666666666, 0.0, -0.10714285714285714, 0.0, 0.0, 0.0, 1.0, 0.6851591657739663, 1.0, 0.0, 0.0, 0.0, 0.0, 0.0, 0.0, 0.0]",111476,105724,N3,dismiss,-0.3,ts,1624,0
"[0.1111111111111111, -0.1111111111111111, -0.034482758620689655, -0.10954063604240283, 0.3333333333333333, 0.0, 0.0, 0.0, 1.0, 0.6754579089247579, 1.0, 0.0, 0.0, 0.0, 0.0, 0.0, 0.0, 0.0]",134111,115390,N3,dismiss,-0.3,ts,2044,1
"[0.9485714285714286, -0.9485714285714286, -0.7682608695652173, 0.2912621359223301, -0.4583333333333333, 0.0, 0.0, 0.0, 1.0, 0.659324447512109, 1.0, 0.0, 0.0, 0.0, 0.0, 0.0, 0.0, 0.0]",54732,128247,N3,dismiss,-0.3,ts,753,1
"[0.2, -0.2, 0.21706864564007414, 0.6601941747572816, 0.5490196078431374, 0.0, 0.0, 0.0, 1.0, 0.5424762137879036, 1.0, 0.0, 0.0, 0.0, 0.0, 0.0, 0.0, 0.0]",117087,15178,N3,dismiss,-0.3,ts,2459,0
"[0.72, -0.72, 0.14583333333333334, 0.02, 0.06000000000000001, 0.0, 0.0, 0.0, 1.0, 0.8748597557133838, 1.0, 0.0, 0.0, 0.0, 0.0, 0.0, 0.0, 0.0]",135298,81568,N3,dismiss,-0.3,ts,432,0
"[0.20000000000000007, -0.20000000000000007, -0.0053138492195284005, 0.019943019943019943, -0.5, 0.0, 0.0, 0.0, 1.0, 0.7200306250515387, 1.0, 0.0, 0.0, 0.0, 0.0, 0.0, 0.0, 0.0]",15533,135481,N3,dismiss,-0.3,ts,2476,1
"[0.6000000000000001, -0.6000000000000001, 0.1111111111111111, 1.0, 1.0, 0.0, 0.0, 0.0, 1.0, 0.5953401686575794, 1.0, 0.0, 0.0, 0.0, 0.0, 0.0, 0.0, 0.0]",38174,112477,N3,dismiss,-0.3,ts,1429,0
"[0.09090909090909098, -0.09090909090909098, 0.11799999999999997, 0.13119533527696792, -0.045454545454545456, 0.0, 0.0, 0.0, 1.0, 0.6941839725667863, 1.0, 0.0, 0.0, 0.0, 0.0, 0.0, 0.0, 0.0]",162866,16906,N3,dismiss,-0.3,ts,734,0
"[0.15000000000000013, -0.15000000000000013, -0.5289473684210527, -0.24, -0.020000000000000018, 0.0, 0.0, 0.0, 1.0, 0.611692733476693, 1.0, 0.0, 0.0, 0.0, 0.0, 0.0, 0.0, 0.0]",18611,63626,N3,dismiss,-0.3,ts,2018,1
"[0.3571428571428571, -0.3571428571428571, -0.49471210340775557, 0.017341040462427744, -0.012658227848101333, 0.0, 0.0, 0.0, 1.0, 0.7379294538140533, 1.0, 0.0, 0.0, 0.0, 0.0, 0.0, 0.0, 0.0]",117162,105899,N3,dismiss,-0.3,ts,2550,1
"[0.2803030303030304, -0.2803030303030304, 0.24700000000000005, 0.44642857142857145, -0.28, 0.0, 0.0, 0.0, 1.0, 0.6184684582201454, 1.0, 0.0, 0.0, 0.0, 0.0, 0.0, 0.0, 0.0]",80033,185708,N3,dismiss,-0.3,ts,672,0
"[0.9071428571428573, -0.9071428571428573, 0.027816411682892905, -0.41823899371069184, -0.6901408450704225, 0.0, 0.0, 0.0, 1.0, 0.7610281423372881, 1.0, 0.0, 0.0, 0.0, 0.0, 0.0, 0.0, 0.0]",87864,175208,N3,dismiss,-0.3,ts,1257,1
"[0.5, -0.5, -0.3333333333333333, 0.0, 0.0, 0.0, 0.0, 0.0, 1.0, 0.8114706619033403, 1.0, 0.0, 0.0, 0.0, 0.0, 0.0, 0.0, 0.0]",135728,38178,N3,accept,0.6499999999999999,ts,2380,1
"[0.2857142857142857, -0.2857142857142857, -0.43, 0.7099236641221374, 0.6, 0.0, 0.0, 0.0, 1.0, 0.5171058715824757, 1.0, 0.0, 0.0, 0.0, 0.0, 0.0, 0.0, 0.0]",104682,86748,N3,accept,0.5,ts,2669,1
"[0.5, -0.5, 0.0003029385034839478, 0.5421245421245421, 0.21739130434782608, 0.0, 0.0, 0.0, 1.0, 0.7565002507531393, 1.0, 0.0, 0.0, 0.0, 0.0, 0.0, 0.0, 0.0]",86743,61314,N3,accept,0.6499999999999999,ts,1124,0
"[0.0555555555555556, -0.0555555555555556, -0.47750000000000004, -0.3804347826086957, -0.15999999999999998, 0.0, 0.0, 0.0, 1.0, 0.526759016676835, 1.0, 0.0, 0.0, 0.0, 0.0, 0.0, 0.0, 0.0]",155815,18005,N3,dismiss,-0.3,ts,1562,1
"[0.3, -0.3, 0.0, -0.3898305084745763, 0.3333333333333333, 0.0, 0.0, 0.0, 1.0, 0.7012715335944975, 1.0, 0.0, 0.0, 0.0, 0.0, 0.0, 0.0, 0.0]",185391,55915,N3,dismiss,-0.3,ts,903,0
"[0.03508771929824565, -0.03508771929824565, -0.593103448275862, 0.038461538461538464, 0.0, 0.0, 0.0, 0.0, 1.0, 0.6131154001077068, 1.0, 0.0, 0.0, 0.0, 0.0, 0.0, 0.0, 0.0]",87131,183161,N3,dismiss,-0.3,ts,988,1
"[0.11999999999999993, -0.11999999999999993, -0.3566833452466047, 0.017391304347826087, -0.4428571428571429, 0.0, 0.0, 0.0, 1.0, 0.5992537957863835, 1.0, 0.0, 0.0, 0.0, 0.0, 0.0, 0.0, 0.0]",88672,30103,N3,dismiss,-0.3,ts,2413,1
"[0.25, -0.25, -0.25925925925925924, 0.048484848484848485, 0.041666666666666664, 0.0, 0.0, 0.0, 1.0, 0.7328139323987184, 1.0, 0.0, 0.0, 0.0, 0.0, 0.0, 0.0, 0.0]",142494,117045,N3,dismiss,-0.3,ts,763,0
"[0.2045454545454546, -0.2045454545454546, -0.75093399750934, 0.019553072625698324, 1.0, 0.0, 0.0, 0.0, 1.0, 0.5241459203603409, 1.0, 0.0, 0.0, 0.0, 0.0, 0.0, 0.0, 0.0]",93935,123174,N3,dismiss,-0.3,ts,845,0
"[0.3636363636363637, -0.3636363636363637, -0.002317113538563399, 0.0, 0.0, 0.0, 0.0, 0.0, 1.0, 0.8733517342246455, 1.0, 0.0, 0.0, 0.0, 0.0, 0.0, 0.0, 0.0]",15528,74278,N3,dismiss,-0.3,ts,542,1
"[0.1111111111111112, -0.1111111111111112, -0.5616605616605617, 0.16342412451361868, 0.3, 0.0, 0.0, 0.0, 1.0, 0.5468254204401923, 1.0, 0.0, 0.0, 0.0, 0.0, 0.0, 0.0, 0.0]",130292,174765,N3,dismiss,-0.3,ts,1105,0
"[0.63, -0.63, -0.11525674178056892, 0.06333333333333334, 0.2727272727272727, 0.0, 0.0, 0.0, 1.0, 0.8122937474693755, 1.0, 0.0, 0.0, 0.0, 0.0, 0.0, 0.0, 0.0]",82038,63924,N3,dismiss,-0.3,ts,1859,1
"[0.07500000000000007, -0.07500000000000007, -0.2404809619238477, 0.4111111111111111, 0.64, 0.0, 0.0, 0.0, 1.0, 0.509268332065276, 1.0, 0.0, 0.0, 0.0, 0.0, 0.0, 0.0, 0.0]",44266,31679,N3,accept,0.35250000000000004,ts,1087,1
"[0.7058823529411764, -0.7058823529411764, 0.2053511705685619, 1.0, -0.058823529411764705, 0.0, 0.0, 0.0, 1.0, 0.7156472339116378, 1.0, 0.0, 0.0, 0.0, 0.0, 0.0, 0.0, 0.0]",89664,155692,N3,dismiss,-0.3,ts,1295,1
"[0.11458333333333333, -0.11458333333333333, -0.08759124087591248, -0.5587392550143266, -0.77, 0.0, 0.0, 0.0, 1.0, 0.5416340437403093, 1.0, 0.0, 0.0, 0.0, 0.0, 0.0, 0.0, 0.0]",108839,142262,N3,dismiss,-0.3,ts,602,0
"[0.09090909090909098, -0.09090909090909098, 0.0, -0.07204610951008646, -0.08333333333333333, 0.0, 0.0, 0.0, 1.0, 0.7407246055659577, 1.0, 0.0, 0.0, 0.0, 0.0, 0.0, 0.0, 0.0]",43107,43090,N3,dismiss,-0.3,ts,1530,1
"[0.3636363636363637, -0.3636363636363637, 0.0, 0.0, 0.0, 0.0, 0.0, 0.0, 1.0, 0.8742764353476687, 1.0, 0.0, 0.0, 0.0, 0.0, 0.0, 0.0, 0.0]",123141,123174,N3,dismiss,-0.3,ts,877,0
"[0.65, -0.65, 0.0, 0.0, 0.0, 0.0, 0.0, 0.0, 1.0, 0.9377233209062918, 1.0, 0.0, 0.0, 0.0, 0.0, 0.0, 0.0, 0.0]",30619,30620,N3,dismiss,-0.3,ts,2785,0
"[0.16666666666666666, -0.16666666666666666, 0.21108179419525067, -0.12096774193548387, -0.35714285714285715, 0.0, 0.0, 0.0, 1.0, 0.6335522942683649, 1.0, 0.0, 0.0, 0.0, 0.0, 0.0, 0.0, 0.0]",89593,164355,N3,accept,0.41666666666666663,ts,2005,1
"[0.46428571428571425, -0.46428571428571425, 0.15714899098325463, -0.05, -0.17272727272727276, 0.0, 0.0, 0.0, 1.0, 0.7884946537760977, 1.0, 0.0, 0.0, 0.0, 0.0, 0.0, 0.0, 0.0]",141736,63943,N3,dismiss,-0.3,ts,970,0
"[0.09090909090909098, -0.09090909090909098, 0.0011123470522802878, 0.05322128851540616, 0.16666666666666666, 0.0, 0.0, 0.0, 1.0, 0.7257704148128815, 1.0, 0.0, 0.0, 0.0, 0.0, 0.0, 0.0, 0.0]",166050,151841,N3,dismiss,-0.3,ts,854,0
"[0.1666666666666667, -0.1666666666666667, -0.15503875968992248, 0.058823529411764705, 0.0, 0.0, 0.0, 0.0, 1.0, 0.741259150826298, 1.0, 0.0, 0.0, 0.0, 0.0, 0.0, 0.0, 0.0]",92714,85929,N3,dismiss,-0.3,ts,2586,0
"[0.023255813953488393, -0.023255813953488393, 0.2, 0.0034129692832764505, -0.042553191489361736, 0.0, 0.0, 0.0, 1.0, 0.6795231858504707, 1.0, 0.0, 0.0, 0.0, 0.0, 0.0, 0.0, 0.0]",33338,91970,N3,dismiss,-0.3,ts,2171,0
"[0.5, -0.5, -0.4592875318066158, 0.0, 0.0, 0.0, 0.0, 0.0, 1.0, 0.7886047001257124, 1.0, 0.0, 0.0, 0.0, 0.0, 0.0, 0.0, 0.0]",90179,56398,N3,dismiss,-0.3,ts,1930,0
"[0.24242424242424238, -0.24242424242424238, -0.158311345646438, -0.08536585365853659, -0.21999999999999997, 0.0, 0.0, 0.0, 1.0, 0.7058869977996952, 1.0, 0.0, 0.0, 0.0, 0.0, 0.0, 0.0, 0.0]",110035,19597,N3,dismiss,-0.3,ts,2843,1
"[0.648, -0.648, 0.12880765883376852, 0.20863309352517986, 1.0, 0.0, 0.0, 0.0, 1.0, 0.693548136379965, 1.0, 0.0, 0.0, 0.0, 0.0, 0.0, 0.0, 0.0]",185577,107554,N3,dismiss,-0.3,ts,2732,1
"[0.12499999999999988, -0.12499999999999988, 0.22662889518413595, -0.23684210526315788, 0.10526315789473684, 0.0, 0.0, 0.0, 1.0, 0.6383733944913446, 1.0, 0.0, 0.0, 0.0, 0.0, 0.0, 0.0, 0.0]",180520,144702,N3,dismiss,-0.3,ts,2215,0
"[0.12, -0.12, -0.11333333333333329, -0.09042553191489362, -0.21428571428571427, 0.0, 0.0, 0.0, 1.0, 0.6768573158584676, 1.0, 0.0, 0.0, 0.0, 0.0, 0.0, 0.0, 0.0]",151841,107170,N3,dismiss,-0.3,ts,2918,1
"[0.9485714285714286, -0.9485714285714286, -0.7682608695652173, 0.2912621359223301, -0.4583333333333333, 0.0, 0.0, 0.0, 1.0, 0.659324447512109, 1.0, 0.0, 0.0, 0.0, 0.0, 0.0, 0.0, 0.0]",54732,128247,N3,dismiss,-0.3,ts,1845,0
"[0.8285714285714286, -0.8285714285714286, -0.3003754693366709, -0.3020833333333333, -0.6636363636363636, 0.0, 0.0, 0.0, 1.0, 0.693006442450227, 1.0, 0.0, 0.0, 0.0, 0.0, 0.0, 0.0, 0.0]",139805,54927,N3,accept,0.8799999999999999,ts,2576,1
"[0.06666666666666654, -0.06666666666666654, -0.026350461133069828, -0.14246575342465753, -0.13636363636363635, 0.0, 0.0, 0.0, 1.0, 0.6916546600964453, 1.0, 0.0, 0.0, 0.0, 0.0, 0.0, 0.0, 0.0]",141844,16911,N3,dismiss,-0.3,ts,1913,0
"[0.15000000000000013, -0.15000000000000013, -0.2657894736842106, -0.2, 0.09999999999999995, 0.0, 0.0, 0.0, 1.0, 0.6462125021901608, 1.0, 0.0, 0.0, 0.0, 0.0, 0.0, 0.0, 0.0]",18611,88339,N3,dismiss,-0.3,ts,711,0
"[0.8, -0.8, 0.0, 1.0, 1.0, 0.0, 0.0, 0.0, 1.0, 0.6626816974221303, 1.0, 0.0, 0.0, 0.0, 0.0, 0.0, 0.0, 0.0]",51128,51605,N3,dismiss,-0.3,ts,2833,0
"[0.39692982456140347, -0.39692982456140347, 0.06859635210150676, 0.0, 0.0, 0.0, 0.0, 0.0, 1.0, 0.8578015576158049, 1.0, 0.0, 0.0, 0.0, 0.0, 0.0, 0.0, 0.0]",147348,152267,N3,accept,0.5778508771929824,ts,1486,1
"[0.9299999999999999, -0.9299999999999999, -0.18181818181818182, -0.04477611940298507, -0.3, 0.0, 0.0, 0.0, 1.0, 0.8295681284288122, 1.0, 0.0, 0.0, 0.0, 0.0, 0.0, 0.0, 0.0]",79807,30711,N3,dismiss,-0.3,ts,2474,1
"[0.5714285714285714, -0.5714285714285714, -0.15037593984962405, 1.0, 0.7368421052631579, 0.0, 0.0, 0.0, 1.0, 0.6198071617884061, 1.0, 0.0, 0.0, 0.0, 0.0, 0.0, 0.0, 0.0]",185563,120916,N3,accept,0.7,ts,2242,1
"[0.1666666666666667, -0.1666666666666667, -0.13333333333333333, -0.04, -0.039999999999999994, 0.0, 0.0, 0.0, 1.0, 0.7413502371898478, 1.0, 0.0, 0.0, 0.0, 0.0, 0.0, 0.0, 0.0]",40383,156539,N3,dismiss,-0.3,ts,1468,0
"[0.19999999999999996, -0.19999999999999996, -0.56752655538695, -0.0221606648199446, -0.20289855072463772, 0.0, 0.0, 0.0, 1.0, 0.6305729458313653, 1.0, 0.0, 0.0, 0.0, 0.0, 0.0, 0.0, 0.0]",16971,79771,N3,dismiss,-0.3,ts,2563,1
"[0.20000000000000007, -0.20000000000000007, 0.19142857142857142, -0.04788732394366197, 0.09090909090909091, 0.0, 0.0, 0.0, 1.0, 0.7205734669549364, 1.0, 0.0, 0.0, 0.0, 0.0, 0.0, 0.0, 0.0]",123005,108746,N3,dismiss,-0.3,ts,2272,1
"[0.24999999999999997, -0.24999999999999997, -0.18882352941176475, 0.0, 0.0, 0.0, 0.0, 0.0, 1.0, 0.7766838274694299, 1.0, 0.0, 0.0, 0.0, 0.0, 0.0, 0.0, 0.0]",38239,141751,N3,dismiss,-0.3,ts,2592,1
"[0.11999999999999993, -0.11999999999999993, 0.15, -0.011299435028248588, -0.07692307692307693, 0.0, 0.0, 0.0, 1.0, 0.7179426347875449, 1.0, 0.0, 0.0, 0.0, 0.0, 0.0, 0.0, 0.0]",108827,108745,N3,dismiss,-0.3,ts,987,1
"[0.20000000000000007, -0.20000000000000007, -0.20398009950248752, -0.04178272980501393, -0.08, 0.0, 0.0, 0.0, 1.0, 0.7216254216313975, 1.0, 0.0, 0.0, 0.0, 0.0, 0.0, 0.0, 0.0]",29710,31972,N3,dismiss,-0.3,ts,2528,1
"[0.728, -0.728, -0.2654424040066778, -0.6, -0.15999999999999998, 0.0, 0.0, 0.0, 1.0, 0.7211201049065395, 1.0, 0.0, 0.0, 0.0, 0.0, 0.0, 0.0, 0.0]",33289,189308,N3,dismiss,-0.3,ts,2436,1
"[0.9271428571428572, -0.9271428571428572, 0.2222222222222222, -0.14, 0.21999999999999997, 0.0, 0.0, 0.0, 1.0, 0.8090410868744287, 1.0, 0.0, 0.0, 0.0, 0.0, 0.0, 0.0, 0.0]",18359,51572,N3,dismiss,-0.3,ts,2870,0
"[0.19999999999999993, -0.19999999999999993, -0.17391304347826086, 0.0, 0.0, 0.0, 0.0, 0.0, 1.0, 0.7640724904524591, 1.0, 0.0, 0.0, 0.0, 0.0, 0.0, 0.0, 0.0]",38212,18611,N3,dismiss,-0.3,ts,807,1
"[0.13333333333333333, -0.13333333333333333, 0.0, 0.0, 0.0, 0.0, 0.0, 0.0, 1.0, 0.799343830056226, 1.0, 0.0, 0.0, 0.0, 0.0, 0.0, 0.0, 0.0]",93851,93856,N3,dismiss,-0.3,ts,589,0
"[0.20000000000000007, -0.20000000000000007, -0.13397860417727964, 0.0, 0.0, 0.0, 0.0, 0.0, 1.0, 0.7758162558060495, 1.0, 0.0, 0.0, 0.0, 0.0, 0.0, 0.0, 0.0]",90181,115238,N3,dismiss,-0.3,ts,1544,1
"[0.8571428571428572, -0.8571428571428572, 0.0, -0.04, 0.0, 0.0, 0.0, 0.0, 1.0, 0.9529674423825959, 1.0, 0.0, 0.0, 0.0, 0.0, 0.0, 0.0, 0.0]",16648,16650,N3,dismiss,-0.3,ts,2796,0
"[0.11999999999999993, -0.11999999999999993, 0.0, 0.0, 0.0, 0.0, 0.0, 0.0, 1.0, 0.7945202170293325, 1.0, 0.0, 0.0, 0.0, 0.0, 0.0, 0.0, 0.0]",70001,151838,N3,accept,0.38399999999999995,ts,777,1
"[0.14, -0.14, 0.16819827346143154, 0.0, 0.0, 0.0, 0.0, 0.0, 1.0, 0.7446095810127756, 1.0, 0.0, 0.0, 0.0, 0.0, 0.0, 0.0, 0.0]",72623,79362,N3,dismiss,-0.3,ts,983,0
"[0.6, -0.6, 0.19662594531704472, 0.3348623853211009, 0.4117647058823529, 0.0, 0.0, 0.0, 1.0, 0.7066556192934125, 1.0, 0.0, 0.0, 0.0, 0.0, 0.0, 0.0, 0.0]",81396,29663,N3,dismiss,-0.3,ts,2234,0
"[0.5599999999999999, -0.5599999999999999, 0.24223602484472048, 0.34615384615384615, -0.20212765957446813, 0.0, 0.0, 0.0, 1.0, 0.7198407737388159, 1.0, 0.0, 0.0, 0.0, 0.0, 0.0, 0.0, 0.0]",185582,30105,N3,dismiss,-0.3,ts,1622,1
"[0.142857142857143, -0.142857142857143, -0.3204000000000001, 0.17218543046357615, -0.020000000000000018, 0.0, 0.0, 0.0, 1.0, 0.6585587206550543, 1.0, 0.0, 0.0, 0.0, 0.0, 0.0, 0.0, 0.0]",108112,87097,N3,dismiss,-0.3,ts,1799,1
"[0.15000000000000002, -0.15000000000000002, -0.48186528497409326, 0.01764705882352941, 0.13636363636363635, 0.0, 0.0, 0.0, 1.0, 0.6406063211150412, 1.0, 0.0, 0.0, 0.0, 0.0, 0.0, 0.0, 0.0]",16912,107052,N3,dismiss,-0.3,ts,2212,1
"[0.564516129032258, -0.564516129032258, -0.50017850767583, -0.10285714285714286, -0.44, 0.0, 0.0, 0.0, 1.0, 0.680222025700397, 1.0, 0.0, 0.0, 0.0, 0.0, 0.0, 0.0, 0.0]",89602,145523,N3,dismiss,-0.3,ts,800,1
"[0.18367346938775517, -0.18367346938775517, 0.16364225534672708, 0.04938271604938271, -0.2, 0.0, 0.0, 0.0, 1.0, 0.697803159348354, 1.0, 0.0, 0.0, 0.0, 0.0, 0.0, 0.0, 0.0]",135548,72623,N3,accept,0.4285714285714286,ts,2321,0
"[0.11999999999999993, -0.11999999999999993, -0.6068620443173696, 0.06552706552706553, -0.043478260869565216, 0.0, 0.0, 0.0, 1.0, 0.6230210697943089, 1.0, 0.0, 0.0, 0.0, 0.0, 0.0, 0.0, 0.0]",88671,89763,N3,dismiss,-0.3,ts,2778,1
"[0.3230769230769231, -0.3230769230769231, -0.0012099213551118918, 1.0, -0.17647058823529413, 0.0, 0.0, 0.0, 1.0, 0.6749942815801884, 1.0, 0.0, 0.0, 0.0, 0.0, 0.0, 0.0, 0.0]",61360,61314,N3,accept,0.5261538461538462,ts,2515,0
"[0.8333333333333334, -0.8333333333333334, -0.461, 0.0, 0.0, 0.0, 0.0, 0.0, 1.0, 0.8416154698912451, 1.0, 0.0, 0.0, 0.0, 0.0, 0.0, 0.0, 0.0]",63921,63919,N3,dismiss,-0.3,ts,2096,1
"[0.5601851851851852, -0.5601851851851852, -0.09818181818181819, -0.73224043715847, -0.28, 0.0, 0.0, 0.0, 1.0, 0.7061927727509902, 1.0, 0.0, 0.0, 0.0, 0.0, 0.0, 0.0, 0.0]",104492,94324,N3,accept,0.6921296296296297,ts,2697,1
"[0.367741935483871, -0.367741935483871, -0.7515625, 0.0, 0.0285714285714286, 0.0, 0.0, 0.0, 1.0, 0.7115876821475319, 1.0, 0.0, 0.0, 0.0, 0.0, 0.0, 0.0, 0.0]",15686,105872,N3,dismiss,-0.3,ts,1119,1
"[0.0769230769230768, -0.0769230769230768, 0.2, -0.75, -0.44000000000000006, 0.0, 0.0, 0.0, 1.0, 0.5084697864372832, 1.0, 0.0, 0.0, 0.0, 0.0, 0.0, 0.0, 0.0]",131606,81128,N3,accept,0.35384615384615375,ts,2019,0
"[0.8666666666666667, -0.8666666666666667, -0.18181818181818182, -0.3263157894736842, -0.25999999999999995, 0.0, 0.0, 0.0, 1.0, 0.7717387244243998, 1.0, 0.0, 0.0, 0.0, 0.0, 0.0, 0.0, 0.0]",122720,30711,N3,dismiss,-0.3,ts,1443,1
"[0.018181818181818195, -0.018181818181818195, 0.060698027314112286, 0.0, 0.0, 0.0, 0.0, 0.0, 1.0, 0.7339531141075869, 1.0, 0.0, 0.0, 0.0, 0.0, 0.0, 0.0, 0.0]",49870,147468,N3,dismiss,-0.3,ts,1614,0
"[0.09090909090909098, -0.09090909090909098, 0.0011123470522802878, 0.05322128851540616, 0.16666666666666666, 0.0, 0.0, 0.0, 1.0, 0.7257704148128815, 1.0, 0.0, 0.0, 0.0, 0.0, 0.0, 0.0, 0.0]",166050,151841,N3,dismiss,-0.3,ts,2726,1
"[0.6029411764705882, -0.6029411764705882, 0.0, -0.1, -0.19999999999999996, 0.0, 0.0, 0.0, 1.0, 0.8529674333837347, 1.0, 0.0, 0.0, 0.0, 0.0, 0.0, 0.0, 0.0]",18330,70937,N3,dismiss,-0.3,ts,2271,1
"[0.9075630252100839, -0.9075630252100839, -0.23143189755529694, -0.028469750889679714, 0.6428571428571429, 0.0, 0.0, 0.0, 1.0, 0.7782374490108421, 1.0, 0.0, 0.0, 0.0, 0.0, 0.0, 0.0, 0.0]",84577,86743,N3,accept,0.9352941176470586,ts,1456,0
"[0.9137254901960783, -0.9137254901960783, -0.07732962447844231, -0.11235955056179775, 0.6666666666666666, 0.0, 0.0, 0.0, 1.0, 0.8003986096527318, 1.0, 0.0, 0.0, 0.0, 0.0, 0.0, 0.0, 0.0]",128242,117335,N3,dismiss,-0.3,ts,2129,1
"[0.20000000000000004, -0.20000000000000004, -0.08571428571428572, 0.18253968253968253, 0.0625, 0.0, 0.0, 0.0, 1.0, 0.7278160105377319, 1.0, 0.0, 0.0, 0.0, 0.0, 0.0, 0.0, 0.0]",115390,104963,N3,dismiss,-0.3,ts,1976,0
"[0.5625, -0.5625, -0.08836524300441836, -0.014492753623188406, 0.0, 0.0, 0.0, 0.0, 1.0, 0.8852632544027691, 1.0, 0.0, 0.0, 0.0, 0.0, 0.0, 0.0, 0.0]",108507,39280,N3,accept,0.69375,ts,811,1
"[0.5, -0.5, -0.03129890453834116, -0.014492753623188406, 0.0, 0.0, 0.0, 0.0, 1.0, 0.8923660563935448, 1.0, 0.0, 0.0, 0.0, 0.0, 0.0, 0.0, 0.0]",81462,39280,N3,dismiss,-0.3,ts,2382,1
"[0.14285714285714285, -0.14285714285714285, -0.13156752062527144, -0.05190311418685121, 0.36363636363636365, 0.0, 0.0, 0.0, 1.0, 0.6641876162143715, 1.0, 0.0, 0.0, 0.0, 0.0, 0.0, 0.0, 0.0]",110153,115289,N3,dismiss,-0.3,ts,2617,0
"[0.8714285714285714, -0.8714285714285714, -0.15512820512820505, 0.16022099447513813, 0.7222222222222222, 0.0, 0.0, 0.0, 1.0, 0.7567952415809388, 1.0, 0.0, 0.0, 0.0, 0.0, 0.0, 0.0, 0.0]",146678,170138,N3,dismiss,-0.3,ts,2111,0
"[0.755, -0.755, -0.041666666666666664, 0.54, 0.07999999999999999, 0.0, 0.0, 0.0, 1.0, 0.8157380672216334, 1.0, 0.0, 0.0, 0.0, 0.0, 0.0, 0.0, 0.0]",30621,82101,N3,dismiss,-0.3,ts,904,1
"[0.25, -0.25, -0.24050632911392406, 0.0, -0.005555555555555635, 0.0, 0.0, 0.0, 1.0, 0.7615633265577997, 1.0, 0.0, 0.0, 0.0, 0.0, 0.0, 0.0, 0.0]",183583,165914,N3,dismiss,-0.3,ts,1240,0
"[0.41333333333333333, -0.41333333333333333, -0.7138769670958512, 1.0, 1.0, 0.0, 0.0, 0.0, 1.0, 0.43829084774378335, 1.0, 0.0, 0.0, 0.0, 0.0, 0.0, 0.0, 0.0]",106727,93864,N3,accept,0.5893333333333333,ts,2659,1
"[0.18831168831168835, -0.18831168831168835, 0.0, 0.15942028985507245, 0.18, 0.0, 0.0, 0.0, 1.0, 0.732496988669393, 1.0, 0.0, 0.0, 0.0, 0.0, 0.0, 0.0, 0.0]",151793,85224,N3,dismiss,-0.3,ts,1178,0
"[0.24999999999999997, -0.24999999999999997, 0.16666666666666666, 0.0, 0.0, 0.0, 0.0, 0.0, 1.0, 0.7828956117024544, 1.0, 0.0, 0.0, 0.0, 0.0, 0.0, 0.0, 0.0]",18305,18309,N3,dismiss,-0.3,ts,2545,0
"[0.5636363636363637, -0.5636363636363637, 0.22448979591836735, 0.09577464788732394, 1.0, 0.0, 0.0, 0.0, 1.0, 0.6877911266249941, 1.0, 0.0, 0.0, 0.0, 0.0, 0.0, 0.0, 0.0]",123023,107588,N3,accept,0.6945454545454546,ts,464,1
"[0.3636363636363637, -0.3636363636363637, 0.0, 0.0, 0.0, 0.0, 0.0, 0.0, 1.0, 0.8742764353476687, 1.0, 0.0, 0.0, 0.0, 0.0, 0.0, 0.0, 0.0]",123012,123174,N3,dismiss,-0.3,ts,2566,0
"[0.14, -0.14, 0.06068268015170685, 0.0, 0.0, 0.0, 0.0, 0.0, 1.0, 0.7788836843497392, 1.0, 0.0, 0.0, 0.0, 0.0, 0.0, 0.0, 0.0]",72622,79362,N3,dismiss,-0.3,ts,1602,0
"[0.9074285714285715, -0.9074285714285715, 0.006926952141057898, -0.06338028169014084, -0.3157894736842105, 0.0, 0.0, 0.0, 1.0, 0.8783172077941633, 1.0, 0.0, 0.0, 0.0, 0.0, 0.0, 0.0, 0.0]",89666,128247,N3,dismiss,-0.3,ts,1224,0
"[0.09090909090909098, -0.09090909090909098, -0.325, -0.03313253012048193, -0.15384615384615385, 0.0, 0.0, 0.0, 1.0, 0.6389439541252915, 1.0, 0.0, 0.0, 0.0, 0.0, 0.0, 0.0, 0.0]",162894,142493,N3,dismiss,-0.3,ts,1017,1
"[0.25, -0.25, 0.09090909090909091, -0.32456140350877194, -0.10500000000000007, 0.0, 0.0, 0.0, 1.0, 0.706303156982304, 1.0, 0.0, 0.0, 0.0, 0.0, 0.0, 0.0, 0.0]",123778,165914,N3,dismiss,-0.3,ts,1852,0
"[0.13636363636363646, -0.13636363636363646, -0.09900000000000002, 0.7410714285714286, 0.18, 0.0, 0.0, 0.0, 1.0, 0.6032329198200755, 1.0, 0.0, 0.0, 0.0, 0.0, 0.0, 0.0, 0.0]",80033,83435,N3,dismiss,-0.3,ts,2465,1
"[0.7888, -0.7888, -0.0726817042606516, 0.06333333333333334, 0.2727272727272727, 0.0, 0.0, 0.0, 1.0, 0.8491469302631375, 1.0, 0.0, 0.0, 0.0, 0.0, 0.0, 0.0, 0.0]",174763,130294,N3,dismiss,-0.3,ts,1128,1
"[0.8785714285714287, -0.8785714285714287, -0.35714285714285715, 0.0, 0.0, 0.0, 0.0, 0.0, 1.0, 0.8644708419781049, 1.0, 0.0, 0.0, 0.0, 0.0, 0.0, 0.0, 0.0]",164512,18219,N3,dismiss,-0.3,ts,1216,1
"[0.20000000000000007, -0.20000000000000007, 0.026363636363636287, -0.008547008547008548, -0.14285714285714285, 0.0, 0.0, 0.0, 1.0, 0.7727351749443683, 1.0, 0.0, 0.0, 0.0, 0.0, 0.0, 0.0, 0.0]",151838,31973,N3,dismiss,-0.3,ts,2122,1
"[0.648, -0.648, -0.6111975116640747, -0.018315018315018316, -0.4782608695652174, 0.0, 0.0, 0.0, 1.0, 0.6985392096998336, 1.0, 0.0, 0.0, 0.0, 0.0, 0.0, 0.0, 0.0]",120796,92135,N3,dismiss,-0.3,ts,589,1
"[0.2363636363636364, -0.2363636363636364, -0.14295925661186562, 0.0, 0.02500000000000006, 0.0, 0.0, 0.0, 1.0, 0.7780493073777478, 1.0, 0.0, 0.0, 0.0, 0.0, 0.0, 0.0, 0.0]",84678,59125,N3,dismiss,-0.3,ts,2919,0
"[0.14, -0.14, -0.31562500000000004, 0.030303030303030304, 0.0, 0.0, 0.0, 0.0, 1.0, 0.6993060113850216, 1.0, 0.0, 0.0, 0.0, 0.0, 0.0, 0.0, 0.0]",130086,69993,N3,accept,0.398,ts,1317,0
"[0.09090909090909098, -0.09090909090909098, -0.5940460081190798, 0.002932551319648094, -0.16666666666666666, 0.0, 0.0, 0.0, 1.0, 0.6014441213589512, 1.0, 0.0, 0.0, 0.0, 0.0, 0.0, 0.0, 0.0]",30023,43087,N3,dismiss,-0.3,ts,1203,1
"[0.4545454545454546, -0.4545454545454546, -0.33569530558015936, 0.11781609195402298, 1.0, 0.0, 0.0, 0.0, 1.0, 0.6391855058788714, 1.0, 0.0, 0.0, 0.0, 0.0, 0.0, 0.0, 0.0]",31973,107588,N3,dismiss,-0.3,ts,2417,1
"[0.25000000000000006, -0.25000000000000006, -0.2, -0.4, -0.41999999999999993, 0.0, 0.0, 0.0, 1.0, 0.6058092819267695, 1.0, 0.0, 0.0, 0.0, 0.0, 0.0, 0.0, 0.0]",18330,41286,N3,dismiss,-0.3,ts,2759,1
"[0.24999999999999997, -0.24999999999999997, -0.4993742177722153, -0.035211267605633804, -0.11764705882352941, 0.0, 0.0, 0.0, 1.0, 0.6716081249710165, 1.0, 0.0, 0.0, 0.0, 0.0, 0.0, 0.0, 0.0]",120828,115289,N3,dismiss,-0.3,ts,684,1
"[0.2857142857142857, -0.2857142857142857, -0.2700729927007299, 0.0, 0.0, 0.0, 0.0, 0.0, 1.0, 0.7675643221086256, 1.0, 0.0, 0.0, 0.0, 0.0, 0.0, 0.0, 0.0]",141736,115238,N3,dismiss,-0.3,ts,1333,1
"[0.11999999999999993, -0.11999999999999993, 0.09090909090909091, 0.05413105413105413, -0.03571428571428571, 0.0, 0.0, 0.0, 1.0, 0.7355390703478111, 1.0, 0.0, 0.0, 0.0, 0.0, 0.0, 0.0, 0.0]",151839,107308,N3,dismiss,-0.3,ts,2679,1
"[0.5636363636363636, -0.5636363636363636, 0.0, -0.024734982332155476, 0.0, 0.0, 0.0, 0.0, 1.0, 0.9149318998851651, 1.0, 0.0, 0.0, 0.0, 0.0, 0.0, 0.0, 0.0]",48999,48997,N3,dismiss,-0.3,ts,660,0
"[0.2045454545454546, -0.2045454545454546, -0.75093399750934, 0.019553072625698324, 1.0, 0.0, 0.0, 0.0, 1.0, 0.5241459203603409, 1.0, 0.0, 0.0, 0.0, 0.0, 0.0, 0.0, 0.0]",93935,123174,N3,dismiss,-0.3,ts,2994,0
"[0.5636363636363637, -0.5636363636363637, -0.43762441937624424, -0.011396011396011397, 0.5714285714285714, 0.0, 0.0, 0.0, 1.0, 0.6999793451980172, 1.0, 0.0, 0.0, 0.0, 0.0, 0.0, 0.0, 0.0]",74279,108828,N3,accept,0.6945454545454546,ts,405,1
"[0.20000000000000007, -0.20000000000000007, -0.23388888888888892, 0.0, 0.0, 0.0, 0.0, 0.0, 1.0, 0.7481066944271884, 1.0, 0.0, 0.0, 0.0, 0.0, 0.0, 0.0, 0.0]",38176,141744,N3,dismiss,-0.3,ts,1790,1
"[0.3, -0.3, -0.6, 0.0, 0.0, 0.0, 0.0, 0.0, 1.0, 0.7157135936949424, 1.0, 0.0, 0.0, 0.0, 0.0, 0.0, 0.0, 0.0]",77920,29449,N3,dismiss,-0.3,ts,1787,1
"[0.25999999999999995, -0.25999999999999995, -0.6005004170141784, 0.06333333333333334, 0.2727272727272727, 0.0, 0.0, 0.0, 1.0, 0.6221094771590904, 1.0, 0.0, 0.0, 0.0, 0.0, 0.0, 0.0, 0.0]",63869,63924,N3,dismiss,-0.3,ts,1926,1
"[0.05882352941176463, -0.05882352941176463, -0.44426229508196724, -0.013850415512465374, 0.2222222222222222, 0.0, 0.0, 0.0, 1.0, 0.596333128334625, 1.0, 0.0, 0.0, 0.0, 0.0, 0.0, 0.0, 0.0]",15685,87724,N3,accept,0.34117647058823525,ts,1151,1
"[0.44, -0.44, -0.36727879799666113, 0.09333333333333334, -0.5545454545454546, 0.0, 0.0, 0.0, 1.0, 0.6644712254801234, 1.0, 0.0, 0.0, 0.0, 0.0, 0.0, 0.0, 0.0]",16729,49086,N3,dismiss,-0.3,ts,905,1
"[0.7954545454545455, -0.7954545454545455, -0.13299232736572897, 0.08571428571428572, 1.0, 0.0, 0.0, 0.0, 1.0, 0.7399544151029783, 1.0, 0.0, 0.0, 0.0, 0.0, 0.0, 0.0, 0.0]",88363,89765,N3,dismiss,-0.3,ts,1199,1
"[0.4545454545454546, -0.4545454545454546, -0.4639027877055039, -0.0113314447592068, 0.3333333333333333, 0.0, 0.0, 0.0, 1.0, 0.7009104946975799, 1.0, 0.0, 0.0, 0.0, 0.0, 0.0, 0.0, 0.0]",88669,107563,N3,dismiss,-0.3,ts,2339,1
"[0.4218289085545723, -0.4218289085545723, -0.10974930362116986, -0.011267605633802818, -0.19999999999999998, 0.0, 0.0, 0.0, 1.0, 0.7977743690443887, 1.0, 0.0, 0.0, 0.0, 0.0, 0.0, 0.0, 0.0]",143110,105910,N3,dismiss,-0.3,ts,1661,1
"[0.25, -0.25, 0.2124062031015508, 0.001215066828675577, 0.0, 0.0, 0.0, 0.0, 1.0, 0.7700037600548302, 1.0, 0.0, 0.0, 0.0, 0.0, 0.0, 0.0, 0.0]",30337,15457,N3,dismiss,-0.3,ts,2100,0
"[0.24999999999999997, -0.24999999999999997, -0.46371428571428575, -0.12301587301587301, -0.25, 0.0, 0.0, 0.0, 1.0, 0.6269674754267696, 1.0, 0.0, 0.0, 0.0, 0.0, 0.0, 0.0, 0.0]",115390,104466,N3,dismiss,-0.3,ts,1723,1
"[0.24999999999999997, -0.24999999999999997, 0.11420612813370477, -0.15950920245398773, 0.0, 0.0, 0.0, 0.0, 1.0, 0.7577778993431036, 1.0, 0.0, 0.0, 0.0, 0.0, 0.0, 0.0, 0.0]",155669,115289,N3,dismiss,-0.3,ts,2755,0
"[0.41333333333333333, -0.41333333333333333, -0.6496496496496497, -0.3399014778325123, -0.42857142857142855, 0.0, 0.0, 0.0, 1.0, 0.5819900228519309, 1.0, 0.0, 0.0, 0.0, 0.0, 0.0, 0.0, 0.0]",47180,92135,N3,dismiss,-0.3,ts,1611,1
"[0.20000000000000007, -0.20000000000000007, -0.2029226170707406, -0.019943019943019943, -0.17857142857142858, 0.0, 0.0, 0.0, 1.0, 0.7051965337730316, 1.0, 0.0, 0.0, 0.0, 0.0, 0.0, 0.0, 0.0]",15533,31972,N3,dismiss,-0.3,ts,1190,1
"[0.8571428571428572, -0.8571428571428572, 0.0, -0.04, 0.0, 0.0, 0.0, 0.0, 1.0, 0.9529674423825959, 1.0, 0.0, 0.0, 0.0, 0.0, 0.0, 0.0, 0.0]",16648,16650,N3,accept,0.8999999999999999,ts,1037,0
"[0.3411764705882352, -0.3411764705882352, -0.18181818181818182, 0.46, -0.05999999999999996, 0.0, 0.0, 0.0, 1.0, 0.6996744652049984, 1.0, 0.0, 0.0, 0.0, 0.0, 0.0, 0.0, 0.0]",87406,30711,N3,accept,0.5388235294117646,ts,1601,1
"[0.33333333333333337, -0.33333333333333337, -0.5833333333333334, 0.0, 0.0, 0.0, 0.0, 0.0, 1.0, 0.727809934097922, 1.0, 0.0, 0.0, 0.0, 0.0, 0.0, 0.0, 0.0]",112487,38636,N3,accept,0.5333333333333333,ts,1503,0
"[0.25, -0.25, -0.27321341759844436, -0.06529209621993128, -0.9791666666666666, 0.0, 0.0, 0.0, 1.0, 0.6081937542219744, 1.0, 0.0, 0.0, 0.0, 0.0, 0.0, 0.0, 0.0]",29663,134921,N3,accept,0.475,ts,2840,1
"[0.12499999999999988, -0.12499999999999988, 0.1864406779661017, 0.3464566929133858, 0.0, 0.0, 0.0, 0.0, 1.0, 0.65910022537907, 1.0, 0.0, 0.0, 0.0, 0.0, 0.0, 0.0, 0.0]",92706,114737,N3,dismiss,-0.3,ts,1486,0
"[0.30769230769230776, -0.30769230769230776, -0.10013531799729371, 0.372972972972973, 0.019999999999999928, 0.0, 0.0, 0.0, 1.0, 0.7367973902440537, 1.0, 0.0, 0.0, 0.0, 0.0, 0.0, 0.0, 0.0]",175208,54392,N3,dismiss,-0.3,ts,1554,1
"[0.4545454545454546, -0.4545454545454546, -0.375, 0.00872093023255814, 0.8333333333333334, 0.0, 0.0, 0.0, 1.0, 0.668386089463201, 1.0, 0.0, 0.0, 0.0, 0.0, 0.0, 0.0, 0.0]",31975,107659,N3,dismiss,-0.3,ts,2395,1
"[0.3636363636363637, -0.3636363636363637, 0.0027777777777778173, -0.017142857142857144, 1.0, 0.0, 0.0, 0.0, 1.0, 0.7185981528177577, 1.0, 0.0, 0.0, 0.0, 0.0, 0.0, 0.0, 0.0]",30082,123439,N3,dismiss,-0.3,ts,2889,0
"[0.25, -0.25, 0.0, 0.0, 0.0, 0.0, 0.0, 0.0, 1.0, 0.8395893495876965, 1.0, 0.0, 0.0, 0.0, 0.0, 0.0, 0.0, 0.0]",116939,117045,N3,accept,0.475,ts,526,0
"[0.08333333333333323, -0.08333333333333323, -0.17103762827822122, 0.0, 0.0, 0.0, 0.0, 0.0, 1.0, 0.7231472001150814, 1.0, 0.0, 0.0, 0.0, 0.0, 0.0, 0.0, 0.0]",147381,85069,N3,dismiss,-0.3,ts,490,0
"[0.12499999999999999, -0.12499999999999999, -0.4235294117647059, 0.017605633802816902, -0.35294117647058826, 0.0, 0.0, 0.0, 1.0, 0.6009292107713861, 1.0, 0.0, 0.0, 0.0, 0.0, 0.0, 0.0, 0.0]",120828,110153,N3,dismiss,-0.3,ts,2240,0
"[0.11999999999999993, -0.11999999999999993, -0.1, -0.002824858757062147, 0.07692307692307693, 0.0, 0.0, 0.0, 1.0, 0.7360318873379594, 1.0, 0.0, 0.0, 0.0, 0.0, 0.0, 0.0, 0.0]",108784,87721,N3,dismiss,-0.3,ts,2029,1
"[0.8529411764705882, -0.8529411764705882, 0.10300000000000012, -0.11797752808988764, 0.3333333333333333, 0.0, 0.0, 0.0, 1.0, 0.8223336363974361, 1.0, 0.0, 0.0, 0.0, 0.0, 0.0, 0.0, 0.0]",138518,104690,N3,dismiss,-0.3,ts,2784,1
"[0.7, -0.7, -0.39919839679358715, 0.41284403669724773, -0.1636363636363637, 0.0, 0.0, 0.0, 1.0, 0.7092846715396024, 1.0, 0.0, 0.0, 0.0, 0.0, 0.0, 0.0, 0.0]",185374,115951,N3,dismiss,-0.3,ts,869,1
"[0.6, -0.6, 0.14277777777777778, 0.23829787234042554, 1.0, 0.0, 0.0, 0.0, 1.0, 0.6816493155826848, 1.0, 0.0, 0.0, 0.0, 0.0, 0.0, 0.0, 0.0]",145577,29663,N3,dismiss,-0.3,ts,1141,0
"[0.3, -0.3, 0.0, -0.3898305084745763, 0.3333333333333333, 0.0, 0.0, 0.0, 1.0, 0.7012715335944975, 1.0, 0.0, 0.0, 0.0, 0.0, 0.0, 0.0, 0.0]",185391,55915,N3,dismiss,-0.3,ts,476,1
"[0.02500000000000002, -0.02500000000000002, -0.33110367892976583, -0.14, -0.039999999999999994, 0.0, 0.0, 0.0, 1.0, 0.614347964489818, 1.0, 0.0, 0.0, 0.0, 0.0, 0.0, 0.0, 0.0]",54434,62540,N3,accept,0.3175,ts,1677,0
"[0.18367346938775517, -0.18367346938775517, 0.14408294601358604, 0.018518518518518517, -0.2, 0.0, 0.0, 0.0, 1.0, 0.7122076687095614, 1.0, 0.0, 0.0, 0.0, 0.0, 0.0, 0.0, 0.0]",135547,130086,N3,dismiss,-0.3,ts,1278,1
"[0.35714285714285715, -0.35714285714285715, -0.7011686143572621, 0.19161676646706588, 0.18, 0.0, 0.0, 0.0, 1.0, 0.6285380072509015, 1.0, 0.0, 0.0, 0.0, 0.0, 0.0, 0.0, 0.0]",44189,130323,N3,dismiss,-0.3,ts,1616,1
"[0.8287671232876712, -0.8287671232876712, -0.4378513429106809, 0.008450704225352112, 0.5, 0.0, 0.0, 0.0, 1.0, 0.74756979796282, 1.0, 0.0, 0.0, 0.0, 0.0, 0.0, 0.0, 0.0]",43388,151849,N3,dismiss,-0.3,ts,2423,1
"[0.02500000000000002, -0.02500000000000002, -0.49874686716791977, -0.12, -0.039999999999999994, 0.0, 0.0, 0.0, 1.0, 0.5895927592856948, 1.0, 0.0, 0.0, 0.0, 0.0, 0.0, 0.0, 0.0]",85228,62503,N3,dismiss,-0.3,ts,2847,1
"[0.4444444444444445, -0.4444444444444445, 0.22284122562674097, -0.7678571428571429, -0.58, 0.0, 0.0, 0.0, 1.0, 0.6030913596283243, 1.0, 0.0, 0.0, 0.0, 0.0, 0.0, 0.0, 0.0]",63093,110076,N3,dismiss,-0.3,ts,2114,0
"[0.19999999999999993, -0.19999999999999993, 0.041666666666666664, 0.0, 0.0, 0.0, 0.0, 0.0, 1.0, 0.8068370360387624, 1.0, 0.0, 0.0, 0.0, 0.0, 0.0, 0.0, 0.0]",18185,82489,N3,dismiss,-0.3,ts,780,0
"[0.8571428571428571, -0.8571428571428571, 0.0, -0.11498257839721254, -0.054545454545454515, 0.0, 0.0, 0.0, 1.0, 0.9181815185255802, 1.0, 0.0, 0.0, 0.0, 0.0, 0.0, 0.0, 0.0]",91072,91067,N3,accept,0.8999999999999999,ts,2792,1
"[0.2794117647058824, -0.2794117647058824, -0.4150110375275938, 0.023323615160349854, 0.07462686567164178, 0.0, 0.0, 0.0, 1.0, 0.7086208261787135, 1.0, 0.0, 0.0, 0.0, 0.0, 0.0, 0.0, 0.0]",185707,105872,N3,dismiss,-0.3,ts,1270,1
"[0.19999999999999993, -0.19999999999999993, 0.041666666666666664, 0.0, 0.0, 0.0, 0.0, 0.0, 1.0, 0.8068370360387624, 1.0, 0.0, 0.0, 0.0, 0.0, 0.0, 0.0, 0.0]",18185,82489,N3,dismiss,-0.3,ts,1217,0
"[0.20000000000000007, -0.20000000000000007, -0.19866444073455758, -0.019943019943019943, -0.17857142857142858, 0.0, 0.0, 0.0, 1.0, 0.7063364630364593, 1.0, 0.0, 0.0, 0.0, 0.0, 0.0, 0.0, 0.0]",189329,31972,N3,dismiss,-0.3,ts,1575,1
"[0.8366013071895425, -0.8366013071895425, -0.33266666666666667, 0.1348314606741573, 0.1111111111111111, 0.0, 0.0, 0.0, 1.0, 0.7998896951673226, 1.0, 0.0, 0.0, 0.0, 0.0, 0.0, 0.0, 0.0]",138518,170191,N3,accept,0.8856209150326797,ts,2034,1
"[0.16216216216216217, -0.16216216216216217, -0.16666666666666666, 0.08461538461538462, 0.020833333333333447, 0.0, 0.0, 0.0, 1.0, 0.7234709814458078, 1.0, 0.0, 0.0, 0.0, 0.0, 0.0, 0.0, 0.0]",91969,91957,N3,accept,0.4135135135135135,ts,2943,0
"[0.8944444444444444, -0.8944444444444444, 0.0, -0.02, 0.0, 0.0, 0.0, 0.0, 1.0, 0.962136410518863, 1.0, 0.0, 0.0, 0.0, 0.0, 0.0, 0.0, 0.0]",89731,83441,N3,accept,0.9261111111111111,ts,2931,0
"[0.0555555555555556, -0.0555555555555556, -0.05649999999999995, -0.32608695652173914, -0.15999999999999998, 0.0, 0.0, 0.0, 1.0, 0.6364745482894184, 1.0, 0.0, 0.0, 0.0, 0.0, 0.0, 0.0, 0.0]",155815,79359,N3,dismiss,-0.3,ts,709,0
"[0.062499999999999965, -0.062499999999999965, 0.0, 0.07339449541284404, -0.038461538461538464, 0.0, 0.0, 0.0, 1.0, 0.7417846617265634, 1.0, 0.0, 0.0, 0.0, 0.0, 0.0, 0.0, 0.0]",169893,183357,N3,dismiss,-0.3,ts,2855,0
"[0.8944444444444444, -0.8944444444444444, 0.0, -0.02, 0.0, 0.0, 0.0, 0.0, 1.0, 0.962136410518863, 1.0, 0.0, 0.0, 0.0, 0.0, 0.0, 0.0, 0.0]",89731,83441,N3,dismiss,-0.3,ts,2328,0
"[0.14, -0.14, -0.31562500000000004, 0.030303030303030304, 0.0, 0.0, 0.0, 0.0, 1.0, 0.6993060113850216, 1.0, 0.0, 0.0, 0.0, 0.0, 0.0, 0.0, 0.0]",106755,69993,N3,dismiss,-0.3,ts,898,0
"[0.16326530612244894, -0.16326530612244894, 0.0, -0.02601156069364162, -0.4117647058823529, 0.0, 0.0, 0.0, 1.0, 0.7182572044369081, 1.0, 0.0, 0.0, 0.0, 0.0, 0.0, 0.0, 0.0]",63901,63915,N3,dismiss,-0.3,ts,1979,0
"[0.2380952380952381, -0.2380952380952381, -0.3962460896767467, 0.007246376811594203, 0.0, 0.0, 0.0, 0.0, 1.0, 0.7240585190423175, 1.0, 0.0, 0.0, 0.0, 0.0, 0.0, 0.0, 0.0]",154624,108461,N3,dismiss,-0.3,ts,2845,1
"[0.20000000000000004, -0.20000000000000004, -0.44341372912801486, 0.08761329305135952, -0.07142857142857142, 0.0, 0.0, 0.0, 1.0, 0.6611419918461581, 1.0, 0.0, 0.0, 0.0, 0.0, 0.0, 0.0, 0.0]",63911,90182,N3,dismiss,-0.3,ts,1565,0
"[0.14285714285714288, -0.14285714285714288, -0.06259780907668232, 0.014492753623188406, 0.01626016260162596, 0.0, 0.0, 0.0, 1.0, 0.7701460986980563, 1.0, 0.0, 0.0, 0.0, 0.0, 0.0, 0.0, 0.0]",81462,19869,N3,dismiss,-0.3,ts,2718,0
"[0.7428571428571429, -0.7428571428571429, 0.125, -0.26, -0.12000000000000002, 0.0, 0.0, 0.0, 1.0, 0.8143254453991665, 1.0, 0.0, 0.0, 0.0, 0.0, 0.0, 0.0, 0.0]",18355,63753,N3,accept,0.8200000000000001,ts,1331,1
"[0.0555555555555556, -0.0555555555555556, -0.16666666666666666, 0.01764705882352941, 0.13636363636363635, 0.0, 0.0, 0.0, 1.0, 0.6730847801914981, 1.0, 0.0, 0.0, 0.0, 0.0, 0.0, 0.0, 0.0]",123856,107052,N3,accept,0.3388888888888889,ts,2458,0
"[0.11999999999999993, -0.11999999999999993, -0.6675531914893617, 0.039886039886039885, 0.07142857142857142, 0.0, 0.0, 0.0, 1.0, 0.6156769533587703, 1.0, 0.0, 0.0, 0.0, 0.0, 0.0, 0.0, 0.0]",130440,123143,N3,dismiss,-0.3,ts,2231,1
"[0.19999999999999993, -0.19999999999999993, 0.11764705882352941, 0.0, 0.0, 0.0, 0.0, 0.0, 1.0, 0.7808958257091974, 1.0, 0.0, 0.0, 0.0, 0.0, 0.0, 0.0, 0.0]",104417,18611,N3,dismiss,-0.3,ts,1215,1
"[0.09999999999999991, -0.09999999999999991, -0.665546218487395, 0.0, 0.0, 0.0, 0.0, 0.0, 1.0, 0.6400589572696636, 1.0, 0.0, 0.0, 0.0, 0.0, 0.0, 0.0, 0.0]",54201,16809,N3,accept,0.36999999999999994,ts,986,0
"[0.4509803921568627, -0.4509803921568627, 0.0, 1.0, 1.0, 0.0, 0.0, 0.0, 1.0, 0.6002828069856174, 1.0, 0.0, 0.0, 0.0, 0.0, 0.0, 0.0, 0.0]",50997,41373,N3,dismiss,-0.3,ts,1384,0
"[0.6136363636363636, -0.6136363636363636, -0.5305164319248826, -0.5625, -0.6166666666666667, 0.0, 0.0, 0.0, 1.0, 0.5931435787165132, 1.0, 0.0, 0.0, 0.0, 0.0, 0.0, 0.0, 0.0]",74281,142262,N3,dismiss,-0.3,ts,2936,1
"[0.3636363636363637, -0.3636363636363637, 0.0, 0.0, 0.0, 0.0, 0.0, 0.0, 1.0, 0.8742764353476687, 1.0, 0.0, 0.0, 0.0, 0.0, 0.0, 0.0, 0.0]",123012,123174,N3,dismiss,-0.3,ts,2171,0
"[0.25, -0.25, -0.24050632911392406, 0.0, -0.005555555555555635, 0.0, 0.0, 0.0, 1.0, 0.7615633265577997, 1.0, 0.0, 0.0, 0.0, 0.0, 0.0, 0.0, 0.0]",183583,165914,N3,dismiss,-0.3,ts,1483,0
"[0.6818181818181819, -0.6818181818181819, -0.050125313283208024, 0.18840579710144928, -0.51, 0.0, 0.0, 0.0, 1.0, 0.7806619322864332, 1.0, 0.0, 0.0, 0.0, 0.0, 0.0, 0.0, 0.0]",48998,49086,N3,dismiss,-0.3,ts,2308,0
"[0.19999999999999996, -0.19999999999999996, -0.3087719298245614, 0.06007067137809187, 0.1, 0.0, 0.0, 0.0, 1.0, 0.6865104946586107, 1.0, 0.0, 0.0, 0.0, 0.0, 0.0, 0.0, 0.0]",49000,141753,N3,dismiss,-0.3,ts,2727,1
"[0.4545454545454546, -0.4545454545454546, -0.4124374553252323, -0.0113314447592068, 0.3333333333333333, 0.0, 0.0, 0.0, 1.0, 0.709484361698921, 1.0, 0.0, 0.0, 0.0, 0.0, 0.0, 0.0, 0.0]",88669,108839,N3,dismiss,-0.3,ts,2412,1
"[0.20000000000000004, -0.20000000000000004, -0.08571428571428572, 0.18253968253968253, 0.0625, 0.0, 0.0, 0.0, 1.0, 0.7278160105377319, 1.0, 0.0, 0.0, 0.0, 0.0, 0.0, 0.0, 0.0]",115390,104963,N3,accept,0.44,ts,2965,0
"[0.11999999999999993, -0.11999999999999993, -0.5954122340425531, -0.017094017094017096, -0.14285714285714285, 0.0, 0.0, 0.0, 1.0, 0.612994386318423, 1.0, 0.0, 0.0, 0.0, 0.0, 0.0, 0.0, 0.0]",130440,123006,N3,dismiss,-0.3,ts,1766,1
"[0.5, -0.5, 0.18808777429467086, 0.5045871559633027, -0.24000000000000005, 0.0, 0.0, 0.0, 1.0, 0.6935790844320542, 1.0, 0.0, 0.0, 0.0, 0.0, 0.0, 0.0, 0.0]",182863,110035,N3,dismiss,-0.3,ts,481,0
"[0.3571428571428571, -0.3571428571428571, -0.49471210340775557, 0.017341040462427744, -0.012658227848101333, 0.0, 0.0, 0.0, 1.0, 0.7379294538140533, 1.0, 0.0, 0.0, 0.0, 0.0, 0.0, 0.0, 0.0]",117162,105899,N3,dismiss,-0.3,ts,2659,1
"[0.32, -0.32, -0.59, -0.24, -0.020000000000000018, 0.0, 0.0, 0.0, 1.0, 0.6599525749261907, 1.0, 0.0, 0.0, 0.0, 0.0, 0.0, 0.0, 0.0]",38212,56971,N3,accept,0.524,ts,2476,1
"[0.16666666666666663, -0.16666666666666663, 0.14139110604332955, 0.0, -0.020000000000000018, 0.0, 0.0, 0.0, 1.0, 0.7560848641204935, 1.0, 0.0, 0.0, 0.0, 0.0, 0.0, 0.0, 0.0]",87098,87100,N3,dismiss,-0.3,ts,1970,0
"[0.08163265306122446, -0.08163265306122446, 0.0817610062893081, 0.002849002849002849, 0.08333333333333329, 0.0, 0.0, 0.0, 1.0, 0.7264097091680045, 1.0, 0.0, 0.0, 0.0, 0.0, 0.0, 0.0, 0.0]",105872,105899,N3,dismiss,-0.3,ts,1806,0
"[0.64, -0.64, -0.21645796064400719, -0.5691489361702128, 0.4, 0.0, 0.0, 0.0, 1.0, 0.681246145030448, 1.0, 0.0, 0.0, 0.0, 0.0, 0.0, 0.0, 0.0]",19596,19598,N3,accept,0.748,ts,791,0
"[0.19999999999999996, -0.19999999999999996, -0.56752655538695, -0.0221606648199446, -0.20289855072463772, 0.0, 0.0, 0.0, 1.0, 0.6305729458313653, 1.0, 0.0, 0.0, 0.0, 0.0, 0.0, 0.0, 0.0]",16971,79771,N3,accept,0.43999999999999995,ts,1528,1
"[0.15, -0.15, -0.34687500000000004, -0.525, -0.58, 0.0, 0.0, 0.0, 1.0, 0.504772942695583, 1.0, 0.0, 0.0, 0.0, 0.0, 0.0, 0.0, 0.0]",18616,18005,N3,accept,0.40499999999999997,ts,2940,1
"[0.20000000000000007, -0.20000000000000007, 0.09090909090909091, -0.019943019943019943, -0.17857142857142858, 0.0, 0.0, 0.0, 1.0, 0.7386644578940104, 1.0, 0.0, 0.0, 0.0, 0.0, 0.0, 0.0, 0.0]",162722,31972,N3,dismiss,-0.3,ts,2714,1
"[0.09090909090909098, -0.09090909090909098, -0.5, 0.054878048780487805, 0.041666666666666664, 0.0, 0.0, 0.0, 1.0, 0.6298716109091275, 1.0, 0.0, 0.0, 0.0, 0.0, 0.0, 0.0, 0.0]",162867,116939,N3,dismiss,-0.3,ts,2924,1
"[0.5887096774193549, -0.5887096774193549, 0.07140307033202427, -0.26571428571428574, -0.38, 0.0, 0.0, 0.0, 1.0, 0.7586869014394904, 1.0, 0.0, 0.0, 0.0, 0.0, 0.0, 0.0, 0.0]",89602,20089,N3,dismiss,-0.3,ts,2070,0
"[0.20000000000000004, -0.20000000000000004, -0.6972222222222223, -0.02, -0.059999999999999984, 0.0, 0.0, 0.0, 1.0, 0.6495787864213909, 1.0, 0.0, 0.0, 0.0, 0.0, 0.0, 0.0, 0.0]",18484,18528,N3,dismiss,-0.3,ts,2061,0
"[0.6333333333333333, -0.6333333333333333, 0.02409638554216872, -0.6208017334777898, -0.025974025974025997, 0.0, 0.0, 0.0, 1.0, 0.8112805897945468, 1.0, 0.0, 0.0, 0.0, 0.0, 0.0, 0.0, 0.0]",185512,88363,N3,dismiss,-0.3,ts,2886,1
"[0.5636363636363637, -0.5636363636363637, 0.23253903040262944, 0.005797101449275362, 0.8333333333333334, 0.0, 0.0, 0.0, 1.0, 0.7243913063121337, 1.0, 0.0, 0.0, 0.0, 0.0, 0.0, 0.0, 0.0]",123006,107659,N3,dismiss,-0.3,ts,2413,1
"[0.75, -0.75, 0.07799999999999997, -0.11666666666666667, -0.18181818181818182, 0.0, 0.0, 0.0, 1.0, 0.8464921298349981, 1.0, 0.0, 0.0, 0.0, 0.0, 0.0, 0.0, 0.0]",69947,63919,N3,dismiss,-0.3,ts,824,0
"[0.8857142857142857, -0.8857142857142857, -0.05006257822277847, -0.27184466019417475, -0.18518518518518517, 0.0, 0.0, 0.0, 1.0, 0.8388318957168887, 1.0, 0.0, 0.0, 0.0, 0.0, 0.0, 0.0, 0.0]",138627,85795,N3,dismiss,-0.3,ts,2668,1
"[0.3636363636363637, -0.3636363636363637, 0.0, 0.061046511627906974, 0.0, 0.0, 0.0, 0.0, 1.0, 0.8570363402900383, 1.0, 0.0, 0.0, 0.0, 0.0, 0.0, 0.0, 0.0]",123210,123174,N3,dismiss,-0.3,ts,545,0
"[0.20000000000000007, -0.20000000000000007, -0.00663349917081258, -0.011049723756906077, -0.36363636363636365, 0.0, 0.0, 0.0, 1.0, 0.7393974828154807, 1.0, 0.0, 0.0, 0.0, 0.0, 0.0, 0.0, 0.0]",174793,135483,N3,dismiss,-0.3,ts,988,1
"[0.8571428571428572, -0.8571428571428572, 0.0, 0.015723270440251572, -0.4647887323943662, 0.0, 0.0, 0.0, 1.0, 0.8690644730758021, 1.0, 0.0, 0.0, 0.0, 0.0, 0.0, 0.0, 0.0]",57280,57279,N3,dismiss,-0.3,ts,1764,1
"[0.625, -0.625, -0.2317548746518106, 0.016722408026755852, -0.07692307692307693, 0.0, 0.0, 0.0, 1.0, 0.8330090859287487, 1.0, 0.0, 0.0, 0.0, 0.0, 0.0, 0.0, 0.0]",174765,141757,N3,accept,0.7375,ts,2679,0
"[0.20000000000000007, -0.20000000000000007, 0.19142857142857142, -0.04788732394366197, 0.09090909090909091, 0.0, 0.0, 0.0, 1.0, 0.7205734669549364, 1.0, 0.0, 0.0, 0.0, 0.0, 0.0, 0.0, 0.0]",123005,108746,N3,dismiss,-0.3,ts,2446,1
"[0.4444444444444445, -0.4444444444444445, 0.003719599427753804, 0.0, 0.0, 0.0, 0.0, 0.0, 1.0, 0.8942134170360632, 1.0, 0.0, 0.0, 0.0, 0.0, 0.0, 0.0, 0.0]",147468,147381,N3,dismiss,-0.3,ts,691,1
"[0.1764705882352941, -0.1764705882352941, 0.0, 0.05045871559633028, 0.0, 0.0, 0.0, 0.0, 1.0, 0.8002741033846621, 1.0, 0.0, 0.0, 0.0, 0.0, 0.0, 0.0, 0.0]",173998,173997,N3,dismiss,-0.3,ts,1230,0
"[0.4545454545454546, -0.4545454545454546, -0.375, 0.11781609195402298, 1.0, 0.0, 0.0, 0.0, 1.0, 0.631459319493265, 1.0, 0.0, 0.0, 0.0, 0.0, 0.0, 0.0, 0.0]",31966,107588,N3,dismiss,-0.3,ts,2166,1
"[0.1764705882352941, -0.1764705882352941, 0.0, 0.05045871559633028, 0.0, 0.0, 0.0, 0.0, 1.0, 0.8002741033846621, 1.0, 0.0, 0.0, 0.0, 0.0, 0.0, 0.0, 0.0]",173998,173997,N3,dismiss,-0.3,ts,1177,0
"[0.6071428571428571, -0.6071428571428571, 0.1066332916145181, 0.0, 0.0, 0.0, 0.0, 0.0, 1.0, 0.8919568730108844, 1.0, 0.0, 0.0, 0.0, 0.0, 0.0, 0.0, 0.0]",16679,94196,N3,accept,0.7249999999999999,ts,2151,0
"[0.4444444444444445, -0.4444444444444445, 0.18241042345276867, -0.34, -0.6, 0.0, 0.0, 0.0, 1.0, 0.6557316228780911, 1.0, 0.0, 0.0, 0.0, 0.0, 0.0, 0.0, 0.0]",169354,132873,N3,accept,0.6111111111111112,ts,907,0
"[0.20000000000000007, -0.20000000000000007, -0.2932707355242567, -0.011363636363636364, 0.0, 0.0, 0.0, 0.0, 1.0, 0.7307070622096635, 1.0, 0.0, 0.0, 0.0, 0.0, 0.0, 0.0, 0.0]",57376,31973,N3,dismiss,-0.3,ts,599,1
"[0.4444444444444445, -0.4444444444444445, -0.8583690987124464, 0.0, 0.0, 0.0, 0.0, 0.0, 1.0, 0.7316259723259105, 1.0, 0.0, 0.0, 0.0, 0.0, 0.0, 0.0, 0.0]",147468,110902,N3,dismiss,-0.3,ts,743,1
"[0.13333333333333333, -0.13333333333333333, 0.0, 0.0, 0.0, 0.0, 0.0, 0.0, 1.0, 0.799343830056226, 1.0, 0.0, 0.0, 0.0, 0.0, 0.0, 0.0, 0.0]",93851,93856,N3,dismiss,-0.3,ts,2968,0
"[0.616, -0.616, -0.13291139240506325, -0.016901408450704224, 0.6666666666666666, 0.0, 0.0, 0.0, 1.0, 0.7698149353189689, 1.0, 0.0, 0.0, 0.0, 0.0, 0.0, 0.0, 0.0]",109421,108839,N3,dismiss,-0.3,ts,1589,1
"[0.3636363636363637, -0.3636363636363637, 0.0, 0.0, 0.0, 0.0, 0.0, 0.0, 1.0, 0.8742764353476687, 1.0, 0.0, 0.0, 0.0, 0.0, 0.0, 0.0, 0.0]",123143,123174,N3,accept,0.5545454545454546,ts,2118,0
"[0.8214285714285715, -0.8214285714285715, -0.8762732919254658, -0.0627177700348432, -0.29090909090909095, 0.0, 0.0, 0.0, 1.0, 0.7116154234480029, 1.0, 0.0, 0.0, 0.0, 0.0, 0.0, 0.0, 0.0]",91072,117003,N3,accept,0.875,ts,1074,1
"[0.1666666666666666, -0.1666666666666666, 0.0, 0.0, 0.0, 0.0, 0.0, 0.0, 1.0, 0.8112296656009272, 1.0, 0.0, 0.0, 0.0, 0.0, 0.0, 0.0, 0.0]",60788,60783,N3,dismiss,-0.3,ts,2471,0
"[0.11627906976744183, -0.11627906976744183, 0.0, -0.034129692832764506, 0.0638297872340425, 0.0, 0.0, 0.0, 1.0, 0.7652934573031218, 1.0, 0.0, 0.0, 0.0, 0.0, 0.0, 0.0, 0.0]",33338,38840,N3,dismiss,-0.3,ts,1465,1
"[0.3333333333333333, -0.3333333333333333, 0.23745819397993317, -0.22, 0.058823529411764705, 0.0, 0.0, 0.0, 1.0, 0.7198736284313243, 1.0, 0.0, 0.0, 0.0, 0.0, 0.0, 0.0, 0.0]",89664,115299,N3,dismiss,-0.3,ts,463,0
"[0.11111111111111115, -0.11111111111111115, -0.19748953974895392, 0.4628099173553719, -0.25, 0.0, 0.0, 0.0, 1.0, 0.5764463855064232, 1.0, 0.0, 0.0, 0.0, 0.0, 0.0, 0.0, 0.0]",86760,185391,N3,dismiss,-0.3,ts,2529,1
"[0.692, -0.692, 0.07598566308243732, 0.10727969348659004, 0.03571428571428559, 0.0, 0.0, 0.0, 1.0, 0.8767707971153142, 1.0, 0.0, 0.0, 0.0, 0.0, 0.0, 0.0, 0.0]",81449,114138,N3,dismiss,-0.3,ts,418,0
"[0.43333333333333335, -0.43333333333333335, 0.1111111111111111, 0.26, 0.12000000000000002, 0.0, 0.0, 0.0, 1.0, 0.760237233460153, 1.0, 0.0, 0.0, 0.0, 0.0, 0.0, 0.0, 0.0]",63753,18364,N3,dismiss,-0.3,ts,1999,1
"[0.08333333333333323, -0.08333333333333323, -0.17103762827822122, 0.0, 0.0, 0.0, 0.0, 0.0, 1.0, 0.7231472001150814, 1.0, 0.0, 0.0, 0.0, 0.0, 0.0, 0.0, 0.0]",147381,85069,N3,dismiss,-0.3,ts,660,1
"[0.19999999999999993, -0.19999999999999993, 0.0, -0.5102040816326531, 0.25999999999999995, 0.0, 0.0, 0.0, 1.0, 0.6660734035981001, 1.0, 0.0, 0.0, 0.0, 0.0, 0.0, 0.0, 0.0]",41169,41870,N3,dismiss,-0.3,ts,2708,1
"[0.9215686274509803, -0.9215686274509803, -0.08178025034770528, 0.02247191011235955, 0.5333333333333333, 0.0, 0.0, 0.0, 1.0, 0.8352230365765551, 1.0, 0.0, 0.0, 0.0, 0.0, 0.0, 0.0, 0.0]",128242,120787,N3,accept,0.9450980392156862,ts,2464,1
"[0.5636363636363637, -0.5636363636363637, 0.07142857142857142, 0.09577464788732394, 1.0, 0.0, 0.0, 0.0, 1.0, 0.7335108816419434, 1.0, 0.0, 0.0, 0.0, 0.0, 0.0, 0.0, 0.0]",123018,107588,N3,dismiss,-0.3,ts,1940,0
"[0.21875000000000008, -0.21875000000000008, 0.0, -0.9, -0.8363636363636363, 0.0, 0.0, 0.0, 1.0, 0.5821637381151326, 1.0, 0.0, 0.0, 0.0, 0.0, 0.0, 0.0, 0.0]",51061,18359,N3,dismiss,-0.3,ts,2976,1
"[0.6428571428571429, -0.6428571428571429, -0.05457142857142847, -0.30837004405286345, 0.09090909090909091, 0.0, 0.0, 0.0, 1.0, 0.8218841519059766, 1.0, 0.0, 0.0, 0.0, 0.0, 0.0, 0.0, 0.0]",169062,104690,N3,accept,0.75,ts,1609,1
"[0.20000000000000007, -0.20000000000000007, 0.09090909090909091, -0.008547008547008548, -0.14285714285714285, 0.0, 0.0, 0.0, 1.0, 0.7497580191893745, 1.0, 0.0, 0.0, 0.0, 0.0, 0.0, 0.0, 0.0]",162723,32065,N3,dismiss,-0.3,ts,566,1
"[0.42400000000000004, -0.42400000000000004, -0.7220678154530294, 0.0, 0.0, 0.0, 0.0, 0.0, 1.0, 0.7377324485995986, 1.0, 0.0, 0.0, 0.0, 0.0, 0.0, 0.0, 0.0]",49130,174939,N3,dismiss,-0.3,ts,1749,1
"[0.9485714285714285, -0.9485714285714285, 0.2222222222222222, 1.0, 0.44000000000000006, 0.0, 0.0, 0.0, 1.0, 0.6671004355547396, 1.0, 0.0, 0.0, 0.0, 0.0, 0.0, 0.0, 0.0]",18359,50956,N3,dismiss,-0.3,ts,2214,0
"[0.3333333333333333, -0.3333333333333333, -0.5264684554024656, 0.0, 0.0, 0.0, 0.0, 0.0, 1.0, 0.7353115934875609, 1.0, 0.0, 0.0, 0.0, 0.0, 0.0, 0.0, 0.0]",141749,63859,N3,dismiss,-0.3,ts,1199,1
"[0.9137254901960783, -0.9137254901960783, 0.05563282336578581, -0.512987012987013, 0.5714285714285714, 0.0, 0.0, 0.0, 1.0, 0.7502498116940701, 1.0, 0.0, 0.0, 0.0, 0.0, 0.0, 0.0, 0.0]",55377,85794,N3,dismiss,-0.3,ts,1909,1
"[0.10714285714285708, -0.10714285714285708, -0.37889039242219225, -0.4603960396039604, -0.28, 0.0, 0.0, 0.0, 1.0, 0.5289891552915553, 1.0, 0.0, 0.0, 0.0, 0.0, 0.0, 0.0, 0.0]",81395,164355,N3,dismiss,-0.3,ts,815,1
"[0.20000000000000004, -0.20000000000000004, -0.634703196347032, 0.07407407407407407, -0.74, 0.0, 0.0, 0.0, 1.0, 0.5425189848892313, 1.0, 0.0, 0.0, 0.0, 0.0, 0.0, 0.0, 0.0]",19598,106004,N3,dismiss,-0.3,ts,481,0
"[0.56, -0.56, 0.0, 1.0, -0.3333333333333333, 0.0, 0.0, 0.0, 1.0, 0.7152978852370033, 1.0, 0.0, 0.0, 0.0, 0.0, 0.0, 0.0, 0.0]",104684,169349,N3,dismiss,-0.3,ts,2359,0
"[0.076923076923077, -0.076923076923077, 0.0, 0.0, 0.0, 0.0, 0.0, 0.0, 1.0, 0.7787188164556538, 1.0, 0.0, 0.0, 0.0, 0.0, 0.0, 0.0, 0.0]",93861,174758,N3,dismiss,-0.3,ts,2385,0
"[0.26470588235294124, -0.26470588235294124, -0.7098497495826377, -0.22, -0.07999999999999999, 0.0, 0.0, 0.0, 1.0, 0.6171417564827884, 1.0, 0.0, 0.0, 0.0, 0.0, 0.0, 0.0, 0.0]",18053,81996,N3,dismiss,-0.3,ts,619,1
"[0.02857142857142844, -0.02857142857142844, -0.20152761457109283, -0.008670520231213872, -0.1518987341772152, 0.0, 0.0, 0.0, 1.0, 0.6524855845390131, 1.0, 0.0, 0.0, 0.0, 0.0, 0.0, 0.0, 0.0]",117162,185707,N3,dismiss,-0.3,ts,2605,0
"[0.7643097643097644, -0.7643097643097644, -0.6871741397288843, -0.1, 0.040000000000000036, 0.0, 0.0, 0.0, 1.0, 0.76602282630088, 1.0, 0.0, 0.0, 0.0, 0.0, 0.0, 0.0, 0.0]",141707,85440,N3,dismiss,-0.3,ts,1341,1
"[0.46153846153846156, -0.46153846153846156, -0.7849624060150376, -0.256, 0.33999999999999997, 0.0, 0.0, 0.0, 1.0, 0.6073646963417112, 1.0, 0.0, 0.0, 0.0, 0.0, 0.0, 0.0, 0.0]",110599,85230,N3,dismiss,-0.3,ts,2083,1
"[0.047619047619047505, -0.047619047619047505, -0.6807017543859648, -0.14, -0.059999999999999984, 0.0, 0.0, 0.0, 1.0, 0.565492622937598, 1.0, 0.0, 0.0, 0.0, 0.0, 0.0, 0.0, 0.0]",111106,64006,N3,accept,0.33333333333333326,ts,517,1
"[0.648, -0.648, 0.1801637852593267, 0.20863309352517986, 1.0, 0.0, 0.0, 0.0, 1.0, 0.678459202837453, 1.0, 0.0, 0.0, 0.0, 0.0, 0.0, 0.0, 0.0]",185410,107554,N3,dismiss,-0.3,ts,579,1
"[0.64, -0.64, -0.0346408558329088, -0.05, -0.17272727272727276, 0.0, 0.0, 0.0, 1.0, 0.8645923634066793, 1.0, 0.0, 0.0, 0.0, 0.0, 0.0, 0.0, 0.0]",90181,49005,N3,dismiss,-0.3,ts,1806,0
"[0.10714285714285708, -0.10714285714285708, 0.21108179419525067, -0.24567474048442905, -0.25, 0.0, 0.0, 0.0, 1.0, 0.6037111713328339, 1.0, 0.0, 0.0, 0.0, 0.0, 0.0, 0.0, 0.0]",105432,164355,N3,dismiss,-0.3,ts,1595,1
"[0.1478260869565217, -0.1478260869565217, -0.7000000000000001, 0.0, 0.0285714285714286, 0.0, 0.0, 0.0, 1.0, 0.6455320222776031, 1.0, 0.0, 0.0, 0.0, 0.0, 0.0, 0.0, 0.0]",39517,105872,N3,dismiss,-0.3,ts,808,1
"[0.1250000000000001, -0.1250000000000001, 0.18112094395280237, -0.014044943820224719, -0.6272727272727273, 0.0, 0.0, 0.0, 1.0, 0.6241820565587829, 1.0, 0.0, 0.0, 0.0, 0.0, 0.0, 0.0, 0.0]",87724,117054,N3,dismiss,-0.3,ts,2171,0
"[0.1666666666666667, -0.1666666666666667, -0.13333333333333333, -0.3, -0.16, 0.0, 0.0, 0.0, 1.0, 0.6556594342490147, 1.0, 0.0, 0.0, 0.0, 0.0, 0.0, 0.0, 0.0]",18490,156539,N3,dismiss,-0.3,ts,1799,0
"[0.1666666666666667, -0.1666666666666667, -0.15503875968992248, 0.029411764705882353, 0.0, 0.0, 0.0, 0.0, 1.0, 0.7493386575941129, 1.0, 0.0, 0.0, 0.0, 0.0, 0.0, 0.0, 0.0]",92714,143384,N3,dismiss,-0.3,ts,1923,0
"[0.20000000000000007, -0.20000000000000007, 0.2, -0.01694915254237288, -0.07692307692307693, 0.0, 0.0, 0.0, 1.0, 0.7305032209505417, 1.0, 0.0, 0.0, 0.0, 0.0, 0.0, 0.0, 0.0]",108842,31966,N3,dismiss,-0.3,ts,1780,1
"[0.02500000000000002, -0.02500000000000002, 0.0, -0.12, -0.039999999999999994, 0.0, 0.0, 0.0, 1.0, 0.715832239057246, 1.0, 0.0, 0.0, 0.0, 0.0, 0.0, 0.0, 0.0]",18064,62503,N3,accept,0.3175,ts,1406,1
"[0.8, -0.8, 0.17647058823529413, 0.0, 0.0, 0.0, 0.0, 0.0, 1.0, 0.898937356285638, 1.0, 0.0, 0.0, 0.0, 0.0, 0.0, 0.0, 0.0]",18435,112477,N3,dismiss,-0.3,ts,2627,0
"[0.16216216216216217, -0.16216216216216217, -0.16666666666666666, 0.08461538461538462, 0.020833333333333447, 0.0, 0.0, 0.0, 1.0, 0.7234709814458078, 1.0, 0.0, 0.0, 0.0, 0.0, 0.0, 0.0, 0.0]",91969,91957,N3,dismiss,-0.3,ts,433,0
"[0.9333333333333335, -0.9333333333333335, 0.11470588235294113, -0.13398692810457516, -0.18181818181818182, 0.0, 0.0, 0.0, 1.0, 0.8493488906934371, 1.0, 0.0, 0.0, 0.0, 0.0, 0.0, 0.0, 0.0]",50818,48992,N3,dismiss,-0.3,ts,2083,0
"[0.5636363636363637, -0.5636363636363637, -0.43762441937624424, -0.011396011396011397, 0.5714285714285714, 0.0, 0.0, 0.0, 1.0, 0.6999793451980172, 1.0, 0.0, 0.0, 0.0, 0.0, 0.0, 0.0, 0.0]",74279,108828,N3,dismiss,-0.3,ts,2982,1
"[0.05882352941176463, -0.05882352941176463, 0.0, 0.0, 0.0, 0.0, 0.0, 0.0, 1.0, 0.7720017551625592, 1.0, 0.0, 0.0, 0.0, 0.0, 0.0, 0.0, 0.0]",56819,57061,N3,dismiss,-0.3,ts,566,1
"[0.20000000000000007, -0.20000000000000007, -0.06259780907668232, 0.017045454545454544, -0.4166666666666667, 0.0, 0.0, 0.0, 1.0, 0.7094552875739797, 1.0, 0.0, 0.0, 0.0, 0.0, 0.0, 0.0, 0.0]",74280,135482,N3,dismiss,-0.3,ts,2669,0
"[0.25, -0.25, 0.2124062031015508, 0.001215066828675577, 0.0, 0.0, 0.0, 0.0, 1.0, 0.7700037600548302, 1.0, 0.0, 0.0, 0.0, 0.0, 0.0, 0.0, 0.0]",30337,15457,N3,dismiss,-0.3,ts,937,0
"[0.1, -0.07, -0.2697495183044316, -0.05, -0.17272727272727276, 0.0, 0.0, 0.0, 1.0, 0.63467239594446, 1.0, 0.0, 0.0, 0.0, 0.0, 0.0, 0.0, 0.0]",49082,49005,N3,dismiss,-0.3,ts,1811,0
"[0.7321428571428571, -0.7321428571428571, -0.36321155480033984, -0.08059701492537313, -0.632, 0.0, 0.0, 0.0, 1.0, 0.7167386189194057, 1.0, 0.0, 0.0, 0.0, 0.0, 0.0, 0.0, 0.0]",87090,115951,N3,dismiss,-0.3,ts,686,1
"[0.1842105263157895, -0.1842105263157895, 0.0, -0.0035335689045936395, -0.019999999999999928, 0.0, 0.0, 0.0, 1.0, 0.8104350430499354, 1.0, 0.0, 0.0, 0.0, 0.0, 0.0, 0.0, 0.0]",38840,91957,N3,dismiss,-0.3,ts,2513,1
"[0.12499999999999988, -0.12499999999999988, -0.4164235097957482, 0.1793103448275862, -0.047619047619047616, 0.0, 0.0, 0.0, 1.0, 0.6244645839381715, 1.0, 0.0, 0.0, 0.0, 0.0, 0.0, 0.0, 0.0]",155856,114737,N3,dismiss,-0.3,ts,416,1
"[0.7722033898305085, -0.7722033898305085, -0.3663003663003664, 0.08695652173913043, 0.1, 0.0, 0.0, 0.0, 1.0, 0.8001182564474218, 1.0, 0.0, 0.0, 0.0, 0.0, 0.0, 0.0, 0.0]",63936,16734,N3,dismiss,-0.3,ts,659,1
"[0.09090909090909098, -0.09090909090909098, -0.19, 0.018518518518518517, 0.2, 0.0, 0.0, 0.0, 1.0, 0.6657475171621818, 1.0, 0.0, 0.0, 0.0, 0.0, 0.0, 0.0, 0.0]",162891,142494,N3,dismiss,-0.3,ts,621,1
"[0.09999999999999994, -0.09999999999999994, -0.2309859154929577, -0.9770114942528736, -0.9038461538461539, 0.0, 0.0, 0.0, 1.0, 0.45908953947061526, 1.0, 0.0, 0.0, 0.0, 0.0, 0.0, 0.0, 0.0]",91073,16649,N3,dismiss,-0.3,ts,1123,1
"[0.5454545454545455, -0.5454545454545455, -0.3336259877085162, -0.01084010840108401, 0.8333333333333334, 0.0, 0.0, 0.0, 1.0, 0.6962574114398397, 1.0, 0.0, 0.0, 0.0, 0.0, 0.0, 0.0, 0.0]",141852,141844,N3,dismiss,-0.3,ts,2690,1
"[0.11999999999999993, -0.11999999999999993, -0.36363636363636365, 0.011396011396011397, -0.21428571428571427, 0.0, 0.0, 0.0, 1.0, 0.6355009548819192, 1.0, 0.0, 0.0, 0.0, 0.0, 0.0, 0.0, 0.0]",70001,123005,N3,dismiss,-0.3,ts,2555,1
"[0.1500000000000001, -0.1500000000000001, 0.0, -0.35714285714285715, -0.1, 0.0, 0.0, 0.0, 1.0, 0.7015604788698512, 1.0, 0.0, 0.0, 0.0, 0.0, 0.0, 0.0, 0.0]",74186,189308,N3,dismiss,-0.3,ts,2782,1
"[0.367741935483871, -0.367741935483871, -0.7515625, 0.0, 0.0285714285714286, 0.0, 0.0, 0.0, 1.0, 0.7115876821475319, 1.0, 0.0, 0.0, 0.0, 0.0, 0.0, 0.0, 0.0]",15686,105872,N3,dismiss,-0.3,ts,2101,1
"[0.2045454545454546, -0.2045454545454546, 0.006343906510851462, -0.019553072625698324, 1.0, 0.0, 0.0, 0.0, 1.0, 0.6864109839014316, 1.0, 0.0, 0.0, 0.0, 0.0, 0.0, 0.0, 0.0]",135482,74278,N3,dismiss,-0.3,ts,1732,1
"[0.7647058823529411, -0.7647058823529411, 0.04796274738067509, -0.028469750889679714, 0.6428571428571429, 0.0, 0.0, 0.0, 1.0, 0.8190663263402094, 1.0, 0.0, 0.0, 0.0, 0.0, 0.0, 0.0, 0.0]",21089,120796,N3,accept,0.8352941176470587,ts,1962,0
"[0.9074285714285715, -0.9074285714285715, 0.006926952141057898, -0.06338028169014084, -0.3157894736842105, 0.0, 0.0, 0.0, 1.0, 0.8783172077941633, 1.0, 0.0, 0.0, 0.0, 0.0, 0.0, 0.0, 0.0]",89666,128247,N3,dismiss,-0.3,ts,895,0
"[0.14000000000000004, -0.14000000000000004, -0.22411873840445268, 0.46601941747572817, 0.37254901960784326, 0.0, 0.0, 0.0, 1.0, 0.5597578992743337, 1.0, 0.0, 0.0, 0.0, 0.0, 0.0, 0.0, 0.0]",117087,115226,N3,accept,0.398,ts,1830,1
"[0.625, -0.625, -0.2317548746518106, 0.016722408026755852, -0.07692307692307693, 0.0, 0.0, 0.0, 1.0, 0.8330090859287487, 1.0, 0.0, 0.0, 0.0, 0.0, 0.0, 0.0, 0.0]",174765,141757,N3,dismiss,-0.3,ts,2841,0
"[0.8714285714285714, -0.8714285714285714, -0.4765687053216838, 0.10526315789473684, 0.631578947368421, 0.0, 0.0, 0.0, 1.0, 0.7069311976141096, 1.0, 0.0, 0.0, 0.0, 0.0, 0.0, 0.0, 0.0]",144703,170138,N3,dismiss,-0.3,ts,1333,0
"[0.20000000000000007, -0.20000000000000007, -0.00860642171466407, 0.019943019943019943, -0.5, 0.0, 0.0, 0.0, 1.0, 0.7187318000942845, 1.0, 0.0, 0.0, 0.0, 0.0, 0.0, 0.0, 0.0]",15528,135482,N3,dismiss,-0.3,ts,2337,0
"[0.648, -0.648, 0.1801637852593267, 0.20863309352517986, 1.0, 0.0, 0.0, 0.0, 1.0, 0.678459202837453, 1.0, 0.0, 0.0, 0.0, 0.0, 0.0, 0.0, 0.0]",185410,107458,N3,dismiss,-0.3,ts,1973,0
"[0.03240740740740754, -0.03240740740740754, -0.09090909090909091, 0.6775956284153005, 0.21999999999999992, 0.0, 0.0, 0.0, 1.0, 0.5641839558423116, 1.0, 0.0, 0.0, 0.0, 0.0, 0.0, 0.0, 0.0]",104492,69980,N3,dismiss,-0.3,ts,407,0
"[0.20000000000000007, -0.20000000000000007, -0.11911764705882355, 0.011299435028248588, -0.46153846153846156, 0.0, 0.0, 0.0, 1.0, 0.6866739965311752, 1.0, 0.0, 0.0, 0.0, 0.0, 0.0, 0.0, 0.0]",108741,135483,N3,dismiss,-0.3,ts,1147,1
"[0.8, -0.8, 0.0, 1.0, 1.0, 0.0, 0.0, 0.0, 1.0, 0.6626816974221303, 1.0, 0.0, 0.0, 0.0, 0.0, 0.0, 0.0, 0.0]",51128,51605,N3,dismiss,-0.3,ts,2470,0
"[0.8944444444444445, -0.8944444444444445, 0.0009999999999999788, 0.32061068702290074, 0.07999999999999999, 0.0, 0.0, 0.0, 1.0, 0.8744372821089841, 1.0, 0.0, 0.0, 0.0, 0.0, 0.0, 0.0, 0.0]",80035,87100,N3,accept,0.9261111111111111,ts,2688,1
"[0.12499999999999999, -0.12499999999999999, 0.0, 0.019230769230769232, 0.039999999999999994, 0.0, 0.0, 0.0, 1.0, 0.7791410590895188, 1.0, 0.0, 0.0, 0.0, 0.0, 0.0, 0.0, 0.0]",74187,122719,N3,dismiss,-0.3,ts,1477,1
"[0.2313725490196078, -0.2313725490196078, -0.17904328018223234, 0.4794007490636704, 0.0, 0.0, 0.0, 0.0, 1.0, 0.6807464674570203, 1.0, 0.0, 0.0, 0.0, 0.0, 0.0, 0.0, 0.0]",39429,155693,N3,accept,0.46196078431372545,ts,2558,1
"[0.4, -0.4, 0.1480740370185093, 0.022792022792022793, -0.7583333333333333, 0.0, 0.0, 0.0, 1.0, 0.7092300681232798, 1.0, 0.0, 0.0, 0.0, 0.0, 0.0, 0.0, 0.0]",182867,158412,N3,dismiss,-0.3,ts,1700,1
"[0.09090909090909098, -0.09090909090909098, -0.19, -0.037900874635568516, 0.09090909090909091, 0.0, 0.0, 0.0, 1.0, 0.6847663763373026, 1.0, 0.0, 0.0, 0.0, 0.0, 0.0, 0.0, 0.0]",162866,142494,N3,accept,0.36363636363636365,ts,2242,1
"[0.4444444444444445, -0.4444444444444445, 0.21404682274247488, -0.6984126984126984, -0.58, 0.0, 0.0, 0.0, 1.0, 0.610175897468082, 1.0, 0.0, 0.0, 0.0, 0.0, 0.0, 0.0, 0.0]",19676,132873,N3,dismiss,-0.3,ts,2400,0
"[0.20000000000000007, -0.20000000000000007, 0.2185128983308041, 0.022857142857142857, -0.1447368421052631, 0.0, 0.0, 0.0, 1.0, 0.7076149613275927, 1.0, 0.0, 0.0, 0.0, 0.0, 0.0, 0.0, 0.0]",43097,93936,N3,dismiss,-0.3,ts,1867,1
"[0.24999999999999992, -0.24999999999999992, -0.48413125336202256, 1.0, -0.2608695652173913, 0.0, 0.0, 0.0, 1.0, 0.5241024203212179, 1.0, 0.0, 0.0, 0.0, 0.0, 0.0, 0.0, 0.0]",84737,55882,N3,accept,0.4749999999999999,ts,527,1
"[0.6818181818181819, -0.6818181818181819, 0.19956379498364232, 0.015873015873015872, -0.13999999999999999, 0.0, 0.0, 0.0, 1.0, 0.8356052274651412, 1.0, 0.0, 0.0, 0.0, 0.0, 0.0, 0.0, 0.0]",82102,125786,N3,dismiss,-0.3,ts,488,0
"[0.8714285714285714, -0.8714285714285714, -0.23282887077997672, 0.75, 0.55, 0.0, 0.0, 0.0, 1.0, 0.6748322766805989, 1.0, 0.0, 0.0, 0.0, 0.0, 0.0, 0.0, 0.0]",78136,170138,N3,accept,0.9099999999999999,ts,1855,0
"[0.25, -0.25, 0.0, 0.07453416149068323, 0.13636363636363635, 0.0, 0.0, 0.0, 1.0, 0.7830109453831142, 1.0, 0.0, 0.0, 0.0, 0.0, 0.0, 0.0, 0.0]",43090,117045,N3,dismiss,-0.3,ts,2749,0
"[0.11999999999999993, -0.11999999999999993, 0.0023271276595744775, 0.022792022792022793, -0.07142857142857142, 0.0, 0.0, 0.0, 1.0, 0.7669391085920265, 1.0, 0.0, 0.0, 0.0, 0.0, 0.0, 0.0, 0.0]",130440,43372,N3,dismiss,-0.3,ts,2360,1
"[0.24999999999999992, -0.24999999999999992, 0.09610802223987286, -0.34210526315789475, 0.05263157894736842, 0.0, 0.0, 0.0, 1.0, 0.7153014633789336, 1.0, 0.0, 0.0, 0.0, 0.0, 0.0, 0.0, 0.0]",144703,71136,N3,dismiss,-0.3,ts,2116,0
"[0.06666666666666672, -0.06666666666666672, -0.16048502139800286, -0.02616279069767442, 0.041666666666666664, 0.0, 0.0, 0.0, 1.0, 0.700365632444674, 1.0, 0.0, 0.0, 0.0, 0.0, 0.0, 0.0, 0.0]",116466,87090,N3,dismiss,-0.3,ts,1207,1
"[0.9074285714285715, -0.9074285714285715, 0.006926952141057898, -0.06338028169014084, -0.3157894736842105, 0.0, 0.0, 0.0, 1.0, 0.8783172077941633, 1.0, 0.0, 0.0, 0.0, 0.0, 0.0, 0.0, 0.0]",89666,128247,N3,accept,0.9352,ts,2248,0
"[0.5636363636363637, -0.5636363636363637, 0.23355263157894735, 0.005797101449275362, 0.8333333333333334, 0.0, 0.0, 0.0, 1.0, 0.7241369127393539, 1.0, 0.0, 0.0, 0.0, 0.0, 0.0, 0.0, 0.0]",123021,107659,N3,dismiss,-0.3,ts,714,0
"[0.4444444444444445, -0.4444444444444445, 0.18241042345276867, -0.34, -0.6, 0.0, 0.0, 0.0, 1.0, 0.6557316228780911, 1.0, 0.0, 0.0, 0.0, 0.0, 0.0, 0.0, 0.0]",169354,132873,N3,accept,0.6111111111111112,ts,2090,0
"[0.2, -0.2, 0.10110110110110104, -0.6043478260869565, 0.05263157894736842, 0.0, 0.0, 0.0, 1.0, 0.6660152152276981, 1.0, 0.0, 0.0, 0.0, 0.0, 0.0, 0.0, 0.0]",191335,127600,N3,dismiss,-0.3,ts,1579,0
"[0.35000000000000003, -0.35000000000000003, 0.027816411682892905, -0.42724458204334365, -0.31999999999999995, 0.0, 0.0, 0.0, 1.0, 0.702483663576583, 1.0, 0.0, 0.0, 0.0, 0.0, 0.0, 0.0, 0.0]",87863,175208,N3,dismiss,-0.3,ts,2146,0
"[0.5, -0.5, -0.35778175313059035, -0.4148936170212766, 0.08000000000000007, 0.0, 0.0, 0.0, 1.0, 0.6998134226636865, 1.0, 0.0, 0.0, 0.0, 0.0, 0.0, 0.0, 0.0]",19596,84107,N3,dismiss,-0.3,ts,868,1
"[0.09999999999999996, -0.09999999999999996, -0.06312499999999999, -0.3333333333333333, -0.42000000000000004, 0.0, 0.0, 0.0, 1.0, 0.605269298899058, 1.0, 0.0, 0.0, 0.0, 0.0, 0.0, 0.0, 0.0]",71734,169362,N3,dismiss,-0.3,ts,1859,1
"[0.24999999999999992, -0.24999999999999992, 0.2002503128911139, -0.1092436974789916, 0.13333333333333333, 0.0, 0.0, 0.0, 1.0, 0.7090355520187257, 1.0, 0.0, 0.0, 0.0, 0.0, 0.0, 0.0, 0.0]",139806,55882,N3,dismiss,-0.3,ts,2481,0
"[0.5636363636363637, -0.5636363636363637, 0.059374999999999956, -0.025280898876404494, 1.0, 0.0, 0.0, 0.0, 1.0, 0.7431062633782028, 1.0, 0.0, 0.0, 0.0, 0.0, 0.0, 0.0, 0.0]",109094,108828,N3,dismiss,-0.3,ts,1302,1
"[0.6029411764705882, -0.6029411764705882, 0.0, -0.1, -0.19999999999999996, 0.0, 0.0, 0.0, 1.0, 0.8529674333837347, 1.0, 0.0, 0.0, 0.0, 0.0, 0.0, 0.0, 0.0]",18330,70937,N3,dismiss,-0.3,ts,547,1
"[0.52, -0.52, -0.058333333333333376, -0.07712765957446809, 0.5714285714285714, 0.0, 0.0, 0.0, 1.0, 0.7675469899349182, 1.0, 0.0, 0.0, 0.0, 0.0, 0.0, 0.0, 0.0]",151841,108828,N3,dismiss,-0.3,ts,2069,1
"[0.5, -0.5, -0.26666666666666666, 0.64, 0.08000000000000003, 0.0, 0.0, 0.0, 1.0, 0.695643645411739, 1.0, 0.0, 0.0, 0.0, 0.0, 0.0, 0.0, 0.0]",50997,51575,N3,dismiss,-0.3,ts,1528,1
"[0.20000000000000007, -0.20000000000000007, -0.00663349917081258, 0.019943019943019943, -0.4166666666666667, 0.0, 0.0, 0.0, 1.0, 0.7295168490235155, 1.0, 0.0, 0.0, 0.0, 0.0, 0.0, 0.0, 0.0]",72081,135482,N3,accept,0.44000000000000006,ts,2349,1
"[0.09722222222222213, -0.09722222222222213, 0.14842300556586271, -0.13031914893617022, 0.0, 0.0, 0.0, 0.0, 1.0, 0.7004176814126454, 1.0, 0.0, 0.0, 0.0, 0.0, 0.0, 0.0, 0.0]",63878,63891,N3,dismiss,-0.3,ts,2893,1
"[0.14285714285714288, -0.14285714285714288, -0.1938610662358643, 0.0, 0.0, 0.0, 0.0, 0.0, 1.0, 0.7384864192538396, 1.0, 0.0, 0.0, 0.0, 0.0, 0.0, 0.0, 0.0]",39280,81422,N3,accept,0.4,ts,474,0
"[0.6818181818181819, -0.6818181818181819, 0.024324324324324288, 0.02821316614420063, -0.65, 0.0, 0.0, 0.0, 1.0, 0.8158970926015877, 1.0, 0.0, 0.0, 0.0, 0.0, 0.0, 0.0, 0.0]",130294,49086,N3,dismiss,-0.3,ts,2246,0
"[0.13793103448275862, -0.13793103448275862, -0.6330275229357798, -0.9132947976878613, -0.8941176470588235, 0.0, 0.0, 0.0, 1.0, 0.4066193539943744, 1.0, 0.0, 0.0, 0.0, 0.0, 0.0, 0.0, 0.0]",64502,51022,N3,dismiss,-0.3,ts,2222,0
"[0.3636363636363637, -0.3636363636363637, 0.14285714285714285, 0.028169014084507043, 0.36363636363636365, 0.0, 0.0, 0.0, 1.0, 0.7388385917974343, 1.0, 0.0, 0.0, 0.0, 0.0, 0.0, 0.0, 0.0]",123011,123174,N3,dismiss,-0.3,ts,2031,0
"[0.3636363636363637, -0.3636363636363637, 0.0, 0.0, 0.0, 0.0, 0.0, 0.0, 1.0, 0.8742764353476687, 1.0, 0.0, 0.0, 0.0, 0.0, 0.0, 0.0, 0.0]",123548,123174,N3,dismiss,-0.3,ts,1492,0
"[0.11688311688311692, -0.11688311688311692, -0.24906132665832295, 0.7281553398058253, -0.3333333333333333, 0.0, 0.0, 0.0, 1.0, 0.5268983629903512, 1.0, 0.0, 0.0, 0.0, 0.0, 0.0, 0.0, 0.0]",138627,138519,N3,accept,0.38181818181818183,ts,1139,1
"[0.20000000000000007, -0.20000000000000007, -0.12425665101721436, 0.002840909090909091, 0.25, 0.0, 0.0, 0.0, 1.0, 0.7189497931363428, 1.0, 0.0, 0.0, 0.0, 0.0, 0.0, 0.0, 0.0]",43334,88669,N3,dismiss,-0.3,ts,2461,1
"[0.1411042944785276, -0.1411042944785276, -0.21130676552363295, -0.03888888888888889, 0.0, 0.0, 0.0, 0.0, 1.0, 0.721979730157365, 1.0, 0.0, 0.0, 0.0, 0.0, 0.0, 0.0, 0.0]",15663,117162,N3,dismiss,-0.3,ts,2993,1
"[0.16666666666666663, -0.16666666666666663, 0.0, 0.0, 0.0, 0.0, 0.0, 0.0, 1.0, 0.8112296656009272, 1.0, 0.0, 0.0, 0.0, 0.0, 0.0, 0.0, 0.0]",147380,152267,N3,dismiss,-0.3,ts,1261,0
"[0.25, -0.25, -0.5447647951441579, -0.011428571428571429, 0.10619469026548665, 0.0, 0.0, 0.0, 1.0, 0.6747720676390024, 1.0, 0.0, 0.0, 0.0, 0.0, 0.0, 0.0, 0.0]",16901,117045,N3,dismiss,-0.3,ts,1634,0
"[0.12280701754385964, -0.12280701754385964, -0.6153846153846154, 0.5263157894736842, -0.4, 0.0, 0.0, 0.0, 1.0, 0.47370431702429144, 1.0, 0.0, 0.0, 0.0, 0.0, 0.0, 0.0, 0.0]",187197,167155,N3,accept,0.38596491228070173,ts,1288,1
"[0.56, -0.56, 0.0, 1.0, -0.3333333333333333, 0.0, 0.0, 0.0, 1.0, 0.7152978852370033, 1.0, 0.0, 0.0, 0.0, 0.0, 0.0, 0.0, 0.0]",104684,169349,N3,dismiss,-0.3,ts,613,0
"[0.11111111111111115, -0.11111111111111115, -0.19748953974895392, 0.4628099173553719, -0.25, 0.0, 0.0, 0.0, 1.0, 0.5764463855064232, 1.0, 0.0, 0.0, 0.0, 0.0, 0.0, 0.0, 0.0]",86760,185391,N3,accept,0.37777777777777777,ts,2113,1
"[0.3032258064516129, -0.3032258064516129, -0.046875, -0.002849002849002849, 0.07142857142857142, 0.0, 0.0, 0.0, 1.0, 0.817748560930307, 1.0, 0.0, 0.0, 0.0, 0.0, 0.0, 0.0, 0.0]",15686,15687,N3,accept,0.512258064516129,ts,2737,0
"[0.648, -0.648, 0.1801637852593267, 0.20863309352517986, 1.0, 0.0, 0.0, 0.0, 1.0, 0.678459202837453, 1.0, 0.0, 0.0, 0.0, 0.0, 0.0, 0.0, 0.0]",185410,107458,N3,accept,0.7536,ts,871,1
"[0.09999999999999994, -0.09999999999999994, -0.2588235294117647, -0.9619047619047619, -0.9324324324324325, 0.0, 0.0, 0.0, 1.0, 0.4515504715453314, 1.0, 0.0, 0.0, 0.0, 0.0, 0.0, 0.0, 0.0]",91071,16648,N3,dismiss,-0.3,ts,759,1
"[0.10714285714285712, -0.10714285714285712, -0.0750938673341677, 0.0, 0.0, 0.0, 0.0, 0.0, 1.0, 0.7619454645957421, 1.0, 0.0, 0.0, 0.0, 0.0, 0.0, 0.0, 0.0]",115245,115244,N3,dismiss,-0.3,ts,1608,0
"[0.7899159663865546, -0.7899159663865546, 0.0035087719298245758, 1.0, 0.05263157894736842, 0.0, 0.0, 0.0, 1.0, 0.792333687559113, 1.0, 0.0, 0.0, 0.0, 0.0, 0.0, 0.0, 0.0]",185563,170191,N3,dismiss,-0.3,ts,1042,1
"[0.5, -0.5, 0.058823529411764705, -0.88, -0.7272727272727273, 0.0, 0.0, 0.0, 1.0, 0.6474218926144715, 1.0, 0.0, 0.0, 0.0, 0.0, 0.0, 0.0, 0.0]",18435,38174,N3,dismiss,-0.3,ts,2658,1
"[0.55, -0.55, 0.11470588235294113, -0.05, -0.17272727272727276, 0.0, 0.0, 0.0, 1.0, 0.8203561366987663, 1.0, 0.0, 0.0, 0.0, 0.0, 0.0, 0.0, 0.0]",115238,49005,N3,accept,0.685,ts,483,0
"[0.39999999999999997, -0.39999999999999997, 0.0, -0.32, -0.12000000000000002, 0.0, 0.0, 0.0, 1.0, 0.7813504345159491, 1.0, 0.0, 0.0, 0.0, 0.0, 0.0, 0.0, 0.0]",71728,50997,N3,dismiss,-0.3,ts,1870,1
"[0.18749999999999997, -0.18749999999999997, -0.3652501344809037, 0.009523809523809525, -0.043478260869565216, 0.0, 0.0, 0.0, 1.0, 0.6995264293779716, 1.0, 0.0, 0.0, 0.0, 0.0, 0.0, 0.0, 0.0]",84737,169794,N3,dismiss,-0.3,ts,2892,0
"[0.7929411764705883, -0.7929411764705883, 0.17056856187290975, -0.2, -0.14285714285714285, 0.0, 0.0, 0.0, 1.0, 0.8130609694396912, 1.0, 0.0, 0.0, 0.0, 0.0, 0.0, 0.0, 0.0]",121055,92135,N3,dismiss,-0.3,ts,958,1
"[0.11999999999999993, -0.11999999999999993, -0.3, 0.002824858757062147, -0.15384615384615385, 0.0, 0.0, 0.0, 1.0, 0.6637086981558549, 1.0, 0.0, 0.0, 0.0, 0.0, 0.0, 0.0, 0.0]",108784,123018,N3,dismiss,-0.3,ts,627,1
"[0.1886792452830189, -0.1886792452830189, -0.16666666666666666, -0.07570977917981073, 0.06818181818181814, 0.0, 0.0, 0.0, 1.0, 0.7220323095576072, 1.0, 0.0, 0.0, 0.0, 0.0, 0.0, 0.0, 0.0]",91966,33338,N3,dismiss,-0.3,ts,2011,1
"[0.75, -0.75, -0.21108179419525067, 0.0967741935483871, -0.9821428571428571, 0.0, 0.0, 0.0, 1.0, 0.7280935225694656, 1.0, 0.0, 0.0, 0.0, 0.0, 0.0, 0.0, 0.0]",89593,134921,N3,dismiss,-0.3,ts,1633,0
"[0.6022727272727273, -0.6022727272727273, -0.3181818181818182, -0.21153846153846154, 0.020000000000000018, 0.0, 0.0, 0.0, 1.0, 0.7777037622710935, 1.0, 0.0, 0.0, 0.0, 0.0, 0.0, 0.0, 0.0]",74187,85440,N3,dismiss,-0.3,ts,1181,1
"[0.17090909090909095, -0.17090909090909095, -0.2345978755690441, 0.0, 0.0, 0.0, 0.0, 0.0, 1.0, 0.7378238220265599, 1.0, 0.0, 0.0, 0.0, 0.0, 0.0, 0.0, 0.0]",49870,147348,N3,dismiss,-0.3,ts,2280,1
"[0.2222222222222223, -0.2222222222222223, 0.11131725417439703, 0.08529411764705883, 0.10400000000000005, 0.0, 0.0, 0.0, 1.0, 0.7387660108640149, 1.0, 0.0, 0.0, 0.0, 0.0, 0.0, 0.0, 0.0]",123848,76847,N3,dismiss,-0.3,ts,2781,0
"[0.25833333333333336, -0.25833333333333336, -0.2222222222222222, 0.64, -0.13999999999999999, 0.0, 0.0, 0.0, 1.0, 0.6256099841340442, 1.0, 0.0, 0.0, 0.0, 0.0, 0.0, 0.0, 0.0]",81128,79360,N3,dismiss,-0.3,ts,725,1
"[0.3636363636363637, -0.3636363636363637, 0.14285714285714285, 0.028169014084507043, 0.36363636363636365, 0.0, 0.0, 0.0, 1.0, 0.7388385917974343, 1.0, 0.0, 0.0, 0.0, 0.0, 0.0, 0.0, 0.0]",123011,123174,N3,dismiss,-0.3,ts,2344,0
"[0.22602739726027393, -0.22602739726027393, -0.18483197093551318, 0.0, 0.125, 0.0, 0.0, 0.0, 1.0, 0.7366686808462584, 1.0, 0.0, 0.0, 0.0, 0.0, 0.0, 0.0, 0.0]",64291,143110,N3,dismiss,-0.3,ts,2855,1
"[0.6, -0.6, 0.19662594531704472, 0.3348623853211009, 0.4117647058823529, 0.0, 0.0, 0.0, 1.0, 0.7066556192934125, 1.0, 0.0, 0.0, 0.0, 0.0, 0.0, 0.0, 0.0]",81396,29663,N3,dismiss,-0.3,ts,2769,1
"[0.6136363636363636, -0.6136363636363636, -0.3181818181818182, -0.5612535612535613, -0.6714285714285715, 0.0, 0.0, 0.0, 1.0, 0.625354972810449, 1.0, 0.0, 0.0, 0.0, 0.0, 0.0, 0.0, 0.0]",70002,142262,N3,dismiss,-0.3,ts,2832,0
"[0.20000000000000004, -0.20000000000000004, -0.1501877346683354, 0.0, 0.02500000000000006, 0.0, 0.0, 0.0, 1.0, 0.7636205904617083, 1.0, 0.0, 0.0, 0.0, 0.0, 0.0, 0.0, 0.0]",53366,108507,N3,dismiss,-0.3,ts,2516,0
"[0.2045454545454546, -0.2045454545454546, -0.24931506849315063, -0.019553072625698324, 1.0, 0.0, 0.0, 0.0, 1.0, 0.605028229497204, 1.0, 0.0, 0.0, 0.0, 0.0, 0.0, 0.0, 0.0]",93935,74278,N3,dismiss,-0.3,ts,622,0
"[0.10714285714285723, -0.10714285714285723, -0.12190237797246568, 0.0, 0.0, 0.0, 0.0, 0.0, 1.0, 0.746564307322715, 1.0, 0.0, 0.0, 0.0, 0.0, 0.0, 0.0, 0.0]",16679,147381,N3,dismiss,-0.3,ts,2329,1
"[0.25, -0.25, -0.316628701594533, -0.011428571428571429, 0.13636363636363635, 0.0, 0.0, 0.0, 1.0, 0.7065666744509789, 1.0, 0.0, 0.0, 0.0, 0.0, 0.0, 0.0, 0.0]",117111,117045,N3,accept,0.475,ts,1744,0
"[0.20000000000000007, -0.20000000000000007, 0.19092827004219395, -0.027932960893854747, -0.14285714285714285, 0.0, 0.0, 0.0, 1.0, 0.7139182293445189, 1.0, 0.0, 0.0, 0.0, 0.0, 0.0, 0.0, 0.0]",111011,31973,N3,dismiss,-0.3,ts,2090,1
"[0.20000000000000007, -0.20000000000000007, -0.20398009950248752, -0.04178272980501393, -0.08, 0.0, 0.0, 0.0, 1.0, 0.7216254216313975, 1.0, 0.0, 0.0, 0.0, 0.0, 0.0, 0.0, 0.0]",29710,31972,N3,accept,0.44000000000000006,ts,2549,1
"[0.7411764705882353, -0.7411764705882353, 0.14652567975830819, -0.4, -0.26666666666666666, 0.0, 0.0, 0.0, 1.0, 0.7557643682137816, 1.0, 0.0, 0.0, 0.0, 0.0, 0.0, 0.0, 0.0]",61306,85794,N3,dismiss,-0.3,ts,1724,1
"[0.20000000000000004, -0.20000000000000004, -0.05555555555555555, -0.75, -0.44000000000000006, 0.0, 0.0, 0.0, 1.0, 0.5974829772502733, 1.0, 0.0, 0.0, 0.0, 0.0, 0.0, 0.0, 0.0]",68609,18334,N3,accept,0.44,ts,1125,1
"[0.5833333333333333, -0.5833333333333333, -0.04175365344467641, -0.2, -0.06000000000000005, 0.0, 0.0, 0.0, 1.0, 0.8435393464277561, 1.0, 0.0, 0.0, 0.0, 0.0, 0.0, 0.0, 0.0]",141805,113027,N3,dismiss,-0.3,ts,1755,0
"[0.04545454545454549, -0.04545454545454549, -0.0646666666666667, -0.008264462809917356, -0.22727272727272727, 0.0, 0.0, 0.0, 1.0, 0.6855067967400382, 1.0, 0.0, 0.0, 0.0, 0.0, 0.0, 0.0, 0.0]",138639,127487,N3,dismiss,-0.3,ts,1538,0
"[0.25, -0.25, -0.316628701594533, -0.011428571428571429, 0.13636363636363635, 0.0, 0.0, 0.0, 1.0, 0.7065666744509789, 1.0, 0.0, 0.0, 0.0, 0.0, 0.0, 0.0, 0.0]",117111,117045,N3,dismiss,-0.3,ts,2541,0
"[0.047619047619047505, -0.047619047619047505, -0.6807017543859648, -0.14, -0.059999999999999984, 0.0, 0.0, 0.0, 1.0, 0.565492622937598, 1.0, 0.0, 0.0, 0.0, 0.0, 0.0, 0.0, 0.0]",111106,64006,N3,dismiss,-0.3,ts,1994,1
"[0.13333333333333344, -0.13333333333333344, -0.1, -0.75, -0.44000000000000006, 0.0, 0.0, 0.0, 1.0, 0.5587769414463242, 1.0, 0.0, 0.0, 0.0, 0.0, 0.0, 0.0, 0.0]",70105,79461,N3,accept,0.3933333333333334,ts,1965,0
"[0.375, -0.375, -0.4360603653693408, 0.0, 0.0, 0.0, 0.0, 0.0, 1.0, 0.7610702948879243, 1.0, 0.0, 0.0, 0.0, 0.0, 0.0, 0.0, 0.0]",127415,170956,N3,accept,0.5625,ts,429,0
"[0.24242424242424238, -0.24242424242424238, -0.12539184952978058, 0.0, 0.05999999999999996, 0.0, 0.0, 0.0, 1.0, 0.7757794539884737, 1.0, 0.0, 0.0, 0.0, 0.0, 0.0, 0.0, 0.0]",182863,19612,N3,dismiss,-0.3,ts,2742,1
"[0.10714285714285708, -0.10714285714285708, -0.09287598944591019, -0.24567474048442905, -0.2916666666666667, 0.0, 0.0, 0.0, 1.0, 0.6314073978828698, 1.0, 0.0, 0.0, 0.0, 0.0, 0.0, 0.0, 0.0]",105432,81396,N3,dismiss,-0.3,ts,2918,1
"[0.18181818181818185, -0.18181818181818185, -0.20333333333333334, 0.12037037037037036, 0.0, 0.0, 0.0, 0.0, 1.0, 0.7176202147917767, 1.0, 0.0, 0.0, 0.0, 0.0, 0.0, 0.0, 0.0]",56406,86760,N3,accept,0.42727272727272725,ts,2432,0
"[0.3, -0.3, -0.09090909090909091, 0.46, -0.08000000000000003, 0.0, 0.0, 0.0, 1.0, 0.709824759435147, 1.0, 0.0, 0.0, 0.0, 0.0, 0.0, 0.0, 0.0]",38740,41068,N3,dismiss,-0.3,ts,781,0
"[0.5, -0.5, -0.115987460815047, 0.4036697247706422, -0.5, 0.0, 0.0, 0.0, 1.0, 0.6894688375563818, 1.0, 0.0, 0.0, 0.0, 0.0, 0.0, 0.0, 0.0]",182863,120700,N3,dismiss,-0.3,ts,1559,1
"[0.6785714285714286, -0.6785714285714286, -0.06094182825484772, 0.10465116279069768, -0.20689655172413793, 0.0, 0.0, 0.0, 1.0, 0.8401414992281117, 1.0, 0.0, 0.0, 0.0, 0.0, 0.0, 0.0, 0.0]",123439,89765,N3,dismiss,-0.3,ts,714,0
"[0.25, -0.25, 0.0, 0.011695906432748537, 0.25, 0.0, 0.0, 0.0, 1.0, 0.7771008967590011, 1.0, 0.0, 0.0, 0.0, 0.0, 0.0, 0.0, 0.0]",43087,117045,N3,dismiss,-0.3,ts,2963,0
"[0.4444444444444445, -0.4444444444444445, 0.10401459854014582, -0.54, -0.6, 0.0, 0.0, 0.0, 1.0, 0.6542508615673612, 1.0, 0.0, 0.0, 0.0, 0.0, 0.0, 0.0, 0.0]",169353,132873,N3,dismiss,-0.3,ts,1661,0
"[0.2982456140350877, -0.2982456140350877, -0.11834319526627218, 0.05263157894736842, -0.84, 0.0, 0.0, 0.0, 1.0, 0.6757503539311007, 1.0, 0.0, 0.0, 0.0, 0.0, 0.0, 0.0, 0.0]",187197,179645,N3,dismiss,-0.3,ts,2397,0
"[0.6, -0.6, 0.2369212266987373, 0.1686746987951807, 0.3333333333333333, 0.0, 0.0, 0.0, 1.0, 0.7376570190607876, 1.0, 0.0, 0.0, 0.0, 0.0, 0.0, 0.0, 0.0]",52481,29663,N3,accept,0.72,ts,1252,1
"[0.6666666666666667, -0.6666666666666667, -0.6632478632478633, 0.1828793774319066, 0.2, 0.0, 0.0, 0.0, 1.0, 0.6980782022775677, 1.0, 0.0, 0.0, 0.0, 0.0, 0.0, 0.0, 0.0]",130292,141757,N3,dismiss,-0.3,ts,1591,1
"[0.25, -0.25, -0.24812030075187969, 0.01764705882352941, 0.13636363636363635, 0.0, 0.0, 0.0, 1.0, 0.7203456543782418, 1.0, 0.0, 0.0, 0.0, 0.0, 0.0, 0.0, 0.0]",117159,117045,N3,accept,0.475,ts,941,0
"[0.14285714285714288, -0.14285714285714288, 0.06235565819861427, -0.13793103448275862, -0.047619047619047616, 0.0, 0.0, 0.0, 1.0, 0.7295276906658968, 1.0, 0.0, 0.0, 0.0, 0.0, 0.0, 0.0, 0.0]",144702,71136,N3,dismiss,-0.3,ts,2863,0
"[0.7058823529411765, -0.7058823529411765, -0.2844364937388193, -0.15774647887323945, 0.058823529411764705, 0.0, 0.0, 0.0, 1.0, 0.8023017687760301, 1.0, 0.0, 0.0, 0.0, 0.0, 0.0, 0.0, 0.0]",88157,104684,N3,accept,0.7941176470588236,ts,1178,1
"[0.20000000000000004, -0.20000000000000004, -0.6972222222222223, -0.46153846153846156, -0.059999999999999984, 0.0, 0.0, 0.0, 1.0, 0.565054577528199, 1.0, 0.0, 0.0, 0.0, 0.0, 0.0, 0.0, 0.0]",51193,18528,N3,dismiss,-0.3,ts,1352,0
"[0.25, -0.25, -0.24812030075187969, 0.005813953488372093, 0.041666666666666664, 0.0, 0.0, 0.0, 1.0, 0.7476249554836153, 1.0, 0.0, 0.0, 0.0, 0.0, 0.0, 0.0, 0.0]",174772,117045,N3,dismiss,-0.3,ts,2728,0
"[0.1111111111111112, -0.1111111111111112, -0.09008189262966337, 0.15579710144927536, 0.4, 0.0, 0.0, 0.0, 1.0, 0.6355529250549651, 1.0, 0.0, 0.0, 0.0, 0.0, 0.0, 0.0, 0.0]",64516,63925,N3,dismiss,-0.3,ts,2239,0
"[0.64, -0.64, 0.15567282321899734, -0.5691489361702128, 0.4, 0.0, 0.0, 0.0, 1.0, 0.6980152721232434, 1.0, 0.0, 0.0, 0.0, 0.0, 0.0, 0.0, 0.0]",84106,19598,N3,accept,0.748,ts,1905,0
"[0.9271428571428572, -0.9271428571428572, 0.2222222222222222, 0.32, -0.039999999999999994, 0.0, 0.0, 0.0, 1.0, 0.8166293780580514, 1.0, 0.0, 0.0, 0.0, 0.0, 0.0, 0.0, 0.0]",18359,51575,N3,dismiss,-0.3,ts,2309,0
"[0.4545454545454546, -0.4545454545454546, -0.31499999999999995, 0.0028735632183908046, 0.6666666666666666, 0.0, 0.0, 0.0, 1.0, 0.6933733676729809, 1.0, 0.0, 0.0, 0.0, 0.0, 0.0, 0.0, 0.0]",32065,108839,N3,dismiss,-0.3,ts,1423,0
"[0.35483870967741926, -0.35483870967741926, -0.25974025974025977, 0.0, 0.0, 0.0, 0.0, 0.0, 1.0, 0.790742212554951, 1.0, 0.0, 0.0, 0.0, 0.0, 0.0, 0.0, 0.0]",63937,48997,N3,dismiss,-0.3,ts,1160,0
"[0.6136363636363636, -0.6136363636363636, -0.64, -0.6730769230769231, -0.1, 0.0, 0.0, 0.0, 1.0, 0.6489810560914657, 1.0, 0.0, 0.0, 0.0, 0.0, 0.0, 0.0, 0.0]",74187,66862,N3,accept,0.7295454545454545,ts,2998,1
"[0.7954545454545455, -0.7954545454545455, 0.12999999999999995, -0.06862745098039216, -0.08, 0.0, 0.0, 0.0, 1.0, 0.8706848509641303, 1.0, 0.0, 0.0, 0.0, 0.0, 0.0, 0.0, 0.0]",89764,89765,N3,dismiss,-0.3,ts,1854,1
"[0.5887096774193549, -0.5887096774193549, 0.07140307033202427, -0.22822822822822822, -0.40384615384615385, 0.0, 0.0, 0.0, 1.0, 0.7622837978085156, 1.0, 0.0, 0.0, 0.0, 0.0, 0.0, 0.0, 0.0]",89601,20089,N3,dismiss,-0.3,ts,2741,0
"[0.5714285714285715, -0.5714285714285715, 0.14285714285714285, 0.0, 0.0, 0.0, 0.0, 0.0, 1.0, 0.8739911261937419, 1.0, 0.0, 0.0, 0.0, 0.0, 0.0, 0.0, 0.0]",18468,60788,N3,dismiss,-0.3,ts,1432,1
"[0.20000000000000007, -0.20000000000000007, -0.00663349917081258, -0.002785515320334262, -0.44, 0.0, 0.0, 0.0, 1.0, 0.7315763827558615, 1.0, 0.0, 0.0, 0.0, 0.0, 0.0, 0.0, 0.0]",43347,135483,N3,dismiss,-0.3,ts,2672,1
"[0.2450980392156862, -0.2450980392156862, 0.11126564673157162, -0.22846441947565543, 0.8, 0.0, 0.0, 0.0, 1.0, 0.6233492555706219, 1.0, 0.0, 0.0, 0.0, 0.0, 0.0, 0.0, 0.0]",128242,138627,N3,accept,0.4715686274509803,ts,687,1
"[0.604, -0.604, -0.49629629629629635, -0.4588235294117647, -0.3684210526315789, 0.0, 0.0, 0.0, 1.0, 0.6356367491076025, 1.0, 0.0, 0.0, 0.0, 0.0, 0.0, 0.0, 0.0]",115396,108025,N3,dismiss,-0.3,ts,1250,0
