context,item_id,alternative_id,nudge_type,action,reward,algorithm,dwell_time_ms,is_exploration
"[0.15000000000000013, -0.15000000000000013, -0.2657894736842106, -0.2, 0.09999999999999995, 0.0, 0.0, 0.0, 1.0, 0.6462125021901608, 1.0, 0.0, 0.0, 0.0, 0.0, 0.0, 0.0, 0.0]",38124,88339,N1,accept,0.0,ts,2401,1
"[0.25999999999999995, -0.25999999999999995, 0.2005012531328321, 0.127208480565371, 0.4, 0.0, 0.0, 0.0, 1.0, 0.6604743435508937, 1.0, 0.0, 0.0, 0.0, 0.0, 0.0, 0.0, 0.0]",49000,63924,N2,dismiss,-0.024999999999999998,ts,1659,1
"[0.25, -0.25, -0.24812030075187969, 0.005813953488372093, 0.041666666666666664, 0.0, 0.0, 0.0, 1.0, 0.7476249554836153, 1.0, 0.0, 0.0, 0.0, 0.0, 0.0, 0.0, 0.0]",174773,117045,N3,dismiss,-0.049999999999999996,ts,722,1
"[0.11111111111111115, -0.11111111111111115, -0.19748953974895392, 0.4628099173553719, -0.25, 0.0, 0.0, 0.0, 1.0, 0.5764463855064232, 1.0, 0.0, 0.0, 0.0, 0.0, 0.0, 0.0, 0.0]",86760,185391,N4,dismiss,-0.075,ts,2581,1
"[0.4545454545454546, -0.4545454545454546, -0.4991652754590985, -0.030726256983240222, 1.0, 0.0, 0.0, 0.0, 1.0, 0.6149980633441622, 1.0, 0.0, 0.0, 0.0, 0.0, 0.0, 0.0, 0.0]",135483,107659,N5,dismiss,-0.09999999999999999,ts,2651,1
"[0.1111111111111112, -0.1111111111111112, -0.09008189262966337, 0.15579710144927536, 0.4, 0.0, 0.0, 0.0, 1.0, 0.6355529250549651, 1.0, 0.0, 0.0, 0.0, 0.0, 0.0, 0.0, 0.0]",64516,63925,N6,dismiss,-0.125,ts,2608,1
"[0.07692307692307684, -0.07692307692307684, 0.0, 0.12169312169312169, 0.0, 0.0, 0.0, 0.0, 1.0, 0.7463141143425299, 1.0, 0.0, 0.0, 0.0, 0.0, 0.0, 0.0, 0.0]",115242,55882,N4,dismiss,-0.15,ts,2614,1
"[0.3636363636363637, -0.3636363636363637, 0.0, 0.0, 0.0, 0.0, 0.0, 0.0, 1.0, 0.8742764353476687, 1.0, 0.0, 0.0, 0.0, 0.0, 0.0, 0.0, 0.0]",123548,123174,N3,dismiss,-0.17500000000000002,ts,1368,1
"[0.4117647058823529, -0.4117647058823529, 0.002506265664160437, -0.3325892857142857, -0.55, 0.0, 0.0, 0.0, 1.0, 0.7134298324693363, 1.0, 0.0, 0.0, 0.0, 0.0, 0.0, 0.0, 0.0]",86748,104684,N4,dismiss,-0.19999999999999998,ts,2042,1
"[0.8714285714285714, -0.8714285714285714, -0.15512820512820505, 0.16022099447513813, 0.7222222222222222, 0.0, 0.0, 0.0, 1.0, 0.7567952415809388, 1.0, 0.0, 0.0, 0.0, 0.0, 0.0, 0.0, 0.0]",146678,170138,N6,dismiss,-0.22499999999999998,ts,1999,1
"[0.2515151515151516, -0.2515151515151516, -0.18550000000000005, 0.5, 0.1, 0.0, 0.0, 0.0, 1.0, 0.6560844790808397, 1.0, 0.0, 0.0, 0.0, 0.0, 0.0, 0.0, 0.0]",80033,143094,N6,dismiss,-0.25,ts,2676,1
"[0.2000000000000001, -0.2000000000000001, -0.15304087736789634, 0.1346153846153846, 0.020000000000000018, 0.0, 0.0, 0.0, 1.0, 0.7288068930367897, 1.0, 0.0, 0.0, 0.0, 0.0, 0.0, 0.0, 0.0]",86978,87097,N2,accept,0.4033333333333334,ts,1615,1
"[0.25, -0.25, 0.0, 0.0, 0.0, 0.0, 0.0, 0.0, 1.0, 0.8395893495876965, 1.0, 0.0, 0.0, 0.0, 0.0, 0.0, 0.0, 0.0]",116977,117045,N6,dismiss,-0.3,ts,634,0
"[0.164, -0.164, -0.6836, -0.1, 0.088, 0.0, 0.0, 0.0, 1.0, 0.6098549356396384, 1.0, 0.0, 0.0, 0.0, 0.0, 0.0, 0.0, 0.0]",85224,134716,N6,dismiss,-0.3,ts,2575,0
"[0.20000000000000007, -0.20000000000000007, -0.20398009950248752, -0.019943019943019943, -0.14285714285714285, 0.0, 0.0, 0.0, 1.0, 0.7126856568680295, 1.0, 0.0, 0.0, 0.0, 0.0, 0.0, 0.0, 0.0]",15532,31975,N6,accept,0.44000000000000006,ts,678,1
"[0.1764705882352941, -0.1764705882352941, 0.0, 0.05045871559633028, 0.0, 0.0, 0.0, 0.0, 1.0, 0.8002741033846621, 1.0, 0.0, 0.0, 0.0, 0.0, 0.0, 0.0, 0.0]",173998,173997,N2,dismiss,-0.3,ts,2733,1
"[0.09090909090909098, -0.09090909090909098, -0.16701461377870563, -0.03409090909090909, -0.08333333333333333, 0.0, 0.0, 0.0, 1.0, 0.6941735848304603, 1.0, 0.0, 0.0, 0.0, 0.0, 0.0, 0.0, 0.0]",110877,117159,N4,dismiss,-0.3,ts,2117,1
"[0.076923076923077, -0.076923076923077, 0.0, 0.0, 0.0, 0.0, 0.0, 0.0, 1.0, 0.7787188164556538, 1.0, 0.0, 0.0, 0.0, 0.0, 0.0, 0.0, 0.0]",93861,174758,N6,dismiss,-0.3,ts,1468,0
"[0.2800000000000001, -0.2800000000000001, -0.06526468455402455, 0.0, 0.0, 0.0, 0.0, 0.0, 1.0, 0.824758751469044, 1.0, 0.0, 0.0, 0.0, 0.0, 0.0, 0.0, 0.0]",141766,90178,N1,accept,0.496,ts,2634,1
"[0.010909090909090839, -0.010909090909090839, -0.7835593220338983, -0.14285714285714285, -0.08333333333333333, 0.0, 0.0, 0.0, 1.0, 0.5355134964909132, 1.0, 0.0, 0.0, 0.0, 0.0, 0.0, 0.0, 0.0]",51122,115323,N3,dismiss,-0.3,ts,1006,1
"[0.09090909090909098, -0.09090909090909098, -0.3736951983298538, -0.017045454545454544, 0.041666666666666664, 0.0, 0.0, 0.0, 1.0, 0.6615805401157776, 1.0, 0.0, 0.0, 0.0, 0.0, 0.0, 0.0, 0.0]",110877,117053,N3,dismiss,-0.3,ts,1260,1
"[0.3888888888888889, -0.3888888888888889, -0.46507483962936563, 0.20416666666666666, 0.0235294117647058, 0.0, 0.0, 0.0, 1.0, 0.7029881973731301, 1.0, 0.0, 0.0, 0.0, 0.0, 0.0, 0.0, 0.0]",127487,114138,N1,accept,0.5722222222222222,ts,1848,1
"[0.5636363636363637, -0.5636363636363637, 0.0, 1.0, 1.0, 0.0, 0.0, 0.0, 1.0, 0.6293121712592902, 1.0, 0.0, 0.0, 0.0, 0.0, 0.0, 0.0, 0.0]",142264,107588,N1,accept,0.6945454545454546,ts,1369,1
"[0.375, -0.375, -0.36161335187760785, -0.2, -0.18, 0.0, 0.0, 0.0, 1.0, 0.679693785618543, 1.0, 0.0, 0.0, 0.0, 0.0, 0.0, 0.0, 0.0]",63907,113027,N5,dismiss,-0.3,ts,1416,1
"[0.11458333333333333, -0.11458333333333333, 0.0, -0.6041131105398457, -0.8083333333333332, 0.0, 0.0, 0.0, 1.0, 0.5671434991422036, 1.0, 0.0, 0.0, 0.0, 0.0, 0.0, 0.0, 0.0]",107588,142262,N2,dismiss,-0.3,ts,1377,0
"[0.2666666666666666, -0.2666666666666666, -0.23121387283236994, -0.08, -0.09090909090909091, 0.0, 0.0, 0.0, 1.0, 0.7238223282691232, 1.0, 0.0, 0.0, 0.0, 0.0, 0.0, 0.0, 0.0]",16722,48998,N2,dismiss,-0.3,ts,1449,1
"[0.5888888888888888, -0.5888888888888888, -0.20431893687707647, 1.0, 1.0, 0.0, 0.0, 0.0, 1.0, 0.560487403152656, 1.0, 0.0, 0.0, 0.0, 0.0, 0.0, 0.0, 0.0]",147349,63924,N4,dismiss,-0.3,ts,869,1
"[0.2000000000000001, -0.2000000000000001, -0.12343828085957033, 0.06790123456790123, -0.1, 0.0, 0.0, 0.0, 1.0, 0.7328374499356815, 1.0, 0.0, 0.0, 0.0, 0.0, 0.0, 0.0, 0.0]",146547,87098,N1,accept,0.44000000000000006,ts,1674,1
"[0.625, -0.625, -0.26509572901325484, -0.014492753623188406, 0.0, 0.0, 0.0, 0.0, 1.0, 0.846930918825258, 1.0, 0.0, 0.0, 0.0, 0.0, 0.0, 0.0, 0.0]",108507,81422,N1,accept,0.7375,ts,1677,1
"[0.5166666666666667, -0.5166666666666667, -0.332220367278798, -0.02158273381294964, 0.02500000000000006, 0.0, 0.0, 0.0, 1.0, 0.8017164592835999, 1.0, 0.0, 0.0, 0.0, 0.0, 0.0, 0.0, 0.0]",53365,40258,N3,dismiss,-0.3,ts,1212,1
"[0.5, -0.5, -0.5708955223880597, -0.23097826086956522, 0.6785714285714287, 0.0, 0.0, 0.0, 1.0, 0.605753314183908, 1.0, 0.0, 0.0, 0.0, 0.0, 0.0, 0.0, 0.0]",174790,185510,N1,accept,0.6499999999999999,ts,2064,1
"[0.25, -0.25, -0.24812030075187969, 0.005813953488372093, 0.041666666666666664, 0.0, 0.0, 0.0, 1.0, 0.7476249554836153, 1.0, 0.0, 0.0, 0.0, 0.0, 0.0, 0.0, 0.0]",174772,117045,N4,dismiss,-0.3,ts,2410,1
"[0.5170454545454546, -0.5170454545454546, -0.060150375939849676, -0.5497076023391813, -0.5818181818181819, 0.0, 0.0, 0.0, 1.0, 0.6866817609954394, 1.0, 0.0, 0.0, 0.0, 0.0, 0.0, 0.0, 0.0]",107170,142262,N1,accept,0.6619318181818181,ts,781,1
"[0.4444444444444445, -0.4444444444444445, 0.011142061281337007, -0.6607142857142857, -0.5599999999999999, 0.0, 0.0, 0.0, 1.0, 0.6802432652968127, 1.0, 0.0, 0.0, 0.0, 0.0, 0.0, 0.0, 0.0]",63093,132873,N1,accept,0.6111111111111112,ts,1396,1
"[0.9430803571428572, -0.9430803571428572, 0.2222222222222222, -0.9233333333333333, -0.7363636363636363, 0.0, 0.0, 0.0, 1.0, 0.6584131200916746, 1.0, 0.0, 0.0, 0.0, 0.0, 0.0, 0.0, 0.0]",51061,51572,N6,dismiss,-0.3,ts,2574,1
"[0.27536231884057966, -0.27536231884057966, -0.2837389380530973, -0.24, -0.019999999999999973, 0.0, 0.0, 0.0, 1.0, 0.6980900885686553, 1.0, 0.0, 0.0, 0.0, 0.0, 0.0, 0.0, 0.0]",79808,189203,N1,accept,0.49275362318840576,ts,1509,1
"[0.25, -0.25, -0.5940460081190798, -0.0546448087431694, 1.0, 0.0, 0.0, 0.0, 1.0, 0.5370968143236092, 1.0, 0.0, 0.0, 0.0, 0.0, 0.0, 0.0, 0.0]",189368,117045,N1,accept,0.475,ts,2322,0
"[0.19999999999999993, -0.19999999999999993, -0.3181818181818182, -0.8833333333333333, -0.7454545454545454, 0.0, 0.0, 0.0, 1.0, 0.4880812579943533, 1.0, 0.0, 0.0, 0.0, 0.0, 0.0, 0.0, 0.0]",41688,18330,N1,accept,0.43999999999999995,ts,1155,1
"[0.8530612244897959, -0.8530612244897959, -0.3026455026455026, 0.10526315789473684, 0.631578947368421, 0.0, 0.0, 0.0, 1.0, 0.7372147538127957, 1.0, 0.0, 0.0, 0.0, 0.0, 0.0, 0.0, 0.0]",180524,170138,N4,dismiss,-0.3,ts,2356,1
"[0.25, -0.25, -0.316628701594533, -0.011428571428571429, 0.13636363636363635, 0.0, 0.0, 0.0, 1.0, 0.7065666744509789, 1.0, 0.0, 0.0, 0.0, 0.0, 0.0, 0.0, 0.0]",117111,117045,N1,accept,0.475,ts,2041,0
"[0.10000000000000007, -0.10000000000000007, -0.17519908987485786, -0.01048951048951049, -0.14285714285714285, 0.0, 0.0, 0.0, 1.0, 0.6877102891525925, 1.0, 0.0, 0.0, 0.0, 0.0, 0.0, 0.0, 0.0]",115366,134111,N2,accept,0.37000000000000005,ts,2705,1
"[0.3636363636363637, -0.3636363636363637, 0.0, 0.0, 0.0, 0.0, 0.0, 0.0, 1.0, 0.8742764353476687, 1.0, 0.0, 0.0, 0.0, 0.0, 0.0, 0.0, 0.0]",123031,123174,N2,dismiss,-0.3,ts,885,1
"[0.11999999999999993, -0.11999999999999993, -0.3181818181818182, 0.1623931623931624, 0.7857142857142857, 0.0, 0.0, 0.0, 1.0, 0.5399273768495086, 1.0, 0.0, 0.0, 0.0, 0.0, 0.0, 0.0, 0.0]",151839,89764,N1,accept,0.38399999999999995,ts,2327,1
"[0.6818181818181818, -0.6818181818181818, -0.18181818181818182, 0.23076923076923078, 0.020000000000000018, 0.0, 0.0, 0.0, 1.0, 0.8204379392760206, 1.0, 0.0, 0.0, 0.0, 0.0, 0.0, 0.0, 0.0]",74187,30711,N1,accept,0.7772727272727271,ts,1539,1
"[0.8857142857142857, -0.8857142857142857, -0.7536231884057971, -0.072, -0.4, 0.0, 0.0, 0.0, 1.0, 0.7088112677497157, 1.0, 0.0, 0.0, 0.0, 0.0, 0.0, 0.0, 0.0]",71136,175100,N6,dismiss,-0.3,ts,2414,1
"[0.5, -0.5, -0.052770448548812667, -0.4148936170212766, 0.08000000000000007, 0.0, 0.0, 0.0, 1.0, 0.7819976516061806, 1.0, 0.0, 0.0, 0.0, 0.0, 0.0, 0.0, 0.0]",84106,84107,N1,accept,0.6499999999999999,ts,1825,1
"[0.55, -0.55, -0.18882352941176475, 0.0, 0.0, 0.0, 0.0, 0.0, 1.0, 0.8565400030934407, 1.0, 0.0, 0.0, 0.0, 0.0, 0.0, 0.0, 0.0]",37946,141749,N6,dismiss,-0.3,ts,1058,1
"[0.5588235294117647, -0.5588235294117647, -0.4132379248658319, 0.43661971830985913, 0.11764705882352941, 0.0, 0.0, 0.0, 1.0, 0.6899262877697232, 1.0, 0.0, 0.0, 0.0, 0.0, 0.0, 0.0, 0.0]",88157,155668,N1,accept,0.6911764705882353,ts,1580,0
"[0.6512820512820513, -0.6512820512820513, -0.34, -0.44, -0.039999999999999994, 0.0, 0.0, 0.0, 1.0, 0.7399409974278731, 1.0, 0.0, 0.0, 0.0, 0.0, 0.0, 0.0, 0.0]",135298,66862,N1,accept,0.7558974358974359,ts,2457,0
"[0.16666666666666666, -0.16666666666666666, -0.2028571428571429, -0.2534246575342466, 0.05999999999999996, 0.0, 0.0, 0.0, 1.0, 0.6679264251231176, 1.0, 0.0, 0.0, 0.0, 0.0, 0.0, 0.0, 0.0]",39888,19612,N1,accept,0.41666666666666663,ts,811,1
"[0.12499999999999988, -0.12499999999999988, 0.12079378774805867, -0.1569767441860465, 0.05, 0.0, 0.0, 0.0, 1.0, 0.698717867815697, 1.0, 0.0, 0.0, 0.0, 0.0, 0.0, 0.0, 0.0]",73628,144702,N1,accept,0.3874999999999999,ts,808,1
"[0.3636363636363637, -0.3636363636363637, -0.3333333333333333, 1.0, 1.0, 0.0, 0.0, 0.0, 1.0, 0.4884844967725112, 1.0, 0.0, 0.0, 0.0, 0.0, 0.0, 0.0, 0.0]",142264,123174,N1,accept,0.5545454545454546,ts,706,1
"[0.1666666666666667, -0.1666666666666667, 0.2, 0.0, 0.0, 0.0, 0.0, 0.0, 1.0, 0.7452936748080553, 1.0, 0.0, 0.0, 0.0, 0.0, 0.0, 0.0, 0.0]",18364,61090,N3,dismiss,-0.3,ts,2028,1
"[0.1842105263157895, -0.1842105263157895, 0.0, -0.0035335689045936395, -0.019999999999999928, 0.0, 0.0, 0.0, 1.0, 0.8104350430499354, 1.0, 0.0, 0.0, 0.0, 0.0, 0.0, 0.0, 0.0]",38840,91957,N1,accept,0.42894736842105263,ts,2585,0
"[0.2045454545454546, -0.2045454545454546, 0.07719799857040743, -0.0056657223796034, -0.06666666666666667, 0.0, 0.0, 0.0, 1.0, 0.7753573266178757, 1.0, 0.0, 0.0, 0.0, 0.0, 0.0, 0.0, 0.0]",88669,74278,N2,dismiss,-0.3,ts,1572,1
"[0.062499999999999965, -0.062499999999999965, 0.0, 0.07339449541284404, -0.038461538461538464, 0.0, 0.0, 0.0, 1.0, 0.7417846617265634, 1.0, 0.0, 0.0, 0.0, 0.0, 0.0, 0.0, 0.0]",169893,183357,N1,accept,0.34374999999999994,ts,2886,0
"[0.15999999999999998, -0.15999999999999998, 0.0, 0.0, 0.0, 0.0, 0.0, 0.0, 1.0, 0.8088739373846245, 1.0, 0.0, 0.0, 0.0, 0.0, 0.0, 0.0, 0.0]",16728,16731,N1,accept,0.412,ts,1178,1
"[0.3333333333333334, -0.3333333333333334, -0.37421777221526914, 0.2604166666666667, 0.10909090909090903, 0.0, 0.0, 0.0, 1.0, 0.6698512004658328, 1.0, 0.0, 0.0, 0.0, 0.0, 0.0, 0.0, 0.0]",139805,81542,N1,accept,0.5333333333333334,ts,2973,1
"[0.46153846153846156, -0.46153846153846156, -0.7518796992481204, -0.256, 0.33999999999999997, 0.0, 0.0, 0.0, 1.0, 0.6102111112024573, 1.0, 0.0, 0.0, 0.0, 0.0, 0.0, 0.0, 0.0]",110599,122732,N1,accept,0.6230769230769231,ts,1665,0
"[0.24242424242424238, -0.24242424242424238, -0.158311345646438, -0.08536585365853659, -0.21999999999999997, 0.0, 0.0, 0.0, 1.0, 0.7058869977996952, 1.0, 0.0, 0.0, 0.0, 0.0, 0.0, 0.0, 0.0]",110035,19597,N1,accept,0.4696969696969696,ts,2773,1
"[0.24999999999999997, -0.24999999999999997, -0.4117647058823529, 0.0, 0.0, 0.0, 0.0, 0.0, 1.0, 0.7273653355460075, 1.0, 0.0, 0.0, 0.0, 0.0, 0.0, 0.0, 0.0]",51607,174753,N1,accept,0.475,ts,932,0
"[0.7058823529411764, -0.7058823529411764, -0.17904328018223234, 0.6292134831460674, 0.06666666666666667, 0.0, 0.0, 0.0, 1.0, 0.7599968895638098, 1.0, 0.0, 0.0, 0.0, 0.0, 0.0, 0.0, 0.0]",39429,155692,N2,dismiss,-0.3,ts,2082,1
"[0.1111111111111112, -0.1111111111111112, -0.09008189262966337, 0.15579710144927536, 0.4, 0.0, 0.0, 0.0, 1.0, 0.6355529250549651, 1.0, 0.0, 0.0, 0.0, 0.0, 0.0, 0.0, 0.0]",64516,63925,N1,accept,0.3777777777777778,ts,610,0
"[0.575, -0.575, 0.2222222222222222, 0.1, 0.05999999999999996, 0.0, 0.0, 0.0, 1.0, 0.8084696299007248, 1.0, 0.0, 0.0, 0.0, 0.0, 0.0, 0.0, 0.0]",30621,87406,N1,accept,0.7024999999999999,ts,1840,1
"[0.64, -0.64, -0.0346408558329088, -0.05, -0.17272727272727276, 0.0, 0.0, 0.0, 1.0, 0.8645923634066793, 1.0, 0.0, 0.0, 0.0, 0.0, 0.0, 0.0, 0.0]",90181,49005,N1,accept,0.748,ts,1271,1
"[0.3000000000000001, -0.3000000000000001, -0.528957528957529, 0.0, 0.0, 0.0, 0.0, 0.0, 1.0, 0.7249105321469098, 1.0, 0.0, 0.0, 0.0, 0.0, 0.0, 0.0, 0.0]",85444,85446,N1,accept,0.51,ts,1318,0
"[0.7843137254901961, -0.7843137254901961, 0.05772136597159252, 0.376, -0.1, 0.0, 0.0, 0.0, 1.0, 0.8283012086055274, 1.0, 0.0, 0.0, 0.0, 0.0, 0.0, 0.0, 0.0]",104691,169335,N1,accept,0.8490196078431371,ts,1237,1
"[0.04761904761904766, -0.04761904761904766, -0.39722724532851117, 0.15162454873646208, 0.4, 0.0, 0.0, 0.0, 1.0, 0.5363539792335147, 1.0, 0.0, 0.0, 0.0, 0.0, 0.0, 0.0, 0.0]",16646,63925,N1,accept,0.33333333333333337,ts,962,0
"[0.34, -0.34, -0.14545454545454548, -0.5565217391304348, -0.33999999999999997, 0.0, 0.0, 0.0, 1.0, 0.6422791980497113, 1.0, 0.0, 0.0, 0.0, 0.0, 0.0, 0.0, 0.0]",19594,120700,N1,accept,0.538,ts,1743,1
"[0.82, -0.82, -0.3942101501072195, 0.08262108262108261, 0.0, 0.0, 0.0, 0.0, 1.0, 0.8287105512753344, 1.0, 0.0, 0.0, 0.0, 0.0, 0.0, 0.0, 0.0]",88671,89765,N1,accept,0.8739999999999999,ts,2163,1
"[0.01453488372093018, -0.01453488372093018, 0.07822736030828521, 0.008522727272727272, 0.24999999999999997, 0.0, 0.0, 0.0, 1.0, 0.6649282141640869, 1.0, 0.0, 0.0, 0.0, 0.0, 0.0, 0.0, 0.0]",54520,146721,N1,accept,0.3101744186046511,ts,2581,1
"[0.564516129032258, -0.564516129032258, -0.50017850767583, -0.057057057057057055, -0.46153846153846156, 0.0, 0.0, 0.0, 1.0, 0.6893123723116645, 1.0, 0.0, 0.0, 0.0, 0.0, 0.0, 0.0, 0.0]",89601,145523,N1,accept,0.6951612903225806,ts,2688,0
"[0.20000000000000007, -0.20000000000000007, -0.13397860417727964, 0.0, 0.0, 0.0, 0.0, 0.0, 1.0, 0.7758162558060495, 1.0, 0.0, 0.0, 0.0, 0.0, 0.0, 0.0, 0.0]",90181,115238,N1,accept,0.44000000000000006,ts,2610,0
"[0.3636363636363637, -0.3636363636363637, 0.146788990825688, 0.0110803324099723, 0.36363636363636365, 0.0, 0.0, 0.0, 1.0, 0.7425908749935993, 1.0, 0.0, 0.0, 0.0, 0.0, 0.0, 0.0, 0.0]",93938,123174,N1,accept,0.5545454545454546,ts,554,0
"[0.18367346938775517, -0.18367346938775517, 0.0693454309786131, 0.04938271604938271, -0.2, 0.0, 0.0, 0.0, 1.0, 0.7277268542406851, 1.0, 0.0, 0.0, 0.0, 0.0, 0.0, 0.0, 0.0]",135548,72620,N6,dismiss,-0.3,ts,1031,1
"[0.75, -0.75, -0.4118982742960945, 0.452991452991453, -0.7617647058823529, 0.0, 0.0, 0.0, 1.0, 0.6333906750037127, 1.0, 0.0, 0.0, 0.0, 0.0, 0.0, 0.0, 0.0]",146728,145532,N1,accept,0.825,ts,2192,0
"[0.25, -0.25, -0.5708154506437768, -0.008595988538681949, 1.0, 0.0, 0.0, 0.0, 1.0, 0.5525921765486778, 1.0, 0.0, 0.0, 0.0, 0.0, 0.0, 0.0, 0.0]",189369,117045,N2,dismiss,-0.3,ts,2238,1
"[0.616, -0.616, -0.3087719298245614, 0.0, 0.0, 0.0, 0.0, 0.0, 1.0, 0.839799520228539, 1.0, 0.0, 0.0, 0.0, 0.0, 0.0, 0.0, 0.0]",174763,141753,N1,accept,0.7312,ts,1667,1
"[0.4545454545454546, -0.4545454545454546, -0.6264009962640099, 0.08659217877094973, 1.0, 0.0, 0.0, 0.0, 1.0, 0.5821510349609894, 1.0, 0.0, 0.0, 0.0, 0.0, 0.0, 0.0, 0.0]",93936,107588,N3,dismiss,-0.3,ts,1881,1
"[0.030303030303030328, -0.030303030303030328, -0.3734335839598998, 0.06153846153846154, -0.14285714285714285, 0.0, 0.0, 0.0, 1.0, 0.6014765009872357, 1.0, 0.0, 0.0, 0.0, 0.0, 0.0, 0.0, 0.0]",90175,93854,N6,dismiss,-0.3,ts,2598,1
"[0.3, -0.3, -0.09090909090909091, 0.46, -0.08000000000000003, 0.0, 0.0, 0.0, 1.0, 0.709824759435147, 1.0, 0.0, 0.0, 0.0, 0.0, 0.0, 0.0, 0.0]",38740,41068,N5,dismiss,-0.3,ts,2209,1
"[0.09090909090909098, -0.09090909090909098, -0.4, 0.07716049382716049, 0.15, 0.0, 0.0, 0.0, 1.0, 0.6134192214101657, 1.0, 0.0, 0.0, 0.0, 0.0, 0.0, 0.0, 0.0]",162891,57106,N1,accept,0.36363636363636365,ts,2788,1
"[0.8214285714285715, -0.8214285714285715, -0.47950310559006215, 0.1254355400696864, -0.30909090909090914, 0.0, 0.0, 0.0, 1.0, 0.7350115717069697, 1.0, 0.0, 0.0, 0.0, 0.0, 0.0, 0.0, 0.0]",91072,57279,N2,dismiss,-0.3,ts,627,1
"[0.20754716981132082, -0.20754716981132082, 0.0, -0.07255520504731862, 0.0, 0.0, 0.0, 0.0, 1.0, 0.805148558684546, 1.0, 0.0, 0.0, 0.0, 0.0, 0.0, 0.0, 0.0]",91968,91970,N5,dismiss,-0.3,ts,2709,1
"[0.25, -0.25, -0.24812030075187969, 0.005813953488372093, 0.041666666666666664, 0.0, 0.0, 0.0, 1.0, 0.7476249554836153, 1.0, 0.0, 0.0, 0.0, 0.0, 0.0, 0.0, 0.0]",174772,117045,N1,accept,0.475,ts,1244,0
"[0.24242424242424238, -0.24242424242424238, -0.158311345646438, -0.4634146341463415, -0.15999999999999998, 0.0, 0.0, 0.0, 1.0, 0.6511177391618957, 1.0, 0.0, 0.0, 0.0, 0.0, 0.0, 0.0, 0.0]",110035,19600,N1,accept,0.4696969696969696,ts,2228,1
"[0.23076923076923073, -0.23076923076923073, -0.4578571428571428, -0.2409090909090909, 0.1111111111111111, 0.0, 0.0, 0.0, 1.0, 0.6260456862267325, 1.0, 0.0, 0.0, 0.0, 0.0, 0.0, 0.0, 0.0]",114738,81498,N2,dismiss,-0.3,ts,581,1
"[0.16666666666666666, -0.16666666666666666, 0.1429282868525897, -0.30793650793650795, -0.3076923076923077, 0.0, 0.0, 0.0, 1.0, 0.623594056950384, 1.0, 0.0, 0.0, 0.0, 0.0, 0.0, 0.0, 0.0]",170958,164354,N1,accept,0.41666666666666663,ts,2610,1
"[0.5636363636363637, -0.5636363636363637, -0.10601265822784818, 0.017595307917888565, 0.8333333333333334, 0.0, 0.0, 0.0, 1.0, 0.7571052284670172, 1.0, 0.0, 0.0, 0.0, 0.0, 0.0, 0.0, 0.0]",116193,108828,N1,accept,0.6945454545454546,ts,973,1
"[0.34, -0.34, -0.5151515151515151, -0.8434782608695652, -0.27999999999999997, 0.0, 0.0, 0.0, 1.0, 0.5523097120069848, 1.0, 0.0, 0.0, 0.0, 0.0, 0.0, 0.0, 0.0]",19594,93713,N6,dismiss,-0.3,ts,2759,1
"[0.25, -0.25, -0.5447647951441579, -0.011428571428571429, 0.10619469026548665, 0.0, 0.0, 0.0, 1.0, 0.6747720676390024, 1.0, 0.0, 0.0, 0.0, 0.0, 0.0, 0.0, 0.0]",16901,117045,N1,accept,0.475,ts,997,0
"[0.33333333333333337, -0.33333333333333337, -0.03710575139146568, 0.05263157894736842, 0.20879120879120883, 0.0, 0.0, 0.0, 1.0, 0.7850330737942559, 1.0, 0.0, 0.0, 0.0, 0.0, 0.0, 0.0, 0.0]",63943,49082,N2,dismiss,-0.3,ts,1203,1
"[0.02500000000000002, -0.02500000000000002, -0.33110367892976583, -0.14, -0.039999999999999994, 0.0, 0.0, 0.0, 1.0, 0.614347964489818, 1.0, 0.0, 0.0, 0.0, 0.0, 0.0, 0.0, 0.0]",54434,62540,N4,dismiss,-0.3,ts,1406,1
"[0.1666666666666667, -0.1666666666666667, -0.52, -0.9, -0.8363636363636363, 0.0, 0.0, 0.0, 1.0, 0.43487558982697444, 1.0, 0.0, 0.0, 0.0, 0.0, 0.0, 0.0, 0.0]",41388,61090,N2,dismiss,-0.3,ts,2401,1
"[0.3411764705882352, -0.3411764705882352, -0.18181818181818182, 0.46, -0.05999999999999996, 0.0, 0.0, 0.0, 1.0, 0.6996744652049984, 1.0, 0.0, 0.0, 0.0, 0.0, 0.0, 0.0, 0.0]",87406,30711,N2,dismiss,-0.3,ts,1842,1
"[0.19230769230769232, -0.19230769230769232, 0.0, 0.11363636363636363, 0.0, 0.0, 0.0, 0.0, 1.0, 0.7896850702294859, 1.0, 0.0, 0.0, 0.0, 0.0, 0.0, 0.0, 0.0]",114738,166142,N2,dismiss,-0.3,ts,2089,1
"[0.14, -0.14, -0.16016016016016016, 0.0, 0.0, 0.0, 0.0, 0.0, 1.0, 0.7469249197385348, 1.0, 0.0, 0.0, 0.0, 0.0, 0.0, 0.0, 0.0]",93922,79362,N6,accept,0.398,ts,1186,1
"[0.8530612244897959, -0.8530612244897959, -0.4003639672429481, 0.4482758620689655, 0.47619047619047616, 0.0, 0.0, 0.0, 1.0, 0.6729637351096623, 1.0, 0.0, 0.0, 0.0, 0.0, 0.0, 0.0, 0.0]",180522,170138,N1,accept,0.897142857142857,ts,1851,0
"[0.33888888888888896, -0.33888888888888896, 0.1111111111111111, 0.26, 0.12000000000000002, 0.0, 0.0, 0.0, 1.0, 0.7344811410346426, 1.0, 0.0, 0.0, 0.0, 0.0, 0.0, 0.0, 0.0]",63753,29449,N1,accept,0.5372222222222223,ts,2280,1
"[0.5636363636363637, -0.5636363636363637, 0.23253903040262944, 0.12753623188405797, 1.0, 0.0, 0.0, 0.0, 1.0, 0.6843183977363809, 1.0, 0.0, 0.0, 0.0, 0.0, 0.0, 0.0, 0.0]",123006,107588,N1,accept,0.6945454545454546,ts,529,0
"[0.55, -0.55, -0.008365019011406936, 0.005434782608695652, -0.38, 0.0, 0.0, 0.0, 1.0, 0.834655709896273, 1.0, 0.0, 0.0, 0.0, 0.0, 0.0, 0.0, 0.0]",85163,128279,N1,accept,0.685,ts,629,1
"[0.35714285714285715, -0.35714285714285715, -0.3704, 0.06989247311827956, -0.4411764705882353, 0.0, 0.0, 0.0, 1.0, 0.6602837202553663, 1.0, 0.0, 0.0, 0.0, 0.0, 0.0, 0.0, 0.0]",151762,130324,N2,accept,0.55,ts,2177,1
"[0.25, -0.25, 0.0, 0.07453416149068323, 0.13636363636363635, 0.0, 0.0, 0.0, 1.0, 0.7830109453831142, 1.0, 0.0, 0.0, 0.0, 0.0, 0.0, 0.0, 0.0]",43089,117045,N1,accept,0.475,ts,893,0
"[0.3333333333333333, -0.3333333333333333, -0.38748261474269824, -0.237012987012987, 0.0, 0.0, 0.0, 0.0, 1.0, 0.7010469119157227, 1.0, 0.0, 0.0, 0.0, 0.0, 0.0, 0.0, 0.0]",55377,156584,N2,accept,0.5333333333333333,ts,819,1
"[0.06666666666666672, -0.06666666666666672, 0.2002503128911139, 0.125, 0.09090909090909091, 0.0, 0.0, 0.0, 1.0, 0.6507969639330484, 1.0, 0.0, 0.0, 0.0, 0.0, 0.0, 0.0, 0.0]",139805,55915,N1,accept,0.3466666666666667,ts,1967,0
"[0.7549019607843137, -0.7549019607843137, -0.45333333333333337, 0.43258426966292135, 0.05555555555555555, 0.0, 0.0, 0.0, 1.0, 0.7311023827043741, 1.0, 0.0, 0.0, 0.0, 0.0, 0.0, 0.0, 0.0]",138518,155668,N1,accept,0.8284313725490196,ts,985,0
"[0.0624999999999999, -0.0624999999999999, -0.4134375, -0.25838926174496646, -0.29411764705882354, 0.0, 0.0, 0.0, 1.0, 0.5336136768150922, 1.0, 0.0, 0.0, 0.0, 0.0, 0.0, 0.0, 0.0]",104963,104466,N6,dismiss,-0.3,ts,1072,1
"[0.17090909090909095, -0.17090909090909095, -0.428377153218495, 0.0, 0.0, 0.0, 0.0, 0.0, 1.0, 0.6976303500772216, 1.0, 0.0, 0.0, 0.0, 0.0, 0.0, 0.0, 0.0]",16660,147348,N1,accept,0.41963636363636364,ts,2972,1
"[0.1250000000000001, -0.1250000000000001, 0.1772262773722628, 0.0625, -0.1, 0.0, 0.0, 0.0, 1.0, 0.6918289288008301, 1.0, 0.0, 0.0, 0.0, 0.0, 0.0, 0.0, 0.0]",141833,55348,N6,dismiss,-0.3,ts,1669,1
"[0.25, -0.25, -0.25925925925925924, 0.0778816199376947, 0.13636363636363635, 0.0, 0.0, 0.0, 1.0, 0.7012290684696982, 1.0, 0.0, 0.0, 0.0, 0.0, 0.0, 0.0, 0.0]",142493,117045,N1,accept,0.475,ts,2597,0
"[0.25, -0.25, -0.24812030075187969, 0.01764705882352941, 0.13636363636363635, 0.0, 0.0, 0.0, 1.0, 0.7203456543782418, 1.0, 0.0, 0.0, 0.0, 0.0, 0.0, 0.0, 0.0]",117159,117045,N1,accept,0.475,ts,1670,0
"[0.31428571428571433, -0.31428571428571433, -0.3087719298245614, 0.0, 0.0, 0.0, 0.0, 0.0, 1.0, 0.7676916784699398, 1.0, 0.0, 0.0, 0.0, 0.0, 0.0, 0.0, 0.0]",174761,141753,N1,accept,0.52,ts,637,0
"[0.5, -0.5, -0.10344827586206896, 0.0, 0.0, 0.0, 0.0, 0.0, 1.0, 0.8714079900606294, 1.0, 0.0, 0.0, 0.0, 0.0, 0.0, 0.0, 0.0]",70828,129946,N6,accept,0.6499999999999999,ts,2907,1
"[0.20000000000000007, -0.20000000000000007, -0.20318725099601595, -0.03064066852367688, -0.04, 0.0, 0.0, 0.0, 1.0, 0.7355915292888411, 1.0, 0.0, 0.0, 0.0, 0.0, 0.0, 0.0, 0.0]",30202,32065,N1,accept,0.44000000000000006,ts,1119,1
"[0.7954545454545455, -0.7954545454545455, -0.058333333333333376, 0.08571428571428572, 1.0, 0.0, 0.0, 0.0, 1.0, 0.7646405915394846, 1.0, 0.0, 0.0, 0.0, 0.0, 0.0, 0.0, 0.0]",30082,89765,N1,accept,0.8568181818181819,ts,825,0
"[0.7138047138047138, -0.7138047138047138, -0.5411887382690302, -0.1, 0.1, 0.0, 0.0, 0.0, 1.0, 0.7608089122431839, 1.0, 0.0, 0.0, 0.0, 0.0, 0.0, 0.0, 0.0]",141707,87406,N1,accept,0.7996632996632995,ts,1546,0
"[0.3333333333333333, -0.3333333333333333, -0.48406676783004554, -0.44761904761904764, -0.6129032258064516, 0.0, 0.0, 0.0, 1.0, 0.546792220645576, 1.0, 0.0, 0.0, 0.0, 0.0, 0.0, 0.0, 0.0]",170138,175100,N1,accept,0.5333333333333333,ts,2528,0
"[0.5636363636363637, -0.5636363636363637, 0.22448979591836735, 0.09577464788732394, 1.0, 0.0, 0.0, 0.0, 1.0, 0.6877911266249941, 1.0, 0.0, 0.0, 0.0, 0.0, 0.0, 0.0, 0.0]",123023,107588,N2,dismiss,-0.3,ts,2470,1
"[0.29795918367346946, -0.29795918367346946, -0.21701823382195212, 0.04938271604938271, -0.2, 0.0, 0.0, 0.0, 1.0, 0.7208638683692918, 1.0, 0.0, 0.0, 0.0, 0.0, 0.0, 0.0, 0.0]",135547,69993,N1,accept,0.5085714285714286,ts,1369,1
"[0.4545454545454546, -0.4545454545454546, -0.375, 0.11781609195402298, 1.0, 0.0, 0.0, 0.0, 1.0, 0.631459319493265, 1.0, 0.0, 0.0, 0.0, 0.0, 0.0, 0.0, 0.0]",31966,107588,N1,accept,0.6181818181818182,ts,2009,0
"[0.12499999999999988, -0.12499999999999988, 0.145985401459854, 0.19834710743801653, 0.05, 0.0, 0.0, 0.0, 1.0, 0.6822979276547984, 1.0, 0.0, 0.0, 0.0, 0.0, 0.0, 0.0, 0.0]",56538,180522,N1,accept,0.3874999999999999,ts,2540,0
"[0.19709090909090918, -0.19709090909090918, -0.07324621733149929, 0.0, 0.0, 0.0, 0.0, 0.0, 1.0, 0.7945750109053056, 1.0, 0.0, 0.0, 0.0, 0.0, 0.0, 0.0, 0.0]",85069,63876,N1,accept,0.43796363636363644,ts,2745,0
"[0.375, -0.375, -0.19485714285714287, -0.7743732590529248, 0.5399999999999999, 0.0, 0.0, 0.0, 1.0, 0.5957240201168404, 1.0, 0.0, 0.0, 0.0, 0.0, 0.0, 0.0, 0.0]",85164,154734,N1,accept,0.5625,ts,1624,0
"[0.18749999999999997, -0.18749999999999997, 0.1864406779661017, 0.7322834645669292, -0.1, 0.0, 0.0, 0.0, 1.0, 0.6137511118933905, 1.0, 0.0, 0.0, 0.0, 0.0, 0.0, 0.0, 0.0]",92706,114738,N2,dismiss,-0.3,ts,2940,1
"[0.8530612244897959, -0.8530612244897959, -0.4171011470281544, -0.6171428571428571, -0.5647058823529412, 0.0, 0.0, 0.0, 1.0, 0.6430780631512216, 1.0, 0.0, 0.0, 0.0, 0.0, 0.0, 0.0, 0.0]",78003,54927,N1,accept,0.897142857142857,ts,1108,1
"[0.39692982456140347, -0.39692982456140347, 0.15305313243457572, 0.0, 0.0, 0.0, 0.0, 0.0, 1.0, 0.8307027899342155, 1.0, 0.0, 0.0, 0.0, 0.0, 0.0, 0.0, 0.0]",147348,85069,N2,dismiss,-0.3,ts,1189,1
"[0.296, -0.296, -0.20273348519362183, -0.04285714285714286, -0.25, 0.0, 0.0, 0.0, 1.0, 0.7162297849599851, 1.0, 0.0, 0.0, 0.0, 0.0, 0.0, 0.0, 0.0]",128254,92135,N6,dismiss,-0.3,ts,813,1
"[0.25, -0.25, 0.0, 0.07453416149068323, 0.13636363636363635, 0.0, 0.0, 0.0, 1.0, 0.7830109453831142, 1.0, 0.0, 0.0, 0.0, 0.0, 0.0, 0.0, 0.0]",43090,117045,N6,dismiss,-0.3,ts,1481,1
"[0.11764705882352938, -0.11764705882352938, -0.17794486215538852, 0.13839285714285715, -0.525, 0.0, 0.0, 0.0, 1.0, 0.5999984916915886, 1.0, 0.0, 0.0, 0.0, 0.0, 0.0, 0.0, 0.0]",86748,155668,N1,accept,0.38235294117647056,ts,2743,0
"[0.14285714285714285, -0.14285714285714285, -0.13156752062527144, -0.05190311418685121, 0.36363636363636365, 0.0, 0.0, 0.0, 1.0, 0.6641876162143715, 1.0, 0.0, 0.0, 0.0, 0.0, 0.0, 0.0, 0.0]",110153,115289,N1,accept,0.39999999999999997,ts,1105,0
"[0.6363636363636364, -0.6363636363636364, -0.2700729927007299, 0.0, 0.0, 0.0, 0.0, 0.0, 1.0, 0.8519911280552436, 1.0, 0.0, 0.0, 0.0, 0.0, 0.0, 0.0, 0.0]",141743,51605,N1,accept,0.7454545454545454,ts,2932,0
"[0.36974789915966383, -0.36974789915966383, -0.43350604490500866, 0.9465648854961832, -0.24, 0.0, 0.0, 0.0, 1.0, 0.5754425533021172, 1.0, 0.0, 0.0, 0.0, 0.0, 0.0, 0.0, 0.0]",61358,155668,N1,accept,0.5588235294117647,ts,558,0
"[0.7411764705882353, -0.7411764705882353, -0.05685714285714291, 1.0, 0.09523809523809523, 0.0, 0.0, 0.0, 1.0, 0.7708207037997927, 1.0, 0.0, 0.0, 0.0, 0.0, 0.0, 0.0, 0.0]",104680,86743,N1,accept,0.8188235294117647,ts,2251,0
"[0.08333333333333323, -0.08333333333333323, -0.2317559863169897, 0.0, 0.0, 0.0, 0.0, 0.0, 1.0, 0.7069023470783287, 1.0, 0.0, 0.0, 0.0, 0.0, 0.0, 0.0, 0.0]",147381,152267,N1,accept,0.3583333333333332,ts,2760,1
"[0.1111111111111111, -0.1111111111111111, -0.2028985507246377, -0.5, 0.25, 0.0, 0.0, 0.0, 1.0, 0.570735693265446, 1.0, 0.0, 0.0, 0.0, 0.0, 0.0, 0.0, 0.0]",87177,123778,N1,accept,0.37777777777777777,ts,760,1
"[0.13333333333333344, -0.13333333333333344, -0.1, -0.75, -0.44000000000000006, 0.0, 0.0, 0.0, 1.0, 0.5587769414463242, 1.0, 0.0, 0.0, 0.0, 0.0, 0.0, 0.0, 0.0]",70105,79461,N1,accept,0.3933333333333334,ts,2994,0
"[0.75, -0.75, 0.07799999999999997, -0.11666666666666667, -0.18181818181818182, 0.0, 0.0, 0.0, 1.0, 0.8464921298349981, 1.0, 0.0, 0.0, 0.0, 0.0, 0.0, 0.0, 0.0]",69947,63919,N6,dismiss,-0.3,ts,1970,1
"[0.44897959183673464, -0.44897959183673464, -0.6495619524405507, -0.04559270516717325, -0.44, 0.0, 0.0, 0.0, 1.0, 0.6505131879988334, 1.0, 0.0, 0.0, 0.0, 0.0, 0.0, 0.0, 0.0]",158420,145523,N1,accept,0.6142857142857142,ts,1928,0
"[0.583011583011583, -0.583011583011583, -0.6460176991150443, -0.057057057057057055, -0.4166666666666667, 0.0, 0.0, 0.0, 1.0, 0.6798708732176819, 1.0, 0.0, 0.0, 0.0, 0.0, 0.0, 0.0, 0.0]",20071,145523,N1,accept,0.708108108108108,ts,2123,0
"[0.13333333333333333, -0.13333333333333333, 0.0, 0.0, 0.0, 0.0, 0.0, 0.0, 1.0, 0.799343830056226, 1.0, 0.0, 0.0, 0.0, 0.0, 0.0, 0.0, 0.0]",93851,93856,N1,accept,0.3933333333333333,ts,1505,0
"[0.06666666666666672, -0.06666666666666672, 0.0, 0.13541666666666666, 0.09090909090909091, 0.0, 0.0, 0.0, 1.0, 0.7143914778295586, 1.0, 0.0, 0.0, 0.0, 0.0, 0.0, 0.0, 0.0]",139805,115245,N1,accept,0.3466666666666667,ts,2115,1
"[0.9137254901960783, -0.9137254901960783, -0.08178025034770528, 0.02247191011235955, 0.5333333333333333, 0.0, 0.0, 0.0, 1.0, 0.8345603175024708, 1.0, 0.0, 0.0, 0.0, 0.0, 0.0, 0.0, 0.0]",128242,86743,N1,accept,0.9396078431372548,ts,2495,0
"[0.16666666666666666, -0.16666666666666666, 0.21539500337609718, -0.19122257053291536, -0.608, 0.0, 0.0, 0.0, 1.0, 0.5880194588419783, 1.0, 0.0, 0.0, 0.0, 0.0, 0.0, 0.0, 0.0]",128276,145578,N1,accept,0.41666666666666663,ts,2438,1
"[0.375, -0.375, -0.583729662077597, 0.4067796610169492, 0.9148936170212765, 0.0, 0.0, 0.0, 1.0, 0.5302475690009237, 1.0, 0.0, 0.0, 0.0, 0.0, 0.0, 0.0, 0.0]",158428,52481,N6,dismiss,-0.3,ts,2542,1
"[0.25, -0.25, -0.46332737030411447, -0.10824742268041238, 0.19047619047619047, 0.0, 0.0, 0.0, 1.0, 0.6420465769124615, 1.0, 0.0, 0.0, 0.0, 0.0, 0.0, 0.0, 0.0]",16906,117045,N6,accept,0.475,ts,1854,1
"[0.3333333333333333, -0.3333333333333333, 0.14285714285714285, 0.02, -0.16, 0.0, 0.0, 0.0, 1.0, 0.7688655193639619, 1.0, 0.0, 0.0, 0.0, 0.0, 0.0, 0.0, 0.0]",51616,40998,N1,accept,0.5333333333333333,ts,835,1
"[0.56, -0.56, 0.047120418848167464, 0.36086956521739133, -0.4, 0.0, 0.0, 0.0, 1.0, 0.7437502917188107, 1.0, 0.0, 0.0, 0.0, 0.0, 0.0, 0.0, 0.0]",146668,169349,N1,accept,0.692,ts,2416,0
"[0.294478527607362, -0.294478527607362, 0.22798887859128833, -0.025, -0.11392405063291143, 0.0, 0.0, 0.0, 1.0, 0.7426536066065215, 1.0, 0.0, 0.0, 0.0, 0.0, 0.0, 0.0, 0.0]",15663,39517,N1,accept,0.5061349693251533,ts,1168,1
"[0.25, -0.25, 0.22714285714285723, 0.052434456928838954, -0.06666666666666667, 0.0, 0.0, 0.0, 1.0, 0.7329119913938553, 1.0, 0.0, 0.0, 0.0, 0.0, 0.0, 0.0, 0.0]",57653,21089,N1,accept,0.475,ts,1283,0
"[0.3333333333333333, -0.3333333333333333, 0.11098779134295228, -0.07126436781609195, 0.25, 0.0, 0.0, 0.0, 1.0, 0.7467702677471373, 1.0, 0.0, 0.0, 0.0, 0.0, 0.0, 0.0, 0.0]",155692,170191,N1,accept,0.5333333333333333,ts,1784,1
"[0.6818181818181818, -0.6818181818181818, 0.2222222222222222, -0.15151515151515152, 0.040000000000000036, 0.0, 0.0, 0.0, 1.0, 0.8202337966156944, 1.0, 0.0, 0.0, 0.0, 0.0, 0.0, 0.0, 0.0]",30710,74186,N1,accept,0.7772727272727271,ts,2661,1
"[0.3142857142857143, -0.3142857142857143, -0.502322495023225, -0.005698005698005698, 0.42857142857142855, 0.0, 0.0, 0.0, 1.0, 0.6450293626561832, 1.0, 0.0, 0.0, 0.0, 0.0, 0.0, 0.0, 0.0]",74278,107563,N1,accept,0.52,ts,1323,1
"[0.4509803921568627, -0.4509803921568627, 0.0, 1.0, 1.0, 0.0, 0.0, 0.0, 1.0, 0.6002828069856174, 1.0, 0.0, 0.0, 0.0, 0.0, 0.0, 0.0, 0.0]",50997,41373,N1,accept,0.6156862745098038,ts,2810,1
"[0.19999999999999993, -0.19999999999999993, -0.5544262295081968, -0.04986149584487535, -0.25555555555555554, 0.0, 0.0, 0.0, 1.0, 0.614553150067484, 1.0, 0.0, 0.0, 0.0, 0.0, 0.0, 0.0, 0.0]",15685,185707,N3,dismiss,-0.3,ts,1192,1
"[0.4583333333333333, -0.4583333333333333, -0.327319587628866, 0.22, 0.24000000000000005, 0.0, 0.0, 0.0, 1.0, 0.692442265593947, 1.0, 0.0, 0.0, 0.0, 0.0, 0.0, 0.0, 0.0]",151790,123325,N1,accept,0.6208333333333333,ts,2504,0
"[0.9485714285714285, -0.9485714285714285, 0.2222222222222222, 1.0, 0.44000000000000006, 0.0, 0.0, 0.0, 1.0, 0.6671004355547396, 1.0, 0.0, 0.0, 0.0, 0.0, 0.0, 0.0, 0.0]",18359,50956,N1,accept,0.964,ts,932,0
"[0.2, -0.2, -0.3347401155042204, -0.5778546712802768, 0.46153846153846156, 0.0, 0.0, 0.0, 1.0, 0.5320424033910545, 1.0, 0.0, 0.0, 0.0, 0.0, 0.0, 0.0, 0.0]",179677,185524,N1,accept,0.43999999999999995,ts,802,1
"[0.10714285714285708, -0.10714285714285708, -0.025063721325403562, -0.3492537313432836, -0.28, 0.0, 0.0, 0.0, 1.0, 0.6403382381964977, 1.0, 0.0, 0.0, 0.0, 0.0, 0.0, 0.0, 0.0]",87090,164355,N6,dismiss,-0.3,ts,1862,1
"[0.4545454545454546, -0.4545454545454546, -0.29375, -0.0028735632183908046, 0.8333333333333334, 0.0, 0.0, 0.0, 1.0, 0.6867897445125909, 1.0, 0.0, 0.0, 0.0, 0.0, 0.0, 0.0, 0.0]",32065,108828,N1,accept,0.6181818181818182,ts,2390,1
"[0.4485294117647059, -0.4485294117647059, 0.09333333333333324, -0.0843806104129264, -0.2692307692307692, 0.0, 0.0, 0.0, 1.0, 0.776901172593482, 1.0, 0.0, 0.0, 0.0, 0.0, 0.0, 0.0, 0.0]",29970,155668,N6,dismiss,-0.3,ts,1024,1
"[0.5, -0.5, 0.07799999999999997, -0.18333333333333332, 1.0, 0.0, 0.0, 0.0, 1.0, 0.7007805972815504, 1.0, 0.0, 0.0, 0.0, 0.0, 0.0, 0.0, 0.0]",69946,63873,N1,accept,0.6499999999999999,ts,1090,1
"[0.16666666666666666, -0.16666666666666666, -0.40703690927906166, -0.4076086956521739, -0.48484848484848486, 0.0, 0.0, 0.0, 1.0, 0.5231007180767528, 1.0, 0.0, 0.0, 0.0, 0.0, 0.0, 0.0, 0.0]",71447,81396,N1,accept,0.41666666666666663,ts,1533,1
"[0.5636363636363637, -0.5636363636363637, 0.0, 1.0, 1.0, 0.0, 0.0, 0.0, 1.0, 0.6293121712592902, 1.0, 0.0, 0.0, 0.0, 0.0, 0.0, 0.0, 0.0]",142264,107588,N6,dismiss,-0.3,ts,2797,1
"[0.648, -0.648, 0.12880765883376852, 0.20863309352517986, 1.0, 0.0, 0.0, 0.0, 1.0, 0.693548136379965, 1.0, 0.0, 0.0, 0.0, 0.0, 0.0, 0.0, 0.0]",185576,107458,N1,accept,0.7536,ts,2027,1
"[0.2, -0.07, -0.29684601113172543, 0.0, 0.0, 0.0, 0.0, 0.0, 1.0, 0.6866108486748183, 1.0, 0.0, 0.0, 0.0, 0.0, 0.0, 0.0, 0.0]",63919,48992,N6,dismiss,-0.3,ts,2683,1
"[0.24999999999999997, -0.24999999999999997, 0.1, 0.0, 0.0, 0.0, 0.0, 0.0, 1.0, 0.8033355002032929, 1.0, 0.0, 0.0, 0.0, 0.0, 0.0, 0.0, 0.0]",51138,18239,N6,dismiss,-0.3,ts,2381,1
"[0.09090909090909098, -0.09090909090909098, -0.5940460081190798, 0.01466275659824047, 0.041666666666666664, 0.0, 0.0, 0.0, 1.0, 0.6285133234996664, 1.0, 0.0, 0.0, 0.0, 0.0, 0.0, 0.0, 0.0]",30023,117053,N1,accept,0.36363636363636365,ts,2766,1
"[0.16666666666666666, -0.16666666666666666, 0.039583333333333304, -0.1484375, 0.375, 0.0, 0.0, 0.0, 1.0, 0.6783323694372307, 1.0, 0.0, 0.0, 0.0, 0.0, 0.0, 0.0, 0.0]",75984,185374,N1,accept,0.41666666666666663,ts,1062,1
"[0.3636363636363637, -0.3636363636363637, 0.0, 0.061046511627906974, 0.0, 0.0, 0.0, 0.0, 1.0, 0.8570363402900383, 1.0, 0.0, 0.0, 0.0, 0.0, 0.0, 0.0, 0.0]",123210,123174,N1,accept,0.5545454545454546,ts,2651,0
"[0.5599999999999999, -0.5599999999999999, 0.16440314510364537, 0.34050179211469533, 0.6494845360824744, 0.0, 0.0, 0.0, 1.0, 0.682247008952763, 1.0, 0.0, 0.0, 0.0, 0.0, 0.0, 0.0, 0.0]",185581,162740,N6,dismiss,-0.3,ts,1196,1
"[0.25000000000000006, -0.25000000000000006, 0.1111111111111111, 0.0, 0.0, 0.0, 0.0, 0.0, 1.0, 0.7997368301710582, 1.0, 0.0, 0.0, 0.0, 0.0, 0.0, 0.0, 0.0]",62598,18364,N1,accept,0.475,ts,2754,1
"[0.11999999999999993, -0.11999999999999993, -0.18181818181818182, -0.002849002849002849, -0.4642857142857143, 0.0, 0.0, 0.0, 1.0, 0.6419643964802242, 1.0, 0.0, 0.0, 0.0, 0.0, 0.0, 0.0, 0.0]",151839,30105,N6,dismiss,-0.3,ts,836,1
"[0.3636363636363637, -0.3636363636363637, 0.2033333333333334, -0.1568627450980392, 0.16, 0.0, 0.0, 0.0, 1.0, 0.7259799511934714, 1.0, 0.0, 0.0, 0.0, 0.0, 0.0, 0.0, 0.0]",89764,123439,N1,accept,0.5545454545454546,ts,1605,1
"[0.19999999999999996, -0.19999999999999996, -0.20040080160320642, 0.0, 0.0, 0.0, 0.0, 0.0, 1.0, 0.7567847392414749, 1.0, 0.0, 0.0, 0.0, 0.0, 0.0, 0.0, 0.0]",130669,30619,N6,dismiss,-0.3,ts,1455,1
"[0.09090909090909098, -0.09090909090909098, -0.3736951983298538, -0.017045454545454544, 0.041666666666666664, 0.0, 0.0, 0.0, 1.0, 0.6615805401157776, 1.0, 0.0, 0.0, 0.0, 0.0, 0.0, 0.0, 0.0]",110877,116977,N3,dismiss,-0.3,ts,2568,1
"[0.5, -0.5, -0.4172461752433937, -0.04154302670623145, -0.18000000000000008, 0.0, 0.0, 0.0, 1.0, 0.7382984384017444, 1.0, 0.0, 0.0, 0.0, 0.0, 0.0, 0.0, 0.0]",87402,57279,N1,accept,0.6499999999999999,ts,2011,1
"[0.20000000000000007, -0.20000000000000007, -0.4595833333333333, -0.0918918918918919, 1.0, 0.0, 0.0, 0.0, 1.0, 0.5404319134665907, 1.0, 0.0, 0.0, 0.0, 0.0, 0.0, 0.0, 0.0]",107308,107458,N6,dismiss,-0.3,ts,1841,1
"[0.7058823529411764, -0.7058823529411764, 0.09698996655518391, 1.0, 0.11764705882352941, 0.0, 0.0, 0.0, 1.0, 0.730823395382631, 1.0, 0.0, 0.0, 0.0, 0.0, 0.0, 0.0, 0.0]",89664,155668,N1,accept,0.7941176470588234,ts,1529,1
"[0.25000000000000006, -0.25000000000000006, 0.17647058823529413, -0.1, 0.019999999999999973, 0.0, 0.0, 0.0, 1.0, 0.7470410829548414, 1.0, 0.0, 0.0, 0.0, 0.0, 0.0, 0.0, 0.0]",18279,37985,N1,accept,0.475,ts,1985,1
"[0.11458333333333333, -0.11458333333333333, -0.11504424778761058, -0.5561959654178674, -0.7909090909090909, 0.0, 0.0, 0.0, 1.0, 0.5315991195502442, 1.0, 0.0, 0.0, 0.0, 0.0, 0.0, 0.0, 0.0]",108828,142262,N6,dismiss,-0.3,ts,1547,0
"[0.05737704918032792, -0.05737704918032792, -0.4473409801876955, 0.011527377521613832, -0.19540229885057464, 0.0, 0.0, 0.0, 1.0, 0.6012691354747454, 1.0, 0.0, 0.0, 0.0, 0.0, 0.0, 0.0, 0.0]",54573,39517,N1,accept,0.34016393442622955,ts,1681,1
"[0.2045454545454546, -0.2045454545454546, -0.24931506849315063, -0.019553072625698324, 1.0, 0.0, 0.0, 0.0, 1.0, 0.605028229497204, 1.0, 0.0, 0.0, 0.0, 0.0, 0.0, 0.0, 0.0]",93935,74278,N1,accept,0.44318181818181823,ts,557,1
"[0.04494382022471914, -0.04494382022471914, -0.2535714285714286, -0.08064516129032258, 0.0, 0.0, 0.0, 0.0, 1.0, 0.6649279362905083, 1.0, 0.0, 0.0, 0.0, 0.0, 0.0, 0.0, 0.0]",79360,18005,N6,dismiss,-0.3,ts,573,0
"[0.46153846153846156, -0.46153846153846156, -0.7518796992481204, -0.03125, 0.11999999999999993, 0.0, 0.0, 0.0, 1.0, 0.7032303327527926, 1.0, 0.0, 0.0, 0.0, 0.0, 0.0, 0.0, 0.0]",175226,122732,N6,dismiss,-0.3,ts,2020,1
"[0.46153846153846156, -0.46153846153846156, -0.7518796992481204, -0.256, 0.33999999999999997, 0.0, 0.0, 0.0, 1.0, 0.6102111112024573, 1.0, 0.0, 0.0, 0.0, 0.0, 0.0, 0.0, 0.0]",110599,122732,N3,dismiss,-0.3,ts,2514,1
"[0.023255813953488292, -0.023255813953488292, 0.1956001912960306, 0.16556291390728478, -0.014285714285714235, 0.0, 0.0, 0.0, 1.0, 0.6474584734267568, 1.0, 0.0, 0.0, 0.0, 0.0, 0.0, 0.0, 0.0]",115226,15171,N6,accept,0.3162790697674418,ts,2200,0
"[0.52, -0.52, -0.16666666666666666, -0.07180851063829788, 0.42857142857142855, 0.0, 0.0, 0.0, 1.0, 0.7500717796797064, 1.0, 0.0, 0.0, 0.0, 0.0, 0.0, 0.0, 0.0]",151841,107563,N2,dismiss,-0.3,ts,2062,1
"[0.18831168831168835, -0.18831168831168835, 0.20250120250120254, 0.1111111111111111, -0.07999999999999999, 0.0, 0.0, 0.0, 1.0, 0.7001240443089605, 1.0, 0.0, 0.0, 0.0, 0.0, 0.0, 0.0, 0.0]",128341,85224,N6,dismiss,-0.3,ts,2842,1
"[0.8571428571428572, -0.8571428571428572, 0.05800000000000001, 0.054901960784313725, 0.0, 0.0, 0.0, 0.0, 1.0, 0.9269965060246893, 1.0, 0.0, 0.0, 0.0, 0.0, 0.0, 0.0, 0.0]",116982,117003,N6,accept,0.8999999999999999,ts,969,1
"[0.28476821192052976, -0.28476821192052976, 0.0, -0.021806853582554516, -0.4166666666666667, 0.0, 0.0, 0.0, 1.0, 0.7595229641394782, 1.0, 0.0, 0.0, 0.0, 0.0, 0.0, 0.0, 0.0]",103704,145523,N6,dismiss,-0.3,ts,1011,1
"[0.28571428571428564, -0.28571428571428564, 0.10016694490818043, -0.051490514905149054, -0.18115942028985507, 0.0, 0.0, 0.0, 1.0, 0.7544538446072436, 1.0, 0.0, 0.0, 0.0, 0.0, 0.0, 0.0, 0.0]",76847,16901,N6,accept,0.4999999999999999,ts,1696,1
"[0.1250000000000001, -0.1250000000000001, 0.1772262773722628, 0.0, 0.0, 0.0, 0.0, 0.0, 1.0, 0.7366447804514437, 1.0, 0.0, 0.0, 0.0, 0.0, 0.0, 0.0, 0.0]",29519,55348,N6,dismiss,-0.3,ts,2180,1
"[0.16666666666666663, -0.16666666666666663, -0.14808510638297875, -0.0546448087431694, -0.020000000000000018, 0.0, 0.0, 0.0, 1.0, 0.7385508607535283, 1.0, 0.0, 0.0, 0.0, 0.0, 0.0, 0.0, 0.0]",83437,87100,N3,dismiss,-0.3,ts,2321,1
"[0.14285714285714285, -0.14285714285714285, -0.22002781641168298, -0.12468193384223919, -0.2, 0.0, 0.0, 0.0, 1.0, 0.6490088231727124, 1.0, 0.0, 0.0, 0.0, 0.0, 0.0, 0.0, 0.0]",110096,116466,N3,dismiss,-0.3,ts,2847,1
"[0.18749999999999997, -0.18749999999999997, -0.3652501344809037, -0.02857142857142857, 0.043478260869565216, 0.0, 0.0, 0.0, 1.0, 0.6940254038479327, 1.0, 0.0, 0.0, 0.0, 0.0, 0.0, 0.0, 0.0]",84737,92709,N6,dismiss,-0.3,ts,2746,1
"[0.09090909090909098, -0.09090909090909098, -0.21739130434782608, 0.07428571428571429, 0.16666666666666666, 0.0, 0.0, 0.0, 1.0, 0.6501327024630738, 1.0, 0.0, 0.0, 0.0, 0.0, 0.0, 0.0, 0.0]",108745,151841,N3,dismiss,-0.3,ts,737,1
"[0.5428571428571428, -0.5428571428571428, 0.0, 0.04, -0.019999999999999973, 0.0, 0.0, 0.0, 1.0, 0.9005727902401358, 1.0, 0.0, 0.0, 0.0, 0.0, 0.0, 0.0, 0.0]",122718,130670,N6,dismiss,-0.3,ts,1538,1
"[0.12280701754385964, -0.12280701754385964, -0.6153846153846154, 0.5263157894736842, -0.4, 0.0, 0.0, 0.0, 1.0, 0.47370431702429144, 1.0, 0.0, 0.0, 0.0, 0.0, 0.0, 0.0, 0.0]",187197,167155,N6,dismiss,-0.3,ts,1452,1
"[0.8835294117647059, -0.8835294117647059, -0.28114285714285714, -0.1038961038961039, -0.14285714285714285, 0.0, 0.0, 0.0, 1.0, 0.8155825728784956, 1.0, 0.0, 0.0, 0.0, 0.0, 0.0, 0.0, 0.0]",55744,108025,N6,dismiss,-0.3,ts,1624,1
"[0.8964705882352941, -0.8964705882352941, -0.24024024024024024, -0.4, -0.26666666666666666, 0.0, 0.0, 0.0, 1.0, 0.7472929863926744, 1.0, 0.0, 0.0, 0.0, 0.0, 0.0, 0.0, 0.0]",47181,85795,N3,dismiss,-0.3,ts,2991,1
"[0.3333333333333333, -0.3333333333333333, 0.1646341463414636, -0.09803921568627451, 0.05263157894736842, 0.0, 0.0, 0.0, 1.0, 0.7677245916395002, 1.0, 0.0, 0.0, 0.0, 0.0, 0.0, 0.0, 0.0]",155668,146668,N6,accept,0.5333333333333333,ts,1190,1
"[0.05714285714285719, -0.05714285714285719, -0.49874686716791977, 0.0, 0.0, 0.0, 0.0, 0.0, 1.0, 0.6451367672871084, 1.0, 0.0, 0.0, 0.0, 0.0, 0.0, 0.0, 0.0]",174761,93864,N1,accept,0.34,ts,2403,1
"[0.20000000000000007, -0.20000000000000007, -0.2794444444444444, -0.042735042735042736, 1.0, 0.0, 0.0, 0.0, 1.0, 0.5754148332000193, 1.0, 0.0, 0.0, 0.0, 0.0, 0.0, 0.0, 0.0]",30103,107458,N3,dismiss,-0.3,ts,2240,1
"[0.050000000000000044, -0.050000000000000044, 0.23767935121646902, 0.28, -0.21999999999999997, 0.0, 0.0, 0.0, 1.0, 0.5753341503687988, 1.0, 0.0, 0.0, 0.0, 0.0, 0.0, 0.0, 0.0]",115984,94324,N1,accept,0.335,ts,1783,1
"[0.604, -0.604, -0.49629629629629635, -0.4588235294117647, -0.3684210526315789, 0.0, 0.0, 0.0, 1.0, 0.6356367491076025, 1.0, 0.0, 0.0, 0.0, 0.0, 0.0, 0.0, 0.0]",115396,108025,N6,dismiss,-0.3,ts,993,0
"[0.2803030303030304, -0.2803030303030304, 0.24700000000000005, 0.44642857142857145, -0.28, 0.0, 0.0, 0.0, 1.0, 0.6184684582201454, 1.0, 0.0, 0.0, 0.0, 0.0, 0.0, 0.0, 0.0]",80033,185708,N3,accept,0.4962121212121212,ts,1929,1
"[0.12499999999999988, -0.12499999999999988, 0.10010010010010009, -0.40816326530612246, 0.16666666666666666, 0.0, 0.0, 0.0, 1.0, 0.6338342497514019, 1.0, 0.0, 0.0, 0.0, 0.0, 0.0, 0.0, 0.0]",155975,180522,N6,dismiss,-0.3,ts,1504,1
"[0.2045454545454546, -0.2045454545454546, -0.666110183639399, 0.019553072625698324, 1.0, 0.0, 0.0, 0.0, 1.0, 0.5366655678938613, 1.0, 0.0, 0.0, 0.0, 0.0, 0.0, 0.0, 0.0]",135481,123174,N6,accept,0.44318181818181823,ts,2729,0
"[0.2777777777777778, -0.2777777777777778, -0.06612339930151347, 0.08247422680412371, 0.15, 0.0, 0.0, 0.0, 1.0, 0.7620679351527899, 1.0, 0.0, 0.0, 0.0, 0.0, 0.0, 0.0, 0.0]",139804,155844,N6,accept,0.49444444444444446,ts,2306,1
"[0.35714285714285715, -0.35714285714285715, -0.642, 0.06989247311827956, -0.4411764705882353, 0.0, 0.0, 0.0, 1.0, 0.6203227193678967, 1.0, 0.0, 0.0, 0.0, 0.0, 0.0, 0.0, 0.0]",151762,130323,N6,dismiss,-0.3,ts,1300,1
"[0.24242424242424238, -0.24242424242424238, 0.13120567375886522, -0.0196078431372549, 0.040000000000000015, 0.0, 0.0, 0.0, 1.0, 0.7736411098263166, 1.0, 0.0, 0.0, 0.0, 0.0, 0.0, 0.0, 0.0]",120700,19597,N1,accept,0.4696969696969696,ts,1976,1
"[0.3333333333333333, -0.3333333333333333, -0.058823529411764705, -0.08, -0.36, 0.0, 0.0, 0.0, 1.0, 0.7441656491344851, 1.0, 0.0, 0.0, 0.0, 0.0, 0.0, 0.0, 0.0]",40189,40998,N6,dismiss,-0.3,ts,1614,0
"[0.7, -0.7, -0.3485838779956427, 0.24770642201834864, -0.9722222222222222, 0.0, 0.0, 0.0, 1.0, 0.6579082366698619, 1.0, 0.0, 0.0, 0.0, 0.0, 0.0, 0.0, 0.0]",164355,134921,N3,dismiss,-0.3,ts,731,1
"[0.1, -0.07, -0.2697495183044316, -0.05, -0.17272727272727276, 0.0, 0.0, 0.0, 1.0, 0.63467239594446, 1.0, 0.0, 0.0, 0.0, 0.0, 0.0, 0.0, 0.0]",49082,49005,N1,accept,0.37,ts,611,1
"[0.17090909090909095, -0.17090909090909095, -0.2345978755690441, 0.0, 0.0, 0.0, 0.0, 0.0, 1.0, 0.7378238220265599, 1.0, 0.0, 0.0, 0.0, 0.0, 0.0, 0.0, 0.0]",49870,147348,N6,dismiss,-0.3,ts,567,1
"[0.11999999999999993, -0.11999999999999993, -0.5, 0.06552706552706553, 0.5714285714285714, 0.0, 0.0, 0.0, 1.0, 0.5475076325052248, 1.0, 0.0, 0.0, 0.0, 0.0, 0.0, 0.0, 0.0]",151839,89763,N1,accept,0.38399999999999995,ts,2688,1
"[0.5636363636363637, -0.5636363636363637, 0.05263157894736842, -0.019662921348314606, 1.0, 0.0, 0.0, 0.0, 1.0, 0.747815505128765, 1.0, 0.0, 0.0, 0.0, 0.0, 0.0, 0.0, 0.0]",107747,107563,N6,dismiss,-0.3,ts,1351,1
"[0.1538461538461538, -0.1538461538461538, 0.0, 0.0, 0.0, 0.0, 0.0, 0.0, 1.0, 0.806689539231263, 1.0, 0.0, 0.0, 0.0, 0.0, 0.0, 0.0, 0.0]",93850,93864,N1,accept,0.40769230769230763,ts,1775,1
"[0.25, -0.25, 0.0, -0.008595988538681949, 0.13636363636363635, 0.0, 0.0, 0.0, 1.0, 0.8012276518471559, 1.0, 0.0, 0.0, 0.0, 0.0, 0.0, 0.0, 0.0]",43088,117045,N3,dismiss,-0.3,ts,1736,0
"[0.20000000000000007, -0.20000000000000007, -0.4779342723004695, -0.03977272727272727, 0.0, 0.0, 0.0, 0.0, 1.0, 0.6882541717575904, 1.0, 0.0, 0.0, 0.0, 0.0, 0.0, 0.0, 0.0]",74282,108746,N3,dismiss,-0.3,ts,2723,1
"[0.09090909090909098, -0.09090909090909098, -0.40595399188092024, -0.08616187989556136, -0.15384615384615385, 0.0, 0.0, 0.0, 1.0, 0.6092103952960706, 1.0, 0.0, 0.0, 0.0, 0.0, 0.0, 0.0, 0.0]",30022,117111,N6,accept,0.36363636363636365,ts,1464,1
"[0.2941176470588236, -0.2941176470588236, 0.0, 1.0, 0.48, 0.0, 0.0, 0.0, 1.0, 0.6188615559348754, 1.0, 0.0, 0.0, 0.0, 0.0, 0.0, 0.0, 0.0]",51575,50956,N1,accept,0.5058823529411764,ts,1580,1
"[0.25, -0.25, 0.08600392413342063, 0.006075334143377886, 0.0, 0.0, 0.0, 0.0, 1.0, 0.8061722905617785, 1.0, 0.0, 0.0, 0.0, 0.0, 0.0, 0.0, 0.0]",75083,30338,N6,dismiss,-0.3,ts,757,0
"[0.4545454545454546, -0.4545454545454546, -0.29375, -0.0028735632183908046, 0.8333333333333334, 0.0, 0.0, 0.0, 1.0, 0.6867897445125909, 1.0, 0.0, 0.0, 0.0, 0.0, 0.0, 0.0, 0.0]",32065,108828,N1,accept,0.6181818181818182,ts,2870,1
"[0.050000000000000044, -0.050000000000000044, 0.23767935121646902, 0.28, -0.21999999999999997, 0.0, 0.0, 0.0, 1.0, 0.5753341503687988, 1.0, 0.0, 0.0, 0.0, 0.0, 0.0, 0.0, 0.0]",115984,94324,N6,dismiss,-0.3,ts,1878,0
"[0.24999999999999997, -0.24999999999999997, -0.4117647058823529, 0.0, 0.0, 0.0, 0.0, 0.0, 1.0, 0.7273653355460075, 1.0, 0.0, 0.0, 0.0, 0.0, 0.0, 0.0, 0.0]",51607,174753,N1,accept,0.475,ts,449,1
"[0.20000000000000007, -0.20000000000000007, -0.4706467661691542, -0.04735376044568245, -0.15384615384615385, 0.0, 0.0, 0.0, 1.0, 0.6475697915515413, 1.0, 0.0, 0.0, 0.0, 0.0, 0.0, 0.0, 0.0]",43372,107170,N3,dismiss,-0.3,ts,2225,1
"[0.3636363636363637, -0.3636363636363637, 0.0, 0.0, 0.0, 0.0, 0.0, 0.0, 1.0, 0.8742764353476687, 1.0, 0.0, 0.0, 0.0, 0.0, 0.0, 0.0, 0.0]",123143,123174,N6,dismiss,-0.3,ts,2219,0
"[0.3421052631578948, -0.3421052631578948, -0.8037272006344172, 0.0, 0.0, 0.0, 0.0, 0.0, 1.0, 0.7081799249849112, 1.0, 0.0, 0.0, 0.0, 0.0, 0.0, 0.0, 0.0]",147348,110902,N6,dismiss,-0.3,ts,1695,1
"[0.41698841698841693, -0.41698841698841693, -0.6460176991150443, -0.036036036036036036, 0.0, 0.0, 0.0, 0.0, 1.0, 0.7332452413951286, 1.0, 0.0, 0.0, 0.0, 0.0, 0.0, 0.0, 0.0]",20071,103704,N3,dismiss,-0.3,ts,1884,1
"[0.22784810126582283, -0.22784810126582283, 0.2310654685494223, -0.0987012987012987, 0.298507462686567, 0.0, 0.0, 0.0, 1.0, 0.6639494779334293, 1.0, 0.0, 0.0, 0.0, 0.0, 0.0, 0.0, 0.0]",43373,54573,N6,dismiss,-0.3,ts,452,0
"[0.5, -0.5, -0.3941229930324144, 1.0, -0.4782608695652174, 0.0, 0.0, 0.0, 1.0, 0.5686467955570524, 1.0, 0.0, 0.0, 0.0, 0.0, 0.0, 0.0, 0.0]",86743,169349,N6,dismiss,-0.3,ts,1067,1
"[0.3636363636363637, -0.3636363636363637, -0.3333333333333333, 1.0, 1.0, 0.0, 0.0, 0.0, 1.0, 0.4884844967725112, 1.0, 0.0, 0.0, 0.0, 0.0, 0.0, 0.0, 0.0]",142264,123174,N1,accept,0.5545454545454546,ts,2461,1
"[0.01111111111111112, -0.01111111111111112, -0.06604402935290195, -0.21518987341772153, -0.13999999999999999, 0.0, 0.0, 0.0, 1.0, 0.6403259248577577, 1.0, 0.0, 0.0, 0.0, 0.0, 0.0, 0.0, 0.0]",155616,79360,N1,accept,0.30777777777777776,ts,2688,1
"[0.30188679245283023, -0.30188679245283023, 0.0, -0.17981072555205047, 0.06666666666666662, 0.0, 0.0, 0.0, 1.0, 0.7920227307244867, 1.0, 0.0, 0.0, 0.0, 0.0, 0.0, 0.0, 0.0]",91968,91969,N3,dismiss,-0.3,ts,2321,1
"[0.26470588235294124, -0.26470588235294124, -0.5676126878130218, -0.24, -0.019999999999999973, 0.0, 0.0, 0.0, 1.0, 0.6455632547610937, 1.0, 0.0, 0.0, 0.0, 0.0, 0.0, 0.0, 0.0]",18053,189203,N3,accept,0.4852941176470589,ts,1635,0
"[0.0555555555555556, -0.0555555555555556, -0.16666666666666666, 0.01764705882352941, 0.13636363636363635, 0.0, 0.0, 0.0, 1.0, 0.6730847801914981, 1.0, 0.0, 0.0, 0.0, 0.0, 0.0, 0.0, 0.0]",123856,107052,N6,dismiss,-0.3,ts,2864,1
"[0.30000000000000004, -0.30000000000000004, -0.41076345431789746, 0.8926553672316384, 1.0, 0.0, 0.0, 0.0, 1.0, 0.4740159663648509, 1.0, 0.0, 0.0, 0.0, 0.0, 0.0, 0.0, 0.0]",158428,87090,N3,accept,0.51,ts,1839,1
"[0.3333333333333333, -0.3333333333333333, -0.5264684554024656, 0.0, 0.0, 0.0, 0.0, 0.0, 1.0, 0.7353115934875609, 1.0, 0.0, 0.0, 0.0, 0.0, 0.0, 0.0, 0.0]",141749,63859,N6,dismiss,-0.3,ts,1536,1
"[0.217741935483871, -0.217741935483871, -0.3216708318457694, -0.02, 0.04, 0.0, 0.0, 0.0, 1.0, 0.7165610450886484, 1.0, 0.0, 0.0, 0.0, 0.0, 0.0, 0.0, 0.0]",89602,104962,N3,dismiss,-0.3,ts,2910,1
"[0.25333333333333335, -0.25333333333333335, 0.0, 0.0, 0.0, 0.0, 0.0, 0.0, 1.0, 0.8406768668945128, 1.0, 0.0, 0.0, 0.0, 0.0, 0.0, 0.0, 0.0]",21089,84577,N1,accept,0.47733333333333333,ts,1072,1
"[0.04545454545454549, -0.04545454545454549, -0.0646666666666667, -0.008264462809917356, -0.22727272727272727, 0.0, 0.0, 0.0, 1.0, 0.6855067967400382, 1.0, 0.0, 0.0, 0.0, 0.0, 0.0, 0.0, 0.0]",138639,127487,N6,dismiss,-0.3,ts,1993,1
"[0.75, -0.75, 0.0, 0.0, 0.0, 0.0, 0.0, 0.0, 1.0, 0.9523252675504453, 1.0, 0.0, 0.0, 0.0, 0.0, 0.0, 0.0, 0.0]",129174,93843,N1,accept,0.825,ts,2730,0
"[0.5, -0.5, -0.052770448548812667, -0.4148936170212766, 0.08000000000000007, 0.0, 0.0, 0.0, 1.0, 0.7819976516061806, 1.0, 0.0, 0.0, 0.0, 0.0, 0.0, 0.0, 0.0]",84106,84107,N6,dismiss,-0.3,ts,1040,1
"[0.09090909090909098, -0.09090909090909098, -0.43661971830985913, 0.06818181818181818, 0.16666666666666666, 0.0, 0.0, 0.0, 1.0, 0.6057589679083718, 1.0, 0.0, 0.0, 0.0, 0.0, 0.0, 0.0, 0.0]",57376,151841,N3,dismiss,-0.3,ts,2820,1
"[0.367741935483871, -0.367741935483871, -0.03268765133171908, -0.00847457627118644, 0.07462686567164178, 0.0, 0.0, 0.0, 1.0, 0.8394568191052507, 1.0, 0.0, 0.0, 0.0, 0.0, 0.0, 0.0, 0.0]",43382,105910,N3,dismiss,-0.3,ts,1565,1
"[0.3411764705882352, -0.3411764705882352, 0.0, 0.3, -0.05999999999999996, 0.0, 0.0, 0.0, 1.0, 0.7831895687766497, 1.0, 0.0, 0.0, 0.0, 0.0, 0.0, 0.0, 0.0]",87406,74186,N1,accept,0.5388235294117646,ts,2585,1
"[0.6818181818181819, -0.6818181818181819, 0.024324324324324288, 0.02821316614420063, -0.65, 0.0, 0.0, 0.0, 1.0, 0.8158970926015877, 1.0, 0.0, 0.0, 0.0, 0.0, 0.0, 0.0, 0.0]",130294,49086,N1,accept,0.7772727272727273,ts,1696,1
"[0.19709090909090918, -0.19709090909090918, -0.07324621733149929, 0.0, 0.0, 0.0, 0.0, 0.0, 1.0, 0.7945750109053056, 1.0, 0.0, 0.0, 0.0, 0.0, 0.0, 0.0, 0.0]",85069,63876,N1,accept,0.43796363636363644,ts,1409,1
"[0.24999999999999997, -0.24999999999999997, -0.27846265409717186, 0.0, 0.0, 0.0, 0.0, 0.0, 1.0, 0.7541829612825312, 1.0, 0.0, 0.0, 0.0, 0.0, 0.0, 0.0, 0.0]",141746,174748,N1,accept,0.475,ts,1886,1
"[0.5, -0.5, -0.26666666666666666, 0.64, 0.08000000000000003, 0.0, 0.0, 0.0, 1.0, 0.695643645411739, 1.0, 0.0, 0.0, 0.0, 0.0, 0.0, 0.0, 0.0]",50997,51575,N6,dismiss,-0.3,ts,486,1
"[0.604, -0.604, -0.49629629629629635, -0.4588235294117647, -0.3684210526315789, 0.0, 0.0, 0.0, 1.0, 0.6356367491076025, 1.0, 0.0, 0.0, 0.0, 0.0, 0.0, 0.0, 0.0]",115396,108025,N1,accept,0.7227999999999999,ts,1381,1
"[0.20000000000000004, -0.20000000000000004, 0.21428571428571427, -0.75, -0.44000000000000006, 0.0, 0.0, 0.0, 1.0, 0.5488029253936105, 1.0, 0.0, 0.0, 0.0, 0.0, 0.0, 0.0, 0.0]",39150,18334,N3,accept,0.44,ts,899,1
"[0.75, -0.75, -0.12559081701553013, 0.06583072100313479, -0.6759999999999999, 0.0, 0.0, 0.0, 1.0, 0.7782054867335635, 1.0, 0.0, 0.0, 0.0, 0.0, 0.0, 0.0, 0.0]",128276,145532,N3,dismiss,-0.3,ts,1029,1
"[0.2727272727272727, -0.2727272727272727, -0.07061958694203868, -0.03690036900369004, -0.0117647058823529, 0.0, 0.0, 0.0, 1.0, 0.8064217516346286, 1.0, 0.0, 0.0, 0.0, 0.0, 0.0, 0.0, 0.0]",81453,81449,N1,accept,0.49090909090909085,ts,2365,1
"[0.1764705882352941, -0.1764705882352941, 0.0, 0.4198473282442748, 0.16, 0.0, 0.0, 0.0, 1.0, 0.688371662584279, 1.0, 0.0, 0.0, 0.0, 0.0, 0.0, 0.0, 0.0]",104682,169065,N6,dismiss,-0.3,ts,579,1
"[0.19230769230769232, -0.19230769230769232, 0.0, 0.11363636363636363, 0.0, 0.0, 0.0, 0.0, 1.0, 0.7896850702294859, 1.0, 0.0, 0.0, 0.0, 0.0, 0.0, 0.0, 0.0]",114738,166142,N3,dismiss,-0.3,ts,1558,1
"[0.1666666666666666, -0.1666666666666666, 0.0, 0.0, 0.0, 0.0, 0.0, 0.0, 1.0, 0.8112296656009272, 1.0, 0.0, 0.0, 0.0, 0.0, 0.0, 0.0, 0.0]",60788,60783,N6,accept,0.41666666666666663,ts,1252,0
"[0.3636363636363637, -0.3636363636363637, 0.0, 0.016713091922005572, 0.25, 0.0, 0.0, 0.0, 1.0, 0.8103249790259089, 1.0, 0.0, 0.0, 0.0, 0.0, 0.0, 0.0, 0.0]",123014,123174,N6,dismiss,-0.3,ts,1619,0
"[0.13636363636363646, -0.13636363636363646, -0.12300000000000004, 0.5446428571428571, 0.18, 0.0, 0.0, 0.0, 1.0, 0.6119393419576029, 1.0, 0.0, 0.0, 0.0, 0.0, 0.0, 0.0, 0.0]",80033,87098,N6,dismiss,-0.3,ts,2242,0
"[0.1666666666666667, -0.1666666666666667, 0.2, 0.0, 0.0, 0.0, 0.0, 0.0, 1.0, 0.7452936748080553, 1.0, 0.0, 0.0, 0.0, 0.0, 0.0, 0.0, 0.0]",18364,61090,N6,dismiss,-0.3,ts,1166,0
"[0.24999999999999997, -0.24999999999999997, 0.16666666666666666, 0.0, 0.0, 0.0, 0.0, 0.0, 1.0, 0.7828956117024544, 1.0, 0.0, 0.0, 0.0, 0.0, 0.0, 0.0, 0.0]",18305,18309,N6,dismiss,-0.3,ts,835,0
"[0.11999999999999993, -0.11999999999999993, 0.0, 0.0, 0.0, 0.0, 0.0, 0.0, 1.0, 0.7945202170293325, 1.0, 0.0, 0.0, 0.0, 0.0, 0.0, 0.0, 0.0]",107307,87720,N6,accept,0.38399999999999995,ts,877,1
"[0.02500000000000002, -0.02500000000000002, -0.49874686716791977, -0.12, -0.039999999999999994, 0.0, 0.0, 0.0, 1.0, 0.5895927592856948, 1.0, 0.0, 0.0, 0.0, 0.0, 0.0, 0.0, 0.0]",85228,62503,N6,dismiss,-0.3,ts,2059,1
"[0.16666666666666669, -0.16666666666666669, -0.6716716716716717, 0.2561576354679803, -0.09523809523809523, 0.0, 0.0, 0.0, 1.0, 0.577274850892076, 1.0, 0.0, 0.0, 0.0, 0.0, 0.0, 0.0, 0.0]",47180,155668,N6,dismiss,-0.3,ts,1862,0
"[0.20000000000000007, -0.20000000000000007, -0.2745454545454545, -0.02564102564102564, -0.21428571428571427, 0.0, 0.0, 0.0, 1.0, 0.6785405236319723, 1.0, 0.0, 0.0, 0.0, 0.0, 0.0, 0.0, 0.0]",151838,107170,N6,dismiss,-0.3,ts,2462,1
"[0.02857142857142844, -0.02857142857142844, -0.3211788211788212, -0.022792022792022793, 0.5200000000000001, 0.0, 0.0, 0.0, 1.0, 0.5622519721506657, 1.0, 0.0, 0.0, 0.0, 0.0, 0.0, 0.0, 0.0]",117054,185707,N6,dismiss,-0.3,ts,866,1
"[0.2000000000000001, -0.2000000000000001, 0.17148554336989041, 0.17307692307692307, 0.020000000000000018, 0.0, 0.0, 0.0, 1.0, 0.7149888620585764, 1.0, 0.0, 0.0, 0.0, 0.0, 0.0, 0.0, 0.0]",86978,83437,N6,dismiss,-0.3,ts,1793,1
"[0.25, -0.25, -0.18823529411764706, 0.0, 0.0, 0.0, 0.0, 0.0, 1.0, 0.7768452100027552, 1.0, 0.0, 0.0, 0.0, 0.0, 0.0, 0.0, 0.0]",113825,87177,N6,dismiss,-0.3,ts,2681,0
"[0.5885714285714285, -0.5885714285714285, 0.07342206955775014, 0.0, 0.0, 0.0, 0.0, 0.0, 1.0, 0.8996476536402875, 1.0, 0.0, 0.0, 0.0, 0.0, 0.0, 0.0, 0.0]",141777,40487,N6,dismiss,-0.3,ts,2511,1
"[0.1250000000000001, -0.1250000000000001, -0.041666666666666664, -0.015625, 0.07999999999999999, 0.0, 0.0, 0.0, 1.0, 0.753548736419283, 1.0, 0.0, 0.0, 0.0, 0.0, 0.0, 0.0, 0.0]",30711,82101,N6,dismiss,-0.3,ts,2156,1
"[0.4, -0.4, -0.29684601113172543, 0.0, 0.0, 0.0, 0.0, 0.0, 1.0, 0.7947192856371645, 1.0, 0.0, 0.0, 0.0, 0.0, 0.0, 0.0, 0.0]",63943,49005,N6,dismiss,-0.3,ts,2243,1
"[0.11458333333333333, -0.11458333333333333, -0.08759124087591248, -0.5587392550143266, -0.77, 0.0, 0.0, 0.0, 1.0, 0.5416340437403093, 1.0, 0.0, 0.0, 0.0, 0.0, 0.0, 0.0, 0.0]",108839,142262,N6,dismiss,-0.3,ts,2765,0
"[0.3636363636363637, -0.3636363636363637, -0.0003316749585405642, -0.022284122562674095, 0.12, 0.0, 0.0, 0.0, 1.0, 0.8355995376463724, 1.0, 0.0, 0.0, 0.0, 0.0, 0.0, 0.0, 0.0]",29710,74278,N6,dismiss,-0.3,ts,439,1
"[0.3958333333333333, -0.3958333333333333, -0.39301972685887715, -0.02158273381294964, 0.0, 0.0, 0.0, 0.0, 1.0, 0.7679389230796307, 1.0, 0.0, 0.0, 0.0, 0.0, 0.0, 0.0, 0.0]",19865,40258,N6,dismiss,-0.3,ts,495,0
"[0.11999999999999993, -0.11999999999999993, -0.2484177215189874, 0.0028169014084507044, -0.5, 0.0, 0.0, 0.0, 1.0, 0.6205500589519365, 1.0, 0.0, 0.0, 0.0, 0.0, 0.0, 0.0, 0.0]",109421,107747,N6,dismiss,-0.3,ts,1029,1
"[0.08928571428571436, -0.08928571428571436, -0.26666666666666666, -0.8466666666666667, -0.8545454545454546, 0.0, 0.0, 0.0, 1.0, 0.45535299056751144, 1.0, 0.0, 0.0, 0.0, 0.0, 0.0, 0.0, 0.0]",41373,51575,N6,dismiss,-0.3,ts,658,1
"[0.0555555555555556, -0.0555555555555556, -0.16666666666666666, 0.01764705882352941, 0.13636363636363635, 0.0, 0.0, 0.0, 1.0, 0.6730847801914981, 1.0, 0.0, 0.0, 0.0, 0.0, 0.0, 0.0, 0.0]",123856,107052,N6,dismiss,-0.3,ts,1087,0
"[0.625, -0.625, 0.066711140760507, -0.08904109589041095, -0.13333333333333333, 0.0, 0.0, 0.0, 1.0, 0.8489572716197578, 1.0, 0.0, 0.0, 0.0, 0.0, 0.0, 0.0, 0.0]",128284,128247,N6,dismiss,-0.3,ts,1721,0
"[0.7066666666666667, -0.7066666666666667, 0.21951219512195133, 0.22745098039215686, -0.3684210526315789, 0.0, 0.0, 0.0, 1.0, 0.7423189475802244, 1.0, 0.0, 0.0, 0.0, 0.0, 0.0, 0.0, 0.0]",155668,169349,N6,dismiss,-0.3,ts,2618,0
"[0.3, -0.3, -0.28, 0.0, 0.0, 0.0, 0.0, 0.0, 1.0, 0.769716564082265, 1.0, 0.0, 0.0, 0.0, 0.0, 0.0, 0.0, 0.0]",69485,50807,N6,accept,0.51,ts,1275,0
"[0.85, -0.85, -0.005000000000000071, 0.0, 0.0, 0.0, 0.0, 0.0, 1.0, 0.9617967240690748, 1.0, 0.0, 0.0, 0.0, 0.0, 0.0, 0.0, 0.0]",38018,174748,N6,accept,0.895,ts,2047,0
"[0.20000000000000007, -0.20000000000000007, -0.44658261446582614, -0.037037037037037035, -0.14285714285714285, 0.0, 0.0, 0.0, 1.0, 0.6567117806036047, 1.0, 0.0, 0.0, 0.0, 0.0, 0.0, 0.0, 0.0]",74279,108746,N6,dismiss,-0.3,ts,1746,1
"[0.4545454545454546, -0.4545454545454546, -0.375, 0.0028735632183908046, 0.6666666666666666, 0.0, 0.0, 0.0, 1.0, 0.6813283180198043, 1.0, 0.0, 0.0, 0.0, 0.0, 0.0, 0.0, 0.0]",32065,107563,N6,dismiss,-0.3,ts,562,1
"[0.5945945945945946, -0.5945945945945946, 0.11131725417439703, -0.14040114613180515, -0.26666666666666666, 0.0, 0.0, 0.0, 1.0, 0.789436773317604, 1.0, 0.0, 0.0, 0.0, 0.0, 0.0, 0.0, 0.0]",63922,16729,N6,dismiss,-0.3,ts,1581,1
"[0.19999999999999996, -0.19999999999999996, -0.56752655538695, -0.0221606648199446, -0.20289855072463772, 0.0, 0.0, 0.0, 1.0, 0.6305729458313653, 1.0, 0.0, 0.0, 0.0, 0.0, 0.0, 0.0, 0.0]",16971,79771,N6,dismiss,-0.3,ts,1756,1
"[0.09090909090909098, -0.09090909090909098, 0.11799999999999997, 0.2125, 0.5217391304347825, 0.0, 0.0, 0.0, 1.0, 0.5927368758241162, 1.0, 0.0, 0.0, 0.0, 0.0, 0.0, 0.0, 0.0]",162892,16906,N6,dismiss,-0.3,ts,1417,1
"[0.22222222222222224, -0.22222222222222224, 0.0, -0.18061674008810572, 0.3181818181818182, 0.0, 0.0, 0.0, 1.0, 0.7142826286103995, 1.0, 0.0, 0.0, 0.0, 0.0, 0.0, 0.0, 0.0]",169062,169065,N6,dismiss,-0.3,ts,1962,1
"[0.4444444444444445, -0.4444444444444445, 0.158311345646438, -0.7, -0.72, 0.0, 0.0, 0.0, 1.0, 0.6139455672327484, 1.0, 0.0, 0.0, 0.0, 0.0, 0.0, 0.0, 0.0]",145573,110076,N6,accept,0.6111111111111112,ts,2187,1
"[0.20000000000000004, -0.20000000000000004, -0.3409090909090909, 0.0, 0.0, 0.0, 0.0, 0.0, 1.0, 0.7239674946003922, 1.0, 0.0, 0.0, 0.0, 0.0, 0.0, 0.0, 0.0]",51022,70828,N6,dismiss,-0.3,ts,1978,0
"[0.14285714285714285, -0.14285714285714285, 0.13333333333333333, 1.0, -0.23809523809523808, 0.0, 0.0, 0.0, 1.0, 0.5596889746063702, 1.0, 0.0, 0.0, 0.0, 0.0, 0.0, 0.0, 0.0]",175348,113825,N6,dismiss,-0.3,ts,541,0
"[0.11999999999999993, -0.11999999999999993, 0.1, -0.00847457627118644, 0.07692307692307693, 0.0, 0.0, 0.0, 1.0, 0.7343560069584029, 1.0, 0.0, 0.0, 0.0, 0.0, 0.0, 0.0, 0.0]",108784,151838,N6,dismiss,-0.3,ts,1005,1
"[0.8944444444444445, -0.8944444444444445, 0.0009999999999999788, 0.32061068702290074, 0.07999999999999999, 0.0, 0.0, 0.0, 1.0, 0.8744372821089841, 1.0, 0.0, 0.0, 0.0, 0.0, 0.0, 0.0, 0.0]",80035,87100,N6,dismiss,-0.3,ts,1003,1
"[0.6785714285714286, -0.6785714285714286, -0.06094182825484772, 0.10465116279069768, -0.20689655172413793, 0.0, 0.0, 0.0, 1.0, 0.8401414992281117, 1.0, 0.0, 0.0, 0.0, 0.0, 0.0, 0.0, 0.0]",123439,89765,N6,dismiss,-0.3,ts,1974,0
"[0.33333333333333337, -0.33333333333333337, -0.03710575139146568, 0.05263157894736842, 0.20879120879120883, 0.0, 0.0, 0.0, 1.0, 0.7850330737942559, 1.0, 0.0, 0.0, 0.0, 0.0, 0.0, 0.0, 0.0]",63943,49082,N6,dismiss,-0.3,ts,1581,1
"[0.20000000000000007, -0.20000000000000007, -0.0053138492195284005, 0.019943019943019943, -0.5, 0.0, 0.0, 0.0, 1.0, 0.7200306250515387, 1.0, 0.0, 0.0, 0.0, 0.0, 0.0, 0.0, 0.0]",15533,135481,N6,dismiss,-0.3,ts,1211,1
"[0.20000000000000007, -0.20000000000000007, 0.17909090909090916, -0.10160427807486631, 0.36363636363636365, 0.0, 0.0, 0.0, 1.0, 0.6575173146638584, 1.0, 0.0, 0.0, 0.0, 0.0, 0.0, 0.0, 0.0]",89763,107554,N6,dismiss,-0.3,ts,2245,0
"[0.4, -0.28, -0.29684601113172543, 0.0, 0.0, 0.0, 0.0, 0.0, 1.0, 0.759689501888925, 1.0, 0.0, 0.0, 0.0, 0.0, 0.0, 0.0, 0.0]",63873,42569,N6,dismiss,-0.3,ts,2957,0
"[0.2142857142857143, -0.2142857142857143, 0.0, -0.09363295880149813, 0.5492957746478874, 0.0, 0.0, 0.0, 1.0, 0.7020840351677758, 1.0, 0.0, 0.0, 0.0, 0.0, 0.0, 0.0, 0.0]",147103,138639,N6,accept,0.44999999999999996,ts,751,0
"[0.5599999999999999, -0.5599999999999999, 0.07219442458899213, 0.46236559139784944, 1.0, 0.0, 0.0, 0.0, 1.0, 0.6604562608065969, 1.0, 0.0, 0.0, 0.0, 0.0, 0.0, 0.0, 0.0]",185581,89764,N6,accept,0.692,ts,521,1
"[0.20000000000000007, -0.20000000000000007, -0.2510779436152571, -0.008547008547008548, -0.14285714285714285, 0.0, 0.0, 0.0, 1.0, 0.7040523268798877, 1.0, 0.0, 0.0, 0.0, 0.0, 0.0, 0.0, 0.0]",151840,31973,N6,dismiss,-0.3,ts,1655,1
"[0.1111111111111111, -0.1111111111111111, 0.14492753623188406, -0.6622807017543859, 0.125, 0.0, 0.0, 0.0, 1.0, 0.5976675593139278, 1.0, 0.0, 0.0, 0.0, 0.0, 0.0, 0.0, 0.0]",87177,183583,N6,accept,0.37777777777777777,ts,1829,0
"[0.25, -0.25, 0.0, -0.008595988538681949, 0.08695652173913043, 0.0, 0.0, 0.0, 1.0, 0.8130880893622596, 1.0, 0.0, 0.0, 0.0, 0.0, 0.0, 0.0, 0.0]",57106,117045,N6,accept,0.475,ts,2577,0
"[0.4545454545454546, -0.4545454545454546, -0.4510851419031719, -0.025139664804469275, 1.0, 0.0, 0.0, 0.0, 1.0, 0.6256131721190654, 1.0, 0.0, 0.0, 0.0, 0.0, 0.0, 0.0, 0.0]",135482,108839,N6,dismiss,-0.3,ts,2503,1
"[0.72, -0.72, 0.14583333333333334, 0.02, 0.06000000000000001, 0.0, 0.0, 0.0, 1.0, 0.8748597557133838, 1.0, 0.0, 0.0, 0.0, 0.0, 0.0, 0.0, 0.0]",135298,81568,N6,accept,0.804,ts,2724,0
"[0.24999999999999997, -0.24999999999999997, 0.1, 0.0, 0.0, 0.0, 0.0, 0.0, 1.0, 0.8033355002032929, 1.0, 0.0, 0.0, 0.0, 0.0, 0.0, 0.0, 0.0]",51138,18239,N6,dismiss,-0.3,ts,1420,0
"[0.02631578947368412, -0.02631578947368412, -0.43, 0.019867549668874173, 0.0285714285714286, 0.0, 0.0, 0.0, 1.0, 0.6303211836867184, 1.0, 0.0, 0.0, 0.0, 0.0, 0.0, 0.0, 0.0]",41398,15200,N6,dismiss,-0.3,ts,1423,0
"[0.3000000000000001, -0.3000000000000001, -0.5036615134255492, 0.0, 0.0, 0.0, 0.0, 0.0, 1.0, 0.7285138093516589, 1.0, 0.0, 0.0, 0.0, 0.0, 0.0, 0.0, 0.0]",85447,85446,N6,dismiss,-0.3,ts,1272,0
"[0.7058823529411765, -0.7058823529411765, -0.04260651629072671, 0.47435897435897434, 0.3333333333333333, 0.0, 0.0, 0.0, 1.0, 0.7650647611229402, 1.0, 0.0, 0.0, 0.0, 0.0, 0.0, 0.0, 0.0]",58951,146668,N6,dismiss,-0.3,ts,1648,1
"[0.5588235294117647, -0.5588235294117647, 0.17562724014336914, 0.29441624365482233, 0.46153846153846156, 0.0, 0.0, 0.0, 1.0, 0.7048196658399779, 1.0, 0.0, 0.0, 0.0, 0.0, 0.0, 0.0, 0.0]",92081,155668,N6,dismiss,-0.3,ts,545,0
"[0.16666666666666663, -0.16666666666666663, 0.14139110604332955, 0.0, -0.020000000000000018, 0.0, 0.0, 0.0, 1.0, 0.7560848641204935, 1.0, 0.0, 0.0, 0.0, 0.0, 0.0, 0.0, 0.0]",87098,87100,N6,accept,0.41666666666666663,ts,424,1
"[0.026315789473684233, -0.026315789473684233, 0.2, -0.0812720848056537, -0.040000000000000036, 0.0, 0.0, 0.0, 1.0, 0.6598915417715314, 1.0, 0.0, 0.0, 0.0, 0.0, 0.0, 0.0, 0.0]",38840,91969,N6,dismiss,-0.3,ts,838,1
"[0.30188679245283023, -0.30188679245283023, 0.0, -0.17981072555205047, 0.09090909090909079, 0.0, 0.0, 0.0, 1.0, 0.7858096705793217, 1.0, 0.0, 0.0, 0.0, 0.0, 0.0, 0.0, 0.0]",91966,91969,N6,dismiss,-0.3,ts,2550,1
"[0.75, -0.75, -0.2697495183044316, 0.09333333333333334, -0.5545454545454546, 0.0, 0.0, 0.0, 1.0, 0.7428701637711608, 1.0, 0.0, 0.0, 0.0, 0.0, 0.0, 0.0, 0.0]",16734,49086,N6,dismiss,-0.3,ts,1499,0
"[0.35714285714285715, -0.35714285714285715, -0.642, 0.06989247311827956, -0.4411764705882353, 0.0, 0.0, 0.0, 1.0, 0.6203227193678967, 1.0, 0.0, 0.0, 0.0, 0.0, 0.0, 0.0, 0.0]",151762,130323,N6,dismiss,-0.3,ts,2585,1
"[0.46153846153846156, -0.46153846153846156, -0.7849624060150376, -0.256, 0.33999999999999997, 0.0, 0.0, 0.0, 1.0, 0.6073646963417112, 1.0, 0.0, 0.0, 0.0, 0.0, 0.0, 0.0, 0.0]",110599,85230,N6,dismiss,-0.3,ts,1537,0
"[0.6, -0.6, -0.17555110220440878, 0.3348623853211009, 1.0, 0.0, 0.0, 0.0, 1.0, 0.6607458692324787, 1.0, 0.0, 0.0, 0.0, 0.0, 0.0, 0.0, 0.0]",185374,29663,N6,dismiss,-0.3,ts,611,1
"[0.2380952380952381, -0.2380952380952381, -0.1721428571428571, -0.2979591836734694, 0.1111111111111111, 0.0, 0.0, 0.0, 1.0, 0.6801880575519375, 1.0, 0.0, 0.0, 0.0, 0.0, 0.0, 0.0, 0.0]",166142,73628,N6,dismiss,-0.3,ts,405,1
"[0.20061728395061737, -0.20061728395061737, 0.09693053311793226, 0.021538461538461538, -0.041666666666666664, 0.0, 0.0, 0.0, 1.0, 0.7694767207158731, 1.0, 0.0, 0.0, 0.0, 0.0, 0.0, 0.0, 0.0]",41414,61096,N6,dismiss,-0.3,ts,748,1
"[0.6375, -0.6375, 0.0, -0.02158273381294964, 0.0, 0.0, 0.0, 0.0, 1.0, 0.9293128096864788, 1.0, 0.0, 0.0, 0.0, 0.0, 0.0, 0.0, 0.0]",85325,40258,N6,dismiss,-0.3,ts,2219,0
"[0.20000000000000007, -0.20000000000000007, -0.2794444444444444, -0.04, 1.0, 0.0, 0.0, 0.0, 1.0, 0.5760362365604412, 1.0, 0.0, 0.0, 0.0, 0.0, 0.0, 0.0, 0.0]",30082,107554,N6,dismiss,-0.3,ts,1032,1
"[0.10000000000000007, -0.10000000000000007, 0.06963706107996458, 0.0, 0.0, 0.0, 0.0, 0.0, 1.0, 0.7612191608786749, 1.0, 0.0, 0.0, 0.0, 0.0, 0.0, 0.0, 0.0]",134112,134111,N6,accept,0.37000000000000005,ts,582,0
"[0.7162162162162162, -0.7162162162162162, 0.03710575139146568, -0.08256880733944955, -0.21428571428571427, 0.0, 0.0, 0.0, 1.0, 0.858348687981883, 1.0, 0.0, 0.0, 0.0, 0.0, 0.0, 0.0, 0.0]",63923,16731,N6,accept,0.8013513513513513,ts,1318,1
"[0.75, -0.75, -0.6677777777777778, -0.3165829145728643, -0.9848484848484849, 0.0, 0.0, 0.0, 1.0, 0.6054887951793564, 1.0, 0.0, 0.0, 0.0, 0.0, 0.0, 0.0, 0.0]",69112,134921,N6,dismiss,-0.3,ts,1847,1
"[0.24999999999999992, -0.24999999999999992, 0.0, -0.4067796610169492, 0.3333333333333333, 0.0, 0.0, 0.0, 1.0, 0.6830935405928722, 1.0, 0.0, 0.0, 0.0, 0.0, 0.0, 0.0, 0.0]",185391,56248,N6,dismiss,-0.3,ts,1911,1
"[0.040000000000000036, -0.040000000000000036, 0.0, 0.0, 0.0, 0.0, 0.0, 0.0, 1.0, 0.7649820258822859, 1.0, 0.0, 0.0, 0.0, 0.0, 0.0, 0.0, 0.0]",141765,141753,N6,dismiss,-0.3,ts,1000,0
"[0.1200000000000001, -0.1200000000000001, 0.1455847255369929, -0.04024767801857585, -0.33999999999999997, 0.0, 0.0, 0.0, 1.0, 0.6583894484224873, 1.0, 0.0, 0.0, 0.0, 0.0, 0.0, 0.0, 0.0]",57279,59423,N6,dismiss,-0.3,ts,2359,0
"[0.6818181818181819, -0.6818181818181819, 0.024324324324324288, 0.02821316614420063, -0.65, 0.0, 0.0, 0.0, 1.0, 0.8158970926015877, 1.0, 0.0, 0.0, 0.0, 0.0, 0.0, 0.0, 0.0]",130294,49086,N6,dismiss,-0.3,ts,1540,0
"[0.5714285714285715, -0.5714285714285715, 0.0, 0.0, 0.0, 0.0, 0.0, 0.0, 1.0, 0.9236956675786846, 1.0, 0.0, 0.0, 0.0, 0.0, 0.0, 0.0, 0.0]",37993,60788,N6,dismiss,-0.3,ts,1144,1
"[0.367741935483871, -0.367741935483871, -0.03268765133171908, -0.00847457627118644, 0.07462686567164178, 0.0, 0.0, 0.0, 1.0, 0.8394568191052507, 1.0, 0.0, 0.0, 0.0, 0.0, 0.0, 0.0, 0.0]",43382,105910,N6,dismiss,-0.3,ts,2136,1
"[0.5636363636363636, -0.5636363636363636, 0.0, -0.024734982332155476, 0.0, 0.0, 0.0, 0.0, 1.0, 0.9149318998851651, 1.0, 0.0, 0.0, 0.0, 0.0, 0.0, 0.0, 0.0]",48999,48997,N6,dismiss,-0.3,ts,947,0
"[0.41333333333333333, -0.41333333333333333, -0.0726817042606516, 0.15579710144927536, 0.4, 0.0, 0.0, 0.0, 1.0, 0.7379647441754457, 1.0, 0.0, 0.0, 0.0, 0.0, 0.0, 0.0, 0.0]",48996,130294,N6,dismiss,-0.3,ts,970,1
"[0.25000000000000006, -0.25000000000000006, -0.11641443538998836, 0.09281437125748503, 1.0, 0.0, 0.0, 0.0, 1.0, 0.6227095310764252, 1.0, 0.0, 0.0, 0.0, 0.0, 0.0, 0.0, 0.0]",64439,141844,N6,dismiss,-0.3,ts,1319,0
"[0.125, -0.125, 0.0, -0.06666666666666667, 0.0, 0.0, 0.0, 0.0, 1.0, 0.777609297833477, 1.0, 0.0, 0.0, 0.0, 0.0, 0.0, 0.0, 0.0]",139964,175348,N6,accept,0.38749999999999996,ts,986,1
"[0.20000000000000007, -0.20000000000000007, -0.29411764705882354, -0.02824858757062147, -0.07692307692307693, 0.0, 0.0, 0.0, 1.0, 0.7042603887140919, 1.0, 0.0, 0.0, 0.0, 0.0, 0.0, 0.0, 0.0]",108741,31975,N6,dismiss,-0.3,ts,2139,1
"[0.75, -0.75, -0.12559081701553013, 0.06583072100313479, -0.6759999999999999, 0.0, 0.0, 0.0, 1.0, 0.7782054867335635, 1.0, 0.0, 0.0, 0.0, 0.0, 0.0, 0.0, 0.0]",128276,145532,N6,dismiss,-0.3,ts,702,0
"[0.25000000000000006, -0.25000000000000006, -0.09111617312072894, 0.1, -0.059999999999999984, 0.0, 0.0, 0.0, 1.0, 0.7621185638122803, 1.0, 0.0, 0.0, 0.0, 0.0, 0.0, 0.0, 0.0]",30785,110598,N6,accept,0.475,ts,1610,0
"[0.15000000000000013, -0.15000000000000013, -0.5036842105263158, -0.24, -0.020000000000000018, 0.0, 0.0, 0.0, 1.0, 0.6152912841830693, 1.0, 0.0, 0.0, 0.0, 0.0, 0.0, 0.0, 0.0]",18611,56971,N6,dismiss,-0.3,ts,1847,1
"[0.415625, -0.415625, 0.1312500000000001, 0.0, 0.0, 0.0, 0.0, 0.0, 1.0, 0.8422044928641546, 1.0, 0.0, 0.0, 0.0, 0.0, 0.0, 0.0, 0.0]",152421,15139,N6,dismiss,-0.3,ts,2287,0
"[0.24999999999999992, -0.24999999999999992, -0.48413125336202256, 1.0, -0.2608695652173913, 0.0, 0.0, 0.0, 1.0, 0.5241024203212179, 1.0, 0.0, 0.0, 0.0, 0.0, 0.0, 0.0, 0.0]",84737,55882,N6,dismiss,-0.3,ts,2210,1
"[0.16666666666666663, -0.16666666666666663, 0.14139110604332955, 0.0, -0.020000000000000018, 0.0, 0.0, 0.0, 1.0, 0.7560848641204935, 1.0, 0.0, 0.0, 0.0, 0.0, 0.0, 0.0, 0.0]",87098,87100,N6,accept,0.41666666666666663,ts,1574,0
"[0.25000000000000006, -0.25000000000000006, -0.09111617312072894, 0.1, -0.059999999999999984, 0.0, 0.0, 0.0, 1.0, 0.7621185638122803, 1.0, 0.0, 0.0, 0.0, 0.0, 0.0, 0.0, 0.0]",30785,110598,N6,dismiss,-0.3,ts,2092,0
"[0.37500000000000006, -0.37500000000000006, 0.0, -0.3611111111111111, 0.043478260869565216, 0.0, 0.0, 0.0, 1.0, 0.7878158040247939, 1.0, 0.0, 0.0, 0.0, 0.0, 0.0, 0.0, 0.0]",110121,51122,N6,dismiss,-0.3,ts,1168,1
"[0.25000000000000006, -0.25000000000000006, -0.0646666666666667, -0.10112359550561797, 0.19718309859154937, 0.0, 0.0, 0.0, 1.0, 0.7389755735892841, 1.0, 0.0, 0.0, 0.0, 0.0, 0.0, 0.0, 0.0]",147103,127487,N6,dismiss,-0.3,ts,1285,1
"[0.6173469387755102, -0.6173469387755102, -0.0899001109877914, 0.2911392405063291, 0.26666666666666666, 0.0, 0.0, 0.0, 1.0, 0.7710612375153414, 1.0, 0.0, 0.0, 0.0, 0.0, 0.0, 0.0, 0.0]",155693,155668,N6,dismiss,-0.3,ts,2762,0
"[0.24999999999999997, -0.24999999999999997, 0.1, 0.0, 0.0, 0.0, 0.0, 0.0, 1.0, 0.8033355002032929, 1.0, 0.0, 0.0, 0.0, 0.0, 0.0, 0.0, 0.0]",51138,18239,N6,dismiss,-0.3,ts,466,0
"[0.09090909090909098, -0.09090909090909098, 0.0, 0.07331378299120235, -0.85, 0.0, 0.0, 0.0, 1.0, 0.6408260239781763, 1.0, 0.0, 0.0, 0.0, 0.0, 0.0, 0.0, 0.0]",30023,189368,N6,dismiss,-0.3,ts,910,1
"[0.09493670886075957, -0.09493670886075957, 0.05134788189987163, -0.11168831168831168, 0.47761194029850745, 0.0, 0.0, 0.0, 1.0, 0.643523776888406, 1.0, 0.0, 0.0, 0.0, 0.0, 0.0, 0.0, 0.0]",43373,43377,N6,dismiss,-0.3,ts,2621,1
"[0.5, -0.5, -0.35778175313059035, -0.4148936170212766, 0.08000000000000007, 0.0, 0.0, 0.0, 1.0, 0.6998134226636865, 1.0, 0.0, 0.0, 0.0, 0.0, 0.0, 0.0, 0.0]",19596,84107,N6,dismiss,-0.3,ts,1267,0
"[0.13636363636363646, -0.13636363636363646, -0.09900000000000002, 0.7410714285714286, 0.18, 0.0, 0.0, 0.0, 1.0, 0.6032329198200755, 1.0, 0.0, 0.0, 0.0, 0.0, 0.0, 0.0, 0.0]",80033,83435,N6,dismiss,-0.3,ts,868,1
"[0.375, -0.375, -0.12425665101721436, -0.04878048780487805, 0.5333333333333333, 0.0, 0.0, 0.0, 1.0, 0.7211295134258194, 1.0, 0.0, 0.0, 0.0, 0.0, 0.0, 0.0, 0.0]",43370,88671,N6,dismiss,-0.3,ts,2300,1
"[0.15999999999999998, -0.15999999999999998, -0.18367346938775508, 0.3225806451612903, 0.0571428571428572, 0.0, 0.0, 0.0, 1.0, 0.659874950334628, 1.0, 0.0, 0.0, 0.0, 0.0, 0.0, 0.0, 0.0]",59417,152287,N6,accept,0.412,ts,1934,1
"[0.64, -0.64, -0.0346408558329088, -0.05, -0.17272727272727276, 0.0, 0.0, 0.0, 1.0, 0.8645923634066793, 1.0, 0.0, 0.0, 0.0, 0.0, 0.0, 0.0, 0.0]",90181,49005,N6,dismiss,-0.3,ts,1483,0
"[0.5945945945945946, -0.5945945945945946, 0.03710575139146568, -0.14040114613180515, -0.26666666666666666, 0.0, 0.0, 0.0, 1.0, 0.8150503653023362, 1.0, 0.0, 0.0, 0.0, 0.0, 0.0, 0.0, 0.0]",63922,16728,N6,dismiss,-0.3,ts,417,1
"[0.6022727272727273, -0.6022727272727273, -0.3181818181818182, -0.19607843137254902, 0.0, 0.0, 0.0, 0.0, 1.0, 0.7866708291610534, 1.0, 0.0, 0.0, 0.0, 0.0, 0.0, 0.0, 0.0]",130670,85440,N6,dismiss,-0.3,ts,1820,1
"[0.12, -0.12, 0.08428571428571437, -0.18032786885245902, -0.3125, 0.0, 0.0, 0.0, 1.0, 0.6483664614798773, 1.0, 0.0, 0.0, 0.0, 0.0, 0.0, 0.0, 0.0]",104681,85794,N6,accept,0.384,ts,1442,1
"[0.01111111111111112, -0.01111111111111112, -0.3, -0.3541666666666667, -0.13999999999999999, 0.0, 0.0, 0.0, 1.0, 0.5511658124955352, 1.0, 0.0, 0.0, 0.0, 0.0, 0.0, 0.0, 0.0]",155816,79360,N6,dismiss,-0.3,ts,2595,0
"[0.02500000000000002, -0.02500000000000002, -0.1863303498779495, -0.2, -0.12000000000000002, 0.0, 0.0, 0.0, 1.0, 0.6156925813588408, 1.0, 0.0, 0.0, 0.0, 0.0, 0.0, 0.0, 0.0]",130425,62503,N6,dismiss,-0.3,ts,520,1
"[0.33333333333333337, -0.33333333333333337, -0.3220035778175313, 0.09333333333333334, -0.5545454545454546, 0.0, 0.0, 0.0, 1.0, 0.6445028751316437, 1.0, 0.0, 0.0, 0.0, 0.0, 0.0, 0.0, 0.0]",16731,49086,N6,accept,0.5333333333333333,ts,918,0
"[0.02500000000000002, -0.02500000000000002, -0.49874686716791977, -0.08, -0.039999999999999994, 0.0, 0.0, 0.0, 1.0, 0.5994201484706434, 1.0, 0.0, 0.0, 0.0, 0.0, 0.0, 0.0, 0.0]",85443,62539,N6,accept,0.3175,ts,776,1
"[0.35000000000000003, -0.35000000000000003, 0.027816411682892905, -0.42724458204334365, -0.31999999999999995, 0.0, 0.0, 0.0, 1.0, 0.702483663576583, 1.0, 0.0, 0.0, 0.0, 0.0, 0.0, 0.0, 0.0]",87863,175208,N6,accept,0.5449999999999999,ts,453,0
"[0.3, -0.3, -0.5454545454545454, -0.9, -0.8363636363636363, 0.0, 0.0, 0.0, 1.0, 0.4756119353946255, 1.0, 0.0, 0.0, 0.0, 0.0, 0.0, 0.0, 0.0]",41688,29449,N6,dismiss,-0.3,ts,2818,1
"[0.16216216216216217, -0.16216216216216217, -0.16666666666666666, 0.08461538461538462, 0.020833333333333447, 0.0, 0.0, 0.0, 1.0, 0.7234709814458078, 1.0, 0.0, 0.0, 0.0, 0.0, 0.0, 0.0, 0.0]",91969,91957,N6,dismiss,-0.3,ts,1677,0
"[0.7066666666666667, -0.7066666666666667, -0.08883826879271067, 1.0, -0.25, 0.0, 0.0, 0.0, 1.0, 0.7175078175163225, 1.0, 0.0, 0.0, 0.0, 0.0, 0.0, 0.0, 0.0]",128254,169349,N6,dismiss,-0.3,ts,1296,0
"[0.06666666666666672, -0.06666666666666672, 0.0, 0.02857142857142857, 0.0, 0.0, 0.0, 0.0, 1.0, 0.7665858692054695, 1.0, 0.0, 0.0, 0.0, 0.0, 0.0, 0.0, 0.0]",56248,55915,N6,dismiss,-0.3,ts,2941,1
"[0.3359073359073359, -0.3359073359073359, 0.0589101620029455, -0.3042168674698795, 0.21739130434782608, 0.0, 0.0, 0.0, 1.0, 0.7227993957339441, 1.0, 0.0, 0.0, 0.0, 0.0, 0.0, 0.0, 0.0]",61096,20076,N6,accept,0.5351351351351351,ts,1538,1
"[0.14, -0.14, -0.12400000000000005, 0.05263157894736842, -0.1, 0.0, 0.0, 0.0, 1.0, 0.7156363704875062, 1.0, 0.0, 0.0, 0.0, 0.0, 0.0, 0.0, 0.0]",174942,69993,N6,dismiss,-0.3,ts,2164,0
"[0.5454545454545455, -0.5454545454545455, -0.34353018158023885, 0.0, 0.0, 0.0, 0.0, 0.0, 1.0, 0.8191303026203585, 1.0, 0.0, 0.0, 0.0, 0.0, 0.0, 0.0, 0.0]",54334,54345,N6,dismiss,-0.3,ts,1521,1
"[0.07692307692307684, -0.07692307692307684, -0.04767580452920143, -0.1111111111111111, 0.047619047619047616, 0.0, 0.0, 0.0, 1.0, 0.7170135427072458, 1.0, 0.0, 0.0, 0.0, 0.0, 0.0, 0.0, 0.0]",78130,139805,N6,dismiss,-0.3,ts,2558,1
"[0.375, -0.375, -0.372679874869656, -0.04619565217391304, -0.06666666666666667, 0.0, 0.0, 0.0, 1.0, 0.7404084466117253, 1.0, 0.0, 0.0, 0.0, 0.0, 0.0, 0.0, 0.0]",43346,130440,N6,dismiss,-0.3,ts,2001,1
"[0.648, -0.648, 0.12880765883376852, 0.20863309352517986, 1.0, 0.0, 0.0, 0.0, 1.0, 0.693548136379965, 1.0, 0.0, 0.0, 0.0, 0.0, 0.0, 0.0, 0.0]",185577,107458,N6,dismiss,-0.3,ts,568,1
"[0.25, -0.25, 0.0, 0.07453416149068323, 0.13636363636363635, 0.0, 0.0, 0.0, 1.0, 0.7830109453831142, 1.0, 0.0, 0.0, 0.0, 0.0, 0.0, 0.0, 0.0]",43089,117045,N6,dismiss,-0.3,ts,903,0
"[0.7, -0.7, -0.3508771929824562, 0.4847161572052402, -0.49375, 0.0, 0.0, 0.0, 1.0, 0.6573653265668035, 1.0, 0.0, 0.0, 0.0, 0.0, 0.0, 0.0, 0.0]",185375,145532,N6,accept,0.7899999999999999,ts,1205,0
"[0.5636363636363637, -0.5636363636363637, 0.23253903040262944, 0.005797101449275362, 0.8333333333333334, 0.0, 0.0, 0.0, 1.0, 0.7243913063121337, 1.0, 0.0, 0.0, 0.0, 0.0, 0.0, 0.0, 0.0]",123006,107659,N6,dismiss,-0.3,ts,531,1
"[0.18181818181818185, -0.18181818181818185, -0.4273333333333333, -0.10185185185185185, -0.16666666666666666, 0.0, 0.0, 0.0, 1.0, 0.6314604801885487, 1.0, 0.0, 0.0, 0.0, 0.0, 0.0, 0.0, 0.0]",56406,139804,N6,dismiss,-0.3,ts,801,1
"[0.39285714285714285, -0.39285714285714285, -0.1965194109772423, 0.11255411255411256, -0.42592592592592593, 0.0, 0.0, 0.0, 1.0, 0.7011040251103882, 1.0, 0.0, 0.0, 0.0, 0.0, 0.0, 0.0, 0.0]",20077,20089,N6,dismiss,-0.3,ts,1109,1
"[0.1666666666666667, -0.1666666666666667, 0.1, 1.0, 1.0, 0.0, 0.0, 0.0, 1.0, 0.4789161730664955, 1.0, 0.0, 0.0, 0.0, 0.0, 0.0, 0.0, 0.0]",37985,41688,N6,dismiss,-0.3,ts,970,0
"[0.12244897959183673, -0.12244897959183673, -0.10012515644555695, -0.2978723404255319, 0.12, 0.0, 0.0, 0.0, 1.0, 0.659781019280673, 1.0, 0.0, 0.0, 0.0, 0.0, 0.0, 0.0, 0.0]",158420,20076,N6,dismiss,-0.3,ts,2105,1
"[0.1764705882352941, -0.1764705882352941, 0.0, 0.05045871559633028, 0.0, 0.0, 0.0, 0.0, 1.0, 0.8002741033846621, 1.0, 0.0, 0.0, 0.0, 0.0, 0.0, 0.0, 0.0]",173998,173997,N6,dismiss,-0.3,ts,2258,0
"[0.11458333333333333, -0.11458333333333333, 0.0, -0.5561959654178674, -0.7909090909090909, 0.0, 0.0, 0.0, 1.0, 0.5727064609689967, 1.0, 0.0, 0.0, 0.0, 0.0, 0.0, 0.0, 0.0]",107659,142262,N6,dismiss,-0.3,ts,538,0
"[0.2, -0.2, -0.1442857142857143, -0.6038961038961039, 0.35714285714285715, 0.0, 0.0, 0.0, 1.0, 0.5909545125854885, 1.0, 0.0, 0.0, 0.0, 0.0, 0.0, 0.0, 0.0]",55744,185524,N6,dismiss,-0.3,ts,746,1
"[0.25, -0.25, 0.22714285714285723, -0.08766233766233766, 0.0, 0.0, 0.0, 0.0, 1.0, 0.7424472880831784, 1.0, 0.0, 0.0, 0.0, 0.0, 0.0, 0.0, 0.0]",55744,21089,N6,dismiss,-0.3,ts,1967,0
"[0.11999999999999993, -0.11999999999999993, -0.09090909090909091, 0.008547008547008548, -0.07142857142857142, 0.0, 0.0, 0.0, 1.0, 0.7387601741070436, 1.0, 0.0, 0.0, 0.0, 0.0, 0.0, 0.0, 0.0]",70001,108743,N6,dismiss,-0.3,ts,1649,1
"[0.19999999999999993, -0.19999999999999993, 0.0, -0.5102040816326531, 0.25999999999999995, 0.0, 0.0, 0.0, 1.0, 0.6660734035981001, 1.0, 0.0, 0.0, 0.0, 0.0, 0.0, 0.0, 0.0]",41169,41870,N6,dismiss,-0.3,ts,1475,1
"[0.6818181818181819, -0.6818181818181819, -0.050125313283208024, 0.18840579710144928, -0.51, 0.0, 0.0, 0.0, 1.0, 0.7806619322864332, 1.0, 0.0, 0.0, 0.0, 0.0, 0.0, 0.0, 0.0]",48998,49086,N6,dismiss,-0.3,ts,2878,0
"[0.125, -0.125, 0.0, -0.06666666666666667, 0.0, 0.0, 0.0, 0.0, 1.0, 0.777609297833477, 1.0, 0.0, 0.0, 0.0, 0.0, 0.0, 0.0, 0.0]",139964,175348,N6,dismiss,-0.3,ts,1575,1
"[0.3, -0.3, -0.13969732246798602, -0.06287425149700598, 1.0, 0.0, 0.0, 0.0, 1.0, 0.6392477541235398, 1.0, 0.0, 0.0, 0.0, 0.0, 0.0, 0.0, 0.0]",64439,16911,N6,dismiss,-0.3,ts,1007,1
"[0.625, -0.625, 0.0, 0.5722543352601156, -0.975, 0.0, 0.0, 0.0, 1.0, 0.7026160369889208, 1.0, 0.0, 0.0, 0.0, 0.0, 0.0, 0.0, 0.0]",158410,134921,N6,dismiss,-0.3,ts,2259,1
"[0.712, -0.712, -0.5778364116094986, -0.5372340425531915, -0.33999999999999997, 0.0, 0.0, 0.0, 1.0, 0.6373602087318739, 1.0, 0.0, 0.0, 0.0, 0.0, 0.0, 0.0, 0.0]",84106,106004,N6,dismiss,-0.3,ts,917,1
"[0.20000000000000007, -0.20000000000000007, 0.09090909090909091, -0.008547008547008548, -0.14285714285714285, 0.0, 0.0, 0.0, 1.0, 0.7497580191893745, 1.0, 0.0, 0.0, 0.0, 0.0, 0.0, 0.0, 0.0]",70002,31966,N6,accept,0.44000000000000006,ts,1083,1
"[0.5636363636363637, -0.5636363636363637, -0.5305164319248826, -0.008522727272727272, 0.6666666666666666, 0.0, 0.0, 0.0, 1.0, 0.6783958893723203, 1.0, 0.0, 0.0, 0.0, 0.0, 0.0, 0.0, 0.0]",74281,107563,N6,dismiss,-0.3,ts,2420,0
"[0.06666666666666672, -0.06666666666666672, 0.0, 0.13541666666666666, 0.09090909090909091, 0.0, 0.0, 0.0, 1.0, 0.7143914778295586, 1.0, 0.0, 0.0, 0.0, 0.0, 0.0, 0.0, 0.0]",139805,115245,N6,dismiss,-0.3,ts,877,1
"[0.40476190476190477, -0.40476190476190477, -0.5314285714285715, 0.12334801762114538, -0.13636363636363635, 0.0, 0.0, 0.0, 1.0, 0.686023442316458, 1.0, 0.0, 0.0, 0.0, 0.0, 0.0, 0.0, 0.0]",169062,155668,N6,dismiss,-0.3,ts,1739,0
"[0.25000000000000006, -0.25000000000000006, -0.0625, -0.34, 0.039999999999999994, 0.0, 0.0, 0.0, 1.0, 0.7305487309174494, 1.0, 0.0, 0.0, 0.0, 0.0, 0.0, 0.0, 0.0]",40998,50997,N6,dismiss,-0.3,ts,2983,0
"[0.7794117647058824, -0.7794117647058824, 0.09698996655518391, 0.9245283018867925, 0.35714285714285715, 0.0, 0.0, 0.0, 1.0, 0.7177712474350142, 1.0, 0.0, 0.0, 0.0, 0.0, 0.0, 0.0, 0.0]",121068,155668,N6,dismiss,-0.3,ts,1689,0
"[0.20000000000000004, -0.20000000000000004, -0.4728789986091795, -0.26463104325699743, -0.2, 0.0, 0.0, 0.0, 1.0, 0.5894090933455034, 1.0, 0.0, 0.0, 0.0, 0.0, 0.0, 0.0, 0.0]",110096,105432,N6,dismiss,-0.3,ts,2969,1
"[0.09090909090909098, -0.09090909090909098, 0.0, 0.06515580736543909, 0.0, 0.0, 0.0, 0.0, 1.0, 0.7655544386808594, 1.0, 0.0, 0.0, 0.0, 0.0, 0.0, 0.0, 0.0]",87721,151841,N6,dismiss,-0.3,ts,1675,1
"[0.14285714285714288, -0.14285714285714288, 0.08411892675852069, 0.0, 0.0, 0.0, 0.0, 0.0, 1.0, 0.7717968012528305, 1.0, 0.0, 0.0, 0.0, 0.0, 0.0, 0.0, 0.0]",141774,174759,N6,accept,0.4,ts,2715,0
"[0.36974789915966383, -0.36974789915966383, -0.48514285714285715, 0.6603053435114504, -0.36, 0.0, 0.0, 0.0, 1.0, 0.5648476627702905, 1.0, 0.0, 0.0, 0.0, 0.0, 0.0, 0.0, 0.0]",104682,155692,N6,dismiss,-0.3,ts,1256,1
"[0.02500000000000002, -0.02500000000000002, -0.2361111111111111, -0.375, -0.020000000000000018, 0.0, 0.0, 0.0, 1.0, 0.5990669900085028, 1.0, 0.0, 0.0, 0.0, 0.0, 0.0, 0.0, 0.0]",30711,81568,N6,dismiss,-0.3,ts,1365,1
"[0.3000000000000001, -0.3000000000000001, -0.5036615134255492, 0.0, 0.0, 0.0, 0.0, 0.0, 1.0, 0.7285138093516589, 1.0, 0.0, 0.0, 0.0, 0.0, 0.0, 0.0, 0.0]",85447,85446,N6,dismiss,-0.3,ts,733,0
"[0.20000000000000007, -0.20000000000000007, -0.5250569476082004, -0.0584958217270195, 0.0, 0.0, 0.0, 0.0, 1.0, 0.6762466262000264, 1.0, 0.0, 0.0, 0.0, 0.0, 0.0, 0.0, 0.0]",67082,108746,N6,dismiss,-0.3,ts,1938,1
"[0.37777777777777777, -0.37777777777777777, 0.14306151645207438, 0.0, 0.0, 0.0, 0.0, 0.0, 1.0, 0.8284608029374425, 1.0, 0.0, 0.0, 0.0, 0.0, 0.0, 0.0, 0.0]",147468,16679,N6,dismiss,-0.3,ts,1791,0
"[0.047619047619047575, -0.047619047619047575, -0.4578571428571428, -0.3183673469387755, 0.1111111111111111, 0.0, 0.0, 0.0, 1.0, 0.5473361262425684, 1.0, 0.0, 0.0, 0.0, 0.0, 0.0, 0.0, 0.0]",166142,81498,N6,dismiss,-0.3,ts,1751,1
"[0.8447058823529412, -0.8447058823529412, 0.17056856187290975, 0.011320754716981131, -0.14285714285714285, 0.0, 0.0, 0.0, 1.0, 0.8648054349388439, 1.0, 0.0, 0.0, 0.0, 0.0, 0.0, 0.0, 0.0]",121068,92135,N6,dismiss,-0.3,ts,2413,1
"[0.5636363636363637, -0.5636363636363637, -0.4854460093896713, -0.008522727272727272, 0.6666666666666666, 0.0, 0.0, 0.0, 1.0, 0.6849252666327348, 1.0, 0.0, 0.0, 0.0, 0.0, 0.0, 0.0, 0.0]",74281,108839,N6,dismiss,-0.3,ts,2244,1
"[0.20000000000000007, -0.20000000000000007, 0.14408602150537647, 0.3053435114503817, 0.26436781609195414, 0.0, 0.0, 0.0, 1.0, 0.6426037789797808, 1.0, 0.0, 0.0, 0.0, 0.0, 0.0, 0.0, 0.0]",185575,107170,N6,dismiss,-0.3,ts,973,1
"[0.20000000000000004, -0.20000000000000004, -0.6972222222222223, -0.46153846153846156, -0.059999999999999984, 0.0, 0.0, 0.0, 1.0, 0.565054577528199, 1.0, 0.0, 0.0, 0.0, 0.0, 0.0, 0.0, 0.0]",51193,18528,N6,dismiss,-0.3,ts,1592,0
"[0.1666666666666666, -0.1666666666666666, 0.0, 0.0, 0.0, 0.0, 0.0, 0.0, 1.0, 0.8112296656009272, 1.0, 0.0, 0.0, 0.0, 0.0, 0.0, 0.0, 0.0]",60788,60783,N6,dismiss,-0.3,ts,1749,0
"[0.3, -0.3, 0.0, -0.3898305084745763, 0.3333333333333333, 0.0, 0.0, 0.0, 1.0, 0.7012715335944975, 1.0, 0.0, 0.0, 0.0, 0.0, 0.0, 0.0, 0.0]",185391,55915,N6,dismiss,-0.3,ts,2590,1
"[0.16666666666666663, -0.16666666666666663, -0.1497064579256361, -0.04, -0.039999999999999994, 0.0, 0.0, 0.0, 1.0, 0.7364152237187678, 1.0, 0.0, 0.0, 0.0, 0.0, 0.0, 0.0, 0.0]",122734,81996,N6,dismiss,-0.3,ts,629,0
"[0.076923076923077, -0.076923076923077, 0.0, 0.0, 0.0, 0.0, 0.0, 0.0, 1.0, 0.7787188164556538, 1.0, 0.0, 0.0, 0.0, 0.0, 0.0, 0.0, 0.0]",93861,174758,N6,dismiss,-0.3,ts,1448,0
"[0.2380952380952381, -0.2380952380952381, -0.291970802919708, 0.0, 0.0, 0.0, 0.0, 0.0, 1.0, 0.7472128890509149, 1.0, 0.0, 0.0, 0.0, 0.0, 0.0, 0.0, 0.0]",154624,108507,N6,dismiss,-0.3,ts,1403,1
"[0.1666666666666667, -0.1666666666666667, -0.1111111111111111, 1.0, 0.44000000000000006, 0.0, 0.0, 0.0, 1.0, 0.53769314130362, 1.0, 0.0, 0.0, 0.0, 0.0, 0.0, 0.0, 0.0]",81128,18616,N6,accept,0.4166666666666667,ts,2895,0
"[0.5170454545454546, -0.5170454545454546, -0.4991652754590985, -0.5698324022346368, -0.3428571428571429, 0.0, 0.0, 0.0, 1.0, 0.6097862010549242, 1.0, 0.0, 0.0, 0.0, 0.0, 0.0, 0.0, 0.0]",135481,142262,N6,dismiss,-0.3,ts,683,1
"[0.5170454545454546, -0.5170454545454546, -0.375, -0.5574712643678161, -0.6166666666666667, 0.0, 0.0, 0.0, 1.0, 0.599900311717407, 1.0, 0.0, 0.0, 0.0, 0.0, 0.0, 0.0, 0.0]",31966,142262,N6,dismiss,-0.3,ts,1255,1
"[0.7, -0.7, -0.16722222222222222, 0.1937984496124031, -0.061224489795918505, 0.0, 0.0, 0.0, 1.0, 0.8231142474270301, 1.0, 0.0, 0.0, 0.0, 0.0, 0.0, 0.0, 0.0]",145578,115951,N6,dismiss,-0.3,ts,1510,0
"[0.20000000000000007, -0.20000000000000007, 0.043478260869565216, -0.017142857142857144, 0.0, 0.0, 0.0, 0.0, 1.0, 0.8011158506377862, 1.0, 0.0, 0.0, 0.0, 0.0, 0.0, 0.0, 0.0]",108745,31975,N6,accept,0.44000000000000006,ts,2200,1
"[0.3, -0.3, 0.0667779632721202, -0.007194244604316547, 0.02500000000000006, 0.0, 0.0, 0.0, 1.0, 0.8210120511660425, 1.0, 0.0, 0.0, 0.0, 0.0, 0.0, 0.0, 0.0]",53365,81462,N6,accept,0.51,ts,1254,1
"[0.21428571428571416, -0.21428571428571416, 0.0016694490818030287, -0.1002710027100271, -0.05797101449275367, 0.0, 0.0, 0.0, 1.0, 0.7833549463406198, 1.0, 0.0, 0.0, 0.0, 0.0, 0.0, 0.0, 0.0]",76847,162894,N6,dismiss,-0.3,ts,1213,1
"[0.889795918367347, -0.889795918367347, -0.6873826903023983, 0.35185185185185186, -0.375, 0.0, 0.0, 0.0, 1.0, 0.6632451610251665, 1.0, 0.0, 0.0, 0.0, 0.0, 0.0, 0.0, 0.0]",55915,128284,N6,dismiss,-0.3,ts,1210,1
"[0.20000000000000007, -0.20000000000000007, -0.5635935397039031, -0.11811023622047244, 1.0, 0.0, 0.0, 0.0, 1.0, 0.5263580713412344, 1.0, 0.0, 0.0, 0.0, 0.0, 0.0, 0.0, 0.0]",106733,107554,N6,accept,0.44000000000000006,ts,539,1
"[0.1666666666666667, -0.1666666666666667, 0.0, 1.0, 1.0, 0.0, 0.0, 0.0, 1.0, 0.5151700224508992, 1.0, 0.0, 0.0, 0.0, 0.0, 0.0, 0.0, 0.0]",37985,126074,N6,accept,0.4166666666666667,ts,2369,1
"[0.25, -0.25, 0.0, 0.07453416149068323, 0.13636363636363635, 0.0, 0.0, 0.0, 1.0, 0.7830109453831142, 1.0, 0.0, 0.0, 0.0, 0.0, 0.0, 0.0, 0.0]",43090,117045,N6,accept,0.475,ts,2764,0
"[0.5, -0.5, -0.48048048048048053, 0.02040816326530612, 0.14583333333333337, 0.0, 0.0, 0.0, 1.0, 0.7413457028548665, 1.0, 0.0, 0.0, 0.0, 0.0, 0.0, 0.0, 0.0]",16681,16722,N6,dismiss,-0.3,ts,1476,1
"[0.26190476190476186, -0.26190476190476186, -0.16666666666666666, -0.04081632653061224, 0.08888888888888896, 0.0, 0.0, 0.0, 1.0, 0.7505722762436874, 1.0, 0.0, 0.0, 0.0, 0.0, 0.0, 0.0, 0.0]",91970,91957,N6,dismiss,-0.3,ts,1781,1
"[0.20000000000000007, -0.20000000000000007, -0.21311475409836064, 1.0, 1.0, 0.0, 0.0, 0.0, 1.0, 0.47215669283725364, 1.0, 0.0, 0.0, 0.0, 0.0, 0.0, 0.0, 0.0]",79856,31972,N6,accept,0.44000000000000006,ts,1798,1
"[0.19999999999999993, -0.19999999999999993, -0.25, 0.0, 0.0, 0.0, 0.0, 0.0, 1.0, 0.7441342850554244, 1.0, 0.0, 0.0, 0.0, 0.0, 0.0, 0.0, 0.0]",18185,18219,N6,accept,0.43999999999999995,ts,2310,1
"[0.16666666666666663, -0.16666666666666663, 0.0, 0.0, 0.0, 0.0, 0.0, 0.0, 1.0, 0.8112296656009272, 1.0, 0.0, 0.0, 0.0, 0.0, 0.0, 0.0, 0.0]",147380,152267,N6,dismiss,-0.3,ts,2395,1
"[0.33333333333333337, -0.33333333333333337, -0.42857142857142855, 0.8197674418604651, -0.5555555555555556, 0.0, 0.0, 0.0, 1.0, 0.5288933496043463, 1.0, 0.0, 0.0, 0.0, 0.0, 0.0, 0.0, 0.0]",169335,169349,N6,dismiss,-0.3,ts,762,0
"[0.5636363636363636, -0.5636363636363636, 0.0, -0.024734982332155476, 0.0, 0.0, 0.0, 0.0, 1.0, 0.9149318998851651, 1.0, 0.0, 0.0, 0.0, 0.0, 0.0, 0.0, 0.0]",48999,48997,N6,dismiss,-0.3,ts,2425,0
"[0.15000000000000013, -0.15000000000000013, -0.5289473684210527, -0.24, -0.020000000000000018, 0.0, 0.0, 0.0, 1.0, 0.611692733476693, 1.0, 0.0, 0.0, 0.0, 0.0, 0.0, 0.0, 0.0]",18611,63626,N6,dismiss,-0.3,ts,1529,1
"[0.40972222222222227, -0.40972222222222227, -0.04576760719840025, 0.029304029304029304, -0.391304347826087, 0.0, 0.0, 0.0, 1.0, 0.7793853886700741, 1.0, 0.0, 0.0, 0.0, 0.0, 0.0, 0.0, 0.0]",155648,21089,N6,dismiss,-0.3,ts,1702,1
"[0.7954545454545455, -0.7954545454545455, -0.4296769851951548, -0.0026246719160104987, 0.5333333333333333, 0.0, 0.0, 0.0, 1.0, 0.7434156060173731, 1.0, 0.0, 0.0, 0.0, 0.0, 0.0, 0.0, 0.0]",106733,89765,N6,dismiss,-0.3,ts,1798,0
"[0.8835294117647059, -0.8835294117647059, -0.4411372723234119, -0.04498269896193772, -0.07692307692307693, 0.0, 0.0, 0.0, 1.0, 0.8154967360572816, 1.0, 0.0, 0.0, 0.0, 0.0, 0.0, 0.0, 0.0]",179677,108025,N6,dismiss,-0.3,ts,1834,1
"[0.5636363636363637, -0.5636363636363637, -0.20886075949367092, 0.02346041055718475, 0.6666666666666666, 0.0, 0.0, 0.0, 1.0, 0.7365449697909566, 1.0, 0.0, 0.0, 0.0, 0.0, 0.0, 0.0, 0.0]",116193,107563,N6,dismiss,-0.3,ts,1027,0
"[0.5151515151515151, -0.5151515151515151, -0.060150375939849676, 0.1076923076923077, -0.07142857142857142, 0.0, 0.0, 0.0, 1.0, 0.8404252540200962, 1.0, 0.0, 0.0, 0.0, 0.0, 0.0, 0.0, 0.0]",90175,90182,N6,accept,0.6606060606060606,ts,1153,1
"[0.14, -0.14, -0.44627054361567636, 0.0, 0.0, 0.0, 0.0, 0.0, 1.0, 0.6836643380059366, 1.0, 0.0, 0.0, 0.0, 0.0, 0.0, 0.0, 0.0]",72622,69993,N6,accept,0.398,ts,2204,1
"[0.28571428571428575, -0.28571428571428575, 0.23592419664927214, 0.4583333333333333, -0.1, 0.0, 0.0, 0.0, 1.0, 0.658588363112707, 1.0, 0.0, 0.0, 0.0, 0.0, 0.0, 0.0, 0.0]",139086,127333,N6,dismiss,-0.3,ts,2336,0
"[0.5636363636363636, -0.5636363636363636, 0.0, -0.024734982332155476, 0.0, 0.0, 0.0, 0.0, 1.0, 0.9149318998851651, 1.0, 0.0, 0.0, 0.0, 0.0, 0.0, 0.0, 0.0]",48999,48997,N6,dismiss,-0.3,ts,2795,0
"[0.26470588235294124, -0.26470588235294124, 0.1392694063926941, 0.24, 0.040000000000000036, 0.0, 0.0, 0.0, 1.0, 0.7270201311319596, 1.0, 0.0, 0.0, 0.0, 0.0, 0.0, 0.0, 0.0]",77265,130669,N6,dismiss,-0.3,ts,2414,0
"[0.25, -0.25, 0.0, 0.07453416149068323, 0.13636363636363635, 0.0, 0.0, 0.0, 1.0, 0.7830109453831142, 1.0, 0.0, 0.0, 0.0, 0.0, 0.0, 0.0, 0.0]",43090,117045,N6,dismiss,-0.3,ts,748,0
"[0.41666666666666663, -0.41666666666666663, 0.0333889816360601, -0.02857142857142857, -0.015999999999999945, 0.0, 0.0, 0.0, 1.0, 0.8626753628631801, 1.0, 0.0, 0.0, 0.0, 0.0, 0.0, 0.0, 0.0]",19869,39280,N6,dismiss,-0.3,ts,1012,0
"[0.41935483870967744, -0.41935483870967744, -0.73125, 0.002849002849002849, 0.11428571428571425, 0.0, 0.0, 0.0, 1.0, 0.7041758031942928, 1.0, 0.0, 0.0, 0.0, 0.0, 0.0, 0.0, 0.0]",15686,105899,N6,dismiss,-0.3,ts,1713,1
"[0.10000000000000009, -0.10000000000000009, -0.2588235294117647, -0.975, -0.52, 0.0, 0.0, 0.0, 1.0, 0.48076478481180795, 1.0, 0.0, 0.0, 0.0, 0.0, 0.0, 0.0, 0.0]",91074,16650,N6,accept,0.37000000000000005,ts,940,0
"[0.1666666666666667, -0.1666666666666667, 0.07142857142857142, -0.5081967213114754, 0.06000000000000001, 0.0, 0.0, 0.0, 1.0, 0.6719279802353277, 1.0, 0.0, 0.0, 0.0, 0.0, 0.0, 0.0, 0.0]",118798,71728,N6,accept,0.4166666666666667,ts,818,1
"[0.1764705882352941, -0.1764705882352941, 0.0, 0.05045871559633028, 0.0, 0.0, 0.0, 0.0, 1.0, 0.8002741033846621, 1.0, 0.0, 0.0, 0.0, 0.0, 0.0, 0.0, 0.0]",173998,173997,N6,accept,0.4235294117647058,ts,1875,0
"[0.02631578947368412, -0.02631578947368412, -0.43, 0.019867549668874173, 0.0285714285714286, 0.0, 0.0, 0.0, 1.0, 0.6303211836867184, 1.0, 0.0, 0.0, 0.0, 0.0, 0.0, 0.0, 0.0]",41398,15200,N6,accept,0.3184210526315789,ts,1807,0
"[0.15999999999999998, -0.15999999999999998, -0.18367346938775508, 0.3225806451612903, 0.0571428571428572, 0.0, 0.0, 0.0, 1.0, 0.659874950334628, 1.0, 0.0, 0.0, 0.0, 0.0, 0.0, 0.0, 0.0]",59417,152287,N6,dismiss,-0.3,ts,2645,1
"[0.7, -0.7, -0.4357298474945534, 0.5596330275229358, -0.55, 0.0, 0.0, 0.0, 1.0, 0.6280282458239237, 1.0, 0.0, 0.0, 0.0, 0.0, 0.0, 0.0, 0.0]",164355,145532,N6,dismiss,-0.3,ts,872,0
"[0.09090909090909098, -0.09090909090909098, -0.12200000000000003, 0.09375, 0.5942028985507245, 0.0, 0.0, 0.0, 1.0, 0.6106390525407687, 1.0, 0.0, 0.0, 0.0, 0.0, 0.0, 0.0, 0.0]",162892,117111,N6,dismiss,-0.3,ts,2735,1
"[0.46428571428571436, -0.46428571428571436, -0.5839416058394161, 0.0, 0.0, 0.0, 0.0, 0.0, 1.0, 0.7627289126542207, 1.0, 0.0, 0.0, 0.0, 0.0, 0.0, 0.0, 0.0]",16680,48996,N6,dismiss,-0.3,ts,1642,1
"[0.604, -0.604, -0.49629629629629635, -0.4588235294117647, -0.3684210526315789, 0.0, 0.0, 0.0, 1.0, 0.6356367491076025, 1.0, 0.0, 0.0, 0.0, 0.0, 0.0, 0.0, 0.0]",115396,108025,N6,dismiss,-0.3,ts,1341,0
"[0.8530612244897959, -0.8530612244897959, -0.4003639672429481, 0.4482758620689655, 0.47619047619047616, 0.0, 0.0, 0.0, 1.0, 0.6729637351096623, 1.0, 0.0, 0.0, 0.0, 0.0, 0.0, 0.0, 0.0]",180522,170138,N6,dismiss,-0.3,ts,497,0
"[0.1666666666666667, -0.1666666666666667, -0.1111111111111111, 0.0, 0.0, 0.0, 0.0, 0.0, 1.0, 0.771377146184289, 1.0, 0.0, 0.0, 0.0, 0.0, 0.0, 0.0, 0.0]",167076,71734,N6,dismiss,-0.3,ts,1767,1
"[0.06666666666666672, -0.06666666666666672, -0.38461538461538464, -0.1, 0.12000000000000002, 0.0, 0.0, 0.0, 1.0, 0.6083946646241543, 1.0, 0.0, 0.0, 0.0, 0.0, 0.0, 0.0, 0.0]",57043,135467,N6,dismiss,-0.3,ts,2275,1
"[0.8233766233766233, -0.8233766233766233, -0.64, -0.64, -0.13999999999999999, 0.0, 0.0, 0.0, 1.0, 0.671691167781741, 1.0, 0.0, 0.0, 0.0, 0.0, 0.0, 0.0, 0.0]",122718,66862,N6,accept,0.8763636363636362,ts,2391,0
"[0.05882352941176463, -0.05882352941176463, 0.0, 0.0, 0.0, 0.0, 0.0, 0.0, 1.0, 0.7720017551625592, 1.0, 0.0, 0.0, 0.0, 0.0, 0.0, 0.0, 0.0]",56819,152421,N6,dismiss,-0.3,ts,1123,1
"[0.55, -0.55, -0.31050000000000005, 0.0, 0.0, 0.0, 0.0, 0.0, 1.0, 0.8269268776196401, 1.0, 0.0, 0.0, 0.0, 0.0, 0.0, 0.0, 0.0]",112476,141749,N6,dismiss,-0.3,ts,1315,1
"[0.5636363636363637, -0.5636363636363637, -0.16666666666666666, -0.0169971671388102, 0.5714285714285714, 0.0, 0.0, 0.0, 1.0, 0.7583006312428955, 1.0, 0.0, 0.0, 0.0, 0.0, 0.0, 0.0, 0.0]",87721,107659,N6,dismiss,-0.3,ts,2221,1
"[0.02500000000000002, -0.02500000000000002, -0.1863303498779495, 0.02, -0.07999999999999999, 0.0, 0.0, 0.0, 1.0, 0.6690903795112921, 1.0, 0.0, 0.0, 0.0, 0.0, 0.0, 0.0, 0.0]",130430,62539,N6,accept,0.3175,ts,970,0
"[0.1428571428571428, -0.1428571428571428, 0.0, -0.75, -0.44000000000000006, 0.0, 0.0, 0.0, 1.0, 0.5984532043847945, 1.0, 0.0, 0.0, 0.0, 0.0, 0.0, 0.0, 0.0]",50807,81128,N6,dismiss,-0.3,ts,2161,1
"[0.5, -0.5, -0.3970455230630088, 1.0, -0.52, 0.0, 0.0, 0.0, 1.0, 0.5578328352552592, 1.0, 0.0, 0.0, 0.0, 0.0, 0.0, 0.0, 0.0]",117335,169349,N6,dismiss,-0.3,ts,1502,0
"[0.415625, -0.415625, 0.1312500000000001, 0.0, 0.0, 0.0, 0.0, 0.0, 1.0, 0.8422044928641546, 1.0, 0.0, 0.0, 0.0, 0.0, 0.0, 0.0, 0.0]",152421,15139,N3,dismiss,-0.3,ts,2294,1
"[0.9430803571428572, -0.9430803571428572, 0.2222222222222222, -0.9233333333333333, -0.7363636363636363, 0.0, 0.0, 0.0, 1.0, 0.6584131200916746, 1.0, 0.0, 0.0, 0.0, 0.0, 0.0, 0.0, 0.0]",51061,51572,N6,dismiss,-0.3,ts,1025,1
"[0.20000000000000007, -0.20000000000000007, -0.0016666666666666904, 0.019943019943019943, -0.5, 0.0, 0.0, 0.0, 1.0, 0.7214793530593256, 1.0, 0.0, 0.0, 0.0, 0.0, 0.0, 0.0, 0.0]",15534,135482,N6,dismiss,-0.3,ts,435,1
"[0.02500000000000002, -0.02500000000000002, 0.20627261761158033, -0.1, -0.039999999999999994, 0.0, 0.0, 0.0, 1.0, 0.653040323250587, 1.0, 0.0, 0.0, 0.0, 0.0, 0.0, 0.0, 0.0]",151774,62503,N6,dismiss,-0.3,ts,2502,1
"[0.3508064516129032, -0.3508064516129032, -0.50017850767583, 0.09142857142857143, -0.24, 0.0, 0.0, 0.0, 1.0, 0.6619198091492486, 1.0, 0.0, 0.0, 0.0, 0.0, 0.0, 0.0, 0.0]",89602,103705,N6,dismiss,-0.3,ts,632,1
"[0.3636363636363637, -0.3636363636363637, 0.14285714285714285, 0.028169014084507043, 0.36363636363636365, 0.0, 0.0, 0.0, 1.0, 0.7388385917974343, 1.0, 0.0, 0.0, 0.0, 0.0, 0.0, 0.0, 0.0]",123011,123174,N6,dismiss,-0.3,ts,2916,0
"[0.0555555555555556, -0.0555555555555556, -0.05649999999999995, -0.32608695652173914, -0.15999999999999998, 0.0, 0.0, 0.0, 1.0, 0.6364745482894184, 1.0, 0.0, 0.0, 0.0, 0.0, 0.0, 0.0, 0.0]",155815,79359,N6,dismiss,-0.3,ts,2000,0
"[0.4235294117647059, -0.4235294117647059, 0.0, 0.46, -0.11999999999999997, 0.0, 0.0, 0.0, 1.0, 0.7681937490550494, 1.0, 0.0, 0.0, 0.0, 0.0, 0.0, 0.0, 0.0]",87406,125786,N6,accept,0.5964705882352941,ts,2830,0
"[0.25, -0.25, -0.5940460081190798, -0.0546448087431694, 1.0, 0.0, 0.0, 0.0, 1.0, 0.5370968143236092, 1.0, 0.0, 0.0, 0.0, 0.0, 0.0, 0.0, 0.0]",189368,117045,N3,accept,0.475,ts,2293,1
"[0.09999999999999998, -0.09999999999999998, -0.0690846286701209, 0.0, 0.13636363636363635, 0.0, 0.0, 0.0, 1.0, 0.7256065692853766, 1.0, 0.0, 0.0, 0.0, 0.0, 0.0, 0.0, 0.0]",16912,123848,N6,dismiss,-0.3,ts,531,0
"[0.6851851851851852, -0.6851851851851852, -0.030371567043618666, -0.20923076923076922, -0.3541666666666667, 0.0, 0.0, 0.0, 1.0, 0.8040452833533511, 1.0, 0.0, 0.0, 0.0, 0.0, 0.0, 0.0, 0.0]",41414,20089,N6,dismiss,-0.3,ts,2336,1
"[0.20000000000000004, -0.20000000000000004, 0.21428571428571427, -0.75, -0.44000000000000006, 0.0, 0.0, 0.0, 1.0, 0.5488029253936105, 1.0, 0.0, 0.0, 0.0, 0.0, 0.0, 0.0, 0.0]",39150,18334,N6,dismiss,-0.3,ts,2365,0
"[0.09090909090909086, -0.09090909090909086, 0.09717868338557999, 0.3394495412844037, 0.0, 0.0, 0.0, 0.0, 1.0, 0.6746301399931264, 1.0, 0.0, 0.0, 0.0, 0.0, 0.0, 0.0, 0.0]",182863,39888,N6,accept,0.3636363636363636,ts,1597,1
"[0.40540540540540543, -0.40540540540540543, -0.16701461377870563, -0.13479623824451412, -0.2857142857142857, 0.0, 0.0, 0.0, 1.0, 0.7281663812220941, 1.0, 0.0, 0.0, 0.0, 0.0, 0.0, 0.0, 0.0]",63924,48998,N6,accept,0.5837837837837838,ts,2146,1
"[0.2000000000000001, -0.2000000000000001, -0.09945027486256881, 0.2037037037037037, -0.1, 0.0, 0.0, 0.0, 1.0, 0.7093700050185426, 1.0, 0.0, 0.0, 0.0, 0.0, 0.0, 0.0, 0.0]",146547,83435,N6,dismiss,-0.3,ts,1582,1
"[0.36000000000000004, -0.36000000000000004, -0.4222222222222222, -0.5219298245614035, 0.625, 0.0, 0.0, 0.0, 1.0, 0.5549958897272307, 1.0, 0.0, 0.0, 0.0, 0.0, 0.0, 0.0, 0.0]",118876,169893,N6,accept,0.552,ts,1037,1
"[0.5599999999999999, -0.5599999999999999, 0.0013342228152101116, 0.014035087719298246, 0.03571428571428559, 0.0, 0.0, 0.0, 1.0, 0.9064267245263649, 1.0, 0.0, 0.0, 0.0, 0.0, 0.0, 0.0, 0.0]",104485,114138,N6,dismiss,-0.3,ts,670,0
"[0.25, -0.25, 0.0, 0.0, 0.0, 0.0, 0.0, 0.0, 1.0, 0.8395893495876965, 1.0, 0.0, 0.0, 0.0, 0.0, 0.0, 0.0, 0.0]",117053,117045,N6,accept,0.475,ts,1801,0
"[0.12499999999999988, -0.12499999999999988, 0.10010010010010009, -0.40816326530612246, 0.16666666666666666, 0.0, 0.0, 0.0, 1.0, 0.6338342497514019, 1.0, 0.0, 0.0, 0.0, 0.0, 0.0, 0.0, 0.0]",155975,180522,N6,dismiss,-0.3,ts,2986,0
"[0.24999999999999997, -0.24999999999999997, 0.11420612813370477, -0.15950920245398773, 0.0, 0.0, 0.0, 0.0, 1.0, 0.7577778993431036, 1.0, 0.0, 0.0, 0.0, 0.0, 0.0, 0.0, 0.0]",155669,115289,N6,dismiss,-0.3,ts,2380,0
"[0.5, -0.5, -0.3970455230630088, 1.0, -0.52, 0.0, 0.0, 0.0, 1.0, 0.5578328352552592, 1.0, 0.0, 0.0, 0.0, 0.0, 0.0, 0.0, 0.0]",117335,169349,N6,dismiss,-0.3,ts,1328,0
"[0.35000000000000003, -0.35000000000000003, 0.027816411682892905, -0.42724458204334365, -0.31999999999999995, 0.0, 0.0, 0.0, 1.0, 0.702483663576583, 1.0, 0.0, 0.0, 0.0, 0.0, 0.0, 0.0, 0.0]",87863,175208,N6,dismiss,-0.3,ts,2275,1
"[0.9430803571428572, -0.9430803571428572, 0.2222222222222222, -0.9233333333333333, -0.7363636363636363, 0.0, 0.0, 0.0, 1.0, 0.6584131200916746, 1.0, 0.0, 0.0, 0.0, 0.0, 0.0, 0.0, 0.0]",51061,51572,N6,accept,0.96015625,ts,571,1
"[0.047619047619047596, -0.047619047619047596, -0.16684045881126172, 0.0, -0.02439024390243908, 0.0, 0.0, 0.0, 1.0, 0.7039418203838728, 1.0, 0.0, 0.0, 0.0, 0.0, 0.0, 0.0, 0.0]",154624,53366,N6,dismiss,-0.3,ts,2784,1
"[0.3333333333333333, -0.3333333333333333, -0.48406676783004554, -0.44761904761904764, -0.6129032258064516, 0.0, 0.0, 0.0, 1.0, 0.546792220645576, 1.0, 0.0, 0.0, 0.0, 0.0, 0.0, 0.0, 0.0]",170138,175100,N6,accept,0.5333333333333333,ts,1675,0
"[0.3636363636363637, -0.3636363636363637, 0.0, 0.039886039886039885, 0.15384615384615385, 0.0, 0.0, 0.0, 1.0, 0.8230466725244279, 1.0, 0.0, 0.0, 0.0, 0.0, 0.0, 0.0, 0.0]",123002,123174,N6,dismiss,-0.3,ts,2648,0
"[0.19999999999999998, -0.19999999999999998, -0.2417739628040058, -0.1990521327014218, 0.0, 0.0, 0.0, 0.0, 1.0, 0.6968853300062658, 1.0, 0.0, 0.0, 0.0, 0.0, 0.0, 0.0, 0.0]",19708,19720,N6,accept,0.43999999999999995,ts,2053,1
"[0.305327868852459, -0.305327868852459, 0.16486261448792677, 0.014285714285714285, 0.0, 0.0, 0.0, 0.0, 1.0, 0.796710707014152, 1.0, 0.0, 0.0, 0.0, 0.0, 0.0, 0.0, 0.0]",64290,146721,N6,accept,0.5137295081967213,ts,1765,1
"[0.2, -0.2, -0.425, -0.1678832116788321, -0.26666666666666666, 0.0, 0.0, 0.0, 1.0, 0.603526579115756, 1.0, 0.0, 0.0, 0.0, 0.0, 0.0, 0.0, 0.0]",115289,178949,N6,accept,0.43999999999999995,ts,786,0
"[0.18749999999999997, -0.18749999999999997, -0.3652501344809037, -0.02857142857142857, 0.043478260869565216, 0.0, 0.0, 0.0, 1.0, 0.6940254038479327, 1.0, 0.0, 0.0, 0.0, 0.0, 0.0, 0.0, 0.0]",84737,92709,N6,dismiss,-0.3,ts,2569,0
"[0.20000000000000007, -0.20000000000000007, -0.018032786885245924, 1.0, 0.74, 0.0, 0.0, 0.0, 1.0, 0.5608166915972946, 1.0, 0.0, 0.0, 0.0, 0.0, 0.0, 0.0, 0.0]",79856,135483,N6,dismiss,-0.3,ts,1318,1
"[0.648, -0.648, 0.12880765883376852, 0.20863309352517986, 1.0, 0.0, 0.0, 0.0, 1.0, 0.693548136379965, 1.0, 0.0, 0.0, 0.0, 0.0, 0.0, 0.0, 0.0]",185576,107554,N6,dismiss,-0.3,ts,1999,1
"[0.6375, -0.6375, 0.0, -0.02158273381294964, 0.0, 0.0, 0.0, 0.0, 1.0, 0.9293128096864788, 1.0, 0.0, 0.0, 0.0, 0.0, 0.0, 0.0, 0.0]",85325,40258,N6,dismiss,-0.3,ts,946,0
"[0.25000000000000006, -0.25000000000000006, 0.24608967674661097, -0.42924528301886794, 0.4117647058823529, 0.0, 0.0, 0.0, 1.0, 0.5912500777360127, 1.0, 0.0, 0.0, 0.0, 0.0, 0.0, 0.0, 0.0]",55882,86760,N6,dismiss,-0.3,ts,2659,1
"[0.24999999999999997, -0.24999999999999997, -0.27846265409717186, 0.0, 0.0, 0.0, 0.0, 0.0, 1.0, 0.7541829612825312, 1.0, 0.0, 0.0, 0.0, 0.0, 0.0, 0.0, 0.0]",141746,174748,N6,accept,0.475,ts,1918,0
"[0.35714285714285715, -0.35714285714285715, -0.3704, 0.06989247311827956, -0.4411764705882353, 0.0, 0.0, 0.0, 1.0, 0.6602837202553663, 1.0, 0.0, 0.0, 0.0, 0.0, 0.0, 0.0, 0.0]",151762,130324,N6,dismiss,-0.3,ts,2583,0
"[0.305327868852459, -0.305327868852459, -0.2527060782681099, 0.014285714285714285, 0.0, 0.0, 0.0, 0.0, 1.0, 0.7735378245997745, 1.0, 0.0, 0.0, 0.0, 0.0, 0.0, 0.0, 0.0]",64290,143110,N6,accept,0.5137295081967213,ts,1045,1
"[0.5757575757575757, -0.5757575757575757, -0.35118525021949076, -0.15176151761517614, 0.5833333333333334, 0.0, 0.0, 0.0, 1.0, 0.6810559444621563, 1.0, 0.0, 0.0, 0.0, 0.0, 0.0, 0.0, 0.0]",141852,16911,N6,dismiss,-0.3,ts,2180,1
"[0.25000000000000006, -0.25000000000000006, -0.0646666666666667, -0.10112359550561797, 0.19718309859154937, 0.0, 0.0, 0.0, 1.0, 0.7389755735892841, 1.0, 0.0, 0.0, 0.0, 0.0, 0.0, 0.0, 0.0]",147103,127487,N6,dismiss,-0.3,ts,2530,1
"[0.803921568627451, -0.803921568627451, -0.08883826879271067, 0.1198501872659176, 0.2, 0.0, 0.0, 0.0, 1.0, 0.8448801992788986, 1.0, 0.0, 0.0, 0.0, 0.0, 0.0, 0.0, 0.0]",39429,104684,N3,dismiss,-0.3,ts,1044,1
"[0.09999999999999991, -0.09999999999999991, -0.715307582260372, 0.0, 0.0, 0.0, 0.0, 0.0, 1.0, 0.6350536090371364, 1.0, 0.0, 0.0, 0.0, 0.0, 0.0, 0.0, 0.0]",16689,16809,N6,dismiss,-0.3,ts,2140,0
"[0.47058823529411764, -0.47058823529411764, 0.15384615384615385, 1.0, 0.6599999999999999, 0.0, 0.0, 0.0, 1.0, 0.5943309476945812, 1.0, 0.0, 0.0, 0.0, 0.0, 0.0, 0.0, 0.0]",37982,133969,N6,dismiss,-0.3,ts,1531,0
"[0.3333333333333333, -0.3333333333333333, -0.36, -0.8966666666666666, -0.9090909090909091, 0.0, 0.0, 0.0, 1.0, 0.5121885165285073, 1.0, 0.0, 0.0, 0.0, 0.0, 0.0, 0.0, 0.0]",41388,40998,N6,accept,0.5333333333333333,ts,447,0
"[0.142857142857143, -0.142857142857143, -0.06, 0.2119205298013245, -0.020000000000000018, 0.0, 0.0, 0.0, 1.0, 0.722447932511648, 1.0, 0.0, 0.0, 0.0, 0.0, 0.0, 0.0, 0.0]",108112,83437,N6,dismiss,-0.3,ts,524,1
"[0.12499999999999988, -0.12499999999999988, 0.21153846153846154, 0.049723756906077346, 0.05555555555555555, 0.0, 0.0, 0.0, 1.0, 0.6973654663264208, 1.0, 0.0, 0.0, 0.0, 0.0, 0.0, 0.0, 0.0]",146678,180524,N6,dismiss,-0.3,ts,2799,1
"[0.24999999999999997, -0.24999999999999997, 0.11420612813370477, -0.15950920245398773, 0.0, 0.0, 0.0, 0.0, 1.0, 0.7577778993431036, 1.0, 0.0, 0.0, 0.0, 0.0, 0.0, 0.0, 0.0]",155669,115289,N6,dismiss,-0.3,ts,802,0
"[0.2941176470588236, -0.2941176470588236, 0.0, 1.0, 0.22000000000000003, 0.0, 0.0, 0.0, 1.0, 0.6533578724024277, 1.0, 0.0, 0.0, 0.0, 0.0, 0.0, 0.0, 0.0]",51572,50956,N6,accept,0.5058823529411764,ts,2983,0
"[0.015151515151515166, -0.015151515151515166, -0.45454545454545453, -0.14, -0.039999999999999994, 0.0, 0.0, 0.0, 1.0, 0.5880939175915992, 1.0, 0.0, 0.0, 0.0, 0.0, 0.0, 0.0, 0.0]",141703,135298,N6,dismiss,-0.3,ts,2935,1
"[0.7954545454545455, -0.7954545454545455, -0.058333333333333376, 0.08571428571428572, 1.0, 0.0, 0.0, 0.0, 1.0, 0.7646405915394846, 1.0, 0.0, 0.0, 0.0, 0.0, 0.0, 0.0, 0.0]",30082,89765,N6,dismiss,-0.3,ts,1049,0
"[0.18367346938775517, -0.18367346938775517, -0.10618519842688591, -0.0030864197530864196, -0.1, 0.0, 0.0, 0.0, 1.0, 0.7508057125173901, 1.0, 0.0, 0.0, 0.0, 0.0, 0.0, 0.0, 0.0]",135547,174942,N6,dismiss,-0.3,ts,2564,1
"[0.0666666666666666, -0.0666666666666666, 0.0, -0.2328767123287671, 0.1111111111111111, 0.0, 0.0, 0.0, 1.0, 0.689176913736021, 1.0, 0.0, 0.0, 0.0, 0.0, 0.0, 0.0, 0.0]",127690,139086,N6,dismiss,-0.3,ts,1431,1
"[0.1200000000000001, -0.1200000000000001, 0.1455847255369929, -0.08011869436201781, -0.52, 0.0, 0.0, 0.0, 1.0, 0.6248074521533694, 1.0, 0.0, 0.0, 0.0, 0.0, 0.0, 0.0, 0.0]",57278,59423,N6,accept,0.38400000000000006,ts,1930,0
"[0.047619047619047505, -0.047619047619047505, -0.49874686716791977, 0.0, 0.0, 0.0, 0.0, 0.0, 1.0, 0.6415873556454346, 1.0, 0.0, 0.0, 0.0, 0.0, 0.0, 0.0, 0.0]",111106,18064,N6,accept,0.33333333333333326,ts,1338,1
"[0.7843137254901961, -0.7843137254901961, 0.17994100294985255, 1.0, -0.6363636363636364, 0.0, 0.0, 0.0, 1.0, 0.6485163998686077, 1.0, 0.0, 0.0, 0.0, 0.0, 0.0, 0.0, 0.0]",120916,169349,N6,dismiss,-0.3,ts,1716,0
"[0.3142857142857143, -0.3142857142857143, -0.43762441937624424, -0.011396011396011397, 0.5714285714285714, 0.0, 0.0, 0.0, 1.0, 0.6376457195707799, 1.0, 0.0, 0.0, 0.0, 0.0, 0.0, 0.0, 0.0]",74278,108828,N6,dismiss,-0.3,ts,2968,0
"[0.20000000000000004, -0.20000000000000004, -0.3409090909090909, 0.0, 0.0, 0.0, 0.0, 0.0, 1.0, 0.7239674946003922, 1.0, 0.0, 0.0, 0.0, 0.0, 0.0, 0.0, 0.0]",51022,70828,N3,dismiss,-0.3,ts,1546,1
"[0.5, -0.5, -0.28622540250447226, 0.2619718309859155, 1.0, 0.0, 0.0, 0.0, 1.0, 0.620464255263077, 1.0, 0.0, 0.0, 0.0, 0.0, 0.0, 0.0, 0.0]",88157,86748,N6,dismiss,-0.3,ts,2852,1
"[0.4444444444444445, -0.4444444444444445, 0.158311345646438, -0.7, -0.72, 0.0, 0.0, 0.0, 1.0, 0.6139455672327484, 1.0, 0.0, 0.0, 0.0, 0.0, 0.0, 0.0, 0.0]",145573,110076,N6,accept,0.6111111111111112,ts,2239,1
"[0.375, -0.375, -0.36161335187760785, -0.2, -0.18, 0.0, 0.0, 0.0, 1.0, 0.679693785618543, 1.0, 0.0, 0.0, 0.0, 0.0, 0.0, 0.0, 0.0]",63907,113027,N6,dismiss,-0.3,ts,2842,0
"[0.3636363636363637, -0.3636363636363637, 0.0, 0.0, 0.0, 0.0, 0.0, 0.0, 1.0, 0.8742764353476687, 1.0, 0.0, 0.0, 0.0, 0.0, 0.0, 0.0, 0.0]",123054,123174,N6,dismiss,-0.3,ts,1260,0
"[0.014492753623188259, -0.014492753623188259, 0.211283185840708, -0.26, 0.0, 0.0, 0.0, 0.0, 1.0, 0.6256845598961668, 1.0, 0.0, 0.0, 0.0, 0.0, 0.0, 0.0, 0.0]",79808,77265,N6,accept,0.3101449275362318,ts,1742,0
"[0.5588235294117647, -0.5588235294117647, 0.1111111111111111, 0.0, 0.0, 0.0, 0.0, 0.0, 1.0, 0.8813657870885948, 1.0, 0.0, 0.0, 0.0, 0.0, 0.0, 0.0, 0.0]",167076,18598,N6,dismiss,-0.3,ts,1899,0
"[0.7916666666666666, -0.7916666666666666, -0.4404404404404405, 0.02040816326530612, 0.14583333333333337, 0.0, 0.0, 0.0, 1.0, 0.7963874583805478, 1.0, 0.0, 0.0, 0.0, 0.0, 0.0, 0.0, 0.0]",16681,16728,N6,dismiss,-0.3,ts,2349,1
"[0.28571428571428564, -0.28571428571428564, -0.23166472642607688, 0.0, 0.0, 0.0, 0.0, 0.0, 1.0, 0.7768687472321425, 1.0, 0.0, 0.0, 0.0, 0.0, 0.0, 0.0, 0.0]",93923,72620,N6,accept,0.4999999999999999,ts,2145,1
"[0.7600000000000001, -0.7600000000000001, 0.0, 0.0, 0.0, 0.0, 0.0, 0.0, 1.0, 0.9536035234414215, 1.0, 0.0, 0.0, 0.0, 0.0, 0.0, 0.0, 0.0]",141769,141753,N6,dismiss,-0.3,ts,846,1
"[0.8214285714285714, -0.8214285714285714, -0.012517385257301885, 0.022900763358778626, 0.06666666666666667, 0.0, 0.0, 0.0, 1.0, 0.9304158681241259, 1.0, 0.0, 0.0, 0.0, 0.0, 0.0, 0.0, 0.0]",110096,170956,N6,dismiss,-0.3,ts,1126,1
"[0.25, -0.25, 0.0, 0.0, 0.0, 0.0, 0.0, 0.0, 1.0, 0.8395893495876965, 1.0, 0.0, 0.0, 0.0, 0.0, 0.0, 0.0, 0.0]",116939,117045,N6,dismiss,-0.3,ts,939,0
"[0.7058823529411765, -0.7058823529411765, 0.0, -0.4680232558139535, 0.18518518518518517, 0.0, 0.0, 0.0, 1.0, 0.8087013601263905, 1.0, 0.0, 0.0, 0.0, 0.0, 0.0, 0.0, 0.0]",104685,104681,N6,dismiss,-0.3,ts,931,1
"[0.11904761904761903, -0.11904761904761903, 0.0, -0.11564625850340136, 0.06666666666666662, 0.0, 0.0, 0.0, 1.0, 0.7444764079184683, 1.0, 0.0, 0.0, 0.0, 0.0, 0.0, 0.0, 0.0]",91970,91969,N6,dismiss,-0.3,ts,1826,1
"[0.06666666666666672, -0.06666666666666672, 0.0, 0.13541666666666666, 0.09090909090909091, 0.0, 0.0, 0.0, 1.0, 0.7143914778295586, 1.0, 0.0, 0.0, 0.0, 0.0, 0.0, 0.0, 0.0]",139805,115245,N6,dismiss,-0.3,ts,2683,0
"[0.20000000000000004, -0.20000000000000004, -0.32, -0.75, -0.44000000000000006, 0.0, 0.0, 0.0, 1.0, 0.5239735986960091, 1.0, 0.0, 0.0, 0.0, 0.0, 0.0, 0.0, 0.0]",69485,18334,N6,dismiss,-0.3,ts,1728,0
"[0.04545454545454549, -0.04545454545454549, -0.0646666666666667, -0.008264462809917356, -0.22727272727272727, 0.0, 0.0, 0.0, 1.0, 0.6855067967400382, 1.0, 0.0, 0.0, 0.0, 0.0, 0.0, 0.0, 0.0]",138639,127487,N6,dismiss,-0.3,ts,2026,0
"[0.604, -0.604, -0.49629629629629635, -0.4588235294117647, -0.3684210526315789, 0.0, 0.0, 0.0, 1.0, 0.6356367491076025, 1.0, 0.0, 0.0, 0.0, 0.0, 0.0, 0.0, 0.0]",115396,108025,N6,dismiss,-0.3,ts,1109,0
"[0.33333333333333337, -0.33333333333333337, -0.5833333333333334, 0.0, 0.0, 0.0, 0.0, 0.0, 1.0, 0.727809934097922, 1.0, 0.0, 0.0, 0.0, 0.0, 0.0, 0.0, 0.0]",112487,38636,N6,dismiss,-0.3,ts,2670,0
"[0.6363636363636364, -0.6363636363636364, 0.19956379498364232, -0.1111111111111111, -0.07999999999999999, 0.0, 0.0, 0.0, 1.0, 0.8175716886951709, 1.0, 0.0, 0.0, 0.0, 0.0, 0.0, 0.0, 0.0]",82102,74186,N6,dismiss,-0.3,ts,2472,1
"[0.14, -0.14, -0.3363636363636364, 0.0, 0.0, 0.0, 0.0, 0.0, 1.0, 0.7038046069838829, 1.0, 0.0, 0.0, 0.0, 0.0, 0.0, 0.0, 0.0]",72620,69993,N6,dismiss,-0.3,ts,1262,0
"[0.35714285714285715, -0.35714285714285715, -0.474457429048414, 0.19161676646706588, 0.18, 0.0, 0.0, 0.0, 1.0, 0.6567659345869298, 1.0, 0.0, 0.0, 0.0, 0.0, 0.0, 0.0, 0.0]",44189,130324,N6,accept,0.55,ts,2591,0
"[0.296, -0.296, -0.12025316455696208, -0.04788732394366197, 0.0, 0.0, 0.0, 0.0, 1.0, 0.7977848835774047, 1.0, 0.0, 0.0, 0.0, 0.0, 0.0, 0.0, 0.0]",109421,108746,N6,dismiss,-0.3,ts,1804,1
"[0.20000000000000007, -0.20000000000000007, -0.20398009950248752, -0.008547008547008548, 0.0, 0.0, 0.0, 0.0, 1.0, 0.7532869108470774, 1.0, 0.0, 0.0, 0.0, 0.0, 0.0, 0.0, 0.0]",72081,31966,N6,dismiss,-0.3,ts,1210,1
"[0.4714285714285714, -0.4714285714285714, -0.4379562043795621, 0.18478260869565216, 0.4, 0.0, 0.0, 0.0, 1.0, 0.6565714375065376, 1.0, 0.0, 0.0, 0.0, 0.0, 0.0, 0.0, 0.0]",16680,63923,N6,accept,0.6299999999999999,ts,2742,1
"[0.09883720930232553, -0.09883720930232553, 0.04084778420038544, 0.019886363636363636, 0.24999999999999997, 0.0, 0.0, 0.0, 1.0, 0.7062360331845564, 1.0, 0.0, 0.0, 0.0, 0.0, 0.0, 0.0, 0.0]",54520,85287,N6,dismiss,-0.3,ts,2596,1
"[0.1250000000000001, -0.1250000000000001, 0.16218749999999993, 0.0, 0.0, 0.0, 0.0, 0.0, 1.0, 0.7409291148542603, 1.0, 0.0, 0.0, 0.0, 0.0, 0.0, 0.0, 0.0]",152421,55412,N6,dismiss,-0.3,ts,1634,0
"[0.20000000000000004, -0.20000000000000004, -0.5272727272727272, 0.1978021978021978, 0.3, 0.0, 0.0, 0.0, 1.0, 0.5758109939927043, 1.0, 0.0, 0.0, 0.0, 0.0, 0.0, 0.0, 0.0]",127600,169893,N6,accept,0.44,ts,1555,1
"[0.09523809523809519, -0.09523809523809519, -0.16666666666666666, -0.03741496598639456, 0.1111111111111111, 0.0, 0.0, 0.0, 1.0, 0.6880753628815747, 1.0, 0.0, 0.0, 0.0, 0.0, 0.0, 0.0, 0.0]",91970,38840,N6,accept,0.3666666666666666,ts,1248,1
"[0.20000000000000004, -0.20000000000000004, -0.44341372912801486, 0.08761329305135952, -0.07142857142857142, 0.0, 0.0, 0.0, 1.0, 0.6611419918461581, 1.0, 0.0, 0.0, 0.0, 0.0, 0.0, 0.0, 0.0]",63911,90182,N6,dismiss,-0.3,ts,811,0
"[0.5599999999999999, -0.5599999999999999, -0.04264577893820715, 0.34532374100719426, 1.0, 0.0, 0.0, 0.0, 1.0, 0.6938965752446645, 1.0, 0.0, 0.0, 0.0, 0.0, 0.0, 0.0, 0.0]",185577,89763,N6,dismiss,-0.3,ts,768,1
"[0.1428571428571428, -0.1428571428571428, 0.0, -0.75, -0.44000000000000006, 0.0, 0.0, 0.0, 1.0, 0.5984532043847945, 1.0, 0.0, 0.0, 0.0, 0.0, 0.0, 0.0, 0.0]",50807,81128,N6,dismiss,-0.3,ts,1006,1
"[0.6, -0.6, -0.2823913043478261, -0.5638977635782748, 0.9166666666666666, 0.0, 0.0, 0.0, 1.0, 0.6153150968046196, 1.0, 0.0, 0.0, 0.0, 0.0, 0.0, 0.0, 0.0]",128295,120787,N6,dismiss,-0.3,ts,649,1
"[0.3, -0.3, -0.09400544959128067, -0.4808510638297872, 0.35714285714285715, 0.0, 0.0, 0.0, 1.0, 0.6519633916210341, 1.0, 0.0, 0.0, 0.0, 0.0, 0.0, 0.0, 0.0]",156584,185563,N6,dismiss,-0.3,ts,2073,1
"[0.5, -0.5, -0.3970455230630088, 1.0, -0.52, 0.0, 0.0, 0.0, 1.0, 0.5578328352552592, 1.0, 0.0, 0.0, 0.0, 0.0, 0.0, 0.0, 0.0]",117335,169349,N6,dismiss,-0.3,ts,1814,0
"[0.04895104895104884, -0.04895104895104884, -0.7835593220338983, -0.14285714285714285, -0.08333333333333333, 0.0, 0.0, 0.0, 1.0, 0.5497466771336185, 1.0, 0.0, 0.0, 0.0, 0.0, 0.0, 0.0, 0.0]",48548,115323,N6,dismiss,-0.3,ts,2151,1
"[0.2380952380952381, -0.2380952380952381, -0.10071428571428567, -0.22448979591836735, 0.05555555555555555, 0.0, 0.0, 0.0, 1.0, 0.7291538875149957, 1.0, 0.0, 0.0, 0.0, 0.0, 0.0, 0.0, 0.0]",166142,144703,N6,dismiss,-0.3,ts,1881,0
"[0.4, -0.28, -0.2697495183044316, -0.18333333333333332, 1.0, 0.0, 0.0, 0.0, 1.0, 0.586722181322074, 1.0, 0.0, 0.0, 0.0, 0.0, 0.0, 0.0, 0.0]",16718,42569,N6,dismiss,-0.3,ts,2662,0
"[0.11627906976744183, -0.11627906976744183, 0.0, -0.034129692832764506, 0.0638297872340425, 0.0, 0.0, 0.0, 1.0, 0.7652934573031218, 1.0, 0.0, 0.0, 0.0, 0.0, 0.0, 0.0, 0.0]",33338,38840,N6,dismiss,-0.3,ts,2840,1
"[0.1666666666666667, -0.1666666666666667, 0.1111111111111111, 1.0, 0.44000000000000006, 0.0, 0.0, 0.0, 1.0, 0.53769314130362, 1.0, 0.0, 0.0, 0.0, 0.0, 0.0, 0.0, 0.0]",81128,18598,N6,dismiss,-0.3,ts,2499,1
"[0.1764705882352941, -0.1764705882352941, 0.0, 0.05045871559633028, 0.0, 0.0, 0.0, 0.0, 1.0, 0.8002741033846621, 1.0, 0.0, 0.0, 0.0, 0.0, 0.0, 0.0, 0.0]",173998,173997,N6,dismiss,-0.3,ts,1585,0
"[0.3636363636363637, -0.3636363636363637, 0.0, 0.0, 0.0, 0.0, 0.0, 0.0, 1.0, 0.8742764353476687, 1.0, 0.0, 0.0, 0.0, 0.0, 0.0, 0.0, 0.0]",123031,123174,N6,dismiss,-0.3,ts,594,0
"[0.5599999999999999, -0.5599999999999999, -0.04264577893820715, 0.34532374100719426, 1.0, 0.0, 0.0, 0.0, 1.0, 0.6938965752446645, 1.0, 0.0, 0.0, 0.0, 0.0, 0.0, 0.0, 0.0]",185577,89763,N6,dismiss,-0.3,ts,2654,1
"[0.4, -0.4, -0.567139282735613, 0.0, 0.0, 0.0, 0.0, 0.0, 1.0, 0.7485932097527251, 1.0, 0.0, 0.0, 0.0, 0.0, 0.0, 0.0, 0.0]",63869,16722,N6,dismiss,-0.3,ts,2811,1
"[0.6875, -0.6875, -0.4357298474945534, -0.052924791086350974, 0.396551724137931, 0.0, 0.0, 0.0, 1.0, 0.7300701540116802, 1.0, 0.0, 0.0, 0.0, 0.0, 0.0, 0.0, 0.0]",158412,145532,N6,dismiss,-0.3,ts,469,0
"[0.1250000000000001, -0.1250000000000001, 0.1111111111111111, 0.0, 0.0, 0.0, 0.0, 0.0, 1.0, 0.7564807805603966, 1.0, 0.0, 0.0, 0.0, 0.0, 0.0, 0.0, 0.0]",62598,29449,N6,dismiss,-0.3,ts,414,0
"[0.08928571428571436, -0.08928571428571436, -0.26666666666666666, -0.9233333333333333, -0.7363636363636363, 0.0, 0.0, 0.0, 1.0, 0.45867183971799486, 1.0, 0.0, 0.0, 0.0, 0.0, 0.0, 0.0, 0.0]",41373,51572,N6,dismiss,-0.3,ts,1149,0
"[0.5636363636363637, -0.5636363636363637, -0.502322495023225, 0.10826210826210826, 0.7142857142857143, 0.0, 0.0, 0.0, 1.0, 0.652151370242026, 1.0, 0.0, 0.0, 0.0, 0.0, 0.0, 0.0, 0.0]",43335,107588,N6,dismiss,-0.3,ts,2809,1
"[0.3647540983606557, -0.3647540983606557, -0.1564647095565272, 0.011267605633802818, 0.0, 0.0, 0.0, 0.0, 1.0, 0.8175095715905534, 1.0, 0.0, 0.0, 0.0, 0.0, 0.0, 0.0, 0.0]",41679,85287,N6,accept,0.555327868852459,ts,1557,1
"[0.3142857142857143, -0.3142857142857143, -0.43762441937624424, -0.011396011396011397, 0.5714285714285714, 0.0, 0.0, 0.0, 1.0, 0.6376457195707799, 1.0, 0.0, 0.0, 0.0, 0.0, 0.0, 0.0, 0.0]",74278,108828,N6,dismiss,-0.3,ts,928,1
"[0.55, -0.55, 0.11470588235294113, -0.05, -0.17272727272727276, 0.0, 0.0, 0.0, 1.0, 0.8203561366987663, 1.0, 0.0, 0.0, 0.0, 0.0, 0.0, 0.0, 0.0]",115238,49005,N6,dismiss,-0.3,ts,2816,0
"[0.296, -0.296, 0.2, -0.02824858757062147, -0.11538461538461539, 0.0, 0.0, 0.0, 1.0, 0.7491514162114274, 1.0, 0.0, 0.0, 0.0, 0.0, 0.0, 0.0, 0.0]",108784,31972,N6,dismiss,-0.3,ts,669,1
"[0.5636363636363637, -0.5636363636363637, -0.5, 0.10826210826210826, 0.7142857142857143, 0.0, 0.0, 0.0, 1.0, 0.6524923370038693, 1.0, 0.0, 0.0, 0.0, 0.0, 0.0, 0.0, 0.0]",15534,107588,N6,dismiss,-0.3,ts,2745,1
"[0.67, -0.67, -0.2748368382886149, 0.0, 0.0, 0.0, 0.0, 0.0, 1.0, 0.856349133763273, 1.0, 0.0, 0.0, 0.0, 0.0, 0.0, 0.0, 0.0]",141769,93864,N6,dismiss,-0.3,ts,1306,1
"[0.2222222222222223, -0.2222222222222223, 0.11131725417439703, 0.08529411764705883, 0.10400000000000005, 0.0, 0.0, 0.0, 1.0, 0.7387660108640149, 1.0, 0.0, 0.0, 0.0, 0.0, 0.0, 0.0, 0.0]",123848,76847,N6,accept,0.4555555555555556,ts,530,0
"[0.13793103448275862, -0.13793103448275862, -0.6330275229357798, -0.9132947976878613, -0.8941176470588235, 0.0, 0.0, 0.0, 1.0, 0.4066193539943744, 1.0, 0.0, 0.0, 0.0, 0.0, 0.0, 0.0, 0.0]",64502,51022,N6,dismiss,-0.3,ts,590,1
"[0.1764705882352941, -0.1764705882352941, 0.0, 0.4198473282442748, 0.16, 0.0, 0.0, 0.0, 1.0, 0.688371662584279, 1.0, 0.0, 0.0, 0.0, 0.0, 0.0, 0.0, 0.0]",104682,169065,N6,dismiss,-0.3,ts,2615,1
"[0.4444444444444444, -0.27999999999999997, -0.17076923076923078, 0.0, 0.0, 0.0, 0.0, 0.0, 1.0, 0.7913678346806224, 1.0, 0.0, 0.0, 0.0, 0.0, 0.0, 0.0, 0.0]",63920,63919,N6,dismiss,-0.3,ts,1395,0
"[0.20000000000000007, -0.20000000000000007, -0.2488262910798122, -0.011363636363636364, 0.0, 0.0, 0.0, 0.0, 1.0, 0.7410487326541809, 1.0, 0.0, 0.0, 0.0, 0.0, 0.0, 0.0, 0.0]",74280,32065,N6,dismiss,-0.3,ts,957,1
"[0.3, -0.3, 0.0, -0.23837209302325582, -0.07407407407407407, 0.0, 0.0, 0.0, 1.0, 0.7779404526307843, 1.0, 0.0, 0.0, 0.0, 0.0, 0.0, 0.0, 0.0]",104685,104682,N6,dismiss,-0.3,ts,1770,1
"[0.25833333333333336, -0.25833333333333336, -0.2222222222222222, 0.64, -0.13999999999999999, 0.0, 0.0, 0.0, 1.0, 0.6256099841340442, 1.0, 0.0, 0.0, 0.0, 0.0, 0.0, 0.0, 0.0]",81128,79360,N6,dismiss,-0.3,ts,2704,1
"[0.2941176470588235, -0.2941176470588235, -0.20508744038155807, 0.9354838709677419, 0.58, 0.0, 0.0, 0.0, 1.0, 0.5564807400241625, 1.0, 0.0, 0.0, 0.0, 0.0, 0.0, 0.0, 0.0]",79359,18570,N6,dismiss,-0.3,ts,2716,0
"[0.3636363636363637, -0.3636363636363637, 0.0, 0.0, 0.0, 0.0, 0.0, 0.0, 1.0, 0.8742764353476687, 1.0, 0.0, 0.0, 0.0, 0.0, 0.0, 0.0, 0.0]",123143,123174,N6,accept,0.5545454545454546,ts,2831,0
"[0.25, -0.25, -0.18823529411764706, 0.0, 0.0, 0.0, 0.0, 0.0, 1.0, 0.7768452100027552, 1.0, 0.0, 0.0, 0.0, 0.0, 0.0, 0.0, 0.0]",113825,87177,N6,dismiss,-0.3,ts,1384,0
"[0.09677419354838718, -0.09677419354838718, -0.468125, -0.014245014245014245, 0.12857142857142861, 0.0, 0.0, 0.0, 1.0, 0.6262320989473779, 1.0, 0.0, 0.0, 0.0, 0.0, 0.0, 0.0, 0.0]",15686,117162,N6,accept,0.367741935483871,ts,635,1
"[0.24999999999999992, -0.24999999999999992, 0.19068162208800685, -0.27325581395348836, 0.0, 0.0, 0.0, 0.0, 1.0, 0.7130201955158844, 1.0, 0.0, 0.0, 0.0, 0.0, 0.0, 0.0, 0.0]",73628,71136,N6,dismiss,-0.3,ts,1857,0
"[0.0555555555555556, -0.0555555555555556, -0.16666666666666666, 0.01764705882352941, 0.0, 0.0, 0.0, 0.0, 1.0, 0.7088897221869671, 1.0, 0.0, 0.0, 0.0, 0.0, 0.0, 0.0, 0.0]",123852,105724,N6,dismiss,-0.3,ts,1318,1
"[0.45, -0.45, 0.0003029385034839478, 0.5421245421245421, 0.21739130434782608, 0.0, 0.0, 0.0, 1.0, 0.7447778267558439, 1.0, 0.0, 0.0, 0.0, 0.0, 0.0, 0.0, 0.0]",120787,61314,N6,dismiss,-0.3,ts,1063,1
"[0.3636363636363637, -0.3636363636363637, 0.1013215859030837, 0.057971014492753624, 0.25, 0.0, 0.0, 0.0, 1.0, 0.7621489741842852, 1.0, 0.0, 0.0, 0.0, 0.0, 0.0, 0.0, 0.0]",123207,123174,N6,dismiss,-0.3,ts,703,0
"[0.8530612244897959, -0.8530612244897959, -0.49268668206312544, 0.4482758620689655, 0.47619047619047616, 0.0, 0.0, 0.0, 1.0, 0.6578232997225838, 1.0, 0.0, 0.0, 0.0, 0.0, 0.0, 0.0, 0.0]",144702,170138,N6,dismiss,-0.3,ts,2574,1
"[0.5, -0.5, -0.8650904033379694, -0.17027863777089783, -0.1, 0.0, 0.0, 0.0, 1.0, 0.6737533899518656, 1.0, 0.0, 0.0, 0.0, 0.0, 0.0, 0.0, 0.0]",87863,117029,N6,dismiss,-0.3,ts,543,1
"[0.625, -0.625, -0.13377926421404682, 0.9653179190751445, -0.595, 0.0, 0.0, 0.0, 1.0, 0.6539585682082435, 1.0, 0.0, 0.0, 0.0, 0.0, 0.0, 0.0, 0.0]",158410,145532,N6,dismiss,-0.3,ts,1816,0
"[0.8571428571428572, -0.8571428571428572, 0.0, 0.015723270440251572, -0.4647887323943662, 0.0, 0.0, 0.0, 1.0, 0.8690644730758021, 1.0, 0.0, 0.0, 0.0, 0.0, 0.0, 0.0, 0.0]",57280,57279,N6,accept,0.8999999999999999,ts,509,1
"[0.20000000000000007, -0.20000000000000007, -0.2029226170707406, -0.008547008547008548, -0.14285714285714285, 0.0, 0.0, 0.0, 1.0, 0.7162900950683957, 1.0, 0.0, 0.0, 0.0, 0.0, 0.0, 0.0, 0.0]",15533,32065,N6,dismiss,-0.3,ts,2985,1
"[0.24999999999999997, -0.24999999999999997, -0.4147058823529412, 0.0, 0.0, 0.0, 0.0, 0.0, 1.0, 0.726850521859211, 1.0, 0.0, 0.0, 0.0, 0.0, 0.0, 0.0, 0.0]",51609,174748,N6,dismiss,-0.3,ts,1842,0
"[0.4, -0.4, -0.38916591115140525, 0.0, 0.0, 0.0, 0.0, 0.0, 1.0, 0.7760966621843771, 1.0, 0.0, 0.0, 0.0, 0.0, 0.0, 0.0, 0.0]",16660,147380,N6,dismiss,-0.3,ts,1007,1
"[0.023255813953488292, -0.023255813953488292, 0.1956001912960306, 0.16556291390728478, -0.014285714285714235, 0.0, 0.0, 0.0, 1.0, 0.6474584734267568, 1.0, 0.0, 0.0, 0.0, 0.0, 0.0, 0.0, 0.0]",115226,15171,N6,dismiss,-0.3,ts,2280,0
"[0.11999999999999993, -0.11999999999999993, -0.004975124378109406, 0.0, 0.0, 0.0, 0.0, 0.0, 1.0, 0.7925400352663529, 1.0, 0.0, 0.0, 0.0, 0.0, 0.0, 0.0, 0.0]",15535,15534,N6,dismiss,-0.3,ts,2439,1
"[0.20000000000000004, -0.20000000000000004, -0.14724770642201832, 0.0, -0.041666666666666664, 0.0, 0.0, 0.0, 1.0, 0.7598162879753003, 1.0, 0.0, 0.0, 0.0, 0.0, 0.0, 0.0, 0.0]",143384,84737,N6,dismiss,-0.3,ts,1218,0
"[0.3, -0.3, -0.5, -0.9, -0.8363636363636363, 0.0, 0.0, 0.0, 1.0, 0.48200562738108144, 1.0, 0.0, 0.0, 0.0, 0.0, 0.0, 0.0, 0.0]",126074,29449,N6,dismiss,-0.3,ts,2667,1
"[0.047619047619047596, -0.047619047619047596, -0.37539103232533894, 0.007246376811594203, -0.02439024390243908, 0.0, 0.0, 0.0, 1.0, 0.6529265799369026, 1.0, 0.0, 0.0, 0.0, 0.0, 0.0, 0.0, 0.0]",154624,53365,N6,dismiss,-0.3,ts,2419,1
"[0.25000000000000006, -0.25000000000000006, -0.3333333333333333, -0.1, -0.19999999999999996, 0.0, 0.0, 0.0, 1.0, 0.6656303932612582, 1.0, 0.0, 0.0, 0.0, 0.0, 0.0, 0.0, 0.0]",18330,18364,N6,dismiss,-0.3,ts,1457,0
"[0.1392405063291139, -0.1392405063291139, -0.6510911424903723, -0.10909090909090909, 0.0, 0.0, 0.0, 0.0, 1.0, 0.6264533779547405, 1.0, 0.0, 0.0, 0.0, 0.0, 0.0, 0.0, 0.0]",43373,185707,N6,dismiss,-0.3,ts,1829,1
"[0.25, -0.25, 0.1111111111111111, 1.0, 0.019999999999999973, 0.0, 0.0, 0.0, 1.0, 0.6564167298827359, 1.0, 0.0, 0.0, 0.0, 0.0, 0.0, 0.0, 0.0]",81128,155815,N6,dismiss,-0.3,ts,1563,0
"[0.25000000000000006, -0.25000000000000006, -0.10427528675703858, -0.3401360544217687, 0.17647058823529413, 0.0, 0.0, 0.0, 1.0, 0.6833059974324363, 1.0, 0.0, 0.0, 0.0, 0.0, 0.0, 0.0, 0.0]",115240,139804,N6,accept,0.475,ts,2123,1
"[0.20000000000000007, -0.20000000000000007, -0.005644090305444944, -0.002785515320334262, -0.44, 0.0, 0.0, 0.0, 1.0, 0.7319673170502825, 1.0, 0.0, 0.0, 0.0, 0.0, 0.0, 0.0, 0.0]",30202,135482,N6,dismiss,-0.3,ts,2182,1
"[0.19999999999999998, -0.19999999999999998, -0.3719599427753935, 0.052132701421800945, 0.0, 0.0, 0.0, 0.0, 1.0, 0.7030255431912955, 1.0, 0.0, 0.0, 0.0, 0.0, 0.0, 0.0, 0.0]",19708,104460,N6,dismiss,-0.3,ts,2829,1
"[0.5636363636363637, -0.5636363636363637, -0.4372509960159363, -0.033426183844011144, 0.76, 0.0, 0.0, 0.0, 1.0, 0.678692547306891, 1.0, 0.0, 0.0, 0.0, 0.0, 0.0, 0.0, 0.0]",30202,108828,N6,dismiss,-0.3,ts,764,0
"[0.1250000000000001, -0.1250000000000001, 0.16218749999999993, 0.0, 0.0, 0.0, 0.0, 0.0, 1.0, 0.7409291148542603, 1.0, 0.0, 0.0, 0.0, 0.0, 0.0, 0.0, 0.0]",152518,55412,N6,dismiss,-0.3,ts,851,0
"[0.07692307692307698, -0.07692307692307698, 0.16149369544131903, 0.16, 0.040000000000000036, 0.0, 0.0, 0.0, 1.0, 0.6709052205940557, 1.0, 0.0, 0.0, 0.0, 0.0, 0.0, 0.0, 0.0]",145085,141805,N6,dismiss,-0.3,ts,1245,1
"[0.28571428571428564, -0.28571428571428564, -0.16391152502910375, 0.0, 0.0, 0.0, 0.0, 0.0, 1.0, 0.7951297847750883, 1.0, 0.0, 0.0, 0.0, 0.0, 0.0, 0.0, 0.0]",93923,72623,N6,dismiss,-0.3,ts,2692,1
"[0.2058823529411765, -0.2058823529411765, -0.0625, -0.02, 0.16, 0.0, 0.0, 0.0, 1.0, 0.7543817618859714, 1.0, 0.0, 0.0, 0.0, 0.0, 0.0, 0.0, 0.0]",40998,70937,N6,dismiss,-0.3,ts,1828,1
"[0.5555555555555556, -0.35, -0.41692307692307695, 0.0, 0.0, 0.0, 0.0, 0.0, 1.0, 0.7572625285445833, 1.0, 0.0, 0.0, 0.0, 0.0, 0.0, 0.0, 0.0]",63920,48992,N6,dismiss,-0.3,ts,1415,1
"[0.1478260869565217, -0.1478260869565217, -0.7000000000000001, 0.0, 0.0285714285714286, 0.0, 0.0, 0.0, 1.0, 0.6455320222776031, 1.0, 0.0, 0.0, 0.0, 0.0, 0.0, 0.0, 0.0]",39517,105872,N6,dismiss,-0.3,ts,1596,1
"[0.10714285714285708, -0.10714285714285708, -0.40739167374681395, -0.36716417910447763, -0.28, 0.0, 0.0, 0.0, 1.0, 0.5360387335926916, 1.0, 0.0, 0.0, 0.0, 0.0, 0.0, 0.0, 0.0]",87090,84871,N6,dismiss,-0.3,ts,1571,1
"[0.7428571428571429, -0.7428571428571429, 0.125, -0.26, -0.12000000000000002, 0.0, 0.0, 0.0, 1.0, 0.8143254453991665, 1.0, 0.0, 0.0, 0.0, 0.0, 0.0, 0.0, 0.0]",18355,63753,N3,accept,0.8200000000000001,ts,553,1
"[0.7576530612244898, -0.7576530612244898, -0.04534606205250594, -0.6555555555555556, -0.6199999999999999, 0.0, 0.0, 0.0, 1.0, 0.7198017822501334, 1.0, 0.0, 0.0, 0.0, 0.0, 0.0, 0.0, 0.0]",33276,174927,N6,accept,0.8303571428571428,ts,1335,0
"[0.1428571428571428, -0.1428571428571428, 0.0, -0.75, -0.44000000000000006, 0.0, 0.0, 0.0, 1.0, 0.5984532043847945, 1.0, 0.0, 0.0, 0.0, 0.0, 0.0, 0.0, 0.0]",50807,81128,N6,dismiss,-0.3,ts,1069,1
"[0.15, -0.15, -0.34687500000000004, -0.525, -0.58, 0.0, 0.0, 0.0, 1.0, 0.504772942695583, 1.0, 0.0, 0.0, 0.0, 0.0, 0.0, 0.0, 0.0]",18616,18005,N6,dismiss,-0.3,ts,1785,1
"[0.1666666666666667, -0.1666666666666667, 0.0, 0.3, 0.22000000000000003, 0.0, 0.0, 0.0, 1.0, 0.6901568741775026, 1.0, 0.0, 0.0, 0.0, 0.0, 0.0, 0.0, 0.0]",41286,61090,N6,dismiss,-0.3,ts,1053,0
"[0.9357142857142856, -0.9357142857142856, 0.0, -0.42857142857142855, -0.8, 0.0, 0.0, 0.0, 1.0, 0.7654707007374344, 1.0, 0.0, 0.0, 0.0, 0.0, 0.0, 0.0, 0.0]",153856,70105,N6,accept,0.9549999999999998,ts,2852,0
"[0.25, -0.25, 0.0, -0.008595988538681949, 0.13636363636363635, 0.0, 0.0, 0.0, 1.0, 0.8012276518471559, 1.0, 0.0, 0.0, 0.0, 0.0, 0.0, 0.0, 0.0]",43088,117045,N6,dismiss,-0.3,ts,2586,0
"[0.19512195121951212, -0.19512195121951212, 0.1573604060913707, 0.27450980392156865, 0.16666666666666666, 0.0, 0.0, 0.0, 1.0, 0.6612561616586466, 1.0, 0.0, 0.0, 0.0, 0.0, 0.0, 0.0, 0.0]",141752,90175,N6,dismiss,-0.3,ts,2388,0
"[0.3, -0.3, -0.5, -0.9, -0.8363636363636363, 0.0, 0.0, 0.0, 1.0, 0.48200562738108144, 1.0, 0.0, 0.0, 0.0, 0.0, 0.0, 0.0, 0.0]",126074,29449,N6,accept,0.51,ts,752,0
"[0.5, -0.5, 0.10367892976588634, -0.45664739884393063, -0.08000000000000003, 0.0, 0.0, 0.0, 1.0, 0.7593345830725144, 1.0, 0.0, 0.0, 0.0, 0.0, 0.0, 0.0, 0.0]",132804,19599,N6,dismiss,-0.3,ts,2503,0
"[0.5636363636363637, -0.5636363636363637, -0.5305164319248826, -0.014204545454545454, 0.8333333333333334, 0.0, 0.0, 0.0, 1.0, 0.6655214074228695, 1.0, 0.0, 0.0, 0.0, 0.0, 0.0, 0.0, 0.0]",43334,107659,N6,dismiss,-0.3,ts,2664,1
"[0.55, -0.55, -0.31050000000000005, 0.0, 0.0, 0.0, 0.0, 0.0, 1.0, 0.8269268776196401, 1.0, 0.0, 0.0, 0.0, 0.0, 0.0, 0.0, 0.0]",112476,141749,N6,dismiss,-0.3,ts,2589,1
"[0.20000000000000007, -0.20000000000000007, 0.20240480961923843, 1.0, 1.0, 0.0, 0.0, 0.0, 1.0, 0.47344812991345014, 1.0, 0.0, 0.0, 0.0, 0.0, 0.0, 0.0, 0.0]",169305,32065,N6,dismiss,-0.3,ts,1043,1
"[0.5636363636363637, -0.5636363636363637, 0.07142857142857142, 0.09577464788732394, 1.0, 0.0, 0.0, 0.0, 1.0, 0.7335108816419434, 1.0, 0.0, 0.0, 0.0, 0.0, 0.0, 0.0, 0.0]",123018,107588,N6,accept,0.6945454545454546,ts,1021,1
"[0.4583333333333333, -0.4583333333333333, -0.1433260393873086, 0.22, 0.24000000000000005, 0.0, 0.0, 0.0, 1.0, 0.7386709394486253, 1.0, 0.0, 0.0, 0.0, 0.0, 0.0, 0.0, 0.0]",151789,123325,N6,dismiss,-0.3,ts,1924,0
"[0.10000000000000009, -0.10000000000000009, -0.2588235294117647, -0.975, -0.52, 0.0, 0.0, 0.0, 1.0, 0.48076478481180795, 1.0, 0.0, 0.0, 0.0, 0.0, 0.0, 0.0, 0.0]",91074,16650,N6,dismiss,-0.3,ts,861,0
"[0.5757575757575757, -0.5757575757575757, -0.35118525021949076, -0.15176151761517614, 0.5833333333333334, 0.0, 0.0, 0.0, 1.0, 0.6810559444621563, 1.0, 0.0, 0.0, 0.0, 0.0, 0.0, 0.0, 0.0]",141852,16911,N6,dismiss,-0.3,ts,2625,1
"[0.164, -0.164, -0.6836, -0.1, 0.088, 0.0, 0.0, 0.0, 1.0, 0.6098549356396384, 1.0, 0.0, 0.0, 0.0, 0.0, 0.0, 0.0, 0.0]",85224,134716,N6,dismiss,-0.3,ts,481,0
"[0.3000000000000001, -0.3000000000000001, -0.528957528957529, 0.0, 0.0, 0.0, 0.0, 0.0, 1.0, 0.7249105321469098, 1.0, 0.0, 0.0, 0.0, 0.0, 0.0, 0.0, 0.0]",85444,85446,N6,dismiss,-0.3,ts,789,0
"[0.535483870967742, -0.535483870967742, -0.011911852293031567, 0.0036231884057971015, 0.0, 0.0, 0.0, 0.0, 1.0, 0.9106676184244814, 1.0, 0.0, 0.0, 0.0, 0.0, 0.0, 0.0, 0.0]",64515,16646,N6,dismiss,-0.3,ts,1916,0
"[0.39692982456140347, -0.39692982456140347, 0.15305313243457572, 0.0, 0.0, 0.0, 0.0, 0.0, 1.0, 0.8307027899342155, 1.0, 0.0, 0.0, 0.0, 0.0, 0.0, 0.0, 0.0]",147348,85069,N6,accept,0.5778508771929824,ts,2604,0
"[0.5, -0.5, 0.058823529411764705, 0.0, 0.0, 0.0, 0.0, 0.0, 1.0, 0.886589191177377, 1.0, 0.0, 0.0, 0.0, 0.0, 0.0, 0.0, 0.0]",18435,38176,N6,dismiss,-0.3,ts,707,1
"[0.25, -0.25, -0.24812030075187969, 0.0581039755351682, 0.32978723404255317, 0.0, 0.0, 0.0, 1.0, 0.6724565857057285, 1.0, 0.0, 0.0, 0.0, 0.0, 0.0, 0.0, 0.0]",82380,117045,N6,dismiss,-0.3,ts,2078,0
"[0.46153846153846156, -0.46153846153846156, -0.7849624060150376, -0.03125, 0.11999999999999993, 0.0, 0.0, 0.0, 1.0, 0.7003839178920463, 1.0, 0.0, 0.0, 0.0, 0.0, 0.0, 0.0, 0.0]",175226,85230,N6,dismiss,-0.3,ts,2413,1
"[0.3636363636363637, -0.3636363636363637, 0.0, 0.039886039886039885, 0.15384615384615385, 0.0, 0.0, 0.0, 1.0, 0.8230466725244279, 1.0, 0.0, 0.0, 0.0, 0.0, 0.0, 0.0, 0.0]",123002,123174,N6,dismiss,-0.3,ts,1778,0
"[0.30000000000000004, -0.30000000000000004, -0.2663949610967024, 0.04198473282442748, 0.0, 0.0, 0.0, 0.0, 1.0, 0.7607866701733167, 1.0, 0.0, 0.0, 0.0, 0.0, 0.0, 0.0, 0.0]",107855,133081,N6,dismiss,-0.3,ts,2928,0
"[0.8705882352941177, -0.8705882352941177, 0.1723329425556859, 1.0, 1.0, 0.0, 0.0, 0.0, 1.0, 0.6094938907022233, 1.0, 0.0, 0.0, 0.0, 0.0, 0.0, 0.0, 0.0]",147129,169349,N6,dismiss,-0.3,ts,2223,0
"[0.02500000000000002, -0.02500000000000002, -0.028182701652089328, -0.1, -0.07999999999999999, 0.0, 0.0, 0.0, 1.0, 0.6990405284223395, 1.0, 0.0, 0.0, 0.0, 0.0, 0.0, 0.0, 0.0]",114070,62503,N6,dismiss,-0.3,ts,1005,1
"[0.8785714285714287, -0.8785714285714287, -0.10714285714285714, 0.0, 0.0, 0.0, 0.0, 0.0, 1.0, 0.9279860594677921, 1.0, 0.0, 0.0, 0.0, 0.0, 0.0, 0.0, 0.0]",164512,82489,N6,dismiss,-0.3,ts,1930,1
"[0.12499999999999988, -0.12499999999999988, -0.42495393524611735, -0.11578947368421053, 0.05263157894736842, 0.0, 0.0, 0.0, 1.0, 0.6358293160214701, 1.0, 0.0, 0.0, 0.0, 0.0, 0.0, 0.0, 0.0]",155625,139086,N6,dismiss,-0.3,ts,2639,1
"[0.3576470588235294, -0.3576470588235294, -0.375, -0.02, -0.07999999999999999, 0.0, 0.0, 0.0, 1.0, 0.7389912166499053, 1.0, 0.0, 0.0, 0.0, 0.0, 0.0, 0.0, 0.0]",87406,81568,N6,dismiss,-0.3,ts,433,1
"[0.06666666666666665, -0.06666666666666665, 0.24626121635094725, -0.03205128205128205, 0.040000000000000036, 0.0, 0.0, 0.0, 1.0, 0.6762873769706732, 1.0, 0.0, 0.0, 0.0, 0.0, 0.0, 0.0, 0.0]",86978,108112,N6,dismiss,-0.3,ts,2129,0
"[0.35999999999999993, -0.35999999999999993, 0.125, 1.0, 1.0, 0.0, 0.0, 0.0, 1.0, 0.5327936544339077, 1.0, 0.0, 0.0, 0.0, 0.0, 0.0, 0.0, 0.0]",18355,51061,N6,dismiss,-0.3,ts,1508,0
"[0.07692307692307684, -0.07692307692307684, -0.1872881355932203, 1.0, -0.22727272727272727, 0.0, 0.0, 0.0, 1.0, 0.5317456847362717, 1.0, 0.0, 0.0, 0.0, 0.0, 0.0, 0.0, 0.0]",169794,55882,N6,dismiss,-0.3,ts,1265,0
"[0.375, -0.375, -0.36161335187760785, -0.2, -0.18, 0.0, 0.0, 0.0, 1.0, 0.679693785618543, 1.0, 0.0, 0.0, 0.0, 0.0, 0.0, 0.0, 0.0]",63907,113027,N6,dismiss,-0.3,ts,583,0
"[0.7954545454545455, -0.7954545454545455, 0.04051565377532229, 0.016042780748663103, 0.4375, 0.0, 0.0, 0.0, 1.0, 0.8501165921464451, 1.0, 0.0, 0.0, 0.0, 0.0, 0.0, 0.0, 0.0]",162740,89765,N6,dismiss,-0.3,ts,1253,1
"[0.076923076923077, -0.076923076923077, 0.0, 0.0, 0.0, 0.0, 0.0, 0.0, 1.0, 0.7787188164556538, 1.0, 0.0, 0.0, 0.0, 0.0, 0.0, 0.0, 0.0]",93861,174758,N6,dismiss,-0.3,ts,2477,0
"[0.64, -0.64, 0.15567282321899734, -0.5691489361702128, 0.4, 0.0, 0.0, 0.0, 1.0, 0.6980152721232434, 1.0, 0.0, 0.0, 0.0, 0.0, 0.0, 0.0, 0.0]",84106,19598,N6,dismiss,-0.3,ts,1871,1
"[0.8253968253968255, -0.8253968253968255, -0.05657142857142848, -0.07268722466960352, 0.2727272727272727, 0.0, 0.0, 0.0, 1.0, 0.8564739922883224, 1.0, 0.0, 0.0, 0.0, 0.0, 0.0, 0.0, 0.0]",169062,61314,N6,dismiss,-0.3,ts,1278,1
"[0.19709090909090918, -0.19709090909090918, -0.07324621733149929, 0.0, 0.0, 0.0, 0.0, 0.0, 1.0, 0.7945750109053056, 1.0, 0.0, 0.0, 0.0, 0.0, 0.0, 0.0, 0.0]",85069,63876,N6,dismiss,-0.3,ts,1428,0
"[0.0624999999999999, -0.0624999999999999, -0.4134375, -0.25838926174496646, -0.29411764705882354, 0.0, 0.0, 0.0, 1.0, 0.5336136768150922, 1.0, 0.0, 0.0, 0.0, 0.0, 0.0, 0.0, 0.0]",104963,104466,N6,dismiss,-0.3,ts,2950,0
"[0.1666666666666667, -0.1666666666666667, 0.2, 0.0, 0.0, 0.0, 0.0, 0.0, 1.0, 0.7452936748080553, 1.0, 0.0, 0.0, 0.0, 0.0, 0.0, 0.0, 0.0]",18364,61090,N6,dismiss,-0.3,ts,1276,0
"[0.19999999999999993, -0.19999999999999993, -0.25, -0.8833333333333333, -0.7454545454545454, 0.0, 0.0, 0.0, 1.0, 0.5035447216368699, 1.0, 0.0, 0.0, 0.0, 0.0, 0.0, 0.0, 0.0]",126074,18330,N6,accept,0.43999999999999995,ts,2947,0
"[0.01111111111111112, -0.01111111111111112, -0.3, -0.3541666666666667, -0.13999999999999999, 0.0, 0.0, 0.0, 1.0, 0.5511658124955352, 1.0, 0.0, 0.0, 0.0, 0.0, 0.0, 0.0, 0.0]",155816,79360,N6,dismiss,-0.3,ts,2553,1
"[0.19709090909090918, -0.19709090909090918, -0.07324621733149929, 0.0, 0.0, 0.0, 0.0, 0.0, 1.0, 0.7945750109053056, 1.0, 0.0, 0.0, 0.0, 0.0, 0.0, 0.0, 0.0]",85069,63876,N6,accept,0.43796363636363644,ts,2637,0
"[0.2000000000000001, -0.2000000000000001, 0.16082064857710124, 0.0949367088607595, -0.05999999999999996, 0.0, 0.0, 0.0, 1.0, 0.7249174291137734, 1.0, 0.0, 0.0, 0.0, 0.0, 0.0, 0.0, 0.0]",147858,87098,N6,accept,0.44000000000000006,ts,1020,1
"[0.11999999999999993, -0.11999999999999993, 0.160337552742616, -0.011267605633802818, 0.16666666666666666, 0.0, 0.0, 0.0, 1.0, 0.6937892301694432, 1.0, 0.0, 0.0, 0.0, 0.0, 0.0, 0.0, 0.0]",109421,162722,N6,dismiss,-0.3,ts,1368,1
"[0.6114285714285713, -0.6114285714285713, -0.735559265442404, -0.8111111111111111, -0.18, 0.0, 0.0, 0.0, 1.0, 0.611339793935998, 1.0, 0.0, 0.0, 0.0, 0.0, 0.0, 0.0, 0.0]",33289,66862,N6,dismiss,-0.3,ts,2599,1
"[0.5636363636363637, -0.5636363636363637, 0.22778192681105308, -0.016901408450704224, 0.8181818181818182, 0.0, 0.0, 0.0, 1.0, 0.7232072284814717, 1.0, 0.0, 0.0, 0.0, 0.0, 0.0, 0.0, 0.0]",123260,108839,N6,accept,0.6945454545454546,ts,2160,1
"[0.4444444444444445, -0.4444444444444445, 0.011142061281337007, -0.6607142857142857, -0.5599999999999999, 0.0, 0.0, 0.0, 1.0, 0.6802432652968127, 1.0, 0.0, 0.0, 0.0, 0.0, 0.0, 0.0, 0.0]",63093,132873,N6,dismiss,-0.3,ts,1569,1
"[0.4444444444444444, -0.27999999999999997, -0.17076923076923078, 0.0, 0.0, 0.0, 0.0, 0.0, 1.0, 0.7913678346806224, 1.0, 0.0, 0.0, 0.0, 0.0, 0.0, 0.0, 0.0]",63920,63919,N6,dismiss,-0.3,ts,2677,0
"[0.16216216216216217, -0.16216216216216217, -0.16666666666666666, 0.08461538461538462, 0.020833333333333447, 0.0, 0.0, 0.0, 1.0, 0.7234709814458078, 1.0, 0.0, 0.0, 0.0, 0.0, 0.0, 0.0, 0.0]",91969,91957,N6,dismiss,-0.3,ts,919,0
"[0.75, -0.75, 0.0, 0.0, 0.0, 0.0, 0.0, 0.0, 1.0, 0.9523252675504453, 1.0, 0.0, 0.0, 0.0, 0.0, 0.0, 0.0, 0.0]",129174,93843,N6,dismiss,-0.3,ts,2409,0
"[0.33090909090909093, -0.33090909090909093, 0.0, 0.0, 0.0, 0.0, 0.0, 0.0, 1.0, 0.8648131365453284, 1.0, 0.0, 0.0, 0.0, 0.0, 0.0, 0.0, 0.0]",147380,63876,N6,accept,0.5316363636363637,ts,1081,0
"[0.2, -0.2, -0.598998998998999, -0.4, -0.43333333333333335, 0.0, 0.0, 0.0, 1.0, 0.5136396168718739, 1.0, 0.0, 0.0, 0.0, 0.0, 0.0, 0.0, 0.0]",47181,107861,N6,dismiss,-0.3,ts,406,1
"[0.06666666666666665, -0.06666666666666665, 0.0, 0.0, 0.0, 0.0, 0.0, 0.0, 1.0, 0.774916998656239, 1.0, 0.0, 0.0, 0.0, 0.0, 0.0, 0.0, 0.0]",16722,16734,N6,accept,0.3466666666666666,ts,484,1
"[0.14, -0.14, -0.31562500000000004, 0.030303030303030304, 0.0, 0.0, 0.0, 0.0, 1.0, 0.6993060113850216, 1.0, 0.0, 0.0, 0.0, 0.0, 0.0, 0.0, 0.0]",130086,69993,N6,dismiss,-0.3,ts,413,0
"[0.3636363636363637, -0.3636363636363637, 0.0, 0.061046511627906974, 0.0, 0.0, 0.0, 0.0, 1.0, 0.8570363402900383, 1.0, 0.0, 0.0, 0.0, 0.0, 0.0, 0.0, 0.0]",123210,123174,N6,accept,0.5545454545454546,ts,887,0
"[0.33333333333333337, -0.33333333333333337, -0.04368673415023976, 0.4751131221719457, 0.25, 0.0, 0.0, 0.0, 1.0, 0.6977738805226098, 1.0, 0.0, 0.0, 0.0, 0.0, 0.0, 0.0, 0.0]",104466,155669,N6,accept,0.5333333333333333,ts,778,0
"[0.14, -0.14, -0.02666666666666673, 0.0625, -0.1, 0.0, 0.0, 0.0, 1.0, 0.7465385609804288, 1.0, 0.0, 0.0, 0.0, 0.0, 0.0, 0.0, 0.0]",141632,69993,N6,dismiss,-0.3,ts,2608,0
"[0.5, -0.5, -0.4592875318066158, 0.0, 0.0, 0.0, 0.0, 0.0, 1.0, 0.7886047001257124, 1.0, 0.0, 0.0, 0.0, 0.0, 0.0, 0.0, 0.0]",90179,56398,N6,accept,0.6499999999999999,ts,964,0
"[0.41509433962264153, -0.41509433962264153, -0.16666666666666666, -0.11041009463722397, 0.08888888888888896, 0.0, 0.0, 0.0, 1.0, 0.7773957850157559, 1.0, 0.0, 0.0, 0.0, 0.0, 0.0, 0.0, 0.0]",91968,91957,N6,dismiss,-0.3,ts,1583,1
"[0.5, -0.5, 0.0, 0.0, 0.0, 0.0, 0.0, 0.0, 1.0, 0.9087872380968218, 1.0, 0.0, 0.0, 0.0, 0.0, 0.0, 0.0, 0.0]",141766,141765,N6,dismiss,-0.3,ts,2001,1
"[0.20000000000000007, -0.20000000000000007, -0.2932707355242567, -0.011363636363636364, 0.0, 0.0, 0.0, 0.0, 1.0, 0.7307070622096635, 1.0, 0.0, 0.0, 0.0, 0.0, 0.0, 0.0, 0.0]",43334,31973,N6,dismiss,-0.3,ts,686,1
"[0.20000000000000007, -0.20000000000000007, -0.23388888888888892, 0.0, 0.0, 0.0, 0.0, 0.0, 1.0, 0.7481066944271884, 1.0, 0.0, 0.0, 0.0, 0.0, 0.0, 0.0, 0.0]",38176,141744,N6,dismiss,-0.3,ts,2315,1
"[0.4, -0.28, -0.2697495183044316, -0.18333333333333332, 1.0, 0.0, 0.0, 0.0, 1.0, 0.586722181322074, 1.0, 0.0, 0.0, 0.0, 0.0, 0.0, 0.0, 0.0]",16718,42569,N3,accept,0.58,ts,590,1
"[0.076923076923077, -0.076923076923077, 0.0, 0.0, 0.0, 0.0, 0.0, 0.0, 1.0, 0.7787188164556538, 1.0, 0.0, 0.0, 0.0, 0.0, 0.0, 0.0, 0.0]",93861,174758,N6,dismiss,-0.3,ts,1041,0
"[0.8571428571428572, -0.8571428571428572, 0.0, -0.04, 0.0, 0.0, 0.0, 0.0, 1.0, 0.9529674423825959, 1.0, 0.0, 0.0, 0.0, 0.0, 0.0, 0.0, 0.0]",16648,16650,N6,dismiss,-0.3,ts,860,0
"[0.25, -0.25, -0.46332737030411447, -0.10824742268041238, 0.19047619047619047, 0.0, 0.0, 0.0, 1.0, 0.6420465769124615, 1.0, 0.0, 0.0, 0.0, 0.0, 0.0, 0.0, 0.0]",16906,117045,N6,dismiss,-0.3,ts,1581,0
"[0.64, -0.64, 0.006949806949806939, -0.015957446808510637, -0.38, 0.0, 0.0, 0.0, 1.0, 0.8487468405875243, 1.0, 0.0, 0.0, 0.0, 0.0, 0.0, 0.0, 0.0]",19611,128279,N6,dismiss,-0.3,ts,1302,0
"[0.12209302325581393, -0.12209302325581393, -0.6105702364394994, 0.38961038961038963, -0.14285714285714285, 0.0, 0.0, 0.0, 1.0, 0.5357946105629052, 1.0, 0.0, 0.0, 0.0, 0.0, 0.0, 0.0, 0.0]",20076,103704,N6,dismiss,-0.3,ts,2141,1
"[0.2, -0.2, 0.07503364737550473, -0.031496062992125984, 0.0, 0.0, 0.0, 0.0, 1.0, 0.7858007946079771, 1.0, 0.0, 0.0, 0.0, 0.0, 0.0, 0.0, 0.0]",106764,43370,N6,dismiss,-0.3,ts,1336,1
"[0.45, -0.45, 0.0003029385034839478, 0.5421245421245421, 0.21739130434782608, 0.0, 0.0, 0.0, 1.0, 0.7447778267558439, 1.0, 0.0, 0.0, 0.0, 0.0, 0.0, 0.0, 0.0]",120787,61314,N6,dismiss,-0.3,ts,1893,1
"[0.41176470588235287, -0.41176470588235287, -0.15164369034994696, 0.12, 0.24, 0.0, 0.0, 0.0, 1.0, 0.7458609741032868, 1.0, 0.0, 0.0, 0.0, 0.0, 0.0, 0.0, 0.0]",56971,58615,N6,dismiss,-0.3,ts,2055,0
"[0.3333333333333333, -0.3333333333333333, -0.22277904328018228, -0.7228464419475655, -0.92, 0.0, 0.0, 0.0, 1.0, 0.5527826695806097, 1.0, 0.0, 0.0, 0.0, 0.0, 0.0, 0.0, 0.0]",39429,147129,N1,accept,0.5333333333333333,ts,1353,1
"[0.3636363636363637, -0.3636363636363637, 0.020408163265306048, 0.0110803324099723, 0.07142857142857142, 0.0, 0.0, 0.0, 1.0, 0.8430216704000497, 1.0, 0.0, 0.0, 0.0, 0.0, 0.0, 0.0, 0.0]",123215,123174,N6,accept,0.5545454545454546,ts,1734,0
"[0.2307692307692307, -0.2307692307692307, 0.06666666666666667, 0.0, 0.0, 0.0, 0.0, 0.0, 1.0, 0.8082747076223531, 1.0, 0.0, 0.0, 0.0, 0.0, 0.0, 0.0, 0.0]",131606,18616,N3,dismiss,-0.3,ts,1531,1
"[0.25, -0.25, -0.009319816873773597, 0.001215066828675577, 0.0, 0.0, 0.0, 0.0, 1.0, 0.8355318740747639, 1.0, 0.0, 0.0, 0.0, 0.0, 0.0, 0.0, 0.0]",75083,15457,N6,dismiss,-0.3,ts,1945,1
"[0.6363636363636364, -0.6363636363636364, -0.2700729927007299, 0.0, 0.0, 0.0, 0.0, 0.0, 1.0, 0.8519911280552436, 1.0, 0.0, 0.0, 0.0, 0.0, 0.0, 0.0, 0.0]",141743,51605,N6,dismiss,-0.3,ts,676,0
"[0.09090909090909098, -0.09090909090909098, -0.5, 0.04216867469879518, 0.07692307692307693, 0.0, 0.0, 0.0, 1.0, 0.6239358087015214, 1.0, 0.0, 0.0, 0.0, 0.0, 0.0, 0.0, 0.0]",162894,43098,N6,dismiss,-0.3,ts,1252,1
"[0.6136363636363636, -0.6136363636363636, -0.3181818181818182, -0.5612535612535613, -0.6714285714285715, 0.0, 0.0, 0.0, 1.0, 0.625354972810449, 1.0, 0.0, 0.0, 0.0, 0.0, 0.0, 0.0, 0.0]",70002,142262,N6,dismiss,-0.3,ts,2346,1
"[0.11458333333333333, -0.11458333333333333, -0.08759124087591248, -0.5587392550143266, -0.77, 0.0, 0.0, 0.0, 1.0, 0.5416340437403093, 1.0, 0.0, 0.0, 0.0, 0.0, 0.0, 0.0, 0.0]",108839,142262,N6,dismiss,-0.3,ts,2517,0
"[0.27906976744186046, -0.27906976744186046, 0.0, -0.15060240963855423, -0.10909090909090903, 0.0, 0.0, 0.0, 1.0, 0.7805243872048664, 1.0, 0.0, 0.0, 0.0, 0.0, 0.0, 0.0, 0.0]",40740,91957,N6,dismiss,-0.3,ts,1363,1
"[0.4545454545454546, -0.4545454545454546, -0.10071942446043164, 0.03254437869822485, 0.6666666666666666, 0.0, 0.0, 0.0, 1.0, 0.7417729623391699, 1.0, 0.0, 0.0, 0.0, 0.0, 0.0, 0.0, 0.0]",108746,107563,N6,dismiss,-0.3,ts,2558,1
"[0.20000000000000007, -0.20000000000000007, -0.5521408839779005, 0.0, 0.0, 0.0, 0.0, 0.0, 1.0, 0.6891179239049421, 1.0, 0.0, 0.0, 0.0, 0.0, 0.0, 0.0, 0.0]",135543,107458,N6,dismiss,-0.3,ts,1244,1
"[0.12, -0.12, -0.11333333333333329, -0.09042553191489362, -0.21428571428571427, 0.0, 0.0, 0.0, 1.0, 0.6768573158584676, 1.0, 0.0, 0.0, 0.0, 0.0, 0.0, 0.0, 0.0]",151841,107170,N6,accept,0.384,ts,1003,0
"[0.16666666666666666, -0.16666666666666666, 0.12288993923024973, -0.219435736677116, -0.28, 0.0, 0.0, 0.0, 1.0, 0.6500444440790432, 1.0, 0.0, 0.0, 0.0, 0.0, 0.0, 0.0, 0.0]",128276,52481,N3,dismiss,-0.3,ts,2303,1
"[0.5, -0.5, -0.8614742698191933, -0.20178041543026706, -0.16000000000000006, 0.0, 0.0, 0.0, 1.0, 0.6536079911918449, 1.0, 0.0, 0.0, 0.0, 0.0, 0.0, 0.0, 0.0]",87402,117003,N1,accept,0.6499999999999999,ts,2144,1
"[0.5599999999999999, -0.5599999999999999, 0.1733193277310925, -0.03260869565217391, -0.21428571428571427, 0.0, 0.0, 0.0, 1.0, 0.8011098453972897, 1.0, 0.0, 0.0, 0.0, 0.0, 0.0, 0.0, 0.0]",87447,85282,N6,accept,0.692,ts,1073,0
"[0.24999999999999994, -0.24999999999999994, -0.21244309559939312, 0.0, 0.0, 0.0, 0.0, 0.0, 1.0, 0.7703581884115928, 1.0, 0.0, 0.0, 0.0, 0.0, 0.0, 0.0, 0.0]",19865,125880,N6,dismiss,-0.3,ts,602,1
"[0.1500000000000001, -0.1500000000000001, 0.0, -0.35714285714285715, -0.1, 0.0, 0.0, 0.0, 1.0, 0.7015604788698512, 1.0, 0.0, 0.0, 0.0, 0.0, 0.0, 0.0, 0.0]",74186,189308,N6,dismiss,-0.3,ts,2821,0
"[0.5454545454545455, -0.5454545454545455, -0.3336259877085162, -0.01084010840108401, 0.8333333333333334, 0.0, 0.0, 0.0, 1.0, 0.6962574114398397, 1.0, 0.0, 0.0, 0.0, 0.0, 0.0, 0.0, 0.0]",141852,141844,N1,accept,0.6818181818181819,ts,782,1
"[0.75, -0.75, 0.0, 0.0, 0.0, 0.0, 0.0, 0.0, 1.0, 0.9523252675504453, 1.0, 0.0, 0.0, 0.0, 0.0, 0.0, 0.0, 0.0]",129174,93843,N6,dismiss,-0.3,ts,430,0
"[0.3000000000000001, -0.3000000000000001, -0.5036615134255492, 0.0, 0.0, 0.0, 0.0, 0.0, 1.0, 0.7285138093516589, 1.0, 0.0, 0.0, 0.0, 0.0, 0.0, 0.0, 0.0]",85447,85446,N6,dismiss,-0.3,ts,2167,0
"[0.6875, -0.6875, -0.4357298474945534, -0.052924791086350974, 0.396551724137931, 0.0, 0.0, 0.0, 1.0, 0.7300701540116802, 1.0, 0.0, 0.0, 0.0, 0.0, 0.0, 0.0, 0.0]",158412,145532,N1,accept,0.78125,ts,1255,1
"[0.3636363636363637, -0.3636363636363637, 0.020408163265306048, 0.0110803324099723, 0.07142857142857142, 0.0, 0.0, 0.0, 1.0, 0.8430216704000497, 1.0, 0.0, 0.0, 0.0, 0.0, 0.0, 0.0, 0.0]",123215,123174,N6,dismiss,-0.3,ts,1094,0
"[0.46153846153846156, -0.46153846153846156, -0.7849624060150376, -0.03125, 0.11999999999999993, 0.0, 0.0, 0.0, 1.0, 0.7003839178920463, 1.0, 0.0, 0.0, 0.0, 0.0, 0.0, 0.0, 0.0]",175226,85230,N6,dismiss,-0.3,ts,757,1
"[0.82, -0.82, -0.22954545454545458, 0.08262108262108261, 0.6428571428571429, 0.0, 0.0, 0.0, 1.0, 0.7556376083277557, 1.0, 0.0, 0.0, 0.0, 0.0, 0.0, 0.0, 0.0]",151839,89765,N6,dismiss,-0.3,ts,455,0
"[0.33333333333333337, -0.33333333333333337, -0.03710575139146568, 0.05263157894736842, 0.20879120879120883, 0.0, 0.0, 0.0, 1.0, 0.7850330737942559, 1.0, 0.0, 0.0, 0.0, 0.0, 0.0, 0.0, 0.0]",63943,49082,N6,dismiss,-0.3,ts,2216,0
"[0.5833333333333334, -0.5833333333333334, 0.03710575139146568, -0.20212765957446807, -0.08333333333333333, 0.0, 0.0, 0.0, 1.0, 0.8387647714153519, 1.0, 0.0, 0.0, 0.0, 0.0, 0.0, 0.0, 0.0]",63878,16728,N6,dismiss,-0.3,ts,1474,1
"[0.25, -0.25, 0.0, 0.011695906432748537, 0.25, 0.0, 0.0, 0.0, 1.0, 0.7771008967590011, 1.0, 0.0, 0.0, 0.0, 0.0, 0.0, 0.0, 0.0]",43087,117045,N6,dismiss,-0.3,ts,615,0
"[0.20000000000000007, -0.20000000000000007, -0.06259780907668232, 0.017045454545454544, -0.4166666666666667, 0.0, 0.0, 0.0, 1.0, 0.7094552875739797, 1.0, 0.0, 0.0, 0.0, 0.0, 0.0, 0.0, 0.0]",74281,135481,N6,dismiss,-0.3,ts,1000,1
"[0.14, -0.14, -0.31562500000000004, 0.030303030303030304, 0.0, 0.0, 0.0, 0.0, 1.0, 0.6993060113850216, 1.0, 0.0, 0.0, 0.0, 0.0, 0.0, 0.0, 0.0]",130086,69993,N1,accept,0.398,ts,1242,1
"[0.625, -0.625, -0.13377926421404682, 0.9653179190751445, -0.595, 0.0, 0.0, 0.0, 1.0, 0.6539585682082435, 1.0, 0.0, 0.0, 0.0, 0.0, 0.0, 0.0, 0.0]",158410,145532,N6,dismiss,-0.3,ts,869,1
"[0.72, -0.72, 0.0, 0.0, 0.0, 0.0, 0.0, 0.0, 1.0, 0.9482997742708752, 1.0, 0.0, 0.0, 0.0, 0.0, 0.0, 0.0, 0.0]",123511,123439,N6,dismiss,-0.3,ts,1627,1
"[0.375, -0.375, -0.4255319148936171, 0.23163841807909605, 0.9148936170212765, 0.0, 0.0, 0.0, 1.0, 0.5812995068218826, 1.0, 0.0, 0.0, 0.0, 0.0, 0.0, 0.0, 0.0]",158428,164354,N6,dismiss,-0.3,ts,1993,1
"[0.2, -0.2, -0.28459937565036414, 0.34545454545454546, -0.020000000000000018, 0.0, 0.0, 0.0, 1.0, 0.655310363049713, 1.0, 0.0, 0.0, 0.0, 0.0, 0.0, 0.0, 0.0]",191662,19607,N6,accept,0.43999999999999995,ts,1205,1
"[0.2, -0.2, -0.16944444444444448, -0.26382978723404255, 1.0, 0.0, 0.0, 0.0, 1.0, 0.5741383946049047, 1.0, 0.0, 0.0, 0.0, 0.0, 0.0, 0.0, 0.0]",145577,158410,N6,dismiss,-0.3,ts,460,1
"[0.20000000000000007, -0.20000000000000007, 0.19142857142857142, -0.04788732394366197, 0.09090909090909091, 0.0, 0.0, 0.0, 1.0, 0.7205734669549364, 1.0, 0.0, 0.0, 0.0, 0.0, 0.0, 0.0, 0.0]",123005,108746,N3,dismiss,-0.3,ts,2720,1
"[0.5714285714285715, -0.5714285714285715, 0.0, 0.0, 0.0, 0.0, 0.0, 0.0, 1.0, 0.9236956675786846, 1.0, 0.0, 0.0, 0.0, 0.0, 0.0, 0.0, 0.0]",37993,60788,N6,dismiss,-0.3,ts,1235,0
"[0.6, -0.6, 0.19662594531704472, 0.3348623853211009, 0.4117647058823529, 0.0, 0.0, 0.0, 1.0, 0.7066556192934125, 1.0, 0.0, 0.0, 0.0, 0.0, 0.0, 0.0, 0.0]",81396,29663,N1,accept,0.72,ts,424,1
"[0.7954545454545455, -0.7954545454545455, -0.058333333333333376, 0.08262108262108261, 1.0, 0.0, 0.0, 0.0, 1.0, 0.7660644633672044, 1.0, 0.0, 0.0, 0.0, 0.0, 0.0, 0.0, 0.0]",30103,89765,N6,dismiss,-0.3,ts,1102,0
"[0.09090909090909098, -0.09090909090909098, -0.325, -0.006024096385542169, -0.07692307692307693, 0.0, 0.0, 0.0, 1.0, 0.6651045194097601, 1.0, 0.0, 0.0, 0.0, 0.0, 0.0, 0.0, 0.0]",162894,142494,N6,dismiss,-0.3,ts,2822,1
"[0.25, -0.25, 0.09090909090909091, 0.1, 0.49166666666666653, 0.0, 0.0, 0.0, 1.0, 0.6852588678547423, 1.0, 0.0, 0.0, 0.0, 0.0, 0.0, 0.0, 0.0]",110001,165914,N6,dismiss,-0.3,ts,468,0
"[0.11999999999999993, -0.11999999999999993, -0.18181818181818182, -0.002849002849002849, -0.4642857142857143, 0.0, 0.0, 0.0, 1.0, 0.6419643964802242, 1.0, 0.0, 0.0, 0.0, 0.0, 0.0, 0.0, 0.0]",151839,30105,N6,dismiss,-0.3,ts,2125,1
"[0.9271428571428572, -0.9271428571428572, 0.2222222222222222, -0.14, 0.21999999999999997, 0.0, 0.0, 0.0, 1.0, 0.8090410868744287, 1.0, 0.0, 0.0, 0.0, 0.0, 0.0, 0.0, 0.0]",18359,51572,N6,dismiss,-0.3,ts,1294,1
"[0.27999999999999997, -0.27999999999999997, -0.07452093683463454, 1.0, -0.78, 0.0, 0.0, 0.0, 1.0, 0.5645640780394282, 1.0, 0.0, 0.0, 0.0, 0.0, 0.0, 0.0, 0.0]",154734,128279,N6,dismiss,-0.3,ts,1768,0
"[0.20000000000000004, -0.20000000000000004, -0.6334862385321101, 1.0, -0.375, 0.0, 0.0, 0.0, 1.0, 0.46352703055457606, 1.0, 0.0, 0.0, 0.0, 0.0, 0.0, 0.0, 0.0]",85929,139806,N6,dismiss,-0.3,ts,732,1
"[0.6888888888888889, -0.6888888888888889, 0.11421210820094461, 0.0, 0.0, 0.0, 0.0, 0.0, 1.0, 0.9029677658276107, 1.0, 0.0, 0.0, 0.0, 0.0, 0.0, 0.0, 0.0]",141734,16734,N6,dismiss,-0.3,ts,1931,1
"[0.25, -0.25, 0.0, -0.008595988538681949, 0.13636363636363635, 0.0, 0.0, 0.0, 1.0, 0.8012276518471559, 1.0, 0.0, 0.0, 0.0, 0.0, 0.0, 0.0, 0.0]",43088,117045,N3,accept,0.475,ts,2035,1
"[0.5, -0.5, 0.10367892976588634, -0.45664739884393063, -0.08000000000000003, 0.0, 0.0, 0.0, 1.0, 0.7593345830725144, 1.0, 0.0, 0.0, 0.0, 0.0, 0.0, 0.0, 0.0]",132804,19599,N1,accept,0.6499999999999999,ts,856,1
"[0.2803030303030304, -0.2803030303030304, 0.24700000000000005, 0.44642857142857145, -0.28, 0.0, 0.0, 0.0, 1.0, 0.6184684582201454, 1.0, 0.0, 0.0, 0.0, 0.0, 0.0, 0.0, 0.0]",80033,185708,N1,accept,0.4962121212121212,ts,1050,1
"[0.25000000000000006, -0.25000000000000006, -0.09111617312072894, 0.1, -0.059999999999999984, 0.0, 0.0, 0.0, 1.0, 0.7621185638122803, 1.0, 0.0, 0.0, 0.0, 0.0, 0.0, 0.0, 0.0]",30785,110598,N1,accept,0.475,ts,1325,1
"[0.27999999999999997, -0.27999999999999997, 0.22005571030640667, -0.2636363636363636, 0.31999999999999995, 0.0, 0.0, 0.0, 1.0, 0.6456512718839392, 1.0, 0.0, 0.0, 0.0, 0.0, 0.0, 0.0, 0.0]",84107,19598,N1,accept,0.496,ts,428,1
"[0.5599999999999999, -0.5599999999999999, 0.052291801162040054, 0.29454545454545455, -0.2448979591836735, 0.0, 0.0, 0.0, 1.0, 0.7767295963695724, 1.0, 0.0, 0.0, 0.0, 0.0, 0.0, 0.0, 0.0]",185412,87718,N6,dismiss,-0.3,ts,1540,0
"[0.3823529411764706, -0.3823529411764706, 0.0, 0.0, 0.0, 0.0, 0.0, 0.0, 1.0, 0.8794866445443913, 1.0, 0.0, 0.0, 0.0, 0.0, 0.0, 0.0, 0.0]",167076,50807,N6,dismiss,-0.3,ts,2826,1
"[0.12499999999999988, -0.12499999999999988, 0.21153846153846154, 0.049723756906077346, 0.05555555555555555, 0.0, 0.0, 0.0, 1.0, 0.6973654663264208, 1.0, 0.0, 0.0, 0.0, 0.0, 0.0, 0.0, 0.0]",146678,180524,N1,accept,0.3874999999999999,ts,640,1
"[0.10714285714285703, -0.10714285714285703, -0.15714899098325463, 0.0, 0.0, 0.0, 0.0, 0.0, 1.0, 0.7358964590411524, 1.0, 0.0, 0.0, 0.0, 0.0, 0.0, 0.0, 0.0]",141736,90181,N6,dismiss,-0.3,ts,495,1
"[0.15, -0.15, -0.3033333333333334, -0.08064516129032258, -0.2, 0.0, 0.0, 0.0, 1.0, 0.6425573796525078, 1.0, 0.0, 0.0, 0.0, 0.0, 0.0, 0.0, 0.0]",41650,18005,N6,accept,0.40499999999999997,ts,1219,1
"[0.2727272727272727, -0.2727272727272727, -0.07061958694203868, -0.03690036900369004, -0.0117647058823529, 0.0, 0.0, 0.0, 1.0, 0.8064217516346286, 1.0, 0.0, 0.0, 0.0, 0.0, 0.0, 0.0, 0.0]",81453,81449,N1,accept,0.49090909090909085,ts,1919,0
"[0.2857142857142857, -0.2857142857142857, -0.1111111111111111, 0.0, 0.0, 0.0, 0.0, 0.0, 1.0, 0.8111791655228264, 1.0, 0.0, 0.0, 0.0, 0.0, 0.0, 0.0, 0.0]",50807,18616,N6,dismiss,-0.3,ts,859,1
"[0.25, -0.25, 0.0, -0.008595988538681949, 0.08695652173913043, 0.0, 0.0, 0.0, 1.0, 0.8130880893622596, 1.0, 0.0, 0.0, 0.0, 0.0, 0.0, 0.0, 0.0]",57106,117045,N6,dismiss,-0.3,ts,1835,1
"[0.20000000000000004, -0.20000000000000004, -0.6972222222222223, -0.46153846153846156, -0.059999999999999984, 0.0, 0.0, 0.0, 1.0, 0.565054577528199, 1.0, 0.0, 0.0, 0.0, 0.0, 0.0, 0.0, 0.0]",51193,18528,N3,accept,0.44,ts,2420,1
"[0.7058823529411765, -0.7058823529411765, 0.08216216216216214, 1.0, 0.1111111111111111, 0.0, 0.0, 0.0, 1.0, 0.7372175871256054, 1.0, 0.0, 0.0, 0.0, 0.0, 0.0, 0.0, 0.0]",115299,170191,N6,dismiss,-0.3,ts,2068,1
"[0.25, -0.25, -0.6672226855713094, -0.08, -0.09090909090909091, 0.0, 0.0, 0.0, 1.0, 0.6451346898553325, 1.0, 0.0, 0.0, 0.0, 0.0, 0.0, 0.0, 0.0]",63869,48996,N3,accept,0.475,ts,2120,1
"[0.25, -0.25, 0.2124062031015508, 0.001215066828675577, 0.0, 0.0, 0.0, 0.0, 1.0, 0.7700037600548302, 1.0, 0.0, 0.0, 0.0, 0.0, 0.0, 0.0, 0.0]",30337,15457,N6,dismiss,-0.3,ts,524,1
"[0.33888888888888896, -0.33888888888888896, 0.1111111111111111, 0.26, 0.12000000000000002, 0.0, 0.0, 0.0, 1.0, 0.7344811410346426, 1.0, 0.0, 0.0, 0.0, 0.0, 0.0, 0.0, 0.0]",63753,29449,N1,accept,0.5372222222222223,ts,465,0
"[0.20000000000000007, -0.20000000000000007, -0.07074061773497174, 0.005698005698005698, 0.07142857142857142, 0.0, 0.0, 0.0, 1.0, 0.7747744325291696, 1.0, 0.0, 0.0, 0.0, 0.0, 0.0, 0.0, 0.0]",15533,88669,N1,accept,0.44000000000000006,ts,2696,1
"[0.47058823529411764, -0.47058823529411764, 0.07692307692307693, 1.0, 0.6599999999999999, 0.0, 0.0, 0.0, 1.0, 0.6187834354083326, 1.0, 0.0, 0.0, 0.0, 0.0, 0.0, 0.0, 0.0]",37982,39150,N1,accept,0.6294117647058823,ts,1383,1
"[0.15999999999999998, -0.15999999999999998, 0.03777501037775011, 0.7087378640776699, 0.2105263157894737, 0.0, 0.0, 0.0, 1.0, 0.629122681326625, 1.0, 0.0, 0.0, 0.0, 0.0, 0.0, 0.0, 0.0]",59415,15171,N1,accept,0.412,ts,2284,0
"[0.20000000000000007, -0.20000000000000007, -0.2, -0.008547008547008548, -0.14285714285714285, 0.0, 0.0, 0.0, 1.0, 0.7170714447814662, 1.0, 0.0, 0.0, 0.0, 0.0, 0.0, 0.0, 0.0]",15534,32065,N1,accept,0.44000000000000006,ts,1457,1
"[0.18749999999999997, -0.18749999999999997, -0.3652501344809037, 0.009523809523809525, -0.043478260869565216, 0.0, 0.0, 0.0, 1.0, 0.6995264293779716, 1.0, 0.0, 0.0, 0.0, 0.0, 0.0, 0.0, 0.0]",84737,169794,N1,accept,0.43124999999999997,ts,1369,1
"[0.12499999999999988, -0.12499999999999988, -0.12708498808578236, -0.23684210526315788, 0.10526315789473684, 0.0, 0.0, 0.0, 1.0, 0.6663745327697852, 1.0, 0.0, 0.0, 0.0, 0.0, 0.0, 0.0, 0.0]",144703,180522,N1,accept,0.3874999999999999,ts,1316,1
"[0.3142857142857143, -0.3142857142857143, -0.45454545454545453, -0.005698005698005698, 0.42857142857142855, 0.0, 0.0, 0.0, 1.0, 0.6523725054895647, 1.0, 0.0, 0.0, 0.0, 0.0, 0.0, 0.0, 0.0]",74278,108839,N1,accept,0.52,ts,414,1
"[0.11111111111111106, -0.11111111111111106, 0.21052631578947367, 0.22440944881889763, 0.86, 0.0, 0.0, 0.0, 1.0, 0.5451733916109797, 1.0, 0.0, 0.0, 0.0, 0.0, 0.0, 0.0, 0.0]",54392,91068,N3,dismiss,-0.3,ts,1772,1
"[0.2000000000000001, -0.2000000000000001, 0.16082064857710124, 0.0949367088607595, -0.05999999999999996, 0.0, 0.0, 0.0, 1.0, 0.7249174291137734, 1.0, 0.0, 0.0, 0.0, 0.0, 0.0, 0.0, 0.0]",147858,87098,N3,dismiss,-0.3,ts,1646,1
"[0.2, -0.2, -0.08949011446409984, 1.0, -0.22000000000000003, 0.0, 0.0, 0.0, 1.0, 0.5882796200363843, 1.0, 0.0, 0.0, 0.0, 0.0, 0.0, 0.0, 0.0]",191662,85164,N1,accept,0.43999999999999995,ts,747,0
"[0.14285714285714285, -0.14285714285714285, -0.13156752062527144, -0.05190311418685121, 0.36363636363636365, 0.0, 0.0, 0.0, 1.0, 0.6641876162143715, 1.0, 0.0, 0.0, 0.0, 0.0, 0.0, 0.0, 0.0]",110153,115289,N1,accept,0.39999999999999997,ts,2337,0
"[0.19999999999999998, -0.19999999999999998, -0.08869814020028616, 0.001579778830963665, 0.0, 0.0, 0.0, 0.0, 1.0, 0.7898445383035263, 1.0, 0.0, 0.0, 0.0, 0.0, 0.0, 0.0, 0.0]",19708,19715,N1,accept,0.43999999999999995,ts,619,0
"[0.35714285714285715, -0.35714285714285715, -0.7011686143572621, 0.19161676646706588, 0.18, 0.0, 0.0, 0.0, 1.0, 0.6285380072509015, 1.0, 0.0, 0.0, 0.0, 0.0, 0.0, 0.0, 0.0]",44189,130323,N1,accept,0.55,ts,692,1
"[0.367741935483871, -0.367741935483871, -0.03268765133171908, -0.00847457627118644, 0.07462686567164178, 0.0, 0.0, 0.0, 1.0, 0.8394568191052507, 1.0, 0.0, 0.0, 0.0, 0.0, 0.0, 0.0, 0.0]",43382,105910,N6,dismiss,-0.3,ts,836,1
"[0.2857142857142857, -0.2857142857142857, -0.5820721769499418, -0.5373665480427047, 0.21428571428571427, 0.0, 0.0, 0.0, 1.0, 0.5623938070756761, 1.0, 0.0, 0.0, 0.0, 0.0, 0.0, 0.0, 0.0]",84577,110152,N1,accept,0.5,ts,1612,1
"[0.5636363636363637, -0.5636363636363637, -0.3181818181818182, 0.10826210826210826, 0.7142857142857143, 0.0, 0.0, 0.0, 1.0, 0.684759117069591, 1.0, 0.0, 0.0, 0.0, 0.0, 0.0, 0.0, 0.0]",162722,107588,N1,accept,0.6945454545454546,ts,1225,1
"[0.3, -0.3, 0.0, 0.0, 0.0, 0.0, 0.0, 0.0, 1.0, 0.8554747513125021, 1.0, 0.0, 0.0, 0.0, 0.0, 0.0, 0.0, 0.0]",68609,50807,N1,accept,0.51,ts,469,0
"[0.64, -0.64, 0.15567282321899734, -0.5691489361702128, 0.4, 0.0, 0.0, 0.0, 1.0, 0.6980152721232434, 1.0, 0.0, 0.0, 0.0, 0.0, 0.0, 0.0, 0.0]",84106,19598,N1,accept,0.748,ts,571,0
"[0.2, -0.2, -0.3347401155042204, -0.5778546712802768, 0.46153846153846156, 0.0, 0.0, 0.0, 1.0, 0.5320424033910545, 1.0, 0.0, 0.0, 0.0, 0.0, 0.0, 0.0, 0.0]",179677,185524,N1,accept,0.43999999999999995,ts,1507,1
"[0.3636363636363637, -0.3636363636363637, 0.0, 0.061046511627906974, 0.0, 0.0, 0.0, 0.0, 1.0, 0.8570363402900383, 1.0, 0.0, 0.0, 0.0, 0.0, 0.0, 0.0, 0.0]",123210,123174,N1,accept,0.5545454545454546,ts,1849,0
"[0.15, -0.15, 0.17937500000000006, -0.48333333333333334, -0.58, 0.0, 0.0, 0.0, 1.0, 0.5491046509484763, 1.0, 0.0, 0.0, 0.0, 0.0, 0.0, 0.0, 0.0]",18616,79359,N3,dismiss,-0.3,ts,471,1
"[0.252, -0.252, 0.2222222222222222, 1.0, 0.2, 0.0, 0.0, 0.0, 1.0, 0.5709431733470681, 1.0, 0.0, 0.0, 0.0, 0.0, 0.0, 0.0, 0.0]",30621,151787,N1,accept,0.4764,ts,1029,1
"[0.0555555555555556, -0.0555555555555556, -0.16666666666666666, 0.01764705882352941, 0.13636363636363635, 0.0, 0.0, 0.0, 1.0, 0.6730847801914981, 1.0, 0.0, 0.0, 0.0, 0.0, 0.0, 0.0, 0.0]",123856,107052,N1,accept,0.3388888888888889,ts,2708,1
"[0.19999999999999993, -0.19999999999999993, 0.06666666666666667, 0.02, -0.16, 0.0, 0.0, 0.0, 1.0, 0.7509035883553894, 1.0, 0.0, 0.0, 0.0, 0.0, 0.0, 0.0, 0.0]",71728,40998,N3,dismiss,-0.3,ts,2897,1
"[0.20000000000000007, -0.20000000000000007, -0.0719734660033167, -0.016713091922005572, 0.2, 0.0, 0.0, 0.0, 1.0, 0.7416318447803406, 1.0, 0.0, 0.0, 0.0, 0.0, 0.0, 0.0, 0.0]",30201,88669,N1,accept,0.44000000000000006,ts,673,1
"[0.5636363636363637, -0.5636363636363637, -0.517369020501139, -0.033426183844011144, 0.8333333333333334, 0.0, 0.0, 0.0, 1.0, 0.6618670598643156, 1.0, 0.0, 0.0, 0.0, 0.0, 0.0, 0.0, 0.0]",67082,108828,N1,accept,0.6945454545454546,ts,1494,0
"[0.076923076923077, -0.076923076923077, 0.0, 0.0, 0.0, 0.0, 0.0, 0.0, 1.0, 0.7787188164556538, 1.0, 0.0, 0.0, 0.0, 0.0, 0.0, 0.0, 0.0]",93861,174758,N1,accept,0.35384615384615387,ts,1051,0
"[0.3911290322580645, -0.3911290322580645, -0.50017850767583, -0.08285714285714285, -0.04, 0.0, 0.0, 0.0, 1.0, 0.7209886712603468, 1.0, 0.0, 0.0, 0.0, 0.0, 0.0, 0.0, 0.0]",89602,103704,N1,accept,0.5737903225806451,ts,2538,1
"[0.28571428571428564, -0.28571428571428564, -0.7768934531450579, 0.06, -0.06000000000000001, 0.0, 0.0, 0.0, 1.0, 0.6593969620762647, 1.0, 0.0, 0.0, 0.0, 0.0, 0.0, 0.0, 0.0]",33303,81996,N1,accept,0.4999999999999999,ts,2529,1
"[0.26190476190476186, -0.26190476190476186, -0.16666666666666666, -0.04081632653061224, 0.08888888888888896, 0.0, 0.0, 0.0, 1.0, 0.7505722762436874, 1.0, 0.0, 0.0, 0.0, 0.0, 0.0, 0.0, 0.0]",91970,91957,N1,accept,0.4833333333333333,ts,1532,1
"[0.7580645161290323, -0.7580645161290323, 0.08958837772397098, 0.011299435028248588, 0.7910447761194029, 0.0, 0.0, 0.0, 1.0, 0.7980301280766156, 1.0, 0.0, 0.0, 0.0, 0.0, 0.0, 0.0, 0.0]",43382,151849,N1,accept,0.8306451612903225,ts,2788,0
"[0.1250000000000001, -0.1250000000000001, 0.004129793510324501, -0.028089887640449437, -0.2818181818181818, 0.0, 0.0, 0.0, 1.0, 0.7218639176970109, 1.0, 0.0, 0.0, 0.0, 0.0, 0.0, 0.0, 0.0]",87724,117162,N1,accept,0.38750000000000007,ts,2867,1
"[0.1200000000000001, -0.1200000000000001, 0.1455847255369929, -0.04024767801857585, -0.33999999999999997, 0.0, 0.0, 0.0, 1.0, 0.6583894484224873, 1.0, 0.0, 0.0, 0.0, 0.0, 0.0, 0.0, 0.0]",57279,59423,N1,accept,0.38400000000000006,ts,1086,1
"[0.2380952380952381, -0.2380952380952381, -0.28642857142857137, 0.0, 0.0, 0.0, 0.0, 0.0, 1.0, 0.7484561183017931, 1.0, 0.0, 0.0, 0.0, 0.0, 0.0, 0.0, 0.0]",166142,155975,N1,accept,0.4666666666666667,ts,2470,1
"[0.09090909090909098, -0.09090909090909098, -0.4, 0.06790123456790123, 0.4, 0.0, 0.0, 0.0, 1.0, 0.5720985586418731, 1.0, 0.0, 0.0, 0.0, 0.0, 0.0, 0.0, 0.0]",162891,43098,N1,accept,0.36363636363636365,ts,2550,1
"[0.25, -0.25, -0.25925925925925924, 0.0778816199376947, 0.13636363636363635, 0.0, 0.0, 0.0, 1.0, 0.7012290684696982, 1.0, 0.0, 0.0, 0.0, 0.0, 0.0, 0.0, 0.0]",142493,117045,N1,accept,0.475,ts,469,0
"[0.8287671232876712, -0.8287671232876712, -0.18256130790190733, 0.008450704225352112, 0.5, 0.0, 0.0, 0.0, 1.0, 0.8030782653779729, 1.0, 0.0, 0.0, 0.0, 0.0, 0.0, 0.0, 0.0]",64291,151849,N6,dismiss,-0.3,ts,2285,1
"[0.5555555555555556, -0.35, -0.41692307692307695, 0.0, 0.0, 0.0, 0.0, 0.0, 1.0, 0.7572625285445833, 1.0, 0.0, 0.0, 0.0, 0.0, 0.0, 0.0, 0.0]",63920,48992,N3,dismiss,-0.3,ts,1322,1
"[0.3061224489795918, -0.3061224489795918, -0.16759156492785793, 0.41012658227848103, 0.7333333333333333, 0.0, 0.0, 0.0, 1.0, 0.6010480844078115, 1.0, 0.0, 0.0, 0.0, 0.0, 0.0, 0.0, 0.0]",155693,29970,N1,accept,0.5142857142857142,ts,1785,1
"[0.19999999999999993, -0.19999999999999993, 0.125, 0.0, 0.0, 0.0, 0.0, 0.0, 1.0, 0.7785883097271787, 1.0, 0.0, 0.0, 0.0, 0.0, 0.0, 0.0, 0.0]",75387,18219,N1,accept,0.43999999999999995,ts,454,0
"[0.5170454545454546, -0.5170454545454546, 0.0, -0.21153846153846154, 0.07999999999999999, 0.0, 0.0, 0.0, 1.0, 0.8386147037299572, 1.0, 0.0, 0.0, 0.0, 0.0, 0.0, 0.0, 0.0]",74187,87406,N1,accept,0.6619318181818181,ts,1367,1
"[0.2666666666666666, -0.2666666666666666, -0.23121387283236994, -0.08, -0.09090909090909091, 0.0, 0.0, 0.0, 1.0, 0.7238223282691232, 1.0, 0.0, 0.0, 0.0, 0.0, 0.0, 0.0, 0.0]",16722,48998,N1,accept,0.4866666666666666,ts,810,1
"[0.3333333333333333, -0.3333333333333333, -0.48406676783004554, -0.44761904761904764, -0.6129032258064516, 0.0, 0.0, 0.0, 1.0, 0.546792220645576, 1.0, 0.0, 0.0, 0.0, 0.0, 0.0, 0.0, 0.0]",170138,175100,N1,accept,0.5333333333333333,ts,2133,0
"[0.6029411764705882, -0.6029411764705882, 0.1, 0.0, 0.0, 0.0, 0.0, 0.0, 1.0, 0.8933559641322879, 1.0, 0.0, 0.0, 0.0, 0.0, 0.0, 0.0, 0.0]",107697,18239,N1,accept,0.7220588235294116,ts,671,0
"[0.04545454545454549, -0.04545454545454549, -0.0646666666666667, -0.008264462809917356, -0.22727272727272727, 0.0, 0.0, 0.0, 1.0, 0.6855067967400382, 1.0, 0.0, 0.0, 0.0, 0.0, 0.0, 0.0, 0.0]",138639,127487,N1,accept,0.33181818181818185,ts,2911,0
"[0.5535714285714286, -0.5535714285714286, 0.03454231433506045, 0.0, 0.0, 0.0, 0.0, 0.0, 1.0, 0.9068164715016619, 1.0, 0.0, 0.0, 0.0, 0.0, 0.0, 0.0, 0.0]",16725,16729,N1,accept,0.6875,ts,2442,1
"[0.25, -0.25, 0.09090909090909091, 0.06944444444444445, -0.005555555555555635, 0.0, 0.0, 0.0, 1.0, 0.7852312004718296, 1.0, 0.0, 0.0, 0.0, 0.0, 0.0, 0.0, 0.0]",164892,165914,N1,accept,0.475,ts,887,0
"[0.5, -0.5, 0.006289308176100607, 0.12, -0.06000000000000005, 0.0, 0.0, 0.0, 1.0, 0.8573195155206763, 1.0, 0.0, 0.0, 0.0, 0.0, 0.0, 0.0, 0.0]",89446,58615,N6,dismiss,-0.3,ts,1056,1
"[0.41666666666666663, -0.41666666666666663, 0.0333889816360601, -0.02857142857142857, -0.015999999999999945, 0.0, 0.0, 0.0, 1.0, 0.8626753628631801, 1.0, 0.0, 0.0, 0.0, 0.0, 0.0, 0.0, 0.0]",19869,39280,N1,accept,0.5916666666666666,ts,1520,0
"[0.27272727272727276, -0.27272727272727276, -0.36066666666666664, 0.6388888888888888, -0.25, 0.0, 0.0, 0.0, 1.0, 0.5769238404291309, 1.0, 0.0, 0.0, 0.0, 0.0, 0.0, 0.0, 0.0]",56406,185391,N1,accept,0.4909090909090909,ts,639,1
"[0.14285714285714288, -0.14285714285714288, 0.2002503128911139, 0.9813084112149533, -0.15, 0.0, 0.0, 0.0, 1.0, 0.5689594320135174, 1.0, 0.0, 0.0, 0.0, 0.0, 0.0, 0.0, 0.0]",78135,55882,N1,accept,0.4,ts,1578,1
"[0.72, -0.72, -0.5509950248756219, -0.06521739130434782, 1.0, 0.0, 0.0, 0.0, 1.0, 0.6464339038370306, 1.0, 0.0, 0.0, 0.0, 0.0, 0.0, 0.0, 0.0]",174790,123439,N6,dismiss,-0.3,ts,517,1
"[0.11458333333333333, -0.11458333333333333, -0.11504424778761058, -0.5561959654178674, -0.7909090909090909, 0.0, 0.0, 0.0, 1.0, 0.5315991195502442, 1.0, 0.0, 0.0, 0.0, 0.0, 0.0, 0.0, 0.0]",108828,142262,N6,dismiss,-0.3,ts,2796,1
"[0.11999999999999993, -0.11999999999999993, 0.05970149253731346, 0.002849002849002849, -0.14285714285714285, 0.0, 0.0, 0.0, 1.0, 0.7338795604723226, 1.0, 0.0, 0.0, 0.0, 0.0, 0.0, 0.0, 0.0]",15535,74281,N1,accept,0.38399999999999995,ts,877,1
"[0.28571428571428564, -0.28571428571428564, 0.06345791879537509, 0.0, 0.0, 0.0, 0.0, 0.0, 1.0, 0.8271932450163234, 1.0, 0.0, 0.0, 0.0, 0.0, 0.0, 0.0, 0.0]",55412,72622,N1,accept,0.4999999999999999,ts,1408,0
"[0.2045454545454546, -0.2045454545454546, 0.006343906510851462, -0.019553072625698324, 1.0, 0.0, 0.0, 0.0, 1.0, 0.6864109839014316, 1.0, 0.0, 0.0, 0.0, 0.0, 0.0, 0.0, 0.0]",135483,74278,N1,accept,0.44318181818181823,ts,1954,0
"[0.17307692307692313, -0.17307692307692313, -0.2558718861209965, 0.2905982905982906, 0.18644067796610161, 0.0, 0.0, 0.0, 1.0, 0.6205701732380533, 1.0, 0.0, 0.0, 0.0, 0.0, 0.0, 0.0, 0.0]",43763,115226,N1,accept,0.42115384615384616,ts,1962,1
"[0.13953488372093023, -0.13953488372093023, 0.2, -0.21686746987951808, -0.12727272727272732, 0.0, 0.0, 0.0, 1.0, 0.6491415867196744, 1.0, 0.0, 0.0, 0.0, 0.0, 0.0, 0.0, 0.0]",40740,91969,N1,accept,0.39767441860465114,ts,1858,0
"[0.7787610619469026, -0.7787610619469026, 0.0027855153203343017, 0.008450704225352112, 0.3333333333333333, 0.0, 0.0, 0.0, 1.0, 0.8793064268333981, 1.0, 0.0, 0.0, 0.0, 0.0, 0.0, 0.0, 0.0]",143110,151849,N1,accept,0.8451327433628317,ts,1148,1
"[0.14, -0.14, -0.44627054361567636, 0.0, 0.0, 0.0, 0.0, 0.0, 1.0, 0.6836643380059366, 1.0, 0.0, 0.0, 0.0, 0.0, 0.0, 0.0, 0.0]",72622,69993,N1,accept,0.398,ts,1938,0
"[0.3333333333333333, -0.3333333333333333, -0.3076923076923077, -0.7, -0.6599999999999999, 0.0, 0.0, 0.0, 1.0, 0.5506757284984278, 1.0, 0.0, 0.0, 0.0, 0.0, 0.0, 0.0, 0.0]",156353,39764,N6,dismiss,-0.3,ts,1514,1
"[0.09999999999999991, -0.09999999999999991, -0.715307582260372, 0.0, 0.0, 0.0, 0.0, 0.0, 1.0, 0.6350536090371364, 1.0, 0.0, 0.0, 0.0, 0.0, 0.0, 0.0, 0.0]",16689,16809,N1,accept,0.36999999999999994,ts,2350,0
"[0.09090909090909098, -0.09090909090909098, 0.11799999999999997, 0.19753086419753085, 0.05, 0.0, 0.0, 0.0, 1.0, 0.6786086775628354, 1.0, 0.0, 0.0, 0.0, 0.0, 0.0, 0.0, 0.0]",162891,16906,N1,accept,0.36363636363636365,ts,1520,0
"[0.08333333333333336, -0.08333333333333336, 0.0, -0.4731182795698925, -0.06000000000000001, 0.0, 0.0, 0.0, 1.0, 0.6723562023501097, 1.0, 0.0, 0.0, 0.0, 0.0, 0.0, 0.0, 0.0]",126323,122718,N1,accept,0.35833333333333334,ts,1552,1
"[0.5, -0.5, -0.10344827586206896, 0.0, 0.0, 0.0, 0.0, 0.0, 1.0, 0.8714079900606294, 1.0, 0.0, 0.0, 0.0, 0.0, 0.0, 0.0, 0.0]",70828,129946,N1,accept,0.6499999999999999,ts,2421,0
"[0.7942857142857144, -0.7942857142857144, -0.3214124038026256, 0.2066115702479339, -0.375, 0.0, 0.0, 0.0, 1.0, 0.7329985361225249, 1.0, 0.0, 0.0, 0.0, 0.0, 0.0, 0.0, 0.0]",110166,128284,N1,accept,0.8560000000000001,ts,702,1
"[0.1200000000000001, -0.1200000000000001, 0.1455847255369929, -0.054878048780487805, -0.8250000000000001, 0.0, 0.0, 0.0, 1.0, 0.6072134063167107, 1.0, 0.0, 0.0, 0.0, 0.0, 0.0, 0.0, 0.0]",57551,59423,N1,accept,0.38400000000000006,ts,1152,1
"[0.3636363636363637, -0.3636363636363637, 0.020408163265306048, 0.0110803324099723, 0.07142857142857142, 0.0, 0.0, 0.0, 1.0, 0.8430216704000497, 1.0, 0.0, 0.0, 0.0, 0.0, 0.0, 0.0, 0.0]",123215,123174,N1,accept,0.5545454545454546,ts,2212,0
"[0.7411764705882353, -0.7411764705882353, 0.002506265664160437, 0.39732142857142855, -0.7, 0.0, 0.0, 0.0, 1.0, 0.7549222534913111, 1.0, 0.0, 0.0, 0.0, 0.0, 0.0, 0.0, 0.0]",86748,169349,N1,accept,0.8188235294117647,ts,1610,0
"[0.25, -0.25, 0.09974937343358406, -0.10149253731343283, -0.07692307692307693, 0.0, 0.0, 0.0, 1.0, 0.7544717506388567, 1.0, 0.0, 0.0, 0.0, 0.0, 0.0, 0.0, 0.0]",140787,116369,N1,accept,0.475,ts,936,1
"[0.3636363636363637, -0.3636363636363637, 0.0, 0.0, 0.0, 0.0, 0.0, 0.0, 1.0, 0.8742764353476687, 1.0, 0.0, 0.0, 0.0, 0.0, 0.0, 0.0, 0.0]",123141,123174,N1,accept,0.5545454545454546,ts,2068,0
"[0.8964705882352941, -0.8964705882352941, -0.33913913913913923, 0.092, -0.23333333333333334, 0.0, 0.0, 0.0, 1.0, 0.7885512116707503, 1.0, 0.0, 0.0, 0.0, 0.0, 0.0, 0.0, 0.0]",47181,86743,N3,dismiss,-0.3,ts,2818,1
"[0.46153846153846156, -0.46153846153846156, -0.7518796992481204, -0.03125, 0.11999999999999993, 0.0, 0.0, 0.0, 1.0, 0.7032303327527926, 1.0, 0.0, 0.0, 0.0, 0.0, 0.0, 0.0, 0.0]",175226,122732,N1,accept,0.6230769230769231,ts,683,0
"[0.8571428571428572, -0.8571428571428572, 0.0, 0.031446540880503145, 0.6901408450704226, 0.0, 0.0, 0.0, 1.0, 0.8430827251867334, 1.0, 0.0, 0.0, 0.0, 0.0, 0.0, 0.0, 0.0]",57280,57551,N1,accept,0.8999999999999999,ts,2359,1
"[0.1500000000000001, -0.1500000000000001, 0.0, -0.35714285714285715, -0.1, 0.0, 0.0, 0.0, 1.0, 0.7015604788698512, 1.0, 0.0, 0.0, 0.0, 0.0, 0.0, 0.0, 0.0]",74186,189308,N1,accept,0.405,ts,498,1
"[0.09090909090909098, -0.09090909090909098, -0.20200000000000004, 0.0029154518950437317, 0.09090909090909091, 0.0, 0.0, 0.0, 1.0, 0.6916008331746771, 1.0, 0.0, 0.0, 0.0, 0.0, 0.0, 0.0, 0.0]",162866,174773,N1,accept,0.36363636363636365,ts,1773,1
"[0.5542857142857143, -0.5542857142857143, -0.5706311721769, 0.0, 0.0, 0.0, 0.0, 0.0, 1.0, 0.784193694833226, 1.0, 0.0, 0.0, 0.0, 0.0, 0.0, 0.0, 0.0]",141777,93850,N1,accept,0.688,ts,1212,1
"[0.20000000000000007, -0.20000000000000007, 0.03275302449100028, -0.10954063604240283, 0.3333333333333333, 0.0, 0.0, 0.0, 1.0, 0.7076478622053513, 1.0, 0.0, 0.0, 0.0, 0.0, 0.0, 0.0, 0.0]",134112,115390,N1,accept,0.44000000000000006,ts,2608,1
"[0.23076923076923073, -0.23076923076923073, -0.4578571428571428, -0.2409090909090909, 0.1111111111111111, 0.0, 0.0, 0.0, 1.0, 0.6260456862267325, 1.0, 0.0, 0.0, 0.0, 0.0, 0.0, 0.0, 0.0]",114738,81498,N1,accept,0.46153846153846145,ts,1287,1
"[0.37500000000000006, -0.37500000000000006, 0.0, -0.3611111111111111, 0.043478260869565216, 0.0, 0.0, 0.0, 1.0, 0.7878158040247939, 1.0, 0.0, 0.0, 0.0, 0.0, 0.0, 0.0, 0.0]",110120,51122,N1,accept,0.5625,ts,1570,1
"[0.47058823529411764, -0.47058823529411764, 0.07142857142857142, -0.5081967213114754, 0.06000000000000001, 0.0, 0.0, 0.0, 1.0, 0.7627203820740563, 1.0, 0.0, 0.0, 0.0, 0.0, 0.0, 0.0, 0.0]",118798,70937,N1,accept,0.6294117647058823,ts,650,1
"[0.5599999999999999, -0.5599999999999999, 0.0009099181073703173, 0.34532374100719426, 1.0, 0.0, 0.0, 0.0, 1.0, 0.709884034192077, 1.0, 0.0, 0.0, 0.0, 0.0, 0.0, 0.0, 0.0]",185410,89763,N1,accept,0.692,ts,1391,0
"[0.41176470588235287, -0.41176470588235287, -0.10614525139664797, 0.12, 0.24, 0.0, 0.0, 0.0, 1.0, 0.7599295455936875, 1.0, 0.0, 0.0, 0.0, 0.0, 0.0, 0.0, 0.0]",63626,58615,N1,accept,0.588235294117647,ts,1976,0
"[0.6071428571428571, -0.6071428571428571, 0.1066332916145181, 0.0, 0.0, 0.0, 0.0, 0.0, 1.0, 0.8919568730108844, 1.0, 0.0, 0.0, 0.0, 0.0, 0.0, 0.0, 0.0]",16679,94196,N1,accept,0.7249999999999999,ts,1752,0
"[0.12499999999999988, -0.12499999999999988, -0.06666666666666667, 0.4132231404958678, 0.0, 0.0, 0.0, 0.0, 1.0, 0.6870082097314609, 1.0, 0.0, 0.0, 0.0, 0.0, 0.0, 0.0, 0.0]",63222,114737,N1,accept,0.3874999999999999,ts,2883,0
"[0.09090909090909098, -0.09090909090909098, -0.4, -0.061224489795918366, 0.0, 0.0, 0.0, 0.0, 1.0, 0.6564596112153199, 1.0, 0.0, 0.0, 0.0, 0.0, 0.0, 0.0, 0.0]",162866,43089,N1,accept,0.36363636363636365,ts,2381,1
"[0.8857142857142857, -0.8857142857142857, -0.7536231884057971, -0.072, -0.4, 0.0, 0.0, 0.0, 1.0, 0.7088112677497157, 1.0, 0.0, 0.0, 0.0, 0.0, 0.0, 0.0, 0.0]",71136,175100,N3,accept,0.9199999999999999,ts,1898,1
"[0.25, -0.25, 0.0, -0.008595988538681949, 0.08695652173913043, 0.0, 0.0, 0.0, 1.0, 0.8130880893622596, 1.0, 0.0, 0.0, 0.0, 0.0, 0.0, 0.0, 0.0]",57106,117045,N1,accept,0.475,ts,2137,0
"[0.07692307692307684, -0.07692307692307684, -0.1872881355932203, 0.4411764705882353, -0.2916666666666667, 0.0, 0.0, 0.0, 1.0, 0.5620114161518501, 1.0, 0.0, 0.0, 0.0, 0.0, 0.0, 0.0, 0.0]",92709,115240,N1,accept,0.35384615384615375,ts,2130,0
"[0.5, -0.5, -0.052770448548812667, -0.4148936170212766, 0.08000000000000007, 0.0, 0.0, 0.0, 1.0, 0.7819976516061806, 1.0, 0.0, 0.0, 0.0, 0.0, 0.0, 0.0, 0.0]",84106,84107,N1,accept,0.6499999999999999,ts,1978,1
"[0.25, -0.25, 0.2124062031015508, 0.001215066828675577, 0.0, 0.0, 0.0, 0.0, 1.0, 0.7700037600548302, 1.0, 0.0, 0.0, 0.0, 0.0, 0.0, 0.0, 0.0]",30337,15457,N1,accept,0.475,ts,2577,0
"[0.4583333333333333, -0.4583333333333333, -0.327319587628866, 0.22, 0.24000000000000005, 0.0, 0.0, 0.0, 1.0, 0.692442265593947, 1.0, 0.0, 0.0, 0.0, 0.0, 0.0, 0.0, 0.0]",151790,123325,N1,accept,0.6208333333333333,ts,2557,0
"[0.2794117647058824, -0.2794117647058824, -0.4150110375275938, 0.023323615160349854, 0.07462686567164178, 0.0, 0.0, 0.0, 1.0, 0.7086208261787135, 1.0, 0.0, 0.0, 0.0, 0.0, 0.0, 0.0, 0.0]",185707,105872,N1,accept,0.49558823529411766,ts,664,1
"[0.9442857142857142, -0.9442857142857142, -0.1, -0.8571428571428571, -0.9099999999999999, 0.0, 0.0, 0.0, 1.0, 0.6872767360360263, 1.0, 0.0, 0.0, 0.0, 0.0, 0.0, 0.0, 0.0]",153856,79461,N1,accept,0.9609999999999999,ts,2959,0
"[0.062499999999999965, -0.062499999999999965, 0.0, 0.07339449541284404, -0.038461538461538464, 0.0, 0.0, 0.0, 1.0, 0.7417846617265634, 1.0, 0.0, 0.0, 0.0, 0.0, 0.0, 0.0, 0.0]",169893,183357,N1,accept,0.34374999999999994,ts,602,0
"[0.75, -0.75, -0.2697495183044316, 0.09333333333333334, -0.5545454545454546, 0.0, 0.0, 0.0, 1.0, 0.7428701637711608, 1.0, 0.0, 0.0, 0.0, 0.0, 0.0, 0.0, 0.0]",16734,49086,N1,accept,0.825,ts,2994,0
"[0.625, -0.625, -0.4194444444444445, -0.525, -0.58, 0.0, 0.0, 0.0, 1.0, 0.6194695630751793, 1.0, 0.0, 0.0, 0.0, 0.0, 0.0, 0.0, 0.0]",167076,18005,N1,accept,0.7375,ts,2075,1
"[0.07500000000000007, -0.07500000000000007, -0.2404809619238477, 0.4111111111111111, 0.64, 0.0, 0.0, 0.0, 1.0, 0.509268332065276, 1.0, 0.0, 0.0, 0.0, 0.0, 0.0, 0.0, 0.0]",44266,31679,N1,accept,0.35250000000000004,ts,500,1
"[0.722689075630252, -0.722689075630252, 0.20898100172711576, 0.31297709923664124, 0.08, 0.0, 0.0, 0.0, 1.0, 0.7883841872788766, 1.0, 0.0, 0.0, 0.0, 0.0, 0.0, 0.0, 0.0]",61358,169335,N6,accept,0.8058823529411763,ts,1050,1
"[0.3333333333333333, -0.3333333333333333, -0.3076923076923077, -0.7, -0.6599999999999999, 0.0, 0.0, 0.0, 1.0, 0.5506757284984278, 1.0, 0.0, 0.0, 0.0, 0.0, 0.0, 0.0, 0.0]",156353,39764,N1,accept,0.5333333333333333,ts,2233,1
"[0.3636363636363637, -0.3636363636363637, 0.0, 0.061046511627906974, 0.0, 0.0, 0.0, 0.0, 1.0, 0.8570363402900383, 1.0, 0.0, 0.0, 0.0, 0.0, 0.0, 0.0, 0.0]",123043,123174,N1,accept,0.5545454545454546,ts,2018,0
"[0.20000000000000007, -0.20000000000000007, -0.23388888888888892, 0.0, 0.0, 0.0, 0.0, 0.0, 1.0, 0.7481066944271884, 1.0, 0.0, 0.0, 0.0, 0.0, 0.0, 0.0, 0.0]",38176,141744,N1,accept,0.44000000000000006,ts,1092,1
"[0.20000000000000007, -0.20000000000000007, -0.4706467661691542, -0.04735376044568245, -0.12, 0.0, 0.0, 0.0, 1.0, 0.6552927486227715, 1.0, 0.0, 0.0, 0.0, 0.0, 0.0, 0.0, 0.0]",29710,107170,N1,accept,0.44000000000000006,ts,1707,1
"[0.013333333333333253, -0.013333333333333253, 0.2005012531328321, 0.15579710144927536, 0.4, 0.0, 0.0, 0.0, 1.0, 0.5661701482744483, 1.0, 0.0, 0.0, 0.0, 0.0, 0.0, 0.0, 0.0]",48996,63924,N1,accept,0.30933333333333324,ts,530,0
"[0.4218289085545723, -0.4218289085545723, -0.42887776983559683, -0.011267605633802818, -0.19999999999999998, 0.0, 0.0, 0.0, 1.0, 0.7220126977476174, 1.0, 0.0, 0.0, 0.0, 0.0, 0.0, 0.0, 0.0]",146721,105910,N1,accept,0.5952802359882006,ts,433,1
"[0.3032258064516129, -0.3032258064516129, -0.046875, -0.002849002849002849, 0.07142857142857142, 0.0, 0.0, 0.0, 1.0, 0.817748560930307, 1.0, 0.0, 0.0, 0.0, 0.0, 0.0, 0.0, 0.0]",15686,15687,N6,dismiss,-0.3,ts,2871,1
"[0.24999999999999992, -0.24999999999999992, -0.18808777429467086, -0.007194244604316547, -0.02439024390243908, 0.0, 0.0, 0.0, 1.0, 0.7676014166610969, 1.0, 0.0, 0.0, 0.0, 0.0, 0.0, 0.0, 0.0]",113424,125887,N1,accept,0.4749999999999999,ts,2314,0
"[0.35000000000000003, -0.35000000000000003, 0.027816411682892905, -0.45103857566765576, -0.5, 0.0, 0.0, 0.0, 1.0, 0.6756055460954731, 1.0, 0.0, 0.0, 0.0, 0.0, 0.0, 0.0, 0.0]",87402,175208,N1,accept,0.5449999999999999,ts,981,0
"[0.20000000000000007, -0.20000000000000007, -0.20380601596071202, -0.10160427807486631, 0.875, 0.0, 0.0, 0.0, 1.0, 0.60435783142046, 1.0, 0.0, 0.0, 0.0, 0.0, 0.0, 0.0, 0.0]",162740,107554,N1,accept,0.44000000000000006,ts,1625,1
"[0.5636363636363637, -0.5636363636363637, 0.22448979591836735, -0.016901408450704224, 0.8181818181818182, 0.0, 0.0, 0.0, 1.0, 0.724044986814595, 1.0, 0.0, 0.0, 0.0, 0.0, 0.0, 0.0, 0.0]",123023,107563,N1,accept,0.6945454545454546,ts,556,1
"[0.5, -0.5, -0.47299077733860345, 1.0, -0.45454545454545453, 0.0, 0.0, 0.0, 1.0, 0.5471433227927082, 1.0, 0.0, 0.0, 0.0, 0.0, 0.0, 0.0, 0.0]",85794,169349,N1,accept,0.6499999999999999,ts,2381,1
"[0.28571428571428575, -0.28571428571428575, 0.0, -0.1005586592178771, 0.14285714285714285, 0.0, 0.0, 0.0, 1.0, 0.7864257510470529, 1.0, 0.0, 0.0, 0.0, 0.0, 0.0, 0.0, 0.0]",128281,51122,N1,accept,0.5,ts,1713,0
"[0.19512195121951212, -0.19512195121951212, 0.1573604060913707, 0.27450980392156865, 0.16666666666666666, 0.0, 0.0, 0.0, 1.0, 0.6612561616586466, 1.0, 0.0, 0.0, 0.0, 0.0, 0.0, 0.0, 0.0]",141752,90175,N1,accept,0.4365853658536585,ts,2794,0
"[0.1200000000000001, -0.1200000000000001, 0.1455847255369929, -0.08011869436201781, -0.52, 0.0, 0.0, 0.0, 1.0, 0.6248074521533694, 1.0, 0.0, 0.0, 0.0, 0.0, 0.0, 0.0, 0.0]",57278,59423,N1,accept,0.38400000000000006,ts,1791,0
"[0.11627906976744183, -0.11627906976744183, 0.0, -0.034129692832764506, 0.0638297872340425, 0.0, 0.0, 0.0, 1.0, 0.7652934573031218, 1.0, 0.0, 0.0, 0.0, 0.0, 0.0, 0.0, 0.0]",33338,38840,N1,accept,0.38139534883720927,ts,826,1
"[0.2941176470588236, -0.2941176470588236, 0.0, 1.0, 0.22000000000000003, 0.0, 0.0, 0.0, 1.0, 0.6533578724024277, 1.0, 0.0, 0.0, 0.0, 0.0, 0.0, 0.0, 0.0]",51572,50956,N1,accept,0.5058823529411764,ts,731,0
"[0.5636363636363637, -0.5636363636363637, 0.07142857142857142, -0.016901408450704224, 0.8181818181818182, 0.0, 0.0, 0.0, 1.0, 0.7697647418315443, 1.0, 0.0, 0.0, 0.0, 0.0, 0.0, 0.0, 0.0]",123005,107563,N1,accept,0.6945454545454546,ts,2948,1
"[0.1428571428571428, -0.1428571428571428, 0.0, 0.0, 0.0, 0.0, 0.0, 0.0, 1.0, 0.8027662436102929, 1.0, 0.0, 0.0, 0.0, 0.0, 0.0, 0.0, 0.0]",29449,18364,N1,accept,0.3999999999999999,ts,1881,1
"[0.9075630252100839, -0.9075630252100839, -0.23143189755529694, -0.028469750889679714, 0.6428571428571429, 0.0, 0.0, 0.0, 1.0, 0.7782374490108421, 1.0, 0.0, 0.0, 0.0, 0.0, 0.0, 0.0, 0.0]",84577,86743,N1,accept,0.9352941176470586,ts,980,1
"[0.25, -0.25, 0.0, 0.07453416149068323, 0.13636363636363635, 0.0, 0.0, 0.0, 1.0, 0.7830109453831142, 1.0, 0.0, 0.0, 0.0, 0.0, 0.0, 0.0, 0.0]",43090,117045,N1,accept,0.475,ts,1786,0
"[0.5, -0.5, -0.09400544959128067, 0.3276595744680851, 0.07142857142857142, 0.0, 0.0, 0.0, 1.0, 0.7824315047196422, 1.0, 0.0, 0.0, 0.0, 0.0, 0.0, 0.0, 0.0]",156584,58951,N6,dismiss,-0.3,ts,2549,1
"[0.25, -0.25, -0.18823529411764706, 0.0, 0.0, 0.0, 0.0, 0.0, 1.0, 0.7768452100027552, 1.0, 0.0, 0.0, 0.0, 0.0, 0.0, 0.0, 0.0]",113825,87177,N1,accept,0.475,ts,1079,0
"[0.4, -0.28, -0.2697495183044316, -0.18333333333333332, 1.0, 0.0, 0.0, 0.0, 1.0, 0.586722181322074, 1.0, 0.0, 0.0, 0.0, 0.0, 0.0, 0.0, 0.0]",16718,42569,N1,accept,0.58,ts,1582,0
"[0.2, -0.2, 0.2222222222222222, -0.6008771929824561, 0.25, 0.0, 0.0, 0.0, 1.0, 0.5871437693950083, 1.0, 0.0, 0.0, 0.0, 0.0, 0.0, 0.0, 0.0]",118876,127600,N1,accept,0.43999999999999995,ts,1636,0
"[0.8571428571428572, -0.8571428571428572, 0.0, 0.059748427672955975, -0.33802816901408445, 0.0, 0.0, 0.0, 1.0, 0.8738978396594365, 1.0, 0.0, 0.0, 0.0, 0.0, 0.0, 0.0, 0.0]",57280,57278,N1,accept,0.8999999999999999,ts,1961,1
"[0.7411764705882353, -0.7411764705882353, 0.003327283726557756, -0.21782178217821782, 0.041666666666666664, 0.0, 0.0, 0.0, 1.0, 0.8848787293179241, 1.0, 0.0, 0.0, 0.0, 0.0, 0.0, 0.0, 0.0]",65211,117335,N1,accept,0.8188235294117647,ts,1238,1
"[0.2, -0.2, -0.8373109243697479, 0.0, 0.0, 0.0, 0.0, 0.0, 1.0, 0.660303957852938, 1.0, 0.0, 0.0, 0.0, 0.0, 0.0, 0.0, 0.0]",54201,110501,N1,accept,0.43999999999999995,ts,994,1
"[0.3636363636363637, -0.3636363636363637, 0.0, 0.0, 0.0, 0.0, 0.0, 0.0, 1.0, 0.8742764353476687, 1.0, 0.0, 0.0, 0.0, 0.0, 0.0, 0.0, 0.0]",123010,123174,N1,accept,0.5545454545454546,ts,2625,0
"[0.4545454545454546, -0.4545454545454546, -0.4991652754590985, 0.08659217877094973, 1.0, 0.0, 0.0, 0.0, 1.0, 0.5991871381000974, 1.0, 0.0, 0.0, 0.0, 0.0, 0.0, 0.0, 0.0]",135483,107588,N1,accept,0.6181818181818182,ts,2503,1
"[0.41935483870967744, -0.41935483870967744, -0.5135135135135135, -0.019498607242339833, -0.13333333333333336, 0.0, 0.0, 0.0, 1.0, 0.7201126138922802, 1.0, 0.0, 0.0, 0.0, 0.0, 0.0, 0.0, 0.0]",85287,111012,N1,accept,0.5935483870967742,ts,908,1
"[0.11458333333333333, -0.11458333333333333, 0.0, -0.6041131105398457, -0.8083333333333332, 0.0, 0.0, 0.0, 1.0, 0.5671434991422036, 1.0, 0.0, 0.0, 0.0, 0.0, 0.0, 0.0, 0.0]",107588,142262,N1,accept,0.3802083333333333,ts,758,0
"[0.16666666666666666, -0.16666666666666666, -0.04375000000000003, -0.1484375, 1.0, 0.0, 0.0, 0.0, 1.0, 0.6182567245250014, 1.0, 0.0, 0.0, 0.0, 0.0, 0.0, 0.0, 0.0]",75984,164354,N1,accept,0.41666666666666663,ts,2789,1
"[0.040000000000000036, -0.040000000000000036, 0.0, 0.6467889908256881, -0.6777777777777777, 0.0, 0.0, 0.0, 1.0, 0.5447957747892169, 1.0, 0.0, 0.0, 0.0, 0.0, 0.0, 0.0, 0.0]",164355,158412,N6,dismiss,-0.3,ts,453,1
"[0.3, -0.3, 0.0, 0.0, 0.0, 0.0, 0.0, 0.0, 1.0, 0.8554747513125021, 1.0, 0.0, 0.0, 0.0, 0.0, 0.0, 0.0, 0.0]",68609,50807,N1,accept,0.51,ts,2422,1
"[0.02500000000000002, -0.02500000000000002, 0.20627261761158033, -0.1, -0.039999999999999994, 0.0, 0.0, 0.0, 1.0, 0.653040323250587, 1.0, 0.0, 0.0, 0.0, 0.0, 0.0, 0.0, 0.0]",151774,62503,N1,accept,0.3175,ts,870,1
"[0.47058823529411764, -0.47058823529411764, 0.15384615384615385, 0.0, 0.0, 0.0, 0.0, 0.0, 1.0, 0.8490503635579928, 1.0, 0.0, 0.0, 0.0, 0.0, 0.0, 0.0, 0.0]",156353,18570,N1,accept,0.6294117647058823,ts,2126,1
"[0.5636363636363637, -0.5636363636363637, -0.5024875621890547, -0.04143646408839779, 1.0, 0.0, 0.0, 0.0, 1.0, 0.6537530947716415, 1.0, 0.0, 0.0, 0.0, 0.0, 0.0, 0.0, 0.0]",174793,107659,N1,accept,0.6945454545454546,ts,714,1
"[0.25000000000000006, -0.25000000000000006, 0.22284122562674097, 1.0, -0.11764705882352941, 0.0, 0.0, 0.0, 1.0, 0.6044452332283466, 1.0, 0.0, 0.0, 0.0, 0.0, 0.0, 0.0, 0.0]",110152,39429,N1,accept,0.475,ts,585,1
"[0.5636363636363637, -0.5636363636363637, 0.23253903040262944, 0.12753623188405797, 1.0, 0.0, 0.0, 0.0, 1.0, 0.6843183977363809, 1.0, 0.0, 0.0, 0.0, 0.0, 0.0, 0.0, 0.0]",123006,107588,N1,accept,0.6945454545454546,ts,507,0
"[0.28571428571428575, -0.28571428571428575, -0.5994993742177722, 0.24481327800829875, 0.1, 0.0, 0.0, 0.0, 1.0, 0.6260687675061121, 1.0, 0.0, 0.0, 0.0, 0.0, 0.0, 0.0, 0.0]",16682,60782,N1,accept,0.5,ts,2544,1
"[0.1200000000000001, -0.1200000000000001, 0.1455847255369929, -0.054878048780487805, -0.8250000000000001, 0.0, 0.0, 0.0, 1.0, 0.6072134063167107, 1.0, 0.0, 0.0, 0.0, 0.0, 0.0, 0.0, 0.0]",57551,59423,N1,accept,0.38400000000000006,ts,2367,1
"[0.19999999999999993, -0.19999999999999993, -0.17391304347826086, 0.0, 0.0, 0.0, 0.0, 0.0, 1.0, 0.7640724904524591, 1.0, 0.0, 0.0, 0.0, 0.0, 0.0, 0.0, 0.0]",38212,18611,N1,accept,0.43999999999999995,ts,400,0
"[0.11458333333333333, -0.11458333333333333, 0.0, -0.5587392550143266, -0.77, 0.0, 0.0, 0.0, 1.0, 0.5737732739088267, 1.0, 0.0, 0.0, 0.0, 0.0, 0.0, 0.0, 0.0]",107563,142262,N1,accept,0.3802083333333333,ts,792,0
"[0.2, -0.2, 0.06177606177606183, -0.2127659574468085, 0.06000000000000005, 0.0, 0.0, 0.0, 1.0, 0.7306346526818904, 1.0, 0.0, 0.0, 0.0, 0.0, 0.0, 0.0, 0.0]",19611,19607,N1,accept,0.43999999999999995,ts,1468,1
"[0.8285714285714286, -0.8285714285714286, -0.4171011470281544, -0.3619047619047619, -0.6916666666666668, 0.0, 0.0, 0.0, 1.0, 0.6587576964334717, 1.0, 0.0, 0.0, 0.0, 0.0, 0.0, 0.0, 0.0]",56248,54927,N1,accept,0.8799999999999999,ts,1202,1
"[0.375, -0.375, -0.12425665101721436, -0.06504065040650407, -0.06666666666666667, 0.0, 0.0, 0.0, 1.0, 0.796428995026407, 1.0, 0.0, 0.0, 0.0, 0.0, 0.0, 0.0, 0.0]",43370,88672,N1,accept,0.5625,ts,1304,1
"[0.5636363636363637, -0.5636363636363637, 0.22448979591836735, 0.09577464788732394, 1.0, 0.0, 0.0, 0.0, 1.0, 0.6877911266249941, 1.0, 0.0, 0.0, 0.0, 0.0, 0.0, 0.0, 0.0]",123023,107588,N1,accept,0.6945454545454546,ts,489,0
"[0.5707070707070706, -0.5707070707070706, 0.0, -0.1, 0.1, 0.0, 0.0, 0.0, 1.0, 0.8691748323312947, 1.0, 0.0, 0.0, 0.0, 0.0, 0.0, 0.0, 0.0]",141703,87406,N1,accept,0.6994949494949494,ts,2199,1
"[0.09999999999999991, -0.09999999999999991, -0.665546218487395, 0.0, 0.0, 0.0, 0.0, 0.0, 1.0, 0.6400589572696636, 1.0, 0.0, 0.0, 0.0, 0.0, 0.0, 0.0, 0.0]",54201,16809,N1,accept,0.36999999999999994,ts,2862,0
"[0.25, -0.25, 0.09090909090909091, 0.06944444444444445, -0.005555555555555635, 0.0, 0.0, 0.0, 1.0, 0.7852312004718296, 1.0, 0.0, 0.0, 0.0, 0.0, 0.0, 0.0, 0.0]",164892,165914,N1,accept,0.475,ts,406,0
"[0.18750000000000003, -0.18750000000000003, -0.058823529411764705, 1.0, 0.44000000000000006, 0.0, 0.0, 0.0, 1.0, 0.5626333454400778, 1.0, 0.0, 0.0, 0.0, 0.0, 0.0, 0.0, 0.0]",18334,57385,N1,accept,0.43125,ts,1555,1
"[0.2142857142857143, -0.2142857142857143, 0.0, -0.09363295880149813, 0.5492957746478874, 0.0, 0.0, 0.0, 1.0, 0.7020840351677758, 1.0, 0.0, 0.0, 0.0, 0.0, 0.0, 0.0, 0.0]",147103,138639,N1,accept,0.44999999999999996,ts,1325,0
"[0.19999999999999987, -0.19999999999999987, 0.2, 0.46, 0.0, 0.0, 0.0, 0.0, 1.0, 0.6666700184827028, 1.0, 0.0, 0.0, 0.0, 0.0, 0.0, 0.0, 0.0]",85440,30711,N1,accept,0.4399999999999999,ts,1324,0
"[0.3636363636363637, -0.3636363636363637, 0.14285714285714285, 0.028169014084507043, 0.36363636363636365, 0.0, 0.0, 0.0, 1.0, 0.7388385917974343, 1.0, 0.0, 0.0, 0.0, 0.0, 0.0, 0.0, 0.0]",123011,123174,N1,accept,0.5545454545454546,ts,2600,0
"[0.4545454545454546, -0.4545454545454546, -0.3942101501072195, -0.0169971671388102, 0.4666666666666667, 0.0, 0.0, 0.0, 1.0, 0.6930601486020554, 1.0, 0.0, 0.0, 0.0, 0.0, 0.0, 0.0, 0.0]",88669,108828,N1,accept,0.6181818181818182,ts,2362,0
"[0.9352941176470587, -0.9352941176470587, -0.09173478655767482, 1.0, -0.14285714285714285, 0.0, 0.0, 0.0, 1.0, 0.7560750149382087, 1.0, 0.0, 0.0, 0.0, 0.0, 0.0, 0.0, 0.0]",156584,169349,N1,accept,0.9547058823529411,ts,1495,0
"[0.20000000000000007, -0.20000000000000007, 0.19142857142857142, -0.04788732394366197, 0.09090909090909091, 0.0, 0.0, 0.0, 1.0, 0.7205734669549364, 1.0, 0.0, 0.0, 0.0, 0.0, 0.0, 0.0, 0.0]",123018,108746,N1,accept,0.44000000000000006,ts,1761,1
"[0.24999999999999997, -0.24999999999999997, -0.46371428571428575, -0.12301587301587301, -0.25, 0.0, 0.0, 0.0, 1.0, 0.6269674754267696, 1.0, 0.0, 0.0, 0.0, 0.0, 0.0, 0.0, 0.0]",115390,104466,N1,accept,0.475,ts,657,1
"[0.30000000000000004, -0.30000000000000004, -0.3508771929824562, -0.08, 0.059999999999999984, 0.0, 0.0, 0.0, 1.0, 0.7154773582189826, 1.0, 0.0, 0.0, 0.0, 0.0, 0.0, 0.0, 0.0]",110598,141822,N1,accept,0.51,ts,1177,0
"[0.7954545454545455, -0.7954545454545455, -0.058333333333333376, 0.08571428571428572, 1.0, 0.0, 0.0, 0.0, 1.0, 0.7646405915394846, 1.0, 0.0, 0.0, 0.0, 0.0, 0.0, 0.0, 0.0]",30082,89765,N1,accept,0.8568181818181819,ts,1615,1
"[0.08333333333333326, -0.08333333333333326, 0.0, 0.1125, 0.18181818181818182, 0.0, 0.0, 0.0, 1.0, 0.7051372725166374, 1.0, 0.0, 0.0, 0.0, 0.0, 0.0, 0.0, 0.0]",73738,73736,N1,accept,0.3583333333333333,ts,2582,0
"[0.19999999999999993, -0.19999999999999993, -0.25, -0.8833333333333333, -0.7454545454545454, 0.0, 0.0, 0.0, 1.0, 0.5035447216368699, 1.0, 0.0, 0.0, 0.0, 0.0, 0.0, 0.0, 0.0]",126074,18330,N1,accept,0.43999999999999995,ts,594,0
"[0.5636363636363637, -0.5636363636363637, -0.20886075949367092, -0.030726256983240222, 0.5714285714285714, 0.0, 0.0, 0.0, 1.0, 0.74277658111315, 1.0, 0.0, 0.0, 0.0, 0.0, 0.0, 0.0, 0.0]",111011,107659,N6,accept,0.6945454545454546,ts,2397,1
"[0.16666666666666663, -0.16666666666666663, -0.1497064579256361, -0.04, -0.039999999999999994, 0.0, 0.0, 0.0, 1.0, 0.7364152237187678, 1.0, 0.0, 0.0, 0.0, 0.0, 0.0, 0.0, 0.0]",122734,81996,N6,accept,0.41666666666666663,ts,486,0
"[0.12499999999999988, -0.12499999999999988, 0.03177124702144559, -0.23684210526315788, 0.10526315789473684, 0.0, 0.0, 0.0, 1.0, 0.6989493880617605, 1.0, 0.0, 0.0, 0.0, 0.0, 0.0, 0.0, 0.0]",144703,144702,N1,accept,0.3874999999999999,ts,414,1
"[0.16666666666666663, -0.16666666666666663, -0.271869328493648, 0.2, -0.020000000000000018, 0.0, 0.0, 0.0, 1.0, 0.6720108132142955, 1.0, 0.0, 0.0, 0.0, 0.0, 0.0, 0.0, 0.0]",87131,86978,N1,accept,0.41666666666666663,ts,1878,1
"[0.5599999999999999, -0.5599999999999999, 0.0009099181073703173, 0.34532374100719426, 1.0, 0.0, 0.0, 0.0, 1.0, 0.709884034192077, 1.0, 0.0, 0.0, 0.0, 0.0, 0.0, 0.0, 0.0]",185410,89763,N1,accept,0.692,ts,673,1
"[0.15000000000000013, -0.15000000000000013, 0.18616352201257855, 0.0, -0.30000000000000004, 0.0, 0.0, 0.0, 1.0, 0.67546712842869, 1.0, 0.0, 0.0, 0.0, 0.0, 0.0, 0.0, 0.0]",89446,56971,N1,accept,0.4050000000000001,ts,2937,1
"[0.09090909090909098, -0.09090909090909098, -0.40298507462686567, 0.03867403314917127, 0.2727272727272727, 0.0, 0.0, 0.0, 1.0, 0.5989839283557213, 1.0, 0.0, 0.0, 0.0, 0.0, 0.0, 0.0, 0.0]",174793,151841,N1,accept,0.36363636363636365,ts,1342,1
"[0.15000000000000013, -0.15000000000000013, -0.5289473684210527, -0.24, -0.020000000000000018, 0.0, 0.0, 0.0, 1.0, 0.611692733476693, 1.0, 0.0, 0.0, 0.0, 0.0, 0.0, 0.0, 0.0]",38124,63626,N6,dismiss,-0.3,ts,2037,1
"[0.3636363636363637, -0.3636363636363637, 0.1013215859030837, 0.057971014492753624, 0.25, 0.0, 0.0, 0.0, 1.0, 0.7621489741842852, 1.0, 0.0, 0.0, 0.0, 0.0, 0.0, 0.0, 0.0]",123207,123174,N6,dismiss,-0.3,ts,1860,0
"[0.75, -0.75, 0.0, 1.0, 0.8333333333333334, 0.0, 0.0, 0.0, 1.0, 0.6835721076933059, 1.0, 0.0, 0.0, 0.0, 0.0, 0.0, 0.0, 0.0]",18437,115238,N6,dismiss,-0.3,ts,614,1
"[0.375, -0.375, 0.1629802095459837, -0.02857142857142857, -0.015999999999999945, 0.0, 0.0, 0.0, 1.0, 0.8087691028352987, 1.0, 0.0, 0.0, 0.0, 0.0, 0.0, 0.0, 0.0]",19856,71092,N6,dismiss,-0.3,ts,2010,0
"[0.52, -0.52, 0.11648223645894, 0.0, 0.0, 0.0, 0.0, 0.0, 1.0, 0.8716130198763568, 1.0, 0.0, 0.0, 0.0, 0.0, 0.0, 0.0, 0.0]",142501,54196,N6,dismiss,-0.3,ts,1924,0
"[0.09999999999999998, -0.09999999999999998, 0.061946902654867304, -0.025787965616045846, 0.0, 0.0, 0.0, 0.0, 1.0, 0.75637571956917, 1.0, 0.0, 0.0, 0.0, 0.0, 0.0, 0.0, 0.0]",82376,123856,N1,accept,0.37,ts,2512,1
"[0.25, -0.25, -0.46332737030411447, -0.10824742268041238, 0.19047619047619047, 0.0, 0.0, 0.0, 1.0, 0.6420465769124615, 1.0, 0.0, 0.0, 0.0, 0.0, 0.0, 0.0, 0.0]",16906,117045,N6,accept,0.475,ts,2039,0
"[0.13333333333333333, -0.13333333333333333, 0.0, 0.0, 0.0, 0.0, 0.0, 0.0, 1.0, 0.799343830056226, 1.0, 0.0, 0.0, 0.0, 0.0, 0.0, 0.0, 0.0]",93851,93856,N6,dismiss,-0.3,ts,2792,0
"[0.2941176470588236, -0.2941176470588236, 0.0, 1.0, 0.22000000000000003, 0.0, 0.0, 0.0, 1.0, 0.6533578724024277, 1.0, 0.0, 0.0, 0.0, 0.0, 0.0, 0.0, 0.0]",51572,50956,N6,accept,0.5058823529411764,ts,1445,0
"[0.20000000000000007, -0.20000000000000007, -0.24607679465776297, -0.008547008547008548, -0.14285714285714285, 0.0, 0.0, 0.0, 1.0, 0.7052691292088489, 1.0, 0.0, 0.0, 0.0, 0.0, 0.0, 0.0, 0.0]",189329,31973,N1,accept,0.44000000000000006,ts,2888,1
"[0.375, -0.375, -0.36161335187760785, -0.2, -0.18, 0.0, 0.0, 0.0, 1.0, 0.679693785618543, 1.0, 0.0, 0.0, 0.0, 0.0, 0.0, 0.0, 0.0]",63907,113027,N6,dismiss,-0.3,ts,725,0
"[0.25, -0.25, -0.3834917458729365, -0.001215066828675577, 0.0, 0.0, 0.0, 0.0, 1.0, 0.7321076440419114, 1.0, 0.0, 0.0, 0.0, 0.0, 0.0, 0.0, 0.0]",30337,189231,N1,accept,0.475,ts,1677,1
"[0.8944444444444444, -0.8944444444444444, 0.0, -0.02, 0.0, 0.0, 0.0, 0.0, 1.0, 0.962136410518863, 1.0, 0.0, 0.0, 0.0, 0.0, 0.0, 0.0, 0.0]",89731,83441,N6,dismiss,-0.3,ts,405,0
"[0.2857142857142857, -0.2857142857142857, -0.0726817042606516, -0.040983606557377046, -0.05263157894736842, 0.0, 0.0, 0.0, 1.0, 0.7971817523519913, 1.0, 0.0, 0.0, 0.0, 0.0, 0.0, 0.0, 0.0]",185563,115299,N6,dismiss,-0.3,ts,1982,1
"[0.20000000000000007, -0.20000000000000007, -0.13533333333333328, -0.17647058823529413, 0.2, 0.0, 0.0, 0.0, 1.0, 0.6813430872729247, 1.0, 0.0, 0.0, 0.0, 0.0, 0.0, 0.0, 0.0]",89764,107458,N6,dismiss,-0.3,ts,1271,1
"[0.625, -0.625, 0.0, 0.5722543352601156, -0.975, 0.0, 0.0, 0.0, 1.0, 0.7026160369889208, 1.0, 0.0, 0.0, 0.0, 0.0, 0.0, 0.0, 0.0]",158410,134921,N6,accept,0.7375,ts,1848,1
"[0.1200000000000001, -0.1200000000000001, 0.1455847255369929, -0.08011869436201781, -0.52, 0.0, 0.0, 0.0, 1.0, 0.6248074521533694, 1.0, 0.0, 0.0, 0.0, 0.0, 0.0, 0.0, 0.0]",57278,59423,N6,dismiss,-0.3,ts,2340,0
"[0.14285714285714288, -0.14285714285714288, -0.1938610662358643, 0.0, 0.0, 0.0, 0.0, 0.0, 1.0, 0.7384864192538396, 1.0, 0.0, 0.0, 0.0, 0.0, 0.0, 0.0, 0.0]",39280,81422,N6,accept,0.4,ts,1111,0
"[0.20000000000000007, -0.20000000000000007, -0.20364050056882826, -0.11888111888111888, 0.14285714285714285, 0.0, 0.0, 0.0, 1.0, 0.6868996987666001, 1.0, 0.0, 0.0, 0.0, 0.0, 0.0, 0.0, 0.0]",115366,115390,N6,accept,0.44000000000000006,ts,728,1
"[0.14, -0.14, -0.31562500000000004, 0.030303030303030304, 0.0, 0.0, 0.0, 0.0, 1.0, 0.6993060113850216, 1.0, 0.0, 0.0, 0.0, 0.0, 0.0, 0.0, 0.0]",130086,69993,N6,dismiss,-0.3,ts,626,0
"[0.24999999999999997, -0.24999999999999997, -0.18882352941176475, 0.0, 0.0, 0.0, 0.0, 0.0, 1.0, 0.7766838274694299, 1.0, 0.0, 0.0, 0.0, 0.0, 0.0, 0.0, 0.0]",38239,141751,N1,accept,0.475,ts,2137,1
"[0.24242424242424238, -0.24242424242424238, 0.17021276595744683, 0.22875816993464052, 0.24000000000000005, 0.0, 0.0, 0.0, 1.0, 0.6671422863770378, 1.0, 0.0, 0.0, 0.0, 0.0, 0.0, 0.0, 0.0]",120700,19599,N6,dismiss,-0.3,ts,2282,0
"[0.6212121212121212, -0.6212121212121212, 0.0344827586206897, 0.7247706422018348, -0.26, 0.0, 0.0, 0.0, 1.0, 0.7439116586771575, 1.0, 0.0, 0.0, 0.0, 0.0, 0.0, 0.0, 0.0]",182863,19599,N6,dismiss,-0.3,ts,2953,1
"[0.14, -0.14, -0.02666666666666673, 0.0625, -0.1, 0.0, 0.0, 0.0, 1.0, 0.7465385609804288, 1.0, 0.0, 0.0, 0.0, 0.0, 0.0, 0.0, 0.0]",141632,69993,N6,dismiss,-0.3,ts,1346,0
"[0.13846153846153844, -0.13846153846153844, 0.19546247818499135, 0.02857142857142857, 0.043478260869565216, 0.0, 0.0, 0.0, 1.0, 0.7156517480890073, 1.0, 0.0, 0.0, 0.0, 0.0, 0.0, 0.0, 0.0]",155844,55915,N6,dismiss,-0.3,ts,1640,0
"[0.20000000000000004, -0.20000000000000004, 0.10016694490818043, 0.0, 0.02500000000000006, 0.0, 0.0, 0.0, 1.0, 0.7792040533578343, 1.0, 0.0, 0.0, 0.0, 0.0, 0.0, 0.0, 0.0]",53365,19865,N6,dismiss,-0.3,ts,2957,1
"[0.18749999999999997, -0.18749999999999997, -0.06666666666666667, 0.8181818181818182, -0.1, 0.0, 0.0, 0.0, 1.0, 0.6455626802602048, 1.0, 0.0, 0.0, 0.0, 0.0, 0.0, 0.0, 0.0]",63222,114738,N6,dismiss,-0.3,ts,1205,1
"[0.2666666666666666, -0.2666666666666666, -0.28709055876685935, 0.06333333333333334, 0.2727272727272727, 0.0, 0.0, 0.0, 1.0, 0.6767112466300538, 1.0, 0.0, 0.0, 0.0, 0.0, 0.0, 0.0, 0.0]",16722,130294,N1,accept,0.4866666666666666,ts,701,1
"[0.18750000000000003, -0.18750000000000003, -0.058823529411764705, 1.0, 0.44000000000000006, 0.0, 0.0, 0.0, 1.0, 0.5626333454400778, 1.0, 0.0, 0.0, 0.0, 0.0, 0.0, 0.0, 0.0]",18334,57385,N6,dismiss,-0.3,ts,2422,1
"[0.296, -0.296, -0.4104545454545454, -0.042735042735042736, 1.0, 0.0, 0.0, 0.0, 1.0, 0.5952122238463202, 1.0, 0.0, 0.0, 0.0, 0.0, 0.0, 0.0, 0.0]",151839,107554,N6,dismiss,-0.3,ts,2867,1
"[0.7, -0.7, -0.6158823529411764, 0.0, 0.0, 0.0, 0.0, 0.0, 1.0, 0.8038070338239747, 1.0, 0.0, 0.0, 0.0, 0.0, 0.0, 0.0, 0.0]",37946,63859,N6,dismiss,-0.3,ts,1077,1
"[0.1250000000000001, -0.1250000000000001, -0.041666666666666664, -0.015625, 0.07999999999999999, 0.0, 0.0, 0.0, 1.0, 0.753548736419283, 1.0, 0.0, 0.0, 0.0, 0.0, 0.0, 0.0, 0.0]",30711,82101,N6,accept,0.38750000000000007,ts,2918,1
"[0.13333333333333344, -0.13333333333333344, -0.18181818181818182, -0.75, -0.44000000000000006, 0.0, 0.0, 0.0, 1.0, 0.5340595765105035, 1.0, 0.0, 0.0, 0.0, 0.0, 0.0, 0.0, 0.0]",18239,79461,N6,dismiss,-0.3,ts,2530,0
"[0.5215311004784688, -0.5215311004784688, -0.19849999999999995, -0.8859934853420195, -0.27999999999999997, 0.0, 0.0, 0.0, 1.0, 0.6591531334939468, 1.0, 0.0, 0.0, 0.0, 0.0, 0.0, 0.0, 0.0]",69980,115984,N6,dismiss,-0.3,ts,2620,1
"[0.6818181818181819, -0.6818181818181819, 0.024324324324324288, 0.02821316614420063, -0.65, 0.0, 0.0, 0.0, 1.0, 0.8158970926015877, 1.0, 0.0, 0.0, 0.0, 0.0, 0.0, 0.0, 0.0]",130294,49086,N6,dismiss,-0.3,ts,875,0
"[0.28571428571428575, -0.28571428571428575, 0.23592419664927214, 0.4583333333333333, -0.1, 0.0, 0.0, 0.0, 1.0, 0.658588363112707, 1.0, 0.0, 0.0, 0.0, 0.0, 0.0, 0.0, 0.0]",139086,127333,N1,accept,0.5,ts,1979,1
"[0.25, -0.25, 0.0, 0.07453416149068323, 0.13636363636363635, 0.0, 0.0, 0.0, 1.0, 0.7830109453831142, 1.0, 0.0, 0.0, 0.0, 0.0, 0.0, 0.0, 0.0]",43089,117045,N6,dismiss,-0.3,ts,1351,0
"[0.20000000000000007, -0.20000000000000007, 0.04249999999999998, -0.05056179775280899, 1.0, 0.0, 0.0, 0.0, 1.0, 0.6624041001381072, 1.0, 0.0, 0.0, 0.0, 0.0, 0.0, 0.0, 0.0]",109094,108746,N6,dismiss,-0.3,ts,1461,1
"[0.39999999999999997, -0.39999999999999997, 0.21505376344086022, -0.3197969543147208, 1.0, 0.0, 0.0, 0.0, 1.0, 0.6003913445971276, 1.0, 0.0, 0.0, 0.0, 0.0, 0.0, 0.0, 0.0]",92081,120916,N6,dismiss,-0.3,ts,2903,0
"[0.24999999999999997, -0.24999999999999997, -0.46371428571428575, -0.12301587301587301, -0.25, 0.0, 0.0, 0.0, 1.0, 0.6269674754267696, 1.0, 0.0, 0.0, 0.0, 0.0, 0.0, 0.0, 0.0]",115390,104466,N6,dismiss,-0.3,ts,2882,1
"[0.24999999999999997, -0.24999999999999997, -0.6, 0.0, 0.0, 0.0, 0.0, 0.0, 1.0, 0.6998281919701369, 1.0, 0.0, 0.0, 0.0, 0.0, 0.0, 0.0, 0.0]",69947,93859,N6,dismiss,-0.3,ts,1687,1
"[0.20000000000000007, -0.20000000000000007, -0.4706467661691542, -0.02564102564102564, -0.08333333333333333, 0.0, 0.0, 0.0, 1.0, 0.6703265884549668, 1.0, 0.0, 0.0, 0.0, 0.0, 0.0, 0.0, 0.0]",72081,107170,N6,dismiss,-0.3,ts,823,1
"[0.264, -0.264, -0.2317559863169897, 0.0, 0.0, 0.0, 0.0, 0.0, 1.0, 0.7699444006148144, 1.0, 0.0, 0.0, 0.0, 0.0, 0.0, 0.0, 0.0]",147381,63876,N6,dismiss,-0.3,ts,2616,0
"[0.20000000000000007, -0.20000000000000007, 0.2, -0.01694915254237288, -0.07692307692307693, 0.0, 0.0, 0.0, 1.0, 0.7305032209505417, 1.0, 0.0, 0.0, 0.0, 0.0, 0.0, 0.0, 0.0]",108743,32065,N6,dismiss,-0.3,ts,1612,1
"[0.41935483870967744, -0.41935483870967744, -0.20460048426150115, -0.005649717514124294, 0.1641791044776119, 0.0, 0.0, 0.0, 1.0, 0.7785128988253786, 1.0, 0.0, 0.0, 0.0, 0.0, 0.0, 0.0, 0.0]",43382,111012,N1,accept,0.5935483870967742,ts,1417,1
"[0.5, -0.5, -0.5789473684210527, -0.12, 0.21999999999999997, 0.0, 0.0, 0.0, 1.0, 0.6862162498160189, 1.0, 0.0, 0.0, 0.0, 0.0, 0.0, 0.0, 0.0]",38124,58615,N6,dismiss,-0.3,ts,1793,1
"[0.39999999999999997, -0.39999999999999997, -0.4021650879566983, 0.11926605504587157, 0.0, 0.0, 0.0, 0.0, 1.0, 0.7419073999856097, 1.0, 0.0, 0.0, 0.0, 0.0, 0.0, 0.0, 0.0]",115244,81541,N6,accept,0.58,ts,2070,0
"[0.16666666666666663, -0.16666666666666663, -0.1497064579256361, -0.04, -0.039999999999999994, 0.0, 0.0, 0.0, 1.0, 0.7364152237187678, 1.0, 0.0, 0.0, 0.0, 0.0, 0.0, 0.0, 0.0]",122734,81996,N6,dismiss,-0.3,ts,1085,0
"[0.25, -0.25, 0.09754877438719374, -0.14245014245014245, 0.0, 0.0, 0.0, 0.0, 1.0, 0.7669536154645624, 1.0, 0.0, 0.0, 0.0, 0.0, 0.0, 0.0, 0.0]",182867,116369,N6,dismiss,-0.3,ts,2116,1
"[0.5, -0.5, -0.5789473684210527, -0.12, 0.21999999999999997, 0.0, 0.0, 0.0, 1.0, 0.6862162498160189, 1.0, 0.0, 0.0, 0.0, 0.0, 0.0, 0.0, 0.0]",38124,58615,N6,accept,0.6499999999999999,ts,1508,1
"[0.6949152542372882, -0.6949152542372882, -0.5128205128205129, 0.0, 0.0, 0.0, 0.0, 0.0, 1.0, 0.8164191497498977, 1.0, 0.0, 0.0, 0.0, 0.0, 0.0, 0.0, 0.0]",63936,48996,N6,dismiss,-0.3,ts,479,1
"[0.13333333333333344, -0.13333333333333344, -0.18181818181818182, -0.75, -0.44000000000000006, 0.0, 0.0, 0.0, 1.0, 0.5340595765105035, 1.0, 0.0, 0.0, 0.0, 0.0, 0.0, 0.0, 0.0]",18239,79461,N6,dismiss,-0.3,ts,1803,0
"[0.20000000000000004, -0.20000000000000004, 0.027667984189723244, 0.08383233532934131, -0.1, 0.0, 0.0, 0.0, 1.0, 0.7617168116556725, 1.0, 0.0, 0.0, 0.0, 0.0, 0.0, 0.0, 0.0]",81498,146678,N6,dismiss,-0.3,ts,2653,1
"[0.7787610619469026, -0.7787610619469026, -0.3566833452466047, 0.008450704225352112, 0.3333333333333333, 0.0, 0.0, 0.0, 1.0, 0.7784158884362526, 1.0, 0.0, 0.0, 0.0, 0.0, 0.0, 0.0, 0.0]",146721,151849,N6,dismiss,-0.3,ts,2656,1
"[0.12, -0.12, -0.11333333333333329, -0.09042553191489362, -0.21428571428571427, 0.0, 0.0, 0.0, 1.0, 0.6768573158584676, 1.0, 0.0, 0.0, 0.0, 0.0, 0.0, 0.0, 0.0]",151841,107170,N1,accept,0.384,ts,1786,1
"[0.35714285714285715, -0.35714285714285715, -0.3704, 0.06989247311827956, -0.4411764705882353, 0.0, 0.0, 0.0, 1.0, 0.6602837202553663, 1.0, 0.0, 0.0, 0.0, 0.0, 0.0, 0.0, 0.0]",151762,130324,N6,dismiss,-0.3,ts,2543,0
"[0.11111111111111115, -0.11111111111111115, -0.6376811594202898, 0.17475728155339806, 0.016666666666666607, 0.0, 0.0, 0.0, 1.0, 0.5979880051484318, 1.0, 0.0, 0.0, 0.0, 0.0, 0.0, 0.0, 0.0]",54732,81542,N6,dismiss,-0.3,ts,569,1
"[0.4545454545454546, -0.4545454545454546, -0.24933569530558014, -0.0028735632183908046, 0.8333333333333334, 0.0, 0.0, 0.0, 1.0, 0.6971141847006259, 1.0, 0.0, 0.0, 0.0, 0.0, 0.0, 0.0, 0.0]",31973,108828,N6,dismiss,-0.3,ts,2912,1
"[0.5636363636363637, -0.5636363636363637, -0.5024875621890547, -0.011396011396011397, 0.5714285714285714, 0.0, 0.0, 0.0, 1.0, 0.6898384330673171, 1.0, 0.0, 0.0, 0.0, 0.0, 0.0, 0.0, 0.0]",151840,107659,N6,dismiss,-0.3,ts,1040,1
"[0.6875, -0.6875, 0.05571428571428579, 0.18461538461538463, -0.6592592592592593, 0.0, 0.0, 0.0, 1.0, 0.7663329371063949, 1.0, 0.0, 0.0, 0.0, 0.0, 0.0, 0.0, 0.0]",20014,140660,N6,dismiss,-0.3,ts,683,0
"[0.3636363636363637, -0.3636363636363637, 0.0, 0.0, 0.0, 0.0, 0.0, 0.0, 1.0, 0.8742764353476687, 1.0, 0.0, 0.0, 0.0, 0.0, 0.0, 0.0, 0.0]",123031,123174,N6,accept,0.5545454545454546,ts,1291,0
"[0.55, -0.55, -0.18882352941176475, 0.0, 0.0, 0.0, 0.0, 0.0, 1.0, 0.8565400030934407, 1.0, 0.0, 0.0, 0.0, 0.0, 0.0, 0.0, 0.0]",37946,141749,N6,dismiss,-0.3,ts,523,1
"[0.09090909090909098, -0.09090909090909098, -0.4, 0.08125, 1.0, 0.0, 0.0, 0.0, 1.0, 0.5204062933284588, 1.0, 0.0, 0.0, 0.0, 0.0, 0.0, 0.0, 0.0]",162892,43098,N6,dismiss,-0.3,ts,493,1
"[0.7428571428571429, -0.7428571428571429, 0.125, -0.26, -0.12000000000000002, 0.0, 0.0, 0.0, 1.0, 0.8143254453991665, 1.0, 0.0, 0.0, 0.0, 0.0, 0.0, 0.0, 0.0]",18355,63753,N6,dismiss,-0.3,ts,2160,1
"[0.09090909090909098, -0.09090909090909098, 0.0, 0.06515580736543909, 0.0, 0.0, 0.0, 0.0, 1.0, 0.7655544386808594, 1.0, 0.0, 0.0, 0.0, 0.0, 0.0, 0.0, 0.0]",87720,151841,N6,accept,0.36363636363636365,ts,2526,0
"[0.8571428571428572, -0.8571428571428572, 0.0, -0.04, 0.0, 0.0, 0.0, 0.0, 1.0, 0.9529674423825959, 1.0, 0.0, 0.0, 0.0, 0.0, 0.0, 0.0, 0.0]",16648,16650,N6,dismiss,-0.3,ts,868,0
"[0.2146118721461187, -0.2146118721461187, 0.1784741144414169, -0.008450704225352112, -0.09999999999999998, 0.0, 0.0, 0.0, 1.0, 0.7380674469227877, 1.0, 0.0, 0.0, 0.0, 0.0, 0.0, 0.0, 0.0]",64291,54520,N6,dismiss,-0.3,ts,1279,1
"[0.1764705882352941, -0.1764705882352941, 0.0, 0.05045871559633028, 0.0, 0.0, 0.0, 0.0, 1.0, 0.8002741033846621, 1.0, 0.0, 0.0, 0.0, 0.0, 0.0, 0.0, 0.0]",173998,173997,N6,dismiss,-0.3,ts,2622,0
"[0.09090909090909098, -0.09090909090909098, -0.335, -0.015060240963855422, -0.2769230769230769, 0.0, 0.0, 0.0, 1.0, 0.6179824254273522, 1.0, 0.0, 0.0, 0.0, 0.0, 0.0, 0.0, 0.0]",162894,82380,N6,dismiss,-0.3,ts,2403,1
"[0.01111111111111112, -0.01111111111111112, -0.3, -0.3541666666666667, -0.13999999999999999, 0.0, 0.0, 0.0, 1.0, 0.5511658124955352, 1.0, 0.0, 0.0, 0.0, 0.0, 0.0, 0.0, 0.0]",155816,79360,N6,accept,0.30777777777777776,ts,1385,1
"[0.08333333333333322, -0.08333333333333322, 0.0, 0.0, 0.0, 0.0, 0.0, 0.0, 1.0, 0.7810882504428991, 1.0, 0.0, 0.0, 0.0, 0.0, 0.0, 0.0, 0.0]",174745,93864,N6,dismiss,-0.3,ts,2198,0
"[0.5698529411764707, -0.5698529411764707, -0.11764705882352941, 0.0, 0.0, 0.0, 0.0, 0.0, 1.0, 0.8814571990285176, 1.0, 0.0, 0.0, 0.0, 0.0, 0.0, 0.0, 0.0]",41870,131606,N6,dismiss,-0.3,ts,932,1
"[0.25, -0.25, 0.0, -0.005747126436781609, -0.16666666666666666, 0.0, 0.0, 0.0, 1.0, 0.7953547792253595, 1.0, 0.0, 0.0, 0.0, 0.0, 0.0, 0.0, 0.0]",117105,117045,N6,dismiss,-0.3,ts,2319,0
"[0.511864406779661, -0.511864406779661, -0.7557997557997558, 0.08695652173913043, 0.1, 0.0, 0.0, 0.0, 1.0, 0.7043880888074465, 1.0, 0.0, 0.0, 0.0, 0.0, 0.0, 0.0, 0.0]",63936,174745,N6,accept,0.6583050847457628,ts,1631,1
"[0.25000000000000006, -0.25000000000000006, 0.17647058823529413, -0.1, 0.019999999999999973, 0.0, 0.0, 0.0, 1.0, 0.7470410829548414, 1.0, 0.0, 0.0, 0.0, 0.0, 0.0, 0.0, 0.0]",18279,37985,N6,dismiss,-0.3,ts,734,0
"[0.10714285714285708, -0.10714285714285708, -0.5499323410013532, -0.38366336633663367, -0.28, 0.0, 0.0, 0.0, 1.0, 0.5117386411272438, 1.0, 0.0, 0.0, 0.0, 0.0, 0.0, 0.0, 0.0]",81395,52481,N6,dismiss,-0.3,ts,1642,1
"[0.10119047619047615, -0.10119047619047615, -0.6251673360107095, 0.38961038961038963, -0.1111111111111111, 0.0, 0.0, 0.0, 1.0, 0.533864573103318, 1.0, 0.0, 0.0, 0.0, 0.0, 0.0, 0.0, 0.0]",20077,103704,N6,dismiss,-0.3,ts,2404,1
"[0.12499999999999988, -0.12499999999999988, -0.4164235097957482, 0.1793103448275862, -0.047619047619047616, 0.0, 0.0, 0.0, 1.0, 0.6244645839381715, 1.0, 0.0, 0.0, 0.0, 0.0, 0.0, 0.0, 0.0]",155856,114737,N6,dismiss,-0.3,ts,942,0
"[0.25, -0.25, 0.0, 0.0, 0.0, 0.0, 0.0, 0.0, 1.0, 0.8395893495876965, 1.0, 0.0, 0.0, 0.0, 0.0, 0.0, 0.0, 0.0]",116977,117045,N6,accept,0.475,ts,1135,0
"[0.1250000000000001, -0.1250000000000001, 0.16218749999999993, 0.0, 0.0, 0.0, 0.0, 0.0, 1.0, 0.7409291148542603, 1.0, 0.0, 0.0, 0.0, 0.0, 0.0, 0.0, 0.0]",57061,55412,N6,dismiss,-0.3,ts,1447,1
"[0.2941176470588236, -0.2941176470588236, 0.0, 1.0, 0.22000000000000003, 0.0, 0.0, 0.0, 1.0, 0.6533578724024277, 1.0, 0.0, 0.0, 0.0, 0.0, 0.0, 0.0, 0.0]",51572,50956,N6,dismiss,-0.3,ts,1312,0
"[0.25, -0.25, 0.09090909090909091, 0.1, 0.49166666666666653, 0.0, 0.0, 0.0, 1.0, 0.6852588678547423, 1.0, 0.0, 0.0, 0.0, 0.0, 0.0, 0.0, 0.0]",110001,165914,N6,dismiss,-0.3,ts,2290,0
"[0.6212121212121212, -0.6212121212121212, 0.0, 0.3761467889908257, -0.45999999999999996, 0.0, 0.0, 0.0, 1.0, 0.7633306304143906, 1.0, 0.0, 0.0, 0.0, 0.0, 0.0, 0.0, 0.0]",182863,19597,N6,dismiss,-0.3,ts,560,1
"[0.5170454545454546, -0.5170454545454546, -0.4991652754590985, -0.5698324022346368, -0.3428571428571429, 0.0, 0.0, 0.0, 1.0, 0.6097862010549242, 1.0, 0.0, 0.0, 0.0, 0.0, 0.0, 0.0, 0.0]",135482,142262,N6,dismiss,-0.3,ts,2022,1
"[0.14, -0.14, -0.5615615615615616, 0.0, 0.0, 0.0, 0.0, 0.0, 1.0, 0.6667940993816643, 1.0, 0.0, 0.0, 0.0, 0.0, 0.0, 0.0, 0.0]",93922,69993,N6,dismiss,-0.3,ts,550,1
"[0.6, -0.6, 0.19662594531704472, 0.3348623853211009, 0.4117647058823529, 0.0, 0.0, 0.0, 1.0, 0.7066556192934125, 1.0, 0.0, 0.0, 0.0, 0.0, 0.0, 0.0, 0.0]",81396,29663,N6,dismiss,-0.3,ts,1619,1
"[0.19999999999999998, -0.19999999999999998, -0.08869814020028616, 0.001579778830963665, 0.0, 0.0, 0.0, 0.0, 1.0, 0.7898445383035263, 1.0, 0.0, 0.0, 0.0, 0.0, 0.0, 0.0, 0.0]",19708,19715,N6,dismiss,-0.3,ts,2763,0
"[0.24999999999999997, -0.24999999999999997, -0.3948, 0.0, 0.0, 0.0, 0.0, 0.0, 1.0, 0.7303946234902753, 1.0, 0.0, 0.0, 0.0, 0.0, 0.0, 0.0, 0.0]",69946,90167,N6,dismiss,-0.3,ts,2691,1
"[0.32919254658385094, -0.32919254658385094, 0.0, -0.17801047120418848, -0.2631578947368421, 0.0, 0.0, 0.0, 1.0, 0.757989917414392, 1.0, 0.0, 0.0, 0.0, 0.0, 0.0, 0.0, 0.0]",103705,145523,N6,dismiss,-0.3,ts,1771,0
"[0.64, -0.64, -0.06526468455402455, 0.0, 0.0, 0.0, 0.0, 0.0, 1.0, 0.9115953603082338, 1.0, 0.0, 0.0, 0.0, 0.0, 0.0, 0.0, 0.0]",141769,90178,N6,dismiss,-0.3,ts,772,1
"[0.6000000000000001, -0.6000000000000001, 0.23277737490935468, 0.0, 0.0, 0.0, 0.0, 0.0, 1.0, 0.8546318163476566, 1.0, 0.0, 0.0, 0.0, 0.0, 0.0, 0.0, 0.0]",141750,115238,N6,dismiss,-0.3,ts,2315,0
"[0.7819767441860465, -0.7819767441860465, -0.30635838150289013, 0.017045454545454544, 0.6666666666666666, 0.0, 0.0, 0.0, 1.0, 0.7491925582097295, 1.0, 0.0, 0.0, 0.0, 0.0, 0.0, 0.0, 0.0]",54520,151849,N6,dismiss,-0.3,ts,1307,1
"[0.6666666666666667, -0.6666666666666667, -0.10465116279069774, 1.0, 1.0, 0.0, 0.0, 0.0, 1.0, 0.6038630385693293, 1.0, 0.0, 0.0, 0.0, 0.0, 0.0, 0.0, 0.0]",147349,63878,N6,dismiss,-0.3,ts,1999,1
"[0.20000000000000004, -0.20000000000000004, 0.027667984189723244, 0.08383233532934131, -0.1, 0.0, 0.0, 0.0, 1.0, 0.7617168116556725, 1.0, 0.0, 0.0, 0.0, 0.0, 0.0, 0.0, 0.0]",81498,146678,N6,dismiss,-0.3,ts,1161,1
"[0.09090909090909098, -0.09090909090909098, -0.4, 0.01749271137026239, 0.045454545454545456, 0.0, 0.0, 0.0, 1.0, 0.6555549858710852, 1.0, 0.0, 0.0, 0.0, 0.0, 0.0, 0.0, 0.0]",162866,57106,N6,dismiss,-0.3,ts,2468,1
"[0.1764705882352941, -0.1764705882352941, 0.0, 0.05045871559633028, 0.0, 0.0, 0.0, 0.0, 1.0, 0.8002741033846621, 1.0, 0.0, 0.0, 0.0, 0.0, 0.0, 0.0, 0.0]",173998,173997,N6,dismiss,-0.3,ts,660,0
"[0.20000000000000004, -0.20000000000000004, -0.634703196347032, 0.07407407407407407, -0.74, 0.0, 0.0, 0.0, 1.0, 0.5425189848892313, 1.0, 0.0, 0.0, 0.0, 0.0, 0.0, 0.0, 0.0]",19598,106004,N6,dismiss,-0.3,ts,402,0
"[0.648, -0.648, 0.12880765883376852, 0.20863309352517986, 1.0, 0.0, 0.0, 0.0, 1.0, 0.693548136379965, 1.0, 0.0, 0.0, 0.0, 0.0, 0.0, 0.0, 0.0]",185577,107554,N6,dismiss,-0.3,ts,2787,1
"[0.3636363636363637, -0.3636363636363637, 0.0, 0.0, 0.0, 0.0, 0.0, 0.0, 1.0, 0.8742764353476687, 1.0, 0.0, 0.0, 0.0, 0.0, 0.0, 0.0, 0.0]",123010,123174,N6,dismiss,-0.3,ts,1162,0
"[0.02631578947368412, -0.02631578947368412, -0.43, 0.019867549668874173, 0.0285714285714286, 0.0, 0.0, 0.0, 1.0, 0.6303211836867184, 1.0, 0.0, 0.0, 0.0, 0.0, 0.0, 0.0, 0.0]",41398,15200,N6,accept,0.3184210526315789,ts,1373,0
"[0.12499999999999988, -0.12499999999999988, -0.06666666666666667, 0.4132231404958678, 0.0, 0.0, 0.0, 0.0, 1.0, 0.6870082097314609, 1.0, 0.0, 0.0, 0.0, 0.0, 0.0, 0.0, 0.0]",63222,114737,N6,dismiss,-0.3,ts,1838,1
"[0.06666666666666672, -0.06666666666666672, -0.38461538461538464, -0.1, 0.12000000000000002, 0.0, 0.0, 0.0, 1.0, 0.6083946646241543, 1.0, 0.0, 0.0, 0.0, 0.0, 0.0, 0.0, 0.0]",57043,135467,N6,dismiss,-0.3,ts,679,1
"[0.25, -0.25, -0.09125735394718841, 0.0048543689320388345, 0.0, 0.0, 0.0, 0.0, 1.0, 0.8047745634796265, 1.0, 0.0, 0.0, 0.0, 0.0, 0.0, 0.0, 0.0]",15456,30338,N3,dismiss,-0.3,ts,937,1
"[0.07692307692307684, -0.07692307692307684, -0.1872881355932203, 0.3867924528301887, -0.22727272727272727, 0.0, 0.0, 0.0, 1.0, 0.5806488195218563, 1.0, 0.0, 0.0, 0.0, 0.0, 0.0, 0.0, 0.0]",169794,115240,N6,dismiss,-0.3,ts,1990,0
"[0.24999999999999997, -0.24999999999999997, 0.0, 0.0, 0.0, 0.0, 0.0, 0.0, 1.0, 0.8395893495876965, 1.0, 0.0, 0.0, 0.0, 0.0, 0.0, 0.0, 0.0]",51138,70105,N6,dismiss,-0.3,ts,2158,1
"[0.3636363636363637, -0.3636363636363637, 0.0, 0.0, 0.0, 0.0, 0.0, 0.0, 1.0, 0.8742764353476687, 1.0, 0.0, 0.0, 0.0, 0.0, 0.0, 0.0, 0.0]",123548,123174,N6,accept,0.5545454545454546,ts,882,0
"[0.07142857142857154, -0.07142857142857154, 0.0, 0.28654970760233917, -0.1, 0.0, 0.0, 0.0, 1.0, 0.6840596024730199, 1.0, 0.0, 0.0, 0.0, 0.0, 0.0, 0.0, 0.0]",114737,114738,N6,dismiss,-0.3,ts,659,1
"[0.6666666666666666, -0.6666666666666666, -0.10370370370370366, -0.17329545454545456, 1.0, 0.0, 0.0, 0.0, 1.0, 0.7090507360844092, 1.0, 0.0, 0.0, 0.0, 0.0, 0.0, 0.0, 0.0]",135617,29663,N6,dismiss,-0.3,ts,1342,1
"[0.25, -0.25, -0.5447647951441579, -0.011428571428571429, 0.10619469026548665, 0.0, 0.0, 0.0, 1.0, 0.6747720676390024, 1.0, 0.0, 0.0, 0.0, 0.0, 0.0, 0.0, 0.0]",16901,117045,N6,accept,0.475,ts,1145,0
"[0.28571428571428575, -0.28571428571428575, 0.23592419664927214, 0.4583333333333333, -0.1, 0.0, 0.0, 0.0, 1.0, 0.658588363112707, 1.0, 0.0, 0.0, 0.0, 0.0, 0.0, 0.0, 0.0]",139086,127333,N3,accept,0.5,ts,1017,1
"[0.25, -0.25, -0.5940460081190798, -0.0546448087431694, 1.0, 0.0, 0.0, 0.0, 1.0, 0.5370968143236092, 1.0, 0.0, 0.0, 0.0, 0.0, 0.0, 0.0, 0.0]",189368,117045,N6,dismiss,-0.3,ts,1796,0
"[0.8714285714285714, -0.8714285714285714, -0.31282586027111575, 0.7355371900826446, 0.55, 0.0, 0.0, 0.0, 1.0, 0.6572526633932373, 1.0, 0.0, 0.0, 0.0, 0.0, 0.0, 0.0, 0.0]",56538,170138,N6,dismiss,-0.3,ts,2737,1
"[0.19230769230769232, -0.19230769230769232, 0.0, 0.11363636363636363, 0.0, 0.0, 0.0, 0.0, 1.0, 0.7896850702294859, 1.0, 0.0, 0.0, 0.0, 0.0, 0.0, 0.0, 0.0]",114738,166142,N6,dismiss,-0.3,ts,1871,0
"[0.12499999999999988, -0.12499999999999988, 0.145985401459854, 0.19834710743801653, 0.05, 0.0, 0.0, 0.0, 1.0, 0.6822979276547984, 1.0, 0.0, 0.0, 0.0, 0.0, 0.0, 0.0, 0.0]",56538,180522,N6,accept,0.3874999999999999,ts,2612,0
"[0.17010309278350508, -0.17010309278350508, -0.2631578947368421, 0.11370262390670553, -0.2692307692307692, 0.0, 0.0, 0.0, 1.0, 0.6376314959661844, 1.0, 0.0, 0.0, 0.0, 0.0, 0.0, 0.0, 0.0]",104962,103705,N6,dismiss,-0.3,ts,1663,1
"[0.2045454545454546, -0.2045454545454546, 0.006343906510851462, -0.019553072625698324, 1.0, 0.0, 0.0, 0.0, 1.0, 0.6864109839014316, 1.0, 0.0, 0.0, 0.0, 0.0, 0.0, 0.0, 0.0]",135482,74278,N6,dismiss,-0.3,ts,2038,1
"[0.010909090909090839, -0.010909090909090839, -0.7835593220338983, -0.14285714285714285, -0.08333333333333333, 0.0, 0.0, 0.0, 1.0, 0.5355134964909132, 1.0, 0.0, 0.0, 0.0, 0.0, 0.0, 0.0, 0.0]",51122,115323,N6,dismiss,-0.3,ts,2438,0
"[0.11999999999999993, -0.11999999999999993, 0.03502501786990709, -0.042735042735042736, 0.30434782608695654, 0.0, 0.0, 0.0, 1.0, 0.7003107491312275, 1.0, 0.0, 0.0, 0.0, 0.0, 0.0, 0.0, 0.0]",88671,135543,N6,dismiss,-0.3,ts,1244,1
"[0.5833333333333334, -0.5833333333333334, -0.09638554216867469, -0.6933911159263272, 0.2207792207792208, 0.0, 0.0, 0.0, 1.0, 0.7248472832576777, 1.0, 0.0, 0.0, 0.0, 0.0, 0.0, 0.0, 0.0]",185512,185510,N6,accept,0.7083333333333333,ts,1231,1
"[0.3, -0.3, 0.15, 0.44, 0.07999999999999999, 0.0, 0.0, 0.0, 1.0, 0.6936774005460145, 1.0, 0.0, 0.0, 0.0, 0.0, 0.0, 0.0, 0.0]",85440,82101,N6,dismiss,-0.3,ts,736,0
"[0.7428571428571429, -0.7428571428571429, 0.125, -0.26, -0.12000000000000002, 0.0, 0.0, 0.0, 1.0, 0.8143254453991665, 1.0, 0.0, 0.0, 0.0, 0.0, 0.0, 0.0, 0.0]",18355,63753,N6,dismiss,-0.3,ts,898,1
"[0.05882352941176463, -0.05882352941176463, 0.0703125, 0.0, 0.0, 0.0, 0.0, 0.0, 1.0, 0.7457647664151278, 1.0, 0.0, 0.0, 0.0, 0.0, 0.0, 0.0, 0.0]",56819,29519,N6,accept,0.34117647058823525,ts,1572,1
"[0.09090909090909098, -0.09090909090909098, -0.26833333333333337, 0.06707317073170732, -0.08333333333333333, 0.0, 0.0, 0.0, 1.0, 0.6589615308072735, 1.0, 0.0, 0.0, 0.0, 0.0, 0.0, 0.0, 0.0]",162867,117111,N6,dismiss,-0.3,ts,2837,1
"[0.3, -0.3, 0.2, 0.0, 0.0, 0.0, 0.0, 0.0, 1.0, 0.7895387605196299, 1.0, 0.0, 0.0, 0.0, 0.0, 0.0, 0.0, 0.0]",133969,50807,N6,dismiss,-0.3,ts,1884,1
"[0.2941176470588235, -0.2941176470588235, -0.20508744038155807, 0.9354838709677419, 0.58, 0.0, 0.0, 0.0, 1.0, 0.5564807400241625, 1.0, 0.0, 0.0, 0.0, 0.0, 0.0, 0.0, 0.0]",79359,18570,N6,accept,0.5058823529411764,ts,2170,0
"[0.35000000000000003, -0.35000000000000003, 0.027816411682892905, -0.45103857566765576, -0.5, 0.0, 0.0, 0.0, 1.0, 0.6756055460954731, 1.0, 0.0, 0.0, 0.0, 0.0, 0.0, 0.0, 0.0]",87402,175208,N6,dismiss,-0.3,ts,870,0
"[0.4545454545454546, -0.4545454545454546, -0.10071942446043164, 0.03254437869822485, 0.6666666666666666, 0.0, 0.0, 0.0, 1.0, 0.7417729623391699, 1.0, 0.0, 0.0, 0.0, 0.0, 0.0, 0.0, 0.0]",108746,107563,N3,accept,0.6181818181818182,ts,707,1
"[0.16666666666666666, -0.16666666666666666, 0.21539500337609718, -0.19122257053291536, -0.608, 0.0, 0.0, 0.0, 1.0, 0.5880194588419783, 1.0, 0.0, 0.0, 0.0, 0.0, 0.0, 0.0, 0.0]",128276,145578,N6,dismiss,-0.3,ts,2553,1
"[0.3636363636363637, -0.3636363636363637, 0.0027777777777778173, -0.019943019943019943, 1.0, 0.0, 0.0, 0.0, 1.0, 0.7179568439356568, 1.0, 0.0, 0.0, 0.0, 0.0, 0.0, 0.0, 0.0]",30103,123439,N6,dismiss,-0.3,ts,1214,0
"[0.52, -0.52, 0.11648223645894, 0.0, 0.0, 0.0, 0.0, 0.0, 1.0, 0.8716130198763568, 1.0, 0.0, 0.0, 0.0, 0.0, 0.0, 0.0, 0.0]",142501,54196,N6,dismiss,-0.3,ts,1471,0
"[0.28571428571428564, -0.28571428571428564, -0.2549476135040746, -0.029411764705882353, 0.0, 0.0, 0.0, 0.0, 1.0, 0.7625743560830361, 1.0, 0.0, 0.0, 0.0, 0.0, 0.0, 0.0, 0.0]",93923,130086,N6,dismiss,-0.3,ts,798,1
"[0.16000000000000003, -0.16000000000000003, -0.18225255972696255, -0.4230769230769231, -0.07142857142857142, 0.0, 0.0, 0.0, 1.0, 0.6421729785518976, 1.0, 0.0, 0.0, 0.0, 0.0, 0.0, 0.0, 0.0]",115366,179649,N6,dismiss,-0.3,ts,486,1
"[0.22222222222222215, -0.22222222222222215, -0.09255898366606173, 0.16153846153846155, 0.020000000000000018, 0.0, 0.0, 0.0, 1.0, 0.7492855744837049, 1.0, 0.0, 0.0, 0.0, 0.0, 0.0, 0.0, 0.0]",87131,108112,N6,dismiss,-0.3,ts,2378,0
"[0.20000000000000004, -0.20000000000000004, -0.04175365344467641, -0.008287292817679558, -0.81875, 0.0, 0.0, 0.0, 1.0, 0.6835091685655666, 1.0, 0.0, 0.0, 0.0, 0.0, 0.0, 0.0, 0.0]",129198,158412,N6,dismiss,-0.3,ts,2842,1
"[0.2307692307692307, -0.2307692307692307, -0.0625, -0.48333333333333334, -0.38, 0.0, 0.0, 0.0, 1.0, 0.6369417018705579, 1.0, 0.0, 0.0, 0.0, 0.0, 0.0, 0.0, 0.0]",57385,41650,N6,dismiss,-0.3,ts,2520,1
"[0.9228571428571429, -0.9228571428571429, -0.2761430511543685, 0.09016393442622951, -0.4583333333333333, 0.0, 0.0, 0.0, 1.0, 0.770830210491008, 1.0, 0.0, 0.0, 0.0, 0.0, 0.0, 0.0, 0.0]",81541,128247,N6,dismiss,-0.3,ts,2996,0
"[0.1666666666666667, -0.1666666666666667, -0.15503875968992248, 0.058823529411764705, 0.0, 0.0, 0.0, 0.0, 1.0, 0.741259150826298, 1.0, 0.0, 0.0, 0.0, 0.0, 0.0, 0.0, 0.0]",92714,85929,N6,accept,0.4166666666666667,ts,1366,0
"[0.41176470588235287, -0.41176470588235287, -0.4265232974910394, 0.08, 0.12000000000000002, 0.0, 0.0, 0.0, 1.0, 0.7184106107941747, 1.0, 0.0, 0.0, 0.0, 0.0, 0.0, 0.0, 0.0]",88339,58615,N6,accept,0.588235294117647,ts,2263,0
"[0.06395348837209296, -0.06395348837209296, -0.6105702364394994, 0.6536796536796536, -0.32142857142857145, 0.0, 0.0, 0.0, 1.0, 0.45233622207296154, 1.0, 0.0, 0.0, 0.0, 0.0, 0.0, 0.0, 0.0]",20076,103705,N6,dismiss,-0.3,ts,1501,1
"[0.1411042944785276, -0.1411042944785276, -0.21130676552363295, -0.03888888888888889, 0.0, 0.0, 0.0, 0.0, 1.0, 0.721979730157365, 1.0, 0.0, 0.0, 0.0, 0.0, 0.0, 0.0, 0.0]",15663,117162,N6,dismiss,-0.3,ts,1333,1
"[0.20000000000000007, -0.20000000000000007, -0.44676616915422884, -0.0584958217270195, -0.07692307692307693, 0.0, 0.0, 0.0, 1.0, 0.6667191823755287, 1.0, 0.0, 0.0, 0.0, 0.0, 0.0, 0.0, 0.0]",43372,108746,N6,dismiss,-0.3,ts,2172,1
"[0.026315789473684233, -0.026315789473684233, 0.2, -0.0812720848056537, -0.040000000000000036, 0.0, 0.0, 0.0, 1.0, 0.6598915417715314, 1.0, 0.0, 0.0, 0.0, 0.0, 0.0, 0.0, 0.0]",38840,91969,N6,dismiss,-0.3,ts,429,0
"[0.18750000000000003, -0.18750000000000003, -0.29411764705882354, 1.0, 0.44000000000000006, 0.0, 0.0, 0.0, 1.0, 0.4958926669599128, 1.0, 0.0, 0.0, 0.0, 0.0, 0.0, 0.0, 0.0]",18334,51654,N6,dismiss,-0.3,ts,2362,1
"[0.08333333333333323, -0.08333333333333323, -0.17103762827822122, 0.0, 0.0, 0.0, 0.0, 0.0, 1.0, 0.7231472001150814, 1.0, 0.0, 0.0, 0.0, 0.0, 0.0, 0.0, 0.0]",147381,85069,N6,dismiss,-0.3,ts,2165,1
"[0.39999999999999997, -0.39999999999999997, -0.3485780169100692, -0.24507042253521127, 0.9411764705882353, 0.0, 0.0, 0.0, 1.0, 0.5985780499656015, 1.0, 0.0, 0.0, 0.0, 0.0, 0.0, 0.0, 0.0]",134227,120916,N6,dismiss,-0.3,ts,1026,1
"[0.5, -0.5, -0.2967213114754098, 0.0, 0.0, 0.0, 0.0, 0.0, 1.0, 0.8192716832933844, 1.0, 0.0, 0.0, 0.0, 0.0, 0.0, 0.0, 0.0]",85446,85230,N6,dismiss,-0.3,ts,1208,1
"[0.6818181818181819, -0.6818181818181819, 0.024324324324324288, 0.02821316614420063, -0.65, 0.0, 0.0, 0.0, 1.0, 0.8158970926015877, 1.0, 0.0, 0.0, 0.0, 0.0, 0.0, 0.0, 0.0]",130294,49086,N6,dismiss,-0.3,ts,1227,0
"[0.3636363636363637, -0.3636363636363637, -0.07672634271099744, -0.017142857142857144, 1.0, 0.0, 0.0, 0.0, 1.0, 0.6912544525985004, 1.0, 0.0, 0.0, 0.0, 0.0, 0.0, 0.0, 0.0]",88363,123439,N6,dismiss,-0.3,ts,602,0
"[0.47058823529411764, -0.47058823529411764, -0.17647058823529413, -0.5102040816326531, 0.25999999999999995, 0.0, 0.0, 0.0, 1.0, 0.6857910224574573, 1.0, 0.0, 0.0, 0.0, 0.0, 0.0, 0.0, 0.0]",41169,39150,N6,dismiss,-0.3,ts,1586,1
"[0.06666666666666654, -0.06666666666666654, -0.026350461133069828, -0.14246575342465753, -0.13636363636363635, 0.0, 0.0, 0.0, 1.0, 0.6916546600964453, 1.0, 0.0, 0.0, 0.0, 0.0, 0.0, 0.0, 0.0]",141844,16911,N6,dismiss,-0.3,ts,973,0
"[0.16666666666666666, -0.16666666666666666, -0.04175365344467641, -0.39779005524861877, -0.4375, 0.0, 0.0, 0.0, 1.0, 0.625433743165096, 1.0, 0.0, 0.0, 0.0, 0.0, 0.0, 0.0, 0.0]",129198,164355,N6,dismiss,-0.3,ts,2230,1
"[0.46153846153846156, -0.46153846153846156, -0.7518796992481204, -0.03125, 0.11999999999999993, 0.0, 0.0, 0.0, 1.0, 0.7032303327527926, 1.0, 0.0, 0.0, 0.0, 0.0, 0.0, 0.0, 0.0]",175226,122732,N6,accept,0.6230769230769231,ts,917,1
"[0.415625, -0.415625, 0.1312500000000001, 0.0, 0.0, 0.0, 0.0, 0.0, 1.0, 0.8422044928641546, 1.0, 0.0, 0.0, 0.0, 0.0, 0.0, 0.0, 0.0]",152518,15139,N6,dismiss,-0.3,ts,2084,1
"[0.0555555555555556, -0.0555555555555556, -0.16666666666666666, 0.0, -0.10714285714285714, 0.0, 0.0, 0.0, 1.0, 0.6851591657739663, 1.0, 0.0, 0.0, 0.0, 0.0, 0.0, 0.0, 0.0]",111476,105724,N6,accept,0.3388888888888889,ts,1224,0
"[0.4444444444444444, -0.27999999999999997, -0.17076923076923078, 0.0, 0.0, 0.0, 0.0, 0.0, 1.0, 0.7913678346806224, 1.0, 0.0, 0.0, 0.0, 0.0, 0.0, 0.0, 0.0]",63920,63919,N6,dismiss,-0.3,ts,1791,0
"[0.023255813953488292, -0.023255813953488292, 0.1956001912960306, 0.16556291390728478, -0.014285714285714235, 0.0, 0.0, 0.0, 1.0, 0.6474584734267568, 1.0, 0.0, 0.0, 0.0, 0.0, 0.0, 0.0, 0.0]",115226,15171,N6,dismiss,-0.3,ts,956,0
"[0.33888888888888896, -0.33888888888888896, 0.1111111111111111, 0.26, 0.12000000000000002, 0.0, 0.0, 0.0, 1.0, 0.7344811410346426, 1.0, 0.0, 0.0, 0.0, 0.0, 0.0, 0.0, 0.0]",63753,29449,N6,dismiss,-0.3,ts,2560,0
"[0.19999999999999993, -0.19999999999999993, -0.64, -0.7017543859649122, -0.18, 0.0, 0.0, 0.0, 1.0, 0.519947046261621, 1.0, 0.0, 0.0, 0.0, 0.0, 0.0, 0.0, 0.0]",87407,66862,N6,dismiss,-0.3,ts,603,1
"[0.06666666666666672, -0.06666666666666672, -0.16684045881126172, 0.0380952380952381, 0.0, 0.0, 0.0, 0.0, 1.0, 0.7071694114641532, 1.0, 0.0, 0.0, 0.0, 0.0, 0.0, 0.0, 0.0]",56248,115245,N6,dismiss,-0.3,ts,811,1
"[0.11999999999999993, -0.11999999999999993, -0.051999999999999956, 0.011299435028248588, 0.07692307692307693, 0.0, 0.0, 0.0, 1.0, 0.7500240501354423, 1.0, 0.0, 0.0, 0.0, 0.0, 0.0, 0.0, 0.0]",108784,111011,N6,dismiss,-0.3,ts,2241,1
"[0.6818181818181819, -0.6818181818181819, -0.050125313283208024, 0.18840579710144928, -0.51, 0.0, 0.0, 0.0, 1.0, 0.7806619322864332, 1.0, 0.0, 0.0, 0.0, 0.0, 0.0, 0.0, 0.0]",48998,49086,N6,dismiss,-0.3,ts,2705,0
"[0.07692307692307684, -0.07692307692307684, 0.0, 0.12169312169312169, 0.0, 0.0, 0.0, 0.0, 1.0, 0.7463141143425299, 1.0, 0.0, 0.0, 0.0, 0.0, 0.0, 0.0, 0.0]",115242,55882,N6,dismiss,-0.3,ts,1423,1
"[0.4545454545454546, -0.4545454545454546, -0.6264009962640099, 0.08659217877094973, 1.0, 0.0, 0.0, 0.0, 1.0, 0.5821510349609894, 1.0, 0.0, 0.0, 0.0, 0.0, 0.0, 0.0, 0.0]",93936,107588,N6,dismiss,-0.3,ts,715,1
"[0.07500000000000007, -0.07500000000000007, -0.2404809619238477, 0.4111111111111111, 0.64, 0.0, 0.0, 0.0, 1.0, 0.509268332065276, 1.0, 0.0, 0.0, 0.0, 0.0, 0.0, 0.0, 0.0]",44266,31679,N6,accept,0.35250000000000004,ts,1177,1
"[0.3636363636363637, -0.3636363636363637, 0.0, 0.0, 0.0, 0.0, 0.0, 0.0, 1.0, 0.8742764353476687, 1.0, 0.0, 0.0, 0.0, 0.0, 0.0, 0.0, 0.0]",123031,123174,N6,dismiss,-0.3,ts,401,0
"[0.4690265486725664, -0.4690265486725664, -0.5303788420300214, -0.008450704225352112, -0.13333333333333336, 0.0, 0.0, 0.0, 1.0, 0.7332664840060243, 1.0, 0.0, 0.0, 0.0, 0.0, 0.0, 0.0, 0.0]",146721,111012,N3,dismiss,-0.3,ts,837,1
"[0.8964705882352941, -0.8964705882352941, 0.002506265664160437, 1.0, -0.14285714285714285, 0.0, 0.0, 0.0, 1.0, 0.7927939099583732, 1.0, 0.0, 0.0, 0.0, 0.0, 0.0, 0.0, 0.0]",60954,169349,N6,accept,0.9275294117647059,ts,2507,0
"[0.07692307692307684, -0.07692307692307684, -0.1872881355932203, 1.0, -0.2916666666666667, 0.0, 0.0, 0.0, 1.0, 0.5172933252956673, 1.0, 0.0, 0.0, 0.0, 0.0, 0.0, 0.0, 0.0]",92709,55882,N6,dismiss,-0.3,ts,962,0
"[0.6470588235294118, -0.6470588235294118, -0.098898898898899, 0.092, -0.23333333333333334, 0.0, 0.0, 0.0, 1.0, 0.8202015505586917, 1.0, 0.0, 0.0, 0.0, 0.0, 0.0, 0.0, 0.0]",47181,120796,N6,dismiss,-0.3,ts,2585,1
"[0.08333333333333322, -0.08333333333333322, 0.0, 0.0, 0.0, 0.0, 0.0, 0.0, 1.0, 0.7810882504428991, 1.0, 0.0, 0.0, 0.0, 0.0, 0.0, 0.0, 0.0]",174745,93864,N6,dismiss,-0.3,ts,2624,0
"[0.20000000000000007, -0.20000000000000007, 0.2, -0.03910614525139665, 1.0, 0.0, 0.0, 0.0, 1.0, 0.5976837745662514, 1.0, 0.0, 0.0, 0.0, 0.0, 0.0, 0.0, 0.0]",106065,31975,N6,dismiss,-0.3,ts,1004,1
"[0.12499999999999988, -0.12499999999999988, 0.03777148253068933, -0.23684210526315788, 0.10526315789473684, 0.0, 0.0, 0.0, 1.0, 0.6967105180959265, 1.0, 0.0, 0.0, 0.0, 0.0, 0.0, 0.0, 0.0]",180520,180522,N6,dismiss,-0.3,ts,2009,1
"[0.3636363636363637, -0.3636363636363637, 0.0, 0.0, 0.0, 0.0, 0.0, 0.0, 1.0, 0.8742764353476687, 1.0, 0.0, 0.0, 0.0, 0.0, 0.0, 0.0, 0.0]",123010,123174,N6,dismiss,-0.3,ts,1047,0
"[0.07142857142857154, -0.07142857142857154, 0.2002503128911139, 0.7663551401869159, -0.15, 0.0, 0.0, 0.0, 1.0, 0.554195768035352, 1.0, 0.0, 0.0, 0.0, 0.0, 0.0, 0.0, 0.0]",78135,115242,N6,dismiss,-0.3,ts,2514,0
"[0.2, -0.07, -0.29684601113172543, 0.0, 0.0, 0.0, 0.0, 0.0, 1.0, 0.6866108486748183, 1.0, 0.0, 0.0, 0.0, 0.0, 0.0, 0.0, 0.0]",63919,48992,N6,dismiss,-0.3,ts,2461,0
"[0.8714285714285714, -0.8714285714285714, -0.15512820512820505, 0.16022099447513813, 0.7222222222222222, 0.0, 0.0, 0.0, 1.0, 0.7567952415809388, 1.0, 0.0, 0.0, 0.0, 0.0, 0.0, 0.0, 0.0]",146678,170138,N6,dismiss,-0.3,ts,954,1
"[0.3333333333333333, -0.3333333333333333, -0.08883826879271067, 0.06785714285714285, 0.125, 0.0, 0.0, 0.0, 1.0, 0.7807558518737434, 1.0, 0.0, 0.0, 0.0, 0.0, 0.0, 0.0, 0.0]",128254,104684,N6,dismiss,-0.3,ts,528,0
"[0.8733333333333334, -0.8733333333333334, -0.09900000000000002, 0.48854961832061067, 0.1, 0.0, 0.0, 0.0, 1.0, 0.8094126420123314, 1.0, 0.0, 0.0, 0.0, 0.0, 0.0, 0.0, 0.0]",80035,83435,N6,dismiss,-0.3,ts,437,1
"[0.47058823529411764, -0.47058823529411764, 0.0, 0.0, 0.0, 0.0, 0.0, 0.0, 1.0, 0.902022067439656, 1.0, 0.0, 0.0, 0.0, 0.0, 0.0, 0.0, 0.0]",107697,51138,N6,dismiss,-0.3,ts,2933,1
"[0.20000000000000007, -0.20000000000000007, -0.006303915063039193, 0.019943019943019943, -0.5, 0.0, 0.0, 0.0, 1.0, 0.7196391729676981, 1.0, 0.0, 0.0, 0.0, 0.0, 0.0, 0.0, 0.0]",74279,135482,N6,dismiss,-0.3,ts,2414,1
"[0.5, -0.5, -0.25975773889636605, -0.07874015748031496, -0.06666666666666667, 0.0, 0.0, 0.0, 1.0, 0.7871690157252664, 1.0, 0.0, 0.0, 0.0, 0.0, 0.0, 0.0, 0.0]",106764,151839,N6,dismiss,-0.3,ts,1544,1
"[0.9352941176470587, -0.9352941176470587, -0.001497753369945139, 1.0, -0.29411764705882354, 0.0, 0.0, 0.0, 1.0, 0.7544570723510369, 1.0, 0.0, 0.0, 0.0, 0.0, 0.0, 0.0, 0.0]",107861,169349,N6,dismiss,-0.3,ts,1672,0
"[0.4, -0.28, -0.29684601113172543, 0.0, 0.0, 0.0, 0.0, 0.0, 1.0, 0.759689501888925, 1.0, 0.0, 0.0, 0.0, 0.0, 0.0, 0.0, 0.0]",63873,42569,N6,dismiss,-0.3,ts,2537,0
"[0.11999999999999993, -0.11999999999999993, 0.043478260869565216, 0.23674911660777384, -0.20212765957446813, 0.0, 0.0, 0.0, 1.0, 0.671407612200465, 1.0, 0.0, 0.0, 0.0, 0.0, 0.0, 0.0, 0.0]",185510,30105,N6,accept,0.38399999999999995,ts,2175,1
"[0.375, -0.375, 0.024727272727272716, -0.4527027027027027, 0.33999999999999997, 0.0, 0.0, 0.0, 1.0, 0.7044564132089861, 1.0, 0.0, 0.0, 0.0, 0.0, 0.0, 0.0, 0.0]",19607,154734,N6,dismiss,-0.3,ts,2438,0
"[0.45945945945945943, -0.45945945945945943, -0.6632478632478633, 0.0948905109489051, -0.08333333333333333, 0.0, 0.0, 0.0, 1.0, 0.7034896494550092, 1.0, 0.0, 0.0, 0.0, 0.0, 0.0, 0.0, 0.0]",130295,141766,N6,dismiss,-0.3,ts,510,1
"[0.4545454545454546, -0.4545454545454546, 0.016187050359712206, 0.026627218934911243, 0.8333333333333334, 0.0, 0.0, 0.0, 1.0, 0.7623560507494218, 1.0, 0.0, 0.0, 0.0, 0.0, 0.0, 0.0, 0.0]",108746,108828,N6,dismiss,-0.3,ts,2402,1
"[0.3230769230769231, -0.3230769230769231, -0.39503932244404116, 1.0, -0.6470588235294118, 0.0, 0.0, 0.0, 1.0, 0.49503773927859074, 1.0, 0.0, 0.0, 0.0, 0.0, 0.0, 0.0, 0.0]",61360,169349,N6,dismiss,-0.3,ts,1235,0
"[0.25, -0.25, 0.09090909090909091, 0.1, 0.49166666666666653, 0.0, 0.0, 0.0, 1.0, 0.6852588678547423, 1.0, 0.0, 0.0, 0.0, 0.0, 0.0, 0.0, 0.0]",110001,165914,N6,dismiss,-0.3,ts,926,0
"[0.20000000000000007, -0.20000000000000007, -0.005644090305444944, -0.002785515320334262, -0.44, 0.0, 0.0, 0.0, 1.0, 0.7319673170502825, 1.0, 0.0, 0.0, 0.0, 0.0, 0.0, 0.0, 0.0]",30202,135481,N6,dismiss,-0.3,ts,2136,1
"[0.20000000000000007, -0.20000000000000007, -0.20398009950248752, -0.008547008547008548, 0.0, 0.0, 0.0, 0.0, 1.0, 0.7532869108470774, 1.0, 0.0, 0.0, 0.0, 0.0, 0.0, 0.0, 0.0]",72081,32065,N6,dismiss,-0.3,ts,1400,1
"[0.27536231884057966, -0.27536231884057966, -0.519358407079646, -0.22, -0.07999999999999999, 0.0, 0.0, 0.0, 1.0, 0.6429721868325091, 1.0, 0.0, 0.0, 0.0, 0.0, 0.0, 0.0, 0.0]",79808,81996,N6,dismiss,-0.3,ts,1928,1
"[0.20000000000000007, -0.20000000000000007, 0.12899999999999992, -0.01694915254237288, -0.07692307692307693, 0.0, 0.0, 0.0, 1.0, 0.7509582581647994, 1.0, 0.0, 0.0, 0.0, 0.0, 0.0, 0.0, 0.0]",108743,31973,N6,dismiss,-0.3,ts,2087,1
"[0.3636363636363637, -0.3636363636363637, -0.24791666666666665, -0.07027027027027027, 1.0, 0.0, 0.0, 0.0, 1.0, 0.6415169590174974, 1.0, 0.0, 0.0, 0.0, 0.0, 0.0, 0.0, 0.0]",107308,123439,N6,accept,0.5545454545454546,ts,640,0
"[0.6256684491978609, -0.6256684491978609, -0.18181818181818182, -0.5586206896551724, -0.2, 0.0, 0.0, 0.0, 1.0, 0.7222873483462429, 1.0, 0.0, 0.0, 0.0, 0.0, 0.0, 0.0, 0.0]",151787,30711,N6,accept,0.7379679144385025,ts,2973,1
"[0.52, -0.52, 0.11648223645894, 0.0, 0.0, 0.0, 0.0, 0.0, 1.0, 0.8716130198763568, 1.0, 0.0, 0.0, 0.0, 0.0, 0.0, 0.0, 0.0]",142501,54196,N6,dismiss,-0.3,ts,896,0
"[0.32307692307692315, -0.32307692307692315, -0.3504736129905278, 0.6756756756756757, -0.020000000000000018, 0.0, 0.0, 0.0, 1.0, 0.644658044973937, 1.0, 0.0, 0.0, 0.0, 0.0, 0.0, 0.0, 0.0]",175208,59423,N6,dismiss,-0.3,ts,1724,1
"[0.41935483870967744, -0.41935483870967744, -0.20460048426150115, -0.005649717514124294, 0.1641791044776119, 0.0, 0.0, 0.0, 1.0, 0.7785128988253786, 1.0, 0.0, 0.0, 0.0, 0.0, 0.0, 0.0, 0.0]",43382,111012,N6,accept,0.5935483870967742,ts,2448,1
"[0.25, -0.25, -0.7960544217687074, -0.23383084577114427, -0.7125, 0.0, 0.0, 0.0, 1.0, 0.5103346365551422, 1.0, 0.0, 0.0, 0.0, 0.0, 0.0, 0.0, 0.0]",30574,115951,N6,dismiss,-0.3,ts,1713,1
"[0.24242424242424238, -0.24242424242424238, 0.13120567375886522, -0.0196078431372549, 0.040000000000000015, 0.0, 0.0, 0.0, 1.0, 0.7736411098263166, 1.0, 0.0, 0.0, 0.0, 0.0, 0.0, 0.0, 0.0]",120700,19597,N6,dismiss,-0.3,ts,654,1
"[0.04545454545454549, -0.04545454545454549, -0.0646666666666667, -0.008264462809917356, -0.22727272727272727, 0.0, 0.0, 0.0, 1.0, 0.6855067967400382, 1.0, 0.0, 0.0, 0.0, 0.0, 0.0, 0.0, 0.0]",138639,127487,N6,dismiss,-0.3,ts,2453,0
"[0.6363636363636364, -0.6363636363636364, -0.2700729927007299, 0.0, 0.0, 0.0, 0.0, 0.0, 1.0, 0.8519911280552436, 1.0, 0.0, 0.0, 0.0, 0.0, 0.0, 0.0, 0.0]",141743,51605,N6,dismiss,-0.3,ts,1625,0
"[0.616, -0.616, -0.3181818181818182, -0.011396011396011397, 0.5714285714285714, 0.0, 0.0, 0.0, 1.0, 0.7322445693976489, 1.0, 0.0, 0.0, 0.0, 0.0, 0.0, 0.0, 0.0]",70001,107659,N6,accept,0.7312,ts,2669,1
"[0.2222222222222222, -0.2222222222222222, -0.16636363636363638, 0.34, 0.12000000000000002, 0.0, 0.0, 0.0, 1.0, 0.667758053116748, 1.0, 0.0, 0.0, 0.0, 0.0, 0.0, 0.0, 0.0]",141703,82102,N6,dismiss,-0.3,ts,2567,1
"[0.3636363636363637, -0.3636363636363637, -0.056651017214397456, -0.002840909090909091, 0.16666666666666666, 0.0, 0.0, 0.0, 1.0, 0.8094824635768882, 1.0, 0.0, 0.0, 0.0, 0.0, 0.0, 0.0, 0.0]",43334,74278,N6,accept,0.5545454545454546,ts,1546,1
"[0.8571428571428572, -0.8571428571428572, 0.0, 0.0, 0.0, 0.0, 0.0, 0.0, 1.0, 0.9644999904246006, 1.0, 0.0, 0.0, 0.0, 0.0, 0.0, 0.0, 0.0]",16649,16650,N6,dismiss,-0.3,ts,1410,0
"[0.39999999999999997, -0.39999999999999997, 0.21505376344086022, -0.3197969543147208, 1.0, 0.0, 0.0, 0.0, 1.0, 0.6003913445971276, 1.0, 0.0, 0.0, 0.0, 0.0, 0.0, 0.0, 0.0]",92081,120916,N6,accept,0.58,ts,2793,0
"[0.6909090909090909, -0.6909090909090909, 0.19956379498364232, -0.42857142857142855, -0.18, 0.0, 0.0, 0.0, 1.0, 0.7466004036208466, 1.0, 0.0, 0.0, 0.0, 0.0, 0.0, 0.0, 0.0]",82102,189308,N6,accept,0.7836363636363636,ts,1485,1
"[0.20000000000000007, -0.20000000000000007, -0.24181818181818182, -0.037037037037037035, -0.14285714285714285, 0.0, 0.0, 0.0, 1.0, 0.6981476542695305, 1.0, 0.0, 0.0, 0.0, 0.0, 0.0, 0.0, 0.0]",162723,108746,N6,accept,0.44000000000000006,ts,2938,1
"[0.19999999999999993, -0.19999999999999993, 0.0, 0.0, 0.0, 0.0, 0.0, 0.0, 1.0, 0.8228281531128978, 1.0, 0.0, 0.0, 0.0, 0.0, 0.0, 0.0, 0.0]",133283,82419,N6,dismiss,-0.3,ts,1180,1
"[0.8287671232876712, -0.8287671232876712, -0.18256130790190733, 0.008450704225352112, 0.5, 0.0, 0.0, 0.0, 1.0, 0.8030782653779729, 1.0, 0.0, 0.0, 0.0, 0.0, 0.0, 0.0, 0.0]",64291,151849,N6,dismiss,-0.3,ts,953,1
"[0.15, -0.15, -0.1982300884955752, -0.03651685393258427, -0.3909090909090909, 0.0, 0.0, 0.0, 1.0, 0.6479304497866336, 1.0, 0.0, 0.0, 0.0, 0.0, 0.0, 0.0, 0.0]",87724,185707,N6,dismiss,-0.3,ts,1414,1
"[0.06784660766961652, -0.06784660766961652, 0.0, 0.008450704225352112, 0.05555555555555555, 0.0, 0.0, 0.0, 1.0, 0.7570669937458847, 1.0, 0.0, 0.0, 0.0, 0.0, 0.0, 0.0, 0.0]",143110,43387,N6,accept,0.34749262536873154,ts,513,0
"[0.5714285714285715, -0.5714285714285715, -0.5994993742177722, 0.24481327800829875, 0.1, 0.0, 0.0, 0.0, 1.0, 0.6987327501453318, 1.0, 0.0, 0.0, 0.0, 0.0, 0.0, 0.0, 0.0]",16682,60788,N6,accept,0.7,ts,1903,1
"[0.56, -0.56, 0.0, 1.0, -0.3333333333333333, 0.0, 0.0, 0.0, 1.0, 0.7152978852370033, 1.0, 0.0, 0.0, 0.0, 0.0, 0.0, 0.0, 0.0]",104684,169349,N6,dismiss,-0.3,ts,1384,0
"[0.19999999999999993, -0.19999999999999993, 0.06666666666666667, 0.02, -0.16, 0.0, 0.0, 0.0, 1.0, 0.7509035883553894, 1.0, 0.0, 0.0, 0.0, 0.0, 0.0, 0.0, 0.0]",71728,40998,N6,dismiss,-0.3,ts,1818,1
"[0.06666666666666672, -0.06666666666666672, 0.06902815622161669, 0.43162393162393164, -0.2647058823529412, 0.0, 0.0, 0.0, 1.0, 0.6007381138874028, 1.0, 0.0, 0.0, 0.0, 0.0, 0.0, 0.0, 0.0]",146728,87090,N6,dismiss,-0.3,ts,1281,1
"[0.18181818181818185, -0.18181818181818185, -0.20333333333333334, 0.12037037037037036, 0.0, 0.0, 0.0, 0.0, 1.0, 0.7176202147917767, 1.0, 0.0, 0.0, 0.0, 0.0, 0.0, 0.0, 0.0]",56406,86760,N6,dismiss,-0.3,ts,508,0
"[0.3636363636363637, -0.3636363636363637, 0.0, 0.016713091922005572, 0.25, 0.0, 0.0, 0.0, 1.0, 0.8103249790259089, 1.0, 0.0, 0.0, 0.0, 0.0, 0.0, 0.0, 0.0]",123014,123174,N6,dismiss,-0.3,ts,2470,0
"[0.25, -0.25, -0.3076404494382023, -0.0024271844660194173, 0.0, 0.0, 0.0, 0.0, 1.0, 0.7469607690022103, 1.0, 0.0, 0.0, 0.0, 0.0, 0.0, 0.0, 0.0]",70069,189231,N6,dismiss,-0.3,ts,2318,0
"[0.16326530612244894, -0.16326530612244894, 0.0, -0.02601156069364162, -0.4117647058823529, 0.0, 0.0, 0.0, 1.0, 0.7182572044369081, 1.0, 0.0, 0.0, 0.0, 0.0, 0.0, 0.0, 0.0]",63901,63915,N6,dismiss,-0.3,ts,2848,0
"[0.1250000000000001, -0.1250000000000001, 0.16218749999999993, 0.0, 0.0, 0.0, 0.0, 0.0, 1.0, 0.7409291148542603, 1.0, 0.0, 0.0, 0.0, 0.0, 0.0, 0.0, 0.0]",152421,55412,N6,dismiss,-0.3,ts,2043,1
"[0.25, -0.25, -0.24812030075187969, 0.01764705882352941, 0.13636363636363635, 0.0, 0.0, 0.0, 1.0, 0.7203456543782418, 1.0, 0.0, 0.0, 0.0, 0.0, 0.0, 0.0, 0.0]",117159,117045,N6,dismiss,-0.3,ts,1518,0
"[0.19709090909090918, -0.19709090909090918, -0.07324621733149929, 0.0, 0.0, 0.0, 0.0, 0.0, 1.0, 0.7945750109053056, 1.0, 0.0, 0.0, 0.0, 0.0, 0.0, 0.0, 0.0]",85069,63876,N6,dismiss,-0.3,ts,763,0
"[0.25, -0.25, 0.22714285714285723, 0.052434456928838954, -0.06666666666666667, 0.0, 0.0, 0.0, 1.0, 0.7329119913938553, 1.0, 0.0, 0.0, 0.0, 0.0, 0.0, 0.0, 0.0]",57653,21089,N6,dismiss,-0.3,ts,1840,0
"[0.19999999999999993, -0.19999999999999993, -0.1875, 0.0, 0.0, 0.0, 0.0, 0.0, 1.0, 0.7602860088710922, 1.0, 0.0, 0.0, 0.0, 0.0, 0.0, 0.0, 0.0]",73358,117926,N6,dismiss,-0.3,ts,2489,0
"[0.3636363636363637, -0.3636363636363637, 0.1013215859030837, 0.057971014492753624, 0.25, 0.0, 0.0, 0.0, 1.0, 0.7621489741842852, 1.0, 0.0, 0.0, 0.0, 0.0, 0.0, 0.0, 0.0]",123207,123174,N6,accept,0.5545454545454546,ts,1442,0
"[0.06666666666666661, -0.06666666666666661, -0.008551724137931097, -0.4169611307420495, 0.08333333333333333, 0.0, 0.0, 0.0, 1.0, 0.6636490049761106, 1.0, 0.0, 0.0, 0.0, 0.0, 0.0, 0.0, 0.0]",134111,179649,N6,dismiss,-0.3,ts,2070,0
"[0.19999999999999993, -0.19999999999999993, -0.64, -0.7017543859649122, -0.18, 0.0, 0.0, 0.0, 1.0, 0.519947046261621, 1.0, 0.0, 0.0, 0.0, 0.0, 0.0, 0.0, 0.0]",87407,66862,N6,dismiss,-0.3,ts,1111,1
"[0.05882352941176463, -0.05882352941176463, 0.0, 0.0, 0.0, 0.0, 0.0, 0.0, 1.0, 0.7720017551625592, 1.0, 0.0, 0.0, 0.0, 0.0, 0.0, 0.0, 0.0]",56819,152518,N6,dismiss,-0.3,ts,2802,1
"[0.2313725490196078, -0.2313725490196078, 0.2053511705685619, 1.0, -0.11764705882352941, 0.0, 0.0, 0.0, 1.0, 0.5903487599092021, 1.0, 0.0, 0.0, 0.0, 0.0, 0.0, 0.0, 0.0]",89664,155693,N6,dismiss,-0.3,ts,1110,1
"[0.09090909090909098, -0.09090909090909098, -0.12200000000000003, -0.02040816326530612, -0.054545454545454515, 0.0, 0.0, 0.0, 1.0, 0.7190768398530523, 1.0, 0.0, 0.0, 0.0, 0.0, 0.0, 0.0, 0.0]",162866,117146,N6,dismiss,-0.3,ts,2946,1
"[0.41176470588235287, -0.41176470588235287, -0.4265232974910394, 0.08, 0.12000000000000002, 0.0, 0.0, 0.0, 1.0, 0.7184106107941747, 1.0, 0.0, 0.0, 0.0, 0.0, 0.0, 0.0, 0.0]",88339,58615,N6,dismiss,-0.3,ts,2734,0
"[0.47058823529411764, -0.47058823529411764, 0.0, -0.0125, -0.019999999999999973, 0.0, 0.0, 0.0, 1.0, 0.8924369701167543, 1.0, 0.0, 0.0, 0.0, 0.0, 0.0, 0.0, 0.0]",169362,155616,N6,dismiss,-0.3,ts,986,0
"[0.25, -0.25, 0.0, 0.07453416149068323, 0.13636363636363635, 0.0, 0.0, 0.0, 1.0, 0.7830109453831142, 1.0, 0.0, 0.0, 0.0, 0.0, 0.0, 0.0, 0.0]",43089,117045,N6,dismiss,-0.3,ts,925,0
"[0.11999999999999993, -0.11999999999999993, -0.5, 0.014124293785310734, -0.07692307692307693, 0.0, 0.0, 0.0, 1.0, 0.6425286941149426, 1.0, 0.0, 0.0, 0.0, 0.0, 0.0, 0.0, 0.0]",108784,123014,N3,accept,0.38399999999999995,ts,1668,1
"[0.7942857142857144, -0.7942857142857144, -0.3214124038026256, 0.19672131147540983, -0.375, 0.0, 0.0, 0.0, 1.0, 0.7349808423477768, 1.0, 0.0, 0.0, 0.0, 0.0, 0.0, 0.0, 0.0]",81541,128284,N6,dismiss,-0.3,ts,532,1
"[0.5588235294117647, -0.5588235294117647, -0.21466905187835422, -0.2112676056338028, -0.058823529411764705, 0.0, 0.0, 0.0, 1.0, 0.7830652092282601, 1.0, 0.0, 0.0, 0.0, 0.0, 0.0, 0.0, 0.0]",88157,128254,N6,dismiss,-0.3,ts,2134,1
"[0.16666666666666663, -0.16666666666666663, 0.1783402001177164, -0.022598870056497175, -0.020000000000000018, 0.0, 0.0, 0.0, 1.0, 0.738718586815135, 1.0, 0.0, 0.0, 0.0, 0.0, 0.0, 0.0, 0.0]",87097,87100,N3,dismiss,-0.3,ts,922,1
"[0.33333333333333337, -0.33333333333333337, -0.42857142857142855, 0.8197674418604651, -0.5555555555555556, 0.0, 0.0, 0.0, 1.0, 0.5288933496043463, 1.0, 0.0, 0.0, 0.0, 0.0, 0.0, 0.0, 0.0]",169335,169349,N6,dismiss,-0.3,ts,1295,0
"[0.625, -0.625, 0.0, 0.5722543352601156, -0.975, 0.0, 0.0, 0.0, 1.0, 0.7026160369889208, 1.0, 0.0, 0.0, 0.0, 0.0, 0.0, 0.0, 0.0]",158410,134921,N6,dismiss,-0.3,ts,840,0
"[0.25, -0.25, -0.25925925925925924, 0.0778816199376947, 0.13636363636363635, 0.0, 0.0, 0.0, 1.0, 0.7012290684696982, 1.0, 0.0, 0.0, 0.0, 0.0, 0.0, 0.0, 0.0]",142493,117045,N6,dismiss,-0.3,ts,1804,0
"[0.9137254901960783, -0.9137254901960783, -0.08883826879271067, 1.0, -0.2, 0.0, 0.0, 0.0, 1.0, 0.7478881057959721, 1.0, 0.0, 0.0, 0.0, 0.0, 0.0, 0.0, 0.0]",39429,169349,N6,dismiss,-0.3,ts,801,0
"[0.25, -0.25, 0.0, 0.011695906432748537, 0.25, 0.0, 0.0, 0.0, 1.0, 0.7771008967590011, 1.0, 0.0, 0.0, 0.0, 0.0, 0.0, 0.0, 0.0]",43087,117045,N6,accept,0.475,ts,1422,0
"[0.09090909090909087, -0.09090909090909087, -0.004823635815496041, 0.1518987341772152, -0.08, 0.0, 0.0, 0.0, 1.0, 0.7204841011799792, 1.0, 0.0, 0.0, 0.0, 0.0, 0.0, 0.0, 0.0]",117335,120787,N6,accept,0.3636363636363636,ts,2030,1
"[0.20000000000000004, -0.20000000000000004, -0.3409090909090909, 0.0, 0.0, 0.0, 0.0, 0.0, 1.0, 0.7239674946003922, 1.0, 0.0, 0.0, 0.0, 0.0, 0.0, 0.0, 0.0]",51022,70828,N6,accept,0.44,ts,2094,0
"[0.10714285714285708, -0.10714285714285708, -0.050131926121371996, -0.18685121107266436, -0.5833333333333334, 0.0, 0.0, 0.0, 1.0, 0.6206936583874068, 1.0, 0.0, 0.0, 0.0, 0.0, 0.0, 0.0, 0.0]",105432,145577,N6,dismiss,-0.3,ts,2630,1
"[0.5636363636363637, -0.5636363636363637, -0.16573971078976643, 0.0896358543417367, 1.0, 0.0, 0.0, 0.0, 1.0, 0.7114261295235756, 1.0, 0.0, 0.0, 0.0, 0.0, 0.0, 0.0, 0.0]",166050,107588,N6,dismiss,-0.3,ts,2787,1
"[0.13333333333333344, -0.13333333333333344, -0.1, -0.75, -0.44000000000000006, 0.0, 0.0, 0.0, 1.0, 0.5587769414463242, 1.0, 0.0, 0.0, 0.0, 0.0, 0.0, 0.0, 0.0]",70105,79461,N6,dismiss,-0.3,ts,647,0
"[0.5, -0.5, 0.0003029385034839478, 0.5421245421245421, 0.21739130434782608, 0.0, 0.0, 0.0, 1.0, 0.7565002507531393, 1.0, 0.0, 0.0, 0.0, 0.0, 0.0, 0.0, 0.0]",86743,61314,N3,dismiss,-0.3,ts,2154,1
"[0.20000000000000004, -0.20000000000000004, -0.3259604190919675, -0.007142857142857143, -0.015999999999999945, 0.0, 0.0, 0.0, 1.0, 0.7201853115292389, 1.0, 0.0, 0.0, 0.0, 0.0, 0.0, 0.0, 0.0]",19856,108461,N6,dismiss,-0.3,ts,1809,1
"[0.20000000000000007, -0.20000000000000007, -0.2716236722306526, -0.005714285714285714, 0.5789473684210527, 0.0, 0.0, 0.0, 1.0, 0.6344174406237146, 1.0, 0.0, 0.0, 0.0, 0.0, 0.0, 0.0, 0.0]",43097,31966,N6,dismiss,-0.3,ts,1543,1
"[0.20000000000000007, -0.20000000000000007, -0.2488262910798122, -0.022727272727272728, 0.0, 0.0, 0.0, 0.0, 1.0, 0.7377538311564746, 1.0, 0.0, 0.0, 0.0, 0.0, 0.0, 0.0, 0.0]",74280,31975,N6,dismiss,-0.3,ts,1159,1
"[0.0555555555555556, -0.0555555555555556, -0.16666666666666666, 0.01764705882352941, 0.0, 0.0, 0.0, 0.0, 1.0, 0.7088897221869671, 1.0, 0.0, 0.0, 0.0, 0.0, 0.0, 0.0, 0.0]",123852,105724,N3,dismiss,-0.3,ts,1175,1
"[0.15, -0.15, -0.34687500000000004, -0.525, -0.58, 0.0, 0.0, 0.0, 1.0, 0.504772942695583, 1.0, 0.0, 0.0, 0.0, 0.0, 0.0, 0.0, 0.0]",18616,18005,N6,accept,0.40499999999999997,ts,1119,1
"[0.4897959183673469, -0.4897959183673469, 0.0, -0.5080645161290323, 0.10344827586206896, 0.0, 0.0, 0.0, 1.0, 0.7827467434701915, 1.0, 0.0, 0.0, 0.0, 0.0, 0.0, 0.0, 0.0]",169065,104681,N6,accept,0.6428571428571428,ts,403,1
"[0.2307692307692307, -0.2307692307692307, -0.0625, -0.48333333333333334, -0.38, 0.0, 0.0, 0.0, 1.0, 0.6369417018705579, 1.0, 0.0, 0.0, 0.0, 0.0, 0.0, 0.0, 0.0]",57385,41650,N6,accept,0.46153846153846145,ts,1385,1
"[0.4690265486725664, -0.4690265486725664, -0.2679665738161559, -0.008450704225352112, -0.13333333333333336, 0.0, 0.0, 0.0, 1.0, 0.7810524086933406, 1.0, 0.0, 0.0, 0.0, 0.0, 0.0, 0.0, 0.0]",143110,111012,N6,dismiss,-0.3,ts,2161,1
"[0.24999999999999992, -0.24999999999999992, -0.18808777429467086, -0.007194244604316547, -0.02439024390243908, 0.0, 0.0, 0.0, 1.0, 0.7676014166610969, 1.0, 0.0, 0.0, 0.0, 0.0, 0.0, 0.0, 0.0]",113424,125887,N6,dismiss,-0.3,ts,633,0
"[0.25, -0.25, 0.0, 0.0, 0.0, 0.0, 0.0, 0.0, 1.0, 0.8395893495876965, 1.0, 0.0, 0.0, 0.0, 0.0, 0.0, 0.0, 0.0]",117053,117045,N3,dismiss,-0.3,ts,2860,1
"[0.20000000000000004, -0.20000000000000004, -0.08571428571428572, 0.18253968253968253, 0.0625, 0.0, 0.0, 0.0, 1.0, 0.7278160105377319, 1.0, 0.0, 0.0, 0.0, 0.0, 0.0, 0.0, 0.0]",115390,104963,N3,dismiss,-0.3,ts,1091,1
"[0.16666666666666663, -0.16666666666666663, 0.0, 0.0, 0.0, 0.0, 0.0, 0.0, 1.0, 0.8112296656009272, 1.0, 0.0, 0.0, 0.0, 0.0, 0.0, 0.0, 0.0]",147380,152267,N6,dismiss,-0.3,ts,2859,1
"[0.625, -0.625, -0.2317548746518106, 0.016722408026755852, -0.07692307692307693, 0.0, 0.0, 0.0, 1.0, 0.8330090859287487, 1.0, 0.0, 0.0, 0.0, 0.0, 0.0, 0.0, 0.0]",174765,141757,N6,dismiss,-0.3,ts,2471,0
"[0.11999999999999993, -0.11999999999999993, 0.0, 0.03133903133903134, -0.21428571428571427, 0.0, 0.0, 0.0, 1.0, 0.7331229461539136, 1.0, 0.0, 0.0, 0.0, 0.0, 0.0, 0.0, 0.0]",15535,174793,N6,dismiss,-0.3,ts,1816,1
"[0.3636363636363637, -0.3636363636363637, 0.0, 0.0, 0.0, 0.0, 0.0, 0.0, 1.0, 0.8742764353476687, 1.0, 0.0, 0.0, 0.0, 0.0, 0.0, 0.0, 0.0]",123141,123174,N6,dismiss,-0.3,ts,2805,0
"[0.6666666666666666, -0.6666666666666666, -0.14291666666666666, 0.13671875, 1.0, 0.0, 0.0, 0.0, 1.0, 0.7075374345401858, 1.0, 0.0, 0.0, 0.0, 0.0, 0.0, 0.0, 0.0]",75984,29663,N6,dismiss,-0.3,ts,1887,1
"[0.023255813953488393, -0.023255813953488393, 0.2, -0.1144578313253012, -0.18181818181818182, 0.0, 0.0, 0.0, 1.0, 0.616362334831246, 1.0, 0.0, 0.0, 0.0, 0.0, 0.0, 0.0, 0.0]",40740,91970,N3,dismiss,-0.3,ts,1107,1
"[0.625, -0.625, -0.13377926421404682, 0.9653179190751445, -0.595, 0.0, 0.0, 0.0, 1.0, 0.6539585682082435, 1.0, 0.0, 0.0, 0.0, 0.0, 0.0, 0.0, 0.0]",158410,145532,N6,dismiss,-0.3,ts,1428,1
"[0.7916666666666666, -0.7916666666666666, 0.19799999999999998, 0.0, 0.0, 0.0, 0.0, 0.0, 1.0, 0.8920518166839673, 1.0, 0.0, 0.0, 0.0, 0.0, 0.0, 0.0, 0.0]",40487,16729,N6,dismiss,-0.3,ts,481,1
"[0.09999999999999996, -0.09999999999999996, -0.0006666666666666524, 0.27419354838709675, -0.06000000000000001, 0.0, 0.0, 0.0, 1.0, 0.706675003762941, 1.0, 0.0, 0.0, 0.0, 0.0, 0.0, 0.0, 0.0]",41650,155616,N6,dismiss,-0.3,ts,1306,0
"[0.1666666666666667, -0.1666666666666667, -0.15503875968992248, 0.058823529411764705, 0.0, 0.0, 0.0, 0.0, 1.0, 0.741259150826298, 1.0, 0.0, 0.0, 0.0, 0.0, 0.0, 0.0, 0.0]",92714,85929,N6,dismiss,-0.3,ts,2169,0
"[0.1666666666666667, -0.1666666666666667, -0.28112267994567675, 0.17355371900826447, -0.20833333333333334, 0.0, 0.0, 0.0, 1.0, 0.6301107558702879, 1.0, 0.0, 0.0, 0.0, 0.0, 0.0, 0.0, 0.0]",110166,89666,N6,dismiss,-0.3,ts,832,1
"[0.2, -0.2, 0.2222222222222222, -0.6008771929824561, 0.25, 0.0, 0.0, 0.0, 1.0, 0.5871437693950083, 1.0, 0.0, 0.0, 0.0, 0.0, 0.0, 0.0, 0.0]",118876,127600,N6,accept,0.43999999999999995,ts,2099,0
"[0.6909090909090908, -0.6909090909090908, -0.41158989598811296, -0.4, -0.1, 0.0, 0.0, 0.0, 1.0, 0.7221276459564802, 1.0, 0.0, 0.0, 0.0, 0.0, 0.0, 0.0, 0.0]",63997,66862,N6,accept,0.7836363636363635,ts,961,1
"[0.20000000000000004, -0.20000000000000004, -0.634703196347032, 0.07407407407407407, -0.74, 0.0, 0.0, 0.0, 1.0, 0.5425189848892313, 1.0, 0.0, 0.0, 0.0, 0.0, 0.0, 0.0, 0.0]",19598,106004,N6,dismiss,-0.3,ts,2235,0
"[0.11999999999999993, -0.11999999999999993, -0.3566833452466047, -0.002849002849002849, -0.6739130434782609, 0.0, 0.0, 0.0, 1.0, 0.5806369658757379, 1.0, 0.0, 0.0, 0.0, 0.0, 0.0, 0.0, 0.0]",88671,30105,N3,accept,0.38399999999999995,ts,509,1
"[0.11999999999999993, -0.11999999999999993, 0.2222222222222222, -0.0056657223796034, 0.0, 0.0, 0.0, 0.0, 1.0, 0.7210661718528755, 1.0, 0.0, 0.0, 0.0, 0.0, 0.0, 0.0, 0.0]",107307,70000,N3,accept,0.38399999999999995,ts,1983,1
"[0.017857142857142873, -0.017857142857142873, -0.32540675844806016, 0.0, 0.0, 0.0, 0.0, 0.0, 1.0, 0.6610190788056989, 1.0, 0.0, 0.0, 0.0, 0.0, 0.0, 0.0, 0.0]",16679,147380,N3,dismiss,-0.3,ts,1554,1
"[0.1666666666666667, -0.1666666666666667, 0.17699115044247787, 0.6716417910447762, 0.21212121212121213, 0.0, 0.0, 0.0, 1.0, 0.5888950245787974, 1.0, 0.0, 0.0, 0.0, 0.0, 0.0, 0.0, 0.0]",120916,86748,N3,accept,0.4166666666666667,ts,1288,1
"[0.36571428571428577, -0.36571428571428577, 0.2005012531328321, 0.06333333333333334, 0.2727272727272727, 0.0, 0.0, 0.0, 1.0, 0.7278827034687902, 1.0, 0.0, 0.0, 0.0, 0.0, 0.0, 0.0, 0.0]",174761,63924,N6,dismiss,-0.3,ts,906,0
"[0.20000000000000007, -0.20000000000000007, 0.09090909090909091, -0.008547008547008548, -0.14285714285714285, 0.0, 0.0, 0.0, 1.0, 0.7497580191893745, 1.0, 0.0, 0.0, 0.0, 0.0, 0.0, 0.0, 0.0]",70002,32065,N6,dismiss,-0.3,ts,2148,0
"[0.33333333333333337, -0.33333333333333337, -0.05657142857142848, 0.2238372093023256, 0.037037037037037035, 0.0, 0.0, 0.0, 1.0, 0.779291250461128, 1.0, 0.0, 0.0, 0.0, 0.0, 0.0, 0.0, 0.0]",169335,61314,N6,dismiss,-0.3,ts,1733,0
"[0.20000000000000004, -0.20000000000000004, -0.634703196347032, 0.07407407407407407, -0.74, 0.0, 0.0, 0.0, 1.0, 0.5425189848892313, 1.0, 0.0, 0.0, 0.0, 0.0, 0.0, 0.0, 0.0]",19598,106004,N6,dismiss,-0.3,ts,1743,0
"[0.2142857142857143, -0.2142857142857143, 0.0, -0.035856573705179286, 0.12244897959183665, 0.0, 0.0, 0.0, 1.0, 0.7847368582990952, 1.0, 0.0, 0.0, 0.0, 0.0, 0.0, 0.0, 0.0]",138640,138639,N6,dismiss,-0.3,ts,664,0
"[0.25000000000000006, -0.25000000000000006, -0.0625, -0.34, 0.039999999999999994, 0.0, 0.0, 0.0, 1.0, 0.7305487309174494, 1.0, 0.0, 0.0, 0.0, 0.0, 0.0, 0.0, 0.0]",40998,50997,N6,dismiss,-0.3,ts,1108,0
"[0.8163265306122449, -0.8163265306122449, -0.3003754693366709, -0.3853211009174312, -0.6916666666666668, 0.0, 0.0, 0.0, 1.0, 0.6769419080253434, 1.0, 0.0, 0.0, 0.0, 0.0, 0.0, 0.0, 0.0]",115245,54927,N3,accept,0.8714285714285714,ts,1550,1
"[0.5, -0.5, -0.4172461752433937, 0.015479876160990712, 1.0, 0.0, 0.0, 0.0, 1.0, 0.646677624271836, 1.0, 0.0, 0.0, 0.0, 0.0, 0.0, 0.0, 0.0]",87863,57551,N3,dismiss,-0.3,ts,2130,1
"[0.47058823529411764, -0.47058823529411764, 0.15384615384615385, 1.0, 0.6599999999999999, 0.0, 0.0, 0.0, 1.0, 0.5943309476945812, 1.0, 0.0, 0.0, 0.0, 0.0, 0.0, 0.0, 0.0]",37982,133969,N6,dismiss,-0.3,ts,2800,0
"[0.26470588235294124, -0.26470588235294124, -0.1669449081803005, -0.02, 0.040000000000000036, 0.0, 0.0, 0.0, 1.0, 0.7701697969882795, 1.0, 0.0, 0.0, 0.0, 0.0, 0.0, 0.0, 0.0]",18053,130669,N3,dismiss,-0.3,ts,575,1
"[0.5, -0.5, 0.0, 0.0, 0.0, 0.0, 0.0, 0.0, 1.0, 0.9087872380968218, 1.0, 0.0, 0.0, 0.0, 0.0, 0.0, 0.0, 0.0]",60782,60783,N6,dismiss,-0.3,ts,2990,0
"[0.888, -0.888, -0.20028612303290425, 1.0, 1.0, 0.0, 0.0, 0.0, 1.0, 0.6039610720199717, 1.0, 0.0, 0.0, 0.0, 0.0, 0.0, 0.0, 0.0]",106727,16731,N6,dismiss,-0.3,ts,432,1
"[0.7626582278481012, -0.7626582278481012, 0.0027855153203343017, 0.0, 0.2631578947368421, 0.0, 0.0, 0.0, 1.0, 0.8914436181078074, 1.0, 0.0, 0.0, 0.0, 0.0, 0.0, 0.0, 0.0]",43387,151849,N6,dismiss,-0.3,ts,2381,0
"[0.5599999999999999, -0.5599999999999999, 0.052291801162040054, 0.29454545454545455, -0.2448979591836735, 0.0, 0.0, 0.0, 1.0, 0.7767295963695724, 1.0, 0.0, 0.0, 0.0, 0.0, 0.0, 0.0, 0.0]",185412,87718,N3,accept,0.692,ts,1114,1
"[0.02857142857142844, -0.02857142857142844, -0.43774069319640574, 0.02, 0.019999999999999973, 0.0, 0.0, 0.0, 1.0, 0.6322768417624829, 1.0, 0.0, 0.0, 0.0, 0.0, 0.0, 0.0, 0.0]",33303,77265,N6,dismiss,-0.3,ts,845,1
"[0.2146118721461187, -0.2146118721461187, 0.1784741144414169, -0.008450704225352112, -0.09999999999999998, 0.0, 0.0, 0.0, 1.0, 0.7380674469227877, 1.0, 0.0, 0.0, 0.0, 0.0, 0.0, 0.0, 0.0]",64291,54520,N3,dismiss,-0.3,ts,2414,1
"[0.22666666666666668, -0.22666666666666668, -0.5995995995995996, 0.0, 0.0, 0.0, 0.0, 0.0, 1.0, 0.6921564497180331, 1.0, 0.0, 0.0, 0.0, 0.0, 0.0, 0.0, 0.0]",71092,40258,N3,accept,0.45866666666666667,ts,1268,1
"[0.16666666666666666, -0.16666666666666666, -0.6, -0.40954773869346733, -0.696969696969697, 0.0, 0.0, 0.0, 1.0, 0.4748074446061905, 1.0, 0.0, 0.0, 0.0, 0.0, 0.0, 0.0, 0.0]",69112,145577,N6,dismiss,-0.3,ts,1973,1
"[0.06086956521739117, -0.06086956521739117, 0.1509433962264151, -0.002849002849002849, 0.07142857142857142, 0.0, 0.0, 0.0, 1.0, 0.6998266361785278, 1.0, 0.0, 0.0, 0.0, 0.0, 0.0, 0.0, 0.0]",39517,15687,N3,dismiss,-0.3,ts,1298,1
"[0.20000000000000007, -0.20000000000000007, -0.2932707355242567, -0.011363636363636364, 0.0, 0.0, 0.0, 0.0, 1.0, 0.7307070622096635, 1.0, 0.0, 0.0, 0.0, 0.0, 0.0, 0.0, 0.0]",74280,31973,N6,dismiss,-0.3,ts,2751,1
"[0.4069767441860465, -0.4069767441860465, -0.16522948539638388, 0.11255411255411256, -0.44642857142857145, 0.0, 0.0, 0.0, 1.0, 0.7110194640149824, 1.0, 0.0, 0.0, 0.0, 0.0, 0.0, 0.0, 0.0]",20076,20089,N6,accept,0.5848837209302326,ts,2756,1
"[0.5636363636363637, -0.5636363636363637, -0.5024875621890547, -0.005698005698005698, 0.6666666666666666, 0.0, 0.0, 0.0, 1.0, 0.6832224587778319, 1.0, 0.0, 0.0, 0.0, 0.0, 0.0, 0.0, 0.0]",72081,107563,N6,accept,0.6945454545454546,ts,2773,1
"[0.82, -0.82, -0.3942101501072195, 0.10144927536231885, 0.6428571428571429, 0.0, 0.0, 0.0, 1.0, 0.7154794069545769, 1.0, 0.0, 0.0, 0.0, 0.0, 0.0, 0.0, 0.0]",88672,89765,N3,dismiss,-0.3,ts,2816,1
"[0.02500000000000002, -0.02500000000000002, -0.1863303498779495, -0.02, -0.07999999999999999, 0.0, 0.0, 0.0, 1.0, 0.6690903795112921, 1.0, 0.0, 0.0, 0.0, 0.0, 0.0, 0.0, 0.0]",130426,62503,N6,dismiss,-0.3,ts,2064,1
"[0.3888888888888889, -0.3888888888888889, -0.46507483962936563, 0.20416666666666666, 0.0235294117647058, 0.0, 0.0, 0.0, 1.0, 0.7029881973731301, 1.0, 0.0, 0.0, 0.0, 0.0, 0.0, 0.0, 0.0]",127487,114138,N6,dismiss,-0.3,ts,472,1
"[0.18831168831168835, -0.18831168831168835, 0.20250120250120254, 0.1111111111111111, -0.07999999999999999, 0.0, 0.0, 0.0, 1.0, 0.7001240443089605, 1.0, 0.0, 0.0, 0.0, 0.0, 0.0, 0.0, 0.0]",128341,85224,N6,dismiss,-0.3,ts,2650,1
"[0.5454545454545455, -0.5454545454545455, -0.34353018158023885, 0.0, 0.0, 0.0, 0.0, 0.0, 1.0, 0.8191303026203585, 1.0, 0.0, 0.0, 0.0, 0.0, 0.0, 0.0, 0.0]",54334,54345,N6,dismiss,-0.3,ts,450,1
"[0.7819767441860465, -0.7819767441860465, -0.30635838150289013, 0.017045454545454544, 0.6666666666666666, 0.0, 0.0, 0.0, 1.0, 0.7491925582097295, 1.0, 0.0, 0.0, 0.0, 0.0, 0.0, 0.0, 0.0]",54520,151849,N3,dismiss,-0.3,ts,1586,1
"[0.1111111111111111, -0.1111111111111111, 0.0, 0.12, 0.020000000000000018, 0.0, 0.0, 0.0, 1.0, 0.7533976982639888, 1.0, 0.0, 0.0, 0.0, 0.0, 0.0, 0.0, 0.0]",141703,74187,N3,dismiss,-0.3,ts,1115,1
"[0.375, -0.375, -0.5170068027210885, 0.0, 0.0, 0.0, 0.0, 0.0, 1.0, 0.7485728828665705, 1.0, 0.0, 0.0, 0.0, 0.0, 0.0, 0.0, 0.0]",30574,170956,N3,dismiss,-0.3,ts,2425,0
"[0.75, -0.75, -0.4357298474945534, -0.03409090909090909, 0.82, 0.0, 0.0, 0.0, 1.0, 0.7052039581928611, 1.0, 0.0, 0.0, 0.0, 0.0, 0.0, 0.0, 0.0]",135617,145532,N3,accept,0.825,ts,1779,1
"[0.6000000000000001, -0.6000000000000001, 0.23277737490935468, 0.0, 0.0, 0.0, 0.0, 0.0, 1.0, 0.8546318163476566, 1.0, 0.0, 0.0, 0.0, 0.0, 0.0, 0.0, 0.0]",141750,115238,N6,dismiss,-0.3,ts,2145,1
"[0.4545454545454546, -0.4545454545454546, -0.375, 0.014534883720930232, 0.7391304347826086, 0.0, 0.0, 0.0, 1.0, 0.6725557365058019, 1.0, 0.0, 0.0, 0.0, 0.0, 0.0, 0.0, 0.0]",31972,107563,N3,dismiss,-0.3,ts,2540,1
"[0.14, -0.14, -0.16016016016016016, 0.0, 0.0, 0.0, 0.0, 0.0, 1.0, 0.7469249197385348, 1.0, 0.0, 0.0, 0.0, 0.0, 0.0, 0.0, 0.0]",93922,79362,N3,dismiss,-0.3,ts,872,0
"[0.04761904761904766, -0.04761904761904766, -0.02615470228158035, 0.5272727272727272, 0.23076923076923078, 0.0, 0.0, 0.0, 1.0, 0.6044334604105658, 1.0, 0.0, 0.0, 0.0, 0.0, 0.0, 0.0, 0.0]",179649,115390,N3,accept,0.33333333333333337,ts,833,0
"[0.9545945945945946, -0.9545945945945946, -0.5372405372405373, 0.19708029197080293, -0.5916666666666667, 0.0, 0.0, 0.0, 1.0, 0.6883836883343892, 1.0, 0.0, 0.0, 0.0, 0.0, 0.0, 0.0, 0.0]",130295,49086,N3,accept,0.9682162162162162,ts,1457,1
"[0.2, -0.2, 0.015444015444015528, -0.02127659574468085, 0.0, 0.0, 0.0, 0.0, 1.0, 0.8104959025064576, 1.0, 0.0, 0.0, 0.0, 0.0, 0.0, 0.0, 0.0]",19611,85163,N3,dismiss,-0.3,ts,2451,1
"[0.5, -0.5, -0.4586, -0.05956112852664577, -0.21428571428571427, 0.0, 0.0, 0.0, 1.0, 0.7195852783317834, 1.0, 0.0, 0.0, 0.0, 0.0, 0.0, 0.0, 0.0]",63925,82038,N3,dismiss,-0.3,ts,704,0
"[0.7942857142857144, -0.7942857142857144, -0.3214124038026256, 0.19672131147540983, -0.375, 0.0, 0.0, 0.0, 1.0, 0.7349808423477768, 1.0, 0.0, 0.0, 0.0, 0.0, 0.0, 0.0, 0.0]",81541,128284,N3,accept,0.8560000000000001,ts,827,0
"[0.8529411764705882, -0.8529411764705882, 0.11420612813370477, 1.0, 0.058823529411764705, 0.0, 0.0, 0.0, 1.0, 0.7677337533074937, 1.0, 0.0, 0.0, 0.0, 0.0, 0.0, 0.0, 0.0]",110152,104684,N6,accept,0.8970588235294117,ts,914,1
"[0.25, -0.25, -0.5447647951441579, -0.011428571428571429, 0.10619469026548665, 0.0, 0.0, 0.0, 1.0, 0.6747720676390024, 1.0, 0.0, 0.0, 0.0, 0.0, 0.0, 0.0, 0.0]",16901,117045,N6,dismiss,-0.3,ts,2539,1
"[0.3636363636363637, -0.3636363636363637, 0.0, 0.0, 0.0, 0.0, 0.0, 0.0, 1.0, 0.8742764353476687, 1.0, 0.0, 0.0, 0.0, 0.0, 0.0, 0.0, 0.0]",123143,123174,N3,dismiss,-0.3,ts,521,0
"[0.11475409836065566, -0.11475409836065566, -0.3639207507820647, 0.008645533141210375, -0.13793103448275856, 0.0, 0.0, 0.0, 1.0, 0.6504690940879523, 1.0, 0.0, 0.0, 0.0, 0.0, 0.0, 0.0, 0.0]",54573,15687,N6,dismiss,-0.3,ts,2128,1
"[0.20000000000000007, -0.20000000000000007, 0.2, -0.01694915254237288, -0.07692307692307693, 0.0, 0.0, 0.0, 1.0, 0.7305032209505417, 1.0, 0.0, 0.0, 0.0, 0.0, 0.0, 0.0, 0.0]",108842,31966,N3,accept,0.44000000000000006,ts,661,1
"[0.8571428571428571, -0.8571428571428571, 0.0, -0.11498257839721254, -0.054545454545454515, 0.0, 0.0, 0.0, 1.0, 0.9181815185255802, 1.0, 0.0, 0.0, 0.0, 0.0, 0.0, 0.0, 0.0]",91072,91067,N3,dismiss,-0.3,ts,620,0
"[0.15999999999999998, -0.15999999999999998, -0.26666666666666666, -0.22274881516587677, 0.5, 0.0, 0.0, 0.0, 1.0, 0.5774609167274939, 1.0, 0.0, 0.0, 0.0, 0.0, 0.0, 0.0, 0.0]",162680,152287,N3,accept,0.412,ts,902,1
"[0.040000000000000036, -0.040000000000000036, 0.0, 0.0, 0.0, 0.0, 0.0, 0.0, 1.0, 0.7649820258822859, 1.0, 0.0, 0.0, 0.0, 0.0, 0.0, 0.0, 0.0]",141765,141753,N6,dismiss,-0.3,ts,1056,1
"[0.3636363636363637, -0.3636363636363637, 0.0, 0.061046511627906974, 0.0, 0.0, 0.0, 0.0, 1.0, 0.8570363402900383, 1.0, 0.0, 0.0, 0.0, 0.0, 0.0, 0.0, 0.0]",123009,123174,N6,accept,0.5545454545454546,ts,1998,1
"[0.06666666666666672, -0.06666666666666672, 0.2002503128911139, 0.125, 0.09090909090909091, 0.0, 0.0, 0.0, 1.0, 0.6507969639330484, 1.0, 0.0, 0.0, 0.0, 0.0, 0.0, 0.0, 0.0]",139805,55915,N6,dismiss,-0.3,ts,1277,1
"[0.25, -0.25, 0.0, 0.07453416149068323, 0.13636363636363635, 0.0, 0.0, 0.0, 1.0, 0.7830109453831142, 1.0, 0.0, 0.0, 0.0, 0.0, 0.0, 0.0, 0.0]",43090,117045,N6,dismiss,-0.3,ts,2156,1
"[0.2588235294117647, -0.2588235294117647, 0.05868118572292794, 0.49834983498349833, -0.08333333333333333, 0.0, 0.0, 0.0, 1.0, 0.7026486459901005, 1.0, 0.0, 0.0, 0.0, 0.0, 0.0, 0.0, 0.0]",65211,169062,N3,dismiss,-0.3,ts,2668,1
"[0.20000000000000004, -0.20000000000000004, -0.17521902377972465, 0.007246376811594203, 0.02500000000000006, 0.0, 0.0, 0.0, 1.0, 0.7542302249952597, 1.0, 0.0, 0.0, 0.0, 0.0, 0.0, 0.0, 0.0]",53366,19865,N3,dismiss,-0.3,ts,2512,1
"[0.3333333333333333, -0.3333333333333333, -0.48406676783004554, -0.44761904761904764, -0.6129032258064516, 0.0, 0.0, 0.0, 1.0, 0.546792220645576, 1.0, 0.0, 0.0, 0.0, 0.0, 0.0, 0.0, 0.0]",170138,175100,N6,accept,0.5333333333333333,ts,2239,1
"[0.06395348837209296, -0.06395348837209296, -0.6105702364394994, 0.6536796536796536, -0.32142857142857145, 0.0, 0.0, 0.0, 1.0, 0.45233622207296154, 1.0, 0.0, 0.0, 0.0, 0.0, 0.0, 0.0, 0.0]",20076,103705,N3,dismiss,-0.3,ts,2851,1
"[0.09259259259259267, -0.09259259259259267, -0.739344262295082, 0.002857142857142857, -0.03999999999999997, 0.0, 0.0, 0.0, 1.0, 0.6177007047994388, 1.0, 0.0, 0.0, 0.0, 0.0, 0.0, 0.0, 0.0]",15687,105872,N6,dismiss,-0.3,ts,1539,1
"[0.6136363636363636, -0.6136363636363636, -0.5024875621890547, -0.5612535612535613, -0.6166666666666667, 0.0, 0.0, 0.0, 1.0, 0.5972562454055956, 1.0, 0.0, 0.0, 0.0, 0.0, 0.0, 0.0, 0.0]",72081,142262,N6,dismiss,-0.3,ts,1347,1
"[0.2941176470588236, -0.2941176470588236, 0.0, 1.0, 0.22000000000000003, 0.0, 0.0, 0.0, 1.0, 0.6533578724024277, 1.0, 0.0, 0.0, 0.0, 0.0, 0.0, 0.0, 0.0]",51572,50956,N3,dismiss,-0.3,ts,1607,0
"[0.24242424242424238, -0.24242424242424238, -0.129287598944591, 0.14634146341463414, -0.019999999999999973, 0.0, 0.0, 0.0, 1.0, 0.7475906702273, 1.0, 0.0, 0.0, 0.0, 0.0, 0.0, 0.0, 0.0]",110035,19599,N3,dismiss,-0.3,ts,466,0
"[0.5, -0.5, -0.4586, -0.05956112852664577, -0.21428571428571427, 0.0, 0.0, 0.0, 1.0, 0.7195852783317834, 1.0, 0.0, 0.0, 0.0, 0.0, 0.0, 0.0, 0.0]",63925,82038,N3,dismiss,-0.3,ts,2421,0
"[0.5798319327731092, -0.5798319327731092, 0.20898100172711576, -0.3015267175572519, 0.28, 0.0, 0.0, 0.0, 1.0, 0.7247410787141373, 1.0, 0.0, 0.0, 0.0, 0.0, 0.0, 0.0, 0.0]",61358,104681,N3,dismiss,-0.3,ts,1354,1
"[0.3636363636363637, -0.3636363636363637, 0.0, 0.0, 0.0, 0.0, 0.0, 0.0, 1.0, 0.8742764353476687, 1.0, 0.0, 0.0, 0.0, 0.0, 0.0, 0.0, 0.0]",123548,123174,N6,dismiss,-0.3,ts,2817,1
"[0.625, -0.625, 0.07707129094412332, 0.0, 0.0, 0.0, 0.0, 0.0, 1.0, 0.904947839553394, 1.0, 0.0, 0.0, 0.0, 0.0, 0.0, 0.0, 0.0]",16734,16731,N6,accept,0.7375,ts,1403,1
"[0.28571428571428564, -0.28571428571428564, -0.4991652754590985, -0.12737127371273713, -0.20289855072463772, 0.0, 0.0, 0.0, 1.0, 0.6409647173201884, 1.0, 0.0, 0.0, 0.0, 0.0, 0.0, 0.0, 0.0]",76847,43090,N3,dismiss,-0.3,ts,1159,1
"[0.2972972972972973, -0.2972972972972973, 0.052770448548812667, -0.2440944881889764, -0.2631578947368421, 0.0, 0.0, 0.0, 1.0, 0.7152849125461873, 1.0, 0.0, 0.0, 0.0, 0.0, 0.0, 0.0, 0.0]",31679,175226,N3,dismiss,-0.3,ts,1880,1
"[0.8, -0.8, 0.0, 1.0, 1.0, 0.0, 0.0, 0.0, 1.0, 0.6626816974221303, 1.0, 0.0, 0.0, 0.0, 0.0, 0.0, 0.0, 0.0]",51128,51605,N3,dismiss,-0.3,ts,1734,0
"[0.15, -0.15, 0.17937500000000006, -0.48333333333333334, -0.58, 0.0, 0.0, 0.0, 1.0, 0.5491046509484763, 1.0, 0.0, 0.0, 0.0, 0.0, 0.0, 0.0, 0.0]",18616,79359,N6,accept,0.40499999999999997,ts,1113,1
"[0.19999999999999993, -0.19999999999999993, -0.24812030075187969, 0.7852564102564102, 0.7333333333333333, 0.0, 0.0, 0.0, 1.0, 0.5103859367540882, 1.0, 0.0, 0.0, 0.0, 0.0, 0.0, 0.0, 0.0]",58951,29970,N3,dismiss,-0.3,ts,1694,1
"[0.0075187969924812095, -0.0075187969924812095, -0.2, -0.2582781456953642, -0.2, 0.0, 0.0, 0.0, 1.0, 0.5769171603636851, 1.0, 0.0, 0.0, 0.0, 0.0, 0.0, 0.0, 0.0]",108112,80033,N3,accept,0.30526315789473685,ts,1454,1
"[0.20000000000000007, -0.20000000000000007, -0.1629802095459837, 0.09608540925266904, 0.0, 0.0, 0.0, 0.0, 1.0, 0.7409697900801834, 1.0, 0.0, 0.0, 0.0, 0.0, 0.0, 0.0, 0.0]",21089,55377,N3,dismiss,-0.3,ts,1829,1
"[0.2, -0.2, -0.425, -0.1678832116788321, -0.26666666666666666, 0.0, 0.0, 0.0, 1.0, 0.603526579115756, 1.0, 0.0, 0.0, 0.0, 0.0, 0.0, 0.0, 0.0]",115289,178949,N6,dismiss,-0.3,ts,2360,1
"[0.24999999999999997, -0.24999999999999997, -0.4993742177722153, -0.035211267605633804, -0.11764705882352941, 0.0, 0.0, 0.0, 1.0, 0.6716081249710165, 1.0, 0.0, 0.0, 0.0, 0.0, 0.0, 0.0, 0.0]",120828,115289,N3,dismiss,-0.3,ts,1513,1
"[0.8964705882352941, -0.8964705882352941, -0.24024024024024024, -0.4, -0.26666666666666666, 0.0, 0.0, 0.0, 1.0, 0.7472929863926744, 1.0, 0.0, 0.0, 0.0, 0.0, 0.0, 0.0, 0.0]",47181,85795,N3,dismiss,-0.3,ts,1454,1
"[0.023255813953488292, -0.023255813953488292, 0.05212816834050693, 0.08609271523178808, 0.0571428571428572, 0.0, 0.0, 0.0, 1.0, 0.6989901745905753, 1.0, 0.0, 0.0, 0.0, 0.0, 0.0, 0.0, 0.0]",115226,152287,N3,accept,0.3162790697674418,ts,1603,1
"[0.2, -0.2, 0.06177606177606183, -0.2127659574468085, 0.06000000000000005, 0.0, 0.0, 0.0, 1.0, 0.7306346526818904, 1.0, 0.0, 0.0, 0.0, 0.0, 0.0, 0.0, 0.0]",19611,19607,N3,dismiss,-0.3,ts,1443,0
"[0.16666666666666666, -0.16666666666666666, -0.24202370100273482, -0.17275747508305647, -0.25, 0.0, 0.0, 0.0, 1.0, 0.6316444245569646, 1.0, 0.0, 0.0, 0.0, 0.0, 0.0, 0.0, 0.0]",116369,52481,N3,accept,0.41666666666666663,ts,1658,1
"[0.19999999999999993, -0.19999999999999993, -0.25, -0.8833333333333333, -0.7454545454545454, 0.0, 0.0, 0.0, 1.0, 0.5035447216368699, 1.0, 0.0, 0.0, 0.0, 0.0, 0.0, 0.0, 0.0]",126074,18330,N6,dismiss,-0.3,ts,1440,1
"[0.9357142857142856, -0.9357142857142856, 0.1, -0.42857142857142855, -0.8, 0.0, 0.0, 0.0, 1.0, 0.7292168513530308, 1.0, 0.0, 0.0, 0.0, 0.0, 0.0, 0.0, 0.0]",153856,18239,N3,dismiss,-0.3,ts,1662,1
"[0.5, -0.5, -0.004522158577027391, 0.7763713080168776, 0.12, 0.0, 0.0, 0.0, 1.0, 0.7567307076871725, 1.0, 0.0, 0.0, 0.0, 0.0, 0.0, 0.0, 0.0]",117335,61314,N3,dismiss,-0.3,ts,1391,1
"[0.4545454545454546, -0.4545454545454546, -0.4991652754590985, -0.025139664804469275, 1.0, 0.0, 0.0, 0.0, 1.0, 0.6181743451401159, 1.0, 0.0, 0.0, 0.0, 0.0, 0.0, 0.0, 0.0]",135481,107563,N3,dismiss,-0.3,ts,1542,1
"[0.7, -0.7, -0.1279813845258872, 0.41284403669724773, -0.45882352941176474, 0.0, 0.0, 0.0, 1.0, 0.7258944569740007, 1.0, 0.0, 0.0, 0.0, 0.0, 0.0, 0.0, 0.0]",81396,115951,N3,dismiss,-0.3,ts,1729,1
"[0.5599999999999999, -0.5599999999999999, 0.0009099181073703173, 0.34532374100719426, 1.0, 0.0, 0.0, 0.0, 1.0, 0.709884034192077, 1.0, 0.0, 0.0, 0.0, 0.0, 0.0, 0.0, 0.0]",185410,89763,N6,accept,0.692,ts,2244,1
"[0.42400000000000004, -0.42400000000000004, -0.7220678154530294, 0.0, 0.0, 0.0, 0.0, 0.0, 1.0, 0.7377324485995986, 1.0, 0.0, 0.0, 0.0, 0.0, 0.0, 0.0, 0.0]",49130,174939,N6,dismiss,-0.3,ts,474,1
"[0.8412698412698413, -0.8412698412698413, -0.8624113475177304, 0.19111111111111112, -0.5147058823529412, 0.0, 0.0, 0.0, 1.0, 0.6544720894304579, 1.0, 0.0, 0.0, 0.0, 0.0, 0.0, 0.0, 0.0]",48746,117029,N3,dismiss,-0.3,ts,1555,1
"[0.13953488372093023, -0.13953488372093023, 0.2, -0.11262798634812286, 0.021276595744680774, 0.0, 0.0, 0.0, 1.0, 0.699136362980252, 1.0, 0.0, 0.0, 0.0, 0.0, 0.0, 0.0, 0.0]",33338,91969,N3,dismiss,-0.3,ts,1726,1
"[0.25, -0.25, 0.0, -0.008595988538681949, 0.08695652173913043, 0.0, 0.0, 0.0, 1.0, 0.8130880893622596, 1.0, 0.0, 0.0, 0.0, 0.0, 0.0, 0.0, 0.0]",57106,117045,N3,dismiss,-0.3,ts,1286,0
"[0.1666666666666667, -0.1666666666666667, 0.0, 0.3, 0.22000000000000003, 0.0, 0.0, 0.0, 1.0, 0.6901568741775026, 1.0, 0.0, 0.0, 0.0, 0.0, 0.0, 0.0, 0.0]",41286,61090,N3,dismiss,-0.3,ts,2339,0
"[0.02500000000000002, -0.02500000000000002, 0.20627261761158033, -0.06, -0.039999999999999994, 0.0, 0.0, 0.0, 1.0, 0.6632687757964634, 1.0, 0.0, 0.0, 0.0, 0.0, 0.0, 0.0, 0.0]",151774,62540,N3,dismiss,-0.3,ts,2186,0
"[0.33333333333333326, -0.33333333333333326, 0.06982156710628383, 0.0, 0.0, 0.0, 0.0, 0.0, 1.0, 0.8394629963098825, 1.0, 0.0, 0.0, 0.0, 0.0, 0.0, 0.0, 0.0]",90178,141753,N3,dismiss,-0.3,ts,1453,0
"[0.3321428571428571, -0.3321428571428571, -0.026620059155686878, 0.0, 0.0, 0.0, 0.0, 0.0, 1.0, 0.8548083702692812, 1.0, 0.0, 0.0, 0.0, 0.0, 0.0, 0.0, 0.0]",55412,15139,N1,accept,0.5325,ts,2925,1
"[0.02500000000000002, -0.02500000000000002, -0.33110367892976583, -0.18, -0.039999999999999994, 0.0, 0.0, 0.0, 1.0, 0.6056318521821138, 1.0, 0.0, 0.0, 0.0, 0.0, 0.0, 0.0, 0.0]",54434,62503,N3,dismiss,-0.3,ts,1077,1
"[0.33333333333333326, -0.33333333333333326, -0.7118840579710145, 0.17475728155339806, 0.0, 0.0, 0.0, 0.0, 1.0, 0.6694448123318628, 1.0, 0.0, 0.0, 0.0, 0.0, 0.0, 0.0, 0.0]",54732,81543,N3,dismiss,-0.3,ts,1553,1
"[0.4545454545454546, -0.4545454545454546, -0.375, 0.1308139534883721, 1.0, 0.0, 0.0, 0.0, 1.0, 0.6284182472827946, 1.0, 0.0, 0.0, 0.0, 0.0, 0.0, 0.0, 0.0]",31975,107588,N6,dismiss,-0.3,ts,704,1
"[0.06666666666666672, -0.06666666666666672, 0.0, 0.16532258064516128, -0.14285714285714285, 0.0, 0.0, 0.0, 1.0, 0.6954076018059581, 1.0, 0.0, 0.0, 0.0, 0.0, 0.0, 0.0, 0.0]",89593,105432,N3,dismiss,-0.3,ts,427,1
"[0.20000000000000004, -0.20000000000000004, -0.5272727272727272, 0.1978021978021978, 0.3, 0.0, 0.0, 0.0, 1.0, 0.5758109939927043, 1.0, 0.0, 0.0, 0.0, 0.0, 0.0, 0.0, 0.0]",127600,169893,N6,dismiss,-0.3,ts,2223,1
"[0.018181818181818195, -0.018181818181818195, -0.20784224841341783, 0.0, 0.0, 0.0, 0.0, 0.0, 1.0, 0.6887941787705715, 1.0, 0.0, 0.0, 0.0, 0.0, 0.0, 0.0, 0.0]",16660,147468,N3,dismiss,-0.3,ts,2839,0
"[0.5798319327731092, -0.5798319327731092, 0.0, -0.3015267175572519, 0.28, 0.0, 0.0, 0.0, 1.0, 0.7930636298360115, 1.0, 0.0, 0.0, 0.0, 0.0, 0.0, 0.0, 0.0]",104682,104681,N3,accept,0.7058823529411764,ts,1585,1
"[0.5555555555555556, -0.35, -0.41692307692307695, 0.0, 0.0, 0.0, 0.0, 0.0, 1.0, 0.7572625285445833, 1.0, 0.0, 0.0, 0.0, 0.0, 0.0, 0.0, 0.0]",63920,48992,N3,accept,0.6888888888888889,ts,2659,1
"[0.7787610619469026, -0.7787610619469026, 0.0027855153203343017, 0.008450704225352112, 0.3333333333333333, 0.0, 0.0, 0.0, 1.0, 0.8793064268333981, 1.0, 0.0, 0.0, 0.0, 0.0, 0.0, 0.0, 0.0]",143110,151849,N6,dismiss,-0.3,ts,1052,1
"[0.1666666666666667, -0.1666666666666667, -0.15503875968992248, 0.029411764705882353, 0.0, 0.0, 0.0, 0.0, 1.0, 0.7493386575941129, 1.0, 0.0, 0.0, 0.0, 0.0, 0.0, 0.0, 0.0]",92714,143384,N3,accept,0.4166666666666667,ts,2443,1
"[0.02500000000000002, -0.02500000000000002, -0.1863303498779495, 0.02, -0.07999999999999999, 0.0, 0.0, 0.0, 1.0, 0.6690903795112921, 1.0, 0.0, 0.0, 0.0, 0.0, 0.0, 0.0, 0.0]",130430,62539,N6,dismiss,-0.3,ts,2685,1
"[0.0285714285714286, -0.0285714285714286, 0.0, -0.4375, -0.039999999999999994, 0.0, 0.0, 0.0, 1.0, 0.6617044856731337, 1.0, 0.0, 0.0, 0.0, 0.0, 0.0, 0.0, 0.0]",125786,189308,N3,dismiss,-0.3,ts,1911,0
"[0.11458333333333333, -0.11458333333333333, 0.0, -0.5561959654178674, -0.7909090909090909, 0.0, 0.0, 0.0, 1.0, 0.5727064609689967, 1.0, 0.0, 0.0, 0.0, 0.0, 0.0, 0.0, 0.0]",107659,142262,N3,dismiss,-0.3,ts,2724,0
"[0.1478260869565217, -0.1478260869565217, -0.7000000000000001, 0.0, 0.0285714285714286, 0.0, 0.0, 0.0, 1.0, 0.6455320222776031, 1.0, 0.0, 0.0, 0.0, 0.0, 0.0, 0.0, 0.0]",39517,105872,N3,dismiss,-0.3,ts,2407,1
"[0.32, -0.32, -0.3934782608695652, -0.2, 0.09999999999999995, 0.0, 0.0, 0.0, 1.0, 0.6759641556517004, 1.0, 0.0, 0.0, 0.0, 0.0, 0.0, 0.0, 0.0]",38212,88339,N3,dismiss,-0.3,ts,1475,1
"[0.25, -0.25, -0.46332737030411447, -0.10824742268041238, 0.19047619047619047, 0.0, 0.0, 0.0, 1.0, 0.6420465769124615, 1.0, 0.0, 0.0, 0.0, 0.0, 0.0, 0.0, 0.0]",16906,117045,N1,accept,0.475,ts,2162,1
"[0.2, -0.2, 0.10110110110110104, -0.6043478260869565, 0.05263157894736842, 0.0, 0.0, 0.0, 1.0, 0.6660152152276981, 1.0, 0.0, 0.0, 0.0, 0.0, 0.0, 0.0, 0.0]",191335,127600,N6,dismiss,-0.3,ts,2164,1
"[0.09090909090909098, -0.09090909090909098, -0.4600811907983762, -0.10182767624020887, -0.07692307692307693, 0.0, 0.0, 0.0, 1.0, 0.6145441364853682, 1.0, 0.0, 0.0, 0.0, 0.0, 0.0, 0.0, 0.0]",30022,174772,N1,accept,0.36363636363636365,ts,1690,1
"[0.5, -0.5, -0.5789473684210527, -0.12, 0.21999999999999997, 0.0, 0.0, 0.0, 1.0, 0.6862162498160189, 1.0, 0.0, 0.0, 0.0, 0.0, 0.0, 0.0, 0.0]",18611,58615,N6,dismiss,-0.3,ts,2123,1
"[0.15, -0.15, 0.0, 1.0, 0.2, 0.0, 0.0, 0.0, 1.0, 0.6096274051554273, 1.0, 0.0, 0.0, 0.0, 0.0, 0.0, 0.0, 0.0]",130670,151787,N3,dismiss,-0.3,ts,2624,1
"[0.18831168831168835, -0.18831168831168835, 0.20250120250120254, 0.1111111111111111, -0.07999999999999999, 0.0, 0.0, 0.0, 1.0, 0.7001240443089605, 1.0, 0.0, 0.0, 0.0, 0.0, 0.0, 0.0, 0.0]",128341,85224,N6,dismiss,-0.3,ts,1962,1
"[0.4545454545454546, -0.4545454545454546, -0.6264009962640099, -0.030726256983240222, 1.0, 0.0, 0.0, 0.0, 1.0, 0.5976483364610494, 1.0, 0.0, 0.0, 0.0, 0.0, 0.0, 0.0, 0.0]",93936,107659,N3,dismiss,-0.3,ts,1003,1
"[0.0555555555555556, -0.0555555555555556, -0.16666666666666666, 0.0, -0.10714285714285714, 0.0, 0.0, 0.0, 1.0, 0.6851591657739663, 1.0, 0.0, 0.0, 0.0, 0.0, 0.0, 0.0, 0.0]",111476,105724,N3,dismiss,-0.3,ts,521,0
"[0.2000000000000001, -0.2000000000000001, 0.16082064857710124, 0.0949367088607595, -0.05999999999999996, 0.0, 0.0, 0.0, 1.0, 0.7249174291137734, 1.0, 0.0, 0.0, 0.0, 0.0, 0.0, 0.0, 0.0]",147858,87098,N3,dismiss,-0.3,ts,2447,1
"[0.09999999999999998, -0.09999999999999998, 0.0027855153203343017, -0.020172910662824207, 0.13636363636363635, 0.0, 0.0, 0.0, 1.0, 0.7443737934329575, 1.0, 0.0, 0.0, 0.0, 0.0, 0.0, 0.0, 0.0]",82377,123852,N6,dismiss,-0.3,ts,2544,1
"[0.5599999999999999, -0.5599999999999999, 0.0013342228152101116, 0.014035087719298246, 0.03571428571428559, 0.0, 0.0, 0.0, 1.0, 0.9064267245263649, 1.0, 0.0, 0.0, 0.0, 0.0, 0.0, 0.0, 0.0]",104485,114138,N3,dismiss,-0.3,ts,2961,0
"[0.5555555555555556, -0.35, -0.41692307692307695, 0.0, 0.0, 0.0, 0.0, 0.0, 1.0, 0.7572625285445833, 1.0, 0.0, 0.0, 0.0, 0.0, 0.0, 0.0, 0.0]",63920,48992,N1,accept,0.6888888888888889,ts,1170,1
"[0.8417582417582418, -0.8417582417582418, -0.3337306317044101, -0.37962962962962965, -0.6476190476190476, 0.0, 0.0, 0.0, 1.0, 0.6768261027426546, 1.0, 0.0, 0.0, 0.0, 0.0, 0.0, 0.0, 0.0]",78130,54927,N3,dismiss,-0.3,ts,1042,1
"[0.1666666666666667, -0.1666666666666667, 0.1111111111111111, 1.0, 0.44000000000000006, 0.0, 0.0, 0.0, 1.0, 0.53769314130362, 1.0, 0.0, 0.0, 0.0, 0.0, 0.0, 0.0, 0.0]",81128,18598,N3,dismiss,-0.3,ts,2213,0
"[0.20000000000000007, -0.20000000000000007, 0.03275302449100028, -0.10954063604240283, 0.3333333333333333, 0.0, 0.0, 0.0, 1.0, 0.7076478622053513, 1.0, 0.0, 0.0, 0.0, 0.0, 0.0, 0.0, 0.0]",134112,115390,N3,accept,0.44000000000000006,ts,655,0
"[0.9271428571428572, -0.9271428571428572, 0.2222222222222222, 0.32, -0.039999999999999994, 0.0, 0.0, 0.0, 1.0, 0.8166293780580514, 1.0, 0.0, 0.0, 0.0, 0.0, 0.0, 0.0, 0.0]",18359,51575,N1,accept,0.9490000000000001,ts,2688,1
"[0.09090909090909098, -0.09090909090909098, 0.0, 0.008695652173913044, 0.15384615384615385, 0.0, 0.0, 0.0, 1.0, 0.7415662415822932, 1.0, 0.0, 0.0, 0.0, 0.0, 0.0, 0.0, 0.0]",43134,117105,N1,accept,0.36363636363636365,ts,1458,1
"[0.33333333333333337, -0.33333333333333337, -0.5833333333333334, 0.0, 0.0, 0.0, 0.0, 0.0, 1.0, 0.727809934097922, 1.0, 0.0, 0.0, 0.0, 0.0, 0.0, 0.0, 0.0]",112487,38636,N6,dismiss,-0.3,ts,1512,1
"[0.4444444444444445, -0.4444444444444445, 0.10401459854014582, -0.54, -0.6, 0.0, 0.0, 0.0, 1.0, 0.6542508615673612, 1.0, 0.0, 0.0, 0.0, 0.0, 0.0, 0.0, 0.0]",169353,132873,N3,dismiss,-0.3,ts,1927,0
"[0.2, -0.2, -0.425, -0.1678832116788321, -0.26666666666666666, 0.0, 0.0, 0.0, 1.0, 0.603526579115756, 1.0, 0.0, 0.0, 0.0, 0.0, 0.0, 0.0, 0.0]",115289,178949,N3,dismiss,-0.3,ts,1678,0
"[0.16666666666666663, -0.16666666666666663, -0.1497064579256361, -0.04, -0.039999999999999994, 0.0, 0.0, 0.0, 1.0, 0.7364152237187678, 1.0, 0.0, 0.0, 0.0, 0.0, 0.0, 0.0, 0.0]",122734,81996,N3,dismiss,-0.3,ts,2774,0
"[0.4444444444444444, -0.4444444444444444, -0.2748368382886149, 0.0, 0.0, 0.0, 0.0, 0.0, 1.0, 0.8111233590048853, 1.0, 0.0, 0.0, 0.0, 0.0, 0.0, 0.0, 0.0]",141749,93843,N6,dismiss,-0.3,ts,2967,1
"[0.1666666666666666, -0.1666666666666666, 0.0, 0.0, 0.0, 0.0, 0.0, 0.0, 1.0, 0.8112296656009272, 1.0, 0.0, 0.0, 0.0, 0.0, 0.0, 0.0, 0.0]",60788,60783,N3,accept,0.41666666666666663,ts,716,0
"[0.3, -0.3, -0.28, 0.0, 0.0, 0.0, 0.0, 0.0, 1.0, 0.769716564082265, 1.0, 0.0, 0.0, 0.0, 0.0, 0.0, 0.0, 0.0]",69485,50807,N1,accept,0.51,ts,2089,1
"[0.24999999999999992, -0.24999999999999992, -0.18808777429467086, -0.007194244604316547, -0.02439024390243908, 0.0, 0.0, 0.0, 1.0, 0.7676014166610969, 1.0, 0.0, 0.0, 0.0, 0.0, 0.0, 0.0, 0.0]",113424,125887,N3,dismiss,-0.3,ts,642,0
"[0.25000000000000006, -0.25000000000000006, 0.1111111111111111, 0.0, 0.0, 0.0, 0.0, 0.0, 1.0, 0.7997368301710582, 1.0, 0.0, 0.0, 0.0, 0.0, 0.0, 0.0, 0.0]",62598,18364,N3,dismiss,-0.3,ts,669,1
"[0.8571428571428572, -0.8571428571428572, 0.0, 0.059748427672955975, -0.33802816901408445, 0.0, 0.0, 0.0, 1.0, 0.8738978396594365, 1.0, 0.0, 0.0, 0.0, 0.0, 0.0, 0.0, 0.0]",87864,87402,N6,accept,0.8999999999999999,ts,1435,1
"[0.6666666666666667, -0.6666666666666667, 0.23277737490935468, 0.0, 0.0, 0.0, 0.0, 0.0, 1.0, 0.8659558877868416, 1.0, 0.0, 0.0, 0.0, 0.0, 0.0, 0.0, 0.0]",141751,56398,N3,dismiss,-0.3,ts,491,0
"[0.12, -0.12, -0.11333333333333329, -0.09042553191489362, -0.21428571428571427, 0.0, 0.0, 0.0, 1.0, 0.6768573158584676, 1.0, 0.0, 0.0, 0.0, 0.0, 0.0, 0.0, 0.0]",151841,107170,N3,accept,0.384,ts,2277,1
"[0.13333333333333344, -0.13333333333333344, -0.18181818181818182, -0.75, -0.44000000000000006, 0.0, 0.0, 0.0, 1.0, 0.5340595765105035, 1.0, 0.0, 0.0, 0.0, 0.0, 0.0, 0.0, 0.0]",18239,79461,N1,accept,0.3933333333333334,ts,1404,1
"[0.9357142857142856, -0.9357142857142856, 0.0, -0.42857142857142855, -0.8, 0.0, 0.0, 0.0, 1.0, 0.7654707007374344, 1.0, 0.0, 0.0, 0.0, 0.0, 0.0, 0.0, 0.0]",153856,70105,N1,accept,0.9549999999999998,ts,1564,1
"[0.3333333333333333, -0.3333333333333333, 0.021995112197289536, 1.0, -0.4782608695652174, 0.0, 0.0, 0.0, 1.0, 0.6258532004543405, 1.0, 0.0, 0.0, 0.0, 0.0, 0.0, 0.0, 0.0]",120796,128295,N1,accept,0.5333333333333333,ts,407,1
"[0.5599999999999999, -0.5599999999999999, 0.08671484157865494, 0.16666666666666666, -0.3181818181818182, 0.0, 0.0, 0.0, 1.0, 0.7764692173315576, 1.0, 0.0, 0.0, 0.0, 0.0, 0.0, 0.0, 0.0]",183166,88363,N3,dismiss,-0.3,ts,1836,1
"[0.20000000000000007, -0.20000000000000007, -0.148664013644116, -0.002785515320334262, -0.4166666666666667, 0.0, 0.0, 0.0, 1.0, 0.6857446159292632, 1.0, 0.0, 0.0, 0.0, 0.0, 0.0, 0.0, 0.0]",43361,135482,N3,dismiss,-0.3,ts,1003,1
"[0.4897959183673469, -0.4897959183673469, 0.0, -0.5080645161290323, 0.10344827586206896, 0.0, 0.0, 0.0, 1.0, 0.7827467434701915, 1.0, 0.0, 0.0, 0.0, 0.0, 0.0, 0.0, 0.0]",169065,104681,N6,dismiss,-0.3,ts,1486,1
"[0.16216216216216217, -0.16216216216216217, -0.16666666666666666, 0.08461538461538462, 0.020833333333333447, 0.0, 0.0, 0.0, 1.0, 0.7234709814458078, 1.0, 0.0, 0.0, 0.0, 0.0, 0.0, 0.0, 0.0]",91969,91957,N6,dismiss,-0.3,ts,2097,1
"[0.8, -0.8, 0.0, 1.0, 1.0, 0.0, 0.0, 0.0, 1.0, 0.6626816974221303, 1.0, 0.0, 0.0, 0.0, 0.0, 0.0, 0.0, 0.0]",51128,51605,N3,dismiss,-0.3,ts,2218,0
"[0.20000000000000004, -0.20000000000000004, -0.6972222222222223, -0.46153846153846156, -0.059999999999999984, 0.0, 0.0, 0.0, 1.0, 0.565054577528199, 1.0, 0.0, 0.0, 0.0, 0.0, 0.0, 0.0, 0.0]",51193,18528,N6,dismiss,-0.3,ts,481,1
"[0.3636363636363637, -0.3636363636363637, -0.37672651933701656, 0.023809523809523808, -0.03333333333333333, 0.0, 0.0, 0.0, 1.0, 0.7517746794580583, 1.0, 0.0, 0.0, 0.0, 0.0, 0.0, 0.0, 0.0]",135543,123439,N1,accept,0.5545454545454546,ts,1976,1
"[0.20000000000000007, -0.20000000000000007, -0.20398009950248752, -0.008547008547008548, -0.14285714285714285, 0.0, 0.0, 0.0, 1.0, 0.7160085048083703, 1.0, 0.0, 0.0, 0.0, 0.0, 0.0, 0.0, 0.0]",15531,31966,N3,dismiss,-0.3,ts,1134,1
"[0.5636363636363637, -0.5636363636363637, -0.3181818181818182, 0.10826210826210826, 0.7142857142857143, 0.0, 0.0, 0.0, 1.0, 0.684759117069591, 1.0, 0.0, 0.0, 0.0, 0.0, 0.0, 0.0, 0.0]",162723,107588,N6,accept,0.6945454545454546,ts,1770,1
"[0.5599999999999999, -0.5599999999999999, 0.0013342228152101116, 0.014035087719298246, 0.03571428571428559, 0.0, 0.0, 0.0, 1.0, 0.9064267245263649, 1.0, 0.0, 0.0, 0.0, 0.0, 0.0, 0.0, 0.0]",104485,114138,N6,dismiss,-0.3,ts,2431,1
"[0.5535714285714286, -0.5535714285714286, 0.07707129094412332, 0.0, 0.0, 0.0, 0.0, 0.0, 1.0, 0.891596891709044, 1.0, 0.0, 0.0, 0.0, 0.0, 0.0, 0.0, 0.0]",16734,16728,N1,accept,0.6875,ts,2175,1
"[0.5, -0.5, 0.10367892976588634, -0.45664739884393063, -0.08000000000000003, 0.0, 0.0, 0.0, 1.0, 0.7593345830725144, 1.0, 0.0, 0.0, 0.0, 0.0, 0.0, 0.0, 0.0]",132804,19599,N3,dismiss,-0.3,ts,2751,0
"[0.296, -0.296, -0.24181818181818182, -0.037037037037037035, -0.14285714285714285, 0.0, 0.0, 0.0, 1.0, 0.7295581363615017, 1.0, 0.0, 0.0, 0.0, 0.0, 0.0, 0.0, 0.0]",70001,108746,N1,accept,0.5072,ts,1230,1
"[0.25, -0.25, -0.5708154506437768, -0.008595988538681949, 1.0, 0.0, 0.0, 0.0, 1.0, 0.5525921765486778, 1.0, 0.0, 0.0, 0.0, 0.0, 0.0, 0.0, 0.0]",189369,117045,N3,dismiss,-0.3,ts,532,0
"[0.05882352941176463, -0.05882352941176463, 0.0, 0.0, 0.0, 0.0, 0.0, 0.0, 1.0, 0.7720017551625592, 1.0, 0.0, 0.0, 0.0, 0.0, 0.0, 0.0, 0.0]",56819,152518,N6,dismiss,-0.3,ts,2650,1
"[0.3647540983606557, -0.3647540983606557, 0.12447960033305587, 0.025714285714285714, 0.0, 0.0, 0.0, 0.0, 1.0, 0.8229948251690514, 1.0, 0.0, 0.0, 0.0, 0.0, 0.0, 0.0, 0.0]",64290,85287,N3,dismiss,-0.3,ts,1009,1
"[0.6632653061224489, -0.6632653061224489, 0.0, -0.07526881720430108, -0.06896551724137931, 0.0, 0.0, 0.0, 1.0, 0.8995713911303937, 1.0, 0.0, 0.0, 0.0, 0.0, 0.0, 0.0, 0.0]",169065,169335,N1,accept,0.7642857142857142,ts,883,1
"[0.5, -0.5, -0.3039800995024876, -0.04619565217391304, 1.0, 0.0, 0.0, 0.0, 1.0, 0.6547416467001571, 1.0, 0.0, 0.0, 0.0, 0.0, 0.0, 0.0, 0.0]",174790,88671,N1,accept,0.6499999999999999,ts,1961,1
"[0.5, -0.5, -0.14827758362456328, -0.5066666666666667, -0.9294117647058824, 0.0, 0.0, 0.0, 1.0, 0.6352915843236493, 1.0, 0.0, 0.0, 0.0, 0.0, 0.0, 0.0, 0.0]",107861,147129,N6,accept,0.6499999999999999,ts,2202,1
"[0.1428571428571428, -0.1428571428571428, 0.2, -0.3, -0.22000000000000003, 0.0, 0.0, 0.0, 1.0, 0.6157574613939959, 1.0, 0.0, 0.0, 0.0, 0.0, 0.0, 0.0, 0.0]",29449,41286,N6,dismiss,-0.3,ts,1650,1
"[0.25000000000000006, -0.25000000000000006, 0.13333333333333333, 0.0, 0.0, 0.0, 0.0, 0.0, 1.0, 0.7927750172606263, 1.0, 0.0, 0.0, 0.0, 0.0, 0.0, 0.0, 0.0]",18330,40189,N3,accept,0.475,ts,1821,1
"[0.25, -0.25, 0.0, -0.005747126436781609, -0.16666666666666666, 0.0, 0.0, 0.0, 1.0, 0.7953547792253595, 1.0, 0.0, 0.0, 0.0, 0.0, 0.0, 0.0, 0.0]",117105,117045,N3,dismiss,-0.3,ts,2877,1
"[0.13333333333333344, -0.13333333333333344, -0.18181818181818182, -0.75, -0.44000000000000006, 0.0, 0.0, 0.0, 1.0, 0.5340595765105035, 1.0, 0.0, 0.0, 0.0, 0.0, 0.0, 0.0, 0.0]",18239,79461,N3,dismiss,-0.3,ts,2676,0
"[0.20000000000000007, -0.20000000000000007, 0.19142857142857142, -0.04788732394366197, 0.09090909090909091, 0.0, 0.0, 0.0, 1.0, 0.7205734669549364, 1.0, 0.0, 0.0, 0.0, 0.0, 0.0, 0.0, 0.0]",123005,108746,N6,dismiss,-0.3,ts,1331,1
"[0.3647540983606557, -0.3647540983606557, -0.4840724547158027, -0.0028169014084507044, -0.25555555555555554, 0.0, 0.0, 0.0, 1.0, 0.6896807449990834, 1.0, 0.0, 0.0, 0.0, 0.0, 0.0, 0.0, 0.0]",41679,43382,N3,dismiss,-0.3,ts,2398,1
"[0.13333333333333328, -0.13333333333333328, -0.3068085106382979, -0.08196721311475409, -0.07999999999999999, 0.0, 0.0, 0.0, 1.0, 0.6627628717242904, 1.0, 0.0, 0.0, 0.0, 0.0, 0.0, 0.0, 0.0]",83437,143094,N3,accept,0.39333333333333326,ts,2784,1
"[0.15999999999999998, -0.15999999999999998, -0.07235621521335804, 0.7087378640776699, 0.3529411764705884, 0.0, 0.0, 0.0, 1.0, 0.5923278131666835, 1.0, 0.0, 0.0, 0.0, 0.0, 0.0, 0.0, 0.0]",117087,15171,N3,dismiss,-0.3,ts,1888,1
"[0.39999999999999997, -0.39999999999999997, -0.4021650879566983, 0.11926605504587157, 0.0, 0.0, 0.0, 0.0, 1.0, 0.7419073999856097, 1.0, 0.0, 0.0, 0.0, 0.0, 0.0, 0.0, 0.0]",115244,81541,N6,accept,0.58,ts,2972,1
"[0.30188679245283023, -0.30188679245283023, 0.0, -0.17981072555205047, 0.09090909090909079, 0.0, 0.0, 0.0, 1.0, 0.7858096705793217, 1.0, 0.0, 0.0, 0.0, 0.0, 0.0, 0.0, 0.0]",91966,91969,N6,dismiss,-0.3,ts,1185,1
"[0.025000000000000022, -0.025000000000000022, -0.3333333333333333, 0.06, -0.08000000000000003, 0.0, 0.0, 0.0, 1.0, 0.6229136655982912, 1.0, 0.0, 0.0, 0.0, 0.0, 0.0, 0.0, 0.0]",30621,135298,N3,dismiss,-0.3,ts,2716,1
"[0.24999999999999997, -0.24999999999999997, 0.11420612813370477, -0.15950920245398773, 0.0, 0.0, 0.0, 0.0, 1.0, 0.7577778993431036, 1.0, 0.0, 0.0, 0.0, 0.0, 0.0, 0.0, 0.0]",155669,115289,N3,dismiss,-0.3,ts,1945,0
"[0.18367346938775517, -0.18367346938775517, -0.10618519842688591, -0.0030864197530864196, -0.1, 0.0, 0.0, 0.0, 1.0, 0.7508057125173901, 1.0, 0.0, 0.0, 0.0, 0.0, 0.0, 0.0, 0.0]",135547,174942,N6,dismiss,-0.3,ts,1728,1
"[0.20000000000000007, -0.20000000000000007, -0.20398009950248752, -0.04178272980501393, -0.11538461538461539, 0.0, 0.0, 0.0, 1.0, 0.7128922519591585, 1.0, 0.0, 0.0, 0.0, 0.0, 0.0, 0.0, 0.0]",43372,31972,N3,dismiss,-0.3,ts,1997,1
"[0.4583333333333333, -0.4583333333333333, -0.1433260393873086, 0.22, 0.24000000000000005, 0.0, 0.0, 0.0, 1.0, 0.7386709394486253, 1.0, 0.0, 0.0, 0.0, 0.0, 0.0, 0.0, 0.0]",151789,123325,N3,dismiss,-0.3,ts,2807,0
"[0.5599999999999999, -0.5599999999999999, 0.0013342228152101116, 0.014035087719298246, 0.03571428571428559, 0.0, 0.0, 0.0, 1.0, 0.9064267245263649, 1.0, 0.0, 0.0, 0.0, 0.0, 0.0, 0.0, 0.0]",104485,114138,N6,dismiss,-0.3,ts,2194,1
"[0.25, -0.25, 0.09090909090909091, 0.06944444444444445, -0.005555555555555635, 0.0, 0.0, 0.0, 1.0, 0.7852312004718296, 1.0, 0.0, 0.0, 0.0, 0.0, 0.0, 0.0, 0.0]",164892,165914,N3,dismiss,-0.3,ts,2812,0
"[0.4897959183673469, -0.4897959183673469, 0.0, -0.5080645161290323, 0.10344827586206896, 0.0, 0.0, 0.0, 1.0, 0.7827467434701915, 1.0, 0.0, 0.0, 0.0, 0.0, 0.0, 0.0, 0.0]",169065,104681,N1,accept,0.6428571428571428,ts,2480,1
"[0.20000000000000007, -0.20000000000000007, 0.04249999999999998, -0.05056179775280899, 1.0, 0.0, 0.0, 0.0, 1.0, 0.6624041001381072, 1.0, 0.0, 0.0, 0.0, 0.0, 0.0, 0.0, 0.0]",109094,108746,N3,dismiss,-0.3,ts,2410,1
"[0.20000000000000004, -0.20000000000000004, 0.13355592654424053, -0.007194244604316547, 0.02500000000000006, 0.0, 0.0, 0.0, 1.0, 0.7664872330211412, 1.0, 0.0, 0.0, 0.0, 0.0, 0.0, 0.0, 0.0]",53365,108507,N3,dismiss,-0.3,ts,892,0
"[0.2, -0.07, -0.29684601113172543, 0.0, 0.0, 0.0, 0.0, 0.0, 1.0, 0.6866108486748183, 1.0, 0.0, 0.0, 0.0, 0.0, 0.0, 0.0, 0.0]",63919,48992,N1,accept,0.43999999999999995,ts,816,1
"[0.5636363636363637, -0.5636363636363637, -0.5024875621890547, 0.07458563535911603, 1.0, 0.0, 0.0, 0.0, 1.0, 0.6387074464458108, 1.0, 0.0, 0.0, 0.0, 0.0, 0.0, 0.0, 0.0]",174793,107588,N6,accept,0.6945454545454546,ts,1210,1
"[0.06666666666666665, -0.06666666666666665, 0.07421150278293136, -0.20212765957446807, -0.08333333333333333, 0.0, 0.0, 0.0, 1.0, 0.6744235852804141, 1.0, 0.0, 0.0, 0.0, 0.0, 0.0, 0.0, 0.0]",63878,16725,N6,accept,0.3466666666666666,ts,2918,1
"[0.396078431372549, -0.396078431372549, -0.06984866123399301, -0.2669039145907473, 0.9285714285714286, 0.0, 0.0, 0.0, 1.0, 0.6685098272503658, 1.0, 0.0, 0.0, 0.0, 0.0, 0.0, 0.0, 0.0]",21089,138627,N3,accept,0.5772549019607842,ts,1435,1
"[0.0714285714285715, -0.0714285714285715, -0.16666666666666666, 0.0, 0.0, 0.0, 0.0, 0.0, 1.0, 0.7199899485145843, 1.0, 0.0, 0.0, 0.0, 0.0, 0.0, 0.0, 0.0]",50807,131606,N6,dismiss,-0.3,ts,1533,1
"[0.2307692307692307, -0.2307692307692307, -0.2222222222222222, 1.0, 0.44000000000000006, 0.0, 0.0, 0.0, 1.0, 0.5277921166190855, 1.0, 0.0, 0.0, 0.0, 0.0, 0.0, 0.0, 0.0]",79461,39150,N6,accept,0.46153846153846145,ts,1681,1
"[0.1666666666666667, -0.1666666666666667, 0.0, 0.3, 0.22000000000000003, 0.0, 0.0, 0.0, 1.0, 0.6901568741775026, 1.0, 0.0, 0.0, 0.0, 0.0, 0.0, 0.0, 0.0]",41286,61090,N3,dismiss,-0.3,ts,940,0
"[0.3333333333333333, -0.3333333333333333, 0.0, -0.5620253164556962, -0.2, 0.0, 0.0, 0.0, 1.0, 0.7148214204318524, 1.0, 0.0, 0.0, 0.0, 0.0, 0.0, 0.0, 0.0]",121907,158410,N3,dismiss,-0.3,ts,2501,1
"[0.09999999999999994, -0.09999999999999994, -0.2588235294117647, -0.9619047619047619, -0.9324324324324325, 0.0, 0.0, 0.0, 1.0, 0.4515504715453314, 1.0, 0.0, 0.0, 0.0, 0.0, 0.0, 0.0, 0.0]",91071,16648,N6,dismiss,-0.3,ts,869,1
"[0.2380952380952381, -0.2380952380952381, -0.10071428571428567, -0.22448979591836735, 0.05555555555555555, 0.0, 0.0, 0.0, 1.0, 0.7291538875149957, 1.0, 0.0, 0.0, 0.0, 0.0, 0.0, 0.0, 0.0]",166142,144703,N6,dismiss,-0.3,ts,1268,1
"[0.6029411764705882, -0.6029411764705882, 0.0, -0.1, -0.19999999999999996, 0.0, 0.0, 0.0, 1.0, 0.8529674333837347, 1.0, 0.0, 0.0, 0.0, 0.0, 0.0, 0.0, 0.0]",18330,70937,N3,dismiss,-0.3,ts,1804,1
"[0.535483870967742, -0.535483870967742, -0.011911852293031567, 0.0036231884057971015, 0.0, 0.0, 0.0, 0.0, 1.0, 0.9106676184244814, 1.0, 0.0, 0.0, 0.0, 0.0, 0.0, 0.0, 0.0]",64515,16646,N3,dismiss,-0.3,ts,409,0
"[0.09999999999999994, -0.09999999999999994, -0.2309859154929577, -0.9770114942528736, -0.9038461538461539, 0.0, 0.0, 0.0, 1.0, 0.45908953947061526, 1.0, 0.0, 0.0, 0.0, 0.0, 0.0, 0.0, 0.0]",91073,16649,N6,accept,0.36999999999999994,ts,1416,1
"[0.19709090909090918, -0.19709090909090918, -0.07324621733149929, 0.0, 0.0, 0.0, 0.0, 0.0, 1.0, 0.7945750109053056, 1.0, 0.0, 0.0, 0.0, 0.0, 0.0, 0.0, 0.0]",85069,63876,N3,dismiss,-0.3,ts,1117,0
"[0.8835294117647059, -0.8835294117647059, -0.4275312855517634, 0.84, -0.29411764705882354, 0.0, 0.0, 0.0, 1.0, 0.6633269870608479, 1.0, 0.0, 0.0, 0.0, 0.0, 0.0, 0.0, 0.0]",169345,108025,N3,dismiss,-0.3,ts,519,1
"[0.5, -0.5, 0.18808777429467086, 0.5045871559633027, -0.24000000000000005, 0.0, 0.0, 0.0, 1.0, 0.6935790844320542, 1.0, 0.0, 0.0, 0.0, 0.0, 0.0, 0.0, 0.0]",182863,110035,N3,dismiss,-0.3,ts,453,0
"[0.19999999999999993, -0.19999999999999993, 0.07526881720430113, 0.4137055837563452, 1.0, 0.0, 0.0, 0.0, 1.0, 0.580754457616193, 1.0, 0.0, 0.0, 0.0, 0.0, 0.0, 0.0, 0.0]",92081,29970,N3,dismiss,-0.3,ts,723,1
"[0.3333333333333333, -0.3333333333333333, -0.48406676783004554, -0.44761904761904764, -0.6129032258064516, 0.0, 0.0, 0.0, 1.0, 0.546792220645576, 1.0, 0.0, 0.0, 0.0, 0.0, 0.0, 0.0, 0.0]",170138,175100,N3,accept,0.5333333333333333,ts,1704,0
"[0.7200000000000001, -0.7200000000000001, 0.06944957517547096, 0.0, 0.0, 0.0, 0.0, 0.0, 1.0, 0.922362933285888, 1.0, 0.0, 0.0, 0.0, 0.0, 0.0, 0.0, 0.0]",82038,16725,N3,dismiss,-0.3,ts,919,1
"[0.55, -0.55, 0.0, 0.006872852233676976, 0.0, 0.0, 0.0, 0.0, 1.0, 0.9173977756641208, 1.0, 0.0, 0.0, 0.0, 0.0, 0.0, 0.0, 0.0]",106148,106147,N1,accept,0.685,ts,2670,1
"[0.5625, -0.5625, -0.08836524300441836, -0.014492753623188406, 0.0, 0.0, 0.0, 0.0, 1.0, 0.8852632544027691, 1.0, 0.0, 0.0, 0.0, 0.0, 0.0, 0.0, 0.0]",108507,39280,N1,accept,0.69375,ts,892,1
"[0.10000000000000009, -0.10000000000000009, -0.2588235294117647, -0.975, -0.52, 0.0, 0.0, 0.0, 1.0, 0.48076478481180795, 1.0, 0.0, 0.0, 0.0, 0.0, 0.0, 0.0, 0.0]",91074,16650,N3,accept,0.37000000000000005,ts,1413,0
"[0.25, -0.25, -0.16722222222222222, 0.98, 0.0, 0.0, 0.0, 0.0, 1.0, 0.6538652340883851, 1.0, 0.0, 0.0, 0.0, 0.0, 0.0, 0.0, 0.0]",81128,155616,N3,dismiss,-0.3,ts,2637,1
"[0.5636363636363637, -0.5636363636363637, 0.12999999999999995, 1.0, 1.0, 0.0, 0.0, 0.0, 1.0, 0.5887271993139739, 1.0, 0.0, 0.0, 0.0, 0.0, 0.0, 0.0, 0.0]",142264,108828,N3,accept,0.6945454545454546,ts,1180,1
"[0.24242424242424238, -0.24242424242424238, 0.13120567375886522, -0.42483660130718953, 0.10000000000000002, 0.0, 0.0, 0.0, 1.0, 0.6778849714953497, 1.0, 0.0, 0.0, 0.0, 0.0, 0.0, 0.0, 0.0]",120700,19600,N3,accept,0.4696969696969696,ts,2621,0
"[0.45, -0.45, 0.0003029385034839478, 0.5421245421245421, 0.21739130434782608, 0.0, 0.0, 0.0, 1.0, 0.7447778267558439, 1.0, 0.0, 0.0, 0.0, 0.0, 0.0, 0.0, 0.0]",120787,61314,N1,accept,0.615,ts,2703,1
"[0.3571428571428572, -0.3571428571428572, -0.26666666666666666, -0.6, -0.6363636363636364, 0.0, 0.0, 0.0, 1.0, 0.5769526376464258, 1.0, 0.0, 0.0, 0.0, 0.0, 0.0, 0.0, 0.0]",41373,50956,N3,dismiss,-0.3,ts,1632,0
"[0.24999999999999997, -0.24999999999999997, -0.07773386034255607, 1.0, 0.22727272727272727, 0.0, 0.0, 0.0, 1.0, 0.6172933326580574, 1.0, 0.0, 0.0, 0.0, 0.0, 0.0, 0.0, 0.0]",85794,169335,N3,dismiss,-0.3,ts,1454,1
"[0.18831168831168835, -0.18831168831168835, 0.0, 0.15942028985507245, 0.18, 0.0, 0.0, 0.0, 1.0, 0.732496988669393, 1.0, 0.0, 0.0, 0.0, 0.0, 0.0, 0.0, 0.0]",151793,85224,N3,dismiss,-0.3,ts,2663,0
"[0.18749999999999997, -0.18749999999999997, 0.1864406779661017, 0.7322834645669292, -0.1, 0.0, 0.0, 0.0, 1.0, 0.6137511118933905, 1.0, 0.0, 0.0, 0.0, 0.0, 0.0, 0.0, 0.0]",92706,114738,N3,dismiss,-0.3,ts,1819,1
"[0.20000000000000007, -0.20000000000000007, 0.12000000000000006, -0.03932584269662921, 0.8333333333333334, 0.0, 0.0, 0.0, 1.0, 0.6471393413180682, 1.0, 0.0, 0.0, 0.0, 0.0, 0.0, 0.0, 0.0]",107747,107170,N3,dismiss,-0.3,ts,2420,1
"[0.14, -0.14, -0.31562500000000004, 0.030303030303030304, 0.0, 0.0, 0.0, 0.0, 1.0, 0.6993060113850216, 1.0, 0.0, 0.0, 0.0, 0.0, 0.0, 0.0, 0.0]",106755,69993,N3,accept,0.398,ts,1181,0
"[0.3636363636363637, -0.3636363636363637, 0.146788990825688, 0.0110803324099723, 0.36363636363636365, 0.0, 0.0, 0.0, 1.0, 0.7425908749935993, 1.0, 0.0, 0.0, 0.0, 0.0, 0.0, 0.0, 0.0]",93938,123174,N3,dismiss,-0.3,ts,1101,0
"[0.07692307692307698, -0.07692307692307698, -0.11348205625606206, -0.04, -0.12000000000000002, 0.0, 0.0, 0.0, 1.0, 0.6945703240312802, 1.0, 0.0, 0.0, 0.0, 0.0, 0.0, 0.0, 0.0]",145085,151789,N3,dismiss,-0.3,ts,1365,1
"[0.05737704918032792, -0.05737704918032792, -0.4473409801876955, 0.011527377521613832, -0.19540229885057464, 0.0, 0.0, 0.0, 1.0, 0.6012691354747454, 1.0, 0.0, 0.0, 0.0, 0.0, 0.0, 0.0, 0.0]",54573,39517,N3,accept,0.34016393442622955,ts,2385,1
"[0.27999999999999997, -0.27999999999999997, -0.07452093683463454, 1.0, -0.78, 0.0, 0.0, 0.0, 1.0, 0.5645640780394282, 1.0, 0.0, 0.0, 0.0, 0.0, 0.0, 0.0, 0.0]",154734,128279,N3,dismiss,-0.3,ts,2527,0
"[0.16666666666666663, -0.16666666666666663, 0.14139110604332955, 0.0, -0.020000000000000018, 0.0, 0.0, 0.0, 1.0, 0.7560848641204935, 1.0, 0.0, 0.0, 0.0, 0.0, 0.0, 0.0, 0.0]",87098,87100,N6,dismiss,-0.3,ts,1570,1
"[0.33333333333333326, -0.33333333333333326, -0.6798550724637681, 0.17475728155339806, 0.0, 0.0, 0.0, 0.0, 1.0, 0.672630863901695, 1.0, 0.0, 0.0, 0.0, 0.0, 0.0, 0.0, 0.0]",54732,110166,N3,dismiss,-0.3,ts,970,1
"[0.32919254658385094, -0.32919254658385094, 0.0, -0.17801047120418848, -0.2631578947368421, 0.0, 0.0, 0.0, 1.0, 0.757989917414392, 1.0, 0.0, 0.0, 0.0, 0.0, 0.0, 0.0, 0.0]",103705,145523,N3,dismiss,-0.3,ts,1763,0
"[0.5982142857142858, -0.5982142857142858, 0.0, -0.9433333333333334, -0.890909090909091, 0.0, 0.0, 0.0, 1.0, 0.6767339857161061, 1.0, 0.0, 0.0, 0.0, 0.0, 0.0, 0.0, 0.0]",51061,63753,N3,dismiss,-0.3,ts,1482,1
"[0.09999999999999996, -0.09999999999999996, 0.0, -0.1005586592178771, 0.0, 0.0, 0.0, 0.0, 1.0, 0.7598937305521247, 1.0, 0.0, 0.0, 0.0, 0.0, 0.0, 0.0, 0.0]",127521,108202,N3,dismiss,-0.3,ts,654,0
"[0.4509803921568627, -0.4509803921568627, 0.0, 1.0, 1.0, 0.0, 0.0, 0.0, 1.0, 0.6002828069856174, 1.0, 0.0, 0.0, 0.0, 0.0, 0.0, 0.0, 0.0]",50997,41373,N3,dismiss,-0.3,ts,2081,0
"[0.1666666666666667, -0.1666666666666667, 0.0, 0.3, 0.22000000000000003, 0.0, 0.0, 0.0, 1.0, 0.6901568741775026, 1.0, 0.0, 0.0, 0.0, 0.0, 0.0, 0.0, 0.0]",29439,61090,N3,dismiss,-0.3,ts,985,0
"[0.0555555555555556, -0.0555555555555556, -0.05649999999999995, -0.32608695652173914, -0.15999999999999998, 0.0, 0.0, 0.0, 1.0, 0.6364745482894184, 1.0, 0.0, 0.0, 0.0, 0.0, 0.0, 0.0, 0.0]",155815,79359,N3,dismiss,-0.3,ts,1601,0
"[0.4583333333333333, -0.4583333333333333, -0.1433260393873086, 0.22, 0.24000000000000005, 0.0, 0.0, 0.0, 1.0, 0.7386709394486253, 1.0, 0.0, 0.0, 0.0, 0.0, 0.0, 0.0, 0.0]",151789,123325,N3,dismiss,-0.3,ts,1560,0
"[0.8482142857142858, -0.8482142857142858, -0.42857142857142855, 0.0, 0.0, 0.0, 0.0, 0.0, 1.0, 0.8484809649435068, 1.0, 0.0, 0.0, 0.0, 0.0, 0.0, 0.0, 0.0]",164512,75387,N3,accept,0.89375,ts,2096,1
"[0.1666666666666667, -0.1666666666666667, 0.2, 0.0, 0.0, 0.0, 0.0, 0.0, 1.0, 0.7452936748080553, 1.0, 0.0, 0.0, 0.0, 0.0, 0.0, 0.0, 0.0]",18364,61090,N3,accept,0.4166666666666667,ts,700,0
"[0.6848739495798319, -0.6848739495798319, 0.10025062656641605, 1.0, -0.15789473684210525, 0.0, 0.0, 0.0, 1.0, 0.7275040964100153, 1.0, 0.0, 0.0, 0.0, 0.0, 0.0, 0.0, 0.0]",185563,128254,N3,dismiss,-0.3,ts,1247,0
"[0.1886792452830189, -0.1886792452830189, -0.16666666666666666, -0.07570977917981073, 0.04444444444444448, 0.0, 0.0, 0.0, 1.0, 0.7283955999366982, 1.0, 0.0, 0.0, 0.0, 0.0, 0.0, 0.0, 0.0]",91968,33338,N3,dismiss,-0.3,ts,1696,1
"[0.5, -0.5, -0.10344827586206896, 0.0, 0.0, 0.0, 0.0, 0.0, 1.0, 0.8714079900606294, 1.0, 0.0, 0.0, 0.0, 0.0, 0.0, 0.0, 0.0]",70828,129946,N3,accept,0.6499999999999999,ts,2328,0
"[0.8482142857142858, -0.8482142857142858, -0.16666666666666666, -0.9, -0.8363636363636363, 0.0, 0.0, 0.0, 1.0, 0.6598676457571655, 1.0, 0.0, 0.0, 0.0, 0.0, 0.0, 0.0, 0.0]",18218,77920,N3,dismiss,-0.3,ts,1914,1
"[0.7428571428571429, -0.7428571428571429, 0.125, -0.26, -0.12000000000000002, 0.0, 0.0, 0.0, 1.0, 0.8143254453991665, 1.0, 0.0, 0.0, 0.0, 0.0, 0.0, 0.0, 0.0]",18355,63753,N6,accept,0.8200000000000001,ts,2009,1
"[0.31034482758620696, -0.31034482758620696, -0.7581317764804003, -0.9132947976878613, -0.8941176470588235, 0.0, 0.0, 0.0, 1.0, 0.45178117677251567, 1.0, 0.0, 0.0, 0.0, 0.0, 0.0, 0.0, 0.0]",64502,70828,N6,dismiss,-0.3,ts,442,1
"[0.4545454545454546, -0.4545454545454546, -0.375, -0.0028735632183908046, 0.8333333333333334, 0.0, 0.0, 0.0, 1.0, 0.6701200877280795, 1.0, 0.0, 0.0, 0.0, 0.0, 0.0, 0.0, 0.0]",32065,107659,N3,dismiss,-0.3,ts,897,1
"[0.12500000000000006, -0.12500000000000006, 0.0, -0.2896825396825397, -0.08695652173913043, 0.0, 0.0, 0.0, 1.0, 0.7064268910671658, 1.0, 0.0, 0.0, 0.0, 0.0, 0.0, 0.0, 0.0]",110120,128281,N3,dismiss,-0.3,ts,2444,0
"[0.05882352941176463, -0.05882352941176463, 0.0703125, -0.058823529411764705, 0.1, 0.0, 0.0, 0.0, 1.0, 0.7019258441872414, 1.0, 0.0, 0.0, 0.0, 0.0, 0.0, 0.0, 0.0]",56819,141833,N3,dismiss,-0.3,ts,466,1
"[0.5885714285714285, -0.5885714285714285, -0.5706311721769, 0.0, 0.0, 0.0, 0.0, 0.0, 1.0, 0.79084505626529, 1.0, 0.0, 0.0, 0.0, 0.0, 0.0, 0.0, 0.0]",141777,174745,N3,dismiss,-0.3,ts,1732,1
"[0.1111111111111112, -0.1111111111111112, -0.09008189262966337, 0.15579710144927536, 0.4, 0.0, 0.0, 0.0, 1.0, 0.6355529250549651, 1.0, 0.0, 0.0, 0.0, 0.0, 0.0, 0.0, 0.0]",64516,63925,N3,dismiss,-0.3,ts,758,0
"[0.11458333333333333, -0.11458333333333333, 0.0, -0.5587392550143266, -0.77, 0.0, 0.0, 0.0, 1.0, 0.5737732739088267, 1.0, 0.0, 0.0, 0.0, 0.0, 0.0, 0.0, 0.0]",107563,142262,N3,dismiss,-0.3,ts,406,0
"[0.20000000000000007, -0.20000000000000007, -0.2747826086956522, -0.03428571428571429, 0.0, 0.0, 0.0, 0.0, 1.0, 0.7283273100886375, 1.0, 0.0, 0.0, 0.0, 0.0, 0.0, 0.0, 0.0]",108745,108746,N3,dismiss,-0.3,ts,1139,1
"[0.25000000000000006, -0.25000000000000006, 0.0, 0.08, -0.059999999999999984, 0.0, 0.0, 0.0, 1.0, 0.8004489834402018, 1.0, 0.0, 0.0, 0.0, 0.0, 0.0, 0.0, 0.0]",85228,110598,N3,dismiss,-0.3,ts,2380,0
"[0.3636363636363637, -0.3636363636363637, -0.0003316749585405642, -0.022284122562674095, 0.07692307692307693, 0.0, 0.0, 0.0, 1.0, 0.8462159463604556, 1.0, 0.0, 0.0, 0.0, 0.0, 0.0, 0.0, 0.0]",43372,74278,N6,dismiss,-0.3,ts,1918,1
"[0.6333333333333333, -0.6333333333333333, 0.0, -0.4421052631578947, -0.24, 0.0, 0.0, 0.0, 1.0, 0.7897192909255802, 1.0, 0.0, 0.0, 0.0, 0.0, 0.0, 0.0, 0.0]",122720,122719,N3,dismiss,-0.3,ts,1579,1
"[0.33333333333333337, -0.33333333333333337, -0.03710575139146568, 0.05263157894736842, 0.20879120879120883, 0.0, 0.0, 0.0, 1.0, 0.7850330737942559, 1.0, 0.0, 0.0, 0.0, 0.0, 0.0, 0.0, 0.0]",63943,49082,N3,accept,0.5333333333333333,ts,597,0
"[0.9357142857142856, -0.9357142857142856, 0.1, -0.42857142857142855, -0.8, 0.0, 0.0, 0.0, 1.0, 0.7292168513530308, 1.0, 0.0, 0.0, 0.0, 0.0, 0.0, 0.0, 0.0]",153856,18239,N3,dismiss,-0.3,ts,2793,0
"[0.047619047619047505, -0.047619047619047505, -0.4842105263157895, -0.02, 0.039999999999999994, 0.0, 0.0, 0.0, 1.0, 0.6263491158595921, 1.0, 0.0, 0.0, 0.0, 0.0, 0.0, 0.0, 0.0]",111106,114070,N3,dismiss,-0.3,ts,777,1
"[0.3636363636363637, -0.3636363636363637, -0.39266487213997303, -0.09711286089238845, 0.9333333333333333, 0.0, 0.0, 0.0, 1.0, 0.6121868409312041, 1.0, 0.0, 0.0, 0.0, 0.0, 0.0, 0.0, 0.0]",106733,123439,N6,dismiss,-0.3,ts,783,1
"[0.018181818181818195, -0.018181818181818195, -0.20784224841341783, 0.0, 0.0, 0.0, 0.0, 0.0, 1.0, 0.6887941787705715, 1.0, 0.0, 0.0, 0.0, 0.0, 0.0, 0.0, 0.0]",16660,147468,N3,dismiss,-0.3,ts,1592,0
"[0.15, -0.15, 0.0, 1.0, 0.22000000000000003, 0.0, 0.0, 0.0, 1.0, 0.606119320395968, 1.0, 0.0, 0.0, 0.0, 0.0, 0.0, 0.0, 0.0]",74187,151787,N3,dismiss,-0.3,ts,2020,1
"[0.6000000000000001, -0.6000000000000001, 0.1111111111111111, 0.0, 0.0, 0.0, 0.0, 0.0, 1.0, 0.8892219481331178, 1.0, 0.0, 0.0, 0.0, 0.0, 0.0, 0.0, 0.0]",38176,112477,N3,dismiss,-0.3,ts,1692,0
"[0.15, -0.15, -0.1982300884955752, -0.03651685393258427, -0.3909090909090909, 0.0, 0.0, 0.0, 1.0, 0.6479304497866336, 1.0, 0.0, 0.0, 0.0, 0.0, 0.0, 0.0, 0.0]",87724,185707,N3,dismiss,-0.3,ts,2851,1
"[0.7954545454545455, -0.7954545454545455, -0.13299232736572897, 0.08571428571428572, 1.0, 0.0, 0.0, 0.0, 1.0, 0.7399544151029783, 1.0, 0.0, 0.0, 0.0, 0.0, 0.0, 0.0, 0.0]",88363,89765,N3,accept,0.8568181818181819,ts,828,1
"[0.4444444444444445, -0.4444444444444445, 0.17096774193548378, -0.18, -0.58, 0.0, 0.0, 0.0, 1.0, 0.6894489194008218, 1.0, 0.0, 0.0, 0.0, 0.0, 0.0, 0.0, 0.0]",81420,132873,N3,dismiss,-0.3,ts,505,0
"[0.14, -0.14, -0.3363636363636364, 0.0, 0.0, 0.0, 0.0, 0.0, 1.0, 0.7038046069838829, 1.0, 0.0, 0.0, 0.0, 0.0, 0.0, 0.0, 0.0]",72620,69993,N3,dismiss,-0.3,ts,2316,0
"[0.14, -0.14, -0.323238566131026, 0.0, 0.0, 0.0, 0.0, 0.0, 1.0, 0.7065192485809642, 1.0, 0.0, 0.0, 0.0, 0.0, 0.0, 0.0, 0.0]",74215,69993,N6,dismiss,-0.3,ts,1285,1
"[0.5833333333333334, -0.5833333333333334, 0.07707129094412332, 0.0, 0.0, 0.0, 0.0, 0.0, 1.0, 0.897406360636464, 1.0, 0.0, 0.0, 0.0, 0.0, 0.0, 0.0, 0.0]",16722,16728,N3,dismiss,-0.3,ts,1136,1
"[0.25, -0.25, 0.15830115830115837, 0.02976190476190476, 0.13636363636363635, 0.0, 0.0, 0.0, 1.0, 0.7408404640993043, 1.0, 0.0, 0.0, 0.0, 0.0, 0.0, 0.0, 0.0]",106979,117045,N3,accept,0.475,ts,1569,0
"[0.16666666666666666, -0.16666666666666666, 0.13306085376930063, -0.06837606837606838, -0.6764705882352942, 0.0, 0.0, 0.0, 1.0, 0.6340986297173276, 1.0, 0.0, 0.0, 0.0, 0.0, 0.0, 0.0, 0.0]",146728,185374,N3,dismiss,-0.3,ts,2600,0
"[0.20000000000000007, -0.20000000000000007, -0.20380601596071202, -0.10160427807486631, 0.875, 0.0, 0.0, 0.0, 1.0, 0.60435783142046, 1.0, 0.0, 0.0, 0.0, 0.0, 0.0, 0.0, 0.0]",162740,107458,N3,dismiss,-0.3,ts,721,1
"[0.18749999999999997, -0.18749999999999997, 0.2002503128911139, -0.20588235294117646, 0.13333333333333333, 0.0, 0.0, 0.0, 1.0, 0.6667735784087996, 1.0, 0.0, 0.0, 0.0, 0.0, 0.0, 0.0, 0.0]",139806,115242,N3,dismiss,-0.3,ts,2056,0
"[0.7058823529411765, -0.7058823529411765, 0.13651877133105803, 1.0, 0.11764705882352941, 0.0, 0.0, 0.0, 1.0, 0.7183013517884813, 1.0, 0.0, 0.0, 0.0, 0.0, 0.0, 0.0, 0.0]",169345,115396,N3,accept,0.7941176470588236,ts,2676,0
"[0.7755102040816326, -0.7755102040816326, -0.05657142857142848, 0.13172043010752688, -0.034482758620689655, 0.0, 0.0, 0.0, 1.0, 0.8893941981392541, 1.0, 0.0, 0.0, 0.0, 0.0, 0.0, 0.0, 0.0]",169065,61314,N3,dismiss,-0.3,ts,1811,1
"[0.15999999999999998, -0.15999999999999998, -0.16666666666666666, -0.16587677725118483, 0.4, 0.0, 0.0, 0.0, 1.0, 0.6272291690417143, 1.0, 0.0, 0.0, 0.0, 0.0, 0.0, 0.0, 0.0]",162680,15171,N3,accept,0.412,ts,468,1
"[0.0666666666666666, -0.0666666666666666, 0.0, -0.2328767123287671, 0.1111111111111111, 0.0, 0.0, 0.0, 1.0, 0.689176913736021, 1.0, 0.0, 0.0, 0.0, 0.0, 0.0, 0.0, 0.0]",127690,139086,N3,dismiss,-0.3,ts,1593,1
"[0.7954545454545455, -0.7954545454545455, -0.13299232736572897, 0.08571428571428572, 1.0, 0.0, 0.0, 0.0, 1.0, 0.7399544151029783, 1.0, 0.0, 0.0, 0.0, 0.0, 0.0, 0.0, 0.0]",88363,89765,N3,dismiss,-0.3,ts,493,1
"[0.1250000000000001, -0.1250000000000001, 0.1772262773722628, 0.0, 0.0, 0.0, 0.0, 0.0, 1.0, 0.7366447804514437, 1.0, 0.0, 0.0, 0.0, 0.0, 0.0, 0.0, 0.0]",29519,55348,N3,dismiss,-0.3,ts,1659,0
"[0.7954545454545455, -0.7954545454545455, -0.058333333333333376, 0.08571428571428572, 1.0, 0.0, 0.0, 0.0, 1.0, 0.7646405915394846, 1.0, 0.0, 0.0, 0.0, 0.0, 0.0, 0.0, 0.0]",30105,89765,N3,dismiss,-0.3,ts,944,0
"[0.25, -0.25, -0.45081351689612015, 0.7005649717514124, 1.0, 0.0, 0.0, 0.0, 1.0, 0.4644332461990557, 1.0, 0.0, 0.0, 0.0, 0.0, 0.0, 0.0, 0.0]",158428,116369,N3,dismiss,-0.3,ts,643,1
"[0.20000000000000004, -0.20000000000000004, -0.32, -0.75, -0.44000000000000006, 0.0, 0.0, 0.0, 1.0, 0.5239735986960091, 1.0, 0.0, 0.0, 0.0, 0.0, 0.0, 0.0, 0.0]",69485,18334,N3,dismiss,-0.3,ts,1763,1
"[0.24999999999999997, -0.24999999999999997, 0.11420612813370477, -0.15950920245398773, 0.0, 0.0, 0.0, 0.0, 1.0, 0.7577778993431036, 1.0, 0.0, 0.0, 0.0, 0.0, 0.0, 0.0, 0.0]",155669,115289,N3,dismiss,-0.3,ts,1705,0
"[0.28571428571428564, -0.28571428571428564, -0.32777628394729763, -0.05, 0.1, 0.0, 0.0, 0.0, 1.0, 0.713397933579858, 1.0, 0.0, 0.0, 0.0, 0.0, 0.0, 0.0, 0.0]",55412,174942,N3,dismiss,-0.3,ts,1300,1
"[0.09999999999999991, -0.09999999999999991, -0.665546218487395, 0.0, 0.0, 0.0, 0.0, 0.0, 1.0, 0.6400589572696636, 1.0, 0.0, 0.0, 0.0, 0.0, 0.0, 0.0, 0.0]",54201,16809,N3,dismiss,-0.3,ts,494,0
"[0.3636363636363637, -0.3636363636363637, 0.1013215859030837, 0.057971014492753624, 0.25, 0.0, 0.0, 0.0, 1.0, 0.7621489741842852, 1.0, 0.0, 0.0, 0.0, 0.0, 0.0, 0.0, 0.0]",123207,123174,N3,dismiss,-0.3,ts,1116,0
"[0.18750000000000003, -0.18750000000000003, -0.058823529411764705, 1.0, 0.44000000000000006, 0.0, 0.0, 0.0, 1.0, 0.5626333454400778, 1.0, 0.0, 0.0, 0.0, 0.0, 0.0, 0.0, 0.0]",18334,57385,N3,dismiss,-0.3,ts,2983,1
"[0.11999999999999993, -0.11999999999999993, 0.0, 0.0, 0.0, 0.0, 0.0, 0.0, 1.0, 0.7945202170293325, 1.0, 0.0, 0.0, 0.0, 0.0, 0.0, 0.0, 0.0]",70001,70000,N3,dismiss,-0.3,ts,2379,1
"[0.2000000000000001, -0.2000000000000001, 0.12442091330244864, 0.12025316455696203, -0.05999999999999996, 0.0, 0.0, 0.0, 1.0, 0.7297413274044438, 1.0, 0.0, 0.0, 0.0, 0.0, 0.0, 0.0, 0.0]",147858,87097,N3,accept,0.44000000000000006,ts,2771,1
"[0.20000000000000007, -0.20000000000000007, 0.17909090909090916, -0.10160427807486631, 0.36363636363636365, 0.0, 0.0, 0.0, 1.0, 0.6575173146638584, 1.0, 0.0, 0.0, 0.0, 0.0, 0.0, 0.0, 0.0]",89763,107458,N3,dismiss,-0.3,ts,886,0
"[0.02500000000000002, -0.02500000000000002, -0.028182701652089328, -0.1, -0.07999999999999999, 0.0, 0.0, 0.0, 1.0, 0.6990405284223395, 1.0, 0.0, 0.0, 0.0, 0.0, 0.0, 0.0, 0.0]",114070,62503,N3,dismiss,-0.3,ts,672,0
"[0.2, -0.2, 0.015444015444015528, -0.02127659574468085, 0.0, 0.0, 0.0, 0.0, 1.0, 0.8104959025064576, 1.0, 0.0, 0.0, 0.0, 0.0, 0.0, 0.0, 0.0]",19611,85163,N3,accept,0.43999999999999995,ts,2105,1
"[0.20000000000000004, -0.20000000000000004, -0.3409090909090909, 0.0, 0.0, 0.0, 0.0, 0.0, 1.0, 0.7239674946003922, 1.0, 0.0, 0.0, 0.0, 0.0, 0.0, 0.0, 0.0]",51022,70828,N3,dismiss,-0.3,ts,1639,0
"[0.625, -0.625, -0.1381692573402418, -0.02158273381294964, 0.0, 0.0, 0.0, 0.0, 1.0, 0.8788920358628486, 1.0, 0.0, 0.0, 0.0, 0.0, 0.0, 0.0, 0.0]",108461,81422,N3,dismiss,-0.3,ts,511,1
"[0.076923076923077, -0.076923076923077, 0.0, 0.0, 0.0, 0.0, 0.0, 0.0, 1.0, 0.7787188164556538, 1.0, 0.0, 0.0, 0.0, 0.0, 0.0, 0.0, 0.0]",93850,174745,N6,accept,0.35384615384615387,ts,736,1
"[0.42647058823529416, -0.42647058823529416, -0.1111111111111111, 0.0, 0.0, 0.0, 0.0, 0.0, 1.0, 0.8513222951462499, 1.0, 0.0, 0.0, 0.0, 0.0, 0.0, 0.0, 0.0]",167076,57385,N3,dismiss,-0.3,ts,2105,1
"[0.6666666666666667, -0.6666666666666667, 0.11421210820094461, 0.0, 0.0, 0.0, 0.0, 0.0, 1.0, 0.8995558594872302, 1.0, 0.0, 0.0, 0.0, 0.0, 0.0, 0.0, 0.0]",141734,16722,N3,dismiss,-0.3,ts,2611,1
"[0.6000000000000001, -0.6000000000000001, 0.1111111111111111, 1.0, 1.0, 0.0, 0.0, 0.0, 1.0, 0.5953401686575794, 1.0, 0.0, 0.0, 0.0, 0.0, 0.0, 0.0, 0.0]",38174,112477,N3,dismiss,-0.3,ts,1218,0
"[0.3636363636363637, -0.3636363636363637, 0.0, 0.0, 0.0, 0.0, 0.0, 0.0, 1.0, 0.8742764353476687, 1.0, 0.0, 0.0, 0.0, 0.0, 0.0, 0.0, 0.0]",123012,123174,N3,accept,0.5545454545454546,ts,1908,0
"[0.4485294117647059, -0.4485294117647059, 0.09333333333333324, -0.0843806104129264, -0.2692307692307692, 0.0, 0.0, 0.0, 1.0, 0.776901172593482, 1.0, 0.0, 0.0, 0.0, 0.0, 0.0, 0.0, 0.0]",29970,155668,N3,dismiss,-0.3,ts,1240,1
"[0.08333333333333336, -0.08333333333333336, 0.0, -0.4842105263157895, -0.24, 0.0, 0.0, 0.0, 1.0, 0.630858068672642, 1.0, 0.0, 0.0, 0.0, 0.0, 0.0, 0.0, 0.0]",122720,122718,N6,dismiss,-0.3,ts,1449,1
"[0.44999999999999996, -0.44999999999999996, -0.6246089676746611, -0.04076086956521739, -0.06666666666666667, 0.0, 0.0, 0.0, 1.0, 0.7239435027713155, 1.0, 0.0, 0.0, 0.0, 0.0, 0.0, 0.0, 0.0]",43346,87721,N3,dismiss,-0.3,ts,881,1
"[0.72, -0.72, -0.42404006677796324, -0.3, 0.020000000000000018, 0.0, 0.0, 0.0, 1.0, 0.7603871955058701, 1.0, 0.0, 0.0, 0.0, 0.0, 0.0, 0.0, 0.0]",33289,82101,N3,accept,0.804,ts,694,1
"[0.18181818181818185, -0.18181818181818185, -0.20333333333333334, 0.12037037037037036, 0.0, 0.0, 0.0, 0.0, 1.0, 0.7176202147917767, 1.0, 0.0, 0.0, 0.0, 0.0, 0.0, 0.0, 0.0]",56406,86760,N1,accept,0.42727272727272725,ts,707,1
"[0.24242424242424238, -0.24242424242424238, -0.158311345646438, -0.08536585365853659, -0.21999999999999997, 0.0, 0.0, 0.0, 1.0, 0.7058869977996952, 1.0, 0.0, 0.0, 0.0, 0.0, 0.0, 0.0, 0.0]",110035,19597,N6,accept,0.4696969696969696,ts,1531,1
"[0.35000000000000003, -0.35000000000000003, -0.20040080160320642, 0.3888888888888889, 0.12000000000000002, 0.0, 0.0, 0.0, 1.0, 0.6912520884850263, 1.0, 0.0, 0.0, 0.0, 0.0, 0.0, 0.0, 0.0]",44266,110599,N6,dismiss,-0.3,ts,847,1
"[0.2142857142857143, -0.2142857142857143, 0.0, -0.035856573705179286, 0.12244897959183665, 0.0, 0.0, 0.0, 1.0, 0.7847368582990952, 1.0, 0.0, 0.0, 0.0, 0.0, 0.0, 0.0, 0.0]",138640,138639,N6,dismiss,-0.3,ts,1427,1
"[0.20000000000000004, -0.20000000000000004, -0.5272727272727272, 0.1978021978021978, 0.3, 0.0, 0.0, 0.0, 1.0, 0.5758109939927043, 1.0, 0.0, 0.0, 0.0, 0.0, 0.0, 0.0, 0.0]",127600,169893,N3,accept,0.44,ts,2786,1
"[0.25, -0.25, 0.22714285714285723, -0.08766233766233766, 0.0, 0.0, 0.0, 0.0, 1.0, 0.7424472880831784, 1.0, 0.0, 0.0, 0.0, 0.0, 0.0, 0.0, 0.0]",55744,21089,N3,dismiss,-0.3,ts,835,0
"[0.4444444444444444, -0.4444444444444444, -0.2748368382886149, 0.0, 0.0, 0.0, 0.0, 0.0, 1.0, 0.8111233590048853, 1.0, 0.0, 0.0, 0.0, 0.0, 0.0, 0.0, 0.0]",141749,93843,N3,accept,0.611111111111111,ts,2960,1
"[0.3411764705882352, -0.3411764705882352, 0.0, 0.3, -0.05999999999999996, 0.0, 0.0, 0.0, 1.0, 0.7831895687766497, 1.0, 0.0, 0.0, 0.0, 0.0, 0.0, 0.0, 0.0]",87406,74186,N6,dismiss,-0.3,ts,855,1
"[0.14, -0.14, -0.12400000000000005, 0.05263157894736842, -0.1, 0.0, 0.0, 0.0, 1.0, 0.7156363704875062, 1.0, 0.0, 0.0, 0.0, 0.0, 0.0, 0.0, 0.0]",174942,69993,N3,accept,0.398,ts,1886,0
"[0.02500000000000002, -0.02500000000000002, -0.33110367892976583, -0.18, -0.039999999999999994, 0.0, 0.0, 0.0, 1.0, 0.6056318521821138, 1.0, 0.0, 0.0, 0.0, 0.0, 0.0, 0.0, 0.0]",54434,62503,N3,accept,0.3175,ts,1927,1
"[0.21428571428571425, -0.21428571428571425, -0.31088082901554404, -0.08, -0.09090909090909091, 0.0, 0.0, 0.0, 1.0, 0.6879835434828068, 1.0, 0.0, 0.0, 0.0, 0.0, 0.0, 0.0, 0.0]",16725,48998,N3,accept,0.44999999999999996,ts,967,1
"[0.2045454545454546, -0.2045454545454546, 0.006343906510851462, -0.019553072625698324, 1.0, 0.0, 0.0, 0.0, 1.0, 0.6864109839014316, 1.0, 0.0, 0.0, 0.0, 0.0, 0.0, 0.0, 0.0]",135483,74278,N3,accept,0.44318181818181823,ts,670,0
"[0.24999999999999997, -0.24999999999999997, -0.07773386034255607, 1.0, 0.22727272727272727, 0.0, 0.0, 0.0, 1.0, 0.6172933326580574, 1.0, 0.0, 0.0, 0.0, 0.0, 0.0, 0.0, 0.0]",85794,169335,N3,dismiss,-0.3,ts,433,0
"[0.7138047138047138, -0.7138047138047138, -0.5411887382690302, 0.22, 0.1, 0.0, 0.0, 0.0, 1.0, 0.7346047624439579, 1.0, 0.0, 0.0, 0.0, 0.0, 0.0, 0.0, 0.0]",141707,87407,N3,accept,0.7996632996632995,ts,1912,0
"[0.3636363636363637, -0.3636363636363637, 0.0, 0.061046511627906974, 0.0, 0.0, 0.0, 0.0, 1.0, 0.8570363402900383, 1.0, 0.0, 0.0, 0.0, 0.0, 0.0, 0.0, 0.0]",123043,123174,N3,dismiss,-0.3,ts,1351,0
"[0.33888888888888896, -0.33888888888888896, 0.1111111111111111, 0.26, 0.12000000000000002, 0.0, 0.0, 0.0, 1.0, 0.7344811410346426, 1.0, 0.0, 0.0, 0.0, 0.0, 0.0, 0.0, 0.0]",63753,29449,N6,dismiss,-0.3,ts,2945,1
"[0.7954545454545455, -0.7954545454545455, -0.058333333333333376, 0.08571428571428572, 1.0, 0.0, 0.0, 0.0, 1.0, 0.7646405915394846, 1.0, 0.0, 0.0, 0.0, 0.0, 0.0, 0.0, 0.0]",30082,89765,N6,dismiss,-0.3,ts,2092,1
"[0.25, -0.25, 0.0, 0.0, 0.0, 0.0, 0.0, 0.0, 1.0, 0.8395893495876965, 1.0, 0.0, 0.0, 0.0, 0.0, 0.0, 0.0, 0.0]",116939,117045,N3,accept,0.475,ts,2396,0
"[0.28571428571428575, -0.28571428571428575, 0.0, 0.11363636363636363, 0.0, 0.0, 0.0, 0.0, 1.0, 0.820537205423484, 1.0, 0.0, 0.0, 0.0, 0.0, 0.0, 0.0, 0.0]",170134,127333,N3,dismiss,-0.3,ts,1239,0
"[0.20000000000000004, -0.20000000000000004, -0.32, -0.75, -0.44000000000000006, 0.0, 0.0, 0.0, 1.0, 0.5239735986960091, 1.0, 0.0, 0.0, 0.0, 0.0, 0.0, 0.0, 0.0]",69485,18334,N6,dismiss,-0.3,ts,1573,1
"[0.14, -0.14, -0.5615615615615616, 0.0, 0.0, 0.0, 0.0, 0.0, 1.0, 0.6667940993816643, 1.0, 0.0, 0.0, 0.0, 0.0, 0.0, 0.0, 0.0]",93922,69993,N3,accept,0.398,ts,677,1
"[0.5, -0.5, -0.8614742698191933, -0.20178041543026706, -0.16000000000000006, 0.0, 0.0, 0.0, 1.0, 0.6536079911918449, 1.0, 0.0, 0.0, 0.0, 0.0, 0.0, 0.0, 0.0]",87402,117003,N6,dismiss,-0.3,ts,1302,1
"[0.25, -0.25, -0.009319816873773597, 0.001215066828675577, 0.0, 0.0, 0.0, 0.0, 1.0, 0.8355318740747639, 1.0, 0.0, 0.0, 0.0, 0.0, 0.0, 0.0, 0.0]",75083,15457,N3,dismiss,-0.3,ts,2808,0
"[0.4, -0.4, -0.4794794794794795, -0.49130434782608695, 0.3157894736842105, 0.0, 0.0, 0.0, 1.0, 0.5968334567710198, 1.0, 0.0, 0.0, 0.0, 0.0, 0.0, 0.0, 0.0]",191334,183357,N3,dismiss,-0.3,ts,585,1
"[0.10714285714285708, -0.10714285714285708, -0.5347767253044655, -0.4603960396039604, -0.32, 0.0, 0.0, 0.0, 1.0, 0.49729291731541936, 1.0, 0.0, 0.0, 0.0, 0.0, 0.0, 0.0, 0.0]",81395,81396,N3,accept,0.37499999999999994,ts,987,1
"[0.02500000000000002, -0.02500000000000002, 0.0, -0.08, -0.039999999999999994, 0.0, 0.0, 0.0, 1.0, 0.7256596282421947, 1.0, 0.0, 0.0, 0.0, 0.0, 0.0, 0.0, 0.0]",18064,62540,N6,dismiss,-0.3,ts,2847,1
"[0.30555555555555547, -0.30555555555555547, 0.06982156710628383, 0.0, 0.0, 0.0, 0.0, 0.0, 1.0, 0.831114921740408, 1.0, 0.0, 0.0, 0.0, 0.0, 0.0, 0.0, 0.0]",90178,141765,N3,dismiss,-0.3,ts,2039,1
"[0.5, -0.5, 0.14336917562724016, 0.3761467889908257, -0.5199999999999999, 0.0, 0.0, 0.0, 1.0, 0.6826397230933525, 1.0, 0.0, 0.0, 0.0, 0.0, 0.0, 0.0, 0.0]",19612,19597,N3,accept,0.6499999999999999,ts,2028,1
"[0.11111111111111115, -0.11111111111111115, -0.19748953974895392, 0.4628099173553719, -0.25, 0.0, 0.0, 0.0, 1.0, 0.5764463855064232, 1.0, 0.0, 0.0, 0.0, 0.0, 0.0, 0.0, 0.0]",86760,185391,N3,dismiss,-0.3,ts,2329,0
"[0.5636363636363637, -0.5636363636363637, 0.15368421052631587, -0.019662921348314606, 1.0, 0.0, 0.0, 0.0, 1.0, 0.7148739042100718, 1.0, 0.0, 0.0, 0.0, 0.0, 0.0, 0.0, 0.0]",107747,108839,N3,dismiss,-0.3,ts,1912,1
"[0.88, -0.88, -0.050125313283208024, 0.09333333333333334, -0.5545454545454546, 0.0, 0.0, 0.0, 1.0, 0.8215549602541744, 1.0, 0.0, 0.0, 0.0, 0.0, 0.0, 0.0, 0.0]",174761,49086,N3,accept,0.9159999999999999,ts,602,1
"[0.2857142857142857, -0.2857142857142857, -0.2700729927007299, 0.0, 0.0, 0.0, 0.0, 0.0, 1.0, 0.7675643221086256, 1.0, 0.0, 0.0, 0.0, 0.0, 0.0, 0.0, 0.0]",141736,115238,N3,dismiss,-0.3,ts,1893,1
"[0.20000000000000007, -0.20000000000000007, 0.09090909090909091, -0.008547008547008548, -0.14285714285714285, 0.0, 0.0, 0.0, 1.0, 0.7497580191893745, 1.0, 0.0, 0.0, 0.0, 0.0, 0.0, 0.0, 0.0]",162722,31966,N3,dismiss,-0.3,ts,464,1
"[0.5798319327731092, -0.5798319327731092, 0.0, -0.3015267175572519, 0.28, 0.0, 0.0, 0.0, 1.0, 0.7930636298360115, 1.0, 0.0, 0.0, 0.0, 0.0, 0.0, 0.0, 0.0]",104682,104681,N3,dismiss,-0.3,ts,2695,1
"[0.25, -0.25, -0.46332737030411447, -0.10824742268041238, 0.19047619047619047, 0.0, 0.0, 0.0, 1.0, 0.6420465769124615, 1.0, 0.0, 0.0, 0.0, 0.0, 0.0, 0.0, 0.0]",16906,117045,N3,dismiss,-0.3,ts,756,0
"[0.11904761904761903, -0.11904761904761903, 0.0, -0.11564625850340136, 0.06666666666666662, 0.0, 0.0, 0.0, 1.0, 0.7444764079184683, 1.0, 0.0, 0.0, 0.0, 0.0, 0.0, 0.0, 0.0]",91970,91969,N3,dismiss,-0.3,ts,2149,0
"[0.010909090909090839, -0.010909090909090839, -0.7835593220338983, -0.14285714285714285, -0.08333333333333333, 0.0, 0.0, 0.0, 1.0, 0.5355134964909132, 1.0, 0.0, 0.0, 0.0, 0.0, 0.0, 0.0, 0.0]",51122,115323,N3,dismiss,-0.3,ts,2844,0
"[0.47058823529411764, -0.47058823529411764, 0.07692307692307693, 1.0, 0.6599999999999999, 0.0, 0.0, 0.0, 1.0, 0.6187834354083326, 1.0, 0.0, 0.0, 0.0, 0.0, 0.0, 0.0, 0.0]",37982,39150,N3,dismiss,-0.3,ts,2113,1
"[0.12499999999999988, -0.12499999999999988, 0.18272841051314134, 0.0, 0.0, 0.0, 0.0, 0.0, 1.0, 0.7351092199119997, 1.0, 0.0, 0.0, 0.0, 0.0, 0.0, 0.0, 0.0]",158639,180524,N3,dismiss,-0.3,ts,2518,0
"[0.14, -0.14, -0.31562500000000004, 0.030303030303030304, 0.0, 0.0, 0.0, 0.0, 1.0, 0.6993060113850216, 1.0, 0.0, 0.0, 0.0, 0.0, 0.0, 0.0, 0.0]",130086,69993,N3,dismiss,-0.3,ts,2096,0
"[0.20000000000000004, -0.20000000000000004, -0.634703196347032, 0.07407407407407407, -0.74, 0.0, 0.0, 0.0, 1.0, 0.5425189848892313, 1.0, 0.0, 0.0, 0.0, 0.0, 0.0, 0.0, 0.0]",19598,106004,N3,dismiss,-0.3,ts,734,0
"[0.47058823529411764, -0.47058823529411764, 0.0, 0.14, 0.18000000000000002, 0.0, 0.0, 0.0, 1.0, 0.8200410775686694, 1.0, 0.0, 0.0, 0.0, 0.0, 0.0, 0.0, 0.0]",37982,37953,N3,dismiss,-0.3,ts,1995,1
"[0.20000000000000004, -0.20000000000000004, -0.11148148148148146, -0.40816326530612246, 0.16666666666666666, 0.0, 0.0, 0.0, 1.0, 0.6566446277478687, 1.0, 0.0, 0.0, 0.0, 0.0, 0.0, 0.0, 0.0]",127333,155856,N6,dismiss,-0.3,ts,2252,1
"[0.6818181818181819, -0.6818181818181819, -0.050125313283208024, 0.18840579710144928, -0.51, 0.0, 0.0, 0.0, 1.0, 0.7806619322864332, 1.0, 0.0, 0.0, 0.0, 0.0, 0.0, 0.0, 0.0]",48998,49086,N3,dismiss,-0.3,ts,1903,0
"[0.8482142857142858, -0.8482142857142858, -0.14285714285714285, 0.0, 0.0, 0.0, 0.0, 0.0, 1.0, 0.913901854423174, 1.0, 0.0, 0.0, 0.0, 0.0, 0.0, 0.0, 0.0]",164512,18185,N3,dismiss,-0.3,ts,1591,1
"[0.5599999999999999, -0.5599999999999999, 0.052291801162040054, 0.29454545454545455, -0.2448979591836735, 0.0, 0.0, 0.0, 1.0, 0.7767295963695724, 1.0, 0.0, 0.0, 0.0, 0.0, 0.0, 0.0, 0.0]",185412,87718,N3,accept,0.692,ts,467,0
"[0.6, -0.6, 0.14277777777777778, 0.23829787234042554, 1.0, 0.0, 0.0, 0.0, 1.0, 0.6816493155826848, 1.0, 0.0, 0.0, 0.0, 0.0, 0.0, 0.0, 0.0]",145577,29663,N3,accept,0.72,ts,2484,0
"[0.648, -0.648, 0.12880765883376852, 0.20863309352517986, 1.0, 0.0, 0.0, 0.0, 1.0, 0.693548136379965, 1.0, 0.0, 0.0, 0.0, 0.0, 0.0, 0.0, 0.0]",185576,107458,N3,accept,0.7536,ts,2211,1
"[0.41666666666666663, -0.41666666666666663, 0.1926782273603083, -0.02158273381294964, 0.0, 0.0, 0.0, 0.0, 1.0, 0.8183544914832085, 1.0, 0.0, 0.0, 0.0, 0.0, 0.0, 0.0, 0.0]",125880,39280,N3,accept,0.5916666666666666,ts,2461,0
"[0.5, -0.5, -0.4586, -0.05956112852664577, -0.21428571428571427, 0.0, 0.0, 0.0, 1.0, 0.7195852783317834, 1.0, 0.0, 0.0, 0.0, 0.0, 0.0, 0.0, 0.0]",63925,82038,N3,dismiss,-0.3,ts,2488,0
"[0.2, -0.2, 0.2222222222222222, -0.6008771929824561, 0.25, 0.0, 0.0, 0.0, 1.0, 0.5871437693950083, 1.0, 0.0, 0.0, 0.0, 0.0, 0.0, 0.0, 0.0]",118876,127600,N3,accept,0.43999999999999995,ts,1105,0
"[0.07692307692307684, -0.07692307692307684, 0.0, -0.2222222222222222, 0.0, 0.0, 0.0, 0.0, 1.0, 0.7248958747201469, 1.0, 0.0, 0.0, 0.0, 0.0, 0.0, 0.0, 0.0]",115242,115240,N3,dismiss,-0.3,ts,980,0
"[0.20000000000000004, -0.20000000000000004, -0.08571428571428572, 0.18253968253968253, 0.0625, 0.0, 0.0, 0.0, 1.0, 0.7278160105377319, 1.0, 0.0, 0.0, 0.0, 0.0, 0.0, 0.0, 0.0]",115390,104963,N3,dismiss,-0.3,ts,2526,0
"[0.3382352941176471, -0.3382352941176471, -0.17647058823529413, 0.0, 0.0, 0.0, 0.0, 0.0, 1.0, 0.8074937482935167, 1.0, 0.0, 0.0, 0.0, 0.0, 0.0, 0.0, 0.0]",41870,39150,N3,dismiss,-0.3,ts,2337,1
"[0.5636363636363637, -0.5636363636363637, 0.12023898431665417, -0.022535211267605635, 1.0, 0.0, 0.0, 0.0, 1.0, 0.743112048426343, 1.0, 0.0, 0.0, 0.0, 0.0, 0.0, 0.0, 0.0]",123260,107659,N3,dismiss,-0.3,ts,1313,1
"[0.56, -0.56, -0.0009990009990009777, 0.5495049504950495, -0.4, 0.0, 0.0, 0.0, 1.0, 0.7384325320464852, 1.0, 0.0, 0.0, 0.0, 0.0, 0.0, 0.0, 0.0]",170191,169349,N3,dismiss,-0.3,ts,1068,0
"[0.02500000000000002, -0.02500000000000002, -0.028182701652089328, -0.06, -0.07999999999999999, 0.0, 0.0, 0.0, 1.0, 0.709268980968216, 1.0, 0.0, 0.0, 0.0, 0.0, 0.0, 0.0, 0.0]",114070,62540,N3,accept,0.3175,ts,1770,1
"[0.2000000000000001, -0.2000000000000001, -0.10169491525423725, 0.25, 0.020000000000000018, 0.0, 0.0, 0.0, 1.0, 0.7211181865985721, 1.0, 0.0, 0.0, 0.0, 0.0, 0.0, 0.0, 0.0]",86978,83435,N3,dismiss,-0.3,ts,2665,1
"[0.2, -0.2, -0.28459937565036414, 0.34545454545454546, -0.020000000000000018, 0.0, 0.0, 0.0, 1.0, 0.655310363049713, 1.0, 0.0, 0.0, 0.0, 0.0, 0.0, 0.0, 0.0]",191662,19607,N3,dismiss,-0.3,ts,733,1
"[0.375, -0.375, 0.07148288973384026, -0.5597826086956522, 0.4, 0.0, 0.0, 0.0, 1.0, 0.6671768370261847, 1.0, 0.0, 0.0, 0.0, 0.0, 0.0, 0.0, 0.0]",85163,154734,N3,dismiss,-0.3,ts,1603,0
"[0.19999999999999993, -0.19999999999999993, 0.06666666666666667, 0.02, -0.16, 0.0, 0.0, 0.0, 1.0, 0.7509035883553894, 1.0, 0.0, 0.0, 0.0, 0.0, 0.0, 0.0, 0.0]",71728,40998,N3,dismiss,-0.3,ts,2929,0
"[0.15999999999999998, -0.15999999999999998, 0.0, 0.0, 0.0, 0.0, 0.0, 0.0, 1.0, 0.8088739373846245, 1.0, 0.0, 0.0, 0.0, 0.0, 0.0, 0.0, 0.0]",16728,16731,N3,dismiss,-0.3,ts,2397,0
"[0.08333333333333326, -0.08333333333333326, 0.0, 0.1125, 0.18181818181818182, 0.0, 0.0, 0.0, 1.0, 0.7051372725166374, 1.0, 0.0, 0.0, 0.0, 0.0, 0.0, 0.0, 0.0]",73738,73736,N3,dismiss,-0.3,ts,1882,0
"[0.4583333333333333, -0.4583333333333333, -0.3461377870563674, 0.02, 0.07999999999999999, 0.0, 0.0, 0.0, 1.0, 0.7711205717282401, 1.0, 0.0, 0.0, 0.0, 0.0, 0.0, 0.0, 0.0]",141805,123325,N3,accept,0.6208333333333333,ts,873,1
"[0.19999999999999993, -0.19999999999999993, 0.11764705882352941, 0.0, 0.0, 0.0, 0.0, 0.0, 1.0, 0.7808958257091974, 1.0, 0.0, 0.0, 0.0, 0.0, 0.0, 0.0, 0.0]",104417,18611,N3,dismiss,-0.3,ts,2558,0
"[0.19999999999999993, -0.19999999999999993, -0.25, -0.8833333333333333, -0.7454545454545454, 0.0, 0.0, 0.0, 1.0, 0.5035447216368699, 1.0, 0.0, 0.0, 0.0, 0.0, 0.0, 0.0, 0.0]",126074,18330,N3,dismiss,-0.3,ts,2864,0
"[0.25, -0.25, -0.5784649062799289, -0.0024271844660194173, 0.0, 0.0, 0.0, 0.0, 1.0, 0.7017529829987413, 1.0, 0.0, 0.0, 0.0, 0.0, 0.0, 0.0, 0.0]",15456,189231,N3,dismiss,-0.3,ts,2435,1
"[0.1764705882352941, -0.1764705882352941, 0.0, 0.05045871559633028, 0.0, 0.0, 0.0, 0.0, 1.0, 0.8002741033846621, 1.0, 0.0, 0.0, 0.0, 0.0, 0.0, 0.0, 0.0]",173998,173997,N3,dismiss,-0.3,ts,408,0
"[0.296, -0.296, 0.0670731707317074, -0.4745098039215686, -0.3684210526315789, 0.0, 0.0, 0.0, 1.0, 0.6589925532036104, 1.0, 0.0, 0.0, 0.0, 0.0, 0.0, 0.0, 0.0]",155668,92135,N3,dismiss,-0.3,ts,2809,1
"[0.7576530612244898, -0.7576530612244898, -0.04534606205250594, -0.6666666666666666, -0.33999999999999997, 0.0, 0.0, 0.0, 1.0, 0.7514982057090797, 1.0, 0.0, 0.0, 0.0, 0.0, 0.0, 0.0, 0.0]",33277,174927,N3,dismiss,-0.3,ts,1664,0
"[0.3636363636363637, -0.3636363636363637, 0.006343906510851462, 0.0, 0.0, 0.0, 0.0, 0.0, 1.0, 0.8717549029356069, 1.0, 0.0, 0.0, 0.0, 0.0, 0.0, 0.0, 0.0]",189329,74278,N3,dismiss,-0.3,ts,2258,0
"[0.28571428571428564, -0.28571428571428564, -0.1971481711097334, -0.12, -0.06000000000000001, 0.0, 0.0, 0.0, 1.0, 0.7368947788610691, 1.0, 0.0, 0.0, 0.0, 0.0, 0.0, 0.0, 0.0]",81570,189203,N3,dismiss,-0.3,ts,2760,1
"[0.20000000000000004, -0.20000000000000004, -0.05555555555555555, -0.75, -0.44000000000000006, 0.0, 0.0, 0.0, 1.0, 0.5974829772502733, 1.0, 0.0, 0.0, 0.0, 0.0, 0.0, 0.0, 0.0]",68609,18334,N3,dismiss,-0.3,ts,630,1
"[0.28571428571428575, -0.28571428571428575, -0.4578571428571428, -0.023391812865497075, 0.0, 0.0, 0.0, 0.0, 1.0, 0.7242218929098184, 1.0, 0.0, 0.0, 0.0, 0.0, 0.0, 0.0, 0.0]",114737,81498,N3,accept,0.5,ts,1530,1
"[0.09999999999999998, -0.09999999999999998, 0.0027855153203343017, -0.002881844380403458, 0.2727272727272727, 0.0, 0.0, 0.0, 1.0, 0.7221848253923066, 1.0, 0.0, 0.0, 0.0, 0.0, 0.0, 0.0, 0.0]",82377,111476,N3,dismiss,-0.3,ts,642,1
"[0.6512820512820513, -0.6512820512820513, -0.34, -0.44, -0.039999999999999994, 0.0, 0.0, 0.0, 1.0, 0.7399409974278731, 1.0, 0.0, 0.0, 0.0, 0.0, 0.0, 0.0, 0.0]",135298,66862,N3,dismiss,-0.3,ts,1993,1
"[0.3714285714285714, -0.3714285714285714, -0.25974025974025977, 0.0, 0.0, 0.0, 0.0, 0.0, 1.0, 0.7954295127189384, 1.0, 0.0, 0.0, 0.0, 0.0, 0.0, 0.0, 0.0]",63899,48999,N3,dismiss,-0.3,ts,1828,1
"[0.3636363636363637, -0.3636363636363637, 0.0, 0.0, 0.0, 0.0, 0.0, 0.0, 1.0, 0.8742764353476687, 1.0, 0.0, 0.0, 0.0, 0.0, 0.0, 0.0, 0.0]",123548,123174,N3,accept,0.5545454545454546,ts,2535,0
"[0.09090909090909098, -0.09090909090909098, -0.20200000000000004, 0.0625, 0.5942028985507245, 0.0, 0.0, 0.0, 1.0, 0.5954905176026112, 1.0, 0.0, 0.0, 0.0, 0.0, 0.0, 0.0, 0.0]",162892,117159,N3,dismiss,-0.3,ts,754,1
"[0.11475409836065566, -0.11475409836065566, -0.3639207507820647, 0.008645533141210375, -0.13793103448275856, 0.0, 0.0, 0.0, 1.0, 0.6504690940879523, 1.0, 0.0, 0.0, 0.0, 0.0, 0.0, 0.0, 0.0]",54573,15687,N3,accept,0.38032786885245895,ts,2204,1
"[0.8529411764705882, -0.8529411764705882, 0.11532033426183846, 1.0, 0.17647058823529413, 0.0, 0.0, 0.0, 1.0, 0.7304947488631501, 1.0, 0.0, 0.0, 0.0, 0.0, 0.0, 0.0, 0.0]",110152,170191,N3,dismiss,-0.3,ts,2261,1
"[0.5636363636363637, -0.5636363636363637, -0.22954545454545458, -0.011396011396011397, 0.5714285714285714, 0.0, 0.0, 0.0, 1.0, 0.7429992451003153, 1.0, 0.0, 0.0, 0.0, 0.0, 0.0, 0.0, 0.0]",151838,108828,N3,dismiss,-0.3,ts,1055,1
"[0.415625, -0.415625, 0.056934306569343146, 0.0625, -0.1, 0.0, 0.0, 0.0, 1.0, 0.8220384072510981, 1.0, 0.0, 0.0, 0.0, 0.0, 0.0, 0.0, 0.0]",141833,15139,N3,dismiss,-0.3,ts,1735,1
"[0.010909090909090839, -0.010909090909090839, -0.7835593220338983, -0.14285714285714285, -0.08333333333333333, 0.0, 0.0, 0.0, 1.0, 0.5355134964909132, 1.0, 0.0, 0.0, 0.0, 0.0, 0.0, 0.0, 0.0]",51122,115323,N3,dismiss,-0.3,ts,2458,0
"[0.3636363636363637, -0.3636363636363637, -0.49899799599198397, 1.0, 1.0, 0.0, 0.0, 0.0, 1.0, 0.45780911203583813, 1.0, 0.0, 0.0, 0.0, 0.0, 0.0, 0.0, 0.0]",169305,123174,N3,dismiss,-0.3,ts,1713,0
"[0.19999999999999993, -0.19999999999999993, -0.4, 0.1, 0.19999999999999996, 0.0, 0.0, 0.0, 1.0, 0.6360515658033852, 1.0, 0.0, 0.0, 0.0, 0.0, 0.0, 0.0, 0.0]",77920,18330,N3,dismiss,-0.3,ts,2910,0
"[0.3000000000000001, -0.3000000000000001, -0.5036615134255492, 0.0, 0.0, 0.0, 0.0, 0.0, 1.0, 0.7285138093516589, 1.0, 0.0, 0.0, 0.0, 0.0, 0.0, 0.0, 0.0]",85447,85446,N3,dismiss,-0.3,ts,1831,0
"[0.16666666666666666, -0.16666666666666666, -0.09070191431175943, -0.23920265780730898, -0.3333333333333333, 0.0, 0.0, 0.0, 1.0, 0.6480275665083652, 1.0, 0.0, 0.0, 0.0, 0.0, 0.0, 0.0, 0.0]",116369,185375,N3,dismiss,-0.3,ts,1642,1
"[0.33333333333333337, -0.33333333333333337, -0.16943521594684388, 1.0, 1.0, 0.0, 0.0, 0.0, 1.0, 0.5098867659466555, 1.0, 0.0, 0.0, 0.0, 0.0, 0.0, 0.0, 0.0]",147349,40487,N3,dismiss,-0.3,ts,1737,1
"[0.17647058823529416, -0.17647058823529416, 0.16218749999999993, 0.0, 0.0, 0.0, 0.0, 0.0, 1.0, 0.7592687673659294, 1.0, 0.0, 0.0, 0.0, 0.0, 0.0, 0.0, 0.0]",56819,55412,N3,dismiss,-0.3,ts,1309,0
"[0.14, -0.14, -0.5615615615615616, 0.0, 0.0, 0.0, 0.0, 0.0, 1.0, 0.6667940993816643, 1.0, 0.0, 0.0, 0.0, 0.0, 0.0, 0.0, 0.0]",93922,69993,N3,dismiss,-0.3,ts,1490,1
"[0.7066666666666667, -0.7066666666666667, 0.21951219512195133, 0.22745098039215686, -0.3684210526315789, 0.0, 0.0, 0.0, 1.0, 0.7423189475802244, 1.0, 0.0, 0.0, 0.0, 0.0, 0.0, 0.0, 0.0]",155668,169349,N3,dismiss,-0.3,ts,1417,0
"[0.20000000000000004, -0.20000000000000004, -0.14724770642201832, -0.027777777777777776, -0.041666666666666664, 0.0, 0.0, 0.0, 1.0, 0.7517102083113151, 1.0, 0.0, 0.0, 0.0, 0.0, 0.0, 0.0, 0.0]",85929,84737,N3,accept,0.44,ts,2283,0
"[0.9271428571428572, -0.9271428571428572, 0.2222222222222222, 0.32, -0.039999999999999994, 0.0, 0.0, 0.0, 1.0, 0.8166293780580514, 1.0, 0.0, 0.0, 0.0, 0.0, 0.0, 0.0, 0.0]",18359,51575,N3,dismiss,-0.3,ts,2279,1
"[0.06666666666666672, -0.06666666666666672, -0.05627490039840633, -0.08253968253968254, -0.07692307692307693, 0.0, 0.0, 0.0, 1.0, 0.7094121178427077, 1.0, 0.0, 0.0, 0.0, 0.0, 0.0, 0.0, 0.0]",170958,105432,N3,dismiss,-0.3,ts,832,1
"[0.6666666666666666, -0.6666666666666666, -0.14112734864300622, -0.19613259668508287, -0.25, 0.0, 0.0, 0.0, 1.0, 0.7835231992731343, 1.0, 0.0, 0.0, 0.0, 0.0, 0.0, 0.0, 0.0]",129198,29663,N3,dismiss,-0.3,ts,1648,1
"[0.20000000000000007, -0.20000000000000007, 0.14322323462414582, -0.002785515320334262, -0.4583333333333333, 0.0, 0.0, 0.0, 1.0, 0.6821577251119463, 1.0, 0.0, 0.0, 0.0, 0.0, 0.0, 0.0, 0.0]",67082,93936,N3,dismiss,-0.3,ts,1135,1
"[0.5833333333333333, -0.5833333333333333, -0.04175365344467641, -0.2, -0.06000000000000005, 0.0, 0.0, 0.0, 1.0, 0.8435393464277561, 1.0, 0.0, 0.0, 0.0, 0.0, 0.0, 0.0, 0.0]",141805,113027,N3,dismiss,-0.3,ts,2724,0
"[0.2142857142857143, -0.2142857142857143, 0.0, -0.035856573705179286, 0.12244897959183665, 0.0, 0.0, 0.0, 1.0, 0.7847368582990952, 1.0, 0.0, 0.0, 0.0, 0.0, 0.0, 0.0, 0.0]",138640,138639,N3,dismiss,-0.3,ts,2816,0
"[0.5, -0.5, -0.4592875318066158, 0.0, 0.0, 0.0, 0.0, 0.0, 1.0, 0.7886047001257124, 1.0, 0.0, 0.0, 0.0, 0.0, 0.0, 0.0, 0.0]",90179,56398,N3,dismiss,-0.3,ts,897,0
"[0.6666666666666666, -0.6666666666666666, 0.09717186366932572, 0.0, 0.0, 0.0, 0.0, 0.0, 1.0, 0.9050735068250562, 1.0, 0.0, 0.0, 0.0, 0.0, 0.0, 0.0, 0.0]",141749,90167,N3,accept,0.7666666666666666,ts,2385,0
"[0.65, -0.65, 0.0333889816360601, -0.02158273381294964, 0.02500000000000006, 0.0, 0.0, 0.0, 1.0, 0.9111512439745767, 1.0, 0.0, 0.0, 0.0, 0.0, 0.0, 0.0, 0.0]",53365,39280,N3,dismiss,-0.3,ts,2717,1
"[0.16666666666666666, -0.16666666666666666, -0.25, -0.08203125, 0.25, 0.0, 0.0, 0.0, 1.0, 0.6508187430745745, 1.0, 0.0, 0.0, 0.0, 0.0, 0.0, 0.0, 0.0]",75984,145577,N3,dismiss,-0.3,ts,2974,1
"[0.0624999999999999, -0.0624999999999999, -0.4134375, -0.25838926174496646, -0.29411764705882354, 0.0, 0.0, 0.0, 1.0, 0.5336136768150922, 1.0, 0.0, 0.0, 0.0, 0.0, 0.0, 0.0, 0.0]",104963,104466,N3,dismiss,-0.3,ts,2555,0
"[0.1666666666666667, -0.1666666666666667, -0.7180327868852459, 0.005714285714285714, 0.03999999999999997, 0.0, 0.0, 0.0, 1.0, 0.6455649444844354, 1.0, 0.0, 0.0, 0.0, 0.0, 0.0, 0.0, 0.0]",15687,105899,N3,dismiss,-0.3,ts,2012,0
"[0.35483870967741926, -0.35483870967741926, -0.25974025974025977, 0.0, 0.0, 0.0, 0.0, 0.0, 1.0, 0.790742212554951, 1.0, 0.0, 0.0, 0.0, 0.0, 0.0, 0.0, 0.0]",63937,48997,N3,dismiss,-0.3,ts,811,0
"[0.8571428571428572, -0.8571428571428572, 0.05800000000000001, 0.054901960784313725, 0.0, 0.0, 0.0, 0.0, 1.0, 0.9269965060246893, 1.0, 0.0, 0.0, 0.0, 0.0, 0.0, 0.0, 0.0]",116982,117003,N3,dismiss,-0.3,ts,1336,0
"[0.20000000000000004, -0.20000000000000004, -0.634703196347032, 0.07407407407407407, -0.74, 0.0, 0.0, 0.0, 1.0, 0.5425189848892313, 1.0, 0.0, 0.0, 0.0, 0.0, 0.0, 0.0, 0.0]",19598,106004,N3,dismiss,-0.3,ts,1716,0
"[0.7954545454545455, -0.7954545454545455, -0.058333333333333376, 0.08262108262108261, 1.0, 0.0, 0.0, 0.0, 1.0, 0.7660644633672044, 1.0, 0.0, 0.0, 0.0, 0.0, 0.0, 0.0, 0.0]",30103,89765,N3,dismiss,-0.3,ts,1214,1
"[0.08928571428571436, -0.08928571428571436, -0.26666666666666666, -0.8466666666666667, -0.8545454545454546, 0.0, 0.0, 0.0, 1.0, 0.45535299056751144, 1.0, 0.0, 0.0, 0.0, 0.0, 0.0, 0.0, 0.0]",41373,51575,N3,dismiss,-0.3,ts,2246,1
"[0.16666666666666663, -0.16666666666666663, 0.0612765957446809, -0.11475409836065574, -0.45999999999999996, 0.0, 0.0, 0.0, 1.0, 0.6671779591632033, 1.0, 0.0, 0.0, 0.0, 0.0, 0.0, 0.0, 0.0]",83437,185708,N3,dismiss,-0.3,ts,896,0
"[0.4444444444444445, -0.4444444444444445, 0.21404682274247488, -0.6984126984126984, -0.58, 0.0, 0.0, 0.0, 1.0, 0.610175897468082, 1.0, 0.0, 0.0, 0.0, 0.0, 0.0, 0.0, 0.0]",19676,132873,N3,dismiss,-0.3,ts,1818,0
"[0.3333333333333333, -0.3333333333333333, 0.14113712374581935, -0.5066666666666667, -0.9294117647058824, 0.0, 0.0, 0.0, 1.0, 0.5941720833477033, 1.0, 0.0, 0.0, 0.0, 0.0, 0.0, 0.0, 0.0]",89664,147129,N3,dismiss,-0.3,ts,2044,1
"[0.11999999999999993, -0.11999999999999993, -0.47257383966244726, 0.028169014084507043, 0.25, 0.0, 0.0, 0.0, 1.0, 0.605007186683123, 1.0, 0.0, 0.0, 0.0, 0.0, 0.0, 0.0, 0.0]",109421,123054,N3,dismiss,-0.3,ts,1758,1
"[0.09999999999999996, -0.09999999999999996, 0.0, 0.03870967741935484, -0.045454545454545456, 0.0, 0.0, 0.0, 1.0, 0.7630116146408217, 1.0, 0.0, 0.0, 0.0, 0.0, 0.0, 0.0, 0.0]",111130,108202,N3,dismiss,-0.3,ts,520,0
"[0.09999999999999996, -0.09999999999999996, 0.0, -0.2, -0.44000000000000006, 0.0, 0.0, 0.0, 1.0, 0.6499867020634126, 1.0, 0.0, 0.0, 0.0, 0.0, 0.0, 0.0, 0.0]",18598,155816,N3,accept,0.36999999999999994,ts,2247,1
"[0.4444444444444445, -0.4444444444444445, 0.011142061281337007, -0.6607142857142857, -0.5599999999999999, 0.0, 0.0, 0.0, 1.0, 0.6802432652968127, 1.0, 0.0, 0.0, 0.0, 0.0, 0.0, 0.0, 0.0]",63093,132873,N3,dismiss,-0.3,ts,1150,1
"[0.4235294117647059, -0.4235294117647059, 0.0, 0.12280701754385964, -0.11999999999999997, 0.0, 0.0, 0.0, 1.0, 0.8257495045499188, 1.0, 0.0, 0.0, 0.0, 0.0, 0.0, 0.0, 0.0]",87407,125786,N3,dismiss,-0.3,ts,1291,1
"[0.375, -0.375, 0.1629802095459837, -0.02857142857142857, -0.015999999999999945, 0.0, 0.0, 0.0, 1.0, 0.8087691028352987, 1.0, 0.0, 0.0, 0.0, 0.0, 0.0, 0.0, 0.0]",19856,71092,N3,dismiss,-0.3,ts,1010,0
"[0.7066666666666667, -0.7066666666666667, 0.10987791342952277, 0.43908045977011495, -0.25, 0.0, 0.0, 0.0, 1.0, 0.7602704837036794, 1.0, 0.0, 0.0, 0.0, 0.0, 0.0, 0.0, 0.0]",155692,169349,N3,dismiss,-0.3,ts,1024,0
"[0.05882352941176463, -0.05882352941176463, 0.0703125, -0.058823529411764705, 0.1, 0.0, 0.0, 0.0, 1.0, 0.7019258441872414, 1.0, 0.0, 0.0, 0.0, 0.0, 0.0, 0.0, 0.0]",56819,141833,N3,dismiss,-0.3,ts,474,1
"[0.20000000000000007, -0.20000000000000007, 0.2165217391304348, 0.008571428571428572, 0.25, 0.0, 0.0, 0.0, 1.0, 0.6909646977322428, 1.0, 0.0, 0.0, 0.0, 0.0, 0.0, 0.0, 0.0]",108745,88669,N3,accept,0.44000000000000006,ts,2130,0
"[0.5599999999999999, -0.5599999999999999, 0.08267716535433069, 0.36, 1.0, 0.0, 0.0, 0.0, 1.0, 0.6842840609430062, 1.0, 0.0, 0.0, 0.0, 0.0, 0.0, 0.0, 0.0]",185411,89763,N3,dismiss,-0.3,ts,1663,0
"[0.023255813953488292, -0.023255813953488292, 0.05212816834050693, 0.08609271523178808, 0.0571428571428572, 0.0, 0.0, 0.0, 1.0, 0.6989901745905753, 1.0, 0.0, 0.0, 0.0, 0.0, 0.0, 0.0, 0.0]",115226,152287,N3,accept,0.3162790697674418,ts,2106,1
"[0.8705882352941177, -0.8705882352941177, 0.10566666666666673, -0.3342696629213483, 0.3888888888888889, 0.0, 0.0, 0.0, 1.0, 0.773490649971651, 1.0, 0.0, 0.0, 0.0, 0.0, 0.0, 0.0, 0.0]",138519,117335,N3,dismiss,-0.3,ts,2243,1
"[0.5, -0.5, -0.2967213114754098, 0.0, 0.0, 0.0, 0.0, 0.0, 1.0, 0.8192716832933844, 1.0, 0.0, 0.0, 0.0, 0.0, 0.0, 0.0, 0.0]",85446,85230,N3,dismiss,-0.3,ts,711,1
"[0.076923076923077, -0.076923076923077, 0.0, 0.0, 0.0, 0.0, 0.0, 0.0, 1.0, 0.7787188164556538, 1.0, 0.0, 0.0, 0.0, 0.0, 0.0, 0.0, 0.0]",93861,174758,N3,dismiss,-0.3,ts,1519,0
"[0.09999999999999996, -0.09999999999999996, 0.1838998211091236, -0.29577464788732394, 0.7647058823529411, 0.0, 0.0, 0.0, 1.0, 0.5411922634537899, 1.0, 0.0, 0.0, 0.0, 0.0, 0.0, 0.0, 0.0]",88157,104691,N3,dismiss,-0.3,ts,2561,1
"[0.28571428571428564, -0.28571428571428564, -0.32387312186978295, -0.10569105691056911, -0.1304347826086957, 0.0, 0.0, 0.0, 1.0, 0.6926533331054777, 1.0, 0.0, 0.0, 0.0, 0.0, 0.0, 0.0, 0.0]",76847,142494,N3,dismiss,-0.3,ts,2249,1
"[0.164, -0.164, -0.6836, -0.1, 0.088, 0.0, 0.0, 0.0, 1.0, 0.6098549356396384, 1.0, 0.0, 0.0, 0.0, 0.0, 0.0, 0.0, 0.0]",85224,134716,N3,accept,0.4148,ts,2974,0
"[0.28571428571428564, -0.28571428571428564, -0.364910790144435, -0.4835820895522388, -0.2, 0.0, 0.0, 0.0, 1.0, 0.6050026241219992, 1.0, 0.0, 0.0, 0.0, 0.0, 0.0, 0.0, 0.0]",87090,158410,N3,dismiss,-0.3,ts,1798,1
"[0.05737704918032792, -0.05737704918032792, -0.4473409801876955, 0.011527377521613832, -0.19540229885057464, 0.0, 0.0, 0.0, 1.0, 0.6012691354747454, 1.0, 0.0, 0.0, 0.0, 0.0, 0.0, 0.0, 0.0]",54573,39517,N3,dismiss,-0.3,ts,880,1
"[0.30769230769230776, -0.30769230769230776, -0.10013531799729371, 0.372972972972973, 0.019999999999999928, 0.0, 0.0, 0.0, 1.0, 0.7367973902440537, 1.0, 0.0, 0.0, 0.0, 0.0, 0.0, 0.0, 0.0]",175208,54392,N3,dismiss,-0.3,ts,1831,1
"[0.11458333333333333, -0.11458333333333333, 0.0, -0.6041131105398457, -0.8083333333333332, 0.0, 0.0, 0.0, 1.0, 0.5671434991422036, 1.0, 0.0, 0.0, 0.0, 0.0, 0.0, 0.0, 0.0]",107588,142262,N3,accept,0.3802083333333333,ts,1872,0
"[0.0555555555555556, -0.0555555555555556, -0.44341372912801486, 0.01764705882352941, 0.0, 0.0, 0.0, 0.0, 1.0, 0.6479755888896072, 1.0, 0.0, 0.0, 0.0, 0.0, 0.0, 0.0, 0.0]",123848,105724,N3,dismiss,-0.3,ts,847,1
"[0.375, -0.375, -0.3114241001564945, -0.04878048780487805, -0.06666666666666667, 0.0, 0.0, 0.0, 1.0, 0.752073434904331, 1.0, 0.0, 0.0, 0.0, 0.0, 0.0, 0.0, 0.0]",43370,151839,N3,dismiss,-0.3,ts,1333,1
"[0.20000000000000007, -0.20000000000000007, 0.14322323462414582, -0.002785515320334262, -0.4583333333333333, 0.0, 0.0, 0.0, 1.0, 0.6821577251119463, 1.0, 0.0, 0.0, 0.0, 0.0, 0.0, 0.0, 0.0]",67082,93936,N3,dismiss,-0.3,ts,2520,0
"[0.26666666666666666, -0.26666666666666666, 0.05772136597159252, 0.09554140127388536, 0.125, 0.0, 0.0, 0.0, 1.0, 0.7639113047871336, 1.0, 0.0, 0.0, 0.0, 0.0, 0.0, 0.0, 0.0]",104690,169335,N3,dismiss,-0.3,ts,410,1
"[0.1886792452830189, -0.1886792452830189, -0.16666666666666666, -0.07570977917981073, 0.04444444444444448, 0.0, 0.0, 0.0, 1.0, 0.7283955999366982, 1.0, 0.0, 0.0, 0.0, 0.0, 0.0, 0.0, 0.0]",91968,33338,N3,dismiss,-0.3,ts,1264,1
"[0.5454545454545455, -0.5454545454545455, -0.01848519548503194, 0.0, 0.0, 0.0, 0.0, 0.0, 1.0, 0.9112606985062438, 1.0, 0.0, 0.0, 0.0, 0.0, 0.0, 0.0, 0.0]",54334,189219,N3,dismiss,-0.3,ts,968,0
"[0.7, -0.7, -0.4357298474945534, 0.5596330275229358, -0.55, 0.0, 0.0, 0.0, 1.0, 0.6280282458239237, 1.0, 0.0, 0.0, 0.0, 0.0, 0.0, 0.0, 0.0]",164354,145532,N3,dismiss,-0.3,ts,1309,1
"[0.15000000000000013, -0.15000000000000013, -0.5036842105263158, -0.24, -0.020000000000000018, 0.0, 0.0, 0.0, 1.0, 0.6152912841830693, 1.0, 0.0, 0.0, 0.0, 0.0, 0.0, 0.0, 0.0]",38124,56971,N3,accept,0.4050000000000001,ts,1250,1
"[0.16666666666666666, -0.16666666666666666, -0.2028571428571429, -0.2534246575342466, 0.05999999999999996, 0.0, 0.0, 0.0, 1.0, 0.6679264251231176, 1.0, 0.0, 0.0, 0.0, 0.0, 0.0, 0.0, 0.0]",39888,19612,N3,dismiss,-0.3,ts,1466,1
"[0.5, -0.5, -0.10344827586206896, 0.0, 0.0, 0.0, 0.0, 0.0, 1.0, 0.8714079900606294, 1.0, 0.0, 0.0, 0.0, 0.0, 0.0, 0.0, 0.0]",70828,129946,N3,dismiss,-0.3,ts,1671,0
"[0.52, -0.52, 0.11648223645894, 0.0, 0.0, 0.0, 0.0, 0.0, 1.0, 0.8716130198763568, 1.0, 0.0, 0.0, 0.0, 0.0, 0.0, 0.0, 0.0]",142501,54196,N3,dismiss,-0.3,ts,1581,0
"[0.4583333333333333, -0.4583333333333333, -0.1433260393873086, 0.22, 0.24000000000000005, 0.0, 0.0, 0.0, 1.0, 0.7386709394486253, 1.0, 0.0, 0.0, 0.0, 0.0, 0.0, 0.0, 0.0]",151789,123325,N3,dismiss,-0.3,ts,572,0
"[0.11111111111111104, -0.11111111111111104, 0.14184397163120568, 0.27555555555555555, -0.19117647058823528, 0.0, 0.0, 0.0, 1.0, 0.6306699196063179, 1.0, 0.0, 0.0, 0.0, 0.0, 0.0, 0.0, 0.0]",48746,91072,N3,dismiss,-0.3,ts,2895,1
"[0.7576530612244898, -0.7576530612244898, -0.04534606205250594, -0.6666666666666666, -0.33999999999999997, 0.0, 0.0, 0.0, 1.0, 0.7514982057090797, 1.0, 0.0, 0.0, 0.0, 0.0, 0.0, 0.0, 0.0]",33277,174927,N3,dismiss,-0.3,ts,1631,0
"[0.2763157894736842, -0.2763157894736842, 0.06859635210150676, 0.0, 0.0, 0.0, 0.0, 0.0, 1.0, 0.8224265972083609, 1.0, 0.0, 0.0, 0.0, 0.0, 0.0, 0.0, 0.0]",147348,147380,N3,accept,0.49342105263157887,ts,661,1
"[0.3571428571428571, -0.3571428571428571, -0.6251673360107095, 0.3593073593073593, -0.48148148148148145, 0.0, 0.0, 0.0, 1.0, 0.5600940953373862, 1.0, 0.0, 0.0, 0.0, 0.0, 0.0, 0.0, 0.0]",20077,145523,N3,dismiss,-0.3,ts,1595,1
"[0.20000000000000007, -0.20000000000000007, -0.5635935397039031, -0.11811023622047244, 1.0, 0.0, 0.0, 0.0, 1.0, 0.5263580713412344, 1.0, 0.0, 0.0, 0.0, 0.0, 0.0, 0.0, 0.0]",106733,107554,N3,dismiss,-0.3,ts,1391,1
"[0.2857142857142857, -0.2857142857142857, -0.31088082901554404, 0.7099236641221374, 0.6, 0.0, 0.0, 0.0, 1.0, 0.5398729746598911, 1.0, 0.0, 0.0, 0.0, 0.0, 0.0, 0.0, 0.0]",61358,86748,N3,dismiss,-0.3,ts,2098,1
"[0.2380952380952381, -0.2380952380952381, -0.291970802919708, 0.0, 0.0, 0.0, 0.0, 0.0, 1.0, 0.7472128890509149, 1.0, 0.0, 0.0, 0.0, 0.0, 0.0, 0.0, 0.0]",154624,108507,N3,accept,0.4666666666666667,ts,2087,1
"[0.28571428571428575, -0.28571428571428575, 0.23592419664927214, 0.4583333333333333, -0.1, 0.0, 0.0, 0.0, 1.0, 0.658588363112707, 1.0, 0.0, 0.0, 0.0, 0.0, 0.0, 0.0, 0.0]",139086,127333,N3,dismiss,-0.3,ts,1493,0
"[0.8571428571428572, -0.8571428571428572, 0.0, -0.04, 0.0, 0.0, 0.0, 0.0, 1.0, 0.9529674423825959, 1.0, 0.0, 0.0, 0.0, 0.0, 0.0, 0.0, 0.0]",16648,16650,N3,dismiss,-0.3,ts,2029,0
"[0.1923076923076923, -0.1923076923076923, -0.11032028469750894, 0.5042735042735043, 0.1694915254237288, 0.0, 0.0, 0.0, 1.0, 0.642166992932545, 1.0, 0.0, 0.0, 0.0, 0.0, 0.0, 0.0, 0.0]",43763,15171,N3,accept,0.43461538461538457,ts,2098,1
"[0.20000000000000004, -0.20000000000000004, -0.634703196347032, 0.07407407407407407, -0.74, 0.0, 0.0, 0.0, 1.0, 0.5425189848892313, 1.0, 0.0, 0.0, 0.0, 0.0, 0.0, 0.0, 0.0]",19598,106004,N3,dismiss,-0.3,ts,1633,0
"[0.20000000000000004, -0.20000000000000004, -0.44341372912801486, 0.08761329305135952, -0.07142857142857142, 0.0, 0.0, 0.0, 1.0, 0.6611419918461581, 1.0, 0.0, 0.0, 0.0, 0.0, 0.0, 0.0, 0.0]",63911,90182,N3,dismiss,-0.3,ts,1208,0
"[0.11999999999999993, -0.11999999999999993, 0.05333333333333338, 0.0084985835694051, -0.14285714285714285, 0.0, 0.0, 0.0, 1.0, 0.7344788277472136, 1.0, 0.0, 0.0, 0.0, 0.0, 0.0, 0.0, 0.0]",107307,116201,N3,dismiss,-0.3,ts,2918,1
"[0.09090909090909098, -0.09090909090909098, -0.26833333333333337, 0.012048192771084338, -0.19999999999999998, 0.0, 0.0, 0.0, 1.0, 0.6477967083721193, 1.0, 0.0, 0.0, 0.0, 0.0, 0.0, 0.0, 0.0]",162894,117146,N3,dismiss,-0.3,ts,1674,1
"[0.15, -0.15, 0.0, 1.0, 0.2, 0.0, 0.0, 0.0, 1.0, 0.6096274051554273, 1.0, 0.0, 0.0, 0.0, 0.0, 0.0, 0.0, 0.0]",130670,151787,N3,dismiss,-0.3,ts,1857,1
"[0.22784810126582283, -0.22784810126582283, 0.2310654685494223, -0.0987012987012987, 0.298507462686567, 0.0, 0.0, 0.0, 1.0, 0.6639494779334293, 1.0, 0.0, 0.0, 0.0, 0.0, 0.0, 0.0, 0.0]",43373,54573,N3,accept,0.45949367088607596,ts,2282,0
"[0.16000000000000003, -0.16000000000000003, 0.06048982000590136, -0.4169611307420495, 0.08333333333333333, 0.0, 0.0, 0.0, 1.0, 0.6782079465127508, 1.0, 0.0, 0.0, 0.0, 0.0, 0.0, 0.0, 0.0]",134112,179649,N3,dismiss,-0.3,ts,570,1
"[0.61, -0.61, -0.2748368382886149, 0.0, 0.0, 0.0, 0.0, 0.0, 1.0, 0.8463084860816608, 1.0, 0.0, 0.0, 0.0, 0.0, 0.0, 0.0, 0.0]",141772,93850,N3,dismiss,-0.3,ts,2115,1
"[0.27999999999999997, -0.27999999999999997, -0.07452093683463454, 1.0, -0.78, 0.0, 0.0, 0.0, 1.0, 0.5645640780394282, 1.0, 0.0, 0.0, 0.0, 0.0, 0.0, 0.0, 0.0]",154734,128279,N3,dismiss,-0.3,ts,2455,0
"[0.1250000000000001, -0.1250000000000001, 0.2222222222222222, 0.0, -0.06000000000000001, 0.0, 0.0, 0.0, 1.0, 0.7076074431705994, 1.0, 0.0, 0.0, 0.0, 0.0, 0.0, 0.0, 0.0]",30711,125786,N3,dismiss,-0.3,ts,693,0
"[0.5636363636363637, -0.5636363636363637, 0.22448979591836735, -0.016901408450704224, 0.8181818181818182, 0.0, 0.0, 0.0, 1.0, 0.724044986814595, 1.0, 0.0, 0.0, 0.0, 0.0, 0.0, 0.0, 0.0]",123023,107563,N3,dismiss,-0.3,ts,2716,1
"[0.16326530612244894, -0.16326530612244894, 0.0, -0.02601156069364162, -0.4117647058823529, 0.0, 0.0, 0.0, 1.0, 0.7182572044369081, 1.0, 0.0, 0.0, 0.0, 0.0, 0.0, 0.0, 0.0]",63901,63915,N3,dismiss,-0.3,ts,1538,0
"[0.1876923076923077, -0.1876923076923077, -0.4022617124394184, -0.024464831804281346, 0.16666666666666666, 0.0, 0.0, 0.0, 1.0, 0.6583592127879007, 1.0, 0.0, 0.0, 0.0, 0.0, 0.0, 0.0, 0.0]",63891,130294,N3,dismiss,-0.3,ts,1525,1
"[0.16666666666666666, -0.16666666666666666, 0.21539500337609718, -0.19122257053291536, -0.608, 0.0, 0.0, 0.0, 1.0, 0.5880194588419783, 1.0, 0.0, 0.0, 0.0, 0.0, 0.0, 0.0, 0.0]",128276,145578,N3,dismiss,-0.3,ts,1098,0
"[0.8833333333333333, -0.8833333333333333, 0.0, -0.3118279569892473, -0.13999999999999999, 0.0, 0.0, 0.0, 1.0, 0.860770258917622, 1.0, 0.0, 0.0, 0.0, 0.0, 0.0, 0.0, 0.0]",126323,125786,N3,dismiss,-0.3,ts,1128,1
"[0.5, -0.5, -0.03853564547206166, -0.02158273381294964, 0.0, 0.0, 0.0, 0.0, 1.0, 0.8876149427547736, 1.0, 0.0, 0.0, 0.0, 0.0, 0.0, 0.0, 0.0]",125880,81422,N3,dismiss,-0.3,ts,2553,1
"[0.25, -0.25, 0.22714285714285723, -0.08766233766233766, 0.0, 0.0, 0.0, 0.0, 1.0, 0.7424472880831784, 1.0, 0.0, 0.0, 0.0, 0.0, 0.0, 0.0, 0.0]",55744,21089,N3,accept,0.475,ts,1183,0
"[0.2058823529411765, -0.2058823529411765, -0.0625, -0.02, 0.16, 0.0, 0.0, 0.0, 1.0, 0.7543817618859714, 1.0, 0.0, 0.0, 0.0, 0.0, 0.0, 0.0, 0.0]",40998,70937,N3,dismiss,-0.3,ts,859,1
"[0.5, -0.5, -0.4172461752433937, 0.015479876160990712, 1.0, 0.0, 0.0, 0.0, 1.0, 0.646677624271836, 1.0, 0.0, 0.0, 0.0, 0.0, 0.0, 0.0, 0.0]",87863,57551,N3,accept,0.6499999999999999,ts,2539,1
"[0.11999999999999993, -0.11999999999999993, 0.2222222222222222, -0.0056657223796034, 0.0, 0.0, 0.0, 0.0, 1.0, 0.7210661718528755, 1.0, 0.0, 0.0, 0.0, 0.0, 0.0, 0.0, 0.0]",107307,70000,N3,dismiss,-0.3,ts,2964,1
"[0.3548387096774194, -0.3548387096774194, -0.535437760571769, -1.0, -1.0, 0.0, 0.0, 0.0, 1.0, 0.48091857104383345, 1.0, 0.0, 0.0, 0.0, 0.0, 0.0, 0.0, 0.0]",64515,174937,N3,dismiss,-0.3,ts,2815,1
"[0.09999999999999996, -0.09999999999999996, -0.0006666666666666524, 0.27419354838709675, -0.06000000000000001, 0.0, 0.0, 0.0, 1.0, 0.706675003762941, 1.0, 0.0, 0.0, 0.0, 0.0, 0.0, 0.0, 0.0]",41650,155616,N3,accept,0.36999999999999994,ts,2285,0
"[0.5636363636363637, -0.5636363636363637, -0.43781094527363185, -0.033426183844011144, 0.76, 0.0, 0.0, 0.0, 1.0, 0.6785991844538143, 1.0, 0.0, 0.0, 0.0, 0.0, 0.0, 0.0, 0.0]",43347,108828,N3,accept,0.6945454545454546,ts,1373,1
"[0.8890756302521008, -0.8890756302521008, -0.5925494761350407, -0.046263345195729534, -0.14285714285714285, 0.0, 0.0, 0.0, 1.0, 0.778140938741885, 1.0, 0.0, 0.0, 0.0, 0.0, 0.0, 0.0, 0.0]",84577,92135,N3,dismiss,-0.3,ts,1784,1
"[0.20000000000000007, -0.20000000000000007, 0.19142857142857142, -0.04788732394366197, 0.09090909090909091, 0.0, 0.0, 0.0, 1.0, 0.7205734669549364, 1.0, 0.0, 0.0, 0.0, 0.0, 0.0, 0.0, 0.0]",123005,108746,N3,dismiss,-0.3,ts,2598,0
"[0.1666666666666667, -0.1666666666666667, -0.22940563086548488, 0.0380952380952381, 0.0, 0.0, 0.0, 0.0, 1.0, 0.7266325231925359, 1.0, 0.0, 0.0, 0.0, 0.0, 0.0, 0.0, 0.0]",56248,115244,N3,dismiss,-0.3,ts,2823,1
"[0.3958333333333333, -0.3958333333333333, -0.309153713298791, -0.02158273381294964, 0.0, 0.0, 0.0, 0.0, 1.0, 0.7845809003273395, 1.0, 0.0, 0.0, 0.0, 0.0, 0.0, 0.0, 0.0]",108461,40258,N3,accept,0.5770833333333333,ts,2751,1
"[0.3382352941176471, -0.3382352941176471, -0.3671817512877116, 0.026239067055393587, 0.1641791044776119, 0.0, 0.0, 0.0, 1.0, 0.7132792099227282, 1.0, 0.0, 0.0, 0.0, 0.0, 0.0, 0.0, 0.0]",185707,105899,N3,dismiss,-0.3,ts,730,0
"[0.16666666666666663, -0.16666666666666663, 0.0, 0.0, 0.0, 0.0, 0.0, 0.0, 1.0, 0.8112296656009272, 1.0, 0.0, 0.0, 0.0, 0.0, 0.0, 0.0, 0.0]",147380,152267,N3,accept,0.41666666666666663,ts,1386,1
"[0.5887096774193549, -0.5887096774193549, 0.07140307033202427, -0.26571428571428574, -0.38, 0.0, 0.0, 0.0, 1.0, 0.7586869014394904, 1.0, 0.0, 0.0, 0.0, 0.0, 0.0, 0.0, 0.0]",89602,20089,N3,dismiss,-0.3,ts,1542,0
"[0.09090909090909098, -0.09090909090909098, -0.1544885177453027, -0.08806818181818182, -0.08333333333333333, 0.0, 0.0, 0.0, 1.0, 0.6834684916873824, 1.0, 0.0, 0.0, 0.0, 0.0, 0.0, 0.0, 0.0]",110877,142493,N3,dismiss,-0.3,ts,1838,1
"[0.7, -0.7, -0.2805555555555556, 0.44680851063829785, -0.19000000000000003, 0.0, 0.0, 0.0, 1.0, 0.7235217114788834, 1.0, 0.0, 0.0, 0.0, 0.0, 0.0, 0.0, 0.0]",145577,145532,N3,dismiss,-0.3,ts,2029,1
"[0.20000000000000007, -0.20000000000000007, -0.12025316455696208, -0.05056179775280899, 0.0, 0.0, 0.0, 0.0, 1.0, 0.7656472846313683, 1.0, 0.0, 0.0, 0.0, 0.0, 0.0, 0.0, 0.0]",116201,108746,N3,dismiss,-0.3,ts,2963,1
"[0.7643097643097644, -0.7643097643097644, -0.6871741397288843, -0.1, 0.040000000000000036, 0.0, 0.0, 0.0, 1.0, 0.76602282630088, 1.0, 0.0, 0.0, 0.0, 0.0, 0.0, 0.0, 0.0]",141707,85440,N3,dismiss,-0.3,ts,1819,1
"[0.25, -0.25, 0.0, 0.07453416149068323, 0.13636363636363635, 0.0, 0.0, 0.0, 1.0, 0.7830109453831142, 1.0, 0.0, 0.0, 0.0, 0.0, 0.0, 0.0, 0.0]",43089,117045,N3,dismiss,-0.3,ts,498,0
"[0.16666666666666666, -0.16666666666666666, -0.05447878470403348, -0.6273022751895991, 1.0, 0.0, 0.0, 0.0, 1.0, 0.5339550818124775, 1.0, 0.0, 0.0, 0.0, 0.0, 0.0, 0.0, 0.0]",185512,123511,N3,dismiss,-0.3,ts,2359,1
"[0.08333333333333326, -0.08333333333333326, 0.0, 0.1125, 0.18181818181818182, 0.0, 0.0, 0.0, 1.0, 0.7051372725166374, 1.0, 0.0, 0.0, 0.0, 0.0, 0.0, 0.0, 0.0]",73738,73736,N3,dismiss,-0.3,ts,2069,0
"[0.25, -0.25, -0.4962393721386527, -0.001215066828675577, 0.0, 0.0, 0.0, 0.0, 1.0, 0.7133566296965045, 1.0, 0.0, 0.0, 0.0, 0.0, 0.0, 0.0, 0.0]",75083,189231,N3,dismiss,-0.3,ts,716,1
"[0.7954545454545455, -0.7954545454545455, -0.29375, 0.02702702702702703, 0.7037037037037037, 0.0, 0.0, 0.0, 1.0, 0.7478574292274299, 1.0, 0.0, 0.0, 0.0, 0.0, 0.0, 0.0, 0.0]",107308,89765,N3,accept,0.8568181818181819,ts,2545,0
"[0.1250000000000001, -0.1250000000000001, 0.16218749999999993, 0.0, 0.0, 0.0, 0.0, 0.0, 1.0, 0.7409291148542603, 1.0, 0.0, 0.0, 0.0, 0.0, 0.0, 0.0, 0.0]",152421,55412,N3,dismiss,-0.3,ts,2728,1
"[0.5151515151515151, -0.5151515151515151, -0.060150375939849676, 0.1076923076923077, -0.07142857142857142, 0.0, 0.0, 0.0, 1.0, 0.8404252540200962, 1.0, 0.0, 0.0, 0.0, 0.0, 0.0, 0.0, 0.0]",90175,90182,N3,dismiss,-0.3,ts,1964,0
"[0.7559322033898305, -0.7559322033898305, -0.34188034188034194, 0.36231884057971014, 0.2, 0.0, 0.0, 0.0, 1.0, 0.7272533969879976, 1.0, 0.0, 0.0, 0.0, 0.0, 0.0, 0.0, 0.0]",63936,63878,N3,accept,0.8291525423728814,ts,2143,1
"[0.45, -0.45, -0.1942857142857143, 0.04794520547945205, -0.5, 0.0, 0.0, 0.0, 1.0, 0.7241362251205312, 1.0, 0.0, 0.0, 0.0, 0.0, 0.0, 0.0, 0.0]",39888,120700,N3,dismiss,-0.3,ts,2578,1
"[0.20000000000000004, -0.20000000000000004, 0.21108179419525067, 0.4475806451612903, -0.7928571428571428, 0.0, 0.0, 0.0, 1.0, 0.5459549816926202, 1.0, 0.0, 0.0, 0.0, 0.0, 0.0, 0.0, 0.0]",89593,158412,N3,accept,0.44,ts,1496,0
"[0.6875, -0.6875, 0.05571428571428579, 0.18461538461538463, -0.6592592592592593, 0.0, 0.0, 0.0, 1.0, 0.7663329371063949, 1.0, 0.0, 0.0, 0.0, 0.0, 0.0, 0.0, 0.0]",20014,140660,N3,dismiss,-0.3,ts,1393,0
"[0.15000000000000013, -0.15000000000000013, -0.5036842105263158, -0.24, -0.020000000000000018, 0.0, 0.0, 0.0, 1.0, 0.6152912841830693, 1.0, 0.0, 0.0, 0.0, 0.0, 0.0, 0.0, 0.0]",18611,56971,N3,dismiss,-0.3,ts,575,1
"[0.6724598930481284, -0.6724598930481284, 0.0, -0.5586206896551724, -0.26, 0.0, 0.0, 0.0, 1.0, 0.7795601453171943, 1.0, 0.0, 0.0, 0.0, 0.0, 0.0, 0.0, 0.0]",151787,125786,N3,dismiss,-0.3,ts,2799,1
"[0.7000000000000001, -0.7000000000000001, -0.35, 0.0, 0.0, 0.0, 0.0, 0.0, 1.0, 0.8447686501604755, 1.0, 0.0, 0.0, 0.0, 0.0, 0.0, 0.0, 0.0]",63921,63920,N3,dismiss,-0.3,ts,1659,0
"[0.09090909090909098, -0.09090909090909098, 0.0, 0.06515580736543909, 0.0, 0.0, 0.0, 0.0, 1.0, 0.7655544386808594, 1.0, 0.0, 0.0, 0.0, 0.0, 0.0, 0.0, 0.0]",87721,151841,N3,accept,0.36363636363636365,ts,2959,1
"[0.33333333333333337, -0.33333333333333337, -0.04368673415023976, 0.4751131221719457, 0.25, 0.0, 0.0, 0.0, 1.0, 0.6977738805226098, 1.0, 0.0, 0.0, 0.0, 0.0, 0.0, 0.0, 0.0]",104466,155669,N3,dismiss,-0.3,ts,2983,0
"[0.4444444444444445, -0.4444444444444445, 0.22284122562674097, -0.7678571428571429, -0.58, 0.0, 0.0, 0.0, 1.0, 0.6030913596283243, 1.0, 0.0, 0.0, 0.0, 0.0, 0.0, 0.0, 0.0]",63093,110076,N3,dismiss,-0.3,ts,1494,0
"[0.625, -0.625, -0.2317548746518106, 0.016722408026755852, -0.07692307692307693, 0.0, 0.0, 0.0, 1.0, 0.8330090859287487, 1.0, 0.0, 0.0, 0.0, 0.0, 0.0, 0.0, 0.0]",174765,141757,N3,dismiss,-0.3,ts,987,0
"[0.6909090909090909, -0.6909090909090909, 0.0, -0.32075471698113206, -0.11999999999999997, 0.0, 0.0, 0.0, 1.0, 0.8410807546925714, 1.0, 0.0, 0.0, 0.0, 0.0, 0.0, 0.0, 0.0]",122719,189308,N3,dismiss,-0.3,ts,2483,1
"[0.1200000000000001, -0.1200000000000001, 0.1455847255369929, -0.054878048780487805, -0.8250000000000001, 0.0, 0.0, 0.0, 1.0, 0.6072134063167107, 1.0, 0.0, 0.0, 0.0, 0.0, 0.0, 0.0, 0.0]",57551,59423,N3,dismiss,-0.3,ts,638,0
"[0.20000000000000007, -0.20000000000000007, 0.17909090909090916, -0.10160427807486631, 0.36363636363636365, 0.0, 0.0, 0.0, 1.0, 0.6575173146638584, 1.0, 0.0, 0.0, 0.0, 0.0, 0.0, 0.0, 0.0]",89763,107458,N3,dismiss,-0.3,ts,2159,1
"[0.40476190476190477, -0.40476190476190477, 0.04171011470281543, -0.014492753623188406, 0.0, 0.0, 0.0, 0.0, 1.0, 0.8652356645448637, 1.0, 0.0, 0.0, 0.0, 0.0, 0.0, 0.0, 0.0]",154624,71092,N3,dismiss,-0.3,ts,1206,0
"[0.11458333333333333, -0.11458333333333333, 0.0, -0.5587392550143266, -0.77, 0.0, 0.0, 0.0, 1.0, 0.5737732739088267, 1.0, 0.0, 0.0, 0.0, 0.0, 0.0, 0.0, 0.0]",107563,142262,N3,dismiss,-0.3,ts,1826,0
"[0.20000000000000007, -0.20000000000000007, -0.00663349917081258, -0.002785515320334262, -0.44, 0.0, 0.0, 0.0, 1.0, 0.7315763827558615, 1.0, 0.0, 0.0, 0.0, 0.0, 0.0, 0.0, 0.0]",29710,135483,N3,dismiss,-0.3,ts,1793,0
"[0.01020408163265307, -0.01020408163265307, -0.5244055068836045, 0.0425531914893617, 0.04, 0.0, 0.0, 0.0, 1.0, 0.600126683649287, 1.0, 0.0, 0.0, 0.0, 0.0, 0.0, 0.0, 0.0]",158420,104962,N3,accept,0.30714285714285716,ts,2296,1
"[0.19709090909090918, -0.19709090909090918, -0.07324621733149929, 0.0, 0.0, 0.0, 0.0, 0.0, 1.0, 0.7945750109053056, 1.0, 0.0, 0.0, 0.0, 0.0, 0.0, 0.0, 0.0]",85069,63876,N3,dismiss,-0.3,ts,1130,0
"[0.6683673469387755, -0.6683673469387755, -0.05542857142857136, -0.5456989247311828, 0.1724137931034483, 0.0, 0.0, 0.0, 1.0, 0.7762925780580481, 1.0, 0.0, 0.0, 0.0, 0.0, 0.0, 0.0, 0.0]",169065,61360,N3,dismiss,-0.3,ts,2151,1
"[0.56, -0.56, 0.047120418848167464, 0.36086956521739133, -0.4, 0.0, 0.0, 0.0, 1.0, 0.7437502917188107, 1.0, 0.0, 0.0, 0.0, 0.0, 0.0, 0.0, 0.0]",146668,169349,N3,dismiss,-0.3,ts,978,0
"[0.1666666666666667, -0.1666666666666667, -0.13333333333333333, -0.3, -0.16, 0.0, 0.0, 0.0, 1.0, 0.6556594342490147, 1.0, 0.0, 0.0, 0.0, 0.0, 0.0, 0.0, 0.0]",18490,156539,N3,dismiss,-0.3,ts,873,0
"[0.2307692307692307, -0.2307692307692307, 0.0, -0.48333333333333334, -0.38, 0.0, 0.0, 0.0, 1.0, 0.6604423213536388, 1.0, 0.0, 0.0, 0.0, 0.0, 0.0, 0.0, 0.0]",131606,41650,N3,dismiss,-0.3,ts,2058,1
"[0.13793103448275862, -0.13793103448275862, -0.6330275229357798, -0.9132947976878613, -0.8941176470588235, 0.0, 0.0, 0.0, 1.0, 0.4066193539943744, 1.0, 0.0, 0.0, 0.0, 0.0, 0.0, 0.0, 0.0]",64502,51022,N3,dismiss,-0.3,ts,2190,0
"[0.3636363636363637, -0.3636363636363637, 0.0, 0.0, 0.0, 0.0, 0.0, 0.0, 1.0, 0.8742764353476687, 1.0, 0.0, 0.0, 0.0, 0.0, 0.0, 0.0, 0.0]",123054,123174,N3,dismiss,-0.3,ts,2411,0
"[0.3636363636363637, -0.3636363636363637, 0.0, 0.016713091922005572, 0.15384615384615385, 0.0, 0.0, 0.0, 1.0, 0.8296166021577667, 1.0, 0.0, 0.0, 0.0, 0.0, 0.0, 0.0, 0.0]",123551,123174,N3,accept,0.5545454545454546,ts,1325,0
"[0.5636363636363637, -0.5636363636363637, -0.3181818181818182, 0.10826210826210826, 0.7142857142857143, 0.0, 0.0, 0.0, 1.0, 0.684759117069591, 1.0, 0.0, 0.0, 0.0, 0.0, 0.0, 0.0, 0.0]",151838,107588,N3,accept,0.6945454545454546,ts,2412,1
"[0.39999999999999997, -0.39999999999999997, 0.0, -0.32, -0.12000000000000002, 0.0, 0.0, 0.0, 1.0, 0.7813504345159491, 1.0, 0.0, 0.0, 0.0, 0.0, 0.0, 0.0, 0.0]",71728,50997,N3,accept,0.58,ts,1673,1
"[0.47058823529411764, -0.47058823529411764, 0.18181818181818182, 0.14, 0.18000000000000002, 0.0, 0.0, 0.0, 1.0, 0.759069863248445, 1.0, 0.0, 0.0, 0.0, 0.0, 0.0, 0.0, 0.0]",18323,37953,N3,accept,0.6294117647058823,ts,2966,0
"[0.8944444444444444, -0.8944444444444444, 0.0, -0.02, 0.0, 0.0, 0.0, 0.0, 1.0, 0.962136410518863, 1.0, 0.0, 0.0, 0.0, 0.0, 0.0, 0.0, 0.0]",89731,83441,N3,dismiss,-0.3,ts,2564,0
"[0.296, -0.296, 0.2, -0.01694915254237288, -0.07692307692307693, 0.0, 0.0, 0.0, 1.0, 0.7619137030425129, 1.0, 0.0, 0.0, 0.0, 0.0, 0.0, 0.0, 0.0]",108784,31966,N3,dismiss,-0.3,ts,769,1
"[0.08333333333333323, -0.08333333333333323, -0.2317559863169897, 0.0, 0.0, 0.0, 0.0, 0.0, 1.0, 0.7069023470783287, 1.0, 0.0, 0.0, 0.0, 0.0, 0.0, 0.0, 0.0]",147381,152267,N3,dismiss,-0.3,ts,1531,1
"[0.3636363636363637, -0.3636363636363637, -0.24791666666666665, -0.07027027027027027, 1.0, 0.0, 0.0, 0.0, 1.0, 0.6415169590174974, 1.0, 0.0, 0.0, 0.0, 0.0, 0.0, 0.0, 0.0]",107308,123439,N3,dismiss,-0.3,ts,432,0
"[0.87, -0.87, -0.375, -0.5789473684210527, -0.27999999999999997, 0.0, 0.0, 0.0, 1.0, 0.6930278953109194, 1.0, 0.0, 0.0, 0.0, 0.0, 0.0, 0.0, 0.0]",122720,81568,N3,dismiss,-0.3,ts,2309,1
"[0.19512195121951212, -0.19512195121951212, 0.1573604060913707, 0.27450980392156865, 0.16666666666666666, 0.0, 0.0, 0.0, 1.0, 0.6612561616586466, 1.0, 0.0, 0.0, 0.0, 0.0, 0.0, 0.0, 0.0]",141752,90175,N3,dismiss,-0.3,ts,1423,0
"[0.2922374429223744, -0.2922374429223744, 0.22661217075386023, 0.011267605633802818, 0.125, 0.0, 0.0, 0.0, 1.0, 0.7436629812278469, 1.0, 0.0, 0.0, 0.0, 0.0, 0.0, 0.0, 0.0]",64291,85287,N3,dismiss,-0.3,ts,1720,0
"[0.24999999999999992, -0.24999999999999992, -0.1164, 0.0, -0.01639344262295076, 0.0, 0.0, 0.0, 1.0, 0.7932134703500135, 1.0, 0.0, 0.0, 0.0, 0.0, 0.0, 0.0, 0.0]",81542,110166,N3,dismiss,-0.3,ts,2085,1
"[0.0555555555555556, -0.0555555555555556, -0.47750000000000004, -0.3804347826086957, -0.15999999999999998, 0.0, 0.0, 0.0, 1.0, 0.526759016676835, 1.0, 0.0, 0.0, 0.0, 0.0, 0.0, 0.0, 0.0]",155815,18005,N3,dismiss,-0.3,ts,1416,1
"[0.1764705882352941, -0.1764705882352941, 0.0, 0.05045871559633028, 0.0, 0.0, 0.0, 0.0, 1.0, 0.8002741033846621, 1.0, 0.0, 0.0, 0.0, 0.0, 0.0, 0.0, 0.0]",173998,173997,N3,dismiss,-0.3,ts,1317,0
"[0.20000000000000007, -0.20000000000000007, -0.00663349917081258, 0.019943019943019943, -0.5, 0.0, 0.0, 0.0, 1.0, 0.7195090339231701, 1.0, 0.0, 0.0, 0.0, 0.0, 0.0, 0.0, 0.0]",151840,135483,N3,dismiss,-0.3,ts,2703,1
"[0.1666666666666667, -0.1666666666666667, -0.52, -0.9, -0.8363636363636363, 0.0, 0.0, 0.0, 1.0, 0.43487558982697444, 1.0, 0.0, 0.0, 0.0, 0.0, 0.0, 0.0, 0.0]",41388,61090,N3,dismiss,-0.3,ts,2229,1
"[0.5, -0.5, -0.26666666666666666, 0.64, 0.08000000000000003, 0.0, 0.0, 0.0, 1.0, 0.695643645411739, 1.0, 0.0, 0.0, 0.0, 0.0, 0.0, 0.0, 0.0]",50997,51575,N3,dismiss,-0.3,ts,2049,1
"[0.19999999999999993, -0.19999999999999993, -0.1875, 0.0, 0.0, 0.0, 0.0, 0.0, 1.0, 0.7602860088710922, 1.0, 0.0, 0.0, 0.0, 0.0, 0.0, 0.0, 0.0]",73358,117926,N3,dismiss,-0.3,ts,1048,0
"[0.4545454545454546, -0.4545454545454546, -0.27192205491585464, 0.0028735632183908046, 0.6666666666666666, 0.0, 0.0, 0.0, 1.0, 0.7029574883243559, 1.0, 0.0, 0.0, 0.0, 0.0, 0.0, 0.0, 0.0]",31973,108839,N3,dismiss,-0.3,ts,1944,1
"[0.20000000000000007, -0.20000000000000007, 0.09090909090909091, -0.019943019943019943, -0.14285714285714285, 0.0, 0.0, 0.0, 1.0, 0.7464351712490337, 1.0, 0.0, 0.0, 0.0, 0.0, 0.0, 0.0, 0.0]",162722,31975,N3,dismiss,-0.3,ts,592,1
"[0.25, -0.25, -0.045979564637938695, -0.02768166089965398, 0.07692307692307693, 0.0, 0.0, 0.0, 1.0, 0.7925496229619686, 1.0, 0.0, 0.0, 0.0, 0.0, 0.0, 0.0, 0.0]",179677,21089,N3,accept,0.475,ts,978,1
"[0.0769230769230768, -0.0769230769230768, 0.125, -0.75, -0.44000000000000006, 0.0, 0.0, 0.0, 1.0, 0.5301659338444363, 1.0, 0.0, 0.0, 0.0, 0.0, 0.0, 0.0, 0.0]",57385,81128,N3,dismiss,-0.3,ts,1131,0
"[0.030303030303030328, -0.030303030303030328, -0.3734335839598998, 0.06153846153846154, -0.14285714285714285, 0.0, 0.0, 0.0, 1.0, 0.6014765009872357, 1.0, 0.0, 0.0, 0.0, 0.0, 0.0, 0.0, 0.0]",90175,93854,N3,dismiss,-0.3,ts,1071,1
"[0.75, -0.75, 0.07799999999999997, -0.11666666666666667, -0.18181818181818182, 0.0, 0.0, 0.0, 1.0, 0.8464921298349981, 1.0, 0.0, 0.0, 0.0, 0.0, 0.0, 0.0, 0.0]",69947,63919,N3,dismiss,-0.3,ts,2578,0
"[0.4583333333333333, -0.4583333333333333, -0.1433260393873086, 0.22, 0.24000000000000005, 0.0, 0.0, 0.0, 1.0, 0.7386709394486253, 1.0, 0.0, 0.0, 0.0, 0.0, 0.0, 0.0, 0.0]",151789,123325,N3,accept,0.6208333333333333,ts,926,0
"[0.0285714285714286, -0.0285714285714286, 0.0, -0.4375, -0.039999999999999994, 0.0, 0.0, 0.0, 1.0, 0.6617044856731337, 1.0, 0.0, 0.0, 0.0, 0.0, 0.0, 0.0, 0.0]",125786,189308,N3,dismiss,-0.3,ts,1937,0
"[0.13333333333333328, -0.13333333333333328, -0.07126567844925884, -0.028901734104046242, -0.07999999999999999, 0.0, 0.0, 0.0, 1.0, 0.7421727843140296, 1.0, 0.0, 0.0, 0.0, 0.0, 0.0, 0.0, 0.0]",87098,143094,N3,accept,0.39333333333333326,ts,2542,1
"[0.25, -0.25, -0.5708154506437768, -0.008595988538681949, 1.0, 0.0, 0.0, 0.0, 1.0, 0.5525921765486778, 1.0, 0.0, 0.0, 0.0, 0.0, 0.0, 0.0, 0.0]",189369,117045,N3,dismiss,-0.3,ts,2198,0
"[0.7171717171717171, -0.7171717171717171, -0.18181818181818182, 0.36, 0.040000000000000036, 0.0, 0.0, 0.0, 1.0, 0.7984142146342929, 1.0, 0.0, 0.0, 0.0, 0.0, 0.0, 0.0, 0.0]",141703,30711,N3,dismiss,-0.3,ts,1065,1
"[0.010909090909090839, -0.010909090909090839, -0.7835593220338983, -0.14285714285714285, -0.08333333333333333, 0.0, 0.0, 0.0, 1.0, 0.5355134964909132, 1.0, 0.0, 0.0, 0.0, 0.0, 0.0, 0.0, 0.0]",51122,115323,N3,dismiss,-0.3,ts,1062,0
"[0.25000000000000006, -0.25000000000000006, -0.10427528675703858, -0.3401360544217687, 0.17647058823529413, 0.0, 0.0, 0.0, 1.0, 0.6833059974324363, 1.0, 0.0, 0.0, 0.0, 0.0, 0.0, 0.0, 0.0]",115240,139804,N3,dismiss,-0.3,ts,879,1
"[0.5636363636363637, -0.5636363636363637, 0.23355263157894735, 0.005797101449275362, 0.8333333333333334, 0.0, 0.0, 0.0, 1.0, 0.7241369127393539, 1.0, 0.0, 0.0, 0.0, 0.0, 0.0, 0.0, 0.0]",123021,107659,N3,dismiss,-0.3,ts,974,1
"[0.8571428571428572, -0.8571428571428572, 0.0, -0.23809523809523808, -0.5810810810810811, 0.0, 0.0, 0.0, 1.0, 0.8045931298411383, 1.0, 0.0, 0.0, 0.0, 0.0, 0.0, 0.0, 0.0]",91071,91074,N3,dismiss,-0.3,ts,1969,0
"[0.6029411764705882, -0.6029411764705882, 0.0, 0.0, 0.0, 0.0, 0.0, 0.0, 1.0, 0.9296098135166916, 1.0, 0.0, 0.0, 0.0, 0.0, 0.0, 0.0, 0.0]",107697,70105,N3,dismiss,-0.3,ts,2789,1
"[0.5, -0.5, -0.35778175313059035, -0.4148936170212766, 0.08000000000000007, 0.0, 0.0, 0.0, 1.0, 0.6998134226636865, 1.0, 0.0, 0.0, 0.0, 0.0, 0.0, 0.0, 0.0]",19596,84107,N3,dismiss,-0.3,ts,848,1
"[0.25000000000000006, -0.25000000000000006, -0.0625, -0.34, 0.039999999999999994, 0.0, 0.0, 0.0, 1.0, 0.7305487309174494, 1.0, 0.0, 0.0, 0.0, 0.0, 0.0, 0.0, 0.0]",40998,50997,N3,dismiss,-0.3,ts,1154,0
"[0.35245901639344257, -0.35245901639344257, -0.43941286695815124, 0.008450704225352112, 0.05555555555555555, 0.0, 0.0, 0.0, 1.0, 0.735860531537126, 1.0, 0.0, 0.0, 0.0, 0.0, 0.0, 0.0, 0.0]",41679,43387,N3,dismiss,-0.3,ts,2836,1
"[0.15000000000000013, -0.15000000000000013, -0.5036842105263158, -0.24, -0.020000000000000018, 0.0, 0.0, 0.0, 1.0, 0.6152912841830693, 1.0, 0.0, 0.0, 0.0, 0.0, 0.0, 0.0, 0.0]",38124,56971,N3,dismiss,-0.3,ts,734,1
"[0.3571428571428571, -0.3571428571428571, -0.6251673360107095, 0.3593073593073593, -0.48148148148148145, 0.0, 0.0, 0.0, 1.0, 0.5600940953373862, 1.0, 0.0, 0.0, 0.0, 0.0, 0.0, 0.0, 0.0]",20077,145523,N3,dismiss,-0.3,ts,2434,1
"[0.3636363636363637, -0.3636363636363637, 0.0, 0.016713091922005572, 0.25, 0.0, 0.0, 0.0, 1.0, 0.8103249790259089, 1.0, 0.0, 0.0, 0.0, 0.0, 0.0, 0.0, 0.0]",123014,123174,N3,dismiss,-0.3,ts,592,0
"[0.06249999999999994, -0.06249999999999994, -0.42495393524611735, 0.15263157894736842, -0.05263157894736842, 0.0, 0.0, 0.0, 1.0, 0.6044124951997967, 1.0, 0.0, 0.0, 0.0, 0.0, 0.0, 0.0, 0.0]",155625,127690,N3,dismiss,-0.3,ts,1312,1
"[0.18154761904761904, -0.18154761904761904, -0.32540675844806016, 0.0, 0.0, 0.0, 0.0, 0.0, 1.0, 0.7207701523456082, 1.0, 0.0, 0.0, 0.0, 0.0, 0.0, 0.0, 0.0]",16679,152267,N3,dismiss,-0.3,ts,2867,1
"[0.09090909090909098, -0.09090909090909098, 0.1650000000000001, 0.06402439024390244, -0.8916666666666666, 0.0, 0.0, 0.0, 1.0, 0.5848490209251476, 1.0, 0.0, 0.0, 0.0, 0.0, 0.0, 0.0, 0.0]",162867,189369,N3,accept,0.36363636363636365,ts,1561,1
"[0.55, -0.55, 0.11470588235294113, -0.05, -0.17272727272727276, 0.0, 0.0, 0.0, 1.0, 0.8203561366987663, 1.0, 0.0, 0.0, 0.0, 0.0, 0.0, 0.0, 0.0]",115238,49005,N3,dismiss,-0.3,ts,2891,0
"[0.24242424242424238, -0.24242424242424238, -0.158311345646438, -0.08536585365853659, -0.21999999999999997, 0.0, 0.0, 0.0, 1.0, 0.7058869977996952, 1.0, 0.0, 0.0, 0.0, 0.0, 0.0, 0.0, 0.0]",110035,19597,N3,dismiss,-0.3,ts,2105,1
"[0.8705882352941177, -0.8705882352941177, -0.0024169184290029695, 0.684, -0.06666666666666667, 0.0, 0.0, 0.0, 1.0, 0.8343113700427547, 1.0, 0.0, 0.0, 0.0, 0.0, 0.0, 0.0, 0.0]",61306,61314,N3,dismiss,-0.3,ts,782,1
"[0.7066666666666667, -0.7066666666666667, 0.10987791342952277, 0.43908045977011495, -0.25, 0.0, 0.0, 0.0, 1.0, 0.7602704837036794, 1.0, 0.0, 0.0, 0.0, 0.0, 0.0, 0.0, 0.0]",155692,169349,N3,accept,0.7946666666666666,ts,2327,0
"[0.28571428571428564, -0.28571428571428564, 0.23883928571428578, 0.0, 0.0, 0.0, 0.0, 0.0, 1.0, 0.7750759893121976, 1.0, 0.0, 0.0, 0.0, 0.0, 0.0, 0.0, 0.0]",55348,93922,N3,dismiss,-0.3,ts,2443,0
"[0.5599999999999999, -0.5599999999999999, 0.0009099181073703173, 0.34532374100719426, 1.0, 0.0, 0.0, 0.0, 1.0, 0.709884034192077, 1.0, 0.0, 0.0, 0.0, 0.0, 0.0, 0.0, 0.0]",185410,89763,N3,dismiss,-0.3,ts,1863,1
"[0.3, -0.3, -0.09400544959128067, -0.4808510638297872, 0.35714285714285715, 0.0, 0.0, 0.0, 1.0, 0.6519633916210341, 1.0, 0.0, 0.0, 0.0, 0.0, 0.0, 0.0, 0.0]",156584,185563,N3,dismiss,-0.3,ts,748,1
"[0.46153846153846156, -0.46153846153846156, -0.7849624060150376, -0.03125, 0.11999999999999993, 0.0, 0.0, 0.0, 1.0, 0.7003839178920463, 1.0, 0.0, 0.0, 0.0, 0.0, 0.0, 0.0, 0.0]",175226,85230,N3,dismiss,-0.3,ts,2293,1
"[0.16666666666666666, -0.16666666666666666, 0.12288993923024973, -0.219435736677116, -0.28, 0.0, 0.0, 0.0, 1.0, 0.6500444440790432, 1.0, 0.0, 0.0, 0.0, 0.0, 0.0, 0.0, 0.0]",128276,52481,N3,dismiss,-0.3,ts,2080,1
"[0.16216216216216217, -0.16216216216216217, -0.16666666666666666, 0.08461538461538462, 0.020833333333333447, 0.0, 0.0, 0.0, 1.0, 0.7234709814458078, 1.0, 0.0, 0.0, 0.0, 0.0, 0.0, 0.0, 0.0]",91969,91957,N3,dismiss,-0.3,ts,429,0
"[0.20000000000000007, -0.20000000000000007, -0.2510779436152571, -0.008547008547008548, -0.14285714285714285, 0.0, 0.0, 0.0, 1.0, 0.7040523268798877, 1.0, 0.0, 0.0, 0.0, 0.0, 0.0, 0.0, 0.0]",15531,31973,N3,accept,0.44000000000000006,ts,562,1
"[0.5636363636363637, -0.5636363636363637, -0.4547263681592039, -0.027855153203342618, 0.6, 0.0, 0.0, 0.0, 1.0, 0.6897718482417422, 1.0, 0.0, 0.0, 0.0, 0.0, 0.0, 0.0, 0.0]",30201,108839,N3,dismiss,-0.3,ts,2447,1
"[0.14, -0.14, 0.06068268015170685, 0.0, 0.0, 0.0, 0.0, 0.0, 1.0, 0.7788836843497392, 1.0, 0.0, 0.0, 0.0, 0.0, 0.0, 0.0, 0.0]",72622,79362,N3,accept,0.398,ts,2054,0
"[0.15999999999999998, -0.15999999999999998, -0.16666666666666666, -0.16587677725118483, 0.4, 0.0, 0.0, 0.0, 1.0, 0.6272291690417143, 1.0, 0.0, 0.0, 0.0, 0.0, 0.0, 0.0, 0.0]",162680,15171,N3,dismiss,-0.3,ts,1050,1
"[0.19999999999999993, -0.19999999999999993, -0.64, 0.0, 0.0, 0.0, 0.0, 0.0, 1.0, 0.6784356132035365, 1.0, 0.0, 0.0, 0.0, 0.0, 0.0, 0.0, 0.0]",77920,62598,N3,dismiss,-0.3,ts,475,1
"[0.3, -0.3, 0.15, 0.44, 0.07999999999999999, 0.0, 0.0, 0.0, 1.0, 0.6936774005460145, 1.0, 0.0, 0.0, 0.0, 0.0, 0.0, 0.0, 0.0]",85440,82101,N3,dismiss,-0.3,ts,1742,1
"[0.14285714285714288, -0.14285714285714288, -0.06259780907668232, 0.014492753623188406, 0.01626016260162596, 0.0, 0.0, 0.0, 1.0, 0.7701460986980563, 1.0, 0.0, 0.0, 0.0, 0.0, 0.0, 0.0, 0.0]",81462,19869,N3,dismiss,-0.3,ts,2434,1
"[0.14, -0.14, -0.02666666666666673, 0.0625, -0.1, 0.0, 0.0, 0.0, 1.0, 0.7465385609804288, 1.0, 0.0, 0.0, 0.0, 0.0, 0.0, 0.0, 0.0]",141632,69993,N3,dismiss,-0.3,ts,584,0
"[0.20000000000000007, -0.20000000000000007, -0.20398009950248752, -0.04178272980501393, -0.08, 0.0, 0.0, 0.0, 1.0, 0.7216254216313975, 1.0, 0.0, 0.0, 0.0, 0.0, 0.0, 0.0, 0.0]",43347,31972,N3,accept,0.44000000000000006,ts,2941,1
"[0.7647058823529411, -0.7647058823529411, -0.05685714285714291, 1.0, 0.09523809523809523, 0.0, 0.0, 0.0, 1.0, 0.7738437243577441, 1.0, 0.0, 0.0, 0.0, 0.0, 0.0, 0.0, 0.0]",104680,120787,N3,dismiss,-0.3,ts,2212,1
"[0.4444444444444445, -0.4444444444444445, 0.10401459854014582, -0.54, -0.6, 0.0, 0.0, 0.0, 1.0, 0.6542508615673612, 1.0, 0.0, 0.0, 0.0, 0.0, 0.0, 0.0, 0.0]",169353,132873,N3,dismiss,-0.3,ts,2213,0
"[0.02500000000000002, -0.02500000000000002, -0.028182701652089328, -0.06, -0.07999999999999999, 0.0, 0.0, 0.0, 1.0, 0.709268980968216, 1.0, 0.0, 0.0, 0.0, 0.0, 0.0, 0.0, 0.0]",114070,62540,N3,dismiss,-0.3,ts,2480,1
"[0.3636363636363637, -0.3636363636363637, 0.0027777777777778173, -0.017142857142857144, 1.0, 0.0, 0.0, 0.0, 1.0, 0.7185981528177577, 1.0, 0.0, 0.0, 0.0, 0.0, 0.0, 0.0, 0.0]",30105,123439,N3,dismiss,-0.3,ts,2053,0
"[0.07692307692307684, -0.07692307692307684, -0.1872881355932203, 1.0, -0.22727272727272727, 0.0, 0.0, 0.0, 1.0, 0.5317456847362717, 1.0, 0.0, 0.0, 0.0, 0.0, 0.0, 0.0, 0.0]",169794,55882,N3,accept,0.35384615384615375,ts,2952,0
"[0.25, -0.25, -0.3834917458729365, -0.001215066828675577, 0.0, 0.0, 0.0, 0.0, 1.0, 0.7321076440419114, 1.0, 0.0, 0.0, 0.0, 0.0, 0.0, 0.0, 0.0]",30337,189231,N3,dismiss,-0.3,ts,2842,1
"[0.375, -0.375, -0.4360603653693408, 0.0, 0.0, 0.0, 0.0, 0.0, 1.0, 0.7610702948879243, 1.0, 0.0, 0.0, 0.0, 0.0, 0.0, 0.0, 0.0]",127415,170956,N3,dismiss,-0.3,ts,2761,0
"[0.3333333333333333, -0.3333333333333333, 0.23745819397993317, -0.22, 0.058823529411764705, 0.0, 0.0, 0.0, 1.0, 0.7198736284313243, 1.0, 0.0, 0.0, 0.0, 0.0, 0.0, 0.0, 0.0]",89664,115299,N3,dismiss,-0.3,ts,2313,0
"[0.01453488372093018, -0.01453488372093018, -0.3082851637764933, 0.008522727272727272, 0.24999999999999997, 0.0, 0.0, 0.0, 1.0, 0.6018526821340638, 1.0, 0.0, 0.0, 0.0, 0.0, 0.0, 0.0, 0.0]",54520,143110,N3,dismiss,-0.3,ts,2270,1
"[0.25000000000000006, -0.25000000000000006, 0.20033388981636072, 1.0, -0.2631578947368421, 0.0, 0.0, 0.0, 1.0, 0.5692901544143816, 1.0, 0.0, 0.0, 0.0, 0.0, 0.0, 0.0, 0.0]",185524,55377,N3,dismiss,-0.3,ts,1173,1
"[0.20000000000000007, -0.20000000000000007, 0.19092827004219395, 0.020527859237536656, 0.0, 0.0, 0.0, 0.0, 1.0, 0.7533130949785521, 1.0, 0.0, 0.0, 0.0, 0.0, 0.0, 0.0, 0.0]",116193,31973,N3,accept,0.44000000000000006,ts,677,0
"[0.47058823529411764, -0.47058823529411764, 0.07692307692307693, 1.0, 0.6599999999999999, 0.0, 0.0, 0.0, 1.0, 0.6187834354083326, 1.0, 0.0, 0.0, 0.0, 0.0, 0.0, 0.0, 0.0]",37982,39150,N3,dismiss,-0.3,ts,2607,1
"[0.5, -0.5, 0.006289308176100607, 0.12, -0.06000000000000005, 0.0, 0.0, 0.0, 1.0, 0.8573195155206763, 1.0, 0.0, 0.0, 0.0, 0.0, 0.0, 0.0, 0.0]",89446,58615,N3,accept,0.6499999999999999,ts,1139,1
"[0.25999999999999995, -0.25999999999999995, 0.2005012531328321, 0.127208480565371, 0.4, 0.0, 0.0, 0.0, 1.0, 0.6604743435508937, 1.0, 0.0, 0.0, 0.0, 0.0, 0.0, 0.0, 0.0]",49000,63924,N3,dismiss,-0.3,ts,1190,0
"[0.1764705882352941, -0.1764705882352941, -0.09674185463659146, 1.0, -0.21052631578947367, 0.0, 0.0, 0.0, 1.0, 0.5796507712531097, 1.0, 0.0, 0.0, 0.0, 0.0, 0.0, 0.0, 0.0]",185563,155693,N3,accept,0.4235294117647058,ts,1668,1
"[0.2, -0.2, 0.21706864564007414, 0.6601941747572816, 0.5490196078431374, 0.0, 0.0, 0.0, 1.0, 0.5424762137879036, 1.0, 0.0, 0.0, 0.0, 0.0, 0.0, 0.0, 0.0]",117087,15178,N3,accept,0.43999999999999995,ts,452,0
"[0.3000000000000001, -0.3000000000000001, -0.528957528957529, 0.0, 0.0, 0.0, 0.0, 0.0, 1.0, 0.7249105321469098, 1.0, 0.0, 0.0, 0.0, 0.0, 0.0, 0.0, 0.0]",85444,85446,N3,dismiss,-0.3,ts,2328,0
"[0.19999999999999996, -0.19999999999999996, -0.20040080160320642, 0.0, 0.0, 0.0, 0.0, 0.0, 1.0, 0.7567847392414749, 1.0, 0.0, 0.0, 0.0, 0.0, 0.0, 0.0, 0.0]",130669,30619,N3,dismiss,-0.3,ts,2523,1
"[0.52, -0.52, 0.11648223645894, 0.0, 0.0, 0.0, 0.0, 0.0, 1.0, 0.8716130198763568, 1.0, 0.0, 0.0, 0.0, 0.0, 0.0, 0.0, 0.0]",142501,54196,N3,dismiss,-0.3,ts,1232,0
"[0.8835294117647059, -0.8835294117647059, -0.44212860310421287, -0.04498269896193772, -0.07692307692307693, 0.0, 0.0, 0.0, 1.0, 0.8153327974814609, 1.0, 0.0, 0.0, 0.0, 0.0, 0.0, 0.0, 0.0]",179676,108025,N3,accept,0.9184705882352941,ts,2611,1
"[0.5636363636363637, -0.5636363636363637, -0.20886075949367092, 0.02346041055718475, 0.6666666666666666, 0.0, 0.0, 0.0, 1.0, 0.7365449697909566, 1.0, 0.0, 0.0, 0.0, 0.0, 0.0, 0.0, 0.0]",116193,107563,N3,dismiss,-0.3,ts,762,1
"[0.8705882352941177, -0.8705882352941177, -0.0024169184290029695, 0.684, -0.06666666666666667, 0.0, 0.0, 0.0, 1.0, 0.8343113700427547, 1.0, 0.0, 0.0, 0.0, 0.0, 0.0, 0.0, 0.0]",61306,61314,N3,dismiss,-0.3,ts,2056,0
"[0.3, -0.3, -0.25611175785797446, -0.014285714285714285, -0.015999999999999945, 0.0, 0.0, 0.0, 1.0, 0.7663580400368346, 1.0, 0.0, 0.0, 0.0, 0.0, 0.0, 0.0, 0.0]",19856,81462,N3,accept,0.51,ts,2768,1
"[0.15000000000000002, -0.15000000000000002, -0.1643454038997214, -0.002881844380403458, 0.13636363636363635, 0.0, 0.0, 0.0, 1.0, 0.7126257202247521, 1.0, 0.0, 0.0, 0.0, 0.0, 0.0, 0.0, 0.0]",82377,105724,N3,dismiss,-0.3,ts,1095,1
"[0.25000000000000006, -0.25000000000000006, 0.0, 1.0, -0.3157894736842105, 0.0, 0.0, 0.0, 1.0, 0.6210881403621081, 1.0, 0.0, 0.0, 0.0, 0.0, 0.0, 0.0, 0.0]",185524,92082,N3,dismiss,-0.3,ts,1290,1
"[0.12499999999999993, -0.12499999999999993, 0.10362694300518135, -0.007194244604316547, 0.0, 0.0, 0.0, 0.0, 1.0, 0.756753131913337, 1.0, 0.0, 0.0, 0.0, 0.0, 0.0, 0.0, 0.0]",108461,81462,N3,dismiss,-0.3,ts,1146,1
"[0.6818181818181819, -0.6818181818181819, -0.050125313283208024, 0.18840579710144928, -0.51, 0.0, 0.0, 0.0, 1.0, 0.7806619322864332, 1.0, 0.0, 0.0, 0.0, 0.0, 0.0, 0.0, 0.0]",48998,49086,N3,dismiss,-0.3,ts,479,0
"[0.415625, -0.415625, 0.1312500000000001, 0.0, 0.0, 0.0, 0.0, 0.0, 1.0, 0.8422044928641546, 1.0, 0.0, 0.0, 0.0, 0.0, 0.0, 0.0, 0.0]",152518,15139,N3,dismiss,-0.3,ts,605,1
"[0.06666666666666665, -0.06666666666666665, 0.24626121635094725, -0.03205128205128205, 0.040000000000000036, 0.0, 0.0, 0.0, 1.0, 0.6762873769706732, 1.0, 0.0, 0.0, 0.0, 0.0, 0.0, 0.0, 0.0]",86978,108112,N3,dismiss,-0.3,ts,1772,0
"[0.0142857142857143, -0.0142857142857143, -0.5358151476251606, 0.28, 0.019999999999999973, 0.0, 0.0, 0.0, 1.0, 0.5536460520568631, 1.0, 0.0, 0.0, 0.0, 0.0, 0.0, 0.0, 0.0]",33303,79808,N3,accept,0.31,ts,2336,1
"[0.164, -0.164, -0.6836, -0.1, 0.088, 0.0, 0.0, 0.0, 1.0, 0.6098549356396384, 1.0, 0.0, 0.0, 0.0, 0.0, 0.0, 0.0, 0.0]",85224,134716,N3,dismiss,-0.3,ts,2495,0
"[0.20000000000000004, -0.20000000000000004, -0.05555555555555555, -0.75, -0.44000000000000006, 0.0, 0.0, 0.0, 1.0, 0.5974829772502733, 1.0, 0.0, 0.0, 0.0, 0.0, 0.0, 0.0, 0.0]",68609,18334,N3,dismiss,-0.3,ts,2509,1
"[0.4444444444444445, -0.4444444444444445, 0.22284122562674097, -0.7678571428571429, -0.58, 0.0, 0.0, 0.0, 1.0, 0.6030913596283243, 1.0, 0.0, 0.0, 0.0, 0.0, 0.0, 0.0, 0.0]",63093,110076,N3,dismiss,-0.3,ts,829,0
"[0.35999999999999993, -0.35999999999999993, 0.125, 1.0, 1.0, 0.0, 0.0, 0.0, 1.0, 0.5327936544339077, 1.0, 0.0, 0.0, 0.0, 0.0, 0.0, 0.0, 0.0]",18355,51061,N3,dismiss,-0.3,ts,1033,1
"[0.8, -0.8, 0.13333333333333333, 0.0, 0.0, 0.0, 0.0, 0.0, 1.0, 0.9115993194259686, 1.0, 0.0, 0.0, 0.0, 0.0, 0.0, 0.0, 0.0]",190833,51605,N3,dismiss,-0.3,ts,2767,0
"[0.7531428571428572, -0.7531428571428572, -0.05604534005037787, 0.028169014084507043, -0.21052631578947367, 0.0, 0.0, 0.0, 1.0, 0.8717592703986687, 1.0, 0.0, 0.0, 0.0, 0.0, 0.0, 0.0, 0.0]",89666,128284,N3,dismiss,-0.3,ts,2981,1
"[0.22164948453608244, -0.22164948453608244, -0.2631578947368421, -0.0641399416909621, -0.07692307692307693, 0.0, 0.0, 0.0, 1.0, 0.7088927203903614, 1.0, 0.0, 0.0, 0.0, 0.0, 0.0, 0.0, 0.0]",104962,103704,N3,dismiss,-0.3,ts,2013,1
"[0.47058823529411764, -0.47058823529411764, 0.07692307692307693, 1.0, 0.6599999999999999, 0.0, 0.0, 0.0, 1.0, 0.6187834354083326, 1.0, 0.0, 0.0, 0.0, 0.0, 0.0, 0.0, 0.0]",37982,39150,N3,dismiss,-0.3,ts,2447,1
"[0.3636363636363637, -0.3636363636363637, 0.0, 0.0, 0.0, 0.0, 0.0, 0.0, 1.0, 0.8742764353476687, 1.0, 0.0, 0.0, 0.0, 0.0, 0.0, 0.0, 0.0]",123143,123174,N3,accept,0.5545454545454546,ts,487,0
"[0.19230769230769232, -0.19230769230769232, 0.0, 0.11363636363636363, 0.0, 0.0, 0.0, 0.0, 1.0, 0.7896850702294859, 1.0, 0.0, 0.0, 0.0, 0.0, 0.0, 0.0, 0.0]",114738,166142,N3,dismiss,-0.3,ts,2343,0
"[0.33333333333333337, -0.33333333333333337, -0.5833333333333334, 0.0, 0.0, 0.0, 0.0, 0.0, 1.0, 0.727809934097922, 1.0, 0.0, 0.0, 0.0, 0.0, 0.0, 0.0, 0.0]",112487,38636,N3,accept,0.5333333333333333,ts,2288,0
"[0.4444444444444445, -0.4444444444444445, 0.21404682274247488, -0.6984126984126984, -0.58, 0.0, 0.0, 0.0, 1.0, 0.610175897468082, 1.0, 0.0, 0.0, 0.0, 0.0, 0.0, 0.0, 0.0]",19676,132873,N3,dismiss,-0.3,ts,480,0
"[0.65, -0.65, 0.0333889816360601, -0.02158273381294964, 0.02500000000000006, 0.0, 0.0, 0.0, 1.0, 0.9111512439745767, 1.0, 0.0, 0.0, 0.0, 0.0, 0.0, 0.0, 0.0]",53365,39280,N3,dismiss,-0.3,ts,879,1
"[0.85, -0.85, -0.005000000000000071, 0.0, 0.0, 0.0, 0.0, 0.0, 1.0, 0.9617967240690748, 1.0, 0.0, 0.0, 0.0, 0.0, 0.0, 0.0, 0.0]",38018,174748,N3,accept,0.895,ts,2642,0
"[0.5636363636363637, -0.5636363636363637, -0.22954545454545458, -0.011396011396011397, 0.5714285714285714, 0.0, 0.0, 0.0, 1.0, 0.7429992451003153, 1.0, 0.0, 0.0, 0.0, 0.0, 0.0, 0.0, 0.0]",162723,108828,N3,accept,0.6945454545454546,ts,940,1
"[0.24999999999999997, -0.24999999999999997, 0.06028476219327483, 0.2600732600732601, 0.17391304347826086, 0.0, 0.0, 0.0, 1.0, 0.7119707109018438, 1.0, 0.0, 0.0, 0.0, 0.0, 0.0, 0.0, 0.0]",86743,169335,N3,dismiss,-0.3,ts,1848,0
"[0.20000000000000007, -0.20000000000000007, -0.24181818181818182, -0.037037037037037035, -0.14285714285714285, 0.0, 0.0, 0.0, 1.0, 0.6981476542695305, 1.0, 0.0, 0.0, 0.0, 0.0, 0.0, 0.0, 0.0]",70002,108746,N3,dismiss,-0.3,ts,1118,1
"[0.07692307692307684, -0.07692307692307684, -0.1872881355932203, 0.4411764705882353, -0.2916666666666667, 0.0, 0.0, 0.0, 1.0, 0.5620114161518501, 1.0, 0.0, 0.0, 0.0, 0.0, 0.0, 0.0, 0.0]",92709,115240,N3,dismiss,-0.3,ts,982,0
"[0.47058823529411764, -0.47058823529411764, 0.07692307692307693, 1.0, 0.6599999999999999, 0.0, 0.0, 0.0, 1.0, 0.6187834354083326, 1.0, 0.0, 0.0, 0.0, 0.0, 0.0, 0.0, 0.0]",37982,39150,N3,dismiss,-0.3,ts,1560,1
"[0.2727272727272727, -0.2727272727272727, -0.07061958694203868, -0.03690036900369004, -0.0117647058823529, 0.0, 0.0, 0.0, 1.0, 0.8064217516346286, 1.0, 0.0, 0.0, 0.0, 0.0, 0.0, 0.0, 0.0]",81453,81449,N3,accept,0.49090909090909085,ts,1822,0
"[0.28571428571428564, -0.28571428571428564, -0.37996031746031744, -0.05, 0.1, 0.0, 0.0, 0.0, 1.0, 0.7031076195797393, 1.0, 0.0, 0.0, 0.0, 0.0, 0.0, 0.0, 0.0]",55348,174942,N3,dismiss,-0.3,ts,2859,1
"[0.7257142857142858, -0.7257142857142858, -0.25974025974025977, -0.024734982332155476, 0.0, 0.0, 0.0, 0.0, 1.0, 0.8608149912248749, 1.0, 0.0, 0.0, 0.0, 0.0, 0.0, 0.0, 0.0]",63899,48997,N3,dismiss,-0.3,ts,2377,1
"[0.11458333333333333, -0.11458333333333333, -0.08759124087591248, -0.5587392550143266, -0.77, 0.0, 0.0, 0.0, 1.0, 0.5416340437403093, 1.0, 0.0, 0.0, 0.0, 0.0, 0.0, 0.0, 0.0]",108839,142262,N3,dismiss,-0.3,ts,630,0
"[0.5, -0.5, -0.4117647058823529, 0.0, 0.0, 0.0, 0.0, 0.0, 1.0, 0.7965632240551328, 1.0, 0.0, 0.0, 0.0, 0.0, 0.0, 0.0, 0.0]",38239,93860,N3,dismiss,-0.3,ts,748,1
"[0.08554572271386432, -0.08554572271386432, -0.03466761972837737, 0.011267605633802818, 0.0, 0.0, 0.0, 0.0, 1.0, 0.7651650175603291, 1.0, 0.0, 0.0, 0.0, 0.0, 0.0, 0.0, 0.0]",146721,85287,N3,accept,0.359882005899705,ts,2795,0
"[0.75, -0.75, -0.5, 0.0, 0.0, 0.0, 0.0, 0.0, 1.0, 0.8259011557847338, 1.0, 0.0, 0.0, 0.0, 0.0, 0.0, 0.0, 0.0]",112476,93843,N3,dismiss,-0.3,ts,895,1
"[0.11458333333333333, -0.11458333333333333, 0.0, -0.5587392550143266, -0.77, 0.0, 0.0, 0.0, 1.0, 0.5737732739088267, 1.0, 0.0, 0.0, 0.0, 0.0, 0.0, 0.0, 0.0]",107563,142262,N3,dismiss,-0.3,ts,1507,0
"[0.10000000000000007, -0.10000000000000007, -0.17519908987485786, -0.01048951048951049, -0.14285714285714285, 0.0, 0.0, 0.0, 1.0, 0.6877102891525925, 1.0, 0.0, 0.0, 0.0, 0.0, 0.0, 0.0, 0.0]",115366,134111,N3,dismiss,-0.3,ts,2806,0
"[0.5, -0.5, -0.5708955223880597, -0.23097826086956522, 0.6785714285714287, 0.0, 0.0, 0.0, 1.0, 0.605753314183908, 1.0, 0.0, 0.0, 0.0, 0.0, 0.0, 0.0, 0.0]",174790,185510,N3,dismiss,-0.3,ts,568,1
"[0.4, -0.28, -0.29684601113172543, 0.0, 0.0, 0.0, 0.0, 0.0, 1.0, 0.759689501888925, 1.0, 0.0, 0.0, 0.0, 0.0, 0.0, 0.0, 0.0]",63873,42569,N3,dismiss,-0.3,ts,624,0
"[0.2199999999999999, -0.2199999999999999, -0.08333333333333333, -0.02, -0.020000000000000018, 0.0, 0.0, 0.0, 1.0, 0.7871633709495124, 1.0, 0.0, 0.0, 0.0, 0.0, 0.0, 0.0, 0.0]",85440,81568,N3,dismiss,-0.3,ts,2055,1
"[0.3636363636363637, -0.3636363636363637, 0.146788990825688, 0.0110803324099723, 0.36363636363636365, 0.0, 0.0, 0.0, 1.0, 0.7425908749935993, 1.0, 0.0, 0.0, 0.0, 0.0, 0.0, 0.0, 0.0]",93938,123174,N3,dismiss,-0.3,ts,1740,0
"[0.8447058823529412, -0.8447058823529412, -0.41420256111757864, -0.017793594306049824, -0.14285714285714285, 0.0, 0.0, 0.0, 1.0, 0.808076065507588, 1.0, 0.0, 0.0, 0.0, 0.0, 0.0, 0.0, 0.0]",21089,108025,N3,accept,0.8912941176470588,ts,1839,1
"[0.5, -0.5, -0.35778175313059035, -0.4148936170212766, 0.08000000000000007, 0.0, 0.0, 0.0, 1.0, 0.6998134226636865, 1.0, 0.0, 0.0, 0.0, 0.0, 0.0, 0.0, 0.0]",19596,84107,N3,dismiss,-0.3,ts,2519,1
"[0.018181818181818195, -0.018181818181818195, -0.20784224841341783, 0.0, 0.0, 0.0, 0.0, 0.0, 1.0, 0.6887941787705715, 1.0, 0.0, 0.0, 0.0, 0.0, 0.0, 0.0, 0.0]",16660,147468,N3,dismiss,-0.3,ts,1338,0
"[0.4235294117647059, -0.4235294117647059, 0.0, 0.46, -0.11999999999999997, 0.0, 0.0, 0.0, 1.0, 0.7681937490550494, 1.0, 0.0, 0.0, 0.0, 0.0, 0.0, 0.0, 0.0]",87406,125786,N3,dismiss,-0.3,ts,1838,0
"[0.25, -0.25, -0.24812030075187969, 0.0581039755351682, 0.32978723404255317, 0.0, 0.0, 0.0, 1.0, 0.6724565857057285, 1.0, 0.0, 0.0, 0.0, 0.0, 0.0, 0.0, 0.0]",82380,117045,N3,dismiss,-0.3,ts,1618,0
"[0.4, -0.28, -0.2697495183044316, -0.18333333333333332, 1.0, 0.0, 0.0, 0.0, 1.0, 0.586722181322074, 1.0, 0.0, 0.0, 0.0, 0.0, 0.0, 0.0, 0.0]",16718,42569,N3,accept,0.58,ts,2179,0
"[0.014492753623188259, -0.014492753623188259, 0.211283185840708, -0.26, 0.0, 0.0, 0.0, 0.0, 1.0, 0.6256845598961668, 1.0, 0.0, 0.0, 0.0, 0.0, 0.0, 0.0, 0.0]",79808,77265,N3,dismiss,-0.3,ts,2165,0
"[0.08333333333333323, -0.08333333333333323, -0.2317559863169897, 0.0, 0.0, 0.0, 0.0, 0.0, 1.0, 0.7069023470783287, 1.0, 0.0, 0.0, 0.0, 0.0, 0.0, 0.0, 0.0]",147381,152267,N3,dismiss,-0.3,ts,1468,0
"[0.1200000000000001, -0.1200000000000001, 0.1455847255369929, -0.07120743034055728, 0.14000000000000004, 0.0, 0.0, 0.0, 1.0, 0.687454790909646, 1.0, 0.0, 0.0, 0.0, 0.0, 0.0, 0.0, 0.0]",57279,59424,N3,accept,0.38400000000000006,ts,683,0
"[0.5367647058823529, -0.5367647058823529, -0.08070175438596489, 0.66, 0.18000000000000002, 0.0, 0.0, 0.0, 1.0, 0.7316375799157532, 1.0, 0.0, 0.0, 0.0, 0.0, 0.0, 0.0, 0.0]",85443,122721,N3,dismiss,-0.3,ts,443,0
"[0.14285714285714285, -0.14285714285714285, 0.13333333333333333, 1.0, -0.23809523809523808, 0.0, 0.0, 0.0, 1.0, 0.5596889746063702, 1.0, 0.0, 0.0, 0.0, 0.0, 0.0, 0.0, 0.0]",175348,113825,N3,dismiss,-0.3,ts,1023,0
"[0.5, -0.5, -0.3970455230630088, 1.0, -0.52, 0.0, 0.0, 0.0, 1.0, 0.5578328352552592, 1.0, 0.0, 0.0, 0.0, 0.0, 0.0, 0.0, 0.0]",117335,169349,N3,dismiss,-0.3,ts,1618,1
"[0.6136363636363636, -0.6136363636363636, 0.07142857142857142, -0.5661971830985916, -0.5818181818181819, 0.0, 0.0, 0.0, 1.0, 0.7000950276667521, 1.0, 0.0, 0.0, 0.0, 0.0, 0.0, 0.0, 0.0]",123018,142262,N3,dismiss,-0.3,ts,405,1
"[0.0555555555555556, -0.0555555555555556, -0.47750000000000004, -0.3804347826086957, -0.15999999999999998, 0.0, 0.0, 0.0, 1.0, 0.526759016676835, 1.0, 0.0, 0.0, 0.0, 0.0, 0.0, 0.0, 0.0]",155815,18005,N3,accept,0.3388888888888889,ts,1254,1
"[0.35000000000000003, -0.35000000000000003, 0.027816411682892905, -0.45103857566765576, -0.5, 0.0, 0.0, 0.0, 1.0, 0.6756055460954731, 1.0, 0.0, 0.0, 0.0, 0.0, 0.0, 0.0, 0.0]",87402,175208,N3,accept,0.5449999999999999,ts,2525,0
"[0.16666666666666666, -0.16666666666666666, -0.2028571428571429, -0.2534246575342466, 0.05999999999999996, 0.0, 0.0, 0.0, 1.0, 0.6679264251231176, 1.0, 0.0, 0.0, 0.0, 0.0, 0.0, 0.0, 0.0]",39888,19612,N3,dismiss,-0.3,ts,1816,1
"[0.20000000000000007, -0.20000000000000007, -0.00663349917081258, 0.019943019943019943, -0.5, 0.0, 0.0, 0.0, 1.0, 0.7195090339231701, 1.0, 0.0, 0.0, 0.0, 0.0, 0.0, 0.0, 0.0]",15531,135483,N3,dismiss,-0.3,ts,2284,1
"[0.3333333333333333, -0.3333333333333333, -0.36, -0.8966666666666666, -0.9090909090909091, 0.0, 0.0, 0.0, 1.0, 0.5121885165285073, 1.0, 0.0, 0.0, 0.0, 0.0, 0.0, 0.0, 0.0]",41388,40998,N3,dismiss,-0.3,ts,1457,0
"[0.1666666666666667, -0.1666666666666667, 0.1111111111111111, 1.0, 0.44000000000000006, 0.0, 0.0, 0.0, 1.0, 0.53769314130362, 1.0, 0.0, 0.0, 0.0, 0.0, 0.0, 0.0, 0.0]",81128,18598,N3,accept,0.4166666666666667,ts,1675,0
"[0.5636363636363637, -0.5636363636363637, 0.21071428571428566, -0.022535211267605635, 1.0, 0.0, 0.0, 0.0, 1.0, 0.7170834252613659, 1.0, 0.0, 0.0, 0.0, 0.0, 0.0, 0.0, 0.0]",123005,108828,N3,dismiss,-0.3,ts,2508,1
"[0.25, -0.25, -0.24050632911392406, 0.0, -0.005555555555555635, 0.0, 0.0, 0.0, 1.0, 0.7615633265577997, 1.0, 0.0, 0.0, 0.0, 0.0, 0.0, 0.0, 0.0]",183583,165914,N3,dismiss,-0.3,ts,1479,0
"[0.39999999999999997, -0.39999999999999997, 0.0, -0.32, -0.12000000000000002, 0.0, 0.0, 0.0, 1.0, 0.7813504345159491, 1.0, 0.0, 0.0, 0.0, 0.0, 0.0, 0.0, 0.0]",71728,50997,N3,dismiss,-0.3,ts,2244,1
"[0.5599999999999999, -0.5599999999999999, 0.0013342228152101116, 0.014035087719298246, 0.03571428571428559, 0.0, 0.0, 0.0, 1.0, 0.9064267245263649, 1.0, 0.0, 0.0, 0.0, 0.0, 0.0, 0.0, 0.0]",104485,114138,N3,dismiss,-0.3,ts,2578,0
"[0.0285714285714286, -0.0285714285714286, 0.0, -0.4375, -0.039999999999999994, 0.0, 0.0, 0.0, 1.0, 0.6617044856731337, 1.0, 0.0, 0.0, 0.0, 0.0, 0.0, 0.0, 0.0]",125786,189308,N3,dismiss,-0.3,ts,1437,0
"[0.6428571428571429, -0.6428571428571429, 0.11421210820094461, 0.0, 0.0, 0.0, 0.0, 0.0, 1.0, 0.8957029276501718, 1.0, 0.0, 0.0, 0.0, 0.0, 0.0, 0.0, 0.0]",141736,49082,N3,dismiss,-0.3,ts,2869,1
"[0.4444444444444445, -0.4444444444444445, 0.10401459854014582, -0.54, -0.6, 0.0, 0.0, 0.0, 1.0, 0.6542508615673612, 1.0, 0.0, 0.0, 0.0, 0.0, 0.0, 0.0, 0.0]",169353,132873,N3,dismiss,-0.3,ts,710,0
"[0.16666666666666666, -0.16666666666666666, -0.25, 1.0, -0.10614525139664797, 0.0, 0.0, 0.0, 1.0, 0.5568152427176047, 1.0, 0.0, 0.0, 0.0, 0.0, 0.0, 0.0, 0.0]",165914,118876,N3,accept,0.41666666666666663,ts,488,1
"[0.2941176470588236, -0.2941176470588236, 0.0, 1.0, 0.22000000000000003, 0.0, 0.0, 0.0, 1.0, 0.6533578724024277, 1.0, 0.0, 0.0, 0.0, 0.0, 0.0, 0.0, 0.0]",51572,50956,N3,dismiss,-0.3,ts,1568,0
"[0.5592592592592593, -0.5592592592592593, -0.04576760719840025, 0.029304029304029304, -0.391304347826087, 0.0, 0.0, 0.0, 1.0, 0.813854068580522, 1.0, 0.0, 0.0, 0.0, 0.0, 0.0, 0.0, 0.0]",155648,84577,N3,dismiss,-0.3,ts,2591,1
"[0.28571428571428564, -0.28571428571428564, 0.1629802095459837, 0.0, 0.0, 0.0, 0.0, 0.0, 1.0, 0.7953984364798392, 1.0, 0.0, 0.0, 0.0, 0.0, 0.0, 0.0, 0.0]",93923,93922,N3,accept,0.4999999999999999,ts,1295,0
"[0.11458333333333333, -0.11458333333333333, 0.0, -0.5561959654178674, -0.7909090909090909, 0.0, 0.0, 0.0, 1.0, 0.5727064609689967, 1.0, 0.0, 0.0, 0.0, 0.0, 0.0, 0.0, 0.0]",107659,142262,N3,dismiss,-0.3,ts,2051,0
"[0.3636363636363637, -0.3636363636363637, 0.006343906510851462, 0.0, 0.0, 0.0, 0.0, 0.0, 1.0, 0.8717549029356069, 1.0, 0.0, 0.0, 0.0, 0.0, 0.0, 0.0, 0.0]",189329,74278,N3,dismiss,-0.3,ts,2095,1
"[0.8287671232876712, -0.8287671232876712, -0.18256130790190733, 0.008450704225352112, 0.5, 0.0, 0.0, 0.0, 1.0, 0.8030782653779729, 1.0, 0.0, 0.0, 0.0, 0.0, 0.0, 0.0, 0.0]",64291,151849,N3,accept,0.8801369863013697,ts,1708,1
"[0.9520000000000001, -0.9520000000000001, -0.18634607127522543, 0.09333333333333334, -0.5545454545454546, 0.0, 0.0, 0.0, 1.0, 0.7845263007533609, 1.0, 0.0, 0.0, 0.0, 0.0, 0.0, 0.0, 0.0]",141777,49086,N3,dismiss,-0.3,ts,2769,0
"[0.3576470588235294, -0.3576470588235294, -0.375, -0.02, -0.07999999999999999, 0.0, 0.0, 0.0, 1.0, 0.7389912166499053, 1.0, 0.0, 0.0, 0.0, 0.0, 0.0, 0.0, 0.0]",87406,81568,N3,dismiss,-0.3,ts,2773,1
"[0.25, -0.25, 0.0, -0.008595988538681949, 0.13636363636363635, 0.0, 0.0, 0.0, 1.0, 0.8012276518471559, 1.0, 0.0, 0.0, 0.0, 0.0, 0.0, 0.0, 0.0]",43088,117045,N3,dismiss,-0.3,ts,2540,0
"[0.047619047619047575, -0.047619047619047575, -0.4578571428571428, -0.3183673469387755, 0.1111111111111111, 0.0, 0.0, 0.0, 1.0, 0.5473361262425684, 1.0, 0.0, 0.0, 0.0, 0.0, 0.0, 0.0, 0.0]",166142,81498,N3,dismiss,-0.3,ts,1002,1
"[0.1666666666666667, -0.1666666666666667, -0.15503875968992248, -0.009174311926605505, 0.0, 0.0, 0.0, 0.0, 1.0, 0.7551804891068353, 1.0, 0.0, 0.0, 0.0, 0.0, 0.0, 0.0, 0.0]",92712,85929,N3,dismiss,-0.3,ts,429,0
"[0.07692307692307684, -0.07692307692307684, -0.1872881355932203, 1.0, -0.22727272727272727, 0.0, 0.0, 0.0, 1.0, 0.5317456847362717, 1.0, 0.0, 0.0, 0.0, 0.0, 0.0, 0.0, 0.0]",169794,55882,N3,accept,0.35384615384615375,ts,980,0
"[0.11999999999999993, -0.11999999999999993, -0.4639027877055039, 0.1826086956521739, 0.7857142857142857, 0.0, 0.0, 0.0, 1.0, 0.5088734042290358, 1.0, 0.0, 0.0, 0.0, 0.0, 0.0, 0.0, 0.0]",88672,89764,N3,dismiss,-0.3,ts,2201,1
"[0.5636363636363637, -0.5636363636363637, -0.43781094527363185, -0.033426183844011144, 0.76, 0.0, 0.0, 0.0, 1.0, 0.6785991844538143, 1.0, 0.0, 0.0, 0.0, 0.0, 0.0, 0.0, 0.0]",30201,108828,N3,dismiss,-0.3,ts,424,1
"[0.15, -0.15, -0.3033333333333334, -0.08064516129032258, -0.2, 0.0, 0.0, 0.0, 1.0, 0.6425573796525078, 1.0, 0.0, 0.0, 0.0, 0.0, 0.0, 0.0, 0.0]",41650,18005,N3,dismiss,-0.3,ts,1594,1
"[0.41666666666666663, -0.41666666666666663, 0.0333889816360601, -0.02857142857142857, -0.015999999999999945, 0.0, 0.0, 0.0, 1.0, 0.8626753628631801, 1.0, 0.0, 0.0, 0.0, 0.0, 0.0, 0.0, 0.0]",19869,39280,N3,accept,0.5916666666666666,ts,2431,0
"[0.25000000000000006, -0.25000000000000006, -0.11641443538998836, 0.09281437125748503, 1.0, 0.0, 0.0, 0.0, 1.0, 0.6227095310764252, 1.0, 0.0, 0.0, 0.0, 0.0, 0.0, 0.0, 0.0]",64439,141844,N3,dismiss,-0.3,ts,809,0
"[0.03273809523809514, -0.03273809523809514, 0.1926782273603083, 0.09, 0.09090909090909091, 0.0, 0.0, 0.0, 1.0, 0.6486620220280555, 1.0, 0.0, 0.0, 0.0, 0.0, 0.0, 0.0, 0.0]",16734,63891,N3,dismiss,-0.3,ts,2207,0
"[0.5636363636363637, -0.5636363636363637, -0.4547263681592039, -0.027855153203342618, 0.6, 0.0, 0.0, 0.0, 1.0, 0.6897718482417422, 1.0, 0.0, 0.0, 0.0, 0.0, 0.0, 0.0, 0.0]",30201,108839,N3,dismiss,-0.3,ts,2713,1
"[0.11999999999999993, -0.11999999999999993, 0.09090909090909091, 0.05413105413105413, -0.03571428571428571, 0.0, 0.0, 0.0, 1.0, 0.7355390703478111, 1.0, 0.0, 0.0, 0.0, 0.0, 0.0, 0.0, 0.0]",151839,107308,N3,accept,0.38399999999999995,ts,1872,0
"[0.25, -0.25, -0.24812030075187969, 0.005813953488372093, 0.041666666666666664, 0.0, 0.0, 0.0, 1.0, 0.7476249554836153, 1.0, 0.0, 0.0, 0.0, 0.0, 0.0, 0.0, 0.0]",174773,117045,N3,dismiss,-0.3,ts,2301,0
"[0.27906976744186046, -0.27906976744186046, 0.0, -0.03754266211604096, 0.042553191489361736, 0.0, 0.0, 0.0, 1.0, 0.8258504046786157, 1.0, 0.0, 0.0, 0.0, 0.0, 0.0, 0.0, 0.0]",33338,91957,N3,dismiss,-0.3,ts,2424,1
"[0.5888888888888888, -0.5888888888888888, 0.15714899098325463, 0.09, 0.2727272727272727, 0.0, 0.0, 0.0, 1.0, 0.7853088736259499, 1.0, 0.0, 0.0, 0.0, 0.0, 0.0, 0.0, 0.0]",141734,63923,N3,dismiss,-0.3,ts,1331,1
"[0.07692307692307684, -0.07692307692307684, 0.0, 0.12169312169312169, 0.0, 0.0, 0.0, 0.0, 1.0, 0.7463141143425299, 1.0, 0.0, 0.0, 0.0, 0.0, 0.0, 0.0, 0.0]",115242,55882,N3,dismiss,-0.3,ts,430,0
"[0.3636363636363637, -0.3636363636363637, 0.020408163265306048, 0.0110803324099723, 0.07142857142857142, 0.0, 0.0, 0.0, 1.0, 0.8430216704000497, 1.0, 0.0, 0.0, 0.0, 0.0, 0.0, 0.0, 0.0]",123215,123174,N3,accept,0.5545454545454546,ts,1627,0
"[0.3636363636363637, -0.3636363636363637, -0.6965098634294385, 0.04285714285714286, 0.9736842105263159, 0.0, 0.0, 0.0, 1.0, 0.5830171065785696, 1.0, 0.0, 0.0, 0.0, 0.0, 0.0, 0.0, 0.0]",43097,123174,N3,dismiss,-0.3,ts,2739,0
"[0.19999999999999993, -0.19999999999999993, 0.06666666666666667, 0.02, -0.16, 0.0, 0.0, 0.0, 1.0, 0.7509035883553894, 1.0, 0.0, 0.0, 0.0, 0.0, 0.0, 0.0, 0.0]",71728,40998,N3,accept,0.43999999999999995,ts,2105,0
"[0.8530612244897959, -0.8530612244897959, -0.4003639672429481, 0.4482758620689655, 0.47619047619047616, 0.0, 0.0, 0.0, 1.0, 0.6729637351096623, 1.0, 0.0, 0.0, 0.0, 0.0, 0.0, 0.0, 0.0]",180522,170138,N3,dismiss,-0.3,ts,1579,0
"[0.7066666666666667, -0.7066666666666667, -0.2630526549655631, -0.13186813186813187, 0.08695652173913043, 0.0, 0.0, 0.0, 1.0, 0.80587825131621, 1.0, 0.0, 0.0, 0.0, 0.0, 0.0, 0.0, 0.0]",120796,117335,N3,dismiss,-0.3,ts,2075,1
"[0.625, -0.625, 0.04833333333333339, -0.48333333333333334, -0.58, 0.0, 0.0, 0.0, 1.0, 0.7191648355673378, 1.0, 0.0, 0.0, 0.0, 0.0, 0.0, 0.0, 0.0]",167076,79359,N3,dismiss,-0.3,ts,2193,1
"[0.264, -0.264, -0.2317559863169897, 0.0, 0.0, 0.0, 0.0, 0.0, 1.0, 0.7699444006148144, 1.0, 0.0, 0.0, 0.0, 0.0, 0.0, 0.0, 0.0]",147381,63876,N3,dismiss,-0.3,ts,1717,1
"[0.8742857142857143, -0.8742857142857143, 0.1455847255369929, -0.05660377358490566, -0.3661971830985915, 0.0, 0.0, 0.0, 1.0, 0.8216951849792543, 1.0, 0.0, 0.0, 0.0, 0.0, 0.0, 0.0, 0.0]",57280,59424,N3,accept,0.9119999999999999,ts,2981,0
"[0.018987341772151913, -0.018987341772151913, -0.07966573816155988, -0.0111731843575419, -0.29473684210526313, 0.0, 0.0, 0.0, 1.0, 0.6575391462900055, 1.0, 0.0, 0.0, 0.0, 0.0, 0.0, 0.0, 0.0]",43387,43382,N3,dismiss,-0.3,ts,2261,1
"[0.09090909090909098, -0.09090909090909098, -0.050632911392405104, 0.10263929618768329, 0.16666666666666666, 0.0, 0.0, 0.0, 1.0, 0.6942624731436918, 1.0, 0.0, 0.0, 0.0, 0.0, 0.0, 0.0, 0.0]",116193,151841,N3,dismiss,-0.3,ts,1431,1
"[0.8835294117647059, -0.8835294117647059, -0.28114285714285714, -0.1038961038961039, -0.14285714285714285, 0.0, 0.0, 0.0, 1.0, 0.8155825728784956, 1.0, 0.0, 0.0, 0.0, 0.0, 0.0, 0.0, 0.0]",55744,108025,N3,accept,0.9184705882352941,ts,2749,1
"[0.5636363636363637, -0.5636363636363637, -0.5024875621890547, 0.10826210826210826, 1.0, 0.0, 0.0, 0.0, 1.0, 0.6364798338898465, 1.0, 0.0, 0.0, 0.0, 0.0, 0.0, 0.0, 0.0]",72081,107588,N3,dismiss,-0.3,ts,879,1
"[0.018987341772151913, -0.018987341772151913, -0.07966573816155988, -0.0111731843575419, -0.29473684210526313, 0.0, 0.0, 0.0, 1.0, 0.6575391462900055, 1.0, 0.0, 0.0, 0.0, 0.0, 0.0, 0.0, 0.0]",43387,43382,N3,dismiss,-0.3,ts,2958,1
"[0.20000000000000004, -0.20000000000000004, -0.20954598370197902, -0.014285714285714285, -0.015999999999999945, 0.0, 0.0, 0.0, 1.0, 0.745407813820075, 1.0, 0.0, 0.0, 0.0, 0.0, 0.0, 0.0, 0.0]",19856,108507,N3,dismiss,-0.3,ts,2087,1
"[0.5599999999999999, -0.5599999999999999, 0.08671484157865494, 0.16666666666666666, -0.3181818181818182, 0.0, 0.0, 0.0, 1.0, 0.7764692173315576, 1.0, 0.0, 0.0, 0.0, 0.0, 0.0, 0.0, 0.0]",183166,88363,N3,dismiss,-0.3,ts,2826,1
"[0.3333333333333333, -0.3333333333333333, -0.2554780876494024, -0.4507936507936508, -0.23076923076923078, 0.0, 0.0, 0.0, 1.0, 0.640949325590891, 1.0, 0.0, 0.0, 0.0, 0.0, 0.0, 0.0, 0.0]",170958,158410,N3,dismiss,-0.3,ts,2032,1
"[0.375, -0.375, -0.003994008986520312, 0.8733333333333333, -0.17647058823529413, 0.0, 0.0, 0.0, 1.0, 0.7074121555874953, 1.0, 0.0, 0.0, 0.0, 0.0, 0.0, 0.0, 0.0]",107861,60954,N3,accept,0.5625,ts,1456,1
"[0.5636363636363637, -0.5636363636363637, -0.5014705882352941, -0.01977401129943503, 0.6923076923076923, 0.0, 0.0, 0.0, 1.0, 0.6772782282354665, 1.0, 0.0, 0.0, 0.0, 0.0, 0.0, 0.0, 0.0]",108741,108828,N3,dismiss,-0.3,ts,833,1
"[0.9592592592592593, -0.9592592592592593, -0.26660742057320597, 0.0, 0.0, 0.0, 0.0, 0.0, 1.0, 0.890711605685712, 1.0, 0.0, 0.0, 0.0, 0.0, 0.0, 0.0, 0.0]",155648,86743,N3,dismiss,-0.3,ts,2049,0
"[0.1250000000000001, -0.1250000000000001, -0.041666666666666664, -0.015625, 0.07999999999999999, 0.0, 0.0, 0.0, 1.0, 0.753548736419283, 1.0, 0.0, 0.0, 0.0, 0.0, 0.0, 0.0, 0.0]",30711,82101,N3,accept,0.38750000000000007,ts,1995,1
"[0.5535714285714286, -0.5535714285714286, 0.07707129094412332, 0.0, 0.0, 0.0, 0.0, 0.0, 1.0, 0.891596891709044, 1.0, 0.0, 0.0, 0.0, 0.0, 0.0, 0.0, 0.0]",16734,16728,N3,dismiss,-0.3,ts,2865,0
"[0.5636363636363637, -0.5636363636363637, -0.5014705882352941, -0.01977401129943503, 0.6923076923076923, 0.0, 0.0, 0.0, 1.0, 0.6772782282354665, 1.0, 0.0, 0.0, 0.0, 0.0, 0.0, 0.0, 0.0]",108741,108828,N3,dismiss,-0.3,ts,1123,1
"[0.4545454545454546, -0.4545454545454546, -0.6264009962640099, -0.025139664804469275, 1.0, 0.0, 0.0, 0.0, 1.0, 0.6003158088348971, 1.0, 0.0, 0.0, 0.0, 0.0, 0.0, 0.0, 0.0]",93935,107563,N3,dismiss,-0.3,ts,536,1
"[0.1250000000000001, -0.1250000000000001, 0.1772262773722628, 0.0, 0.0, 0.0, 0.0, 0.0, 1.0, 0.7366447804514437, 1.0, 0.0, 0.0, 0.0, 0.0, 0.0, 0.0, 0.0]",29519,55348,N3,dismiss,-0.3,ts,2510,0
"[0.09090909090909098, -0.09090909090909098, -0.050632911392405104, 0.056179775280898875, 0.16666666666666666, 0.0, 0.0, 0.0, 1.0, 0.7061578432951615, 1.0, 0.0, 0.0, 0.0, 0.0, 0.0, 0.0, 0.0]",116201,151841,N3,dismiss,-0.3,ts,1070,1
"[0.4117647058823529, -0.4117647058823529, 0.0006671114076050558, -0.225, 0.040000000000000036, 0.0, 0.0, 0.0, 1.0, 0.8212169206981313, 1.0, 0.0, 0.0, 0.0, 0.0, 0.0, 0.0, 0.0]",169362,41650,N3,dismiss,-0.3,ts,930,1
"[0.1200000000000001, -0.1200000000000001, 0.1455847255369929, -0.08011869436201781, -0.52, 0.0, 0.0, 0.0, 1.0, 0.6248074521533694, 1.0, 0.0, 0.0, 0.0, 0.0, 0.0, 0.0, 0.0]",57278,59423,N3,dismiss,-0.3,ts,1347,0
"[0.41176470588235287, -0.41176470588235287, -0.15164369034994696, 0.12, 0.24, 0.0, 0.0, 0.0, 1.0, 0.7458609741032868, 1.0, 0.0, 0.0, 0.0, 0.0, 0.0, 0.0, 0.0]",56971,58615,N3,dismiss,-0.3,ts,1767,0
"[0.12, -0.12, -0.07333333333333335, -0.10106382978723404, -0.14285714285714285, 0.0, 0.0, 0.0, 1.0, 0.7025067626903237, 1.0, 0.0, 0.0, 0.0, 0.0, 0.0, 0.0, 0.0]",151841,108746,N3,dismiss,-0.3,ts,2413,0
"[0.16666666666666666, -0.16666666666666666, -0.46320054017555706, -0.219435736677116, -0.28, 0.0, 0.0, 0.0, 1.0, 0.5728208188630387, 1.0, 0.0, 0.0, 0.0, 0.0, 0.0, 0.0, 0.0]",128276,41685,N3,accept,0.41666666666666663,ts,2467,1
"[0.3333333333333333, -0.3333333333333333, -0.12984054669703862, 0.6428571428571429, 0.25, 0.0, 0.0, 0.0, 1.0, 0.6522363489584273, 1.0, 0.0, 0.0, 0.0, 0.0, 0.0, 0.0, 0.0]",128254,146668,N3,accept,0.5333333333333333,ts,2788,1
"[0.9228571428571429, -0.9228571428571429, -0.2761430511543685, 0.09016393442622951, -0.4583333333333333, 0.0, 0.0, 0.0, 1.0, 0.770830210491008, 1.0, 0.0, 0.0, 0.0, 0.0, 0.0, 0.0, 0.0]",81541,128247,N3,dismiss,-0.3,ts,2723,0
"[0.14285714285714285, -0.14285714285714285, -0.13156752062527144, -0.05190311418685121, 0.36363636363636365, 0.0, 0.0, 0.0, 1.0, 0.6641876162143715, 1.0, 0.0, 0.0, 0.0, 0.0, 0.0, 0.0, 0.0]",110153,115289,N3,dismiss,-0.3,ts,2658,0
"[0.4444444444444445, -0.4444444444444445, 0.17096774193548378, -0.18, -0.58, 0.0, 0.0, 0.0, 1.0, 0.6894489194008218, 1.0, 0.0, 0.0, 0.0, 0.0, 0.0, 0.0, 0.0]",81420,132873,N3,dismiss,-0.3,ts,769,0
"[0.6136363636363636, -0.6136363636363636, -0.3181818181818182, -0.5612535612535613, -0.6714285714285715, 0.0, 0.0, 0.0, 1.0, 0.625354972810449, 1.0, 0.0, 0.0, 0.0, 0.0, 0.0, 0.0, 0.0]",70002,142262,N3,dismiss,-0.3,ts,2011,1
"[0.06666666666666672, -0.06666666666666672, 0.06902815622161669, 0.43162393162393164, -0.2647058823529412, 0.0, 0.0, 0.0, 1.0, 0.6007381138874028, 1.0, 0.0, 0.0, 0.0, 0.0, 0.0, 0.0, 0.0]",146728,87090,N3,dismiss,-0.3,ts,1220,1
"[0.5, -0.5, 0.0, 0.0, 0.0, 0.0, 0.0, 0.0, 1.0, 0.9087872380968218, 1.0, 0.0, 0.0, 0.0, 0.0, 0.0, 0.0, 0.0]",141772,141766,N3,accept,0.6499999999999999,ts,916,1
"[0.5, -0.5, 0.07837837837837834, 1.0, 1.0, 0.0, 0.0, 0.0, 1.0, 0.5933091452435134, 1.0, 0.0, 0.0, 0.0, 0.0, 0.0, 0.0, 0.0]",115299,86748,N3,accept,0.6499999999999999,ts,1976,1
"[0.20000000000000007, -0.20000000000000007, -0.2932707355242567, -0.011363636363636364, 0.0, 0.0, 0.0, 0.0, 1.0, 0.7307070622096635, 1.0, 0.0, 0.0, 0.0, 0.0, 0.0, 0.0, 0.0]",43334,31973,N3,dismiss,-0.3,ts,2955,1
"[0.02500000000000002, -0.02500000000000002, -0.1863303498779495, -0.02, -0.07999999999999999, 0.0, 0.0, 0.0, 1.0, 0.6690903795112921, 1.0, 0.0, 0.0, 0.0, 0.0, 0.0, 0.0, 0.0]",130426,62503,N3,dismiss,-0.3,ts,955,1
"[0.64, -0.64, -0.0346408558329088, -0.05, -0.17272727272727276, 0.0, 0.0, 0.0, 1.0, 0.8645923634066793, 1.0, 0.0, 0.0, 0.0, 0.0, 0.0, 0.0, 0.0]",90181,49005,N3,dismiss,-0.3,ts,410,0
"[0.8, -0.8, 0.13333333333333333, 0.0, 0.0, 0.0, 0.0, 0.0, 1.0, 0.9115993194259686, 1.0, 0.0, 0.0, 0.0, 0.0, 0.0, 0.0, 0.0]",190833,51605,N3,dismiss,-0.3,ts,405,0
"[0.25, -0.25, -0.24812030075187969, 0.0581039755351682, 0.32978723404255317, 0.0, 0.0, 0.0, 1.0, 0.6724565857057285, 1.0, 0.0, 0.0, 0.0, 0.0, 0.0, 0.0, 0.0]",82380,117045,N3,dismiss,-0.3,ts,1108,0
"[0.20000000000000004, -0.20000000000000004, 0.21108179419525067, 0.4475806451612903, -0.7928571428571428, 0.0, 0.0, 0.0, 1.0, 0.5459549816926202, 1.0, 0.0, 0.0, 0.0, 0.0, 0.0, 0.0, 0.0]",89593,158412,N3,accept,0.44,ts,2157,1
"[0.7899159663865546, -0.7899159663865546, 0.07101280558789283, 1.0, -0.14285714285714285, 0.0, 0.0, 0.0, 1.0, 0.7563598107280072, 1.0, 0.0, 0.0, 0.0, 0.0, 0.0, 0.0, 0.0]",84577,128295,N3,dismiss,-0.3,ts,512,1
"[0.41176470588235287, -0.41176470588235287, -0.15164369034994696, 0.12, 0.24, 0.0, 0.0, 0.0, 1.0, 0.7458609741032868, 1.0, 0.0, 0.0, 0.0, 0.0, 0.0, 0.0, 0.0]",56971,58615,N3,accept,0.588235294117647,ts,730,0
"[0.20000000000000007, -0.20000000000000007, -0.1643286573146293, 1.0, 1.0, 0.0, 0.0, 0.0, 1.0, 0.4853892130899494, 1.0, 0.0, 0.0, 0.0, 0.0, 0.0, 0.0, 0.0]",169305,108746,N3,dismiss,-0.3,ts,2592,1
"[0.040000000000000036, -0.040000000000000036, 0.15037593984962405, 0.5676855895196506, -0.6375, 0.0, 0.0, 0.0, 1.0, 0.5031443816332022, 1.0, 0.0, 0.0, 0.0, 0.0, 0.0, 0.0, 0.0]",185375,158412,N3,dismiss,-0.3,ts,2491,0
"[0.5, -0.5, -0.052770448548812667, -0.4148936170212766, 0.08000000000000007, 0.0, 0.0, 0.0, 1.0, 0.7819976516061806, 1.0, 0.0, 0.0, 0.0, 0.0, 0.0, 0.0, 0.0]",84106,84107,N3,dismiss,-0.3,ts,2861,1
"[0.25, -0.25, 0.09090909090909091, 0.1, 0.49166666666666653, 0.0, 0.0, 0.0, 1.0, 0.6852588678547423, 1.0, 0.0, 0.0, 0.0, 0.0, 0.0, 0.0, 0.0]",110001,165914,N3,accept,0.475,ts,2699,0
"[0.8571428571428572, -0.8571428571428572, 0.05800000000000001, 0.054901960784313725, 0.0, 0.0, 0.0, 0.0, 1.0, 0.9269965060246893, 1.0, 0.0, 0.0, 0.0, 0.0, 0.0, 0.0, 0.0]",116982,117003,N3,dismiss,-0.3,ts,1055,0
"[0.14, -0.14, -0.31562500000000004, 0.030303030303030304, 0.0, 0.0, 0.0, 0.0, 1.0, 0.6993060113850216, 1.0, 0.0, 0.0, 0.0, 0.0, 0.0, 0.0, 0.0]",130086,69993,N3,accept,0.398,ts,2652,0
"[0.09090909090909098, -0.09090909090909098, -0.5683333333333334, 0.012048192771084338, -0.15384615384615385, 0.0, 0.0, 0.0, 1.0, 0.6047584988218198, 1.0, 0.0, 0.0, 0.0, 0.0, 0.0, 0.0, 0.0]",162894,106979,N3,accept,0.36363636363636365,ts,1245,1
"[0.3636363636363637, -0.3636363636363637, 0.0, 0.016713091922005572, 0.15384615384615385, 0.0, 0.0, 0.0, 1.0, 0.8296166021577667, 1.0, 0.0, 0.0, 0.0, 0.0, 0.0, 0.0, 0.0]",123140,123174,N3,dismiss,-0.3,ts,1327,0
"[0.14285714285714288, -0.14285714285714288, -0.1938610662358643, 0.0, 0.0, 0.0, 0.0, 0.0, 1.0, 0.7384864192538396, 1.0, 0.0, 0.0, 0.0, 0.0, 0.0, 0.0, 0.0]",39280,81422,N3,dismiss,-0.3,ts,1415,0
"[0.36000000000000004, -0.36000000000000004, -0.4222222222222222, -0.5219298245614035, 0.625, 0.0, 0.0, 0.0, 1.0, 0.5549958897272307, 1.0, 0.0, 0.0, 0.0, 0.0, 0.0, 0.0, 0.0]",118876,169893,N3,dismiss,-0.3,ts,2514,1
"[0.07692307692307684, -0.07692307692307684, -0.1872881355932203, 1.0, -0.22727272727272727, 0.0, 0.0, 0.0, 1.0, 0.5317456847362717, 1.0, 0.0, 0.0, 0.0, 0.0, 0.0, 0.0, 0.0]",169794,55882,N3,accept,0.35384615384615375,ts,1347,1
"[0.1666666666666667, -0.1666666666666667, -0.20120724346076452, 0.17355371900826447, -0.20833333333333334, 0.0, 0.0, 0.0, 1.0, 0.6498658731927112, 1.0, 0.0, 0.0, 0.0, 0.0, 0.0, 0.0, 0.0]",81543,89666,N3,accept,0.4166666666666667,ts,2615,1
"[0.25, -0.25, -0.18823529411764706, 0.0, 0.0, 0.0, 0.0, 0.0, 1.0, 0.7768452100027552, 1.0, 0.0, 0.0, 0.0, 0.0, 0.0, 0.0, 0.0]",113825,87177,N3,dismiss,-0.3,ts,2423,0
"[0.72, -0.72, -0.5509950248756219, -0.06521739130434782, 1.0, 0.0, 0.0, 0.0, 1.0, 0.6464339038370306, 1.0, 0.0, 0.0, 0.0, 0.0, 0.0, 0.0, 0.0]",174790,123439,N3,dismiss,-0.3,ts,1364,1
"[0.041666666666666574, -0.041666666666666574, -0.6251673360107095, 0.6536796536796536, -0.2962962962962963, 0.0, 0.0, 0.0, 1.0, 0.4464002989034202, 1.0, 0.0, 0.0, 0.0, 0.0, 0.0, 0.0, 0.0]",20077,103705,N3,dismiss,-0.3,ts,1601,1
"[0.30000000000000004, -0.30000000000000004, 0.03454231433506045, 0.08529411764705883, 0.25454545454545463, 0.0, 0.0, 0.0, 1.0, 0.7587558539384491, 1.0, 0.0, 0.0, 0.0, 0.0, 0.0, 0.0, 0.0]",16912,76847,N3,accept,0.51,ts,2556,0
"[0.062499999999999965, -0.062499999999999965, 0.0, 0.07339449541284404, -0.038461538461538464, 0.0, 0.0, 0.0, 1.0, 0.7417846617265634, 1.0, 0.0, 0.0, 0.0, 0.0, 0.0, 0.0, 0.0]",169893,183357,N3,dismiss,-0.3,ts,420,0
"[0.27999999999999997, -0.27999999999999997, -0.07452093683463454, 1.0, -0.78, 0.0, 0.0, 0.0, 1.0, 0.5645640780394282, 1.0, 0.0, 0.0, 0.0, 0.0, 0.0, 0.0, 0.0]",154734,128279,N3,dismiss,-0.3,ts,1001,0
"[0.35714285714285715, -0.35714285714285715, -0.7011686143572621, 0.19161676646706588, 0.18, 0.0, 0.0, 0.0, 1.0, 0.6285380072509015, 1.0, 0.0, 0.0, 0.0, 0.0, 0.0, 0.0, 0.0]",44189,130323,N3,accept,0.55,ts,2163,1
"[0.6, -0.6, -0.17555110220440878, 0.3348623853211009, 1.0, 0.0, 0.0, 0.0, 1.0, 0.6607458692324787, 1.0, 0.0, 0.0, 0.0, 0.0, 0.0, 0.0, 0.0]",185374,29663,N3,accept,0.72,ts,802,1
"[0.20000000000000007, -0.20000000000000007, -0.2510779436152571, -0.008547008547008548, -0.14285714285714285, 0.0, 0.0, 0.0, 1.0, 0.7040523268798877, 1.0, 0.0, 0.0, 0.0, 0.0, 0.0, 0.0, 0.0]",15531,31973,N3,accept,0.44000000000000006,ts,1631,1
"[0.18831168831168835, -0.18831168831168835, 0.0, 0.15942028985507245, 0.18, 0.0, 0.0, 0.0, 1.0, 0.732496988669393, 1.0, 0.0, 0.0, 0.0, 0.0, 0.0, 0.0, 0.0]",151793,85224,N3,accept,0.4318181818181818,ts,2520,0
"[0.5636363636363637, -0.5636363636363637, 0.22448979591836735, -0.022535211267605635, 1.0, 0.0, 0.0, 0.0, 1.0, 0.7135174798668883, 1.0, 0.0, 0.0, 0.0, 0.0, 0.0, 0.0, 0.0]",123023,107659,N3,dismiss,-0.3,ts,2642,0
"[0.625, -0.625, -0.2317548746518106, 0.016722408026755852, -0.07692307692307693, 0.0, 0.0, 0.0, 1.0, 0.8330090859287487, 1.0, 0.0, 0.0, 0.0, 0.0, 0.0, 0.0, 0.0]",174765,141757,N3,dismiss,-0.3,ts,1010,0
"[0.20000000000000007, -0.20000000000000007, 0.09090909090909091, -0.008547008547008548, -0.14285714285714285, 0.0, 0.0, 0.0, 1.0, 0.7497580191893745, 1.0, 0.0, 0.0, 0.0, 0.0, 0.0, 0.0, 0.0]",162723,31966,N3,dismiss,-0.3,ts,853,1
"[0.33333333333333337, -0.33333333333333337, -0.03710575139146568, 0.05263157894736842, 0.20879120879120883, 0.0, 0.0, 0.0, 1.0, 0.7850330737942559, 1.0, 0.0, 0.0, 0.0, 0.0, 0.0, 0.0, 0.0]",63943,49082,N3,dismiss,-0.3,ts,1606,0
"[0.25, -0.25, 0.22714285714285723, -0.08766233766233766, 0.0, 0.0, 0.0, 0.0, 1.0, 0.7424472880831784, 1.0, 0.0, 0.0, 0.0, 0.0, 0.0, 0.0, 0.0]",55744,21089,N3,dismiss,-0.3,ts,2575,0
"[0.7954545454545455, -0.7954545454545455, -0.058333333333333376, 0.08571428571428572, 1.0, 0.0, 0.0, 0.0, 1.0, 0.7646405915394846, 1.0, 0.0, 0.0, 0.0, 0.0, 0.0, 0.0, 0.0]",30105,89765,N3,accept,0.8568181818181819,ts,1835,1
"[0.25, -0.25, 0.0, 0.07453416149068323, 0.13636363636363635, 0.0, 0.0, 0.0, 1.0, 0.7830109453831142, 1.0, 0.0, 0.0, 0.0, 0.0, 0.0, 0.0, 0.0]",43090,117045,N3,accept,0.475,ts,2307,0
"[0.04761904761904766, -0.04761904761904766, -0.39722724532851117, 0.15162454873646208, 0.4, 0.0, 0.0, 0.0, 1.0, 0.5363539792335147, 1.0, 0.0, 0.0, 0.0, 0.0, 0.0, 0.0, 0.0]",16646,63925,N3,accept,0.33333333333333337,ts,588,0
"[0.7333333333333334, -0.7333333333333334, -0.26660742057320597, 0.0, 0.0, 0.0, 0.0, 0.0, 1.0, 0.8674679027645708, 1.0, 0.0, 0.0, 0.0, 0.0, 0.0, 0.0, 0.0]",120796,120787,N3,dismiss,-0.3,ts,2798,1
"[0.08554572271386432, -0.08554572271386432, -0.03466761972837737, 0.011267605633802818, 0.0, 0.0, 0.0, 0.0, 1.0, 0.7651650175603291, 1.0, 0.0, 0.0, 0.0, 0.0, 0.0, 0.0, 0.0]",146721,85287,N3,accept,0.359882005899705,ts,1483,0
"[0.3888888888888889, -0.3888888888888889, -0.46507483962936563, 0.20416666666666666, 0.0235294117647058, 0.0, 0.0, 0.0, 1.0, 0.7029881973731301, 1.0, 0.0, 0.0, 0.0, 0.0, 0.0, 0.0, 0.0]",127487,114138,N3,accept,0.5722222222222222,ts,754,0
"[0.16666666666666663, -0.16666666666666663, 0.20020020020020018, 0.02040816326530612, 0.14583333333333337, 0.0, 0.0, 0.0, 1.0, 0.7012934475096448, 1.0, 0.0, 0.0, 0.0, 0.0, 0.0, 0.0, 0.0]",16681,63869,N3,dismiss,-0.3,ts,1539,0
"[0.19999999999999987, -0.19999999999999987, 0.2, 0.46, 0.0, 0.0, 0.0, 0.0, 1.0, 0.6666700184827028, 1.0, 0.0, 0.0, 0.0, 0.0, 0.0, 0.0, 0.0]",85440,30711,N3,accept,0.4399999999999999,ts,2493,0
"[0.5408163265306123, -0.5408163265306123, -0.05457142857142847, -0.15591397849462366, -0.1724137931034483, 0.0, 0.0, 0.0, 1.0, 0.8129542543905154, 1.0, 0.0, 0.0, 0.0, 0.0, 0.0, 0.0, 0.0]",169065,104690,N3,dismiss,-0.3,ts,2194,1
"[0.20000000000000007, -0.20000000000000007, 0.026363636363636287, -0.008547008547008548, -0.14285714285714285, 0.0, 0.0, 0.0, 1.0, 0.7727351749443683, 1.0, 0.0, 0.0, 0.0, 0.0, 0.0, 0.0, 0.0]",70000,31973,N3,dismiss,-0.3,ts,2639,1
"[0.2307692307692307, -0.2307692307692307, 0.0, -0.48333333333333334, -0.38, 0.0, 0.0, 0.0, 1.0, 0.6604423213536388, 1.0, 0.0, 0.0, 0.0, 0.0, 0.0, 0.0, 0.0]",131606,41650,N3,dismiss,-0.3,ts,2654,1
"[0.15999999999999998, -0.15999999999999998, -0.26666666666666666, -0.22274881516587677, 0.5, 0.0, 0.0, 0.0, 1.0, 0.5774609167274939, 1.0, 0.0, 0.0, 0.0, 0.0, 0.0, 0.0, 0.0]",162680,152287,N3,dismiss,-0.3,ts,1905,1
"[0.3333333333333333, -0.3333333333333333, -0.4006677796327212, -0.6700507614213198, 0.3076923076923077, 0.0, 0.0, 0.0, 1.0, 0.5756129536231094, 1.0, 0.0, 0.0, 0.0, 0.0, 0.0, 0.0, 0.0]",92082,110152,N3,dismiss,-0.3,ts,2906,1
"[0.25, -0.25, 0.0, 0.0, 0.0, 0.0, 0.0, 0.0, 1.0, 0.8395893495876965, 1.0, 0.0, 0.0, 0.0, 0.0, 0.0, 0.0, 0.0]",116939,117045,N3,accept,0.475,ts,1781,0
"[0.3636363636363637, -0.3636363636363637, 0.0, 0.016713091922005572, 0.25, 0.0, 0.0, 0.0, 1.0, 0.8103249790259089, 1.0, 0.0, 0.0, 0.0, 0.0, 0.0, 0.0, 0.0]",123014,123174,N3,dismiss,-0.3,ts,474,0
"[0.37500000000000006, -0.37500000000000006, 0.0, -0.3611111111111111, 0.043478260869565216, 0.0, 0.0, 0.0, 1.0, 0.7878158040247939, 1.0, 0.0, 0.0, 0.0, 0.0, 0.0, 0.0, 0.0]",110120,51122,N3,dismiss,-0.3,ts,2232,1
"[0.7058823529411765, -0.7058823529411765, 0.17350527549824157, 1.0, 1.0, 0.0, 0.0, 0.0, 1.0, 0.5877642613125235, 1.0, 0.0, 0.0, 0.0, 0.0, 0.0, 0.0, 0.0]",147129,170191,N3,dismiss,-0.3,ts,2573,1
"[0.264, -0.264, -0.2317559863169897, 0.0, 0.0, 0.0, 0.0, 0.0, 1.0, 0.7699444006148144, 1.0, 0.0, 0.0, 0.0, 0.0, 0.0, 0.0, 0.0]",147381,63876,N3,dismiss,-0.3,ts,2768,1
"[0.13333333333333328, -0.13333333333333328, -0.07126567844925884, -0.028901734104046242, -0.07999999999999999, 0.0, 0.0, 0.0, 1.0, 0.7421727843140296, 1.0, 0.0, 0.0, 0.0, 0.0, 0.0, 0.0, 0.0]",87098,143094,N3,accept,0.39333333333333326,ts,2699,1
"[0.24999999999999992, -0.24999999999999992, 0.19068162208800685, -0.27325581395348836, 0.0, 0.0, 0.0, 0.0, 1.0, 0.7130201955158844, 1.0, 0.0, 0.0, 0.0, 0.0, 0.0, 0.0, 0.0]",73628,71136,N3,dismiss,-0.3,ts,683,1
"[0.33090909090909093, -0.33090909090909093, 0.0, 0.0, 0.0, 0.0, 0.0, 0.0, 1.0, 0.8648131365453284, 1.0, 0.0, 0.0, 0.0, 0.0, 0.0, 0.0, 0.0]",147380,63876,N3,dismiss,-0.3,ts,1629,1
"[0.16216216216216217, -0.16216216216216217, -0.16666666666666666, 0.08461538461538462, 0.020833333333333447, 0.0, 0.0, 0.0, 1.0, 0.7234709814458078, 1.0, 0.0, 0.0, 0.0, 0.0, 0.0, 0.0, 0.0]",91969,91957,N3,dismiss,-0.3,ts,2632,0
"[0.2794117647058824, -0.2794117647058824, -0.4150110375275938, 0.023323615160349854, 0.07462686567164178, 0.0, 0.0, 0.0, 1.0, 0.7086208261787135, 1.0, 0.0, 0.0, 0.0, 0.0, 0.0, 0.0, 0.0]",185707,105872,N3,accept,0.49558823529411766,ts,2271,1
"[0.06086956521739117, -0.06086956521739117, 0.1509433962264151, -0.002849002849002849, 0.07142857142857142, 0.0, 0.0, 0.0, 1.0, 0.6998266361785278, 1.0, 0.0, 0.0, 0.0, 0.0, 0.0, 0.0, 0.0]",39517,15687,N3,dismiss,-0.3,ts,1658,0
"[0.5, -0.5, 0.13333333333333333, 0.0, 0.0, 0.0, 0.0, 0.0, 1.0, 0.8619729057697516, 1.0, 0.0, 0.0, 0.0, 0.0, 0.0, 0.0, 0.0]",135728,18435,N3,dismiss,-0.3,ts,1866,0
"[0.0285714285714286, -0.0285714285714286, 0.0, -0.4375, -0.039999999999999994, 0.0, 0.0, 0.0, 1.0, 0.6617044856731337, 1.0, 0.0, 0.0, 0.0, 0.0, 0.0, 0.0, 0.0]",125786,189308,N3,dismiss,-0.3,ts,2420,0
"[0.375, -0.375, 0.1629802095459837, -0.02857142857142857, -0.015999999999999945, 0.0, 0.0, 0.0, 1.0, 0.8087691028352987, 1.0, 0.0, 0.0, 0.0, 0.0, 0.0, 0.0, 0.0]",19856,71092,N3,dismiss,-0.3,ts,2199,0
"[0.14, -0.14, 0.16819827346143154, 0.0, 0.0, 0.0, 0.0, 0.0, 1.0, 0.7446095810127756, 1.0, 0.0, 0.0, 0.0, 0.0, 0.0, 0.0, 0.0]",72623,79362,N3,accept,0.398,ts,2003,0
"[0.1666666666666667, -0.1666666666666667, -0.1111111111111111, 0.0, 0.0, 0.0, 0.0, 0.0, 1.0, 0.771377146184289, 1.0, 0.0, 0.0, 0.0, 0.0, 0.0, 0.0, 0.0]",167076,71734,N3,dismiss,-0.3,ts,588,1
"[0.3636363636363637, -0.3636363636363637, 0.0, 0.0, 0.0, 0.0, 0.0, 0.0, 1.0, 0.8742764353476687, 1.0, 0.0, 0.0, 0.0, 0.0, 0.0, 0.0, 0.0]",123054,123174,N3,accept,0.5545454545454546,ts,2326,0
"[0.09090909090909098, -0.09090909090909098, -0.335, 0.036585365853658534, -0.08333333333333333, 0.0, 0.0, 0.0, 1.0, 0.6526114557455928, 1.0, 0.0, 0.0, 0.0, 0.0, 0.0, 0.0, 0.0]",162867,117159,N3,accept,0.36363636363636365,ts,581,1
"[0.9142857142857143, -0.9142857142857143, 0.20008587376556464, 0.0, 0.0, 0.0, 0.0, 0.0, 1.0, 0.9037953251339276, 1.0, 0.0, 0.0, 0.0, 0.0, 0.0, 0.0, 0.0]",141777,16728,N3,dismiss,-0.3,ts,1223,1
"[0.2, -0.2, 0.10110110110110104, -0.6043478260869565, 0.05263157894736842, 0.0, 0.0, 0.0, 1.0, 0.6660152152276981, 1.0, 0.0, 0.0, 0.0, 0.0, 0.0, 0.0, 0.0]",191334,127600,N3,dismiss,-0.3,ts,2949,0
"[0.24999999999999994, -0.24999999999999994, -0.6473282442748092, -0.1, 0.25999999999999995, 0.0, 0.0, 0.0, 1.0, 0.6063754382541067, 1.0, 0.0, 0.0, 0.0, 0.0, 0.0, 0.0, 0.0]",85441,128341,N3,dismiss,-0.3,ts,2716,1
"[0.02500000000000002, -0.02500000000000002, -0.5444191343963554, -0.06, -0.039999999999999994, 0.0, 0.0, 0.0, 1.0, 0.5981975881788192, 1.0, 0.0, 0.0, 0.0, 0.0, 0.0, 0.0, 0.0]",30785,62540,N3,dismiss,-0.3,ts,1417,1
"[0.1250000000000001, -0.1250000000000001, 0.1111111111111111, 0.0, 0.0, 0.0, 0.0, 0.0, 1.0, 0.7564807805603966, 1.0, 0.0, 0.0, 0.0, 0.0, 0.0, 0.0, 0.0]",62598,29449,N3,dismiss,-0.3,ts,800,1
"[0.18154761904761904, -0.18154761904761904, -0.32540675844806016, 0.0, 0.0, 0.0, 0.0, 0.0, 1.0, 0.7207701523456082, 1.0, 0.0, 0.0, 0.0, 0.0, 0.0, 0.0, 0.0]",16679,152267,N3,dismiss,-0.3,ts,2056,1
"[0.09090909090909098, -0.09090909090909098, -0.4, 0.008746355685131196, 0.13636363636363635, 0.0, 0.0, 0.0, 1.0, 0.6353409222790694, 1.0, 0.0, 0.0, 0.0, 0.0, 0.0, 0.0, 0.0]",162866,117053,N3,dismiss,-0.3,ts,2279,1
"[0.1111111111111111, -0.1111111111111111, -0.2028985507246377, -0.5, 0.25, 0.0, 0.0, 0.0, 1.0, 0.570735693265446, 1.0, 0.0, 0.0, 0.0, 0.0, 0.0, 0.0, 0.0]",87177,123778,N3,accept,0.37777777777777777,ts,725,1
"[0.164, -0.164, -0.6836, -0.1, 0.088, 0.0, 0.0, 0.0, 1.0, 0.6098549356396384, 1.0, 0.0, 0.0, 0.0, 0.0, 0.0, 0.0, 0.0]",85224,134716,N3,accept,0.4148,ts,1495,0
"[0.6212121212121212, -0.6212121212121212, 0.0, 0.3761467889908257, -0.45999999999999996, 0.0, 0.0, 0.0, 1.0, 0.7633306304143906, 1.0, 0.0, 0.0, 0.0, 0.0, 0.0, 0.0, 0.0]",182863,19597,N3,accept,0.7348484848484849,ts,2336,1
"[0.39999999999999997, -0.39999999999999997, -0.7121401752190238, -0.19718309859154928, -0.35294117647058826, 0.0, 0.0, 0.0, 1.0, 0.6075657047046017, 1.0, 0.0, 0.0, 0.0, 0.0, 0.0, 0.0, 0.0]",120828,178949,N3,dismiss,-0.3,ts,1712,1
"[0.2, -0.2, -0.08949011446409984, 1.0, -0.22000000000000003, 0.0, 0.0, 0.0, 1.0, 0.5882796200363843, 1.0, 0.0, 0.0, 0.0, 0.0, 0.0, 0.0, 0.0]",191662,85164,N3,dismiss,-0.3,ts,835,0
"[0.1842105263157895, -0.1842105263157895, 0.0, -0.0035335689045936395, -0.019999999999999928, 0.0, 0.0, 0.0, 1.0, 0.8104350430499354, 1.0, 0.0, 0.0, 0.0, 0.0, 0.0, 0.0, 0.0]",38840,91957,N3,dismiss,-0.3,ts,1147,1
"[0.18749999999999997, -0.18749999999999997, 0.2002503128911139, -0.20588235294117646, 0.13333333333333333, 0.0, 0.0, 0.0, 1.0, 0.6667735784087996, 1.0, 0.0, 0.0, 0.0, 0.0, 0.0, 0.0, 0.0]",139806,115242,N3,dismiss,-0.3,ts,2694,1
"[0.7, -0.7, -0.1303083187899943, 0.24770642201834864, -0.9705882352941176, 0.0, 0.0, 0.0, 1.0, 0.7124949870847588, 1.0, 0.0, 0.0, 0.0, 0.0, 0.0, 0.0, 0.0]",81396,134921,N3,dismiss,-0.3,ts,1078,0
"[0.5, -0.5, -0.4592875318066158, 0.0, 0.0, 0.0, 0.0, 0.0, 1.0, 0.7886047001257124, 1.0, 0.0, 0.0, 0.0, 0.0, 0.0, 0.0, 0.0]",90179,56398,N3,dismiss,-0.3,ts,2159,0
"[0.7066666666666667, -0.7066666666666667, 0.21951219512195133, 0.22745098039215686, -0.3684210526315789, 0.0, 0.0, 0.0, 1.0, 0.7423189475802244, 1.0, 0.0, 0.0, 0.0, 0.0, 0.0, 0.0, 0.0]",155668,169349,N3,accept,0.7946666666666666,ts,1542,0
"[0.12499999999999999, -0.12499999999999999, -0.4235294117647059, 0.017605633802816902, -0.35294117647058826, 0.0, 0.0, 0.0, 1.0, 0.6009292107713861, 1.0, 0.0, 0.0, 0.0, 0.0, 0.0, 0.0, 0.0]",120828,110153,N3,dismiss,-0.3,ts,2416,0
"[0.28571428571428564, -0.28571428571428564, -0.4612523248605084, -0.1, -0.12000000000000002, 0.0, 0.0, 0.0, 1.0, 0.6713399049502052, 1.0, 0.0, 0.0, 0.0, 0.0, 0.0, 0.0, 0.0]",81570,81996,N3,dismiss,-0.3,ts,695,1
"[0.7576530612244898, -0.7576530612244898, -0.04534606205250594, -0.6666666666666666, -0.33999999999999997, 0.0, 0.0, 0.0, 1.0, 0.7514982057090797, 1.0, 0.0, 0.0, 0.0, 0.0, 0.0, 0.0, 0.0]",33277,174927,N3,dismiss,-0.3,ts,1191,0
"[0.3, -0.3, -0.09090909090909091, 0.46, -0.08000000000000003, 0.0, 0.0, 0.0, 1.0, 0.709824759435147, 1.0, 0.0, 0.0, 0.0, 0.0, 0.0, 0.0, 0.0]",38740,41068,N3,dismiss,-0.3,ts,1055,0
"[0.3636363636363637, -0.3636363636363637, -0.1783073130649137, 0.057971014492753624, 0.25, 0.0, 0.0, 0.0, 1.0, 0.7388435060343711, 1.0, 0.0, 0.0, 0.0, 0.0, 0.0, 0.0, 0.0]",123006,123174,N3,dismiss,-0.3,ts,2960,0
"[0.8571428571428572, -0.8571428571428572, 0.0, 0.0, 0.0, 0.0, 0.0, 0.0, 1.0, 0.9644999904246006, 1.0, 0.0, 0.0, 0.0, 0.0, 0.0, 0.0, 0.0]",16649,16650,N3,dismiss,-0.3,ts,1247,0
"[0.27272727272727276, -0.27272727272727276, -0.36066666666666664, 0.6388888888888888, -0.25, 0.0, 0.0, 0.0, 1.0, 0.5769238404291309, 1.0, 0.0, 0.0, 0.0, 0.0, 0.0, 0.0, 0.0]",56406,185391,N3,accept,0.4909090909090909,ts,1362,1
"[0.030303030303030328, -0.030303030303030328, -0.3734335839598998, 0.06153846153846154, -0.14285714285714285, 0.0, 0.0, 0.0, 1.0, 0.6014765009872357, 1.0, 0.0, 0.0, 0.0, 0.0, 0.0, 0.0, 0.0]",90175,93854,N3,dismiss,-0.3,ts,2866,1
"[0.5111111111111111, -0.5111111111111111, -0.24024024024024024, -0.6305418719211823, 0.047619047619047616, 0.0, 0.0, 0.0, 1.0, 0.7138194627580985, 1.0, 0.0, 0.0, 0.0, 0.0, 0.0, 0.0, 0.0]",47180,85795,N3,dismiss,-0.3,ts,1330,1
"[0.3, -0.3, 0.05868118572292794, -0.1353135313531353, 0.041666666666666664, 0.0, 0.0, 0.0, 1.0, 0.7857691354016331, 1.0, 0.0, 0.0, 0.0, 0.0, 0.0, 0.0, 0.0]",65211,104682,N3,dismiss,-0.3,ts,2527,1
"[0.20000000000000007, -0.20000000000000007, 0.141273450824332, -0.002785515320334262, -0.4583333333333333, 0.0, 0.0, 0.0, 1.0, 0.6827445268392174, 1.0, 0.0, 0.0, 0.0, 0.0, 0.0, 0.0, 0.0]",43361,93935,N3,dismiss,-0.3,ts,601,1
"[0.25, -0.25, 0.22714285714285723, -0.08766233766233766, 0.0, 0.0, 0.0, 0.0, 1.0, 0.7424472880831784, 1.0, 0.0, 0.0, 0.0, 0.0, 0.0, 0.0, 0.0]",55744,21089,N3,accept,0.475,ts,1451,0
"[0.12, -0.12, -0.07333333333333335, -0.10106382978723404, -0.14285714285714285, 0.0, 0.0, 0.0, 1.0, 0.7025067626903237, 1.0, 0.0, 0.0, 0.0, 0.0, 0.0, 0.0, 0.0]",151841,108746,N3,accept,0.384,ts,1276,1
"[0.10245901639344263, -0.10245901639344263, 0.0, 0.0, -0.1111111111111111, 0.0, 0.0, 0.0, 1.0, 0.7582330603464981, 1.0, 0.0, 0.0, 0.0, 0.0, 0.0, 0.0, 0.0]",41679,43388,N3,dismiss,-0.3,ts,2813,0
"[0.09999999999999991, -0.09999999999999991, -0.665546218487395, 0.0, 0.0, 0.0, 0.0, 0.0, 1.0, 0.6400589572696636, 1.0, 0.0, 0.0, 0.0, 0.0, 0.0, 0.0, 0.0]",54201,16809,N3,dismiss,-0.3,ts,2534,0
"[0.5833333333333334, -0.5833333333333334, -0.0885714285714286, 0.0273972602739726, -0.45999999999999996, 0.0, 0.0, 0.0, 1.0, 0.7952882268736705, 1.0, 0.0, 0.0, 0.0, 0.0, 0.0, 0.0, 0.0]",39888,19597,N3,dismiss,-0.3,ts,1054,1
"[0.14, -0.14, 0.06068268015170685, 0.0, 0.0, 0.0, 0.0, 0.0, 1.0, 0.7788836843497392, 1.0, 0.0, 0.0, 0.0, 0.0, 0.0, 0.0, 0.0]",72622,79362,N3,dismiss,-0.3,ts,2823,0
"[0.11458333333333333, -0.11458333333333333, 0.0, -0.6041131105398457, -0.8083333333333332, 0.0, 0.0, 0.0, 1.0, 0.5671434991422036, 1.0, 0.0, 0.0, 0.0, 0.0, 0.0, 0.0, 0.0]",107588,142262,N3,dismiss,-0.3,ts,821,0
"[0.6294117647058822, -0.6294117647058822, 0.058823529411764705, -0.5102040816326531, 0.25999999999999995, 0.0, 0.0, 0.0, 1.0, 0.7553242980451127, 1.0, 0.0, 0.0, 0.0, 0.0, 0.0, 0.0, 0.0]",41169,50807,N3,dismiss,-0.3,ts,2613,1
"[0.5555555555555556, -0.35, -0.41692307692307695, 0.0, 0.0, 0.0, 0.0, 0.0, 1.0, 0.7572625285445833, 1.0, 0.0, 0.0, 0.0, 0.0, 0.0, 0.0, 0.0]",63920,48992,N3,accept,0.6888888888888889,ts,2017,1
"[0.14285714285714288, -0.14285714285714288, 0.08411892675852069, 0.0, 0.0, 0.0, 0.0, 0.0, 1.0, 0.7717968012528305, 1.0, 0.0, 0.0, 0.0, 0.0, 0.0, 0.0, 0.0]",141774,174759,N3,dismiss,-0.3,ts,2708,0
"[0.25, -0.25, -0.5228260869565218, -0.5527156549520766, 0.3333333333333333, 0.0, 0.0, 0.0, 1.0, 0.536554632204123, 1.0, 0.0, 0.0, 0.0, 0.0, 0.0, 0.0, 0.0]",128295,128254,N3,dismiss,-0.3,ts,1175,1
"[0.7954545454545455, -0.7954545454545455, -0.41470994475138123, 0.13095238095238096, -0.23333333333333334, 0.0, 0.0, 0.0, 1.0, 0.7546522405081744, 1.0, 0.0, 0.0, 0.0, 0.0, 0.0, 0.0, 0.0]",135543,89765,N3,dismiss,-0.3,ts,2477,1
"[0.3636363636363637, -0.3636363636363637, 0.0, 0.0, 0.0, 0.0, 0.0, 0.0, 1.0, 0.8742764353476687, 1.0, 0.0, 0.0, 0.0, 0.0, 0.0, 0.0, 0.0]",123010,123174,N3,dismiss,-0.3,ts,1013,0
"[0.11111111111111106, -0.11111111111111106, 0.21052631578947367, 0.22440944881889763, 0.86, 0.0, 0.0, 0.0, 1.0, 0.5451733916109797, 1.0, 0.0, 0.0, 0.0, 0.0, 0.0, 0.0, 0.0]",54392,91068,N3,dismiss,-0.3,ts,2018,1
"[0.8530612244897959, -0.8530612244897959, -0.4003639672429481, 0.4482758620689655, 0.47619047619047616, 0.0, 0.0, 0.0, 1.0, 0.6729637351096623, 1.0, 0.0, 0.0, 0.0, 0.0, 0.0, 0.0, 0.0]",180522,170138,N3,dismiss,-0.3,ts,2084,0
"[0.07692307692307684, -0.07692307692307684, -0.0039890301670405534, -0.08571428571428572, -0.043478260869565216, 0.0, 0.0, 0.0, 1.0, 0.7410061614869147, 1.0, 0.0, 0.0, 0.0, 0.0, 0.0, 0.0, 0.0]",155844,139805,N3,dismiss,-0.3,ts,1129,1
"[0.25, -0.25, -0.5940460081190798, -0.0546448087431694, 1.0, 0.0, 0.0, 0.0, 1.0, 0.5370968143236092, 1.0, 0.0, 0.0, 0.0, 0.0, 0.0, 0.0, 0.0]",189368,117045,N3,accept,0.475,ts,2461,0
"[0.25, -0.25, 0.0, 0.0, 0.0, 0.0, 0.0, 0.0, 1.0, 0.8395893495876965, 1.0, 0.0, 0.0, 0.0, 0.0, 0.0, 0.0, 0.0]",116939,117045,N3,dismiss,-0.3,ts,1407,0
"[0.20000000000000004, -0.20000000000000004, 0.13175230566534912, -0.281437125748503, 0.0, 0.0, 0.0, 0.0, 1.0, 0.7119344123552447, 1.0, 0.0, 0.0, 0.0, 0.0, 0.0, 0.0, 0.0]",81498,78136,N3,dismiss,-0.3,ts,1129,1
"[0.6683673469387755, -0.6683673469387755, -0.05542857142857136, -0.5456989247311828, 0.1724137931034483, 0.0, 0.0, 0.0, 1.0, 0.7762925780580481, 1.0, 0.0, 0.0, 0.0, 0.0, 0.0, 0.0, 0.0]",169065,61360,N3,dismiss,-0.3,ts,1778,1
"[0.5584415584415584, -0.5584415584415584, -0.5681570338058888, -0.7301587301587301, -0.2, 0.0, 0.0, 0.0, 1.0, 0.6207146207072534, 1.0, 0.0, 0.0, 0.0, 0.0, 0.0, 0.0, 0.0]",82102,66862,N3,dismiss,-0.3,ts,846,1
"[0.7462857142857143, -0.7462857142857143, 0.15714899098325463, 0.09, 0.2727272727272727, 0.0, 0.0, 0.0, 1.0, 0.8101300652075467, 1.0, 0.0, 0.0, 0.0, 0.0, 0.0, 0.0, 0.0]",141777,63923,N3,accept,0.8224,ts,961,1
"[0.28476821192052976, -0.28476821192052976, 0.0, -0.021806853582554516, -0.4166666666666667, 0.0, 0.0, 0.0, 1.0, 0.7595229641394782, 1.0, 0.0, 0.0, 0.0, 0.0, 0.0, 0.0, 0.0]",103704,145523,N3,dismiss,-0.3,ts,2363,0
"[0.415625, -0.415625, 0.1312500000000001, 0.0, 0.0, 0.0, 0.0, 0.0, 1.0, 0.8422044928641546, 1.0, 0.0, 0.0, 0.0, 0.0, 0.0, 0.0, 0.0]",152421,15139,N3,dismiss,-0.3,ts,2612,1
"[0.5, -0.5, 0.14336917562724016, 0.3761467889908257, -0.5199999999999999, 0.0, 0.0, 0.0, 1.0, 0.6826397230933525, 1.0, 0.0, 0.0, 0.0, 0.0, 0.0, 0.0, 0.0]",19612,19597,N3,dismiss,-0.3,ts,1410,1
"[0.1250000000000001, -0.1250000000000001, 0.0858394160583941, 0.0, 0.0, 0.0, 0.0, 0.0, 1.0, 0.7647832266303307, 1.0, 0.0, 0.0, 0.0, 0.0, 0.0, 0.0, 0.0]",29519,55412,N3,dismiss,-0.3,ts,900,0
"[0.16666666666666663, -0.16666666666666663, 0.11098779134295228, -0.11282051282051282, -0.020000000000000018, 0.0, 0.0, 0.0, 1.0, 0.7352357426409654, 1.0, 0.0, 0.0, 0.0, 0.0, 0.0, 0.0, 0.0]",83435,87100,N3,dismiss,-0.3,ts,2600,0
"[0.11764705882352938, -0.11764705882352938, 0.10025062656641605, -0.375, -0.6, 0.0, 0.0, 0.0, 1.0, 0.5733635198011476, 1.0, 0.0, 0.0, 0.0, 0.0, 0.0, 0.0, 0.0]",86748,128254,N3,dismiss,-0.3,ts,488,0
"[0.4117647058823529, -0.4117647058823529, 0.06737825216811207, 0.5, 0.42000000000000004, 0.0, 0.0, 0.0, 1.0, 0.682096144039557, 1.0, 0.0, 0.0, 0.0, 0.0, 0.0, 0.0, 0.0]",169362,18616,N3,accept,0.588235294117647,ts,2761,0
"[0.55, -0.55, -0.18882352941176475, 0.0, 0.0, 0.0, 0.0, 0.0, 1.0, 0.8565400030934407, 1.0, 0.0, 0.0, 0.0, 0.0, 0.0, 0.0, 0.0]",37946,141749,N3,dismiss,-0.3,ts,1416,1
"[0.4218289085545723, -0.4218289085545723, -0.42887776983559683, -0.011267605633802818, -0.19999999999999998, 0.0, 0.0, 0.0, 1.0, 0.7220126977476174, 1.0, 0.0, 0.0, 0.0, 0.0, 0.0, 0.0, 0.0]",146721,105910,N3,dismiss,-0.3,ts,2980,1
"[0.7, -0.7, -0.6735, 0.0, 0.0, 0.0, 0.0, 0.0, 1.0, 0.7974554192374853, 1.0, 0.0, 0.0, 0.0, 0.0, 0.0, 0.0, 0.0]",112476,63859,N3,dismiss,-0.3,ts,1209,1
"[0.5636363636363637, -0.5636363636363637, -0.5728929384965831, -0.027855153203342618, 0.6666666666666666, 0.0, 0.0, 0.0, 1.0, 0.6671781591654843, 1.0, 0.0, 0.0, 0.0, 0.0, 0.0, 0.0, 0.0]",67082,107563,N3,dismiss,-0.3,ts,2487,1
"[0.19999999999999993, -0.19999999999999993, 0.06666666666666667, 0.02, -0.16, 0.0, 0.0, 0.0, 1.0, 0.7509035883553894, 1.0, 0.0, 0.0, 0.0, 0.0, 0.0, 0.0, 0.0]",71728,40998,N3,dismiss,-0.3,ts,2752,0
"[0.22222222222222215, -0.22222222222222215, 0.11641443538998836, 0.8041237113402062, -0.15, 0.0, 0.0, 0.0, 1.0, 0.6299944825946722, 1.0, 0.0, 0.0, 0.0, 0.0, 0.0, 0.0, 0.0]",139804,78003,N3,dismiss,-0.3,ts,977,1
"[0.20000000000000007, -0.20000000000000007, 0.2185128983308041, 0.022857142857142857, -0.1447368421052631, 0.0, 0.0, 0.0, 1.0, 0.7076149613275927, 1.0, 0.0, 0.0, 0.0, 0.0, 0.0, 0.0, 0.0]",43097,93936,N3,dismiss,-0.3,ts,1498,1
"[0.5, -0.5, 0.03799999999999997, 0.0, 0.0, 0.0, 0.0, 0.0, 1.0, 0.8941504794086983, 1.0, 0.0, 0.0, 0.0, 0.0, 0.0, 0.0, 0.0]",69946,16718,N3,dismiss,-0.3,ts,2529,1
"[0.14514285714285716, -0.14514285714285716, -0.2654424040066778, 0.6111111111111112, 0.14000000000000004, 0.0, 0.0, 0.0, 1.0, 0.578755271677504, 1.0, 0.0, 0.0, 0.0, 0.0, 0.0, 0.0, 0.0]",33289,151787,N3,dismiss,-0.3,ts,810,1
"[0.3636363636363637, -0.3636363636363637, -0.37672651933701656, 0.023809523809523808, -0.03333333333333333, 0.0, 0.0, 0.0, 1.0, 0.7517746794580583, 1.0, 0.0, 0.0, 0.0, 0.0, 0.0, 0.0, 0.0]",135543,123439,N3,accept,0.5545454545454546,ts,2614,1
"[0.02500000000000002, -0.02500000000000002, -0.1863303498779495, -0.16, -0.12000000000000002, 0.0, 0.0, 0.0, 1.0, 0.6240669300145485, 1.0, 0.0, 0.0, 0.0, 0.0, 0.0, 0.0, 0.0]",130425,62540,N3,dismiss,-0.3,ts,473,1
"[0.1, -0.07, -0.2697495183044316, -0.05, -0.17272727272727276, 0.0, 0.0, 0.0, 1.0, 0.63467239594446, 1.0, 0.0, 0.0, 0.0, 0.0, 0.0, 0.0, 0.0]",49082,49005,N3,dismiss,-0.3,ts,2010,0
"[0.55, -0.55, 0.0, 0.006872852233676976, 0.0, 0.0, 0.0, 0.0, 1.0, 0.9173977756641208, 1.0, 0.0, 0.0, 0.0, 0.0, 0.0, 0.0, 0.0]",106148,106147,N3,dismiss,-0.3,ts,1397,0
"[0.3636363636363637, -0.3636363636363637, -0.17763157894736842, 0.057971014492753624, 0.25, 0.0, 0.0, 0.0, 1.0, 0.7390328509180709, 1.0, 0.0, 0.0, 0.0, 0.0, 0.0, 0.0, 0.0]",123021,123174,N3,accept,0.5545454545454546,ts,2736,0
"[0.8835294117647059, -0.8835294117647059, -0.4275312855517634, 0.84, -0.29411764705882354, 0.0, 0.0, 0.0, 1.0, 0.6633269870608479, 1.0, 0.0, 0.0, 0.0, 0.0, 0.0, 0.0, 0.0]",169345,108025,N3,dismiss,-0.3,ts,1152,1
"[0.4444444444444445, -0.4444444444444445, 0.10401459854014582, -0.54, -0.6, 0.0, 0.0, 0.0, 1.0, 0.6542508615673612, 1.0, 0.0, 0.0, 0.0, 0.0, 0.0, 0.0, 0.0]",169353,132873,N3,dismiss,-0.3,ts,1222,0
"[0.4545454545454546, -0.4545454545454546, -0.375, 0.00872093023255814, 0.9130434782608695, 0.0, 0.0, 0.0, 1.0, 0.6642111244519927, 1.0, 0.0, 0.0, 0.0, 0.0, 0.0, 0.0, 0.0]",31972,107659,N3,accept,0.6181818181818182,ts,2102,1
"[0.12499999999999988, -0.12499999999999988, 0.10010010010010009, -0.40816326530612246, 0.16666666666666666, 0.0, 0.0, 0.0, 1.0, 0.6338342497514019, 1.0, 0.0, 0.0, 0.0, 0.0, 0.0, 0.0, 0.0]",155975,180522,N3,accept,0.3874999999999999,ts,2622,1
"[0.8163265306122449, -0.8163265306122449, -0.4171011470281544, -0.37962962962962965, -0.6916666666666668, 0.0, 0.0, 0.0, 1.0, 0.6549006932450979, 1.0, 0.0, 0.0, 0.0, 0.0, 0.0, 0.0, 0.0]",55915,54927,N3,dismiss,-0.3,ts,515,1
"[0.5714285714285715, -0.5714285714285715, 0.14285714285714285, 0.0, 0.0, 0.0, 0.0, 0.0, 1.0, 0.8739911261937419, 1.0, 0.0, 0.0, 0.0, 0.0, 0.0, 0.0, 0.0]",18468,60788,N3,accept,0.7,ts,1992,0
"[0.33888888888888896, -0.33888888888888896, 0.1111111111111111, 0.26, 0.12000000000000002, 0.0, 0.0, 0.0, 1.0, 0.7344811410346426, 1.0, 0.0, 0.0, 0.0, 0.0, 0.0, 0.0, 0.0]",63753,29449,N3,dismiss,-0.3,ts,800,0
"[0.5601851851851852, -0.5601851851851852, -0.09818181818181819, -0.73224043715847, -0.28, 0.0, 0.0, 0.0, 1.0, 0.7061927727509902, 1.0, 0.0, 0.0, 0.0, 0.0, 0.0, 0.0, 0.0]",104492,94324,N3,dismiss,-0.3,ts,1742,1
"[0.5636363636363637, -0.5636363636363637, -0.5024875621890547, -0.027855153203342618, 0.6, 0.0, 0.0, 0.0, 1.0, 0.6824336821005992, 1.0, 0.0, 0.0, 0.0, 0.0, 0.0, 0.0, 0.0]",43347,107563,N3,accept,0.6945454545454546,ts,2117,1
"[0.14285714285714288, -0.14285714285714288, -0.1938610662358643, 0.0, 0.0, 0.0, 0.0, 0.0, 1.0, 0.7384864192538396, 1.0, 0.0, 0.0, 0.0, 0.0, 0.0, 0.0, 0.0]",39280,81422,N3,dismiss,-0.3,ts,1392,0
"[0.5, -0.5, 0.10367892976588634, -0.45664739884393063, -0.08000000000000003, 0.0, 0.0, 0.0, 1.0, 0.7593345830725144, 1.0, 0.0, 0.0, 0.0, 0.0, 0.0, 0.0, 0.0]",132804,19599,N3,dismiss,-0.3,ts,2154,0
"[0.7058823529411765, -0.7058823529411765, -0.23136049192928515, -0.15774647887323945, 0.058823529411764705, 0.0, 0.0, 0.0, 1.0, 0.8149827918709462, 1.0, 0.0, 0.0, 0.0, 0.0, 0.0, 0.0, 0.0]",134227,104684,N3,dismiss,-0.3,ts,1472,1
"[0.625, -0.625, -0.2317548746518106, 0.016722408026755852, -0.07692307692307693, 0.0, 0.0, 0.0, 1.0, 0.8330090859287487, 1.0, 0.0, 0.0, 0.0, 0.0, 0.0, 0.0, 0.0]",174765,141757,N3,dismiss,-0.3,ts,2230,0
"[0.4583333333333333, -0.4583333333333333, -0.1433260393873086, 0.22, 0.24000000000000005, 0.0, 0.0, 0.0, 1.0, 0.7386709394486253, 1.0, 0.0, 0.0, 0.0, 0.0, 0.0, 0.0, 0.0]",151789,123325,N3,accept,0.6208333333333333,ts,1721,0
"[0.44, -0.44, -0.3220035778175313, 0.09333333333333334, -0.5545454545454546, 0.0, 0.0, 0.0, 1.0, 0.6735644390777678, 1.0, 0.0, 0.0, 0.0, 0.0, 0.0, 0.0, 0.0]",16728,49086,N3,dismiss,-0.3,ts,2140,1
"[0.2142857142857143, -0.2142857142857143, 0.0, -0.09363295880149813, 0.5492957746478874, 0.0, 0.0, 0.0, 1.0, 0.7020840351677758, 1.0, 0.0, 0.0, 0.0, 0.0, 0.0, 0.0, 0.0]",147103,138639,N3,dismiss,-0.3,ts,2700,0
"[0.5, -0.5, -0.18852459016393436, 0.0, 0.0, 0.0, 0.0, 0.0, 1.0, 0.8459637063264451, 1.0, 0.0, 0.0, 0.0, 0.0, 0.0, 0.0, 0.0]",85446,122732,N3,dismiss,-0.3,ts,2477,0
"[0.3714285714285714, -0.3714285714285714, -0.25974025974025977, 0.0, 0.0, 0.0, 0.0, 0.0, 1.0, 0.7954295127189384, 1.0, 0.0, 0.0, 0.0, 0.0, 0.0, 0.0, 0.0]",63899,48999,N3,dismiss,-0.3,ts,1049,1
"[0.16666666666666666, -0.16666666666666666, -0.18152639087018546, -0.36627906976744184, -0.25, 0.0, 0.0, 0.0, 1.0, 0.6134208748686691, 1.0, 0.0, 0.0, 0.0, 0.0, 0.0, 0.0, 0.0]",116466,164354,N3,dismiss,-0.3,ts,1298,1
"[0.4545454545454546, -0.4545454545454546, -0.10071942446043164, 0.15088757396449703, 1.0, 0.0, 0.0, 0.0, 1.0, 0.6929116885886869, 1.0, 0.0, 0.0, 0.0, 0.0, 0.0, 0.0, 0.0]",108746,107588,N3,dismiss,-0.3,ts,2115,1
"[0.56, -0.56, 0.047120418848167464, 0.36086956521739133, -0.4, 0.0, 0.0, 0.0, 1.0, 0.7437502917188107, 1.0, 0.0, 0.0, 0.0, 0.0, 0.0, 0.0, 0.0]",146668,169349,N3,accept,0.692,ts,2886,0
"[0.4545454545454546, -0.4545454545454546, -0.29375, 0.00872093023255814, 0.9130434782608695, 0.0, 0.0, 0.0, 1.0, 0.680880781236504, 1.0, 0.0, 0.0, 0.0, 0.0, 0.0, 0.0, 0.0]",31972,108828,N3,dismiss,-0.3,ts,1212,0
"[0.5798319327731092, -0.5798319327731092, -0.309153713298791, 0.14122137404580154, -0.28, 0.0, 0.0, 0.0, 1.0, 0.7318549797467085, 1.0, 0.0, 0.0, 0.0, 0.0, 0.0, 0.0, 0.0]",61358,104684,N3,accept,0.7058823529411764,ts,2303,1
"[0.14, -0.14, -0.31562500000000004, 0.030303030303030304, 0.0, 0.0, 0.0, 0.0, 1.0, 0.6993060113850216, 1.0, 0.0, 0.0, 0.0, 0.0, 0.0, 0.0, 0.0]",130086,69993,N3,accept,0.398,ts,2750,0
"[0.12499999999999988, -0.12499999999999988, 0.21153846153846154, 0.049723756906077346, 0.05555555555555555, 0.0, 0.0, 0.0, 1.0, 0.6973654663264208, 1.0, 0.0, 0.0, 0.0, 0.0, 0.0, 0.0, 0.0]",146678,180524,N3,dismiss,-0.3,ts,1548,0
"[0.20000000000000004, -0.20000000000000004, -0.6972222222222223, -0.02, -0.059999999999999984, 0.0, 0.0, 0.0, 1.0, 0.6495787864213909, 1.0, 0.0, 0.0, 0.0, 0.0, 0.0, 0.0, 0.0]",18484,18528,N3,accept,0.44,ts,934,0
"[0.24999999999999992, -0.24999999999999992, -0.18808777429467086, -0.007194244604316547, -0.02439024390243908, 0.0, 0.0, 0.0, 1.0, 0.7676014166610969, 1.0, 0.0, 0.0, 0.0, 0.0, 0.0, 0.0, 0.0]",113424,125887,N3,dismiss,-0.3,ts,1320,0
"[0.5636363636363637, -0.5636363636363637, -0.5181921546333144, -0.033426183844011144, 0.8333333333333334, 0.0, 0.0, 0.0, 1.0, 0.661750165883997, 1.0, 0.0, 0.0, 0.0, 0.0, 0.0, 0.0, 0.0]",43361,108828,N3,dismiss,-0.3,ts,2052,1
"[0.6848739495798319, -0.6848739495798319, 0.04796274738067509, -0.028469750889679714, 0.6428571428571429, 0.0, 0.0, 0.0, 1.0, 0.8080788795916292, 1.0, 0.0, 0.0, 0.0, 0.0, 0.0, 0.0, 0.0]",84577,120796,N3,dismiss,-0.3,ts,2638,1
"[0.13333333333333328, -0.13333333333333328, -0.04120070629782221, -0.05084745762711865, -0.07999999999999999, 0.0, 0.0, 0.0, 1.0, 0.7468416070854169, 1.0, 0.0, 0.0, 0.0, 0.0, 0.0, 0.0, 0.0]",87097,143094,N3,dismiss,-0.3,ts,2468,1
"[0.03846153846153842, -0.03846153846153842, 0.0, 0.0, 0.0, 0.0, 0.0, 0.0, 1.0, 0.7644070962643087, 1.0, 0.0, 0.0, 0.0, 0.0, 0.0, 0.0, 0.0]",48548,51122,N3,dismiss,-0.3,ts,889,0
"[0.5454545454545454, -0.5454545454545454, -0.008000000000000007, -0.8403908794788274, -0.5, 0.0, 0.0, 0.0, 1.0, 0.6984613948531551, 1.0, 0.0, 0.0, 0.0, 0.0, 0.0, 0.0, 0.0]",69980,94324,N3,accept,0.6818181818181818,ts,2865,0
"[0.1666666666666667, -0.1666666666666667, -0.15503875968992248, 0.058823529411764705, 0.0, 0.0, 0.0, 0.0, 1.0, 0.741259150826298, 1.0, 0.0, 0.0, 0.0, 0.0, 0.0, 0.0, 0.0]",92714,85929,N3,dismiss,-0.3,ts,2462,0
"[0.5636363636363637, -0.5636363636363637, -0.4547263681592039, -0.03591160220994475, 0.8181818181818182, 0.0, 0.0, 0.0, 1.0, 0.6715280724902654, 1.0, 0.0, 0.0, 0.0, 0.0, 0.0, 0.0, 0.0]",174793,108839,N3,dismiss,-0.3,ts,1064,1
"[0.25, -0.25, -0.18823529411764706, 0.0, 0.0, 0.0, 0.0, 0.0, 1.0, 0.7768452100027552, 1.0, 0.0, 0.0, 0.0, 0.0, 0.0, 0.0, 0.0]",113825,87177,N3,accept,0.475,ts,794,0
"[0.09090909090909098, -0.09090909090909098, 0.0, 0.002898550724637681, -0.038461538461538464, 0.0, 0.0, 0.0, 1.0, 0.7719082739635789, 1.0, 0.0, 0.0, 0.0, 0.0, 0.0, 0.0, 0.0]",43134,116977,N3,dismiss,-0.3,ts,2492,1
"[0.39999999999999997, -0.39999999999999997, -0.4021650879566983, 0.11009174311926606, 0.0, 0.0, 0.0, 0.0, 1.0, 0.7440956252248083, 1.0, 0.0, 0.0, 0.0, 0.0, 0.0, 0.0, 0.0]",115244,110166,N3,accept,0.58,ts,2384,1
"[0.22666666666666668, -0.22666666666666668, -0.5995995995995996, 0.0, 0.0, 0.0, 0.0, 0.0, 1.0, 0.6921564497180331, 1.0, 0.0, 0.0, 0.0, 0.0, 0.0, 0.0, 0.0]",71092,40258,N3,dismiss,-0.3,ts,543,0
"[0.1250000000000001, -0.1250000000000001, 0.18112094395280237, -0.014044943820224719, -0.6272727272727273, 0.0, 0.0, 0.0, 1.0, 0.6241820565587829, 1.0, 0.0, 0.0, 0.0, 0.0, 0.0, 0.0, 0.0]",87724,117054,N3,dismiss,-0.3,ts,2754,0
"[0.25, -0.25, 0.0, 0.0, 0.0, 0.0, 0.0, 0.0, 1.0, 0.8395893495876965, 1.0, 0.0, 0.0, 0.0, 0.0, 0.0, 0.0, 0.0]",116939,117045,N3,accept,0.475,ts,2214,0
"[0.5599999999999999, -0.5599999999999999, 0.052291801162040054, 0.29454545454545455, -0.2448979591836735, 0.0, 0.0, 0.0, 1.0, 0.7767295963695724, 1.0, 0.0, 0.0, 0.0, 0.0, 0.0, 0.0, 0.0]",185412,87718,N3,dismiss,-0.3,ts,592,0
"[0.39999999999999997, -0.39999999999999997, -0.4021650879566983, 0.11009174311926606, 0.0, 0.0, 0.0, 0.0, 1.0, 0.7440956252248083, 1.0, 0.0, 0.0, 0.0, 0.0, 0.0, 0.0, 0.0]",115244,110166,N3,accept,0.58,ts,2761,1
"[0.9228571428571429, -0.9228571428571429, -0.2761430511543685, 0.09016393442622951, -0.4583333333333333, 0.0, 0.0, 0.0, 1.0, 0.770830210491008, 1.0, 0.0, 0.0, 0.0, 0.0, 0.0, 0.0, 0.0]",81541,128247,N3,accept,0.946,ts,2466,0
"[0.2941176470588236, -0.2941176470588236, 0.0, 1.0, 0.22000000000000003, 0.0, 0.0, 0.0, 1.0, 0.6533578724024277, 1.0, 0.0, 0.0, 0.0, 0.0, 0.0, 0.0, 0.0]",51572,50956,N3,dismiss,-0.3,ts,741,0
"[0.25, -0.25, 0.0, 0.0, 0.0, 0.0, 0.0, 0.0, 1.0, 0.8395893495876965, 1.0, 0.0, 0.0, 0.0, 0.0, 0.0, 0.0, 0.0]",117053,117045,N3,dismiss,-0.3,ts,1722,0
"[0.25, -0.25, 0.22714285714285723, 0.052434456928838954, -0.06666666666666667, 0.0, 0.0, 0.0, 1.0, 0.7329119913938553, 1.0, 0.0, 0.0, 0.0, 0.0, 0.0, 0.0, 0.0]",57653,21089,N3,dismiss,-0.3,ts,1587,0
"[0.5599999999999999, -0.5599999999999999, 0.0013342228152101116, 0.014035087719298246, 0.03571428571428559, 0.0, 0.0, 0.0, 1.0, 0.9064267245263649, 1.0, 0.0, 0.0, 0.0, 0.0, 0.0, 0.0, 0.0]",104485,114138,N3,accept,0.692,ts,941,0
"[0.1250000000000001, -0.1250000000000001, 0.16218749999999993, 0.0, 0.0, 0.0, 0.0, 0.0, 1.0, 0.7409291148542603, 1.0, 0.0, 0.0, 0.0, 0.0, 0.0, 0.0, 0.0]",152421,55412,N3,dismiss,-0.3,ts,2280,0
"[0.375, -0.375, -0.335, -0.21067415730337077, -0.2222222222222222, 0.0, 0.0, 0.0, 1.0, 0.6744004938999363, 1.0, 0.0, 0.0, 0.0, 0.0, 0.0, 0.0, 0.0]",138519,60954,N3,dismiss,-0.3,ts,2222,1
"[0.15999999999999998, -0.15999999999999998, 0.0, 0.0, 0.0, 0.0, 0.0, 0.0, 1.0, 0.8088739373846245, 1.0, 0.0, 0.0, 0.0, 0.0, 0.0, 0.0, 0.0]",16728,16731,N3,dismiss,-0.3,ts,2591,0
"[0.25, -0.25, -0.46332737030411447, -0.10824742268041238, 0.19047619047619047, 0.0, 0.0, 0.0, 1.0, 0.6420465769124615, 1.0, 0.0, 0.0, 0.0, 0.0, 0.0, 0.0, 0.0]",16906,117045,N3,accept,0.475,ts,2959,0
"[0.9400000000000001, -0.9400000000000001, -0.05250000000000003, -0.18333333333333332, 1.0, 0.0, 0.0, 0.0, 1.0, 0.7728199588411944, 1.0, 0.0, 0.0, 0.0, 0.0, 0.0, 0.0, 0.0]",112476,42569,N3,dismiss,-0.3,ts,2696,0
"[0.25, -0.25, 0.1813365933170334, 0.06976744186046512, 0.375, 0.0, 0.0, 0.0, 1.0, 0.6800714943350291, 1.0, 0.0, 0.0, 0.0, 0.0, 0.0, 0.0, 0.0]",84869,71447,N3,dismiss,-0.3,ts,2004,1
"[0.02857142857142844, -0.02857142857142844, -0.43774069319640574, 0.02, 0.019999999999999973, 0.0, 0.0, 0.0, 1.0, 0.6322768417624829, 1.0, 0.0, 0.0, 0.0, 0.0, 0.0, 0.0, 0.0]",33303,77265,N3,accept,0.3199999999999999,ts,2955,1
"[0.25, -0.25, -0.46332737030411447, -0.10824742268041238, 0.19047619047619047, 0.0, 0.0, 0.0, 1.0, 0.6420465769124615, 1.0, 0.0, 0.0, 0.0, 0.0, 0.0, 0.0, 0.0]",16906,117045,N3,dismiss,-0.3,ts,2656,0
"[0.19999999999999993, -0.19999999999999993, -0.5909090909090909, -0.9, -0.8363636363636363, 0.0, 0.0, 0.0, 1.0, 0.4371272524625001, 1.0, 0.0, 0.0, 0.0, 0.0, 0.0, 0.0, 0.0]",41688,62598,N3,dismiss,-0.3,ts,609,1
"[0.6875, -0.6875, 0.05571428571428579, 0.18461538461538463, -0.6592592592592593, 0.0, 0.0, 0.0, 1.0, 0.7663329371063949, 1.0, 0.0, 0.0, 0.0, 0.0, 0.0, 0.0, 0.0]",20014,140660,N3,dismiss,-0.3,ts,2791,0
"[0.5555555555555556, -0.35, -0.41692307692307695, 0.0, 0.0, 0.0, 0.0, 0.0, 1.0, 0.7572625285445833, 1.0, 0.0, 0.0, 0.0, 0.0, 0.0, 0.0, 0.0]",63920,48992,N3,dismiss,-0.3,ts,403,1
"[0.2, -0.07, -0.29684601113172543, 0.0, 0.0, 0.0, 0.0, 0.0, 1.0, 0.6866108486748183, 1.0, 0.0, 0.0, 0.0, 0.0, 0.0, 0.0, 0.0]",63919,48992,N3,dismiss,-0.3,ts,2627,0
"[0.12499999999999999, -0.12499999999999999, 0.018888888888888882, -0.045454545454545456, 0.12000000000000002, 0.0, 0.0, 0.0, 1.0, 0.7438779667539046, 1.0, 0.0, 0.0, 0.0, 0.0, 0.0, 0.0, 0.0]",30710,82102,N3,dismiss,-0.3,ts,2696,1
"[0.3888888888888889, -0.3888888888888889, -0.2288984263233191, 0.0, 0.0, 0.0, 0.0, 0.0, 1.0, 0.8078061837492823, 1.0, 0.0, 0.0, 0.0, 0.0, 0.0, 0.0, 0.0]",147468,147380,N3,dismiss,-0.3,ts,1759,1
"[0.5636363636363637, -0.5636363636363637, 0.23253903040262944, 0.011594202898550725, 0.6666666666666666, 0.0, 0.0, 0.0, 1.0, 0.7338903808542905, 1.0, 0.0, 0.0, 0.0, 0.0, 0.0, 0.0, 0.0]",123006,107563,N3,accept,0.6945454545454546,ts,473,1
"[0.2045454545454546, -0.2045454545454546, -0.24931506849315063, -0.019553072625698324, 1.0, 0.0, 0.0, 0.0, 1.0, 0.605028229497204, 1.0, 0.0, 0.0, 0.0, 0.0, 0.0, 0.0, 0.0]",93936,74278,N3,dismiss,-0.3,ts,1250,0
"[0.25806451612903236, -0.25806451612903236, -0.171875, 0.0, 0.0, 0.0, 0.0, 0.0, 1.0, 0.784034908252429, 1.0, 0.0, 0.0, 0.0, 0.0, 0.0, 0.0, 0.0]",15686,39517,N3,dismiss,-0.3,ts,1371,1
"[0.0769230769230768, -0.0769230769230768, 0.125, -0.75, -0.44000000000000006, 0.0, 0.0, 0.0, 1.0, 0.5301659338444363, 1.0, 0.0, 0.0, 0.0, 0.0, 0.0, 0.0, 0.0]",57385,81128,N3,dismiss,-0.3,ts,2894,0
"[0.09999999999999991, -0.09999999999999991, -0.665546218487395, 0.0, 0.0, 0.0, 0.0, 0.0, 1.0, 0.6400589572696636, 1.0, 0.0, 0.0, 0.0, 0.0, 0.0, 0.0, 0.0]",54201,16809,N3,dismiss,-0.3,ts,854,0
"[0.09999999999999996, -0.09999999999999996, -0.0006666666666666524, 0.27419354838709675, -0.06000000000000001, 0.0, 0.0, 0.0, 1.0, 0.706675003762941, 1.0, 0.0, 0.0, 0.0, 0.0, 0.0, 0.0, 0.0]",41650,155616,N3,accept,0.36999999999999994,ts,1978,1
"[0.8530612244897959, -0.8530612244897959, -0.4003639672429481, 0.4482758620689655, 0.47619047619047616, 0.0, 0.0, 0.0, 1.0, 0.6729637351096623, 1.0, 0.0, 0.0, 0.0, 0.0, 0.0, 0.0, 0.0]",180522,170138,N3,dismiss,-0.3,ts,1764,0
"[0.6097560975609756, -0.6097560975609756, 0.08774474256707766, 0.4117647058823529, 0.08333333333333333, 0.0, 0.0, 0.0, 1.0, 0.7914507604149708, 1.0, 0.0, 0.0, 0.0, 0.0, 0.0, 0.0, 0.0]",141752,90182,N3,accept,0.7268292682926829,ts,2101,1
"[0.28571428571428564, -0.28571428571428564, -0.13955364345254095, -0.029411764705882353, 0.0, 0.0, 0.0, 0.0, 1.0, 0.7937544046665308, 1.0, 0.0, 0.0, 0.0, 0.0, 0.0, 0.0, 0.0]",55412,130086,N3,dismiss,-0.3,ts,526,1
"[0.84375, -0.84375, -0.11138923654568217, 1.0, 1.0, 0.0, 0.0, 0.0, 1.0, 0.6362362110593764, 1.0, 0.0, 0.0, 0.0, 0.0, 0.0, 0.0, 0.0]",158428,170956,N3,dismiss,-0.3,ts,1022,1
"[0.4545454545454546, -0.4545454545454546, -0.33569530558015936, 0.0028735632183908046, 0.6666666666666666, 0.0, 0.0, 0.0, 1.0, 0.6890545044054107, 1.0, 0.0, 0.0, 0.0, 0.0, 0.0, 0.0, 0.0]",31973,107563,N3,dismiss,-0.3,ts,2633,1
"[0.25, -0.25, -0.24812030075187969, 0.005813953488372093, 0.041666666666666664, 0.0, 0.0, 0.0, 1.0, 0.7476249554836153, 1.0, 0.0, 0.0, 0.0, 0.0, 0.0, 0.0, 0.0]",174773,117045,N3,dismiss,-0.3,ts,2856,0
"[0.8571428571428572, -0.8571428571428572, 0.0, -0.04, 0.0, 0.0, 0.0, 0.0, 1.0, 0.9529674423825959, 1.0, 0.0, 0.0, 0.0, 0.0, 0.0, 0.0, 0.0]",16648,16650,N3,dismiss,-0.3,ts,2917,0
"[0.29999999999999993, -0.29999999999999993, -0.48148148148148145, -0.3020408163265306, 0.1111111111111111, 0.0, 0.0, 0.0, 1.0, 0.6339237983594747, 1.0, 0.0, 0.0, 0.0, 0.0, 0.0, 0.0, 0.0]",127333,114737,N3,accept,0.5099999999999999,ts,2730,1
"[0.31034482758620696, -0.31034482758620696, -0.7581317764804003, -0.9132947976878613, -0.8941176470588235, 0.0, 0.0, 0.0, 1.0, 0.45178117677251567, 1.0, 0.0, 0.0, 0.0, 0.0, 0.0, 0.0, 0.0]",64502,70828,N3,dismiss,-0.3,ts,2034,1
"[0.7576530612244898, -0.7576530612244898, -0.04534606205250594, -0.6666666666666666, -0.33999999999999997, 0.0, 0.0, 0.0, 1.0, 0.7514982057090797, 1.0, 0.0, 0.0, 0.0, 0.0, 0.0, 0.0, 0.0]",33277,174927,N3,dismiss,-0.3,ts,1424,0
"[0.41935483870967744, -0.41935483870967744, -0.73125, 0.002849002849002849, 0.11428571428571425, 0.0, 0.0, 0.0, 1.0, 0.7041758031942928, 1.0, 0.0, 0.0, 0.0, 0.0, 0.0, 0.0, 0.0]",15686,105899,N3,dismiss,-0.3,ts,1516,1
"[0.25, -0.25, 0.0, -0.005747126436781609, -0.16666666666666666, 0.0, 0.0, 0.0, 1.0, 0.7953547792253595, 1.0, 0.0, 0.0, 0.0, 0.0, 0.0, 0.0, 0.0]",117105,117045,N3,dismiss,-0.3,ts,888,0
"[0.08333333333333322, -0.08333333333333322, 0.0, 0.0, 0.0, 0.0, 0.0, 0.0, 1.0, 0.7810882504428991, 1.0, 0.0, 0.0, 0.0, 0.0, 0.0, 0.0, 0.0]",174745,93864,N3,dismiss,-0.3,ts,2196,0
"[0.5636363636363637, -0.5636363636363637, -0.0866666666666666, -0.0113314447592068, 0.42857142857142855, 0.0, 0.0, 0.0, 1.0, 0.8006380194175028, 1.0, 0.0, 0.0, 0.0, 0.0, 0.0, 0.0, 0.0]",87720,108839,N3,dismiss,-0.3,ts,510,1
"[0.25000000000000006, -0.25000000000000006, -0.058823529411764705, -0.06, -0.1, 0.0, 0.0, 0.0, 1.0, 0.7732389811375225, 1.0, 0.0, 0.0, 0.0, 0.0, 0.0, 0.0, 0.0]",18279,41800,N3,dismiss,-0.3,ts,2964,1
"[0.8714285714285714, -0.8714285714285714, -0.2588235294117647, -0.9809523809523809, -0.9324324324324325, 0.0, 0.0, 0.0, 1.0, 0.6293980130464618, 1.0, 0.0, 0.0, 0.0, 0.0, 0.0, 0.0, 0.0]",91071,16650,N3,dismiss,-0.3,ts,1332,1
"[0.18831168831168835, -0.18831168831168835, 0.0, 0.15942028985507245, 0.18, 0.0, 0.0, 0.0, 1.0, 0.732496988669393, 1.0, 0.0, 0.0, 0.0, 0.0, 0.0, 0.0, 0.0]",151793,85224,N3,accept,0.4318181818181818,ts,545,0
"[0.062499999999999965, -0.062499999999999965, 0.0, 0.07339449541284404, -0.038461538461538464, 0.0, 0.0, 0.0, 1.0, 0.7417846617265634, 1.0, 0.0, 0.0, 0.0, 0.0, 0.0, 0.0, 0.0]",169893,183357,N3,dismiss,-0.3,ts,1669,0
"[0.7058823529411765, -0.7058823529411765, 0.1723329425556859, 1.0, 1.0, 0.0, 0.0, 0.0, 1.0, 0.58851853270898, 1.0, 0.0, 0.0, 0.0, 0.0, 0.0, 0.0, 0.0]",147129,104684,N3,dismiss,-0.3,ts,1534,1
"[0.6, -0.6, -0.17555110220440878, 0.3348623853211009, 1.0, 0.0, 0.0, 0.0, 1.0, 0.6607458692324787, 1.0, 0.0, 0.0, 0.0, 0.0, 0.0, 0.0, 0.0]",185374,29663,N3,dismiss,-0.3,ts,413,1
"[0.13636363636363646, -0.13636363636363646, -0.12300000000000004, 0.5446428571428571, 0.18, 0.0, 0.0, 0.0, 1.0, 0.6119393419576029, 1.0, 0.0, 0.0, 0.0, 0.0, 0.0, 0.0, 0.0]",80033,87098,N3,dismiss,-0.3,ts,750,1
"[0.02500000000000002, -0.02500000000000002, 0.0, -0.08, -0.039999999999999994, 0.0, 0.0, 0.0, 1.0, 0.7256596282421947, 1.0, 0.0, 0.0, 0.0, 0.0, 0.0, 0.0, 0.0]",18064,62540,N3,dismiss,-0.3,ts,2777,0
"[0.375, -0.375, 0.07148288973384026, -0.5597826086956522, 0.4, 0.0, 0.0, 0.0, 1.0, 0.6671768370261847, 1.0, 0.0, 0.0, 0.0, 0.0, 0.0, 0.0, 0.0]",85163,154734,N3,dismiss,-0.3,ts,2895,0
"[0.19999999999999993, -0.19999999999999993, -0.17391304347826086, 0.0, 0.0, 0.0, 0.0, 0.0, 1.0, 0.7640724904524591, 1.0, 0.0, 0.0, 0.0, 0.0, 0.0, 0.0, 0.0]",38212,18611,N3,dismiss,-0.3,ts,2001,1
"[0.9189189189189189, -0.9189189189189189, -0.26862026862026867, 0.0948905109489051, -0.08333333333333333, 0.0, 0.0, 0.0, 1.0, 0.8380619106054497, 1.0, 0.0, 0.0, 0.0, 0.0, 0.0, 0.0, 0.0]",130295,16729,N3,dismiss,-0.3,ts,1973,1
"[0.0555555555555556, -0.0555555555555556, -0.47750000000000004, -0.3804347826086957, -0.15999999999999998, 0.0, 0.0, 0.0, 1.0, 0.526759016676835, 1.0, 0.0, 0.0, 0.0, 0.0, 0.0, 0.0, 0.0]",155815,18005,N3,dismiss,-0.3,ts,593,1
"[0.3636363636363637, -0.3636363636363637, 0.0, 0.0, 0.0, 0.0, 0.0, 0.0, 1.0, 0.8742764353476687, 1.0, 0.0, 0.0, 0.0, 0.0, 0.0, 0.0, 0.0]",123031,123174,N3,dismiss,-0.3,ts,1898,0
"[0.28571428571428564, -0.28571428571428564, -0.20634920634920637, -0.029411764705882353, 0.0, 0.0, 0.0, 0.0, 1.0, 0.7748350288905015, 1.0, 0.0, 0.0, 0.0, 0.0, 0.0, 0.0, 0.0]",55348,130086,N3,dismiss,-0.3,ts,1709,1
"[0.20000000000000004, -0.20000000000000004, -0.634703196347032, 0.07407407407407407, -0.74, 0.0, 0.0, 0.0, 1.0, 0.5425189848892313, 1.0, 0.0, 0.0, 0.0, 0.0, 0.0, 0.0, 0.0]",19598,106004,N3,dismiss,-0.3,ts,1319,0
"[0.06666666666666665, -0.06666666666666665, 0.24937531234382798, -0.06790123456790123, -0.07999999999999999, 0.0, 0.0, 0.0, 1.0, 0.655148609977013, 1.0, 0.0, 0.0, 0.0, 0.0, 0.0, 0.0, 0.0]",146547,108112,N3,dismiss,-0.3,ts,852,0
"[0.1666666666666667, -0.1666666666666667, -0.14285714285714285, 0.0, 0.0, 0.0, 0.0, 0.0, 1.0, 0.7615251242159846, 1.0, 0.0, 0.0, 0.0, 0.0, 0.0, 0.0, 0.0]",51616,61090,N3,dismiss,-0.3,ts,718,1
"[0.3911290322580645, -0.3911290322580645, -0.50017850767583, -0.036036036036036036, -0.07692307692307693, 0.0, 0.0, 0.0, 1.0, 0.7236081398207702, 1.0, 0.0, 0.0, 0.0, 0.0, 0.0, 0.0, 0.0]",89601,103704,N3,accept,0.5737903225806451,ts,1364,1
"[0.05737704918032792, -0.05737704918032792, -0.4473409801876955, 0.011527377521613832, -0.19540229885057464, 0.0, 0.0, 0.0, 1.0, 0.6012691354747454, 1.0, 0.0, 0.0, 0.0, 0.0, 0.0, 0.0, 0.0]",54573,39517,N3,accept,0.34016393442622955,ts,1955,1
"[0.7, -0.7, -0.3508771929824562, 0.4847161572052402, -0.49375, 0.0, 0.0, 0.0, 1.0, 0.6573653265668035, 1.0, 0.0, 0.0, 0.0, 0.0, 0.0, 0.0, 0.0]",185375,145532,N3,accept,0.7899999999999999,ts,2635,1
"[0.6136363636363636, -0.6136363636363636, -0.20886075949367092, -0.5698324022346368, -0.6714285714285715, 0.0, 0.0, 0.0, 1.0, 0.6503909404625289, 1.0, 0.0, 0.0, 0.0, 0.0, 0.0, 0.0, 0.0]",111011,142262,N3,accept,0.7295454545454545,ts,1281,0
"[0.14, -0.14, -0.31562500000000004, 0.030303030303030304, 0.0, 0.0, 0.0, 0.0, 1.0, 0.6993060113850216, 1.0, 0.0, 0.0, 0.0, 0.0, 0.0, 0.0, 0.0]",130086,69993,N3,dismiss,-0.3,ts,965,0
"[0.09090909090909098, -0.09090909090909098, -0.3849114703618168, 0.0, 0.0, 0.0, 0.0, 0.0, 1.0, 0.6765001730348132, 1.0, 0.0, 0.0, 0.0, 0.0, 0.0, 0.0, 0.0]",43671,43690,N3,accept,0.36363636363636365,ts,2943,0
"[0.24999999999999997, -0.24999999999999997, -0.6068, 0.0, 0.0, 0.0, 0.0, 0.0, 1.0, 0.6990144894328193, 1.0, 0.0, 0.0, 0.0, 0.0, 0.0, 0.0, 0.0]",69947,90177,N3,dismiss,-0.3,ts,1435,1
"[0.4545454545454546, -0.4545454545454546, -0.29375, -0.0028735632183908046, 0.8333333333333334, 0.0, 0.0, 0.0, 1.0, 0.6867897445125909, 1.0, 0.0, 0.0, 0.0, 0.0, 0.0, 0.0, 0.0]",31966,108828,N3,dismiss,-0.3,ts,882,0
"[0.8529411764705882, -0.8529411764705882, -0.04643035446829754, 1.0, 0.17647058823529413, 0.0, 0.0, 0.0, 1.0, 0.7541432959327772, 1.0, 0.0, 0.0, 0.0, 0.0, 0.0, 0.0, 0.0]",107861,146668,N3,dismiss,-0.3,ts,2011,0
"[0.41176470588235287, -0.41176470588235287, -0.4265232974910394, 0.08, 0.12000000000000002, 0.0, 0.0, 0.0, 1.0, 0.7184106107941747, 1.0, 0.0, 0.0, 0.0, 0.0, 0.0, 0.0, 0.0]",88339,58615,N3,accept,0.588235294117647,ts,1643,0
"[0.20000000000000007, -0.20000000000000007, 0.09090909090909091, -0.008547008547008548, -0.14285714285714285, 0.0, 0.0, 0.0, 1.0, 0.7497580191893745, 1.0, 0.0, 0.0, 0.0, 0.0, 0.0, 0.0, 0.0]",162723,32065,N3,dismiss,-0.3,ts,1852,1
"[0.7411764705882353, -0.7411764705882353, 0.08428571428571437, -0.563953488372093, -0.18518518518518517, 0.0, 0.0, 0.0, 1.0, 0.7722738027302286, 1.0, 0.0, 0.0, 0.0, 0.0, 0.0, 0.0, 0.0]",104685,85794,N3,dismiss,-0.3,ts,613,1
"[0.20000000000000007, -0.20000000000000007, -0.5635935397039031, -0.11811023622047244, 1.0, 0.0, 0.0, 0.0, 1.0, 0.5263580713412344, 1.0, 0.0, 0.0, 0.0, 0.0, 0.0, 0.0, 0.0]",106733,107554,N3,dismiss,-0.3,ts,693,1
"[0.11999999999999993, -0.11999999999999993, 0.043478260869565216, 0.23674911660777384, -0.20212765957446813, 0.0, 0.0, 0.0, 1.0, 0.671407612200465, 1.0, 0.0, 0.0, 0.0, 0.0, 0.0, 0.0, 0.0]",185510,30105,N3,accept,0.38399999999999995,ts,612,1
"[0.35000000000000003, -0.35000000000000003, -0.20040080160320642, 0.3888888888888889, 0.12000000000000002, 0.0, 0.0, 0.0, 1.0, 0.6912520884850263, 1.0, 0.0, 0.0, 0.0, 0.0, 0.0, 0.0, 0.0]",44266,110599,N3,accept,0.5449999999999999,ts,2535,0
"[0.09999999999999994, -0.09999999999999994, -0.2309859154929577, -0.9540229885057471, -0.9038461538461539, 0.0, 0.0, 0.0, 1.0, 0.4600896146042551, 1.0, 0.0, 0.0, 0.0, 0.0, 0.0, 0.0, 0.0]",91073,16648,N3,accept,0.36999999999999994,ts,2932,1
"[0.8530612244897959, -0.8530612244897959, -0.4003639672429481, 0.4482758620689655, 0.47619047619047616, 0.0, 0.0, 0.0, 1.0, 0.6729637351096623, 1.0, 0.0, 0.0, 0.0, 0.0, 0.0, 0.0, 0.0]",180522,170138,N3,dismiss,-0.3,ts,1712,0
"[0.4545454545454546, -0.4545454545454546, -0.10071942446043164, 0.03254437869822485, 0.6666666666666666, 0.0, 0.0, 0.0, 1.0, 0.7417729623391699, 1.0, 0.0, 0.0, 0.0, 0.0, 0.0, 0.0, 0.0]",108746,107563,N3,dismiss,-0.3,ts,847,1
"[0.9074285714285715, -0.9074285714285715, 0.006926952141057898, -0.06338028169014084, -0.3157894736842105, 0.0, 0.0, 0.0, 1.0, 0.8783172077941633, 1.0, 0.0, 0.0, 0.0, 0.0, 0.0, 0.0, 0.0]",89666,128247,N3,dismiss,-0.3,ts,1601,1
"[0.25000000000000006, -0.25000000000000006, 0.1111111111111111, 0.0, 0.0, 0.0, 0.0, 0.0, 1.0, 0.7997368301710582, 1.0, 0.0, 0.0, 0.0, 0.0, 0.0, 0.0, 0.0]",62598,18364,N3,dismiss,-0.3,ts,1914,1
"[0.10000000000000009, -0.10000000000000009, -0.2588235294117647, -0.975, -0.52, 0.0, 0.0, 0.0, 1.0, 0.48076478481180795, 1.0, 0.0, 0.0, 0.0, 0.0, 0.0, 0.0, 0.0]",91074,16650,N3,accept,0.37000000000000005,ts,2685,0
"[0.1111111111111111, -0.1111111111111111, 0.0, 0.1, 0.040000000000000036, 0.0, 0.0, 0.0, 1.0, 0.75256216815085, 1.0, 0.0, 0.0, 0.0, 0.0, 0.0, 0.0, 0.0]",141703,130670,N3,dismiss,-0.3,ts,1409,1
"[0.005681818181818187, -0.005681818181818187, 0.0, 0.5, 0.05999999999999996, 0.0, 0.0, 0.0, 1.0, 0.6403506119142774, 1.0, 0.0, 0.0, 0.0, 0.0, 0.0, 0.0, 0.0]",17805,33289,N3,accept,0.3039772727272727,ts,2780,0
"[0.39999999999999997, -0.39999999999999997, -0.7121401752190238, -0.13307984790874525, -0.26666666666666666, 0.0, 0.0, 0.0, 1.0, 0.6353431571611287, 1.0, 0.0, 0.0, 0.0, 0.0, 0.0, 0.0, 0.0]",120829,178949,N3,accept,0.58,ts,2340,1
"[0.09493670886075957, -0.09493670886075957, 0.05134788189987163, -0.11168831168831168, 0.47761194029850745, 0.0, 0.0, 0.0, 1.0, 0.643523776888406, 1.0, 0.0, 0.0, 0.0, 0.0, 0.0, 0.0, 0.0]",43373,43377,N3,dismiss,-0.3,ts,2157,1
"[0.6875, -0.6875, -0.4357298474945534, -0.052924791086350974, 0.396551724137931, 0.0, 0.0, 0.0, 1.0, 0.7300701540116802, 1.0, 0.0, 0.0, 0.0, 0.0, 0.0, 0.0, 0.0]",158412,145532,N3,accept,0.78125,ts,660,1
"[0.3636363636363637, -0.3636363636363637, 0.0, 0.061046511627906974, 0.0, 0.0, 0.0, 0.0, 1.0, 0.8570363402900383, 1.0, 0.0, 0.0, 0.0, 0.0, 0.0, 0.0, 0.0]",123009,123174,N3,dismiss,-0.3,ts,942,0
"[0.648, -0.648, 0.12880765883376852, 0.20863309352517986, 1.0, 0.0, 0.0, 0.0, 1.0, 0.693548136379965, 1.0, 0.0, 0.0, 0.0, 0.0, 0.0, 0.0, 0.0]",185576,107554,N3,accept,0.7536,ts,965,0
"[0.648, -0.648, 0.1801637852593267, 0.20863309352517986, 1.0, 0.0, 0.0, 0.0, 1.0, 0.678459202837453, 1.0, 0.0, 0.0, 0.0, 0.0, 0.0, 0.0, 0.0]",185410,107458,N3,accept,0.7536,ts,1443,1
"[0.047619047619047596, -0.047619047619047596, -0.10427528675703858, 0.014492753623188406, 0.01626016260162596, 0.0, 0.0, 0.0, 1.0, 0.7210938291158605, 1.0, 0.0, 0.0, 0.0, 0.0, 0.0, 0.0, 0.0]",154624,19856,N3,accept,0.3333333333333333,ts,1914,1
"[0.2777777777777778, -0.2777777777777778, -0.02328288707799767, 0.1134020618556701, 0.05, 0.0, 0.0, 0.0, 1.0, 0.7947171443990272, 1.0, 0.0, 0.0, 0.0, 0.0, 0.0, 0.0, 0.0]",139804,78130,N3,dismiss,-0.3,ts,2954,1
"[0.5636363636363637, -0.5636363636363637, -0.45400199269345726, -0.005698005698005698, 0.42857142857142855, 0.0, 0.0, 0.0, 1.0, 0.7147937609397567, 1.0, 0.0, 0.0, 0.0, 0.0, 0.0, 0.0, 0.0]",15533,108839,N3,accept,0.6945454545454546,ts,2148,1
"[0.2307692307692307, -0.2307692307692307, -0.16666666666666666, 1.0, 0.44000000000000006, 0.0, 0.0, 0.0, 1.0, 0.5428623010478525, 1.0, 0.0, 0.0, 0.0, 0.0, 0.0, 0.0, 0.0]",79461,133969,N3,dismiss,-0.3,ts,1860,1
"[0.19999999999999993, -0.19999999999999993, -0.25, -0.8833333333333333, -0.7454545454545454, 0.0, 0.0, 0.0, 1.0, 0.5035447216368699, 1.0, 0.0, 0.0, 0.0, 0.0, 0.0, 0.0, 0.0]",126074,18330,N3,dismiss,-0.3,ts,1006,0
"[0.07692307692307684, -0.07692307692307684, -0.1872881355932203, 0.4411764705882353, -0.2916666666666667, 0.0, 0.0, 0.0, 1.0, 0.5620114161518501, 1.0, 0.0, 0.0, 0.0, 0.0, 0.0, 0.0, 0.0]",92709,115240,N3,dismiss,-0.3,ts,1417,1
"[0.3636363636363637, -0.3636363636363637, 0.0, 0.016713091922005572, 0.15384615384615385, 0.0, 0.0, 0.0, 1.0, 0.8296166021577667, 1.0, 0.0, 0.0, 0.0, 0.0, 0.0, 0.0, 0.0]",123551,123174,N3,accept,0.5545454545454546,ts,1734,0
"[0.1111111111111111, -0.1111111111111111, 0.0, 0.12, 0.020000000000000018, 0.0, 0.0, 0.0, 1.0, 0.7533976982639888, 1.0, 0.0, 0.0, 0.0, 0.0, 0.0, 0.0, 0.0]",141703,74187,N3,dismiss,-0.3,ts,791,1
