context,item_id,alternative_id,nudge_type,action,reward,algorithm,dwell_time_ms,is_exploration
"[0.2363636363636364, -0.2363636363636364, -0.14295925661186562, 0.0, 0.02500000000000006, 0.0, 0.0, 0.0, 1.0, 0.7780493073777478, 1.0, 0.0, 0.0, 0.0, 0.0, 0.0, 0.0, 0.0]",84678,59125,N1,dismiss,0.0,ts,2337,1
"[0.24999999999999997, -0.24999999999999997, 0.11420612813370477, -0.15950920245398773, 0.0, 0.0, 0.0, 0.0, 1.0, 0.7577778993431036, 1.0, 0.0, 0.0, 0.0, 0.0, 0.0, 0.0, 0.0]",155669,115289,N2,accept,0.03958333333333333,ts,2165,1
"[0.10857142857142851, -0.10857142857142851, -0.6289424860853432, 0.06007067137809187, 0.1, 0.0, 0.0, 0.0, 1.0, 0.6030379116505689, 1.0, 0.0, 0.0, 0.0, 0.0, 0.0, 0.0, 0.0]",63899,93861,N3,dismiss,-0.049999999999999996,ts,621,1
"[0.2222222222222223, -0.2222222222222223, -0.3853564547206166, 0.0, 0.0, 0.0, 0.0, 0.0, 1.0, 0.7229148042941707, 1.0, 0.0, 0.0, 0.0, 0.0, 0.0, 0.0, 0.0]",125880,113424,N4,accept,0.1138888888888889,ts,1789,1
"[0.24999999999999997, -0.24999999999999997, 0.11420612813370477, -0.15950920245398773, 0.0, 0.0, 0.0, 0.0, 1.0, 0.7577778993431036, 1.0, 0.0, 0.0, 0.0, 0.0, 0.0, 0.0, 0.0]",155669,115289,N5,accept,0.15833333333333333,ts,2596,1
"[0.7942857142857144, -0.7942857142857144, -0.24597585513078465, 0.2066115702479339, -0.375, 0.0, 0.0, 0.0, 1.0, 0.7501239090858726, 1.0, 0.0, 0.0, 0.0, 0.0, 0.0, 0.0, 0.0]",81543,128284,N6,dismiss,-0.125,ts,708,1
"[0.8530612244897959, -0.8530612244897959, -0.49268668206312544, 0.4482758620689655, 0.47619047619047616, 0.0, 0.0, 0.0, 1.0, 0.6578232997225838, 1.0, 0.0, 0.0, 0.0, 0.0, 0.0, 0.0, 0.0]",144702,170138,N3,dismiss,-0.15,ts,2344,1
"[0.5599999999999999, -0.5599999999999999, 0.24223602484472048, 0.34615384615384615, -0.20212765957446813, 0.0, 0.0, 0.0, 1.0, 0.7198407737388159, 1.0, 0.0, 0.0, 0.0, 0.0, 0.0, 0.0, 0.0]",185582,30105,N2,dismiss,-0.17500000000000002,ts,2535,1
"[0.376, -0.376, -0.49874686716791977, 0.0, 0.0, 0.0, 0.0, 0.0, 1.0, 0.7514953289030492, 1.0, 0.0, 0.0, 0.0, 0.0, 0.0, 0.0, 0.0]",174763,93850,N1,dismiss,-0.19999999999999998,ts,717,1
"[0.11999999999999998, -0.11999999999999998, -0.38764607679465773, -0.3, 0.020000000000000018, 0.0, 0.0, 0.0, 1.0, 0.6130742191953273, 1.0, 0.0, 0.0, 0.0, 0.0, 0.0, 0.0, 0.0]",33289,82102,N6,dismiss,-0.22499999999999998,ts,730,1
"[0.28571428571428575, -0.28571428571428575, 0.0, 0.11363636363636363, 0.0, 0.0, 0.0, 0.0, 1.0, 0.820537205423484, 1.0, 0.0, 0.0, 0.0, 0.0, 0.0, 0.0, 0.0]",170134,127333,N6,dismiss,-0.25,ts,1025,1
"[0.2, -0.2, 0.21706864564007414, 0.6601941747572816, 0.5490196078431374, 0.0, 0.0, 0.0, 1.0, 0.5424762137879036, 1.0, 0.0, 0.0, 0.0, 0.0, 0.0, 0.0, 0.0]",117087,15178,N5,accept,0.40333333333333327,ts,2099,1
"[0.09999999999999998, -0.09999999999999998, 0.061946902654867304, -0.025787965616045846, 0.13636363636363635, 0.0, 0.0, 0.0, 1.0, 0.7205707775737011, 1.0, 0.0, 0.0, 0.0, 0.0, 0.0, 0.0, 0.0]",82376,123852,N5,accept,0.37,ts,2103,1
"[0.35245901639344257, -0.35245901639344257, -0.2527060782681099, 0.022857142857142857, 0.05555555555555555, 0.0, 0.0, 0.0, 1.0, 0.7692689941506452, 1.0, 0.0, 0.0, 0.0, 0.0, 0.0, 0.0, 0.0]",64290,43387,N1,dismiss,-0.3,ts,2792,1
"[0.11458333333333333, -0.11458333333333333, 0.0, -0.5587392550143266, -0.77, 0.0, 0.0, 0.0, 1.0, 0.5737732739088267, 1.0, 0.0, 0.0, 0.0, 0.0, 0.0, 0.0, 0.0]",107563,142262,N3,dismiss,-0.3,ts,2758,1
"[0.56, -0.56, 0.0, 1.0, -0.3333333333333333, 0.0, 0.0, 0.0, 1.0, 0.7152978852370033, 1.0, 0.0, 0.0, 0.0, 0.0, 0.0, 0.0, 0.0]",104684,169349,N2,dismiss,-0.3,ts,1623,0
"[0.5535714285714286, -0.5535714285714286, 0.07707129094412332, 0.0, 0.0, 0.0, 0.0, 0.0, 1.0, 0.891596891709044, 1.0, 0.0, 0.0, 0.0, 0.0, 0.0, 0.0, 0.0]",16734,16728,N1,dismiss,-0.3,ts,1517,1
"[0.11999999999999993, -0.11999999999999993, -0.5, 0.014124293785310734, -0.07692307692307693, 0.0, 0.0, 0.0, 1.0, 0.6425286941149426, 1.0, 0.0, 0.0, 0.0, 0.0, 0.0, 0.0, 0.0]",108827,123014,N2,dismiss,-0.3,ts,2056,1
"[0.5, -0.5, 0.03064066852367692, -0.1, 0.058823529411764705, 0.0, 0.0, 0.0, 1.0, 0.8530600335836332, 1.0, 0.0, 0.0, 0.0, 0.0, 0.0, 0.0, 0.0]",110152,115299,N1,dismiss,-0.3,ts,1688,1
"[0.02500000000000002, -0.02500000000000002, -0.1863303498779495, 0.02, -0.07999999999999999, 0.0, 0.0, 0.0, 1.0, 0.6690903795112921, 1.0, 0.0, 0.0, 0.0, 0.0, 0.0, 0.0, 0.0]",130430,62539,N2,dismiss,-0.3,ts,2055,1
"[0.13888888888888887, -0.13888888888888887, -0.34867564046895355, -0.11041009463722397, 0.0, 0.0, 0.0, 0.0, 1.0, 0.6712022690137475, 1.0, 0.0, 0.0, 0.0, 0.0, 0.0, 0.0, 0.0]",103715,91957,N5,accept,0.3972222222222222,ts,2622,1
"[0.604, -0.604, -0.49629629629629635, -0.4588235294117647, -0.3684210526315789, 0.0, 0.0, 0.0, 1.0, 0.6356367491076025, 1.0, 0.0, 0.0, 0.0, 0.0, 0.0, 0.0, 0.0]",115396,108025,N2,accept,0.7227999999999999,ts,1881,1
"[0.15000000000000013, -0.15000000000000013, 0.12578616352201247, 0.0, -0.30000000000000004, 0.0, 0.0, 0.0, 1.0, 0.6931568055315898, 1.0, 0.0, 0.0, 0.0, 0.0, 0.0, 0.0, 0.0]",89446,63626,N1,dismiss,-0.3,ts,611,1
"[0.18367346938775517, -0.18367346938775517, 0.16364225534672708, 0.04938271604938271, -0.2, 0.0, 0.0, 0.0, 1.0, 0.697803159348354, 1.0, 0.0, 0.0, 0.0, 0.0, 0.0, 0.0, 0.0]",135548,72623,N2,dismiss,-0.3,ts,2194,1
"[0.20000000000000007, -0.20000000000000007, -0.13397860417727964, 0.0, 0.0, 0.0, 0.0, 0.0, 1.0, 0.7758162558060495, 1.0, 0.0, 0.0, 0.0, 0.0, 0.0, 0.0, 0.0]",90181,115238,N1,dismiss,-0.3,ts,410,0
"[0.1111111111111111, -0.1111111111111111, -0.2028985507246377, -0.6929824561403509, -0.25, 0.0, 0.0, 0.0, 1.0, 0.5530661334564829, 1.0, 0.0, 0.0, 0.0, 0.0, 0.0, 0.0, 0.0]",87177,110001,N1,dismiss,-0.3,ts,2229,1
"[0.25, -0.25, 0.0, 0.0, -0.10714285714285714, 0.0, 0.0, 0.0, 1.0, 0.8106570116385049, 1.0, 0.0, 0.0, 0.0, 0.0, 0.0, 0.0, 0.0]",43098,117045,N1,dismiss,-0.3,ts,2625,0
"[0.47058823529411764, -0.47058823529411764, 0.07692307692307693, 1.0, 0.6599999999999999, 0.0, 0.0, 0.0, 1.0, 0.6187834354083326, 1.0, 0.0, 0.0, 0.0, 0.0, 0.0, 0.0, 0.0]",37982,39150,N3,dismiss,-0.3,ts,1378,1
"[0.3714285714285714, -0.3714285714285714, -0.25974025974025977, 0.0, 0.0, 0.0, 0.0, 0.0, 1.0, 0.7954295127189384, 1.0, 0.0, 0.0, 0.0, 0.0, 0.0, 0.0, 0.0]",63899,48999,N1,accept,0.5599999999999999,ts,2337,1
"[0.9485714285714286, -0.9485714285714286, -0.7682608695652173, 0.2912621359223301, -0.4583333333333333, 0.0, 0.0, 0.0, 1.0, 0.659324447512109, 1.0, 0.0, 0.0, 0.0, 0.0, 0.0, 0.0, 0.0]",54732,128247,N1,dismiss,-0.3,ts,1023,1
"[0.09090909090909098, -0.09090909090909098, -0.20200000000000004, 0.009259259259259259, -0.05999999999999996, 0.0, 0.0, 0.0, 1.0, 0.6976958358832301, 1.0, 0.0, 0.0, 0.0, 0.0, 0.0, 0.0, 0.0]",162891,82380,N1,accept,0.36363636363636365,ts,2670,1
"[0.33333333333333337, -0.33333333333333337, -0.04368673415023976, 0.4751131221719457, 0.25, 0.0, 0.0, 0.0, 1.0, 0.6977738805226098, 1.0, 0.0, 0.0, 0.0, 0.0, 0.0, 0.0, 0.0]",104466,155669,N1,dismiss,-0.3,ts,992,0
"[0.8835294117647059, -0.8835294117647059, -0.4411372723234119, -0.04498269896193772, -0.07692307692307693, 0.0, 0.0, 0.0, 1.0, 0.8154967360572816, 1.0, 0.0, 0.0, 0.0, 0.0, 0.0, 0.0, 0.0]",179677,108025,N1,dismiss,-0.3,ts,850,0
"[0.625, -0.625, -0.26509572901325484, -0.014492753623188406, 0.0, 0.0, 0.0, 0.0, 1.0, 0.846930918825258, 1.0, 0.0, 0.0, 0.0, 0.0, 0.0, 0.0, 0.0]",108507,81422,N1,accept,0.7375,ts,1867,0
"[0.25, -0.25, 0.15830115830115837, 0.02976190476190476, 0.13636363636363635, 0.0, 0.0, 0.0, 1.0, 0.7408404640993043, 1.0, 0.0, 0.0, 0.0, 0.0, 0.0, 0.0, 0.0]",106979,117045,N1,accept,0.475,ts,614,0
"[0.3, -0.3, -0.13969732246798602, -0.06287425149700598, 1.0, 0.0, 0.0, 0.0, 1.0, 0.6392477541235398, 1.0, 0.0, 0.0, 0.0, 0.0, 0.0, 0.0, 0.0]",64439,16911,N1,dismiss,-0.3,ts,660,0
"[0.5636363636363637, -0.5636363636363637, 0.22448979591836735, -0.016901408450704224, 0.8181818181818182, 0.0, 0.0, 0.0, 1.0, 0.724044986814595, 1.0, 0.0, 0.0, 0.0, 0.0, 0.0, 0.0, 0.0]",123023,107563,N1,dismiss,-0.3,ts,1037,0
"[0.55, -0.55, 0.11470588235294113, -0.05, -0.17272727272727276, 0.0, 0.0, 0.0, 1.0, 0.8203561366987663, 1.0, 0.0, 0.0, 0.0, 0.0, 0.0, 0.0, 0.0]",115238,49005,N1,dismiss,-0.3,ts,1514,0
"[0.7647058823529411, -0.7647058823529411, -0.001512401693890026, -0.09900990099009901, -0.041666666666666664, 0.0, 0.0, 0.0, 1.0, 0.9146500027499721, 1.0, 0.0, 0.0, 0.0, 0.0, 0.0, 0.0, 0.0]",65211,120787,N1,dismiss,-0.3,ts,2210,1
"[0.09999999999999991, -0.09999999999999991, -0.715307582260372, 0.0, 0.0, 0.0, 0.0, 0.0, 1.0, 0.6350536090371364, 1.0, 0.0, 0.0, 0.0, 0.0, 0.0, 0.0, 0.0]",16689,16809,N2,dismiss,-0.3,ts,866,1
"[0.14, -0.14, -0.31562500000000004, 0.030303030303030304, 0.0, 0.0, 0.0, 0.0, 1.0, 0.6993060113850216, 1.0, 0.0, 0.0, 0.0, 0.0, 0.0, 0.0, 0.0]",130086,69993,N3,dismiss,-0.3,ts,2829,1
"[0.7954545454545455, -0.7954545454545455, -0.058333333333333376, 0.08571428571428572, 1.0, 0.0, 0.0, 0.0, 1.0, 0.7646405915394846, 1.0, 0.0, 0.0, 0.0, 0.0, 0.0, 0.0, 0.0]",30105,89765,N1,accept,0.8568181818181819,ts,2018,0
"[0.25, -0.25, -0.5447647951441579, -0.011428571428571429, 0.10619469026548665, 0.0, 0.0, 0.0, 1.0, 0.6747720676390024, 1.0, 0.0, 0.0, 0.0, 0.0, 0.0, 0.0, 0.0]",16901,117045,N1,dismiss,-0.3,ts,1088,0
"[0.12499999999999988, -0.12499999999999988, 0.10010010010010009, -0.40816326530612246, 0.16666666666666666, 0.0, 0.0, 0.0, 1.0, 0.6338342497514019, 1.0, 0.0, 0.0, 0.0, 0.0, 0.0, 0.0, 0.0]",155975,180522,N3,dismiss,-0.3,ts,1831,1
"[0.5, -0.5, -0.2748368382886149, 0.0, 0.0, 0.0, 0.0, 0.0, 1.0, 0.8242148607647296, 1.0, 0.0, 0.0, 0.0, 0.0, 0.0, 0.0, 0.0]",141750,93863,N1,dismiss,-0.3,ts,1110,1
"[0.15, -0.15, -0.1982300884955752, -0.03651685393258427, -0.3909090909090909, 0.0, 0.0, 0.0, 1.0, 0.6479304497866336, 1.0, 0.0, 0.0, 0.0, 0.0, 0.0, 0.0, 0.0]",87724,185707,N1,dismiss,-0.3,ts,2709,0
"[0.07142857142857154, -0.07142857142857154, -0.16350364963503655, -0.4, 0.35294117647058826, 0.0, 0.0, 0.0, 1.0, 0.5623496452079454, 1.0, 0.0, 0.0, 0.0, 0.0, 0.0, 0.0, 0.0]",78003,155844,N1,dismiss,-0.3,ts,2712,1
"[0.5714285714285715, -0.5714285714285715, 0.0, 0.0, 0.0, 0.0, 0.0, 0.0, 1.0, 0.9236956675786846, 1.0, 0.0, 0.0, 0.0, 0.0, 0.0, 0.0, 0.0]",37993,60788,N1,dismiss,-0.3,ts,2969,0
"[0.3636363636363637, -0.3636363636363637, 0.0, 0.061046511627906974, 0.0, 0.0, 0.0, 0.0, 1.0, 0.8570363402900383, 1.0, 0.0, 0.0, 0.0, 0.0, 0.0, 0.0, 0.0]",123009,123174,N1,dismiss,-0.3,ts,979,0
"[0.2307692307692307, -0.2307692307692307, 0.0, 0.0, 0.0, 0.0, 0.0, 0.0, 1.0, 0.8332400438137636, 1.0, 0.0, 0.0, 0.0, 0.0, 0.0, 0.0, 0.0]",57385,18616,N1,accept,0.46153846153846145,ts,747,1
"[0.1842105263157895, -0.1842105263157895, 0.0, -0.0035335689045936395, -0.019999999999999928, 0.0, 0.0, 0.0, 1.0, 0.8104350430499354, 1.0, 0.0, 0.0, 0.0, 0.0, 0.0, 0.0, 0.0]",38840,91957,N1,dismiss,-0.3,ts,2556,0
"[0.7954545454545455, -0.7954545454545455, -0.29375, 0.02702702702702703, 0.7037037037037037, 0.0, 0.0, 0.0, 1.0, 0.7478574292274299, 1.0, 0.0, 0.0, 0.0, 0.0, 0.0, 0.0, 0.0]",107308,89765,N1,dismiss,-0.3,ts,1138,0
"[0.3382352941176471, -0.3382352941176471, -0.17647058823529413, 0.0, 0.0, 0.0, 0.0, 0.0, 1.0, 0.8074937482935167, 1.0, 0.0, 0.0, 0.0, 0.0, 0.0, 0.0, 0.0]",41870,39150,N1,dismiss,-0.3,ts,2391,1
"[0.12499999999999988, -0.12499999999999988, 0.0, -0.5504201680672269, 0.3333333333333333, 0.0, 0.0, 0.0, 1.0, 0.6232345894713751, 1.0, 0.0, 0.0, 0.0, 0.0, 0.0, 0.0, 0.0]",139806,78135,N1,accept,0.3874999999999999,ts,1611,0
"[0.12499999999999988, -0.12499999999999988, 0.10010010010010009, -0.40816326530612246, 0.16666666666666666, 0.0, 0.0, 0.0, 1.0, 0.6338342497514019, 1.0, 0.0, 0.0, 0.0, 0.0, 0.0, 0.0, 0.0]",155975,180522,N1,dismiss,-0.3,ts,2736,0
"[0.1666666666666667, -0.1666666666666667, -0.28112267994567675, 0.16393442622950818, -0.20833333333333334, 0.0, 0.0, 0.0, 1.0, 0.6321699716450173, 1.0, 0.0, 0.0, 0.0, 0.0, 0.0, 0.0, 0.0]",81541,89666,N1,dismiss,-0.3,ts,1964,0
"[0.01020408163265307, -0.01020408163265307, -0.5244055068836045, 0.0425531914893617, 0.04, 0.0, 0.0, 0.0, 1.0, 0.600126683649287, 1.0, 0.0, 0.0, 0.0, 0.0, 0.0, 0.0, 0.0]",158420,104962,N1,dismiss,-0.3,ts,966,1
"[0.2, -0.2, -0.425, -0.1678832116788321, -0.26666666666666666, 0.0, 0.0, 0.0, 1.0, 0.603526579115756, 1.0, 0.0, 0.0, 0.0, 0.0, 0.0, 0.0, 0.0]",115289,178949,N1,dismiss,-0.3,ts,1920,0
"[0.3888888888888889, -0.3888888888888889, -0.46507483962936563, 0.20416666666666666, 0.0235294117647058, 0.0, 0.0, 0.0, 1.0, 0.7029881973731301, 1.0, 0.0, 0.0, 0.0, 0.0, 0.0, 0.0, 0.0]",127487,114138,N1,dismiss,-0.3,ts,2513,0
"[0.25, -0.25, -0.5708154506437768, -0.008595988538681949, 1.0, 0.0, 0.0, 0.0, 1.0, 0.5525921765486778, 1.0, 0.0, 0.0, 0.0, 0.0, 0.0, 0.0, 0.0]",189369,117045,N2,accept,0.475,ts,1056,1
"[0.6350267379679144, -0.6350267379679144, -0.375, -0.7241379310344828, -0.22000000000000003, 0.0, 0.0, 0.0, 1.0, 0.6615577469303474, 1.0, 0.0, 0.0, 0.0, 0.0, 0.0, 0.0, 0.0]",151787,81568,N1,dismiss,-0.3,ts,2223,0
"[0.14514285714285716, -0.14514285714285716, -0.2654424040066778, 0.6111111111111112, 0.14000000000000004, 0.0, 0.0, 0.0, 1.0, 0.578755271677504, 1.0, 0.0, 0.0, 0.0, 0.0, 0.0, 0.0, 0.0]",33289,151787,N1,dismiss,-0.3,ts,665,1
"[0.0384615384615385, -0.0384615384615385, 0.22897483118477596, 0.02976190476190476, 0.05999999999999996, 0.0, 0.0, 0.0, 1.0, 0.6652929903136966, 1.0, 0.0, 0.0, 0.0, 0.0, 0.0, 0.0, 0.0]",143094,87100,N1,dismiss,-0.3,ts,1113,0
"[0.043062200956937836, -0.043062200956937836, -0.7623062616243025, 0.0, 0.0, 0.0, 0.0, 0.0, 1.0, 0.609666983514401, 1.0, 0.0, 0.0, 0.0, 0.0, 0.0, 0.0, 0.0]",90708,54196,N2,dismiss,-0.3,ts,1223,1
"[0.5636363636363637, -0.5636363636363637, -0.5588235294117647, -0.014124293785310734, 0.5384615384615384, 0.0, 0.0, 0.0, 1.0, 0.6844998291220555, 1.0, 0.0, 0.0, 0.0, 0.0, 0.0, 0.0, 0.0]",108741,107563,N1,dismiss,-0.3,ts,2744,0
"[0.3636363636363637, -0.3636363636363637, 0.0, 0.0, 0.0, 0.0, 0.0, 0.0, 1.0, 0.8742764353476687, 1.0, 0.0, 0.0, 0.0, 0.0, 0.0, 0.0, 0.0]",123054,123174,N1,accept,0.5545454545454546,ts,2030,0
"[0.1666666666666667, -0.1666666666666667, -0.4, -0.9, -0.8363636363636363, 0.0, 0.0, 0.0, 1.0, 0.4540504462586627, 1.0, 0.0, 0.0, 0.0, 0.0, 0.0, 0.0, 0.0]",41388,71728,N1,dismiss,-0.3,ts,2708,1
"[0.1666666666666667, -0.1666666666666667, 0.2, 0.0, 0.0, 0.0, 0.0, 0.0, 1.0, 0.7452936748080553, 1.0, 0.0, 0.0, 0.0, 0.0, 0.0, 0.0, 0.0]",18364,61090,N1,dismiss,-0.3,ts,2743,0
"[0.20000000000000007, -0.20000000000000007, 0.2, -0.02824858757062147, -0.07692307692307693, 0.0, 0.0, 0.0, 1.0, 0.7272631233208297, 1.0, 0.0, 0.0, 0.0, 0.0, 0.0, 0.0, 0.0]",108842,31975,N1,dismiss,-0.3,ts,2968,0
"[0.39285714285714285, -0.39285714285714285, -0.1965194109772423, 0.11255411255411256, -0.42592592592592593, 0.0, 0.0, 0.0, 1.0, 0.7011040251103882, 1.0, 0.0, 0.0, 0.0, 0.0, 0.0, 0.0, 0.0]",20077,20089,N1,dismiss,-0.3,ts,2063,1
"[0.2647058823529412, -0.2647058823529412, -0.032448377581120985, 0.9029850746268657, -0.42424242424242425, 0.0, 0.0, 0.0, 1.0, 0.6206469340650453, 1.0, 0.0, 0.0, 0.0, 0.0, 0.0, 0.0, 0.0]",120916,155668,N1,dismiss,-0.3,ts,1047,0
"[0.5, -0.5, -0.47299077733860345, 1.0, -0.45454545454545453, 0.0, 0.0, 0.0, 1.0, 0.5471433227927082, 1.0, 0.0, 0.0, 0.0, 0.0, 0.0, 0.0, 0.0]",85795,169349,N1,dismiss,-0.3,ts,1793,1
"[0.25, -0.25, -0.24812030075187969, 0.0581039755351682, 0.32978723404255317, 0.0, 0.0, 0.0, 1.0, 0.6724565857057285, 1.0, 0.0, 0.0, 0.0, 0.0, 0.0, 0.0, 0.0]",82380,117045,N1,dismiss,-0.3,ts,1663,0
"[0.3636363636363637, -0.3636363636363637, 0.0, 0.061046511627906974, 0.0, 0.0, 0.0, 0.0, 1.0, 0.8570363402900383, 1.0, 0.0, 0.0, 0.0, 0.0, 0.0, 0.0, 0.0]",123210,123174,N1,dismiss,-0.3,ts,2470,0
"[0.25, -0.25, -0.24812030075187969, 0.005813953488372093, 0.041666666666666664, 0.0, 0.0, 0.0, 1.0, 0.7476249554836153, 1.0, 0.0, 0.0, 0.0, 0.0, 0.0, 0.0, 0.0]",174773,117045,N1,dismiss,-0.3,ts,1845,0
"[0.42400000000000004, -0.42400000000000004, -0.5543175487465181, -0.20909090909090908, -0.42000000000000004, 0.0, 0.0, 0.0, 1.0, 0.6200372372311214, 1.0, 0.0, 0.0, 0.0, 0.0, 0.0, 0.0, 0.0]",84107,106004,N6,dismiss,-0.3,ts,433,1
"[0.11999999999999993, -0.11999999999999993, -0.09090909090909091, 0.008547008547008548, -0.07142857142857142, 0.0, 0.0, 0.0, 1.0, 0.7387601741070436, 1.0, 0.0, 0.0, 0.0, 0.0, 0.0, 0.0, 0.0]",70001,108842,N2,accept,0.38399999999999995,ts,1483,1
"[0.8705882352941177, -0.8705882352941177, -0.0024169184290029695, 0.684, -0.06666666666666667, 0.0, 0.0, 0.0, 1.0, 0.8343113700427547, 1.0, 0.0, 0.0, 0.0, 0.0, 0.0, 0.0, 0.0]",61306,61314,N1,accept,0.9094117647058824,ts,2701,1
"[0.20000000000000007, -0.20000000000000007, -0.2794444444444444, -0.04, 1.0, 0.0, 0.0, 0.0, 1.0, 0.5760362365604412, 1.0, 0.0, 0.0, 0.0, 0.0, 0.0, 0.0, 0.0]",30105,107458,N1,dismiss,-0.3,ts,2021,1
"[0.5599999999999999, -0.5599999999999999, 0.0013342228152101116, 0.014035087719298246, 0.03571428571428559, 0.0, 0.0, 0.0, 1.0, 0.9064267245263649, 1.0, 0.0, 0.0, 0.0, 0.0, 0.0, 0.0, 0.0]",104485,114138,N2,dismiss,-0.3,ts,2768,1
"[0.3, -0.3, -0.602897102897103, 0.0, 0.6200000000000001, 0.0, 0.0, 0.0, 1.0, 0.608773199379965, 1.0, 0.0, 0.0, 0.0, 0.0, 0.0, 0.0, 0.0]",117054,105872,N3,dismiss,-0.3,ts,646,1
"[0.4, -0.28, -0.29684601113172543, 0.0, 0.0, 0.0, 0.0, 0.0, 1.0, 0.759689501888925, 1.0, 0.0, 0.0, 0.0, 0.0, 0.0, 0.0, 0.0]",63873,42569,N1,accept,0.58,ts,954,0
"[0.3647540983606557, -0.3647540983606557, 0.12447960033305587, 0.025714285714285714, 0.0, 0.0, 0.0, 0.0, 1.0, 0.8229948251690514, 1.0, 0.0, 0.0, 0.0, 0.0, 0.0, 0.0, 0.0]",64290,85287,N1,dismiss,-0.3,ts,1966,1
"[0.5454545454545455, -0.5454545454545455, -0.34353018158023885, 0.0, 0.0, 0.0, 0.0, 0.0, 1.0, 0.8191303026203585, 1.0, 0.0, 0.0, 0.0, 0.0, 0.0, 0.0, 0.0]",54334,54345,N6,dismiss,-0.3,ts,2608,1
"[0.25, -0.25, -0.24812030075187969, 0.005813953488372093, 0.041666666666666664, 0.0, 0.0, 0.0, 1.0, 0.7476249554836153, 1.0, 0.0, 0.0, 0.0, 0.0, 0.0, 0.0, 0.0]",174773,117045,N2,dismiss,-0.3,ts,1631,1
"[0.75, -0.75, -0.4097538742023702, 0.12956810631229235, -0.6625, 0.0, 0.0, 0.0, 1.0, 0.6960830983503912, 1.0, 0.0, 0.0, 0.0, 0.0, 0.0, 0.0, 0.0]",116369,145532,N1,dismiss,-0.3,ts,2106,0
"[0.8857142857142857, -0.8857142857142857, -0.1737171464330414, 0.32524271844660196, -0.14814814814814814, 0.0, 0.0, 0.0, 1.0, 0.7983285485626278, 1.0, 0.0, 0.0, 0.0, 0.0, 0.0, 0.0, 0.0]",138627,86743,N6,dismiss,-0.3,ts,1444,1
"[0.20000000000000004, -0.20000000000000004, -0.6972222222222223, -0.46153846153846156, -0.059999999999999984, 0.0, 0.0, 0.0, 1.0, 0.565054577528199, 1.0, 0.0, 0.0, 0.0, 0.0, 0.0, 0.0, 0.0]",51193,18528,N2,accept,0.44,ts,1180,1
"[0.2, -0.2, -0.8373109243697479, 0.0, 0.0, 0.0, 0.0, 0.0, 1.0, 0.660303957852938, 1.0, 0.0, 0.0, 0.0, 0.0, 0.0, 0.0, 0.0]",54201,110501,N1,dismiss,-0.3,ts,2869,1
"[0.5098039215686274, -0.5098039215686274, 0.12684365781710927, 0.7164179104477612, -0.3939393939393939, 0.0, 0.0, 0.0, 1.0, 0.6701629580385471, 1.0, 0.0, 0.0, 0.0, 0.0, 0.0, 0.0, 0.0]",120916,146668,N1,accept,0.6568627450980391,ts,2806,1
"[0.3333333333333333, -0.3333333333333333, -0.058823529411764705, -0.08, -0.36, 0.0, 0.0, 0.0, 1.0, 0.7441656491344851, 1.0, 0.0, 0.0, 0.0, 0.0, 0.0, 0.0, 0.0]",40189,40998,N1,dismiss,-0.3,ts,462,1
"[0.24999999999999997, -0.24999999999999997, 0.11420612813370477, -0.15950920245398773, 0.0, 0.0, 0.0, 0.0, 1.0, 0.7577778993431036, 1.0, 0.0, 0.0, 0.0, 0.0, 0.0, 0.0, 0.0]",155669,115289,N1,dismiss,-0.3,ts,880,0
"[0.09090909090909098, -0.09090909090909098, -0.4, -0.061224489795918366, 0.0, 0.0, 0.0, 0.0, 1.0, 0.6564596112153199, 1.0, 0.0, 0.0, 0.0, 0.0, 0.0, 0.0, 0.0]",162866,43090,N1,dismiss,-0.3,ts,1380,1
"[0.788235294117647, -0.788235294117647, 0.0, 0.624, -0.3, 0.0, 0.0, 0.0, 1.0, 0.7824315289821677, 1.0, 0.0, 0.0, 0.0, 0.0, 0.0, 0.0, 0.0]",47181,47180,N1,dismiss,-0.3,ts,1873,1
"[0.11999999999999993, -0.11999999999999993, 0.03502501786990709, -0.042735042735042736, 0.30434782608695654, 0.0, 0.0, 0.0, 1.0, 0.7003107491312275, 1.0, 0.0, 0.0, 0.0, 0.0, 0.0, 0.0, 0.0]",88671,135543,N1,dismiss,-0.3,ts,2323,1
"[0.02857142857142844, -0.02857142857142844, -0.43774069319640574, 0.02, 0.019999999999999973, 0.0, 0.0, 0.0, 1.0, 0.6322768417624829, 1.0, 0.0, 0.0, 0.0, 0.0, 0.0, 0.0, 0.0]",33303,77265,N1,dismiss,-0.3,ts,1918,1
"[0.14285714285714288, -0.14285714285714288, -0.1938610662358643, 0.0, 0.0, 0.0, 0.0, 0.0, 1.0, 0.7384864192538396, 1.0, 0.0, 0.0, 0.0, 0.0, 0.0, 0.0, 0.0]",39280,81422,N1,dismiss,-0.3,ts,2163,0
"[0.7576530612244898, -0.7576530612244898, -0.04534606205250594, -0.6666666666666666, -0.33999999999999997, 0.0, 0.0, 0.0, 1.0, 0.7514982057090797, 1.0, 0.0, 0.0, 0.0, 0.0, 0.0, 0.0, 0.0]",33277,174927,N1,dismiss,-0.3,ts,2992,0
"[0.4105263157894737, -0.4105263157894737, 0.047499999999999966, 1.0, 0.18, 0.0, 0.0, 0.0, 1.0, 0.6807486729796697, 1.0, 0.0, 0.0, 0.0, 0.0, 0.0, 0.0, 0.0]",174924,33277,N2,dismiss,-0.3,ts,1548,1
"[0.2, -0.2, -0.1442857142857143, -0.5430711610486891, 0.26666666666666666, 0.0, 0.0, 0.0, 1.0, 0.6113191439651465, 1.0, 0.0, 0.0, 0.0, 0.0, 0.0, 0.0, 0.0]",57653,185524,N3,dismiss,-0.3,ts,2709,1
"[0.9357142857142856, -0.9357142857142856, 0.1, -0.42857142857142855, -0.8, 0.0, 0.0, 0.0, 1.0, 0.7292168513530308, 1.0, 0.0, 0.0, 0.0, 0.0, 0.0, 0.0, 0.0]",153856,18239,N1,dismiss,-0.3,ts,2653,0
"[0.9228571428571429, -0.9228571428571429, -0.2761430511543685, 0.09016393442622951, -0.4583333333333333, 0.0, 0.0, 0.0, 1.0, 0.770830210491008, 1.0, 0.0, 0.0, 0.0, 0.0, 0.0, 0.0, 0.0]",81541,128247,N1,dismiss,-0.3,ts,1258,1
"[0.8533333333333333, -0.8533333333333333, 0.0, -0.1450381679389313, -0.07999999999999999, 0.0, 0.0, 0.0, 1.0, 0.904173764773406, 1.0, 0.0, 0.0, 0.0, 0.0, 0.0, 0.0, 0.0]",80035,80033,N1,dismiss,-0.3,ts,2534,1
"[0.375, -0.375, -0.19485714285714287, -0.7743732590529248, 0.5399999999999999, 0.0, 0.0, 0.0, 1.0, 0.5957240201168404, 1.0, 0.0, 0.0, 0.0, 0.0, 0.0, 0.0, 0.0]",85164,154734,N1,accept,0.5625,ts,2253,0
"[0.5, -0.5, -0.1669449081803005, -0.02857142857142857, -0.015999999999999945, 0.0, 0.0, 0.0, 1.0, 0.8389586327550722, 1.0, 0.0, 0.0, 0.0, 0.0, 0.0, 0.0, 0.0]",19869,81422,N2,accept,0.6499999999999999,ts,871,1
"[0.25, -0.25, 0.0, -0.008595988538681949, 0.13636363636363635, 0.0, 0.0, 0.0, 1.0, 0.8012276518471559, 1.0, 0.0, 0.0, 0.0, 0.0, 0.0, 0.0, 0.0]",43088,117045,N1,dismiss,-0.3,ts,1073,0
"[0.25, -0.25, -0.12375000000000003, -0.135678391959799, -0.2727272727272727, 0.0, 0.0, 0.0, 1.0, 0.697027803912868, 1.0, 0.0, 0.0, 0.0, 0.0, 0.0, 0.0, 0.0]",69111,116466,N2,dismiss,-0.3,ts,1349,1
"[0.1666666666666667, -0.1666666666666667, -0.7180327868852459, 0.005714285714285714, 0.03999999999999997, 0.0, 0.0, 0.0, 1.0, 0.6455649444844354, 1.0, 0.0, 0.0, 0.0, 0.0, 0.0, 0.0, 0.0]",15687,105899,N1,dismiss,-0.3,ts,2159,0
"[0.02500000000000002, -0.02500000000000002, -0.1863303498779495, 0.02, -0.07999999999999999, 0.0, 0.0, 0.0, 1.0, 0.6690903795112921, 1.0, 0.0, 0.0, 0.0, 0.0, 0.0, 0.0, 0.0]",130426,62540,N2,dismiss,-0.3,ts,2484,1
"[0.20000000000000007, -0.20000000000000007, 0.2, -0.027932960893854747, 1.0, 0.0, 0.0, 0.0, 1.0, 0.600818449721007, 1.0, 0.0, 0.0, 0.0, 0.0, 0.0, 0.0, 0.0]",106065,31966,N1,dismiss,-0.3,ts,2332,1
"[0.4000000000000001, -0.4000000000000001, -0.5271936185641769, 0.0, 0.0, 0.0, 0.0, 0.0, 1.0, 0.7539435621656189, 1.0, 0.0, 0.0, 0.0, 0.0, 0.0, 0.0, 0.0]",141772,63864,N1,accept,0.5800000000000001,ts,544,1
"[0.28571428571428564, -0.28571428571428564, -0.35943517329910146, 0.26, 0.06000000000000001, 0.0, 0.0, 0.0, 1.0, 0.670708318241587, 1.0, 0.0, 0.0, 0.0, 0.0, 0.0, 0.0, 0.0]",33303,130669,N1,dismiss,-0.3,ts,719,1
"[0.5, -0.5, 0.10367892976588634, -0.45664739884393063, -0.08000000000000003, 0.0, 0.0, 0.0, 1.0, 0.7593345830725144, 1.0, 0.0, 0.0, 0.0, 0.0, 0.0, 0.0, 0.0]",132804,19599,N1,dismiss,-0.3,ts,615,1
"[0.9137254901960783, -0.9137254901960783, 0.10751252086811361, -0.39847715736040606, 0.9230769230769231, 0.0, 0.0, 0.0, 1.0, 0.7222921924828956, 1.0, 0.0, 0.0, 0.0, 0.0, 0.0, 0.0, 0.0]",92082,117335,N3,dismiss,-0.3,ts,2042,1
"[0.15999999999999998, -0.15999999999999998, 0.03777501037775011, 0.7087378640776699, 0.2105263157894737, 0.0, 0.0, 0.0, 1.0, 0.629122681326625, 1.0, 0.0, 0.0, 0.0, 0.0, 0.0, 0.0, 0.0]",59415,15171,N1,dismiss,-0.3,ts,1967,0
"[0.6256684491978609, -0.6256684491978609, 0.0, -0.6137931034482759, -0.2, 0.0, 0.0, 0.0, 1.0, 0.7781312393010775, 1.0, 0.0, 0.0, 0.0, 0.0, 0.0, 0.0, 0.0]",151787,74186,N1,dismiss,-0.3,ts,1166,1
"[0.19999999999999993, -0.19999999999999993, 0.125, 0.0, 0.0, 0.0, 0.0, 0.0, 1.0, 0.7785883097271787, 1.0, 0.0, 0.0, 0.0, 0.0, 0.0, 0.0, 0.0]",75387,18219,N2,dismiss,-0.3,ts,541,1
"[0.46153846153846156, -0.46153846153846156, -0.7849624060150376, -0.03125, 0.11999999999999993, 0.0, 0.0, 0.0, 1.0, 0.7003839178920463, 1.0, 0.0, 0.0, 0.0, 0.0, 0.0, 0.0, 0.0]",175226,85230,N2,dismiss,-0.3,ts,2443,1
"[0.10999999999999997, -0.10999999999999997, -0.3, -0.48333333333333334, -0.58, 0.0, 0.0, 0.0, 1.0, 0.504717256260503, 1.0, 0.0, 0.0, 0.0, 0.0, 0.0, 0.0, 0.0]",18598,79360,N1,dismiss,-0.3,ts,2117,1
"[0.4545454545454546, -0.4545454545454546, -0.5778331257783312, -0.030726256983240222, 1.0, 0.0, 0.0, 0.0, 1.0, 0.6034772490672271, 1.0, 0.0, 0.0, 0.0, 0.0, 0.0, 0.0, 0.0]",93936,108828,N1,dismiss,-0.3,ts,2626,1
"[0.23076923076923078, -0.23076923076923078, 0.16725978647686818, 0.46153846153846156, 0.3389830508474576, 0.0, 0.0, 0.0, 1.0, 0.6121178853886537, 1.0, 0.0, 0.0, 0.0, 0.0, 0.0, 0.0, 0.0]",43763,15178,N1,dismiss,-0.3,ts,2812,1
"[0.19999999999999993, -0.19999999999999993, 0.11764705882352941, 0.0, 0.0, 0.0, 0.0, 0.0, 1.0, 0.7808958257091974, 1.0, 0.0, 0.0, 0.0, 0.0, 0.0, 0.0, 0.0]",104417,38124,N1,dismiss,-0.3,ts,2746,0
"[0.1111111111111112, -0.1111111111111112, -0.5135678391959799, 0.0, 0.0, 0.0, 0.0, 0.0, 1.0, 0.6628913050757039, 1.0, 0.0, 0.0, 0.0, 0.0, 0.0, 0.0, 0.0]",16809,110501,N2,dismiss,-0.3,ts,826,1
"[0.5357142857142857, -0.5357142857142857, -0.45454545454545453, -0.5894736842105263, -0.33999999999999997, 0.0, 0.0, 0.0, 1.0, 0.6192181330669585, 1.0, 0.0, 0.0, 0.0, 0.0, 0.0, 0.0, 0.0]",122720,135298,N1,dismiss,-0.3,ts,1708,1
"[0.56, -0.56, -0.2823913043478261, -0.5638977635782748, 0.9166666666666666, 0.0, 0.0, 0.0, 1.0, 0.6076928948121372, 1.0, 0.0, 0.0, 0.0, 0.0, 0.0, 0.0, 0.0]",128295,86743,N1,dismiss,-0.3,ts,597,0
"[0.5555555555555556, -0.35, -0.41692307692307695, 0.0, 0.0, 0.0, 0.0, 0.0, 1.0, 0.7572625285445833, 1.0, 0.0, 0.0, 0.0, 0.0, 0.0, 0.0, 0.0]",63920,48992,N1,dismiss,-0.3,ts,1951,1
"[0.7066666666666667, -0.7066666666666667, 0.10987791342952277, 0.43908045977011495, -0.25, 0.0, 0.0, 0.0, 1.0, 0.7602704837036794, 1.0, 0.0, 0.0, 0.0, 0.0, 0.0, 0.0, 0.0]",155692,169349,N1,accept,0.7946666666666666,ts,416,1
"[0.20000000000000007, -0.20000000000000007, -0.31471927162367236, -0.005714285714285714, 0.5789473684210527, 0.0, 0.0, 0.0, 1.0, 0.6248238355993578, 1.0, 0.0, 0.0, 0.0, 0.0, 0.0, 0.0, 0.0]",43097,31973,N1,dismiss,-0.3,ts,820,1
"[0.4485294117647059, -0.4485294117647059, 0.09333333333333324, -0.0843806104129264, -0.2692307692307692, 0.0, 0.0, 0.0, 1.0, 0.776901172593482, 1.0, 0.0, 0.0, 0.0, 0.0, 0.0, 0.0, 0.0]",29970,155668,N6,accept,0.6139705882352942,ts,587,1
"[0.20000000000000004, -0.20000000000000004, -0.634703196347032, 0.07407407407407407, -0.74, 0.0, 0.0, 0.0, 1.0, 0.5425189848892313, 1.0, 0.0, 0.0, 0.0, 0.0, 0.0, 0.0, 0.0]",19598,106004,N1,dismiss,-0.3,ts,2531,0
"[0.47058823529411764, -0.47058823529411764, -0.4, -0.9, -0.8363636363636363, 0.0, 0.0, 0.0, 1.0, 0.5448428480973911, 1.0, 0.0, 0.0, 0.0, 0.0, 0.0, 0.0, 0.0]",41388,70937,N1,dismiss,-0.3,ts,948,1
"[0.5, -0.5, -0.4172461752433937, -0.026706231454005934, 1.0, 0.0, 0.0, 0.0, 1.0, 0.6458945881303048, 1.0, 0.0, 0.0, 0.0, 0.0, 0.0, 0.0, 0.0]",87402,57551,N1,dismiss,-0.3,ts,1171,1
"[0.5833333333333334, -0.5833333333333334, 0.11131725417439703, -0.20212765957446807, -0.08333333333333333, 0.0, 0.0, 0.0, 1.0, 0.8131511794306197, 1.0, 0.0, 0.0, 0.0, 0.0, 0.0, 0.0, 0.0]",63878,16729,N6,dismiss,-0.3,ts,561,1
"[0.8482142857142858, -0.8482142857142858, -0.14285714285714285, 0.0, 0.0, 0.0, 0.0, 0.0, 1.0, 0.913901854423174, 1.0, 0.0, 0.0, 0.0, 0.0, 0.0, 0.0, 0.0]",164512,18185,N1,dismiss,-0.3,ts,2368,1
"[0.33333333333333337, -0.33333333333333337, -0.04368673415023976, 0.4751131221719457, 0.25, 0.0, 0.0, 0.0, 1.0, 0.6977738805226098, 1.0, 0.0, 0.0, 0.0, 0.0, 0.0, 0.0, 0.0]",104466,155669,N1,accept,0.5333333333333333,ts,764,0
"[0.1250000000000001, -0.1250000000000001, 0.004129793510324501, -0.028089887640449437, -0.2818181818181818, 0.0, 0.0, 0.0, 1.0, 0.7218639176970109, 1.0, 0.0, 0.0, 0.0, 0.0, 0.0, 0.0, 0.0]",87724,117162,N1,accept,0.38750000000000007,ts,768,1
"[0.28571428571428575, -0.28571428571428575, 0.0, 0.11363636363636363, 0.0, 0.0, 0.0, 0.0, 1.0, 0.820537205423484, 1.0, 0.0, 0.0, 0.0, 0.0, 0.0, 0.0, 0.0]",170134,127333,N1,dismiss,-0.3,ts,1612,0
"[0.25000000000000006, -0.25000000000000006, -0.10427528675703858, -0.3401360544217687, 0.17647058823529413, 0.0, 0.0, 0.0, 1.0, 0.6833059974324363, 1.0, 0.0, 0.0, 0.0, 0.0, 0.0, 0.0, 0.0]",115240,139804,N1,accept,0.475,ts,1115,1
"[0.25, -0.25, -0.18823529411764706, 0.0, 0.0, 0.0, 0.0, 0.0, 1.0, 0.7768452100027552, 1.0, 0.0, 0.0, 0.0, 0.0, 0.0, 0.0, 0.0]",113825,87177,N1,dismiss,-0.3,ts,2811,0
"[0.8714285714285714, -0.8714285714285714, -0.23282887077997672, 0.75, 0.55, 0.0, 0.0, 0.0, 1.0, 0.6748322766805989, 1.0, 0.0, 0.0, 0.0, 0.0, 0.0, 0.0, 0.0]",78136,170138,N1,dismiss,-0.3,ts,2813,1
"[0.04545454545454549, -0.04545454545454549, -0.0646666666666667, -0.008264462809917356, -0.22727272727272727, 0.0, 0.0, 0.0, 1.0, 0.6855067967400382, 1.0, 0.0, 0.0, 0.0, 0.0, 0.0, 0.0, 0.0]",138639,127487,N1,dismiss,-0.3,ts,417,0
"[0.19230769230769232, -0.19230769230769232, 0.0, 0.11363636363636363, 0.0, 0.0, 0.0, 0.0, 1.0, 0.7896850702294859, 1.0, 0.0, 0.0, 0.0, 0.0, 0.0, 0.0, 0.0]",114738,166142,N1,dismiss,-0.3,ts,2172,1
"[0.3000000000000001, -0.3000000000000001, -0.5036615134255492, 0.0, 0.0, 0.0, 0.0, 0.0, 1.0, 0.7285138093516589, 1.0, 0.0, 0.0, 0.0, 0.0, 0.0, 0.0, 0.0]",85447,85446,N1,dismiss,-0.3,ts,1125,0
"[0.5833333333333333, -0.5833333333333333, -0.014175257731958841, 0.0, 0.1, 0.0, 0.0, 0.0, 1.0, 0.8931955318196763, 1.0, 0.0, 0.0, 0.0, 0.0, 0.0, 0.0, 0.0]",151790,113027,N1,dismiss,-0.3,ts,925,0
"[0.20000000000000004, -0.20000000000000004, -0.11866359447004608, -0.10696517412935323, -0.768, 0.0, 0.0, 0.0, 1.0, 0.6339715338230714, 1.0, 0.0, 0.0, 0.0, 0.0, 0.0, 0.0, 0.0]",116359,158412,N1,dismiss,-0.3,ts,1117,1
"[0.14, -0.14, 0.16819827346143154, 0.0, 0.0, 0.0, 0.0, 0.0, 1.0, 0.7446095810127756, 1.0, 0.0, 0.0, 0.0, 0.0, 0.0, 0.0, 0.0]",72623,79362,N6,accept,0.398,ts,2522,1
"[0.24242424242424238, -0.24242424242424238, -0.129287598944591, 0.14634146341463414, -0.019999999999999973, 0.0, 0.0, 0.0, 1.0, 0.7475906702273, 1.0, 0.0, 0.0, 0.0, 0.0, 0.0, 0.0, 0.0]",110035,19599,N6,dismiss,-0.3,ts,2491,1
"[0.3333333333333333, -0.3333333333333333, -0.48406676783004554, -0.44761904761904764, -0.6129032258064516, 0.0, 0.0, 0.0, 1.0, 0.546792220645576, 1.0, 0.0, 0.0, 0.0, 0.0, 0.0, 0.0, 0.0]",170138,175100,N6,dismiss,-0.3,ts,547,1
"[0.28476821192052976, -0.28476821192052976, 0.0, -0.021806853582554516, -0.4166666666666667, 0.0, 0.0, 0.0, 1.0, 0.7595229641394782, 1.0, 0.0, 0.0, 0.0, 0.0, 0.0, 0.0, 0.0]",103704,145523,N1,dismiss,-0.3,ts,755,0
"[0.15999999999999998, -0.15999999999999998, -0.30025445292620867, 0.7263157894736842, 0.39622641509433976, 0.0, 0.0, 0.0, 1.0, 0.5215834348101834, 1.0, 0.0, 0.0, 0.0, 0.0, 0.0, 0.0, 0.0]",59416,152287,N6,dismiss,-0.3,ts,1220,1
"[0.25, -0.25, 0.0, -0.008595988538681949, 0.13636363636363635, 0.0, 0.0, 0.0, 1.0, 0.8012276518471559, 1.0, 0.0, 0.0, 0.0, 0.0, 0.0, 0.0, 0.0]",43088,117045,N1,dismiss,-0.3,ts,2442,0
"[0.8058823529411764, -0.8058823529411764, 0.057401812688821705, 0.376, -0.1, 0.0, 0.0, 0.0, 1.0, 0.8309128277453596, 1.0, 0.0, 0.0, 0.0, 0.0, 0.0, 0.0, 0.0]",61306,169335,N1,dismiss,-0.3,ts,1136,1
"[0.8125, -0.8125, -0.24862155388471174, 0.0165016501650165, -0.632, 0.0, 0.0, 0.0, 1.0, 0.7689708433290724, 1.0, 0.0, 0.0, 0.0, 0.0, 0.0, 0.0, 0.0]",169373,115951,N1,dismiss,-0.3,ts,1505,1
"[0.294478527607362, -0.294478527607362, 0.22798887859128833, -0.025, -0.11392405063291143, 0.0, 0.0, 0.0, 1.0, 0.7426536066065215, 1.0, 0.0, 0.0, 0.0, 0.0, 0.0, 0.0, 0.0]",15663,39517,N1,accept,0.5061349693251533,ts,1012,0
"[0.16666666666666666, -0.16666666666666666, 0.052770448548812667, -0.07661290322580645, -0.42857142857142855, 0.0, 0.0, 0.0, 1.0, 0.6835435225904474, 1.0, 0.0, 0.0, 0.0, 0.0, 0.0, 0.0, 0.0]",89593,185375,N1,accept,0.41666666666666663,ts,2983,1
"[0.5170454545454546, -0.5170454545454546, -0.375, -0.5523255813953488, -0.6, 0.0, 0.0, 0.0, 1.0, 0.6018903072236335, 1.0, 0.0, 0.0, 0.0, 0.0, 0.0, 0.0, 0.0]",31972,142262,N1,dismiss,-0.3,ts,1628,1
"[0.7, -0.7, -0.2805555555555556, 0.3178294573643411, -0.17346938775510215, 0.0, 0.0, 0.0, 1.0, 0.7450317909798468, 1.0, 0.0, 0.0, 0.0, 0.0, 0.0, 0.0, 0.0]",145578,145532,N1,accept,0.7899999999999999,ts,1441,0
"[0.0555555555555556, -0.0555555555555556, -0.16666666666666666, 0.01764705882352941, 0.13636363636363635, 0.0, 0.0, 0.0, 1.0, 0.6730847801914981, 1.0, 0.0, 0.0, 0.0, 0.0, 0.0, 0.0, 0.0]",123856,107052,N1,dismiss,-0.3,ts,1770,1
"[0.8412698412698413, -0.8412698412698413, -0.8587234042553191, 0.19555555555555557, -0.4264705882352941, 0.0, 0.0, 0.0, 1.0, 0.664171582568078, 1.0, 0.0, 0.0, 0.0, 0.0, 0.0, 0.0, 0.0]",48746,117003,N6,dismiss,-0.3,ts,1455,1
"[0.1875, -0.1875, -0.5643949930458971, 0.02, -0.039999999999999945, 0.0, 0.0, 0.0, 1.0, 0.6657861386175713, 1.0, 0.0, 0.0, 0.0, 0.0, 0.0, 0.0, 0.0]",63907,123325,N6,accept,0.43124999999999997,ts,2880,1
"[0.6136363636363636, -0.6136363636363636, -0.3181818181818182, -0.5612535612535613, -0.6714285714285715, 0.0, 0.0, 0.0, 1.0, 0.625354972810449, 1.0, 0.0, 0.0, 0.0, 0.0, 0.0, 0.0, 0.0]",151838,142262,N6,dismiss,-0.3,ts,1565,1
"[0.842857142857143, -0.842857142857143, -0.40372670807453415, 0.08013937282229965, -0.6181818181818182, 0.0, 0.0, 0.0, 1.0, 0.723610519402161, 1.0, 0.0, 0.0, 0.0, 0.0, 0.0, 0.0, 0.0]",91072,59423,N1,dismiss,-0.3,ts,2230,1
"[0.35000000000000003, -0.35000000000000003, 0.027816411682892905, -0.45103857566765576, -0.5, 0.0, 0.0, 0.0, 1.0, 0.6756055460954731, 1.0, 0.0, 0.0, 0.0, 0.0, 0.0, 0.0, 0.0]",87402,175208,N6,dismiss,-0.3,ts,2817,1
"[0.0714285714285715, -0.0714285714285715, -0.3333333333333333, 0.0, 0.0, 0.0, 0.0, 0.0, 1.0, 0.6793671102063449, 1.0, 0.0, 0.0, 0.0, 0.0, 0.0, 0.0, 0.0]",50807,51654,N1,dismiss,-0.3,ts,690,1
"[0.16666666666666666, -0.16666666666666666, -0.25, 1.0, -0.10614525139664797, 0.0, 0.0, 0.0, 1.0, 0.5568152427176047, 1.0, 0.0, 0.0, 0.0, 0.0, 0.0, 0.0, 0.0]",165914,118876,N1,dismiss,-0.3,ts,727,1
"[0.25, -0.25, 0.0, 0.0, 0.0, 0.0, 0.0, 0.0, 1.0, 0.8395893495876965, 1.0, 0.0, 0.0, 0.0, 0.0, 0.0, 0.0, 0.0]",116977,117045,N6,dismiss,-0.3,ts,2103,1
"[0.6666666666666666, -0.6666666666666666, -0.2664051355206847, -0.15406976744186046, 0.0, 0.0, 0.0, 0.0, 1.0, 0.8180110862732273, 1.0, 0.0, 0.0, 0.0, 0.0, 0.0, 0.0, 0.0]",116466,29663,N6,dismiss,-0.3,ts,1488,1
"[0.24242424242424238, -0.24242424242424238, 0.17021276595744683, 0.22875816993464052, 0.24000000000000005, 0.0, 0.0, 0.0, 1.0, 0.6671422863770378, 1.0, 0.0, 0.0, 0.0, 0.0, 0.0, 0.0, 0.0]",120700,19599,N1,dismiss,-0.3,ts,719,0
"[0.0285714285714286, -0.0285714285714286, 0.0, -0.4375, -0.039999999999999994, 0.0, 0.0, 0.0, 1.0, 0.6617044856731337, 1.0, 0.0, 0.0, 0.0, 0.0, 0.0, 0.0, 0.0]",125786,189308,N3,accept,0.32,ts,1346,1
"[0.7066666666666667, -0.7066666666666667, 0.21951219512195133, 0.22745098039215686, -0.3684210526315789, 0.0, 0.0, 0.0, 1.0, 0.7423189475802244, 1.0, 0.0, 0.0, 0.0, 0.0, 0.0, 0.0, 0.0]",155668,169349,N6,accept,0.7946666666666666,ts,1418,1
"[0.1250000000000001, -0.1250000000000001, 0.16218749999999993, 0.0, 0.0, 0.0, 0.0, 0.0, 1.0, 0.7409291148542603, 1.0, 0.0, 0.0, 0.0, 0.0, 0.0, 0.0, 0.0]",152421,55412,N6,dismiss,-0.3,ts,2686,1
"[0.3333333333333333, -0.3333333333333333, -0.0879271070615034, 0.44285714285714284, 0.25, 0.0, 0.0, 0.0, 1.0, 0.6861198608584137, 1.0, 0.0, 0.0, 0.0, 0.0, 0.0, 0.0, 0.0]",128254,170191,N6,dismiss,-0.3,ts,2761,1
"[0.16666666666666666, -0.16666666666666666, -0.6, -0.40954773869346733, -0.696969696969697, 0.0, 0.0, 0.0, 1.0, 0.4748074446061905, 1.0, 0.0, 0.0, 0.0, 0.0, 0.0, 0.0, 0.0]",69112,145577,N6,dismiss,-0.3,ts,1083,1
"[0.8151260504201681, -0.8151260504201681, 0.14058721934369617, 0.6068702290076335, 0.12, 0.0, 0.0, 0.0, 1.0, 0.7736475057491955, 1.0, 0.0, 0.0, 0.0, 0.0, 0.0, 0.0, 0.0]",61358,61314,N1,dismiss,-0.3,ts,1047,1
"[0.8714285714285714, -0.8714285714285714, -0.4171011470281544, -0.6214689265536724, -0.5888888888888889, 0.0, 0.0, 0.0, 1.0, 0.642206462275072, 1.0, 0.0, 0.0, 0.0, 0.0, 0.0, 0.0, 0.0]",185391,54927,N6,accept,0.9099999999999999,ts,1560,1
"[0.35714285714285715, -0.35714285714285715, -0.3704, 0.06989247311827956, -0.4411764705882353, 0.0, 0.0, 0.0, 1.0, 0.6602837202553663, 1.0, 0.0, 0.0, 0.0, 0.0, 0.0, 0.0, 0.0]",151762,130324,N6,accept,0.55,ts,2911,0
"[0.20000000000000007, -0.20000000000000007, -0.006303915063039193, 0.019943019943019943, -0.5, 0.0, 0.0, 0.0, 1.0, 0.7196391729676981, 1.0, 0.0, 0.0, 0.0, 0.0, 0.0, 0.0, 0.0]",74279,135481,N3,accept,0.44000000000000006,ts,518,1
"[0.07692307692307684, -0.07692307692307684, 0.0, -0.2222222222222222, 0.0, 0.0, 0.0, 0.0, 1.0, 0.7248958747201469, 1.0, 0.0, 0.0, 0.0, 0.0, 0.0, 0.0, 0.0]",115242,115240,N3,accept,0.35384615384615375,ts,620,1
"[0.0769230769230768, -0.0769230769230768, 0.125, -0.75, -0.44000000000000006, 0.0, 0.0, 0.0, 1.0, 0.5301659338444363, 1.0, 0.0, 0.0, 0.0, 0.0, 0.0, 0.0, 0.0]",57385,81128,N3,accept,0.35384615384615375,ts,2841,1
"[0.19999999999999993, -0.19999999999999993, 0.125, 0.0, 0.0, 0.0, 0.0, 0.0, 1.0, 0.7785883097271787, 1.0, 0.0, 0.0, 0.0, 0.0, 0.0, 0.0, 0.0]",75387,18219,N3,dismiss,-0.3,ts,1679,1
"[0.2045454545454546, -0.2045454545454546, -0.666110183639399, 0.019553072625698324, 1.0, 0.0, 0.0, 0.0, 1.0, 0.5366655678938613, 1.0, 0.0, 0.0, 0.0, 0.0, 0.0, 0.0, 0.0]",135481,123174,N6,dismiss,-0.3,ts,2061,1
"[0.28571428571428575, -0.28571428571428575, 0.0, -0.1005586592178771, 0.14285714285714285, 0.0, 0.0, 0.0, 1.0, 0.7864257510470529, 1.0, 0.0, 0.0, 0.0, 0.0, 0.0, 0.0, 0.0]",128281,51122,N3,dismiss,-0.3,ts,690,1
"[0.20000000000000004, -0.20000000000000004, 0.052700922266139656, 0.1377245508982036, -0.05, 0.0, 0.0, 0.0, 1.0, 0.7524309879658798, 1.0, 0.0, 0.0, 0.0, 0.0, 0.0, 0.0, 0.0]",81498,158639,N3,dismiss,-0.3,ts,2093,1
"[0.3000000000000001, -0.3000000000000001, -0.528957528957529, 0.0, 0.0, 0.0, 0.0, 0.0, 1.0, 0.7249105321469098, 1.0, 0.0, 0.0, 0.0, 0.0, 0.0, 0.0, 0.0]",85444,85446,N6,dismiss,-0.3,ts,1795,1
"[0.11999999999999993, -0.11999999999999993, -0.5454545454545454, 0.039886039886039885, 0.07142857142857142, 0.0, 0.0, 0.0, 1.0, 0.6302331133276987, 1.0, 0.0, 0.0, 0.0, 0.0, 0.0, 0.0, 0.0]",70001,123012,N6,dismiss,-0.3,ts,2183,1
"[0.8666666666666667, -0.8666666666666667, 0.0, -0.4105263157894737, -0.25999999999999995, 0.0, 0.0, 0.0, 1.0, 0.8206041149477, 1.0, 0.0, 0.0, 0.0, 0.0, 0.0, 0.0, 0.0]",122720,74186,N3,dismiss,-0.3,ts,2751,1
"[0.7257142857142858, -0.7257142857142858, -0.25974025974025977, -0.024734982332155476, 0.0, 0.0, 0.0, 0.0, 1.0, 0.8608149912248749, 1.0, 0.0, 0.0, 0.0, 0.0, 0.0, 0.0, 0.0]",63899,48997,N3,dismiss,-0.3,ts,2760,1
"[0.1666666666666667, -0.1666666666666667, -0.28112267994567675, 0.17355371900826447, -0.20833333333333334, 0.0, 0.0, 0.0, 1.0, 0.6301107558702879, 1.0, 0.0, 0.0, 0.0, 0.0, 0.0, 0.0, 0.0]",110166,89666,N3,dismiss,-0.3,ts,1909,1
"[0.5367647058823529, -0.5367647058823529, -0.08070175438596489, 0.66, 0.18000000000000002, 0.0, 0.0, 0.0, 1.0, 0.7316375799157532, 1.0, 0.0, 0.0, 0.0, 0.0, 0.0, 0.0, 0.0]",85443,122721,N6,dismiss,-0.3,ts,727,1
"[0.3636363636363637, -0.3636363636363637, 0.146788990825688, 0.0110803324099723, 0.36363636363636365, 0.0, 0.0, 0.0, 1.0, 0.7425908749935993, 1.0, 0.0, 0.0, 0.0, 0.0, 0.0, 0.0, 0.0]",93938,123174,N1,dismiss,-0.3,ts,1544,0
"[0.8833333333333333, -0.8833333333333333, -0.2159090909090909, -0.3368421052631579, -0.18, 0.0, 0.0, 0.0, 1.0, 0.7779964498937545, 1.0, 0.0, 0.0, 0.0, 0.0, 0.0, 0.0, 0.0]",122720,82101,N3,dismiss,-0.3,ts,2608,1
"[0.575, -0.575, 0.2222222222222222, 0.1, 0.05999999999999996, 0.0, 0.0, 0.0, 1.0, 0.8084696299007248, 1.0, 0.0, 0.0, 0.0, 0.0, 0.0, 0.0, 0.0]",30621,87406,N3,dismiss,-0.3,ts,1807,1
"[0.1666666666666667, -0.1666666666666667, -0.4, -0.9, -0.8363636363636363, 0.0, 0.0, 0.0, 1.0, 0.4540504462586627, 1.0, 0.0, 0.0, 0.0, 0.0, 0.0, 0.0, 0.0]",41388,71728,N3,dismiss,-0.3,ts,1136,1
"[0.1666666666666667, -0.1666666666666667, 0.07142857142857142, -0.5081967213114754, 0.06000000000000001, 0.0, 0.0, 0.0, 1.0, 0.6719279802353277, 1.0, 0.0, 0.0, 0.0, 0.0, 0.0, 0.0, 0.0]",118798,71728,N3,accept,0.4166666666666667,ts,800,1
"[0.19999999999999993, -0.19999999999999993, 0.125, 0.0, 0.0, 0.0, 0.0, 0.0, 1.0, 0.7785883097271787, 1.0, 0.0, 0.0, 0.0, 0.0, 0.0, 0.0, 0.0]",75387,18219,N1,dismiss,-0.3,ts,1560,0
"[0.20000000000000007, -0.20000000000000007, -0.5521408839779005, 0.0, 0.0, 0.0, 0.0, 0.0, 1.0, 0.6891179239049421, 1.0, 0.0, 0.0, 0.0, 0.0, 0.0, 0.0, 0.0]",135543,107458,N3,dismiss,-0.3,ts,2718,1
"[0.20000000000000007, -0.20000000000000007, -0.20556107249255215, -0.019943019943019943, -0.17857142857142858, 0.0, 0.0, 0.0, 1.0, 0.7044950654824391, 1.0, 0.0, 0.0, 0.0, 0.0, 0.0, 0.0, 0.0]",15528,31972,N3,dismiss,-0.3,ts,1154,1
"[0.25, -0.25, -0.24812030075187969, 0.0581039755351682, 0.32978723404255317, 0.0, 0.0, 0.0, 1.0, 0.6724565857057285, 1.0, 0.0, 0.0, 0.0, 0.0, 0.0, 0.0, 0.0]",82380,117045,N3,dismiss,-0.3,ts,710,1
"[0.21428571428571425, -0.21428571428571425, -0.28709055876685935, 0.06333333333333334, 0.2727272727272727, 0.0, 0.0, 0.0, 1.0, 0.6594235239518802, 1.0, 0.0, 0.0, 0.0, 0.0, 0.0, 0.0, 0.0]",16734,130294,N3,accept,0.44999999999999996,ts,1230,1
"[0.3230769230769231, -0.3230769230769231, -0.0012099213551118918, 1.0, -0.17647058823529413, 0.0, 0.0, 0.0, 1.0, 0.6749942815801884, 1.0, 0.0, 0.0, 0.0, 0.0, 0.0, 0.0, 0.0]",61360,61314,N6,dismiss,-0.3,ts,2759,1
"[0.018181818181818195, -0.018181818181818195, -0.20784224841341783, 0.0, 0.0, 0.0, 0.0, 0.0, 1.0, 0.6887941787705715, 1.0, 0.0, 0.0, 0.0, 0.0, 0.0, 0.0, 0.0]",16660,147468,N1,dismiss,-0.3,ts,2829,0
"[0.25, -0.25, 0.0, 0.0, 0.0, 0.0, 0.0, 0.0, 1.0, 0.8395893495876965, 1.0, 0.0, 0.0, 0.0, 0.0, 0.0, 0.0, 0.0]",117053,117045,N6,accept,0.475,ts,978,1
"[0.16666666666666663, -0.16666666666666663, 0.0, 0.0, 0.0, 0.0, 0.0, 0.0, 1.0, 0.8112296656009272, 1.0, 0.0, 0.0, 0.0, 0.0, 0.0, 0.0, 0.0]",147380,152267,N1,dismiss,-0.3,ts,2666,1
"[0.7999999999999999, -0.7999999999999999, -0.4884615384615385, 1.0, 1.0, 0.0, 0.0, 0.0, 1.0, 0.5355497105056809, 1.0, 0.0, 0.0, 0.0, 0.0, 0.0, 0.0, 0.0]",174937,174761,N3,dismiss,-0.3,ts,566,1
"[0.18367346938775517, -0.18367346938775517, 0.036941023979261196, 0.018518518518518517, -0.2, 0.0, 0.0, 0.0, 1.0, 0.7480364718973675, 1.0, 0.0, 0.0, 0.0, 0.0, 0.0, 0.0, 0.0]",135548,106755,N3,dismiss,-0.3,ts,2364,1
"[0.5636363636363636, -0.5636363636363636, 0.0, -0.024734982332155476, 0.0, 0.0, 0.0, 0.0, 1.0, 0.9149318998851651, 1.0, 0.0, 0.0, 0.0, 0.0, 0.0, 0.0, 0.0]",48999,48997,N6,accept,0.6945454545454545,ts,2210,1
"[0.1250000000000001, -0.1250000000000001, 0.1772262773722628, 0.0, 0.0, 0.0, 0.0, 0.0, 1.0, 0.7366447804514437, 1.0, 0.0, 0.0, 0.0, 0.0, 0.0, 0.0, 0.0]",29519,55348,N1,accept,0.38750000000000007,ts,885,1
"[0.7138047138047138, -0.7138047138047138, -0.5411887382690302, -0.1, 0.1, 0.0, 0.0, 0.0, 1.0, 0.7608089122431839, 1.0, 0.0, 0.0, 0.0, 0.0, 0.0, 0.0, 0.0]",141707,87406,N3,dismiss,-0.3,ts,1659,0
"[0.7954545454545455, -0.7954545454545455, -0.41470994475138123, 0.13095238095238096, -0.23333333333333334, 0.0, 0.0, 0.0, 1.0, 0.7546522405081744, 1.0, 0.0, 0.0, 0.0, 0.0, 0.0, 0.0, 0.0]",135543,89765,N6,dismiss,-0.3,ts,2140,1
"[0.09090909090909087, -0.09090909090909087, -0.13017127799736508, 0.82, 0.045454545454545456, 0.0, 0.0, 0.0, 1.0, 0.6041007760941072, 1.0, 0.0, 0.0, 0.0, 0.0, 0.0, 0.0, 0.0]",85795,120787,N3,dismiss,-0.3,ts,574,1
"[0.20000000000000007, -0.20000000000000007, 0.2, -0.01694915254237288, -0.07692307692307693, 0.0, 0.0, 0.0, 1.0, 0.7305032209505417, 1.0, 0.0, 0.0, 0.0, 0.0, 0.0, 0.0, 0.0]",108743,32065,N3,dismiss,-0.3,ts,1967,1
"[0.75, -0.75, 0.0, 0.0, 0.0, 0.0, 0.0, 0.0, 1.0, 0.9523252675504453, 1.0, 0.0, 0.0, 0.0, 0.0, 0.0, 0.0, 0.0]",38239,56398,N1,accept,0.825,ts,2947,1
"[0.1538461538461538, -0.1538461538461538, 0.0, 0.0, 0.0, 0.0, 0.0, 0.0, 1.0, 0.806689539231263, 1.0, 0.0, 0.0, 0.0, 0.0, 0.0, 0.0, 0.0]",93850,93864,N1,dismiss,-0.3,ts,2308,0
"[0.11999999999999993, -0.11999999999999993, 0.06218727662616149, 0.10434782608695652, 0.07142857142857142, 0.0, 0.0, 0.0, 1.0, 0.722908040941636, 1.0, 0.0, 0.0, 0.0, 0.0, 0.0, 0.0, 0.0]",88672,106733,N1,dismiss,-0.3,ts,1471,1
"[0.11999999999999993, -0.11999999999999993, 0.1111111111111111, 0.0028328611898017, -0.07142857142857142, 0.0, 0.0, 0.0, 1.0, 0.7338519272086697, 1.0, 0.0, 0.0, 0.0, 0.0, 0.0, 0.0, 0.0]",107307,108842,N1,dismiss,-0.3,ts,529,1
"[0.24324324324324328, -0.24324324324324328, -0.6781002638522428, -0.2677165354330709, -0.1578947368421053, 0.0, 0.0, 0.0, 1.0, 0.5860948410844389, 1.0, 0.0, 0.0, 0.0, 0.0, 0.0, 0.0, 0.0]",31679,85446,N6,dismiss,-0.3,ts,2212,1
"[0.3230769230769231, -0.3230769230769231, -0.0012099213551118918, 1.0, -0.17647058823529413, 0.0, 0.0, 0.0, 1.0, 0.6749942815801884, 1.0, 0.0, 0.0, 0.0, 0.0, 0.0, 0.0, 0.0]",61360,61314,N1,dismiss,-0.3,ts,2958,0
"[0.45, -0.45, 0.0, 0.31196581196581197, -0.2830188679245283, 0.0, 0.0, 0.0, 1.0, 0.7626054500386172, 1.0, 0.0, 0.0, 0.0, 0.0, 0.0, 0.0, 0.0]",123829,69980,N6,dismiss,-0.3,ts,1519,1
"[0.10119047619047615, -0.10119047619047615, -0.6251673360107095, 0.38961038961038963, -0.1111111111111111, 0.0, 0.0, 0.0, 1.0, 0.533864573103318, 1.0, 0.0, 0.0, 0.0, 0.0, 0.0, 0.0, 0.0]",20077,103704,N3,dismiss,-0.3,ts,1628,1
"[0.1250000000000001, -0.1250000000000001, 0.2222222222222222, 0.0, -0.06000000000000001, 0.0, 0.0, 0.0, 1.0, 0.7076074431705994, 1.0, 0.0, 0.0, 0.0, 0.0, 0.0, 0.0, 0.0]",30711,125786,N3,dismiss,-0.3,ts,2047,1
"[0.5588235294117647, -0.5588235294117647, 0.17562724014336914, 0.29441624365482233, 0.46153846153846156, 0.0, 0.0, 0.0, 1.0, 0.7048196658399779, 1.0, 0.0, 0.0, 0.0, 0.0, 0.0, 0.0, 0.0]",92081,155668,N1,dismiss,-0.3,ts,2642,0
"[0.608695652173913, -0.608695652173913, -0.5476575121163166, 0.24603174603174602, -0.48148148148148145, 0.0, 0.0, 0.0, 1.0, 0.6465028453091304, 1.0, 0.0, 0.0, 0.0, 0.0, 0.0, 0.0, 0.0]",89552,145523,N1,dismiss,-0.3,ts,2314,0
"[0.217741935483871, -0.217741935483871, -0.3216708318457694, 0.03003003003003003, 0.0, 0.0, 0.0, 0.0, 1.0, 0.7252313731850552, 1.0, 0.0, 0.0, 0.0, 0.0, 0.0, 0.0, 0.0]",89601,104962,N6,dismiss,-0.3,ts,2537,1
"[0.2045454545454546, -0.2045454545454546, -0.75093399750934, 0.019553072625698324, 1.0, 0.0, 0.0, 0.0, 1.0, 0.5241459203603409, 1.0, 0.0, 0.0, 0.0, 0.0, 0.0, 0.0, 0.0]",93935,123174,N3,dismiss,-0.3,ts,769,1
"[0.20000000000000004, -0.20000000000000004, 0.13333333333333333, -0.75, -0.44000000000000006, 0.0, 0.0, 0.0, 1.0, 0.5717007815603291, 1.0, 0.0, 0.0, 0.0, 0.0, 0.0, 0.0, 0.0]",133969,18334,N3,dismiss,-0.3,ts,1683,1
"[0.1200000000000001, -0.1200000000000001, 0.1455847255369929, -0.08011869436201781, -0.52, 0.0, 0.0, 0.0, 1.0, 0.6248074521533694, 1.0, 0.0, 0.0, 0.0, 0.0, 0.0, 0.0, 0.0]",57278,59423,N6,dismiss,-0.3,ts,1366,0
"[0.09722222222222213, -0.09722222222222213, 0.1926782273603083, 0.09, 0.09090909090909091, 0.0, 0.0, 0.0, 1.0, 0.6725971510788882, 1.0, 0.0, 0.0, 0.0, 0.0, 0.0, 0.0, 0.0]",16722,63891,N6,accept,0.36805555555555547,ts,1117,1
"[0.9075630252100839, -0.9075630252100839, 0.002506265664160437, 1.0, -0.3684210526315789, 0.0, 0.0, 0.0, 1.0, 0.7400082943424515, 1.0, 0.0, 0.0, 0.0, 0.0, 0.0, 0.0, 0.0]",185563,169349,N3,dismiss,-0.3,ts,1441,1
"[0.25, -0.25, -0.5708154506437768, -0.008595988538681949, 1.0, 0.0, 0.0, 0.0, 1.0, 0.5525921765486778, 1.0, 0.0, 0.0, 0.0, 0.0, 0.0, 0.0, 0.0]",189369,117045,N6,dismiss,-0.3,ts,1031,0
"[0.4235294117647059, -0.4235294117647059, 0.0, 0.12280701754385964, -0.11999999999999997, 0.0, 0.0, 0.0, 1.0, 0.8257495045499188, 1.0, 0.0, 0.0, 0.0, 0.0, 0.0, 0.0, 0.0]",87407,125786,N3,dismiss,-0.3,ts,1670,1
"[0.18367346938775517, -0.18367346938775517, 0.036941023979261196, 0.018518518518518517, -0.2, 0.0, 0.0, 0.0, 1.0, 0.7480364718973675, 1.0, 0.0, 0.0, 0.0, 0.0, 0.0, 0.0, 0.0]",135548,130086,N3,dismiss,-0.3,ts,793,1
"[0.25, -0.25, 0.08600392413342063, 0.006075334143377886, 0.0, 0.0, 0.0, 0.0, 1.0, 0.8061722905617785, 1.0, 0.0, 0.0, 0.0, 0.0, 0.0, 0.0, 0.0]",75083,30338,N3,dismiss,-0.3,ts,2351,1
"[0.1111111111111112, -0.1111111111111112, -0.09008189262966337, 0.15579710144927536, 0.4, 0.0, 0.0, 0.0, 1.0, 0.6355529250549651, 1.0, 0.0, 0.0, 0.0, 0.0, 0.0, 0.0, 0.0]",64516,63925,N3,accept,0.3777777777777778,ts,2130,1
"[0.5636363636363637, -0.5636363636363637, -0.5018266356692129, -0.011396011396011397, 0.5714285714285714, 0.0, 0.0, 0.0, 1.0, 0.6899352709058272, 1.0, 0.0, 0.0, 0.0, 0.0, 0.0, 0.0, 0.0]",15533,107659,N1,dismiss,-0.3,ts,2144,1
"[0.5367647058823529, -0.5367647058823529, 0.058823529411764705, 0.0, 0.0, 0.0, 0.0, 0.0, 1.0, 0.8945280614741626, 1.0, 0.0, 0.0, 0.0, 0.0, 0.0, 0.0, 0.0]",41870,50807,N6,dismiss,-0.3,ts,1318,1
"[0.28571428571428564, -0.28571428571428564, -0.41792782305005827, -0.05, 0.1, 0.0, 0.0, 0.0, 1.0, 0.6962675900477637, 1.0, 0.0, 0.0, 0.0, 0.0, 0.0, 0.0, 0.0]",93923,174942,N6,accept,0.4999999999999999,ts,2317,1
"[0.4545454545454546, -0.4545454545454546, -0.4991652754590985, -0.025139664804469275, 1.0, 0.0, 0.0, 0.0, 1.0, 0.6181743451401159, 1.0, 0.0, 0.0, 0.0, 0.0, 0.0, 0.0, 0.0]",135482,107563,N6,dismiss,-0.3,ts,1630,1
"[0.8571428571428571, -0.8571428571428571, 0.0, -0.11498257839721254, -0.054545454545454515, 0.0, 0.0, 0.0, 1.0, 0.9181815185255802, 1.0, 0.0, 0.0, 0.0, 0.0, 0.0, 0.0, 0.0]",91072,91067,N6,dismiss,-0.3,ts,787,1
"[0.11764705882352951, -0.11764705882352951, -0.6587646076794657, -0.18, -0.039999999999999994, 0.0, 0.0, 0.0, 1.0, 0.5903434434275853, 1.0, 0.0, 0.0, 0.0, 0.0, 0.0, 0.0, 0.0]",18053,122734,N6,dismiss,-0.3,ts,2798,1
"[0.1666666666666667, -0.1666666666666667, -0.20120724346076452, 0.17355371900826447, -0.20833333333333334, 0.0, 0.0, 0.0, 1.0, 0.6498658731927112, 1.0, 0.0, 0.0, 0.0, 0.0, 0.0, 0.0, 0.0]",81543,89666,N6,accept,0.4166666666666667,ts,1146,1
"[0.24324324324324328, -0.24324324324324328, -0.6781002638522428, -0.2677165354330709, -0.1578947368421053, 0.0, 0.0, 0.0, 1.0, 0.5860948410844389, 1.0, 0.0, 0.0, 0.0, 0.0, 0.0, 0.0, 0.0]",31679,85446,N6,dismiss,-0.3,ts,1073,1
"[0.8491428571428571, -0.8491428571428571, -0.2056676685272649, 0.06333333333333334, 0.2727272727272727, 0.0, 0.0, 0.0, 1.0, 0.8153440525542309, 1.0, 0.0, 0.0, 0.0, 0.0, 0.0, 0.0, 0.0]",141777,130294,N6,dismiss,-0.3,ts,636,1
"[0.1538461538461538, -0.1538461538461538, 0.0, 0.0, 0.0, 0.0, 0.0, 0.0, 1.0, 0.806689539231263, 1.0, 0.0, 0.0, 0.0, 0.0, 0.0, 0.0, 0.0]",93850,93864,N6,dismiss,-0.3,ts,2117,1
"[0.415625, -0.415625, 0.056934306569343146, 0.0, 0.0, 0.0, 0.0, 0.0, 1.0, 0.8668542589017116, 1.0, 0.0, 0.0, 0.0, 0.0, 0.0, 0.0, 0.0]",29519,15139,N6,dismiss,-0.3,ts,1684,1
"[0.4432989690721649, -0.4432989690721649, -0.2631578947368421, -0.08454810495626822, -0.46153846153846156, 0.0, 0.0, 0.0, 1.0, 0.6998256490951412, 1.0, 0.0, 0.0, 0.0, 0.0, 0.0, 0.0, 0.0]",104962,145523,N6,dismiss,-0.3,ts,2561,0
"[0.6666666666666667, -0.6666666666666667, 0.23277737490935468, 0.0, 0.0, 0.0, 0.0, 0.0, 1.0, 0.8659558877868416, 1.0, 0.0, 0.0, 0.0, 0.0, 0.0, 0.0, 0.0]",141751,56398,N6,dismiss,-0.3,ts,2227,0
"[0.01111111111111112, -0.01111111111111112, -0.3, -0.3541666666666667, -0.13999999999999999, 0.0, 0.0, 0.0, 1.0, 0.5511658124955352, 1.0, 0.0, 0.0, 0.0, 0.0, 0.0, 0.0, 0.0]",155816,79360,N6,dismiss,-0.3,ts,1879,1
"[0.6666666666666667, -0.6666666666666667, 0.23277737490935468, 0.0, 0.0, 0.0, 0.0, 0.0, 1.0, 0.8659558877868416, 1.0, 0.0, 0.0, 0.0, 0.0, 0.0, 0.0, 0.0]",141751,56398,N6,dismiss,-0.3,ts,2087,1
"[0.20000000000000007, -0.20000000000000007, -0.5521408839779005, 0.0, 0.0, 0.0, 0.0, 0.0, 1.0, 0.6891179239049421, 1.0, 0.0, 0.0, 0.0, 0.0, 0.0, 0.0, 0.0]",135543,107458,N6,dismiss,-0.3,ts,2227,1
"[0.25, -0.25, -0.24050632911392406, 0.0, -0.005555555555555635, 0.0, 0.0, 0.0, 1.0, 0.7615633265577997, 1.0, 0.0, 0.0, 0.0, 0.0, 0.0, 0.0, 0.0]",183583,165914,N6,dismiss,-0.3,ts,2134,0
"[0.1111111111111111, -0.1111111111111111, -0.2028985507246377, -0.6929824561403509, -0.25, 0.0, 0.0, 0.0, 1.0, 0.5530661334564829, 1.0, 0.0, 0.0, 0.0, 0.0, 0.0, 0.0, 0.0]",87177,110001,N6,dismiss,-0.3,ts,2107,1
"[0.20000000000000004, -0.20000000000000004, -0.14724770642201832, -0.027777777777777776, -0.041666666666666664, 0.0, 0.0, 0.0, 1.0, 0.7517102083113151, 1.0, 0.0, 0.0, 0.0, 0.0, 0.0, 0.0, 0.0]",85929,84737,N6,dismiss,-0.3,ts,929,0
"[0.02500000000000002, -0.02500000000000002, -0.1863303498779495, -0.16, -0.12000000000000002, 0.0, 0.0, 0.0, 1.0, 0.6240669300145485, 1.0, 0.0, 0.0, 0.0, 0.0, 0.0, 0.0, 0.0]",130425,62540,N6,dismiss,-0.3,ts,1703,0
"[0.11999999999999993, -0.11999999999999993, -0.5, 0.031073446327683617, 0.15384615384615385, 0.0, 0.0, 0.0, 1.0, 0.6193290526080371, 1.0, 0.0, 0.0, 0.0, 0.0, 0.0, 0.0, 0.0]",108827,123548,N3,dismiss,-0.3,ts,1357,1
"[0.4962962962962963, -0.4962962962962963, -0.15, 0.0, 0.0, 0.0, 0.0, 0.0, 1.0, 0.8561193652923813, 1.0, 0.0, 0.0, 0.0, 0.0, 0.0, 0.0, 0.0]",135207,18279,N6,dismiss,-0.3,ts,2066,1
"[0.564516129032258, -0.564516129032258, -0.50017850767583, -0.057057057057057055, -0.46153846153846156, 0.0, 0.0, 0.0, 1.0, 0.6893123723116645, 1.0, 0.0, 0.0, 0.0, 0.0, 0.0, 0.0, 0.0]",89601,145523,N6,dismiss,-0.3,ts,983,0
"[0.16666666666666663, -0.16666666666666663, 0.07903525046382186, 0.0, 0.0, 0.0, 0.0, 0.0, 1.0, 0.7819875829786701, 1.0, 0.0, 0.0, 0.0, 0.0, 0.0, 0.0, 0.0]",147380,85069,N6,dismiss,-0.3,ts,2601,0
"[0.63, -0.63, -0.004432951606944994, 0.09, 0.2727272727272727, 0.0, 0.0, 0.0, 1.0, 0.8448396954128303, 1.0, 0.0, 0.0, 0.0, 0.0, 0.0, 0.0, 0.0]",82038,63923,N6,dismiss,-0.3,ts,2942,0
"[0.8714285714285714, -0.8714285714285714, -0.31282586027111575, 0.7355371900826446, 0.55, 0.0, 0.0, 0.0, 1.0, 0.6572526633932373, 1.0, 0.0, 0.0, 0.0, 0.0, 0.0, 0.0, 0.0]",56538,170138,N6,accept,0.9099999999999999,ts,434,1
"[0.24999999999999997, -0.24999999999999997, 0.0, 0.0, 0.0, 0.0, 0.0, 0.0, 1.0, 0.8395893495876965, 1.0, 0.0, 0.0, 0.0, 0.0, 0.0, 0.0, 0.0]",51138,70105,N6,dismiss,-0.3,ts,2220,0
"[0.11458333333333333, -0.11458333333333333, 0.0, -0.5587392550143266, -0.77, 0.0, 0.0, 0.0, 1.0, 0.5737732739088267, 1.0, 0.0, 0.0, 0.0, 0.0, 0.0, 0.0, 0.0]",107563,142262,N6,dismiss,-0.3,ts,1865,0
"[0.7647058823529411, -0.7647058823529411, 0.04796274738067509, -0.028469750889679714, 0.6428571428571429, 0.0, 0.0, 0.0, 1.0, 0.8190663263402094, 1.0, 0.0, 0.0, 0.0, 0.0, 0.0, 0.0, 0.0]",21089,120796,N6,dismiss,-0.3,ts,1305,0
"[0.1250000000000001, -0.1250000000000001, 0.004129793510324501, -0.028089887640449437, -0.2818181818181818, 0.0, 0.0, 0.0, 1.0, 0.7218639176970109, 1.0, 0.0, 0.0, 0.0, 0.0, 0.0, 0.0, 0.0]",87724,117162,N6,dismiss,-0.3,ts,550,0
"[0.15, -0.15, -0.1982300884955752, -0.03651685393258427, -0.3909090909090909, 0.0, 0.0, 0.0, 1.0, 0.6479304497866336, 1.0, 0.0, 0.0, 0.0, 0.0, 0.0, 0.0, 0.0]",87724,185707,N6,accept,0.40499999999999997,ts,1193,1
"[0.20000000000000007, -0.20000000000000007, -0.00663349917081258, 0.019943019943019943, -0.5, 0.0, 0.0, 0.0, 1.0, 0.7195090339231701, 1.0, 0.0, 0.0, 0.0, 0.0, 0.0, 0.0, 0.0]",151840,135482,N6,accept,0.44000000000000006,ts,925,1
"[0.4545454545454546, -0.4545454545454546, -0.4340567612687813, -0.030726256983240222, 1.0, 0.0, 0.0, 0.0, 1.0, 0.625247768894312, 1.0, 0.0, 0.0, 0.0, 0.0, 0.0, 0.0, 0.0]",135481,108828,N6,dismiss,-0.3,ts,2734,1
"[0.25000000000000006, -0.25000000000000006, 0.20033388981636072, 1.0, -0.21052631578947367, 0.0, 0.0, 0.0, 1.0, 0.5859408089214666, 1.0, 0.0, 0.0, 0.0, 0.0, 0.0, 0.0, 0.0]",185524,128242,N6,accept,0.475,ts,494,0
"[0.8530612244897959, -0.8530612244897959, -0.3026455026455026, 0.10526315789473684, 0.631578947368421, 0.0, 0.0, 0.0, 1.0, 0.7372147538127957, 1.0, 0.0, 0.0, 0.0, 0.0, 0.0, 0.0, 0.0]",180524,170138,N6,dismiss,-0.3,ts,2259,0
"[0.16666666666666666, -0.16666666666666666, -0.49, -0.45226130653266333, -0.45454545454545453, 0.0, 0.0, 0.0, 1.0, 0.5074356917332821, 1.0, 0.0, 0.0, 0.0, 0.0, 0.0, 0.0, 0.0]",69112,164355,N6,dismiss,-0.3,ts,612,1
"[0.6428571428571429, -0.6428571428571429, 0.0, 0.0, 0.0, 0.0, 0.0, 0.0, 1.0, 0.9365456071518827, 1.0, 0.0, 0.0, 0.0, 0.0, 0.0, 0.0, 0.0]",37993,60783,N6,dismiss,-0.3,ts,2066,0
"[0.12499999999999988, -0.12499999999999988, -0.4164235097957482, 0.1793103448275862, -0.047619047619047616, 0.0, 0.0, 0.0, 1.0, 0.6244645839381715, 1.0, 0.0, 0.0, 0.0, 0.0, 0.0, 0.0, 0.0]",155856,114737,N6,dismiss,-0.3,ts,916,1
"[0.9517857142857143, -0.9517857142857143, -0.5, -0.9, -0.8363636363636363, 0.0, 0.0, 0.0, 1.0, 0.5993283463659745, 1.0, 0.0, 0.0, 0.0, 0.0, 0.0, 0.0, 0.0]",18218,70937,N6,dismiss,-0.3,ts,2371,1
"[0.20000000000000007, -0.20000000000000007, -0.12425665101721436, 0.002840909090909091, 0.25, 0.0, 0.0, 0.0, 1.0, 0.7189497931363428, 1.0, 0.0, 0.0, 0.0, 0.0, 0.0, 0.0, 0.0]",74281,88669,N6,accept,0.44000000000000006,ts,963,1
"[0.25, -0.25, 0.0, 0.0, 0.0, 0.0, 0.0, 0.0, 1.0, 0.8395893495876965, 1.0, 0.0, 0.0, 0.0, 0.0, 0.0, 0.0, 0.0]",116939,117045,N6,accept,0.475,ts,2794,0
"[0.35000000000000003, -0.35000000000000003, -0.20040080160320642, 0.06666666666666667, 0.34, 0.0, 0.0, 0.0, 1.0, 0.7116125824309348, 1.0, 0.0, 0.0, 0.0, 0.0, 0.0, 0.0, 0.0]",44266,175226,N6,dismiss,-0.3,ts,2616,0
"[0.19512195121951212, -0.19512195121951212, 0.1573604060913707, 0.27450980392156865, 0.16666666666666666, 0.0, 0.0, 0.0, 1.0, 0.6612561616586466, 1.0, 0.0, 0.0, 0.0, 0.0, 0.0, 0.0, 0.0]",141752,90175,N6,dismiss,-0.3,ts,2871,0
"[0.14, -0.14, -0.12400000000000005, 0.05263157894736842, -0.1, 0.0, 0.0, 0.0, 1.0, 0.7156363704875062, 1.0, 0.0, 0.0, 0.0, 0.0, 0.0, 0.0, 0.0]",174942,69993,N6,dismiss,-0.3,ts,2923,0
"[0.3, -0.3, -0.09090909090909091, 0.46, -0.08000000000000003, 0.0, 0.0, 0.0, 1.0, 0.709824759435147, 1.0, 0.0, 0.0, 0.0, 0.0, 0.0, 0.0, 0.0]",38740,41068,N6,dismiss,-0.3,ts,2978,0
"[0.72, -0.72, 0.14583333333333334, 0.02, 0.06000000000000001, 0.0, 0.0, 0.0, 1.0, 0.8748597557133838, 1.0, 0.0, 0.0, 0.0, 0.0, 0.0, 0.0, 0.0]",135298,81568,N6,dismiss,-0.3,ts,2792,1
"[0.27999999999999997, -0.27999999999999997, 0.22005571030640667, -0.2636363636363636, 0.31999999999999995, 0.0, 0.0, 0.0, 1.0, 0.6456512718839392, 1.0, 0.0, 0.0, 0.0, 0.0, 0.0, 0.0, 0.0]",84107,19598,N6,dismiss,-0.3,ts,2918,0
"[0.12918660287081332, -0.12918660287081332, -0.19466831990080596, 0.0, 0.0, 0.0, 0.0, 0.0, 1.0, 0.73334879878766, 1.0, 0.0, 0.0, 0.0, 0.0, 0.0, 0.0, 0.0]",90708,16645,N6,dismiss,-0.3,ts,2485,0
"[0.47058823529411764, -0.47058823529411764, 0.0, 0.14, 0.18000000000000002, 0.0, 0.0, 0.0, 1.0, 0.8200410775686694, 1.0, 0.0, 0.0, 0.0, 0.0, 0.0, 0.0, 0.0]",37982,37953,N6,dismiss,-0.3,ts,2552,1
"[0.8742857142857143, -0.8742857142857143, 0.1455847255369929, -0.025157232704402517, -0.7042253521126761, 0.0, 0.0, 0.0, 1.0, 0.794954738530718, 1.0, 0.0, 0.0, 0.0, 0.0, 0.0, 0.0, 0.0]",57280,59423,N6,accept,0.9119999999999999,ts,445,0
"[0.3939393939393939, -0.3939393939393939, -0.24582967515364354, -0.0948509485094851, -0.75, 0.0, 0.0, 0.0, 1.0, 0.6625097926397022, 1.0, 0.0, 0.0, 0.0, 0.0, 0.0, 0.0, 0.0]",141852,64439,N6,dismiss,-0.3,ts,1128,0
"[0.076923076923077, -0.076923076923077, 0.0, 0.0, 0.0, 0.0, 0.0, 0.0, 1.0, 0.7787188164556538, 1.0, 0.0, 0.0, 0.0, 0.0, 0.0, 0.0, 0.0]",93861,174758,N6,dismiss,-0.3,ts,821,0
"[0.20000000000000007, -0.20000000000000007, -0.2794444444444444, -0.04, 1.0, 0.0, 0.0, 0.0, 1.0, 0.5760362365604412, 1.0, 0.0, 0.0, 0.0, 0.0, 0.0, 0.0, 0.0]",30105,107458,N6,dismiss,-0.3,ts,2850,1
"[0.09999999999999991, -0.09999999999999991, -0.665546218487395, 0.0, 0.0, 0.0, 0.0, 0.0, 1.0, 0.6400589572696636, 1.0, 0.0, 0.0, 0.0, 0.0, 0.0, 0.0, 0.0]",54201,16809,N6,dismiss,-0.3,ts,1422,0
"[0.36571428571428577, -0.36571428571428577, 0.2005012531328321, 0.06333333333333334, 0.2727272727272727, 0.0, 0.0, 0.0, 1.0, 0.7278827034687902, 1.0, 0.0, 0.0, 0.0, 0.0, 0.0, 0.0, 0.0]",174761,63924,N6,accept,0.556,ts,465,1
"[0.4485294117647059, -0.4485294117647059, 0.09333333333333324, -0.0843806104129264, -0.2692307692307692, 0.0, 0.0, 0.0, 1.0, 0.776901172593482, 1.0, 0.0, 0.0, 0.0, 0.0, 0.0, 0.0, 0.0]",29970,155668,N6,dismiss,-0.3,ts,1936,0
"[0.19999999999999987, -0.19999999999999987, 0.2, 0.46, 0.0, 0.0, 0.0, 0.0, 1.0, 0.6666700184827028, 1.0, 0.0, 0.0, 0.0, 0.0, 0.0, 0.0, 0.0]",85440,30711,N6,accept,0.4399999999999999,ts,959,0
"[0.7794117647058824, -0.7794117647058824, -0.2552225249772934, 1.0, 0.35714285714285715, 0.0, 0.0, 0.0, 1.0, 0.6639172009279912, 1.0, 0.0, 0.0, 0.0, 0.0, 0.0, 0.0, 0.0]",156584,155668,N6,accept,0.8455882352941175,ts,1176,0
"[0.217741935483871, -0.217741935483871, -0.3216708318457694, -0.02, 0.04, 0.0, 0.0, 0.0, 1.0, 0.7165610450886484, 1.0, 0.0, 0.0, 0.0, 0.0, 0.0, 0.0, 0.0]",89602,104962,N6,dismiss,-0.3,ts,1932,1
"[0.2432432432432433, -0.2432432432432433, 0.08350730688935282, -0.05956112852664577, -0.21428571428571427, 0.0, 0.0, 0.0, 1.0, 0.737481178090075, 1.0, 0.0, 0.0, 0.0, 0.0, 0.0, 0.0, 0.0]",63924,16734,N6,dismiss,-0.3,ts,1928,1
"[0.20000000000000007, -0.20000000000000007, -0.2794444444444444, -0.042735042735042736, 1.0, 0.0, 0.0, 0.0, 1.0, 0.5754148332000193, 1.0, 0.0, 0.0, 0.0, 0.0, 0.0, 0.0, 0.0]",30103,107458,N6,dismiss,-0.3,ts,2809,1
"[0.5636363636363637, -0.5636363636363637, 0.07142857142857142, -0.022535211267605635, 1.0, 0.0, 0.0, 0.0, 1.0, 0.7592372348838375, 1.0, 0.0, 0.0, 0.0, 0.0, 0.0, 0.0, 0.0]",123005,107659,N6,dismiss,-0.3,ts,1173,1
"[0.16666666666666666, -0.16666666666666666, 0.13306085376930063, -0.06837606837606838, -0.6764705882352942, 0.0, 0.0, 0.0, 1.0, 0.6340986297173276, 1.0, 0.0, 0.0, 0.0, 0.0, 0.0, 0.0, 0.0]",146728,185374,N6,dismiss,-0.3,ts,1435,1
"[0.564516129032258, -0.564516129032258, -0.50017850767583, -0.10285714285714286, -0.44, 0.0, 0.0, 0.0, 1.0, 0.680222025700397, 1.0, 0.0, 0.0, 0.0, 0.0, 0.0, 0.0, 0.0]",89602,145523,N6,dismiss,-0.3,ts,1967,0
"[0.16326530612244894, -0.16326530612244894, 0.0, -0.02601156069364162, -0.4117647058823529, 0.0, 0.0, 0.0, 1.0, 0.7182572044369081, 1.0, 0.0, 0.0, 0.0, 0.0, 0.0, 0.0, 0.0]",63901,63915,N6,dismiss,-0.3,ts,764,0
"[0.20000000000000007, -0.20000000000000007, -0.31471927162367236, -0.005714285714285714, 0.5789473684210527, 0.0, 0.0, 0.0, 1.0, 0.6248238355993578, 1.0, 0.0, 0.0, 0.0, 0.0, 0.0, 0.0, 0.0]",43097,31973,N6,dismiss,-0.3,ts,1501,1
"[0.5588235294117647, -0.5588235294117647, -0.5314285714285715, 0.48255813953488375, -0.2962962962962963, 0.0, 0.0, 0.0, 1.0, 0.6303864118576302, 1.0, 0.0, 0.0, 0.0, 0.0, 0.0, 0.0, 0.0]",104685,155668,N6,dismiss,-0.3,ts,2414,0
"[0.8833333333333333, -0.8833333333333333, 0.0, -0.3118279569892473, -0.13999999999999999, 0.0, 0.0, 0.0, 1.0, 0.860770258917622, 1.0, 0.0, 0.0, 0.0, 0.0, 0.0, 0.0, 0.0]",126323,125786,N6,dismiss,-0.3,ts,1603,1
"[0.2857142857142857, -0.2857142857142857, -0.2700729927007299, 0.0, 0.0, 0.0, 0.0, 0.0, 1.0, 0.7675643221086256, 1.0, 0.0, 0.0, 0.0, 0.0, 0.0, 0.0, 0.0]",141736,115238,N6,dismiss,-0.3,ts,2742,1
"[0.11999999999999993, -0.11999999999999993, -0.3012866333095068, 0.014492753623188406, -0.4642857142857143, 0.0, 0.0, 0.0, 1.0, 0.6089827052698771, 1.0, 0.0, 0.0, 0.0, 0.0, 0.0, 0.0, 0.0]",88672,88363,N6,dismiss,-0.3,ts,1634,1
"[0.25, -0.25, -0.24812030075187969, 0.0581039755351682, 0.32978723404255317, 0.0, 0.0, 0.0, 1.0, 0.6724565857057285, 1.0, 0.0, 0.0, 0.0, 0.0, 0.0, 0.0, 0.0]",82380,117045,N6,accept,0.475,ts,2227,0
"[0.3000000000000001, -0.3000000000000001, -0.528957528957529, 0.0, 0.0, 0.0, 0.0, 0.0, 1.0, 0.7249105321469098, 1.0, 0.0, 0.0, 0.0, 0.0, 0.0, 0.0, 0.0]",85444,85446,N6,dismiss,-0.3,ts,1386,0
"[0.3636363636363637, -0.3636363636363637, 0.1013215859030837, 0.057971014492753624, 0.25, 0.0, 0.0, 0.0, 1.0, 0.7621489741842852, 1.0, 0.0, 0.0, 0.0, 0.0, 0.0, 0.0, 0.0]",123207,123174,N6,accept,0.5545454545454546,ts,519,0
"[0.0555555555555556, -0.0555555555555556, -0.30286857905270187, -0.27848101265822783, -0.13999999999999999, 0.0, 0.0, 0.0, 1.0, 0.5792292623515911, 1.0, 0.0, 0.0, 0.0, 0.0, 0.0, 0.0, 0.0]",155616,18005,N6,dismiss,-0.3,ts,875,1
"[0.2045454545454546, -0.2045454545454546, -0.666110183639399, 0.019553072625698324, 1.0, 0.0, 0.0, 0.0, 1.0, 0.5366655678938613, 1.0, 0.0, 0.0, 0.0, 0.0, 0.0, 0.0, 0.0]",135481,123174,N6,dismiss,-0.3,ts,1957,0
"[0.19999999999999993, -0.19999999999999993, -0.5323529411764706, -0.24, 0.28, 0.0, 0.0, 0.0, 1.0, 0.5702928735060563, 1.0, 0.0, 0.0, 0.0, 0.0, 0.0, 0.0, 0.0]",104417,89446,N6,dismiss,-0.3,ts,2816,1
"[0.41176470588235287, -0.41176470588235287, -0.15164369034994696, 0.12, 0.24, 0.0, 0.0, 0.0, 1.0, 0.7458609741032868, 1.0, 0.0, 0.0, 0.0, 0.0, 0.0, 0.0, 0.0]",56971,58615,N6,dismiss,-0.3,ts,1709,0
"[0.6512820512820513, -0.6512820512820513, -0.34, -0.44, -0.039999999999999994, 0.0, 0.0, 0.0, 1.0, 0.7399409974278731, 1.0, 0.0, 0.0, 0.0, 0.0, 0.0, 0.0, 0.0]",135298,66862,N6,dismiss,-0.3,ts,2864,1
"[0.5714285714285715, -0.5714285714285715, -0.2190923317683881, -0.014492753623188406, 0.0, 0.0, 0.0, 0.0, 1.0, 0.8484515741825384, 1.0, 0.0, 0.0, 0.0, 0.0, 0.0, 0.0, 0.0]",81462,81422,N6,dismiss,-0.3,ts,1615,0
"[0.17647058823529416, -0.17647058823529416, -0.3181818181818182, 0.0, -0.05999999999999996, 0.0, 0.0, 0.0, 1.0, 0.7035536862962877, 1.0, 0.0, 0.0, 0.0, 0.0, 0.0, 0.0, 0.0]",87406,85440,N6,dismiss,-0.3,ts,2540,1
"[0.8214285714285715, -0.8214285714285715, -0.47950310559006215, 0.14285714285714285, 1.0, 0.0, 0.0, 0.0, 1.0, 0.6642878774361393, 1.0, 0.0, 0.0, 0.0, 0.0, 0.0, 0.0, 0.0]",91072,57551,N6,dismiss,-0.3,ts,805,1
"[0.33333333333333337, -0.33333333333333337, -0.5833333333333334, 0.0, 0.0, 0.0, 0.0, 0.0, 1.0, 0.727809934097922, 1.0, 0.0, 0.0, 0.0, 0.0, 0.0, 0.0, 0.0]",112487,38636,N6,dismiss,-0.3,ts,1170,0
"[0.6428571428571429, -0.6428571428571429, -0.5994993742177722, 0.24481327800829875, 0.1, 0.0, 0.0, 0.0, 1.0, 0.71158268971853, 1.0, 0.0, 0.0, 0.0, 0.0, 0.0, 0.0, 0.0]",16682,60783,N6,dismiss,-0.3,ts,2866,0
"[0.8235294117647058, -0.8235294117647058, -0.6716716716716717, 1.0, -0.36666666666666664, 0.0, 0.0, 0.0, 1.0, 0.6040066911086254, 1.0, 0.0, 0.0, 0.0, 0.0, 0.0, 0.0, 0.0]",47181,155668,N6,dismiss,-0.3,ts,2948,0
"[0.6, -0.6, 0.14277777777777778, 0.12790697674418605, 1.0, 0.0, 0.0, 0.0, 1.0, 0.7038070298214638, 1.0, 0.0, 0.0, 0.0, 0.0, 0.0, 0.0, 0.0]",145578,29663,N6,dismiss,-0.3,ts,741,1
"[0.12918660287081332, -0.12918660287081332, -0.19466831990080596, 0.0, 0.0, 0.0, 0.0, 0.0, 1.0, 0.73334879878766, 1.0, 0.0, 0.0, 0.0, 0.0, 0.0, 0.0, 0.0]",90708,16645,N6,dismiss,-0.3,ts,958,0
"[0.39999999999999997, -0.39999999999999997, -0.35933147632311974, -0.3006134969325153, -0.26666666666666666, 0.0, 0.0, 0.0, 1.0, 0.651960824166897, 1.0, 0.0, 0.0, 0.0, 0.0, 0.0, 0.0, 0.0]",155669,178949,N6,dismiss,-0.3,ts,429,1
"[0.25, -0.25, 0.0, 0.0, -0.10714285714285714, 0.0, 0.0, 0.0, 1.0, 0.8106570116385049, 1.0, 0.0, 0.0, 0.0, 0.0, 0.0, 0.0, 0.0]",43098,117045,N6,dismiss,-0.3,ts,2563,0
"[0.28571428571428564, -0.28571428571428564, 0.0, 0.08, -0.059999999999999984, 0.0, 0.0, 0.0, 1.0, 0.8118913187919701, 1.0, 0.0, 0.0, 0.0, 0.0, 0.0, 0.0, 0.0]",111106,110598,N6,dismiss,-0.3,ts,1090,1
"[0.11999999999999993, -0.11999999999999993, -0.5, 0.06552706552706553, 0.5714285714285714, 0.0, 0.0, 0.0, 1.0, 0.5475076325052248, 1.0, 0.0, 0.0, 0.0, 0.0, 0.0, 0.0, 0.0]",151839,89763,N6,accept,0.38399999999999995,ts,946,1
"[0.8765714285714286, -0.8765714285714286, -0.5943166441136671, 0.3394495412844037, -0.375, 0.0, 0.0, 0.0, 1.0, 0.6742335202838177, 1.0, 0.0, 0.0, 0.0, 0.0, 0.0, 0.0, 0.0]",115244,128284,N6,dismiss,-0.3,ts,1952,1
"[0.25, -0.25, -0.09125735394718841, 0.0048543689320388345, 0.0, 0.0, 0.0, 0.0, 1.0, 0.8047745634796265, 1.0, 0.0, 0.0, 0.0, 0.0, 0.0, 0.0, 0.0]",15456,30338,N6,accept,0.475,ts,2821,0
"[0.040000000000000036, -0.040000000000000036, 0.0, 0.0, 0.0, 0.0, 0.0, 0.0, 1.0, 0.7649820258822859, 1.0, 0.0, 0.0, 0.0, 0.0, 0.0, 0.0, 0.0]",141765,141753,N6,dismiss,-0.3,ts,941,0
"[0.7666666666666666, -0.7666666666666666, -0.05447878470403348, -0.6273022751895991, 1.0, 0.0, 0.0, 0.0, 1.0, 0.6771639357041221, 1.0, 0.0, 0.0, 0.0, 0.0, 0.0, 0.0, 0.0]",185512,123439,N6,dismiss,-0.3,ts,998,1
"[0.17857142857142852, -0.17857142857142852, -0.6495619524405507, 0.16109422492401215, -0.24, 0.0, 0.0, 0.0, 1.0, 0.5714633308355492, 1.0, 0.0, 0.0, 0.0, 0.0, 0.0, 0.0, 0.0]",158420,103705,N6,accept,0.42499999999999993,ts,608,1
"[0.4545454545454546, -0.4545454545454546, -0.6264009962640099, -0.025139664804469275, 1.0, 0.0, 0.0, 0.0, 1.0, 0.6003158088348971, 1.0, 0.0, 0.0, 0.0, 0.0, 0.0, 0.0, 0.0]",93935,107563,N6,dismiss,-0.3,ts,2994,1
"[0.25, -0.25, -0.46332737030411447, -0.10824742268041238, 0.19047619047619047, 0.0, 0.0, 0.0, 1.0, 0.6420465769124615, 1.0, 0.0, 0.0, 0.0, 0.0, 0.0, 0.0, 0.0]",16906,117045,N6,dismiss,-0.3,ts,2362,0
"[0.20000000000000007, -0.20000000000000007, -0.23388888888888892, 1.0, 1.0, 0.0, 0.0, 0.0, 1.0, 0.45422491495165007, 1.0, 0.0, 0.0, 0.0, 0.0, 0.0, 0.0, 0.0]",38174,141744,N3,accept,0.44000000000000006,ts,2649,1
"[0.09999999999999996, -0.09999999999999996, 0.0, 0.0, 0.0, 0.0, 0.0, 0.0, 1.0, 0.7872212584058295, 1.0, 0.0, 0.0, 0.0, 0.0, 0.0, 0.0, 0.0]",138519,138518,N6,dismiss,-0.3,ts,2904,1
"[0.16666666666666666, -0.16666666666666666, -0.041858678955453144, -0.4577114427860697, -0.56, 0.0, 0.0, 0.0, 1.0, 0.6041619607326943, 1.0, 0.0, 0.0, 0.0, 0.0, 0.0, 0.0, 0.0]",116359,185374,N6,dismiss,-0.3,ts,442,1
"[0.44, -0.44, -0.36727879799666113, 0.09333333333333334, -0.5545454545454546, 0.0, 0.0, 0.0, 1.0, 0.6644712254801234, 1.0, 0.0, 0.0, 0.0, 0.0, 0.0, 0.0, 0.0]",16729,49086,N6,dismiss,-0.3,ts,1545,0
"[0.25, -0.25, 0.15830115830115837, 0.02976190476190476, 0.13636363636363635, 0.0, 0.0, 0.0, 1.0, 0.7408404640993043, 1.0, 0.0, 0.0, 0.0, 0.0, 0.0, 0.0, 0.0]",106979,117045,N6,dismiss,-0.3,ts,2789,0
"[0.25000000000000006, -0.25000000000000006, 0.17647058823529413, -0.1, 0.019999999999999973, 0.0, 0.0, 0.0, 1.0, 0.7470410829548414, 1.0, 0.0, 0.0, 0.0, 0.0, 0.0, 0.0, 0.0]",18279,37985,N6,dismiss,-0.3,ts,2998,0
"[0.09090909090909087, -0.09090909090909087, -0.13017127799736508, 0.82, 0.045454545454545456, 0.0, 0.0, 0.0, 1.0, 0.6041007760941072, 1.0, 0.0, 0.0, 0.0, 0.0, 0.0, 0.0, 0.0]",85794,120787,N6,accept,0.3636363636363636,ts,1688,1
"[0.20000000000000007, -0.20000000000000007, -0.0719734660033167, -0.016713091922005572, 0.2, 0.0, 0.0, 0.0, 1.0, 0.7416318447803406, 1.0, 0.0, 0.0, 0.0, 0.0, 0.0, 0.0, 0.0]",30201,88669,N6,accept,0.44000000000000006,ts,1860,1
"[0.24324324324324328, -0.24324324324324328, -0.6781002638522428, -0.2677165354330709, -0.1578947368421053, 0.0, 0.0, 0.0, 1.0, 0.5860948410844389, 1.0, 0.0, 0.0, 0.0, 0.0, 0.0, 0.0, 0.0]",31679,85446,N6,dismiss,-0.3,ts,1857,1
"[0.61, -0.61, -0.2748368382886149, 0.0, 0.0, 0.0, 0.0, 0.0, 1.0, 0.8463084860816608, 1.0, 0.0, 0.0, 0.0, 0.0, 0.0, 0.0, 0.0]",141772,93850,N6,accept,0.727,ts,1965,1
"[0.14285714285714285, -0.14285714285714285, -0.13156752062527144, -0.05190311418685121, 0.36363636363636365, 0.0, 0.0, 0.0, 1.0, 0.6641876162143715, 1.0, 0.0, 0.0, 0.0, 0.0, 0.0, 0.0, 0.0]",110153,115289,N6,dismiss,-0.3,ts,1020,0
"[0.3636363636363637, -0.3636363636363637, 0.0, 0.0, 0.0, 0.0, 0.0, 0.0, 1.0, 0.8742764353476687, 1.0, 0.0, 0.0, 0.0, 0.0, 0.0, 0.0, 0.0]",123548,123174,N6,dismiss,-0.3,ts,1348,0
"[0.20000000000000007, -0.20000000000000007, 0.14408602150537647, 0.3053435114503817, 0.26436781609195414, 0.0, 0.0, 0.0, 1.0, 0.6426037789797808, 1.0, 0.0, 0.0, 0.0, 0.0, 0.0, 0.0, 0.0]",185575,107170,N6,accept,0.44000000000000006,ts,988,1
"[0.09999999999999996, -0.09999999999999996, 0.0, -0.1005586592178771, 0.0, 0.0, 0.0, 0.0, 1.0, 0.7598937305521247, 1.0, 0.0, 0.0, 0.0, 0.0, 0.0, 0.0, 0.0]",127521,108202,N6,accept,0.36999999999999994,ts,2840,0
"[0.5, -0.5, -0.4172461752433937, 0.0, 0.0, 0.0, 0.0, 0.0, 1.0, 0.795606196800465, 1.0, 0.0, 0.0, 0.0, 0.0, 0.0, 0.0, 0.0]",87863,57279,N6,dismiss,-0.3,ts,1251,1
"[0.17647058823529416, -0.17647058823529416, -0.3181818181818182, -0.2807017543859649, -0.05999999999999996, 0.0, 0.0, 0.0, 1.0, 0.6391148756835365, 1.0, 0.0, 0.0, 0.0, 0.0, 0.0, 0.0, 0.0]",87407,85440,N6,dismiss,-0.3,ts,2094,1
"[0.02500000000000002, -0.02500000000000002, -0.5444191343963554, -0.06, -0.039999999999999994, 0.0, 0.0, 0.0, 1.0, 0.5981975881788192, 1.0, 0.0, 0.0, 0.0, 0.0, 0.0, 0.0, 0.0]",30785,62540,N6,dismiss,-0.3,ts,2246,1
"[0.9357142857142856, -0.9357142857142856, 0.0, -0.42857142857142855, -0.8, 0.0, 0.0, 0.0, 1.0, 0.7654707007374344, 1.0, 0.0, 0.0, 0.0, 0.0, 0.0, 0.0, 0.0]",153856,70105,N6,dismiss,-0.3,ts,1131,1
"[0.41176470588235287, -0.41176470588235287, -0.4265232974910394, 0.08, 0.12000000000000002, 0.0, 0.0, 0.0, 1.0, 0.7184106107941747, 1.0, 0.0, 0.0, 0.0, 0.0, 0.0, 0.0, 0.0]",88339,58615,N6,dismiss,-0.3,ts,2038,0
"[0.7058823529411765, -0.7058823529411765, 0.10753880266075391, 0.7647058823529411, 0.46153846153846156, 0.0, 0.0, 0.0, 1.0, 0.6996927312662532, 1.0, 0.0, 0.0, 0.0, 0.0, 0.0, 0.0, 0.0]",179676,115396,N6,accept,0.7941176470588236,ts,1551,1
"[0.3888888888888889, -0.3888888888888889, -0.46507483962936563, 0.20416666666666666, 0.0235294117647058, 0.0, 0.0, 0.0, 1.0, 0.7029881973731301, 1.0, 0.0, 0.0, 0.0, 0.0, 0.0, 0.0, 0.0]",127487,114138,N6,dismiss,-0.3,ts,2806,0
"[0.09090909090909098, -0.09090909090909098, -0.19, 0.03125, 0.7391304347826086, 0.0, 0.0, 0.0, 1.0, 0.5957704917040192, 1.0, 0.0, 0.0, 0.0, 0.0, 0.0, 0.0, 0.0]",162892,142494,N6,dismiss,-0.3,ts,2398,1
"[0.19999999999999993, -0.19999999999999993, 0.125, 0.0, 0.0, 0.0, 0.0, 0.0, 1.0, 0.7785883097271787, 1.0, 0.0, 0.0, 0.0, 0.0, 0.0, 0.0, 0.0]",75387,18219,N6,dismiss,-0.3,ts,1512,0
"[0.625, -0.625, 0.066711140760507, -0.08904109589041095, -0.13333333333333333, 0.0, 0.0, 0.0, 1.0, 0.8489572716197578, 1.0, 0.0, 0.0, 0.0, 0.0, 0.0, 0.0, 0.0]",128284,128247,N6,dismiss,-0.3,ts,2158,0
"[0.25, -0.25, -0.27321341759844436, -0.06529209621993128, -0.9791666666666666, 0.0, 0.0, 0.0, 1.0, 0.6081937542219744, 1.0, 0.0, 0.0, 0.0, 0.0, 0.0, 0.0, 0.0]",29663,134921,N6,accept,0.475,ts,2721,1
"[0.20000000000000004, -0.20000000000000004, 0.027667984189723244, 0.08383233532934131, -0.1, 0.0, 0.0, 0.0, 1.0, 0.7617168116556725, 1.0, 0.0, 0.0, 0.0, 0.0, 0.0, 0.0, 0.0]",81498,146678,N6,dismiss,-0.3,ts,1939,1
"[0.19999999999999993, -0.19999999999999993, 0.06666666666666667, 0.02, -0.16, 0.0, 0.0, 0.0, 1.0, 0.7509035883553894, 1.0, 0.0, 0.0, 0.0, 0.0, 0.0, 0.0, 0.0]",71728,40998,N6,accept,0.43999999999999995,ts,2556,0
"[0.1250000000000001, -0.1250000000000001, 0.2222222222222222, 0.0, -0.06000000000000001, 0.0, 0.0, 0.0, 1.0, 0.7076074431705994, 1.0, 0.0, 0.0, 0.0, 0.0, 0.0, 0.0, 0.0]",30711,125786,N6,dismiss,-0.3,ts,1864,0
"[0.6123076923076923, -0.6123076923076923, -0.09693053311793215, -0.08256880733944955, -0.08333333333333333, 0.0, 0.0, 0.0, 1.0, 0.8501854816806014, 1.0, 0.0, 0.0, 0.0, 0.0, 0.0, 0.0, 0.0]",63891,16731,N6,dismiss,-0.3,ts,2689,0
"[0.25000000000000006, -0.25000000000000006, -0.11641443538998836, 0.09281437125748503, 1.0, 0.0, 0.0, 0.0, 1.0, 0.6227095310764252, 1.0, 0.0, 0.0, 0.0, 0.0, 0.0, 0.0, 0.0]",64439,141844,N6,accept,0.475,ts,975,0
"[0.8571428571428572, -0.8571428571428572, 0.0, 0.059748427672955975, -0.33802816901408445, 0.0, 0.0, 0.0, 1.0, 0.8738978396594365, 1.0, 0.0, 0.0, 0.0, 0.0, 0.0, 0.0, 0.0]",57280,57278,N6,accept,0.8999999999999999,ts,898,1
"[0.5, -0.5, -0.47299077733860345, 1.0, -0.45454545454545453, 0.0, 0.0, 0.0, 1.0, 0.5471433227927082, 1.0, 0.0, 0.0, 0.0, 0.0, 0.0, 0.0, 0.0]",85794,169349,N6,dismiss,-0.3,ts,1362,1
"[0.14, -0.14, 0.16819827346143154, 0.0, 0.0, 0.0, 0.0, 0.0, 1.0, 0.7446095810127756, 1.0, 0.0, 0.0, 0.0, 0.0, 0.0, 0.0, 0.0]",72623,79362,N6,dismiss,-0.3,ts,2927,0
"[0.6000000000000001, -0.6000000000000001, 0.23277737490935468, 0.0, 0.0, 0.0, 0.0, 0.0, 1.0, 0.8546318163476566, 1.0, 0.0, 0.0, 0.0, 0.0, 0.0, 0.0, 0.0]",141750,115238,N6,dismiss,-0.3,ts,1156,0
"[0.25, -0.25, -0.24812030075187969, 0.005813953488372093, 0.041666666666666664, 0.0, 0.0, 0.0, 1.0, 0.7476249554836153, 1.0, 0.0, 0.0, 0.0, 0.0, 0.0, 0.0, 0.0]",174772,117045,N6,accept,0.475,ts,2639,0
"[0.6375, -0.6375, 0.0, -0.02158273381294964, 0.0, 0.0, 0.0, 0.0, 1.0, 0.9293128096864788, 1.0, 0.0, 0.0, 0.0, 0.0, 0.0, 0.0, 0.0]",85325,40258,N6,dismiss,-0.3,ts,809,0
"[0.75, -0.75, -0.7122222222222222, -0.1457286432160804, -0.7545454545454545, 0.0, 0.0, 0.0, 1.0, 0.6456964143657395, 1.0, 0.0, 0.0, 0.0, 0.0, 0.0, 0.0, 0.0]",69112,145532,N6,dismiss,-0.3,ts,873,0
"[0.4509803921568627, -0.4509803921568627, 0.0, 1.0, 1.0, 0.0, 0.0, 0.0, 1.0, 0.6002828069856174, 1.0, 0.0, 0.0, 0.0, 0.0, 0.0, 0.0, 0.0]",50997,41373,N6,dismiss,-0.3,ts,1805,0
"[0.75, -0.75, -0.4097538742023702, 0.12956810631229235, -0.6625, 0.0, 0.0, 0.0, 1.0, 0.6960830983503912, 1.0, 0.0, 0.0, 0.0, 0.0, 0.0, 0.0, 0.0]",116369,145532,N6,dismiss,-0.3,ts,776,0
"[0.4444444444444445, -0.4444444444444445, 0.18241042345276867, -0.34, -0.6, 0.0, 0.0, 0.0, 1.0, 0.6557316228780911, 1.0, 0.0, 0.0, 0.0, 0.0, 0.0, 0.0, 0.0]",169354,132873,N6,dismiss,-0.3,ts,2596,0
"[0.14, -0.14, -0.31562500000000004, 0.030303030303030304, 0.0, 0.0, 0.0, 0.0, 1.0, 0.6993060113850216, 1.0, 0.0, 0.0, 0.0, 0.0, 0.0, 0.0, 0.0]",106755,69993,N6,dismiss,-0.3,ts,1423,0
"[0.14, -0.14, -0.44627054361567636, 0.0, 0.0, 0.0, 0.0, 0.0, 1.0, 0.6836643380059366, 1.0, 0.0, 0.0, 0.0, 0.0, 0.0, 0.0, 0.0]",72622,69993,N6,accept,0.398,ts,579,1
"[0.5833333333333334, -0.5833333333333334, 0.07707129094412332, 0.0, 0.0, 0.0, 0.0, 0.0, 1.0, 0.897406360636464, 1.0, 0.0, 0.0, 0.0, 0.0, 0.0, 0.0, 0.0]",16722,16728,N6,dismiss,-0.3,ts,2773,1
"[0.9099999999999999, -0.9099999999999999, 0.21157969978556104, 0.36200716845878134, 1.0, 0.0, 0.0, 0.0, 1.0, 0.6827657004934354, 1.0, 0.0, 0.0, 0.0, 0.0, 0.0, 0.0, 0.0]",185581,89765,N6,dismiss,-0.3,ts,2658,1
"[0.2, -0.2, 0.21706864564007414, 0.6601941747572816, 0.5490196078431374, 0.0, 0.0, 0.0, 1.0, 0.5424762137879036, 1.0, 0.0, 0.0, 0.0, 0.0, 0.0, 0.0, 0.0]",117087,15178,N6,dismiss,-0.3,ts,1456,0
"[0.648, -0.648, 0.12880765883376852, 0.20863309352517986, 1.0, 0.0, 0.0, 0.0, 1.0, 0.693548136379965, 1.0, 0.0, 0.0, 0.0, 0.0, 0.0, 0.0, 0.0]",185577,107554,N6,dismiss,-0.3,ts,2427,1
"[0.20000000000000007, -0.20000000000000007, -0.2745454545454545, -0.02564102564102564, -0.21428571428571427, 0.0, 0.0, 0.0, 1.0, 0.6785405236319723, 1.0, 0.0, 0.0, 0.0, 0.0, 0.0, 0.0, 0.0]",151838,107170,N6,accept,0.44000000000000006,ts,2931,1
"[0.56, -0.56, -0.0009990009990009777, 0.5495049504950495, -0.4, 0.0, 0.0, 0.0, 1.0, 0.7384325320464852, 1.0, 0.0, 0.0, 0.0, 0.0, 0.0, 0.0, 0.0]",170191,169349,N6,accept,0.692,ts,557,0
"[0.7929411764705883, -0.7929411764705883, -0.20273348519362183, 0.003745318352059925, -0.2, 0.0, 0.0, 0.0, 1.0, 0.8403607803715386, 1.0, 0.0, 0.0, 0.0, 0.0, 0.0, 0.0, 0.0]",39429,92135,N6,accept,0.8550588235294116,ts,2610,1
"[0.11458333333333333, -0.11458333333333333, 0.0, -0.5561959654178674, -0.7909090909090909, 0.0, 0.0, 0.0, 1.0, 0.5727064609689967, 1.0, 0.0, 0.0, 0.0, 0.0, 0.0, 0.0, 0.0]",107659,142262,N6,dismiss,-0.3,ts,769,0
"[0.25, -0.25, 0.0, 0.0, 0.0, 0.0, 0.0, 0.0, 1.0, 0.8395893495876965, 1.0, 0.0, 0.0, 0.0, 0.0, 0.0, 0.0, 0.0]",117053,117045,N6,dismiss,-0.3,ts,2524,0
"[0.5833333333333334, -0.5833333333333334, -0.10370370370370366, -0.1894150417827298, 1.0, 0.0, 0.0, 0.0, 1.0, 0.6914955644422529, 1.0, 0.0, 0.0, 0.0, 0.0, 0.0, 0.0, 0.0]",158412,29663,N6,dismiss,-0.3,ts,2594,1
"[0.19999999999999996, -0.19999999999999996, -0.56752655538695, -0.0221606648199446, -0.20289855072463772, 0.0, 0.0, 0.0, 1.0, 0.6305729458313653, 1.0, 0.0, 0.0, 0.0, 0.0, 0.0, 0.0, 0.0]",16971,79771,N6,dismiss,-0.3,ts,1061,1
"[0.3500000000000001, -0.3500000000000001, 0.0, -0.3611111111111111, 0.043478260869565216, 0.0, 0.0, 0.0, 1.0, 0.7807457601820568, 1.0, 0.0, 0.0, 0.0, 0.0, 0.0, 0.0, 0.0]",110120,48548,N6,dismiss,-0.3,ts,2556,1
"[0.2941176470588236, -0.2941176470588236, 0.0, 1.0, 0.22000000000000003, 0.0, 0.0, 0.0, 1.0, 0.6533578724024277, 1.0, 0.0, 0.0, 0.0, 0.0, 0.0, 0.0, 0.0]",51572,50956,N6,dismiss,-0.3,ts,1429,0
"[0.28571428571428575, -0.28571428571428575, 0.23592419664927214, 0.4583333333333333, -0.1, 0.0, 0.0, 0.0, 1.0, 0.658588363112707, 1.0, 0.0, 0.0, 0.0, 0.0, 0.0, 0.0, 0.0]",139086,127333,N6,accept,0.5,ts,2340,0
"[0.5, -0.5, -0.4586, -0.05956112852664577, -0.21428571428571427, 0.0, 0.0, 0.0, 1.0, 0.7195852783317834, 1.0, 0.0, 0.0, 0.0, 0.0, 0.0, 0.0, 0.0]",63925,82038,N6,accept,0.6499999999999999,ts,2327,0
"[0.5798319327731092, -0.5798319327731092, -0.45428571428571424, 0.7557251908396947, -0.2, 0.0, 0.0, 0.0, 1.0, 0.6395679173636029, 1.0, 0.0, 0.0, 0.0, 0.0, 0.0, 0.0, 0.0]",104682,146668,N6,dismiss,-0.3,ts,1168,1
"[0.3636363636363637, -0.3636363636363637, 0.0, 0.016713091922005572, 0.15384615384615385, 0.0, 0.0, 0.0, 1.0, 0.8296166021577667, 1.0, 0.0, 0.0, 0.0, 0.0, 0.0, 0.0, 0.0]",123551,123174,N6,dismiss,-0.3,ts,1755,0
"[0.16666666666666663, -0.16666666666666663, 0.11098779134295228, -0.11282051282051282, -0.020000000000000018, 0.0, 0.0, 0.0, 1.0, 0.7352357426409654, 1.0, 0.0, 0.0, 0.0, 0.0, 0.0, 0.0, 0.0]",83435,87100,N6,dismiss,-0.3,ts,673,0
"[0.4285714285714286, -0.4285714285714286, -0.7124087591240876, 0.08695652173913043, 0.1, 0.0, 0.0, 0.0, 1.0, 0.6886860317209834, 1.0, 0.0, 0.0, 0.0, 0.0, 0.0, 0.0, 0.0]",16680,141753,N6,dismiss,-0.3,ts,2995,1
"[0.5555555555555556, -0.5555555555555556, -0.40790038643194504, 0.0, 0.0, 0.0, 0.0, 0.0, 1.0, 0.809022450695549, 1.0, 0.0, 0.0, 0.0, 0.0, 0.0, 0.0, 0.0]",141734,141753,N6,dismiss,-0.3,ts,2695,1
"[0.25, -0.25, -0.045979564637938695, -0.02768166089965398, 0.07692307692307693, 0.0, 0.0, 0.0, 1.0, 0.7925496229619686, 1.0, 0.0, 0.0, 0.0, 0.0, 0.0, 0.0, 0.0]",179677,21089,N6,dismiss,-0.3,ts,2685,0
"[0.4, -0.4, -0.18209408194233698, 0.0, 0.0, 0.0, 0.0, 0.0, 1.0, 0.8232144824729183, 1.0, 0.0, 0.0, 0.0, 0.0, 0.0, 0.0, 0.0]",49870,147380,N6,dismiss,-0.3,ts,1817,1
"[0.6071428571428571, -0.6071428571428571, 0.1066332916145181, 0.0, 0.0, 0.0, 0.0, 0.0, 1.0, 0.8919568730108844, 1.0, 0.0, 0.0, 0.0, 0.0, 0.0, 0.0, 0.0]",16679,94196,N6,dismiss,-0.3,ts,1182,0
"[0.1250000000000001, -0.1250000000000001, 0.16218749999999993, 0.0, 0.0, 0.0, 0.0, 0.0, 1.0, 0.7409291148542603, 1.0, 0.0, 0.0, 0.0, 0.0, 0.0, 0.0, 0.0]",152421,55412,N6,dismiss,-0.3,ts,443,1
"[0.6875, -0.6875, -0.4357298474945534, -0.052924791086350974, 0.396551724137931, 0.0, 0.0, 0.0, 1.0, 0.7300701540116802, 1.0, 0.0, 0.0, 0.0, 0.0, 0.0, 0.0, 0.0]",158412,145532,N6,dismiss,-0.3,ts,2076,0
"[0.5599999999999999, -0.5599999999999999, 0.0013342228152101116, 0.014035087719298246, 0.03571428571428559, 0.0, 0.0, 0.0, 1.0, 0.9064267245263649, 1.0, 0.0, 0.0, 0.0, 0.0, 0.0, 0.0, 0.0]",104485,114138,N6,dismiss,-0.3,ts,2696,0
"[0.3382352941176471, -0.3382352941176471, 0.058823529411764705, 0.0, 0.0, 0.0, 0.0, 0.0, 1.0, 0.8447719968414727, 1.0, 0.0, 0.0, 0.0, 0.0, 0.0, 0.0, 0.0]",41870,68609,N6,dismiss,-0.3,ts,752,1
"[0.3636363636363637, -0.3636363636363637, 0.020408163265306048, 0.0110803324099723, 0.07142857142857142, 0.0, 0.0, 0.0, 1.0, 0.8430216704000497, 1.0, 0.0, 0.0, 0.0, 0.0, 0.0, 0.0, 0.0]",123215,123174,N6,accept,0.5545454545454546,ts,753,0
"[0.11458333333333333, -0.11458333333333333, 0.0, -0.6041131105398457, -0.8083333333333332, 0.0, 0.0, 0.0, 1.0, 0.5671434991422036, 1.0, 0.0, 0.0, 0.0, 0.0, 0.0, 0.0, 0.0]",107588,142262,N6,dismiss,-0.3,ts,442,0
"[0.2, -0.2, -0.1010222489476849, -0.30522088353413657, 0.1111111111111111, 0.0, 0.0, 0.0, 1.0, 0.6878171106346154, 1.0, 0.0, 0.0, 0.0, 0.0, 0.0, 0.0, 0.0]",52481,158410,N6,dismiss,-0.3,ts,1410,1
"[0.1666666666666667, -0.1666666666666667, -0.1111111111111111, 1.0, 0.44000000000000006, 0.0, 0.0, 0.0, 1.0, 0.53769314130362, 1.0, 0.0, 0.0, 0.0, 0.0, 0.0, 0.0, 0.0]",81128,18616,N6,dismiss,-0.3,ts,2181,0
"[0.12499999999999988, -0.12499999999999988, -0.5701990317374933, 0.01904761904761905, -0.13043478260869565, 0.0, 0.0, 0.0, 1.0, 0.6202220461384375, 1.0, 0.0, 0.0, 0.0, 0.0, 0.0, 0.0, 0.0]",84737,78135,N6,dismiss,-0.3,ts,1434,1
"[0.47058823529411764, -0.47058823529411764, -0.4, -0.9, -0.8363636363636363, 0.0, 0.0, 0.0, 1.0, 0.5448428480973911, 1.0, 0.0, 0.0, 0.0, 0.0, 0.0, 0.0, 0.0]",41388,70937,N6,dismiss,-0.3,ts,2043,1
"[0.16666666666666666, -0.16666666666666666, 0.1429282868525897, -0.30793650793650795, -0.3076923076923077, 0.0, 0.0, 0.0, 1.0, 0.623594056950384, 1.0, 0.0, 0.0, 0.0, 0.0, 0.0, 0.0, 0.0]",170958,164354,N6,dismiss,-0.3,ts,2476,1
"[0.3, -0.3, 0.0, 0.0, 0.0, 0.0, 0.0, 0.0, 1.0, 0.8554747513125021, 1.0, 0.0, 0.0, 0.0, 0.0, 0.0, 0.0, 0.0]",68609,50807,N6,dismiss,-0.3,ts,2765,1
"[0.2142857142857143, -0.2142857142857143, 0.0, -0.09363295880149813, 0.5492957746478874, 0.0, 0.0, 0.0, 1.0, 0.7020840351677758, 1.0, 0.0, 0.0, 0.0, 0.0, 0.0, 0.0, 0.0]",147103,138639,N6,dismiss,-0.3,ts,2844,1
"[0.19709090909090918, -0.19709090909090918, 0.0, 0.0, 0.0, 0.0, 0.0, 0.0, 1.0, 0.8218285575581613, 1.0, 0.0, 0.0, 0.0, 0.0, 0.0, 0.0, 0.0]",152267,63876,N6,dismiss,-0.3,ts,1911,0
"[0.7058823529411764, -0.7058823529411764, 0.09698996655518391, 1.0, 0.11764705882352941, 0.0, 0.0, 0.0, 1.0, 0.730823395382631, 1.0, 0.0, 0.0, 0.0, 0.0, 0.0, 0.0, 0.0]",89664,155668,N6,dismiss,-0.3,ts,2900,0
"[0.062499999999999965, -0.062499999999999965, 0.0, 0.07339449541284404, -0.038461538461538464, 0.0, 0.0, 0.0, 1.0, 0.7417846617265634, 1.0, 0.0, 0.0, 0.0, 0.0, 0.0, 0.0, 0.0]",169893,183357,N6,accept,0.34374999999999994,ts,1169,0
"[0.10119047619047615, -0.10119047619047615, -0.6251673360107095, 0.38961038961038963, -0.1111111111111111, 0.0, 0.0, 0.0, 1.0, 0.533864573103318, 1.0, 0.0, 0.0, 0.0, 0.0, 0.0, 0.0, 0.0]",20077,103704,N6,dismiss,-0.3,ts,1790,1
"[0.9357142857142856, -0.9357142857142856, 0.0, -0.42857142857142855, -0.8, 0.0, 0.0, 0.0, 1.0, 0.7654707007374344, 1.0, 0.0, 0.0, 0.0, 0.0, 0.0, 0.0, 0.0]",153856,70105,N6,dismiss,-0.3,ts,1567,1
"[0.02857142857142844, -0.02857142857142844, -0.47200000000000003, -0.48, -0.12000000000000002, 0.0, 0.0, 0.0, 1.0, 0.5139495317950591, 1.0, 0.0, 0.0, 0.0, 0.0, 0.0, 0.0, 0.0]",85440,66862,N6,accept,0.3199999999999999,ts,2127,1
"[0.30000000000000004, -0.30000000000000004, -0.2663949610967024, 0.04198473282442748, 0.0, 0.0, 0.0, 0.0, 1.0, 0.7607866701733167, 1.0, 0.0, 0.0, 0.0, 0.0, 0.0, 0.0, 0.0]",107855,133081,N6,dismiss,-0.3,ts,1423,0
"[0.24999999999999997, -0.24999999999999997, 0.1, 0.0, 0.0, 0.0, 0.0, 0.0, 1.0, 0.8033355002032929, 1.0, 0.0, 0.0, 0.0, 0.0, 0.0, 0.0, 0.0]",51138,18239,N6,accept,0.475,ts,2863,0
"[0.25, -0.25, 0.0, -0.008595988538681949, 0.08695652173913043, 0.0, 0.0, 0.0, 1.0, 0.8130880893622596, 1.0, 0.0, 0.0, 0.0, 0.0, 0.0, 0.0, 0.0]",57106,117045,N6,dismiss,-0.3,ts,1190,0
"[0.625, -0.625, -0.2317548746518106, 0.016722408026755852, -0.07692307692307693, 0.0, 0.0, 0.0, 1.0, 0.8330090859287487, 1.0, 0.0, 0.0, 0.0, 0.0, 0.0, 0.0, 0.0]",174765,141757,N6,accept,0.7375,ts,1218,0
"[0.5, -0.5, 0.18279569892473124, 0.7247706422018348, -0.31999999999999995, 0.0, 0.0, 0.0, 1.0, 0.6618400339463731, 1.0, 0.0, 0.0, 0.0, 0.0, 0.0, 0.0, 0.0]",19612,19599,N6,accept,0.6499999999999999,ts,526,0
"[0.29999999999999993, -0.29999999999999993, 0.24505928853754932, 0.1377245508982036, -0.05, 0.0, 0.0, 0.0, 1.0, 0.7275957762182046, 1.0, 0.0, 0.0, 0.0, 0.0, 0.0, 0.0, 0.0]",81498,180524,N6,dismiss,-0.3,ts,2870,0
"[0.5, -0.5, -0.3941229930324144, 1.0, -0.4782608695652174, 0.0, 0.0, 0.0, 1.0, 0.5686467955570524, 1.0, 0.0, 0.0, 0.0, 0.0, 0.0, 0.0, 0.0]",86743,169349,N6,dismiss,-0.3,ts,2551,0
"[0.5, -0.5, -0.12990777338603424, 1.0, 0.2727272727272727, 0.0, 0.0, 0.0, 1.0, 0.6540070179142446, 1.0, 0.0, 0.0, 0.0, 0.0, 0.0, 0.0, 0.0]",85795,61314,N6,dismiss,-0.3,ts,458,1
"[0.25, -0.25, 0.0, -0.005747126436781609, -0.16666666666666666, 0.0, 0.0, 0.0, 1.0, 0.7953547792253595, 1.0, 0.0, 0.0, 0.0, 0.0, 0.0, 0.0, 0.0]",117105,117045,N6,dismiss,-0.3,ts,1666,0
"[0.64, -0.64, -0.06526468455402455, 0.0, 0.0, 0.0, 0.0, 0.0, 1.0, 0.9115953603082338, 1.0, 0.0, 0.0, 0.0, 0.0, 0.0, 0.0, 0.0]",141772,90178,N6,dismiss,-0.3,ts,889,1
"[0.03846153846153849, -0.03846153846153849, 0.1188612099644128, -0.18803418803418803, -0.10169491525423738, 0.0, 0.0, 0.0, 1.0, 0.6474687205424319, 1.0, 0.0, 0.0, 0.0, 0.0, 0.0, 0.0, 0.0]",43763,59416,N6,dismiss,-0.3,ts,2732,1
"[0.14, -0.14, -0.16016016016016016, 0.0, 0.0, 0.0, 0.0, 0.0, 1.0, 0.7469249197385348, 1.0, 0.0, 0.0, 0.0, 0.0, 0.0, 0.0, 0.0]",93922,79362,N6,dismiss,-0.3,ts,1229,0
"[0.5166666666666667, -0.5166666666666667, -0.332220367278798, -0.02158273381294964, 0.02500000000000006, 0.0, 0.0, 0.0, 1.0, 0.8017164592835999, 1.0, 0.0, 0.0, 0.0, 0.0, 0.0, 0.0, 0.0]",53365,40258,N6,accept,0.6616666666666666,ts,629,0
"[0.648, -0.648, 0.12880765883376852, 0.20863309352517986, 1.0, 0.0, 0.0, 0.0, 1.0, 0.693548136379965, 1.0, 0.0, 0.0, 0.0, 0.0, 0.0, 0.0, 0.0]",185577,107554,N6,dismiss,-0.3,ts,2194,1
"[0.14, -0.14, -0.31562500000000004, 0.030303030303030304, 0.0, 0.0, 0.0, 0.0, 1.0, 0.6993060113850216, 1.0, 0.0, 0.0, 0.0, 0.0, 0.0, 0.0, 0.0]",130086,69993,N6,dismiss,-0.3,ts,703,0
"[0.4444444444444444, -0.27999999999999997, -0.17076923076923078, 0.0, 0.0, 0.0, 0.0, 0.0, 1.0, 0.7913678346806224, 1.0, 0.0, 0.0, 0.0, 0.0, 0.0, 0.0, 0.0]",63920,63919,N6,dismiss,-0.3,ts,1016,0
"[0.375, -0.375, -0.4255319148936171, 0.23163841807909605, 0.9148936170212765, 0.0, 0.0, 0.0, 1.0, 0.5812995068218826, 1.0, 0.0, 0.0, 0.0, 0.0, 0.0, 0.0, 0.0]",158428,164355,N6,dismiss,-0.3,ts,2195,1
"[0.1666666666666667, -0.1666666666666667, 0.07142857142857142, -0.5081967213114754, 0.06000000000000001, 0.0, 0.0, 0.0, 1.0, 0.6719279802353277, 1.0, 0.0, 0.0, 0.0, 0.0, 0.0, 0.0, 0.0]",118798,71728,N6,dismiss,-0.3,ts,1685,1
"[0.5798319327731092, -0.5798319327731092, 0.20898100172711576, -0.3015267175572519, 0.28, 0.0, 0.0, 0.0, 1.0, 0.7247410787141373, 1.0, 0.0, 0.0, 0.0, 0.0, 0.0, 0.0, 0.0]",61358,104681,N6,dismiss,-0.3,ts,426,1
"[0.1200000000000001, -0.1200000000000001, 0.1455847255369929, -0.08011869436201781, -0.52, 0.0, 0.0, 0.0, 1.0, 0.6248074521533694, 1.0, 0.0, 0.0, 0.0, 0.0, 0.0, 0.0, 0.0]",57278,59423,N6,accept,0.38400000000000006,ts,1322,0
"[0.07142857142857138, -0.07142857142857138, -0.2748368382886149, 0.0, 0.0, 0.0, 0.0, 0.0, 1.0, 0.6921113090677342, 1.0, 0.0, 0.0, 0.0, 0.0, 0.0, 0.0, 0.0]",141774,93856,N6,dismiss,-0.3,ts,1312,1
"[0.12499999999999988, -0.12499999999999988, 0.18272841051314134, 0.0, 0.0, 0.0, 0.0, 0.0, 1.0, 0.7351092199119997, 1.0, 0.0, 0.0, 0.0, 0.0, 0.0, 0.0, 0.0]",158639,180524,N6,dismiss,-0.3,ts,2752,0
"[0.415625, -0.415625, 0.056934306569343146, 0.0625, -0.1, 0.0, 0.0, 0.0, 1.0, 0.8220384072510981, 1.0, 0.0, 0.0, 0.0, 0.0, 0.0, 0.0, 0.0]",141833,15139,N6,accept,0.5909375,ts,1007,1
"[0.25, -0.25, -0.09125735394718841, 0.0048543689320388345, 0.0, 0.0, 0.0, 0.0, 1.0, 0.8047745634796265, 1.0, 0.0, 0.0, 0.0, 0.0, 0.0, 0.0, 0.0]",15456,30338,N6,accept,0.475,ts,2584,0
"[0.375, -0.375, -0.19485714285714287, -0.7743732590529248, 0.5399999999999999, 0.0, 0.0, 0.0, 1.0, 0.5957240201168404, 1.0, 0.0, 0.0, 0.0, 0.0, 0.0, 0.0, 0.0]",85164,154734,N6,dismiss,-0.3,ts,957,1
"[0.41666666666666663, -0.41666666666666663, 0.0333889816360601, -0.02857142857142857, -0.015999999999999945, 0.0, 0.0, 0.0, 1.0, 0.8626753628631801, 1.0, 0.0, 0.0, 0.0, 0.0, 0.0, 0.0, 0.0]",19869,39280,N6,accept,0.5916666666666666,ts,1429,0
"[0.3571428571428571, -0.3571428571428571, -0.49471210340775557, 0.017341040462427744, -0.012658227848101333, 0.0, 0.0, 0.0, 1.0, 0.7379294538140533, 1.0, 0.0, 0.0, 0.0, 0.0, 0.0, 0.0, 0.0]",117162,105899,N6,accept,0.5499999999999999,ts,2080,0
"[0.3, -0.3, 0.15, 0.44, 0.07999999999999999, 0.0, 0.0, 0.0, 1.0, 0.6936774005460145, 1.0, 0.0, 0.0, 0.0, 0.0, 0.0, 0.0, 0.0]",85440,82101,N6,dismiss,-0.3,ts,1393,1
"[0.12499999999999988, -0.12499999999999988, -0.24940428911834792, 0.0, 0.0, 0.0, 0.0, 0.0, 1.0, 0.7177840448155496, 1.0, 0.0, 0.0, 0.0, 0.0, 0.0, 0.0, 0.0]",144703,180524,N6,dismiss,-0.3,ts,2001,1
"[0.24242424242424238, -0.24242424242424238, 0.13120567375886522, -0.0196078431372549, 0.040000000000000015, 0.0, 0.0, 0.0, 1.0, 0.7736411098263166, 1.0, 0.0, 0.0, 0.0, 0.0, 0.0, 0.0, 0.0]",120700,19597,N6,dismiss,-0.3,ts,1531,0
"[0.047619047619047505, -0.047619047619047505, -0.5844611528822056, -0.02, 0.0, 0.0, 0.0, 0.0, 1.0, 0.6240855717353759, 1.0, 0.0, 0.0, 0.0, 0.0, 0.0, 0.0, 0.0]",111106,151774,N6,dismiss,-0.3,ts,2818,1
"[0.41666666666666663, -0.41666666666666663, 0.1926782273603083, -0.02158273381294964, 0.0, 0.0, 0.0, 0.0, 1.0, 0.8183544914832085, 1.0, 0.0, 0.0, 0.0, 0.0, 0.0, 0.0, 0.0]",125880,39280,N6,dismiss,-0.3,ts,881,0
"[0.28571428571428575, -0.28571428571428575, -0.3087719298245614, 0.0, 0.0, 0.0, 0.0, 0.0, 1.0, 0.7588851506539235, 1.0, 0.0, 0.0, 0.0, 0.0, 0.0, 0.0, 0.0]",174761,141765,N6,dismiss,-0.3,ts,2873,1
"[0.7058823529411765, -0.7058823529411765, -0.04260651629072671, 0.47435897435897434, 0.3333333333333333, 0.0, 0.0, 0.0, 1.0, 0.7650647611229402, 1.0, 0.0, 0.0, 0.0, 0.0, 0.0, 0.0, 0.0]",58951,146668,N6,dismiss,-0.3,ts,563,1
"[0.12499999999999988, -0.12499999999999988, -0.05176876617773943, -0.1569767441860465, 0.05, 0.0, 0.0, 0.0, 1.0, 0.7219702999396377, 1.0, 0.0, 0.0, 0.0, 0.0, 0.0, 0.0, 0.0]",73628,180522,N6,dismiss,-0.3,ts,2748,1
"[0.14285714285714285, -0.14285714285714285, -0.13156752062527144, -0.05190311418685121, 0.36363636363636365, 0.0, 0.0, 0.0, 1.0, 0.6641876162143715, 1.0, 0.0, 0.0, 0.0, 0.0, 0.0, 0.0, 0.0]",110153,115289,N6,dismiss,-0.3,ts,2972,1
"[0.02500000000000002, -0.02500000000000002, -0.5444191343963554, -0.1, -0.039999999999999994, 0.0, 0.0, 0.0, 1.0, 0.5879691356329428, 1.0, 0.0, 0.0, 0.0, 0.0, 0.0, 0.0, 0.0]",30785,62503,N6,accept,0.3175,ts,2874,1
"[0.09999999999999998, -0.09999999999999998, -0.37823834196891193, 0.0, 0.0, 0.0, 0.0, 0.0, 1.0, 0.6810846723667322, 1.0, 0.0, 0.0, 0.0, 0.0, 0.0, 0.0, 0.0]",16912,123856,N6,dismiss,-0.3,ts,2752,1
"[0.2727272727272727, -0.2727272727272727, -0.27048634243837444, 0.0, 0.0, 0.0, 0.0, 0.0, 1.0, 0.7633614666745693, 1.0, 0.0, 0.0, 0.0, 0.0, 0.0, 0.0, 0.0]",81453,81452,N6,dismiss,-0.3,ts,2436,1
"[0.25, -0.25, 0.0, -0.005747126436781609, -0.16666666666666666, 0.0, 0.0, 0.0, 1.0, 0.7953547792253595, 1.0, 0.0, 0.0, 0.0, 0.0, 0.0, 0.0, 0.0]",117105,117045,N6,dismiss,-0.3,ts,1101,0
"[0.19999999999999993, -0.19999999999999993, -0.64, 0.0, 0.0, 0.0, 0.0, 0.0, 1.0, 0.6784356132035365, 1.0, 0.0, 0.0, 0.0, 0.0, 0.0, 0.0, 0.0]",77920,62598,N6,dismiss,-0.3,ts,635,1
"[0.164, -0.164, -0.6836, -0.1, 0.088, 0.0, 0.0, 0.0, 1.0, 0.6098549356396384, 1.0, 0.0, 0.0, 0.0, 0.0, 0.0, 0.0, 0.0]",85224,134716,N6,dismiss,-0.3,ts,1005,0
"[0.08928571428571436, -0.08928571428571436, -0.26666666666666666, -0.8466666666666667, -0.8545454545454546, 0.0, 0.0, 0.0, 1.0, 0.45535299056751144, 1.0, 0.0, 0.0, 0.0, 0.0, 0.0, 0.0, 0.0]",41373,51575,N6,dismiss,-0.3,ts,2644,1
"[0.25, -0.25, -0.316628701594533, 0.02976190476190476, 0.20192307692307687, 0.0, 0.0, 0.0, 1.0, 0.6872552925450732, 1.0, 0.0, 0.0, 0.0, 0.0, 0.0, 0.0, 0.0]",117146,117045,N6,dismiss,-0.3,ts,1897,0
"[0.3411764705882352, -0.3411764705882352, -0.18181818181818182, 0.12280701754385964, -0.05999999999999996, 0.0, 0.0, 0.0, 1.0, 0.7572302206998678, 1.0, 0.0, 0.0, 0.0, 0.0, 0.0, 0.0, 0.0]",87407,30711,N6,accept,0.5388235294117646,ts,2055,0
"[0.6375, -0.6375, 0.0, -0.02158273381294964, 0.0, 0.0, 0.0, 0.0, 1.0, 0.9293128096864788, 1.0, 0.0, 0.0, 0.0, 0.0, 0.0, 0.0, 0.0]",85325,40258,N6,dismiss,-0.3,ts,2821,0
"[0.076923076923077, -0.076923076923077, 0.0, 0.0, 0.0, 0.0, 0.0, 0.0, 1.0, 0.7787188164556538, 1.0, 0.0, 0.0, 0.0, 0.0, 0.0, 0.0, 0.0]",93850,174745,N6,accept,0.35384615384615387,ts,1712,0
"[0.28571428571428575, -0.28571428571428575, 0.23592419664927214, 0.4583333333333333, -0.1, 0.0, 0.0, 0.0, 1.0, 0.658588363112707, 1.0, 0.0, 0.0, 0.0, 0.0, 0.0, 0.0, 0.0]",139086,127333,N6,dismiss,-0.3,ts,1211,0
"[0.6212121212121212, -0.6212121212121212, 0.0, -0.1926605504587156, -0.4, 0.0, 0.0, 0.0, 1.0, 0.8022942878563953, 1.0, 0.0, 0.0, 0.0, 0.0, 0.0, 0.0, 0.0]",182863,19600,N6,dismiss,-0.3,ts,2131,1
"[0.25, -0.25, -0.3834917458729365, -0.001215066828675577, 0.0, 0.0, 0.0, 0.0, 1.0, 0.7321076440419114, 1.0, 0.0, 0.0, 0.0, 0.0, 0.0, 0.0, 0.0]",30337,189231,N6,dismiss,-0.3,ts,1516,1
"[0.08163265306122446, -0.08163265306122446, 0.0817610062893081, 0.002849002849002849, 0.08333333333333329, 0.0, 0.0, 0.0, 1.0, 0.7264097091680045, 1.0, 0.0, 0.0, 0.0, 0.0, 0.0, 0.0, 0.0]",105872,105899,N6,dismiss,-0.3,ts,2094,0
"[0.7066666666666667, -0.7066666666666667, 0.21951219512195133, 0.22745098039215686, -0.3684210526315789, 0.0, 0.0, 0.0, 1.0, 0.7423189475802244, 1.0, 0.0, 0.0, 0.0, 0.0, 0.0, 0.0, 0.0]",155668,169349,N6,dismiss,-0.3,ts,2399,0
"[0.15999999999999998, -0.15999999999999998, -0.2048346055979644, 0.8526315789473684, 0.3018867924528303, 0.0, 0.0, 0.0, 1.0, 0.5509182666436168, 1.0, 0.0, 0.0, 0.0, 0.0, 0.0, 0.0, 0.0]",59416,15171,N6,accept,0.412,ts,2239,1
"[0.6632653061224489, -0.6632653061224489, 0.0, -0.07526881720430108, -0.06896551724137931, 0.0, 0.0, 0.0, 1.0, 0.8995713911303937, 1.0, 0.0, 0.0, 0.0, 0.0, 0.0, 0.0, 0.0]",169065,169335,N6,accept,0.7642857142857142,ts,868,1
"[0.12499999999999988, -0.12499999999999988, 0.145985401459854, 0.19834710743801653, 0.05, 0.0, 0.0, 0.0, 1.0, 0.6822979276547984, 1.0, 0.0, 0.0, 0.0, 0.0, 0.0, 0.0, 0.0]",56538,180522,N6,dismiss,-0.3,ts,1373,0
"[0.7058823529411765, -0.7058823529411765, 0.10753880266075391, 0.7647058823529411, 0.46153846153846156, 0.0, 0.0, 0.0, 1.0, 0.6996927312662532, 1.0, 0.0, 0.0, 0.0, 0.0, 0.0, 0.0, 0.0]",179676,115396,N6,dismiss,-0.3,ts,2263,1
"[0.06666666666666654, -0.06666666666666654, -0.026350461133069828, -0.14246575342465753, -0.13636363636363635, 0.0, 0.0, 0.0, 1.0, 0.6916546600964453, 1.0, 0.0, 0.0, 0.0, 0.0, 0.0, 0.0, 0.0]",141844,16911,N6,dismiss,-0.3,ts,1875,0
"[0.2, -0.2, 0.10110110110110104, -0.6043478260869565, 0.05263157894736842, 0.0, 0.0, 0.0, 1.0, 0.6660152152276981, 1.0, 0.0, 0.0, 0.0, 0.0, 0.0, 0.0, 0.0]",191334,127600,N6,dismiss,-0.3,ts,1114,0
"[0.06666666666666672, -0.06666666666666672, -0.38461538461538464, -0.1, 0.12000000000000002, 0.0, 0.0, 0.0, 1.0, 0.6083946646241543, 1.0, 0.0, 0.0, 0.0, 0.0, 0.0, 0.0, 0.0]",57043,135467,N6,dismiss,-0.3,ts,1056,1
"[0.5, -0.5, -0.1669449081803005, -0.02857142857142857, -0.015999999999999945, 0.0, 0.0, 0.0, 1.0, 0.8389586327550722, 1.0, 0.0, 0.0, 0.0, 0.0, 0.0, 0.0, 0.0]",19869,81422,N6,accept,0.6499999999999999,ts,2283,0
"[0.1666666666666667, -0.1666666666666667, -0.7180327868852459, 0.005714285714285714, 0.03999999999999997, 0.0, 0.0, 0.0, 1.0, 0.6455649444844354, 1.0, 0.0, 0.0, 0.0, 0.0, 0.0, 0.0, 0.0]",15687,105899,N6,dismiss,-0.3,ts,2428,0
"[0.20000000000000007, -0.20000000000000007, -0.2029226170707406, -0.008547008547008548, -0.14285714285714285, 0.0, 0.0, 0.0, 1.0, 0.7162900950683957, 1.0, 0.0, 0.0, 0.0, 0.0, 0.0, 0.0, 0.0]",15533,31966,N6,dismiss,-0.3,ts,2824,1
"[0.8571428571428572, -0.8571428571428572, 0.03199999999999985, 0.050980392156862744, -0.12000000000000002, 0.0, 0.0, 0.0, 1.0, 0.9055549142837571, 1.0, 0.0, 0.0, 0.0, 0.0, 0.0, 0.0, 0.0]",116982,117029,N6,dismiss,-0.3,ts,2479,1
"[0.52, -0.52, -0.16666666666666666, -0.07180851063829788, 0.42857142857142855, 0.0, 0.0, 0.0, 1.0, 0.7500717796797064, 1.0, 0.0, 0.0, 0.0, 0.0, 0.0, 0.0, 0.0]",151841,107563,N6,dismiss,-0.3,ts,1478,0
"[0.6435185185185186, -0.6435185185185186, -0.11241946234170175, -0.2454212454212454, 0.17391304347826086, 0.0, 0.0, 0.0, 1.0, 0.7941342443525481, 1.0, 0.0, 0.0, 0.0, 0.0, 0.0, 0.0, 0.0]",155648,138627,N6,dismiss,-0.3,ts,710,1
"[0.30555555555555547, -0.30555555555555547, 0.06982156710628383, 0.0, 0.0, 0.0, 0.0, 0.0, 1.0, 0.831114921740408, 1.0, 0.0, 0.0, 0.0, 0.0, 0.0, 0.0, 0.0]",90178,141765,N6,dismiss,-0.3,ts,1293,1
"[0.5636363636363637, -0.5636363636363637, 0.23253903040262944, 0.12753623188405797, 1.0, 0.0, 0.0, 0.0, 1.0, 0.6843183977363809, 1.0, 0.0, 0.0, 0.0, 0.0, 0.0, 0.0, 0.0]",123006,107588,N6,dismiss,-0.3,ts,1907,1
"[0.56, -0.56, 0.047120418848167464, 0.36086956521739133, -0.4, 0.0, 0.0, 0.0, 1.0, 0.7437502917188107, 1.0, 0.0, 0.0, 0.0, 0.0, 0.0, 0.0, 0.0]",146668,169349,N6,dismiss,-0.3,ts,1023,0
"[0.8482142857142858, -0.8482142857142858, -0.16666666666666666, -0.9, -0.8363636363636363, 0.0, 0.0, 0.0, 1.0, 0.6598676457571655, 1.0, 0.0, 0.0, 0.0, 0.0, 0.0, 0.0, 0.0]",18218,77920,N6,dismiss,-0.3,ts,1739,0
"[0.8835294117647059, -0.8835294117647059, -0.28114285714285714, 0.033707865168539325, -0.2, 0.0, 0.0, 0.0, 1.0, 0.8217735861101357, 1.0, 0.0, 0.0, 0.0, 0.0, 0.0, 0.0, 0.0]",57653,108025,N6,accept,0.9184705882352941,ts,1568,1
"[0.25, -0.25, -0.009319816873773597, 0.001215066828675577, 0.0, 0.0, 0.0, 0.0, 1.0, 0.8355318740747639, 1.0, 0.0, 0.0, 0.0, 0.0, 0.0, 0.0, 0.0]",75083,15457,N6,dismiss,-0.3,ts,2496,1
"[0.09090909090909098, -0.09090909090909098, -0.5, 0.054878048780487805, 0.041666666666666664, 0.0, 0.0, 0.0, 1.0, 0.6298716109091275, 1.0, 0.0, 0.0, 0.0, 0.0, 0.0, 0.0, 0.0]",162867,117053,N6,accept,0.36363636363636365,ts,570,1
"[0.5, -0.5, -0.4172461752433937, 0.015479876160990712, 1.0, 0.0, 0.0, 0.0, 1.0, 0.646677624271836, 1.0, 0.0, 0.0, 0.0, 0.0, 0.0, 0.0, 0.0]",87863,57551,N6,dismiss,-0.3,ts,2070,1
"[0.11764705882352951, -0.11764705882352951, -0.6587646076794657, -0.18, -0.039999999999999994, 0.0, 0.0, 0.0, 1.0, 0.5903434434275853, 1.0, 0.0, 0.0, 0.0, 0.0, 0.0, 0.0, 0.0]",18053,122734,N6,dismiss,-0.3,ts,1763,1
"[0.09999999999999998, -0.09999999999999998, 0.0027855153203343017, -0.002881844380403458, 0.2727272727272727, 0.0, 0.0, 0.0, 1.0, 0.7221848253923066, 1.0, 0.0, 0.0, 0.0, 0.0, 0.0, 0.0, 0.0]",82377,111476,N6,dismiss,-0.3,ts,2608,0
"[0.56, -0.56, 0.047120418848167464, 0.36086956521739133, -0.4, 0.0, 0.0, 0.0, 1.0, 0.7437502917188107, 1.0, 0.0, 0.0, 0.0, 0.0, 0.0, 0.0, 0.0]",146668,169349,N6,dismiss,-0.3,ts,1806,0
"[0.5, -0.5, -0.2748368382886149, 0.0, 0.0, 0.0, 0.0, 0.0, 1.0, 0.8242148607647296, 1.0, 0.0, 0.0, 0.0, 0.0, 0.0, 0.0, 0.0]",141748,93859,N6,dismiss,-0.3,ts,2612,0
"[0.12499999999999988, -0.12499999999999988, -0.12708498808578236, -0.23684210526315788, 0.10526315789473684, 0.0, 0.0, 0.0, 1.0, 0.6663745327697852, 1.0, 0.0, 0.0, 0.0, 0.0, 0.0, 0.0, 0.0]",144703,180522,N6,dismiss,-0.3,ts,2749,1
"[0.45, -0.45, 0.0, 0.31196581196581197, -0.2830188679245283, 0.0, 0.0, 0.0, 1.0, 0.7626054500386172, 1.0, 0.0, 0.0, 0.0, 0.0, 0.0, 0.0, 0.0]",123829,69980,N6,accept,0.615,ts,925,1
"[0.616, -0.616, -0.25, -0.01977401129943503, 0.6923076923076923, 0.0, 0.0, 0.0, 1.0, 0.7349987698232988, 1.0, 0.0, 0.0, 0.0, 0.0, 0.0, 0.0, 0.0]",108784,107659,N6,dismiss,-0.3,ts,2220,1
"[0.25, -0.25, -0.09125735394718841, 0.0048543689320388345, 0.0, 0.0, 0.0, 0.0, 1.0, 0.8047745634796265, 1.0, 0.0, 0.0, 0.0, 0.0, 0.0, 0.0, 0.0]",15456,30338,N6,dismiss,-0.3,ts,2714,0
"[0.23076923076923073, -0.23076923076923073, -0.4578571428571428, -0.2409090909090909, 0.1111111111111111, 0.0, 0.0, 0.0, 1.0, 0.6260456862267325, 1.0, 0.0, 0.0, 0.0, 0.0, 0.0, 0.0, 0.0]",114738,81498,N6,dismiss,-0.3,ts,881,1
"[0.3411764705882352, -0.3411764705882352, -0.18181818181818182, 0.12280701754385964, -0.05999999999999996, 0.0, 0.0, 0.0, 1.0, 0.7572302206998678, 1.0, 0.0, 0.0, 0.0, 0.0, 0.0, 0.0, 0.0]",87407,30711,N6,accept,0.5388235294117646,ts,2250,0
"[0.7, -0.7, -0.2805555555555556, 0.44680851063829785, -0.19000000000000003, 0.0, 0.0, 0.0, 1.0, 0.7235217114788834, 1.0, 0.0, 0.0, 0.0, 0.0, 0.0, 0.0, 0.0]",145577,145532,N6,accept,0.7899999999999999,ts,2862,0
"[0.20000000000000004, -0.20000000000000004, -0.3409090909090909, 0.0, 0.0, 0.0, 0.0, 0.0, 1.0, 0.7239674946003922, 1.0, 0.0, 0.0, 0.0, 0.0, 0.0, 0.0, 0.0]",51022,70828,N6,dismiss,-0.3,ts,835,0
"[0.24242424242424238, -0.24242424242424238, -0.158311345646438, -0.08536585365853659, -0.21999999999999997, 0.0, 0.0, 0.0, 1.0, 0.7058869977996952, 1.0, 0.0, 0.0, 0.0, 0.0, 0.0, 0.0, 0.0]",110035,19597,N6,dismiss,-0.3,ts,2682,0
"[0.5, -0.5, -0.3970455230630088, 1.0, -0.52, 0.0, 0.0, 0.0, 1.0, 0.5578328352552592, 1.0, 0.0, 0.0, 0.0, 0.0, 0.0, 0.0, 0.0]",117335,169349,N6,accept,0.6499999999999999,ts,1476,0
"[0.35000000000000003, -0.35000000000000003, -0.20040080160320642, 0.3888888888888889, 0.12000000000000002, 0.0, 0.0, 0.0, 1.0, 0.6912520884850263, 1.0, 0.0, 0.0, 0.0, 0.0, 0.0, 0.0, 0.0]",44266,110599,N6,dismiss,-0.3,ts,2477,1
"[0.24999999999999992, -0.24999999999999992, 0.2002503128911139, -0.1092436974789916, 0.13333333333333333, 0.0, 0.0, 0.0, 1.0, 0.7090355520187257, 1.0, 0.0, 0.0, 0.0, 0.0, 0.0, 0.0, 0.0]",139806,55882,N6,accept,0.4749999999999999,ts,1063,1
"[0.20000000000000007, -0.20000000000000007, -0.06733333333333331, 0.005698005698005698, 0.07142857142857142, 0.0, 0.0, 0.0, 1.0, 0.7759615794262256, 1.0, 0.0, 0.0, 0.0, 0.0, 0.0, 0.0, 0.0]",15534,88669,N6,dismiss,-0.3,ts,2227,1
"[0.5599999999999999, -0.5599999999999999, 0.0013342228152101116, 0.014035087719298246, 0.03571428571428559, 0.0, 0.0, 0.0, 1.0, 0.9064267245263649, 1.0, 0.0, 0.0, 0.0, 0.0, 0.0, 0.0, 0.0]",104485,114138,N6,accept,0.692,ts,1443,0
"[0.2515151515151516, -0.2515151515151516, -0.18550000000000005, 0.5, 0.1, 0.0, 0.0, 0.0, 1.0, 0.6560844790808397, 1.0, 0.0, 0.0, 0.0, 0.0, 0.0, 0.0, 0.0]",80033,143094,N6,dismiss,-0.3,ts,2655,1
"[0.5599999999999999, -0.5599999999999999, 0.24223602484472048, 0.34615384615384615, -0.20212765957446813, 0.0, 0.0, 0.0, 1.0, 0.7198407737388159, 1.0, 0.0, 0.0, 0.0, 0.0, 0.0, 0.0, 0.0]",185582,30082,N6,dismiss,-0.3,ts,2122,1
"[0.7942857142857144, -0.7942857142857144, -0.24357239512855217, -0.3853211009174312, -0.6916666666666668, 0.0, 0.0, 0.0, 1.0, 0.6876495392228945, 1.0, 0.0, 0.0, 0.0, 0.0, 0.0, 0.0, 0.0]",115244,54927,N3,dismiss,-0.3,ts,2972,1
"[0.09999999999999998, -0.09999999999999998, 0.08586956521739136, -0.3514376996805112, 0.75, 0.0, 0.0, 0.0, 1.0, 0.5634044731839962, 1.0, 0.0, 0.0, 0.0, 0.0, 0.0, 0.0, 0.0]",128295,47180,N6,dismiss,-0.3,ts,1984,1
"[0.604, -0.604, -0.49629629629629635, -0.4588235294117647, -0.3684210526315789, 0.0, 0.0, 0.0, 1.0, 0.6356367491076025, 1.0, 0.0, 0.0, 0.0, 0.0, 0.0, 0.0, 0.0]",115396,108025,N6,accept,0.7227999999999999,ts,687,0
"[0.4545454545454546, -0.4545454545454546, -0.060150375939849676, 0.13742690058479531, 1.0, 0.0, 0.0, 0.0, 1.0, 0.7035698820670233, 1.0, 0.0, 0.0, 0.0, 0.0, 0.0, 0.0, 0.0]",107170,107588,N6,dismiss,-0.3,ts,773,1
"[0.4583333333333333, -0.4583333333333333, -0.327319587628866, 0.22, 0.24000000000000005, 0.0, 0.0, 0.0, 1.0, 0.692442265593947, 1.0, 0.0, 0.0, 0.0, 0.0, 0.0, 0.0, 0.0]",151790,123325,N6,dismiss,-0.3,ts,1544,1
"[0.040000000000000036, -0.040000000000000036, -0.6731829573934838, 0.0, 0.0, 0.0, 0.0, 0.0, 1.0, 0.6170188410337427, 1.0, 0.0, 0.0, 0.0, 0.0, 0.0, 0.0, 0.0]",174763,63864,N6,dismiss,-0.3,ts,2182,1
"[0.27272727272727276, -0.27272727272727276, -0.36066666666666664, 0.6388888888888888, -0.25, 0.0, 0.0, 0.0, 1.0, 0.5769238404291309, 1.0, 0.0, 0.0, 0.0, 0.0, 0.0, 0.0, 0.0]",56406,185391,N6,dismiss,-0.3,ts,1351,0
"[0.3636363636363637, -0.3636363636363637, 0.0, 0.0, 0.0, 0.0, 0.0, 0.0, 1.0, 0.8742764353476687, 1.0, 0.0, 0.0, 0.0, 0.0, 0.0, 0.0, 0.0]",123010,123174,N6,dismiss,-0.3,ts,2219,0
"[0.25000000000000006, -0.25000000000000006, 0.24608967674661097, -0.42924528301886794, 0.4117647058823529, 0.0, 0.0, 0.0, 1.0, 0.5912500777360127, 1.0, 0.0, 0.0, 0.0, 0.0, 0.0, 0.0, 0.0]",55882,86760,N6,dismiss,-0.3,ts,1957,0
"[0.12499999999999988, -0.12499999999999988, -0.06666666666666667, 0.4132231404958678, 0.0, 0.0, 0.0, 0.0, 1.0, 0.6870082097314609, 1.0, 0.0, 0.0, 0.0, 0.0, 0.0, 0.0, 0.0]",63222,114737,N6,dismiss,-0.3,ts,2544,1
"[0.19999999999999993, -0.19999999999999993, -0.12075029308323558, 1.0, 1.0, 0.0, 0.0, 0.0, 1.0, 0.47992552017242335, 1.0, 0.0, 0.0, 0.0, 0.0, 0.0, 0.0, 0.0]",147129,29970,N6,dismiss,-0.3,ts,2446,1
"[0.3500000000000001, -0.3500000000000001, 0.0, -0.3611111111111111, 0.043478260869565216, 0.0, 0.0, 0.0, 1.0, 0.7807457601820568, 1.0, 0.0, 0.0, 0.0, 0.0, 0.0, 0.0, 0.0]",110121,48548,N6,dismiss,-0.3,ts,2856,1
"[0.20000000000000004, -0.20000000000000004, -0.44341372912801486, 0.08761329305135952, -0.07142857142857142, 0.0, 0.0, 0.0, 1.0, 0.6611419918461581, 1.0, 0.0, 0.0, 0.0, 0.0, 0.0, 0.0, 0.0]",63911,90182,N6,dismiss,-0.3,ts,1626,0
"[0.2972972972972973, -0.2972972972972973, 0.052770448548812667, -0.2440944881889764, -0.2631578947368421, 0.0, 0.0, 0.0, 1.0, 0.7152849125461873, 1.0, 0.0, 0.0, 0.0, 0.0, 0.0, 0.0, 0.0]",31679,175226,N6,dismiss,-0.3,ts,465,0
"[0.19512195121951212, -0.19512195121951212, 0.1573604060913707, 0.27450980392156865, 0.16666666666666666, 0.0, 0.0, 0.0, 1.0, 0.6612561616586466, 1.0, 0.0, 0.0, 0.0, 0.0, 0.0, 0.0, 0.0]",141752,90175,N6,dismiss,-0.3,ts,2818,0
"[0.023255813953488292, -0.023255813953488292, 0.1956001912960306, 0.16556291390728478, -0.014285714285714235, 0.0, 0.0, 0.0, 1.0, 0.6474584734267568, 1.0, 0.0, 0.0, 0.0, 0.0, 0.0, 0.0, 0.0]",115226,15171,N6,accept,0.3162790697674418,ts,1432,0
"[0.11999999999999993, -0.11999999999999993, -0.1422444603288063, 0.07246376811594203, -0.03571428571428571, 0.0, 0.0, 0.0, 1.0, 0.7144221190085578, 1.0, 0.0, 0.0, 0.0, 0.0, 0.0, 0.0, 0.0]",88672,107308,N6,dismiss,-0.3,ts,2028,1
"[0.85, -0.85, -0.005000000000000071, 0.0, 0.0, 0.0, 0.0, 0.0, 1.0, 0.9617967240690748, 1.0, 0.0, 0.0, 0.0, 0.0, 0.0, 0.0, 0.0]",38018,174748,N6,dismiss,-0.3,ts,1739,0
"[0.27999999999999997, -0.27999999999999997, -0.07452093683463454, 1.0, -0.78, 0.0, 0.0, 0.0, 1.0, 0.5645640780394282, 1.0, 0.0, 0.0, 0.0, 0.0, 0.0, 0.0, 0.0]",154734,128279,N6,accept,0.496,ts,1072,0
"[0.16666666666666674, -0.16666666666666674, 0.12526096033402923, 0.09404388714733543, 0.07142857142857142, 0.0, 0.0, 0.0, 1.0, 0.7212215308466335, 1.0, 0.0, 0.0, 0.0, 0.0, 0.0, 0.0, 0.0]",63924,63922,N6,accept,0.4166666666666667,ts,1770,1
"[0.5, -0.5, -0.28622540250447226, 0.2619718309859155, 1.0, 0.0, 0.0, 0.0, 1.0, 0.620464255263077, 1.0, 0.0, 0.0, 0.0, 0.0, 0.0, 0.0, 0.0]",88157,86748,N6,dismiss,-0.3,ts,1228,1
"[0.35483870967741926, -0.35483870967741926, -0.25974025974025977, 0.0, 0.0, 0.0, 0.0, 0.0, 1.0, 0.790742212554951, 1.0, 0.0, 0.0, 0.0, 0.0, 0.0, 0.0, 0.0]",63937,48997,N3,dismiss,-0.3,ts,2893,1
"[0.4545454545454546, -0.4545454545454546, -0.375, 0.11781609195402298, 1.0, 0.0, 0.0, 0.0, 1.0, 0.631459319493265, 1.0, 0.0, 0.0, 0.0, 0.0, 0.0, 0.0, 0.0]",31966,107588,N6,dismiss,-0.3,ts,1312,1
"[0.5, -0.5, -0.1669449081803005, -0.02857142857142857, -0.015999999999999945, 0.0, 0.0, 0.0, 1.0, 0.8389586327550722, 1.0, 0.0, 0.0, 0.0, 0.0, 0.0, 0.0, 0.0]",19869,81422,N6,dismiss,-0.3,ts,558,1
"[0.8151260504201681, -0.8151260504201681, -0.05657142857142848, 0.7914893617021277, -0.034482758620689655, 0.0, 0.0, 0.0, 1.0, 0.8095242182939427, 1.0, 0.0, 0.0, 0.0, 0.0, 0.0, 0.0, 0.0]",104679,61314,N6,dismiss,-0.3,ts,566,1
"[0.13846153846153844, -0.13846153846153844, -0.04767580452920143, 0.009259259259259259, 0.14285714285714285, 0.0, 0.0, 0.0, 1.0, 0.7429691792392996, 1.0, 0.0, 0.0, 0.0, 0.0, 0.0, 0.0, 0.0]",78130,115245,N6,dismiss,-0.3,ts,409,0
"[0.16666666666666666, -0.16666666666666666, -0.06688963210702341, -0.46329113924050636, -0.28, 0.0, 0.0, 0.0, 1.0, 0.6312533268348028, 1.0, 0.0, 0.0, 0.0, 0.0, 0.0, 0.0, 0.0]",121907,84871,N6,dismiss,-0.3,ts,1520,1
"[0.20000000000000007, -0.20000000000000007, -0.006303915063039193, 0.019943019943019943, -0.5, 0.0, 0.0, 0.0, 1.0, 0.7196391729676981, 1.0, 0.0, 0.0, 0.0, 0.0, 0.0, 0.0, 0.0]",74279,135482,N3,dismiss,-0.3,ts,997,1
"[0.379746835443038, -0.379746835443038, -0.10974930362116986, -0.019553072625698324, -0.2421052631578947, 0.0, 0.0, 0.0, 1.0, 0.7760291532820728, 1.0, 0.0, 0.0, 0.0, 0.0, 0.0, 0.0, 0.0]",43387,105910,N6,accept,0.5658227848101265,ts,1394,0
"[0.6333333333333333, -0.6333333333333333, -0.05709795704557359, -0.6208017334777898, -0.025974025974025997, 0.0, 0.0, 0.0, 1.0, 0.799107209583746, 1.0, 0.0, 0.0, 0.0, 0.0, 0.0, 0.0, 0.0]",185512,30105,N6,dismiss,-0.3,ts,1432,1
"[0.28571428571428564, -0.28571428571428564, -0.4612523248605084, -0.1, -0.12000000000000002, 0.0, 0.0, 0.0, 1.0, 0.6713399049502052, 1.0, 0.0, 0.0, 0.0, 0.0, 0.0, 0.0, 0.0]",81570,81996,N6,accept,0.4999999999999999,ts,644,1
"[0.14, -0.14, -0.16016016016016016, 0.0, 0.0, 0.0, 0.0, 0.0, 1.0, 0.7469249197385348, 1.0, 0.0, 0.0, 0.0, 0.0, 0.0, 0.0, 0.0]",93922,79362,N6,dismiss,-0.3,ts,2093,0
"[0.36000000000000004, -0.36000000000000004, -0.4794794794794795, -0.5260869565217391, 0.3684210526315789, 0.0, 0.0, 0.0, 1.0, 0.5740754538673325, 1.0, 0.0, 0.0, 0.0, 0.0, 0.0, 0.0, 0.0]",191335,169893,N6,accept,0.552,ts,1544,1
"[0.24999999999999997, -0.24999999999999997, -0.4993742177722153, 0.04182509505703422, 0.0, 0.0, 0.0, 0.0, 1.0, 0.7012203212124449, 1.0, 0.0, 0.0, 0.0, 0.0, 0.0, 0.0, 0.0]",120829,115289,N6,accept,0.475,ts,2646,0
"[0.28571428571428575, -0.28571428571428575, 0.23592419664927214, 0.4583333333333333, -0.1, 0.0, 0.0, 0.0, 1.0, 0.658588363112707, 1.0, 0.0, 0.0, 0.0, 0.0, 0.0, 0.0, 0.0]",139086,127333,N6,dismiss,-0.3,ts,1278,0
"[0.0285714285714286, -0.0285714285714286, 0.0, -0.4375, -0.039999999999999994, 0.0, 0.0, 0.0, 1.0, 0.6617044856731337, 1.0, 0.0, 0.0, 0.0, 0.0, 0.0, 0.0, 0.0]",125786,189308,N6,accept,0.32,ts,447,0
"[0.4, -0.28, -0.29684601113172543, 0.0, 0.0, 0.0, 0.0, 0.0, 1.0, 0.759689501888925, 1.0, 0.0, 0.0, 0.0, 0.0, 0.0, 0.0, 0.0]",63873,42569,N6,accept,0.58,ts,1548,0
"[0.07142857142857154, -0.07142857142857154, 0.2002503128911139, 0.7663551401869159, -0.15, 0.0, 0.0, 0.0, 1.0, 0.554195768035352, 1.0, 0.0, 0.0, 0.0, 0.0, 0.0, 0.0, 0.0]",78135,115242,N3,dismiss,-0.3,ts,782,1
"[0.3636363636363637, -0.3636363636363637, 0.0, 0.0, 0.0, 0.0, 0.0, 0.0, 1.0, 0.8742764353476687, 1.0, 0.0, 0.0, 0.0, 0.0, 0.0, 0.0, 0.0]",123548,123174,N6,dismiss,-0.3,ts,2850,0
"[0.11458333333333333, -0.11458333333333333, 0.0, -0.5561959654178674, -0.7909090909090909, 0.0, 0.0, 0.0, 1.0, 0.5727064609689967, 1.0, 0.0, 0.0, 0.0, 0.0, 0.0, 0.0, 0.0]",107659,142262,N6,dismiss,-0.3,ts,1188,0
"[0.3987730061349693, -0.3987730061349693, -0.6316033364226136, -0.025, -0.08860759493670887, 0.0, 0.0, 0.0, 1.0, 0.7088081766263578, 1.0, 0.0, 0.0, 0.0, 0.0, 0.0, 0.0, 0.0]",15663,105872,N6,dismiss,-0.3,ts,1209,1
"[0.14285714285714288, -0.14285714285714288, -0.06259780907668232, 0.014492753623188406, 0.01626016260162596, 0.0, 0.0, 0.0, 1.0, 0.7701460986980563, 1.0, 0.0, 0.0, 0.0, 0.0, 0.0, 0.0, 0.0]",81462,19869,N6,accept,0.4,ts,2241,1
"[0.04545454545454549, -0.04545454545454549, -0.0646666666666667, -0.008264462809917356, -0.22727272727272727, 0.0, 0.0, 0.0, 1.0, 0.6855067967400382, 1.0, 0.0, 0.0, 0.0, 0.0, 0.0, 0.0, 0.0]",138639,127487,N6,accept,0.33181818181818185,ts,1236,0
"[0.5625, -0.5625, -0.06069802731411239, -0.02158273381294964, 0.0, 0.0, 0.0, 0.0, 1.0, 0.8927471085006368, 1.0, 0.0, 0.0, 0.0, 0.0, 0.0, 0.0, 0.0]",19865,39280,N6,dismiss,-0.3,ts,2168,1
"[0.25, -0.25, 0.0, 0.0, 0.0, 0.0, 0.0, 0.0, 1.0, 0.8395893495876965, 1.0, 0.0, 0.0, 0.0, 0.0, 0.0, 0.0, 0.0]",117053,117045,N6,dismiss,-0.3,ts,1051,0
"[0.12499999999999993, -0.12499999999999993, -0.05891016200294561, 0.0, 0.0, 0.0, 0.0, 0.0, 1.0, 0.7741044488384916, 1.0, 0.0, 0.0, 0.0, 0.0, 0.0, 0.0, 0.0]",108507,81462,N6,dismiss,-0.3,ts,1847,1
"[0.02500000000000002, -0.02500000000000002, -0.1863303498779495, -0.16, -0.12000000000000002, 0.0, 0.0, 0.0, 1.0, 0.6240669300145485, 1.0, 0.0, 0.0, 0.0, 0.0, 0.0, 0.0, 0.0]",130425,62540,N6,dismiss,-0.3,ts,2464,0
"[0.375, -0.375, 0.024727272727272716, -0.4527027027027027, 0.33999999999999997, 0.0, 0.0, 0.0, 1.0, 0.7044564132089861, 1.0, 0.0, 0.0, 0.0, 0.0, 0.0, 0.0, 0.0]",19607,154734,N6,dismiss,-0.3,ts,748,0
"[0.164, -0.164, -0.6836, -0.1, 0.088, 0.0, 0.0, 0.0, 1.0, 0.6098549356396384, 1.0, 0.0, 0.0, 0.0, 0.0, 0.0, 0.0, 0.0]",85224,134716,N6,dismiss,-0.3,ts,2539,0
"[0.07142857142857134, -0.07142857142857134, -0.49874686716791977, -0.08, -0.039999999999999994, 0.0, 0.0, 0.0, 1.0, 0.6167332269312022, 1.0, 0.0, 0.0, 0.0, 0.0, 0.0, 0.0, 0.0]",111106,62540,N6,dismiss,-0.3,ts,2320,1
"[0.33333333333333337, -0.33333333333333337, -0.04368673415023976, 0.4751131221719457, 0.25, 0.0, 0.0, 0.0, 1.0, 0.6977738805226098, 1.0, 0.0, 0.0, 0.0, 0.0, 0.0, 0.0, 0.0]",104466,155669,N6,dismiss,-0.3,ts,1406,0
"[0.3142857142857143, -0.3142857142857143, -0.5006513243595311, -0.21107266435986158, 0.0, 0.0, 0.0, 0.0, 1.0, 0.6816641322507467, 1.0, 0.0, 0.0, 0.0, 0.0, 0.0, 0.0, 0.0]",110153,178949,N6,dismiss,-0.3,ts,635,0
"[0.4545454545454546, -0.4545454545454546, -0.375, -0.0028735632183908046, 0.8333333333333334, 0.0, 0.0, 0.0, 1.0, 0.6701200877280795, 1.0, 0.0, 0.0, 0.0, 0.0, 0.0, 0.0, 0.0]",31966,107659,N6,dismiss,-0.3,ts,900,1
"[0.25, -0.25, -0.46332737030411447, -0.10824742268041238, 0.19047619047619047, 0.0, 0.0, 0.0, 1.0, 0.6420465769124615, 1.0, 0.0, 0.0, 0.0, 0.0, 0.0, 0.0, 0.0]",16906,117045,N6,dismiss,-0.3,ts,818,0
"[0.2803030303030304, -0.2803030303030304, 0.0009999999999999788, 0.5446428571428571, 0.15999999999999998, 0.0, 0.0, 0.0, 1.0, 0.708319588666608, 1.0, 0.0, 0.0, 0.0, 0.0, 0.0, 0.0, 0.0]",80033,87100,N6,dismiss,-0.3,ts,906,0
"[0.6875, -0.6875, -0.3485838779956427, -0.24233983286908078, -0.9137931034482759, 0.0, 0.0, 0.0, 1.0, 0.6597054011690147, 1.0, 0.0, 0.0, 0.0, 0.0, 0.0, 0.0, 0.0]",158412,134921,N6,dismiss,-0.3,ts,774,1
"[0.625, -0.625, -0.13377926421404682, 0.9653179190751445, -0.595, 0.0, 0.0, 0.0, 1.0, 0.6539585682082435, 1.0, 0.0, 0.0, 0.0, 0.0, 0.0, 0.0, 0.0]",158410,145532,N6,dismiss,-0.3,ts,951,0
"[0.24999999999999997, -0.24999999999999997, 0.0, 0.0, 0.0, 0.0, 0.0, 0.0, 1.0, 0.8395893495876965, 1.0, 0.0, 0.0, 0.0, 0.0, 0.0, 0.0, 0.0]",51138,70105,N6,dismiss,-0.3,ts,473,0
"[0.25, -0.25, 0.0, -0.005747126436781609, -0.16666666666666666, 0.0, 0.0, 0.0, 1.0, 0.7953547792253595, 1.0, 0.0, 0.0, 0.0, 0.0, 0.0, 0.0, 0.0]",117105,117045,N6,dismiss,-0.3,ts,1570,0
"[0.25, -0.25, 0.15830115830115837, 0.02976190476190476, 0.13636363636363635, 0.0, 0.0, 0.0, 1.0, 0.7408404640993043, 1.0, 0.0, 0.0, 0.0, 0.0, 0.0, 0.0, 0.0]",106979,117045,N6,dismiss,-0.3,ts,2255,0
"[0.20000000000000004, -0.20000000000000004, 0.042234332425068105, 0.5341880341880342, -0.8294117647058823, 0.0, 0.0, 0.0, 1.0, 0.5867175630484736, 1.0, 0.0, 0.0, 0.0, 0.0, 0.0, 0.0, 0.0]",146728,158412,N6,dismiss,-0.3,ts,2848,1
"[0.2922374429223744, -0.2922374429223744, 0.22661217075386023, 0.011267605633802818, 0.125, 0.0, 0.0, 0.0, 1.0, 0.7436629812278469, 1.0, 0.0, 0.0, 0.0, 0.0, 0.0, 0.0, 0.0]",64291,85287,N6,dismiss,-0.3,ts,2745,0
"[0.1666666666666667, -0.1666666666666667, -0.1111111111111111, 1.0, 0.44000000000000006, 0.0, 0.0, 0.0, 1.0, 0.53769314130362, 1.0, 0.0, 0.0, 0.0, 0.0, 0.0, 0.0, 0.0]",81128,18616,N6,accept,0.4166666666666667,ts,2538,0
"[0.3888888888888889, -0.3888888888888889, -0.46507483962936563, 0.20416666666666666, 0.0235294117647058, 0.0, 0.0, 0.0, 1.0, 0.7029881973731301, 1.0, 0.0, 0.0, 0.0, 0.0, 0.0, 0.0, 0.0]",127487,114138,N6,dismiss,-0.3,ts,2449,0
"[0.47058823529411764, -0.47058823529411764, 0.15384615384615385, 0.0, 0.0, 0.0, 0.0, 0.0, 1.0, 0.8490503635579928, 1.0, 0.0, 0.0, 0.0, 0.0, 0.0, 0.0, 0.0]",156353,18570,N6,dismiss,-0.3,ts,1179,0
"[0.4897959183673469, -0.4897959183673469, -0.42857142857142855, -0.19623655913978494, -0.3793103448275862, 0.0, 0.0, 0.0, 1.0, 0.662911188753205, 1.0, 0.0, 0.0, 0.0, 0.0, 0.0, 0.0, 0.0]",169065,104684,N6,dismiss,-0.3,ts,978,1
"[0.5, -0.5, -0.003994008986520312, 1.0, -0.11764705882352941, 0.0, 0.0, 0.0, 1.0, 0.7430455209920404, 1.0, 0.0, 0.0, 0.0, 0.0, 0.0, 0.0, 0.0]",107861,58951,N6,dismiss,-0.3,ts,2337,1
"[0.4, -0.4, -0.29684601113172543, 0.0, 0.0, 0.0, 0.0, 0.0, 1.0, 0.7947192856371645, 1.0, 0.0, 0.0, 0.0, 0.0, 0.0, 0.0, 0.0]",63943,49005,N6,dismiss,-0.3,ts,525,1
"[0.18831168831168835, -0.18831168831168835, 0.0, 0.15942028985507245, 0.18, 0.0, 0.0, 0.0, 1.0, 0.732496988669393, 1.0, 0.0, 0.0, 0.0, 0.0, 0.0, 0.0, 0.0]",151793,85224,N6,dismiss,-0.3,ts,1667,0
"[0.3636363636363637, -0.3636363636363637, -0.0003316749585405642, 0.0, 0.16666666666666666, 0.0, 0.0, 0.0, 1.0, 0.8316235059439039, 1.0, 0.0, 0.0, 0.0, 0.0, 0.0, 0.0, 0.0]",72081,74278,N6,dismiss,-0.3,ts,2144,1
"[0.3333333333333333, -0.3333333333333333, -0.48406676783004554, -0.44761904761904764, -0.6129032258064516, 0.0, 0.0, 0.0, 1.0, 0.546792220645576, 1.0, 0.0, 0.0, 0.0, 0.0, 0.0, 0.0, 0.0]",170138,175100,N6,dismiss,-0.3,ts,2609,0
"[0.02500000000000002, -0.02500000000000002, -0.1863303498779495, -0.16, -0.12000000000000002, 0.0, 0.0, 0.0, 1.0, 0.6240669300145485, 1.0, 0.0, 0.0, 0.0, 0.0, 0.0, 0.0, 0.0]",130425,62540,N6,dismiss,-0.3,ts,1125,0
"[0.7576530612244898, -0.7576530612244898, -0.04534606205250594, -0.6555555555555556, -0.6199999999999999, 0.0, 0.0, 0.0, 1.0, 0.7198017822501334, 1.0, 0.0, 0.0, 0.0, 0.0, 0.0, 0.0, 0.0]",33276,174927,N6,dismiss,-0.3,ts,1786,0
"[0.07692307692307684, -0.07692307692307684, -0.04767580452920143, -0.1111111111111111, 0.047619047619047616, 0.0, 0.0, 0.0, 1.0, 0.7170135427072458, 1.0, 0.0, 0.0, 0.0, 0.0, 0.0, 0.0, 0.0]",78130,139805,N3,dismiss,-0.3,ts,493,1
"[0.24999999999999997, -0.24999999999999997, -0.3948, 0.0, 0.0, 0.0, 0.0, 0.0, 1.0, 0.7303946234902753, 1.0, 0.0, 0.0, 0.0, 0.0, 0.0, 0.0, 0.0]",69946,90167,N6,dismiss,-0.3,ts,887,1
"[0.18750000000000003, -0.18750000000000003, -0.29411764705882354, 1.0, 0.44000000000000006, 0.0, 0.0, 0.0, 1.0, 0.4958926669599128, 1.0, 0.0, 0.0, 0.0, 0.0, 0.0, 0.0, 0.0]",18334,51654,N3,dismiss,-0.3,ts,1235,1
"[0.08554572271386432, -0.08554572271386432, -0.03466761972837737, 0.011267605633802818, 0.0, 0.0, 0.0, 0.0, 1.0, 0.7651650175603291, 1.0, 0.0, 0.0, 0.0, 0.0, 0.0, 0.0, 0.0]",146721,85287,N6,dismiss,-0.3,ts,2054,0
"[0.3636363636363637, -0.3636363636363637, 0.0, 0.0, 0.0, 0.0, 0.0, 0.0, 1.0, 0.8742764353476687, 1.0, 0.0, 0.0, 0.0, 0.0, 0.0, 0.0, 0.0]",123141,123174,N6,dismiss,-0.3,ts,1124,0
"[0.7, -0.7, -0.6158823529411764, 0.0, 0.0, 0.0, 0.0, 0.0, 1.0, 0.8038070338239747, 1.0, 0.0, 0.0, 0.0, 0.0, 0.0, 0.0, 0.0]",37946,63859,N6,dismiss,-0.3,ts,1887,1
"[0.3636363636363637, -0.3636363636363637, 0.0, 0.061046511627906974, 0.0, 0.0, 0.0, 0.0, 1.0, 0.8570363402900383, 1.0, 0.0, 0.0, 0.0, 0.0, 0.0, 0.0, 0.0]",123210,123174,N6,dismiss,-0.3,ts,2257,0
"[0.25, -0.25, -0.24812030075187969, 0.005813953488372093, 0.041666666666666664, 0.0, 0.0, 0.0, 1.0, 0.7476249554836153, 1.0, 0.0, 0.0, 0.0, 0.0, 0.0, 0.0, 0.0]",174773,117045,N3,dismiss,-0.3,ts,2007,1
"[0.11458333333333333, -0.11458333333333333, -0.11504424778761058, -0.5561959654178674, -0.7909090909090909, 0.0, 0.0, 0.0, 1.0, 0.5315991195502442, 1.0, 0.0, 0.0, 0.0, 0.0, 0.0, 0.0, 0.0]",108828,142262,N6,dismiss,-0.3,ts,2698,0
"[0.2, -0.2, -0.2992992992992993, -0.1419141914191419, 0.08, 0.0, 0.0, 0.0, 1.0, 0.6735003541088107, 1.0, 0.0, 0.0, 0.0, 0.0, 0.0, 0.0, 0.0]",158417,20014,N6,dismiss,-0.3,ts,1220,1
"[0.52, -0.52, 0.11648223645894, 0.0, 0.0, 0.0, 0.0, 0.0, 1.0, 0.8716130198763568, 1.0, 0.0, 0.0, 0.0, 0.0, 0.0, 0.0, 0.0]",142501,54196,N6,dismiss,-0.3,ts,2200,0
"[0.5288235294117647, -0.5288235294117647, -0.125, -0.48333333333333334, -0.58, 0.0, 0.0, 0.0, 1.0, 0.6748948772215447, 1.0, 0.0, 0.0, 0.0, 0.0, 0.0, 0.0, 0.0]",71734,79360,N6,dismiss,-0.3,ts,2189,1
"[0.14000000000000004, -0.14000000000000004, -0.22411873840445268, 0.46601941747572817, 0.37254901960784326, 0.0, 0.0, 0.0, 1.0, 0.5597578992743337, 1.0, 0.0, 0.0, 0.0, 0.0, 0.0, 0.0, 0.0]",117087,115226,N6,dismiss,-0.3,ts,966,1
"[0.19709090909090918, -0.19709090909090918, -0.07324621733149929, 0.0, 0.0, 0.0, 0.0, 0.0, 1.0, 0.7945750109053056, 1.0, 0.0, 0.0, 0.0, 0.0, 0.0, 0.0, 0.0]",85069,63876,N6,accept,0.43796363636363644,ts,635,0
"[0.5636363636363637, -0.5636363636363637, 0.07142857142857142, -0.016901408450704224, 0.8181818181818182, 0.0, 0.0, 0.0, 1.0, 0.7697647418315443, 1.0, 0.0, 0.0, 0.0, 0.0, 0.0, 0.0, 0.0]",123018,107563,N6,dismiss,-0.3,ts,2919,1
"[0.3, -0.3, -0.6, 0.0, 0.0, 0.0, 0.0, 0.0, 1.0, 0.7157135936949424, 1.0, 0.0, 0.0, 0.0, 0.0, 0.0, 0.0, 0.0]",77920,29449,N6,dismiss,-0.3,ts,858,0
"[0.5636363636363637, -0.5636363636363637, -0.4854460093896713, -0.008522727272727272, 0.6666666666666666, 0.0, 0.0, 0.0, 1.0, 0.6849252666327348, 1.0, 0.0, 0.0, 0.0, 0.0, 0.0, 0.0, 0.0]",74281,108839,N6,dismiss,-0.3,ts,2601,0
"[0.5, -0.5, -0.35778175313059035, -0.4148936170212766, 0.08000000000000007, 0.0, 0.0, 0.0, 1.0, 0.6998134226636865, 1.0, 0.0, 0.0, 0.0, 0.0, 0.0, 0.0, 0.0]",19596,84107,N6,dismiss,-0.3,ts,2481,0
"[0.24242424242424238, -0.24242424242424238, 0.17021276595744683, 0.22875816993464052, 0.24000000000000005, 0.0, 0.0, 0.0, 1.0, 0.6671422863770378, 1.0, 0.0, 0.0, 0.0, 0.0, 0.0, 0.0, 0.0]",120700,19599,N6,dismiss,-0.3,ts,2034,0
"[0.1428571428571428, -0.1428571428571428, 0.2, -0.3, -0.22000000000000003, 0.0, 0.0, 0.0, 1.0, 0.6157574613939959, 1.0, 0.0, 0.0, 0.0, 0.0, 0.0, 0.0, 0.0]",29449,41286,N6,dismiss,-0.3,ts,1058,1
"[0.3636363636363637, -0.3636363636363637, -0.002317113538563399, 0.0, 0.0, 0.0, 0.0, 0.0, 1.0, 0.8733517342246455, 1.0, 0.0, 0.0, 0.0, 0.0, 0.0, 0.0, 0.0]",15528,74278,N6,dismiss,-0.3,ts,2966,1
"[0.1666666666666667, -0.1666666666666667, 0.2, 0.0, 0.0, 0.0, 0.0, 0.0, 1.0, 0.7452936748080553, 1.0, 0.0, 0.0, 0.0, 0.0, 0.0, 0.0, 0.0]",18364,61090,N6,dismiss,-0.3,ts,2925,0
"[0.2, -0.2, 0.21706864564007414, 0.3790322580645161, 0.12857142857142861, 0.0, 0.0, 0.0, 1.0, 0.6386673456176198, 1.0, 0.0, 0.0, 0.0, 0.0, 0.0, 0.0, 0.0]",59417,15178,N6,dismiss,-0.3,ts,2650,0
"[0.33333333333333326, -0.33333333333333326, 0.06982156710628383, 0.0, 0.0, 0.0, 0.0, 0.0, 1.0, 0.8394629963098825, 1.0, 0.0, 0.0, 0.0, 0.0, 0.0, 0.0, 0.0]",90178,141753,N6,dismiss,-0.3,ts,1679,1
"[0.3636363636363637, -0.3636363636363637, 0.0, 0.061046511627906974, 0.0, 0.0, 0.0, 0.0, 1.0, 0.8570363402900383, 1.0, 0.0, 0.0, 0.0, 0.0, 0.0, 0.0, 0.0]",123210,123174,N6,dismiss,-0.3,ts,2809,0
"[0.02500000000000002, -0.02500000000000002, -0.5444191343963554, -0.1, -0.039999999999999994, 0.0, 0.0, 0.0, 1.0, 0.5879691356329428, 1.0, 0.0, 0.0, 0.0, 0.0, 0.0, 0.0, 0.0]",30785,62503,N6,dismiss,-0.3,ts,601,1
"[0.14, -0.14, -0.31562500000000004, 0.030303030303030304, 0.0, 0.0, 0.0, 0.0, 1.0, 0.6993060113850216, 1.0, 0.0, 0.0, 0.0, 0.0, 0.0, 0.0, 0.0]",106755,69993,N6,accept,0.398,ts,2811,0
"[0.5, -0.5, -0.4172461752433937, 0.0, 0.0, 0.0, 0.0, 0.0, 1.0, 0.795606196800465, 1.0, 0.0, 0.0, 0.0, 0.0, 0.0, 0.0, 0.0]",87863,57279,N6,dismiss,-0.3,ts,923,1
"[0.16666666666666663, -0.16666666666666663, -0.1497064579256361, -0.04, -0.039999999999999994, 0.0, 0.0, 0.0, 1.0, 0.7364152237187678, 1.0, 0.0, 0.0, 0.0, 0.0, 0.0, 0.0, 0.0]",122734,81996,N6,accept,0.41666666666666663,ts,2839,0
"[0.55, -0.55, 0.0, 0.006872852233676976, 0.0, 0.0, 0.0, 0.0, 1.0, 0.9173977756641208, 1.0, 0.0, 0.0, 0.0, 0.0, 0.0, 0.0, 0.0]",106148,106147,N6,dismiss,-0.3,ts,1519,0
"[0.75, -0.75, -0.5004170141784821, 0.0, 0.0, 0.0, 0.0, 0.0, 1.0, 0.8258398169902602, 1.0, 0.0, 0.0, 0.0, 0.0, 0.0, 0.0, 0.0]",63869,16729,N6,dismiss,-0.3,ts,1072,1
"[0.14, -0.14, -0.31562500000000004, 0.030303030303030304, 0.0, 0.0, 0.0, 0.0, 1.0, 0.6993060113850216, 1.0, 0.0, 0.0, 0.0, 0.0, 0.0, 0.0, 0.0]",130086,69993,N6,dismiss,-0.3,ts,619,0
"[0.55, -0.55, 0.11470588235294113, -0.05, -0.17272727272727276, 0.0, 0.0, 0.0, 1.0, 0.8203561366987663, 1.0, 0.0, 0.0, 0.0, 0.0, 0.0, 0.0, 0.0]",115238,49005,N6,dismiss,-0.3,ts,2681,0
"[0.9222222222222222, -0.9222222222222222, -0.3704318936877077, 1.0, 0.9800000000000001, 0.0, 0.0, 0.0, 1.0, 0.5868933315636661, 1.0, 0.0, 0.0, 0.0, 0.0, 0.0, 0.0, 0.0]",147349,49086,N6,accept,0.9455555555555555,ts,583,0
"[0.14, -0.14, -0.31562500000000004, 0.030303030303030304, 0.0, 0.0, 0.0, 0.0, 1.0, 0.6993060113850216, 1.0, 0.0, 0.0, 0.0, 0.0, 0.0, 0.0, 0.0]",106755,69993,N6,accept,0.398,ts,1119,0
"[0.13333333333333344, -0.13333333333333344, -0.1, -0.75, -0.44000000000000006, 0.0, 0.0, 0.0, 1.0, 0.5587769414463242, 1.0, 0.0, 0.0, 0.0, 0.0, 0.0, 0.0, 0.0]",70105,79461,N6,dismiss,-0.3,ts,585,0
"[0.3, -0.3, 0.15, 0.44, 0.07999999999999999, 0.0, 0.0, 0.0, 1.0, 0.6936774005460145, 1.0, 0.0, 0.0, 0.0, 0.0, 0.0, 0.0, 0.0]",85440,82101,N6,dismiss,-0.3,ts,898,1
"[0.6136363636363636, -0.6136363636363636, 0.07142857142857142, -0.5661971830985916, -0.5818181818181819, 0.0, 0.0, 0.0, 1.0, 0.7000950276667521, 1.0, 0.0, 0.0, 0.0, 0.0, 0.0, 0.0, 0.0]",123018,142262,N3,dismiss,-0.3,ts,1175,1
"[0.13333333333333333, -0.13333333333333333, 0.0, 0.0, 0.0, 0.0, 0.0, 0.0, 1.0, 0.799343830056226, 1.0, 0.0, 0.0, 0.0, 0.0, 0.0, 0.0, 0.0]",93851,93856,N6,dismiss,-0.3,ts,2717,0
"[0.5, -0.5, -0.3941229930324144, 1.0, -0.4782608695652174, 0.0, 0.0, 0.0, 1.0, 0.5686467955570524, 1.0, 0.0, 0.0, 0.0, 0.0, 0.0, 0.0, 0.0]",86743,169349,N6,dismiss,-0.3,ts,697,0
"[0.20000000000000004, -0.20000000000000004, -0.6972222222222223, -0.46153846153846156, -0.059999999999999984, 0.0, 0.0, 0.0, 1.0, 0.565054577528199, 1.0, 0.0, 0.0, 0.0, 0.0, 0.0, 0.0, 0.0]",51193,18528,N6,dismiss,-0.3,ts,2156,0
"[0.8075, -0.8075, 0.0, -0.208955223880597, -0.28, 0.0, 0.0, 0.0, 1.0, 0.8437080520166168, 1.0, 0.0, 0.0, 0.0, 0.0, 0.0, 0.0, 0.0]",79807,122719,N6,dismiss,-0.3,ts,2732,1
"[0.09999999999999991, -0.09999999999999991, -0.665546218487395, 0.0, 0.0, 0.0, 0.0, 0.0, 1.0, 0.6400589572696636, 1.0, 0.0, 0.0, 0.0, 0.0, 0.0, 0.0, 0.0]",54201,16809,N6,accept,0.36999999999999994,ts,2835,0
"[0.3636363636363637, -0.3636363636363637, -0.2982456140350877, 0.025280898876404494, 1.0, 0.0, 0.0, 0.0, 1.0, 0.6344969066583939, 1.0, 0.0, 0.0, 0.0, 0.0, 0.0, 0.0, 0.0]",107747,123174,N6,dismiss,-0.3,ts,943,1
"[0.3636363636363637, -0.3636363636363637, 0.0, 0.0, 0.0, 0.0, 0.0, 0.0, 1.0, 0.8742764353476687, 1.0, 0.0, 0.0, 0.0, 0.0, 0.0, 0.0, 0.0]",123054,123174,N6,dismiss,-0.3,ts,2150,0
"[0.9400000000000001, -0.9400000000000001, -0.05250000000000003, -0.18333333333333332, 1.0, 0.0, 0.0, 0.0, 1.0, 0.7728199588411944, 1.0, 0.0, 0.0, 0.0, 0.0, 0.0, 0.0, 0.0]",112476,42569,N6,dismiss,-0.3,ts,1331,0
"[0.25, -0.25, 0.09090909090909091, 0.1, 0.49166666666666653, 0.0, 0.0, 0.0, 1.0, 0.6852588678547423, 1.0, 0.0, 0.0, 0.0, 0.0, 0.0, 0.0, 0.0]",110001,165914,N6,dismiss,-0.3,ts,2162,0
"[0.14, -0.14, -0.31562500000000004, 0.030303030303030304, 0.0, 0.0, 0.0, 0.0, 1.0, 0.6993060113850216, 1.0, 0.0, 0.0, 0.0, 0.0, 0.0, 0.0, 0.0]",106755,69993,N6,accept,0.398,ts,2381,0
"[0.3636363636363637, -0.3636363636363637, 0.0, 0.016713091922005572, 0.15384615384615385, 0.0, 0.0, 0.0, 1.0, 0.8296166021577667, 1.0, 0.0, 0.0, 0.0, 0.0, 0.0, 0.0, 0.0]",123140,123174,N6,dismiss,-0.3,ts,2751,0
"[0.5, -0.5, -0.3, 0.0, 0.0, 0.0, 0.0, 0.0, 1.0, 0.8185495653156272, 1.0, 0.0, 0.0, 0.0, 0.0, 0.0, 0.0, 0.0]",38636,18374,N6,dismiss,-0.3,ts,1329,0
"[0.7954545454545455, -0.7954545454545455, 0.12999999999999995, -0.06862745098039216, -0.08, 0.0, 0.0, 0.0, 1.0, 0.8706848509641303, 1.0, 0.0, 0.0, 0.0, 0.0, 0.0, 0.0, 0.0]",89764,89765,N6,accept,0.8568181818181819,ts,1643,1
"[0.28571428571428564, -0.28571428571428564, -0.37996031746031744, -0.05, 0.1, 0.0, 0.0, 0.0, 1.0, 0.7031076195797393, 1.0, 0.0, 0.0, 0.0, 0.0, 0.0, 0.0, 0.0]",55348,174942,N6,dismiss,-0.3,ts,2983,1
"[0.125, -0.125, 0.0, -0.06666666666666667, 0.0, 0.0, 0.0, 0.0, 1.0, 0.777609297833477, 1.0, 0.0, 0.0, 0.0, 0.0, 0.0, 0.0, 0.0]",139964,175348,N6,dismiss,-0.3,ts,1755,1
"[0.25, -0.25, 0.08600392413342063, 0.006075334143377886, 0.0, 0.0, 0.0, 0.0, 1.0, 0.8061722905617785, 1.0, 0.0, 0.0, 0.0, 0.0, 0.0, 0.0, 0.0]",75083,30338,N6,dismiss,-0.3,ts,1533,1
"[0.1, -0.07, -0.2697495183044316, -0.05, -0.17272727272727276, 0.0, 0.0, 0.0, 1.0, 0.63467239594446, 1.0, 0.0, 0.0, 0.0, 0.0, 0.0, 0.0, 0.0]",49082,49005,N6,dismiss,-0.3,ts,1053,0
"[0.2380952380952381, -0.2380952380952381, -0.31282586027111575, 0.007246376811594203, 0.0, 0.0, 0.0, 0.0, 1.0, 0.7404980311243222, 1.0, 0.0, 0.0, 0.0, 0.0, 0.0, 0.0, 0.0]",154624,19865,N6,dismiss,-0.3,ts,439,1
"[0.7066666666666667, -0.7066666666666667, 0.21951219512195133, 0.22745098039215686, -0.3684210526315789, 0.0, 0.0, 0.0, 1.0, 0.7423189475802244, 1.0, 0.0, 0.0, 0.0, 0.0, 0.0, 0.0, 0.0]",155668,169349,N6,accept,0.7946666666666666,ts,1091,0
"[0.13333333333333344, -0.13333333333333344, -0.1, -0.75, -0.44000000000000006, 0.0, 0.0, 0.0, 1.0, 0.5587769414463242, 1.0, 0.0, 0.0, 0.0, 0.0, 0.0, 0.0, 0.0]",70105,79461,N6,dismiss,-0.3,ts,881,0
"[0.6666666666666667, -0.6666666666666667, 0.23277737490935468, 0.0, 0.0, 0.0, 0.0, 0.0, 1.0, 0.8659558877868416, 1.0, 0.0, 0.0, 0.0, 0.0, 0.0, 0.0, 0.0]",141751,56398,N6,dismiss,-0.3,ts,2083,0
"[0.25, -0.25, 0.0, 0.07453416149068323, 0.13636363636363635, 0.0, 0.0, 0.0, 1.0, 0.7830109453831142, 1.0, 0.0, 0.0, 0.0, 0.0, 0.0, 0.0, 0.0]",43089,117045,N6,dismiss,-0.3,ts,2672,0
"[0.5, -0.5, 0.058823529411764705, 0.0, 0.0, 0.0, 0.0, 0.0, 1.0, 0.886589191177377, 1.0, 0.0, 0.0, 0.0, 0.0, 0.0, 0.0, 0.0]",18435,38176,N6,dismiss,-0.3,ts,815,1
"[0.28301886792452835, -0.28301886792452835, -0.16666666666666666, -0.10725552050473186, 0.1111111111111111, 0.0, 0.0, 0.0, 1.0, 0.7346418609707452, 1.0, 0.0, 0.0, 0.0, 0.0, 0.0, 0.0, 0.0]",91968,38840,N6,dismiss,-0.3,ts,560,1
"[0.5, -0.5, -0.03129890453834116, -0.014492753623188406, 0.0, 0.0, 0.0, 0.0, 1.0, 0.8923660563935448, 1.0, 0.0, 0.0, 0.0, 0.0, 0.0, 0.0, 0.0]",81462,39280,N6,dismiss,-0.3,ts,2440,0
"[0.11999999999999993, -0.11999999999999993, -0.3566833452466047, -0.002849002849002849, -0.6739130434782609, 0.0, 0.0, 0.0, 1.0, 0.5806369658757379, 1.0, 0.0, 0.0, 0.0, 0.0, 0.0, 0.0, 0.0]",88671,30082,N6,accept,0.38399999999999995,ts,1070,1
"[0.12499999999999993, -0.12499999999999993, 0.10362694300518135, -0.007194244604316547, 0.0, 0.0, 0.0, 0.0, 1.0, 0.756753131913337, 1.0, 0.0, 0.0, 0.0, 0.0, 0.0, 0.0, 0.0]",108461,81462,N6,dismiss,-0.3,ts,2083,1
"[0.5636363636363637, -0.5636363636363637, -0.4854460093896713, -0.008522727272727272, 0.6666666666666666, 0.0, 0.0, 0.0, 1.0, 0.6849252666327348, 1.0, 0.0, 0.0, 0.0, 0.0, 0.0, 0.0, 0.0]",74281,108839,N6,dismiss,-0.3,ts,940,1
"[0.04247104247104243, -0.04247104247104243, -0.17496318114874818, 0.0030120481927710845, 0.13043478260869565, 0.0, 0.0, 0.0, 1.0, 0.6715094377199463, 1.0, 0.0, 0.0, 0.0, 0.0, 0.0, 0.0, 0.0]",61096,89601,N6,dismiss,-0.3,ts,2065,1
"[0.2794117647058824, -0.2794117647058824, -0.4150110375275938, 0.023323615160349854, 0.07462686567164178, 0.0, 0.0, 0.0, 1.0, 0.7086208261787135, 1.0, 0.0, 0.0, 0.0, 0.0, 0.0, 0.0, 0.0]",185707,105872,N6,dismiss,-0.3,ts,591,1
"[0.8714285714285714, -0.8714285714285714, -0.17521902377972465, 0.10526315789473684, 0.631578947368421, 0.0, 0.0, 0.0, 1.0, 0.7707011798032538, 1.0, 0.0, 0.0, 0.0, 0.0, 0.0, 0.0, 0.0]",158639,170138,N6,dismiss,-0.3,ts,1475,0
"[0.5636363636363637, -0.5636363636363637, -0.0572858731924361, -0.028011204481792718, 0.8333333333333334, 0.0, 0.0, 0.0, 1.0, 0.7706804622308777, 1.0, 0.0, 0.0, 0.0, 0.0, 0.0, 0.0, 0.0]",166050,108828,N3,dismiss,-0.3,ts,1287,1
"[0.1250000000000001, -0.1250000000000001, 0.1772262773722628, 0.0625, -0.1, 0.0, 0.0, 0.0, 1.0, 0.6918289288008301, 1.0, 0.0, 0.0, 0.0, 0.0, 0.0, 0.0, 0.0]",141833,55348,N6,accept,0.38750000000000007,ts,1061,1
"[0.043062200956937836, -0.043062200956937836, -0.7623062616243025, 0.0, 0.0, 0.0, 0.0, 0.0, 1.0, 0.609666983514401, 1.0, 0.0, 0.0, 0.0, 0.0, 0.0, 0.0, 0.0]",90708,54196,N6,accept,0.33014354066985646,ts,834,1
"[0.375, -0.375, 0.024727272727272716, -0.4527027027027027, 0.33999999999999997, 0.0, 0.0, 0.0, 1.0, 0.7044564132089861, 1.0, 0.0, 0.0, 0.0, 0.0, 0.0, 0.0, 0.0]",19607,154734,N6,dismiss,-0.3,ts,1030,1
"[0.8287671232876712, -0.8287671232876712, -0.4378513429106809, 0.008450704225352112, 0.5, 0.0, 0.0, 0.0, 1.0, 0.74756979796282, 1.0, 0.0, 0.0, 0.0, 0.0, 0.0, 0.0, 0.0]",43388,151849,N6,dismiss,-0.3,ts,1944,1
"[0.47058823529411764, -0.47058823529411764, -0.4, -0.9, -0.8363636363636363, 0.0, 0.0, 0.0, 1.0, 0.5448428480973911, 1.0, 0.0, 0.0, 0.0, 0.0, 0.0, 0.0, 0.0]",41388,70937,N6,dismiss,-0.3,ts,601,1
"[0.4105263157894737, -0.4105263157894737, 0.047499999999999966, 1.0, 0.18, 0.0, 0.0, 0.0, 1.0, 0.6807486729796697, 1.0, 0.0, 0.0, 0.0, 0.0, 0.0, 0.0, 0.0]",174924,33277,N6,dismiss,-0.3,ts,2361,0
"[0.648, -0.648, 0.1801637852593267, 0.20863309352517986, 1.0, 0.0, 0.0, 0.0, 1.0, 0.678459202837453, 1.0, 0.0, 0.0, 0.0, 0.0, 0.0, 0.0, 0.0]",185410,107458,N6,dismiss,-0.3,ts,2414,1
"[0.4545454545454546, -0.4545454545454546, -0.375, 0.11781609195402298, 1.0, 0.0, 0.0, 0.0, 1.0, 0.631459319493265, 1.0, 0.0, 0.0, 0.0, 0.0, 0.0, 0.0, 0.0]",31966,107588,N6,dismiss,-0.3,ts,2689,1
"[0.15000000000000013, -0.15000000000000013, -0.2657894736842106, -0.2, 0.09999999999999995, 0.0, 0.0, 0.0, 1.0, 0.6462125021901608, 1.0, 0.0, 0.0, 0.0, 0.0, 0.0, 0.0, 0.0]",38124,88339,N6,accept,0.4050000000000001,ts,693,0
"[0.06666666666666672, -0.06666666666666672, -0.16684045881126172, 0.0380952380952381, 0.0, 0.0, 0.0, 0.0, 1.0, 0.7071694114641532, 1.0, 0.0, 0.0, 0.0, 0.0, 0.0, 0.0, 0.0]",56248,115245,N6,accept,0.3466666666666667,ts,634,1
"[0.25000000000000006, -0.25000000000000006, 0.17647058823529413, -0.1, 0.019999999999999973, 0.0, 0.0, 0.0, 1.0, 0.7470410829548414, 1.0, 0.0, 0.0, 0.0, 0.0, 0.0, 0.0, 0.0]",18279,37985,N6,dismiss,-0.3,ts,1650,0
"[0.2, -0.2, 0.21706864564007414, 0.3790322580645161, 0.12857142857142861, 0.0, 0.0, 0.0, 1.0, 0.6386673456176198, 1.0, 0.0, 0.0, 0.0, 0.0, 0.0, 0.0, 0.0]",59417,15178,N6,dismiss,-0.3,ts,2871,1
"[0.8571428571428572, -0.8571428571428572, 0.0, 0.28, -0.16, 0.0, 0.0, 0.0, 1.0, 0.8591037055629764, 1.0, 0.0, 0.0, 0.0, 0.0, 0.0, 0.0, 0.0]",174924,174927,N6,dismiss,-0.3,ts,1458,1
"[0.2941176470588235, -0.2941176470588235, -0.20508744038155807, 0.9354838709677419, 0.58, 0.0, 0.0, 0.0, 1.0, 0.5564807400241625, 1.0, 0.0, 0.0, 0.0, 0.0, 0.0, 0.0, 0.0]",79359,18570,N6,dismiss,-0.3,ts,2754,0
"[0.7666666666666667, -0.7666666666666667, -0.29684601113172543, -0.1276595744680851, -0.5916666666666667, 0.0, 0.0, 0.0, 1.0, 0.7270342241293171, 1.0, 0.0, 0.0, 0.0, 0.0, 0.0, 0.0, 0.0]",63878,49086,N6,dismiss,-0.3,ts,2553,0
"[0.35714285714285715, -0.35714285714285715, -0.3704, 0.06989247311827956, -0.4411764705882353, 0.0, 0.0, 0.0, 1.0, 0.6602837202553663, 1.0, 0.0, 0.0, 0.0, 0.0, 0.0, 0.0, 0.0]",151762,130324,N6,accept,0.55,ts,595,0
"[0.3647540983606557, -0.3647540983606557, 0.12447960033305587, 0.025714285714285714, 0.0, 0.0, 0.0, 0.0, 1.0, 0.8229948251690514, 1.0, 0.0, 0.0, 0.0, 0.0, 0.0, 0.0, 0.0]",64290,85287,N6,accept,0.555327868852459,ts,2353,1
"[0.625, -0.625, -0.03454231433506045, 0.0, 0.0, 0.0, 0.0, 0.0, 1.0, 0.9201674193460119, 1.0, 0.0, 0.0, 0.0, 0.0, 0.0, 0.0, 0.0]",16725,16731,N6,dismiss,-0.3,ts,2583,1
"[0.0384615384615385, -0.0384615384615385, 0.22897483118477596, 0.02976190476190476, 0.05999999999999996, 0.0, 0.0, 0.0, 1.0, 0.6652929903136966, 1.0, 0.0, 0.0, 0.0, 0.0, 0.0, 0.0, 0.0]",143094,87100,N6,accept,0.3269230769230769,ts,432,0
"[0.25, -0.25, -0.4962393721386527, -0.001215066828675577, 0.0, 0.0, 0.0, 0.0, 1.0, 0.7133566296965045, 1.0, 0.0, 0.0, 0.0, 0.0, 0.0, 0.0, 0.0]",75083,189231,N6,accept,0.475,ts,1109,1
"[0.2, -0.2, 0.10110110110110104, -0.6043478260869565, 0.05263157894736842, 0.0, 0.0, 0.0, 1.0, 0.6660152152276981, 1.0, 0.0, 0.0, 0.0, 0.0, 0.0, 0.0, 0.0]",191334,127600,N6,dismiss,-0.3,ts,2090,0
"[0.19117647058823523, -0.19117647058823523, -0.06984866123399301, -0.2669039145907473, 0.9285714285714286, 0.0, 0.0, 0.0, 1.0, 0.6050857620321691, 1.0, 0.0, 0.0, 0.0, 0.0, 0.0, 0.0, 0.0]",84577,138627,N6,dismiss,-0.3,ts,940,1
"[0.36974789915966383, -0.36974789915966383, -0.24179620034542315, 0.06870229007633588, -0.36, 0.0, 0.0, 0.0, 1.0, 0.7030624013234439, 1.0, 0.0, 0.0, 0.0, 0.0, 0.0, 0.0, 0.0]",61358,128254,N6,dismiss,-0.3,ts,2035,1
"[0.16666666666666666, -0.16666666666666666, -0.40703690927906166, -0.4076086956521739, -0.48484848484848486, 0.0, 0.0, 0.0, 1.0, 0.5231007180767528, 1.0, 0.0, 0.0, 0.0, 0.0, 0.0, 0.0, 0.0]",71447,81396,N6,dismiss,-0.3,ts,1133,1
"[0.40476190476190477, -0.40476190476190477, 0.04171011470281543, -0.014492753623188406, 0.0, 0.0, 0.0, 0.0, 1.0, 0.8652356645448637, 1.0, 0.0, 0.0, 0.0, 0.0, 0.0, 0.0, 0.0]",154624,71092,N6,accept,0.5833333333333333,ts,661,0
"[0.7, -0.7, -0.16722222222222222, 0.1937984496124031, -0.061224489795918505, 0.0, 0.0, 0.0, 1.0, 0.8231142474270301, 1.0, 0.0, 0.0, 0.0, 0.0, 0.0, 0.0, 0.0]",145578,115951,N6,dismiss,-0.3,ts,2578,1
"[0.6666666666666667, -0.6666666666666667, -0.6632478632478633, 0.1828793774319066, 0.2, 0.0, 0.0, 0.0, 1.0, 0.6980782022775677, 1.0, 0.0, 0.0, 0.0, 0.0, 0.0, 0.0, 0.0]",130292,141757,N6,dismiss,-0.3,ts,2389,1
"[0.16666666666666666, -0.16666666666666666, -0.16875000000000004, -0.10546875, 1.0, 0.0, 0.0, 0.0, 1.0, 0.5957140549290316, 1.0, 0.0, 0.0, 0.0, 0.0, 0.0, 0.0, 0.0]",75984,185375,N6,accept,0.41666666666666663,ts,2064,1
"[0.3636363636363637, -0.3636363636363637, 0.0, 0.016713091922005572, 0.25, 0.0, 0.0, 0.0, 1.0, 0.8103249790259089, 1.0, 0.0, 0.0, 0.0, 0.0, 0.0, 0.0, 0.0]",123014,123174,N6,dismiss,-0.3,ts,3000,0
"[0.13636363636363646, -0.13636363636363646, -0.15050000000000008, 0.5803571428571429, 0.18, 0.0, 0.0, 0.0, 1.0, 0.6000912927216792, 1.0, 0.0, 0.0, 0.0, 0.0, 0.0, 0.0, 0.0]",80033,87097,N6,accept,0.3954545454545455,ts,2177,1
"[0.18831168831168835, -0.18831168831168835, 0.20250120250120254, 0.1111111111111111, -0.07999999999999999, 0.0, 0.0, 0.0, 1.0, 0.7001240443089605, 1.0, 0.0, 0.0, 0.0, 0.0, 0.0, 0.0, 0.0]",128341,85224,N6,accept,0.4318181818181818,ts,704,0
"[0.5151515151515151, -0.5151515151515151, -0.060150375939849676, 0.1076923076923077, -0.07142857142857142, 0.0, 0.0, 0.0, 1.0, 0.8404252540200962, 1.0, 0.0, 0.0, 0.0, 0.0, 0.0, 0.0, 0.0]",90175,90182,N6,dismiss,-0.3,ts,1223,0
"[0.1250000000000001, -0.1250000000000001, 0.0858394160583941, 0.0625, -0.1, 0.0, 0.0, 0.0, 1.0, 0.7199673749797172, 1.0, 0.0, 0.0, 0.0, 0.0, 0.0, 0.0, 0.0]",141833,55412,N6,accept,0.38750000000000007,ts,2614,0
"[0.09999999999999998, -0.09999999999999998, -0.37823834196891193, 0.0, 0.13636363636363635, 0.0, 0.0, 0.0, 1.0, 0.6452797303712632, 1.0, 0.0, 0.0, 0.0, 0.0, 0.0, 0.0, 0.0]",16912,123852,N6,dismiss,-0.3,ts,1165,1
"[0.14285714285714285, -0.14285714285714285, 0.13333333333333333, 1.0, -0.23809523809523808, 0.0, 0.0, 0.0, 1.0, 0.5596889746063702, 1.0, 0.0, 0.0, 0.0, 0.0, 0.0, 0.0, 0.0]",175348,113825,N6,dismiss,-0.3,ts,1624,0
"[0.44000000000000006, -0.44000000000000006, -0.3548963545389564, -0.019943019943019943, 0.2608695652173913, 0.0, 0.0, 0.0, 1.0, 0.7260980427650546, 1.0, 0.0, 0.0, 0.0, 0.0, 0.0, 0.0, 0.0]",88671,123439,N6,accept,0.608,ts,468,0
"[0.14285714285714288, -0.14285714285714288, 0.08411892675852069, 0.0, 0.0, 0.0, 0.0, 0.0, 1.0, 0.7717968012528305, 1.0, 0.0, 0.0, 0.0, 0.0, 0.0, 0.0, 0.0]",141774,174759,N6,dismiss,-0.3,ts,1943,0
"[0.7647058823529411, -0.7647058823529411, -0.04260651629072671, 0.6370106761565836, 0.42857142857142855, 0.0, 0.0, 0.0, 1.0, 0.7434692842323926, 1.0, 0.0, 0.0, 0.0, 0.0, 0.0, 0.0, 0.0]",60954,146668,N6,dismiss,-0.3,ts,1099,1
"[0.2922374429223744, -0.2922374429223744, -0.1564647095565272, 0.011267605633802818, 0.125, 0.0, 0.0, 0.0, 1.0, 0.7628081802277575, 1.0, 0.0, 0.0, 0.0, 0.0, 0.0, 0.0, 0.0]",43388,85287,N6,dismiss,-0.3,ts,785,1
"[0.5, -0.5, -0.4592875318066158, 0.0, 0.0, 0.0, 0.0, 0.0, 1.0, 0.7886047001257124, 1.0, 0.0, 0.0, 0.0, 0.0, 0.0, 0.0, 0.0]",90179,56398,N6,dismiss,-0.3,ts,1065,0
"[0.5833333333333334, -0.5833333333333334, 0.07707129094412332, 0.0, 0.0, 0.0, 0.0, 0.0, 1.0, 0.897406360636464, 1.0, 0.0, 0.0, 0.0, 0.0, 0.0, 0.0, 0.0]",16722,16728,N6,accept,0.7083333333333333,ts,2840,1
"[0.2857142857142857, -0.2857142857142857, -0.4777406789092932, 0.3393939393939394, -0.07692307692307693, 0.0, 0.0, 0.0, 1.0, 0.632652381055501, 1.0, 0.0, 0.0, 0.0, 0.0, 0.0, 0.0, 0.0]",179649,104466,N6,dismiss,-0.3,ts,1157,1
"[0.1666666666666667, -0.1666666666666667, 0.07142857142857142, -0.5081967213114754, 0.06000000000000001, 0.0, 0.0, 0.0, 1.0, 0.6719279802353277, 1.0, 0.0, 0.0, 0.0, 0.0, 0.0, 0.0, 0.0]",118798,71728,N6,dismiss,-0.3,ts,2334,1
"[0.6785714285714286, -0.6785714285714286, -0.18634607127522543, -0.05, -0.17272727272727276, 0.0, 0.0, 0.0, 1.0, 0.8219339185546796, 1.0, 0.0, 0.0, 0.0, 0.0, 0.0, 0.0, 0.0]",141736,49005,N6,dismiss,-0.3,ts,2297,1
"[0.3636363636363637, -0.3636363636363637, -0.1417995444191343, -0.022284122562674095, 0.16666666666666666, 0.0, 0.0, 0.0, 1.0, 0.7758313806143559, 1.0, 0.0, 0.0, 0.0, 0.0, 0.0, 0.0, 0.0]",67082,74278,N6,dismiss,-0.3,ts,2595,1
"[0.85, -0.85, -0.10999999999999996, 0.0, 0.0, 0.0, 0.0, 0.0, 1.0, 0.9242905169117369, 1.0, 0.0, 0.0, 0.0, 0.0, 0.0, 0.0, 0.0]",37946,90167,N6,dismiss,-0.3,ts,1715,1
"[0.28571428571428575, -0.28571428571428575, 0.0, -0.1005586592178771, 0.14285714285714285, 0.0, 0.0, 0.0, 1.0, 0.7864257510470529, 1.0, 0.0, 0.0, 0.0, 0.0, 0.0, 0.0, 0.0]",128281,51122,N6,dismiss,-0.3,ts,2359,0
"[0.20000000000000007, -0.20000000000000007, -0.33657289002557544, -0.04, 1.0, 0.0, 0.0, 0.0, 1.0, 0.5636876947802636, 1.0, 0.0, 0.0, 0.0, 0.0, 0.0, 0.0, 0.0]",88363,107554,N6,accept,0.44000000000000006,ts,2362,1
"[0.022222222222222244, -0.022222222222222244, -0.2781954887218045, 0.18110236220472442, 0.44000000000000006, 0.0, 0.0, 0.0, 1.0, 0.5396235194493615, 1.0, 0.0, 0.0, 0.0, 0.0, 0.0, 0.0, 0.0]",54392,59424,N3,dismiss,-0.3,ts,2826,1
"[0.25, -0.25, -0.316628701594533, -0.011428571428571429, 0.13636363636363635, 0.0, 0.0, 0.0, 1.0, 0.7065666744509789, 1.0, 0.0, 0.0, 0.0, 0.0, 0.0, 0.0, 0.0]",117111,117045,N6,dismiss,-0.3,ts,1319,0
"[0.13333333333333344, -0.13333333333333344, -0.18181818181818182, -0.75, -0.44000000000000006, 0.0, 0.0, 0.0, 1.0, 0.5340595765105035, 1.0, 0.0, 0.0, 0.0, 0.0, 0.0, 0.0, 0.0]",18239,79461,N6,dismiss,-0.3,ts,2976,0
"[0.6029411764705882, -0.6029411764705882, 0.0, -0.1, -0.19999999999999996, 0.0, 0.0, 0.0, 1.0, 0.8529674333837347, 1.0, 0.0, 0.0, 0.0, 0.0, 0.0, 0.0, 0.0]",18330,70937,N6,dismiss,-0.3,ts,1798,1
"[0.63, -0.63, -0.11525674178056892, 0.06333333333333334, 0.2727272727272727, 0.0, 0.0, 0.0, 1.0, 0.8122937474693755, 1.0, 0.0, 0.0, 0.0, 0.0, 0.0, 0.0, 0.0]",82038,63924,N6,dismiss,-0.3,ts,448,1
"[0.7576530612244898, -0.7576530612244898, -0.04534606205250594, -0.6555555555555556, -0.6199999999999999, 0.0, 0.0, 0.0, 1.0, 0.7198017822501334, 1.0, 0.0, 0.0, 0.0, 0.0, 0.0, 0.0, 0.0]",33276,174927,N6,accept,0.8303571428571428,ts,2016,0
"[0.19999999999999993, -0.19999999999999993, 0.0, 0.0, 0.0, 0.0, 0.0, 0.0, 1.0, 0.8228281531128978, 1.0, 0.0, 0.0, 0.0, 0.0, 0.0, 0.0, 0.0]",133283,82419,N6,accept,0.43999999999999995,ts,1387,1
"[0.3636363636363637, -0.3636363636363637, 0.0, 0.039886039886039885, 0.15384615384615385, 0.0, 0.0, 0.0, 1.0, 0.8230466725244279, 1.0, 0.0, 0.0, 0.0, 0.0, 0.0, 0.0, 0.0]",123002,123174,N6,accept,0.5545454545454546,ts,2581,0
"[0.7, -0.7, -0.07168458781362008, 0.6037735849056604, -0.55, 0.0, 0.0, 0.0, 1.0, 0.7135085213251466, 1.0, 0.0, 0.0, 0.0, 0.0, 0.0, 0.0, 0.0]",84871,145532,N6,dismiss,-0.3,ts,1690,1
"[0.4285714285714285, -0.4285714285714285, -0.6464102564102564, 1.0, 1.0, 0.0, 0.0, 0.0, 1.0, 0.4484520691768347, 1.0, 0.0, 0.0, 0.0, 0.0, 0.0, 0.0, 0.0]",174937,141772,N6,dismiss,-0.3,ts,573,1
"[0.65, -0.65, -0.2252816020025032, -0.014492753623188406, 0.02500000000000006, 0.0, 0.0, 0.0, 1.0, 0.8535761436419191, 1.0, 0.0, 0.0, 0.0, 0.0, 0.0, 0.0, 0.0]",53366,39280,N6,dismiss,-0.3,ts,2396,1
"[0.35714285714285715, -0.35714285714285715, -0.7011686143572621, 0.19161676646706588, 0.18, 0.0, 0.0, 0.0, 1.0, 0.6285380072509015, 1.0, 0.0, 0.0, 0.0, 0.0, 0.0, 0.0, 0.0]",44189,130323,N6,dismiss,-0.3,ts,873,1
"[0.09999999999999996, -0.09999999999999996, 0.0, 0.03870967741935484, -0.045454545454545456, 0.0, 0.0, 0.0, 1.0, 0.7630116146408217, 1.0, 0.0, 0.0, 0.0, 0.0, 0.0, 0.0, 0.0]",111130,108202,N6,dismiss,-0.3,ts,2481,0
"[0.29999999999999993, -0.29999999999999993, -0.6334862385321101, 0.01904761904761905, -0.16666666666666666, 0.0, 0.0, 0.0, 1.0, 0.6636842635032897, 1.0, 0.0, 0.0, 0.0, 0.0, 0.0, 0.0, 0.0]",143384,78135,N6,dismiss,-0.3,ts,2127,1
"[0.25, -0.25, 0.0, -0.008595988538681949, 0.13636363636363635, 0.0, 0.0, 0.0, 1.0, 0.8012276518471559, 1.0, 0.0, 0.0, 0.0, 0.0, 0.0, 0.0, 0.0]",43088,117045,N6,dismiss,-0.3,ts,1608,0
"[0.3636363636363637, -0.3636363636363637, 0.14285714285714285, 0.028169014084507043, 0.36363636363636365, 0.0, 0.0, 0.0, 1.0, 0.7388385917974343, 1.0, 0.0, 0.0, 0.0, 0.0, 0.0, 0.0, 0.0]",123011,123174,N6,dismiss,-0.3,ts,1444,0
"[0.513888888888889, -0.513888888888889, -0.5454545454545454, -0.8032786885245902, -0.22000000000000003, 0.0, 0.0, 0.0, 1.0, 0.6057276395055889, 1.0, 0.0, 0.0, 0.0, 0.0, 0.0, 0.0, 0.0]",104492,63998,N6,dismiss,-0.3,ts,1109,1
"[0.375, -0.375, -0.12425665101721436, -0.06504065040650407, -0.06666666666666667, 0.0, 0.0, 0.0, 1.0, 0.796428995026407, 1.0, 0.0, 0.0, 0.0, 0.0, 0.0, 0.0, 0.0]",43370,88672,N6,accept,0.5625,ts,1371,1
"[0.20000000000000004, -0.20000000000000004, 0.21428571428571427, -0.75, -0.44000000000000006, 0.0, 0.0, 0.0, 1.0, 0.5488029253936105, 1.0, 0.0, 0.0, 0.0, 0.0, 0.0, 0.0, 0.0]",39150,18334,N6,dismiss,-0.3,ts,2258,0
"[0.3411764705882352, -0.3411764705882352, -0.18181818181818182, 0.12280701754385964, -0.05999999999999996, 0.0, 0.0, 0.0, 1.0, 0.7572302206998678, 1.0, 0.0, 0.0, 0.0, 0.0, 0.0, 0.0, 0.0]",87407,30711,N6,accept,0.5388235294117646,ts,1489,0
"[0.11458333333333333, -0.11458333333333333, 0.0, -0.5561959654178674, -0.7909090909090909, 0.0, 0.0, 0.0, 1.0, 0.5727064609689967, 1.0, 0.0, 0.0, 0.0, 0.0, 0.0, 0.0, 0.0]",107659,142262,N6,dismiss,-0.3,ts,2140,0
"[0.28571428571428564, -0.28571428571428564, -0.13955364345254095, -0.029411764705882353, 0.0, 0.0, 0.0, 0.0, 1.0, 0.7937544046665308, 1.0, 0.0, 0.0, 0.0, 0.0, 0.0, 0.0, 0.0]",55412,130086,N6,dismiss,-0.3,ts,1509,1
"[0.19999999999999993, -0.19999999999999993, -0.25, -0.8833333333333333, -0.7454545454545454, 0.0, 0.0, 0.0, 1.0, 0.5035447216368699, 1.0, 0.0, 0.0, 0.0, 0.0, 0.0, 0.0, 0.0]",126074,18330,N6,dismiss,-0.3,ts,1053,0
"[0.09090909090909098, -0.09090909090909098, -0.24812030075187969, 0.02346041055718475, -0.11538461538461539, 0.0, 0.0, 0.0, 1.0, 0.6678570303877867, 1.0, 0.0, 0.0, 0.0, 0.0, 0.0, 0.0, 0.0]",174771,57106,N6,dismiss,-0.3,ts,708,1
"[0.5, -0.5, -0.2967213114754098, 0.0, 0.0, 0.0, 0.0, 0.0, 1.0, 0.8192716832933844, 1.0, 0.0, 0.0, 0.0, 0.0, 0.0, 0.0, 0.0]",85446,85230,N6,dismiss,-0.3,ts,1667,1
"[0.648, -0.648, -0.10489993098688748, 0.2923076923076923, 1.0, 0.0, 0.0, 0.0, 1.0, 0.6850160039222664, 1.0, 0.0, 0.0, 0.0, 0.0, 0.0, 0.0, 0.0]",185582,107458,N6,dismiss,-0.3,ts,2307,1
"[0.19709090909090918, -0.19709090909090918, -0.07324621733149929, 0.0, 0.0, 0.0, 0.0, 0.0, 1.0, 0.7945750109053056, 1.0, 0.0, 0.0, 0.0, 0.0, 0.0, 0.0, 0.0]",85069,63876,N6,accept,0.43796363636363644,ts,1996,0
"[0.41176470588235287, -0.41176470588235287, -0.4265232974910394, 0.08, 0.12000000000000002, 0.0, 0.0, 0.0, 1.0, 0.7184106107941747, 1.0, 0.0, 0.0, 0.0, 0.0, 0.0, 0.0, 0.0]",88339,58615,N6,dismiss,-0.3,ts,990,0
"[0.28571428571428575, -0.28571428571428575, 0.23592419664927214, 0.4583333333333333, -0.1, 0.0, 0.0, 0.0, 1.0, 0.658588363112707, 1.0, 0.0, 0.0, 0.0, 0.0, 0.0, 0.0, 0.0]",139086,127333,N6,accept,0.5,ts,1876,0
"[0.20000000000000007, -0.20000000000000007, -0.0024999999999999467, -0.03932584269662921, 0.8333333333333334, 0.0, 0.0, 0.0, 1.0, 0.6888162649432941, 1.0, 0.0, 0.0, 0.0, 0.0, 0.0, 0.0, 0.0]",109094,107170,N6,accept,0.44000000000000006,ts,2304,0
"[0.02500000000000002, -0.02500000000000002, -0.2361111111111111, -0.375, -0.020000000000000018, 0.0, 0.0, 0.0, 1.0, 0.5990669900085028, 1.0, 0.0, 0.0, 0.0, 0.0, 0.0, 0.0, 0.0]",30711,81568,N6,accept,0.3175,ts,792,1
"[0.22222222222222215, -0.22222222222222215, 0.11641443538998836, 0.8041237113402062, -0.15, 0.0, 0.0, 0.0, 1.0, 0.6299944825946722, 1.0, 0.0, 0.0, 0.0, 0.0, 0.0, 0.0, 0.0]",139804,78003,N6,dismiss,-0.3,ts,2706,0
"[0.20000000000000007, -0.20000000000000007, -0.29411764705882354, -0.02824858757062147, -0.11538461538461539, 0.0, 0.0, 0.0, 1.0, 0.6947381995127184, 1.0, 0.0, 0.0, 0.0, 0.0, 0.0, 0.0, 0.0]",108741,31972,N6,dismiss,-0.3,ts,1285,1
"[0.3636363636363637, -0.3636363636363637, 0.1013215859030837, 0.057971014492753624, 0.25, 0.0, 0.0, 0.0, 1.0, 0.7621489741842852, 1.0, 0.0, 0.0, 0.0, 0.0, 0.0, 0.0, 0.0]",123207,123174,N6,accept,0.5545454545454546,ts,541,0
"[0.18367346938775517, -0.18367346938775517, 0.1798355380765106, 0.04938271604938271, -0.2, 0.0, 0.0, 0.0, 1.0, 0.6932086053533111, 1.0, 0.0, 0.0, 0.0, 0.0, 0.0, 0.0, 0.0]",135547,72620,N6,accept,0.4285714285714286,ts,1631,0
"[0.15999999999999998, -0.15999999999999998, -0.26666666666666666, -0.22274881516587677, 0.5, 0.0, 0.0, 0.0, 1.0, 0.5774609167274939, 1.0, 0.0, 0.0, 0.0, 0.0, 0.0, 0.0, 0.0]",162680,152287,N6,dismiss,-0.3,ts,2961,1
"[0.1666666666666667, -0.1666666666666667, -0.7180327868852459, 0.005714285714285714, 0.03999999999999997, 0.0, 0.0, 0.0, 1.0, 0.6455649444844354, 1.0, 0.0, 0.0, 0.0, 0.0, 0.0, 0.0, 0.0]",15687,105899,N6,dismiss,-0.3,ts,1343,0
"[0.1666666666666667, -0.1666666666666667, -0.13333333333333333, -0.3, -0.16, 0.0, 0.0, 0.0, 1.0, 0.6556594342490147, 1.0, 0.0, 0.0, 0.0, 0.0, 0.0, 0.0, 0.0]",18490,156539,N6,dismiss,-0.3,ts,1507,0
"[0.46153846153846156, -0.46153846153846156, -0.7518796992481204, -0.256, 0.33999999999999997, 0.0, 0.0, 0.0, 1.0, 0.6102111112024573, 1.0, 0.0, 0.0, 0.0, 0.0, 0.0, 0.0, 0.0]",110599,122732,N6,dismiss,-0.3,ts,880,1
"[0.25000000000000006, -0.25000000000000006, 0.20033388981636072, 1.0, -0.2631578947368421, 0.0, 0.0, 0.0, 1.0, 0.5692901544143816, 1.0, 0.0, 0.0, 0.0, 0.0, 0.0, 0.0, 0.0]",185524,55377,N6,dismiss,-0.3,ts,1006,1
"[0.3636363636363637, -0.3636363636363637, 0.0, 0.0, 0.0, 0.0, 0.0, 0.0, 1.0, 0.8742764353476687, 1.0, 0.0, 0.0, 0.0, 0.0, 0.0, 0.0, 0.0]",123031,123174,N6,dismiss,-0.3,ts,2874,0
"[0.010909090909090839, -0.010909090909090839, -0.7835593220338983, -0.14285714285714285, -0.08333333333333333, 0.0, 0.0, 0.0, 1.0, 0.5355134964909132, 1.0, 0.0, 0.0, 0.0, 0.0, 0.0, 0.0, 0.0]",51122,115323,N6,dismiss,-0.3,ts,1750,0
"[0.5636363636363637, -0.5636363636363637, -0.4547263681592039, -0.027855153203342618, 0.6, 0.0, 0.0, 0.0, 1.0, 0.6897718482417422, 1.0, 0.0, 0.0, 0.0, 0.0, 0.0, 0.0, 0.0]",30201,108839,N6,accept,0.6945454545454546,ts,474,1
"[0.472, -0.472, -0.49874686716791977, 0.0, 0.0, 0.0, 0.0, 0.0, 1.0, 0.7761158085410789, 1.0, 0.0, 0.0, 0.0, 0.0, 0.0, 0.0, 0.0]",174763,93864,N6,dismiss,-0.3,ts,2083,1
"[0.8835294117647059, -0.8835294117647059, -0.44212860310421287, -0.04498269896193772, -0.07692307692307693, 0.0, 0.0, 0.0, 1.0, 0.8153327974814609, 1.0, 0.0, 0.0, 0.0, 0.0, 0.0, 0.0, 0.0]",179676,108025,N6,dismiss,-0.3,ts,1519,1
"[0.10000000000000007, -0.10000000000000007, -0.17519908987485786, -0.01048951048951049, -0.14285714285714285, 0.0, 0.0, 0.0, 1.0, 0.6877102891525925, 1.0, 0.0, 0.0, 0.0, 0.0, 0.0, 0.0, 0.0]",115366,134111,N6,accept,0.37000000000000005,ts,2654,1
"[0.4583333333333333, -0.4583333333333333, -0.1433260393873086, 0.22, 0.24000000000000005, 0.0, 0.0, 0.0, 1.0, 0.7386709394486253, 1.0, 0.0, 0.0, 0.0, 0.0, 0.0, 0.0, 0.0]",151789,123325,N6,dismiss,-0.3,ts,1483,0
"[0.2045454545454546, -0.2045454545454546, 0.006343906510851462, -0.019553072625698324, 1.0, 0.0, 0.0, 0.0, 1.0, 0.6864109839014316, 1.0, 0.0, 0.0, 0.0, 0.0, 0.0, 0.0, 0.0]",135482,74278,N6,dismiss,-0.3,ts,2539,0
"[0.3636363636363637, -0.3636363636363637, 0.0, 0.016713091922005572, 0.15384615384615385, 0.0, 0.0, 0.0, 1.0, 0.8296166021577667, 1.0, 0.0, 0.0, 0.0, 0.0, 0.0, 0.0, 0.0]",123140,123174,N6,accept,0.5545454545454546,ts,1119,0
"[0.2045454545454546, -0.2045454545454546, 0.006343906510851462, -0.019553072625698324, 1.0, 0.0, 0.0, 0.0, 1.0, 0.6864109839014316, 1.0, 0.0, 0.0, 0.0, 0.0, 0.0, 0.0, 0.0]",135481,74278,N3,dismiss,-0.3,ts,2968,1
"[0.56, -0.56, -0.5940532081377151, -0.08943089430894309, 1.0, 0.0, 0.0, 0.0, 1.0, 0.6281453537055082, 1.0, 0.0, 0.0, 0.0, 0.0, 0.0, 0.0, 0.0]",43370,107458,N6,accept,0.692,ts,520,1
"[0.9271428571428572, -0.9271428571428572, 0.2222222222222222, 0.32, -0.039999999999999994, 0.0, 0.0, 0.0, 1.0, 0.8166293780580514, 1.0, 0.0, 0.0, 0.0, 0.0, 0.0, 0.0, 0.0]",18359,51575,N6,dismiss,-0.3,ts,1932,1
"[0.6818181818181818, -0.6818181818181818, -0.18181818181818182, 0.23076923076923078, 0.020000000000000018, 0.0, 0.0, 0.0, 1.0, 0.8204379392760206, 1.0, 0.0, 0.0, 0.0, 0.0, 0.0, 0.0, 0.0]",74187,30711,N6,dismiss,-0.3,ts,2074,1
"[0.6818181818181818, -0.6818181818181818, -0.18181818181818182, 0.23076923076923078, 0.020000000000000018, 0.0, 0.0, 0.0, 1.0, 0.8204379392760206, 1.0, 0.0, 0.0, 0.0, 0.0, 0.0, 0.0, 0.0]",74187,30711,N6,dismiss,-0.3,ts,1504,1
"[0.5, -0.5, 0.14336917562724016, 0.3761467889908257, -0.5199999999999999, 0.0, 0.0, 0.0, 1.0, 0.6826397230933525, 1.0, 0.0, 0.0, 0.0, 0.0, 0.0, 0.0, 0.0]",19612,19597,N6,dismiss,-0.3,ts,729,1
"[0.25, -0.25, 0.0, 0.0, 0.0, 0.0, 0.0, 0.0, 1.0, 0.8395893495876965, 1.0, 0.0, 0.0, 0.0, 0.0, 0.0, 0.0, 0.0]",116939,117045,N6,dismiss,-0.3,ts,1881,0
"[0.18831168831168835, -0.18831168831168835, 0.20250120250120254, 0.1111111111111111, -0.07999999999999999, 0.0, 0.0, 0.0, 1.0, 0.7001240443089605, 1.0, 0.0, 0.0, 0.0, 0.0, 0.0, 0.0, 0.0]",128341,85224,N6,dismiss,-0.3,ts,1642,0
"[0.3000000000000001, -0.3000000000000001, -0.5036615134255492, 0.0, 0.0, 0.0, 0.0, 0.0, 1.0, 0.7285138093516589, 1.0, 0.0, 0.0, 0.0, 0.0, 0.0, 0.0, 0.0]",85447,85446,N6,dismiss,-0.3,ts,996,0
"[0.20000000000000007, -0.20000000000000007, -0.0719734660033167, 0.005698005698005698, 0.25, 0.0, 0.0, 0.0, 1.0, 0.7352947936872589, 1.0, 0.0, 0.0, 0.0, 0.0, 0.0, 0.0, 0.0]",72081,88669,N6,dismiss,-0.3,ts,1783,1
"[0.5, -0.5, 0.06688963210702341, -0.7456647398843931, -0.22000000000000003, 0.0, 0.0, 0.0, 1.0, 0.714110313042735, 1.0, 0.0, 0.0, 0.0, 0.0, 0.0, 0.0, 0.0]",132804,19600,N6,accept,0.6499999999999999,ts,1081,1
"[0.20000000000000007, -0.20000000000000007, -0.07166556071665561, 0.005698005698005698, 0.07142857142857142, 0.0, 0.0, 0.0, 1.0, 0.7744535627634775, 1.0, 0.0, 0.0, 0.0, 0.0, 0.0, 0.0, 0.0]",74279,88669,N6,dismiss,-0.3,ts,414,1
"[0.5636363636363637, -0.5636363636363637, -0.20886075949367092, 0.017595307917888565, 0.8333333333333334, 0.0, 0.0, 0.0, 1.0, 0.7270255039928168, 1.0, 0.0, 0.0, 0.0, 0.0, 0.0, 0.0, 0.0]",116193,107659,N6,dismiss,-0.3,ts,2316,1
"[0.18918918918918928, -0.18918918918918928, -0.03710575139146568, -0.08256880733944955, -0.21428571428571427, 0.0, 0.0, 0.0, 1.0, 0.7296783300594867, 1.0, 0.0, 0.0, 0.0, 0.0, 0.0, 0.0, 0.0]",63923,16722,N6,accept,0.43243243243243246,ts,512,1
"[0.5, -0.5, -0.052770448548812667, -0.4148936170212766, 0.08000000000000007, 0.0, 0.0, 0.0, 1.0, 0.7819976516061806, 1.0, 0.0, 0.0, 0.0, 0.0, 0.0, 0.0, 0.0]",84106,84107,N6,dismiss,-0.3,ts,1033,0
"[0.24999999999999997, -0.24999999999999997, 0.16666666666666666, 0.0, 0.0, 0.0, 0.0, 0.0, 1.0, 0.7828956117024544, 1.0, 0.0, 0.0, 0.0, 0.0, 0.0, 0.0, 0.0]",18305,18309,N6,dismiss,-0.3,ts,1036,0
"[0.20000000000000004, -0.20000000000000004, 0.13333333333333333, -0.75, -0.44000000000000006, 0.0, 0.0, 0.0, 1.0, 0.5717007815603291, 1.0, 0.0, 0.0, 0.0, 0.0, 0.0, 0.0, 0.0]",133969,18334,N6,dismiss,-0.3,ts,1410,1
"[0.9400000000000001, -0.9400000000000001, 0.11470588235294113, -0.18333333333333332, 1.0, 0.0, 0.0, 0.0, 1.0, 0.7517552768639826, 1.0, 0.0, 0.0, 0.0, 0.0, 0.0, 0.0, 0.0]",37946,42569,N6,dismiss,-0.3,ts,855,1
"[0.09090909090909098, -0.09090909090909098, 0.0, 0.06515580736543909, 0.0, 0.0, 0.0, 0.0, 1.0, 0.7655544386808594, 1.0, 0.0, 0.0, 0.0, 0.0, 0.0, 0.0, 0.0]",87720,151841,N6,dismiss,-0.3,ts,803,1
"[0.44000000000000006, -0.44000000000000006, -0.3548963545389564, -0.002898550724637681, 1.0, 0.0, 0.0, 0.0, 1.0, 0.6596709028540406, 1.0, 0.0, 0.0, 0.0, 0.0, 0.0, 0.0, 0.0]",88672,123439,N6,dismiss,-0.3,ts,1798,1
"[0.5636363636363637, -0.5636363636363637, 0.0, 1.0, 1.0, 0.0, 0.0, 0.0, 1.0, 0.6293121712592902, 1.0, 0.0, 0.0, 0.0, 0.0, 0.0, 0.0, 0.0]",142264,107588,N1,dismiss,-0.3,ts,586,1
"[0.24999999999999994, -0.24999999999999994, -0.11782032400589111, 0.014492753623188406, 0.01626016260162596, 0.0, 0.0, 0.0, 1.0, 0.7885172541022555, 1.0, 0.0, 0.0, 0.0, 0.0, 0.0, 0.0, 0.0]",108507,19869,N6,dismiss,-0.3,ts,2873,1
"[0.7, -0.7, -0.07168458781362008, 0.6037735849056604, -0.55, 0.0, 0.0, 0.0, 1.0, 0.7135085213251466, 1.0, 0.0, 0.0, 0.0, 0.0, 0.0, 0.0, 0.0]",84871,145532,N6,dismiss,-0.3,ts,2112,1
"[0.5, -0.5, -0.3, 0.0, 0.0, 0.0, 0.0, 0.0, 1.0, 0.8185495653156272, 1.0, 0.0, 0.0, 0.0, 0.0, 0.0, 0.0, 0.0]",38636,18374,N6,dismiss,-0.3,ts,2240,0
"[0.25000000000000006, -0.25000000000000006, 0.17647058823529413, -0.1, 0.019999999999999973, 0.0, 0.0, 0.0, 1.0, 0.7470410829548414, 1.0, 0.0, 0.0, 0.0, 0.0, 0.0, 0.0, 0.0]",18279,37985,N6,dismiss,-0.3,ts,1687,0
"[0.16666666666666666, -0.16666666666666666, -0.24202370100273482, -0.17275747508305647, -0.25, 0.0, 0.0, 0.0, 1.0, 0.6316444245569646, 1.0, 0.0, 0.0, 0.0, 0.0, 0.0, 0.0, 0.0]",116369,52481,N6,dismiss,-0.3,ts,2448,1
"[0.15, -0.15, -0.3033333333333334, -0.08064516129032258, -0.2, 0.0, 0.0, 0.0, 1.0, 0.6425573796525078, 1.0, 0.0, 0.0, 0.0, 0.0, 0.0, 0.0, 0.0]",41650,18005,N3,dismiss,-0.3,ts,1050,1
"[0.12, -0.12, 0.08428571428571437, -0.18032786885245902, -0.3125, 0.0, 0.0, 0.0, 1.0, 0.6483664614798773, 1.0, 0.0, 0.0, 0.0, 0.0, 0.0, 0.0, 0.0]",104681,85795,N3,dismiss,-0.3,ts,2705,1
"[0.4000000000000001, -0.4000000000000001, 0.0, 0.0, 0.0, 0.0, 0.0, 0.0, 1.0, 0.8842623917495089, 1.0, 0.0, 0.0, 0.0, 0.0, 0.0, 0.0, 0.0]",60782,60788,N6,dismiss,-0.3,ts,1731,1
"[0.52, -0.52, 0.11648223645894, 0.0, 0.0, 0.0, 0.0, 0.0, 1.0, 0.8716130198763568, 1.0, 0.0, 0.0, 0.0, 0.0, 0.0, 0.0, 0.0]",142501,54196,N6,dismiss,-0.3,ts,2922,0
"[0.6000000000000001, -0.6000000000000001, 0.1111111111111111, 0.0, 0.0, 0.0, 0.0, 0.0, 1.0, 0.8892219481331178, 1.0, 0.0, 0.0, 0.0, 0.0, 0.0, 0.0, 0.0]",38176,112477,N6,accept,0.72,ts,2872,0
"[0.015151515151515164, -0.015151515151515164, -0.05542857142857136, -0.5087209302325582, 0.25925925925925924, 0.0, 0.0, 0.0, 1.0, 0.5782322431698806, 1.0, 0.0, 0.0, 0.0, 0.0, 0.0, 0.0, 0.0]",169335,61360,N1,accept,0.3106060606060606,ts,1047,1
"[0.5636363636363637, -0.5636363636363637, -0.0866666666666666, -0.0113314447592068, 0.42857142857142855, 0.0, 0.0, 0.0, 1.0, 0.8006380194175028, 1.0, 0.0, 0.0, 0.0, 0.0, 0.0, 0.0, 0.0]",87721,108839,N6,accept,0.6945454545454546,ts,756,1
"[0.02500000000000002, -0.02500000000000002, -0.2361111111111111, -0.375, -0.020000000000000018, 0.0, 0.0, 0.0, 1.0, 0.5990669900085028, 1.0, 0.0, 0.0, 0.0, 0.0, 0.0, 0.0, 0.0]",30711,81568,N6,dismiss,-0.3,ts,2905,1
"[0.7402597402597403, -0.7402597402597403, 0.1514392991239048, 1.0, -0.5555555555555556, 0.0, 0.0, 0.0, 1.0, 0.650708755416801, 1.0, 0.0, 0.0, 0.0, 0.0, 0.0, 0.0, 0.0]",138627,128295,N6,dismiss,-0.3,ts,882,1
"[0.20000000000000007, -0.20000000000000007, -0.33657289002557544, -0.04, 1.0, 0.0, 0.0, 0.0, 1.0, 0.5636876947802636, 1.0, 0.0, 0.0, 0.0, 0.0, 0.0, 0.0, 0.0]",88363,107554,N6,dismiss,-0.3,ts,708,1
"[0.20000000000000007, -0.20000000000000007, -0.20398009950248752, -0.03064066852367688, -0.04, 0.0, 0.0, 0.0, 1.0, 0.7353804625909484, 1.0, 0.0, 0.0, 0.0, 0.0, 0.0, 0.0, 0.0]",30201,32065,N3,dismiss,-0.3,ts,1538,1
"[0.14, -0.14, -0.31562500000000004, 0.030303030303030304, 0.0, 0.0, 0.0, 0.0, 1.0, 0.6993060113850216, 1.0, 0.0, 0.0, 0.0, 0.0, 0.0, 0.0, 0.0]",106755,69993,N3,dismiss,-0.3,ts,2838,1
"[0.20000000000000004, -0.20000000000000004, -0.6972222222222223, -0.02, -0.059999999999999984, 0.0, 0.0, 0.0, 1.0, 0.6495787864213909, 1.0, 0.0, 0.0, 0.0, 0.0, 0.0, 0.0, 0.0]",18484,18528,N3,dismiss,-0.3,ts,2719,1
"[0.023255813953488393, -0.023255813953488393, 0.2, -0.1144578313253012, -0.18181818181818182, 0.0, 0.0, 0.0, 1.0, 0.616362334831246, 1.0, 0.0, 0.0, 0.0, 0.0, 0.0, 0.0, 0.0]",40740,91970,N3,accept,0.31627906976744186,ts,2261,1
"[0.9586734693877551, -0.9586734693877551, -0.6665276329509906, 0.23148148148148148, -0.4583333333333333, 0.0, 0.0, 0.0, 1.0, 0.6804480438233301, 1.0, 0.0, 0.0, 0.0, 0.0, 0.0, 0.0, 0.0]",55915,128247,N6,accept,0.9710714285714286,ts,1367,0
"[0.5, -0.5, 0.07799999999999997, -0.18333333333333332, 1.0, 0.0, 0.0, 0.0, 1.0, 0.7007805972815504, 1.0, 0.0, 0.0, 0.0, 0.0, 0.0, 0.0, 0.0]",69946,63873,N6,accept,0.6499999999999999,ts,549,1
"[0.5170454545454546, -0.5170454545454546, -0.2654424040066778, -0.31666666666666665, 0.05999999999999996, 0.0, 0.0, 0.0, 1.0, 0.742816761343357, 1.0, 0.0, 0.0, 0.0, 0.0, 0.0, 0.0, 0.0]",17805,87406,N6,dismiss,-0.3,ts,2140,1
"[0.46153846153846156, -0.46153846153846156, -0.7518796992481204, -0.03125, 0.11999999999999993, 0.0, 0.0, 0.0, 1.0, 0.7032303327527926, 1.0, 0.0, 0.0, 0.0, 0.0, 0.0, 0.0, 0.0]",175226,122732,N6,dismiss,-0.3,ts,2023,0
"[0.8714285714285714, -0.8714285714285714, -0.4314063848144952, 0.22093023255813954, 0.55, 0.0, 0.0, 0.0, 1.0, 0.6966389331720354, 1.0, 0.0, 0.0, 0.0, 0.0, 0.0, 0.0, 0.0]",73628,170138,N6,dismiss,-0.3,ts,491,0
"[0.18831168831168835, -0.18831168831168835, 0.0, 0.15942028985507245, 0.18, 0.0, 0.0, 0.0, 1.0, 0.732496988669393, 1.0, 0.0, 0.0, 0.0, 0.0, 0.0, 0.0, 0.0]",151793,85224,N6,accept,0.4318181818181818,ts,606,0
"[0.5636363636363637, -0.5636363636363637, -0.5024875621890547, 0.10826210826210826, 0.7142857142857143, 0.0, 0.0, 0.0, 1.0, 0.6521271968706209, 1.0, 0.0, 0.0, 0.0, 0.0, 0.0, 0.0, 0.0]",15532,107588,N6,dismiss,-0.3,ts,1984,1
"[0.7257142857142858, -0.7257142857142858, -0.25974025974025977, -0.024734982332155476, 0.0, 0.0, 0.0, 0.0, 1.0, 0.8608149912248749, 1.0, 0.0, 0.0, 0.0, 0.0, 0.0, 0.0, 0.0]",63899,48997,N1,dismiss,-0.3,ts,927,1
"[0.18644067796610167, -0.18644067796610167, -0.33894993894993897, 0.08695652173913043, 0.1, 0.0, 0.0, 0.0, 1.0, 0.6685493508135446, 1.0, 0.0, 0.0, 0.0, 0.0, 0.0, 0.0, 0.0]",63936,82038,N6,dismiss,-0.3,ts,2258,1
"[0.25, -0.25, 0.0, 0.0, -0.10714285714285714, 0.0, 0.0, 0.0, 1.0, 0.8106570116385049, 1.0, 0.0, 0.0, 0.0, 0.0, 0.0, 0.0, 0.0]",43098,117045,N6,dismiss,-0.3,ts,2816,0
"[0.20000000000000007, -0.20000000000000007, 0.06400000000000006, 1.0, 1.0, 0.0, 0.0, 0.0, 1.0, 0.5209741066595128, 1.0, 0.0, 0.0, 0.0, 0.0, 0.0, 0.0, 0.0]",142264,107170,N6,dismiss,-0.3,ts,2870,1
"[0.5636363636363637, -0.5636363636363637, 0.22448979591836735, -0.016901408450704224, 0.8181818181818182, 0.0, 0.0, 0.0, 1.0, 0.724044986814595, 1.0, 0.0, 0.0, 0.0, 0.0, 0.0, 0.0, 0.0]",123023,107563,N6,accept,0.6945454545454546,ts,916,0
"[0.11458333333333333, -0.11458333333333333, -0.11504424778761058, -0.5561959654178674, -0.7909090909090909, 0.0, 0.0, 0.0, 1.0, 0.5315991195502442, 1.0, 0.0, 0.0, 0.0, 0.0, 0.0, 0.0, 0.0]",108828,142262,N3,accept,0.3802083333333333,ts,672,1
"[0.55, -0.55, 0.11470588235294113, -0.05, -0.17272727272727276, 0.0, 0.0, 0.0, 1.0, 0.8203561366987663, 1.0, 0.0, 0.0, 0.0, 0.0, 0.0, 0.0, 0.0]",115238,49005,N6,dismiss,-0.3,ts,2310,0
"[0.6666666666666667, -0.6666666666666667, 0.23277737490935468, 0.0, 0.0, 0.0, 0.0, 0.0, 1.0, 0.8659558877868416, 1.0, 0.0, 0.0, 0.0, 0.0, 0.0, 0.0, 0.0]",141751,56398,N6,dismiss,-0.3,ts,675,0
"[0.25, -0.25, -0.2712688381137579, 0.058419243986254296, -0.6166666666666667, 0.0, 0.0, 0.0, 1.0, 0.6330009259374624, 1.0, 0.0, 0.0, 0.0, 0.0, 0.0, 0.0, 0.0]",29663,115951,N6,dismiss,-0.3,ts,1329,1
"[0.25, -0.25, -0.5940460081190798, -0.0546448087431694, 1.0, 0.0, 0.0, 0.0, 1.0, 0.5370968143236092, 1.0, 0.0, 0.0, 0.0, 0.0, 0.0, 0.0, 0.0]",189368,117045,N3,dismiss,-0.3,ts,2710,1
"[0.5636363636363637, -0.5636363636363637, -0.3181818181818182, 0.10826210826210826, 0.7142857142857143, 0.0, 0.0, 0.0, 1.0, 0.684759117069591, 1.0, 0.0, 0.0, 0.0, 0.0, 0.0, 0.0, 0.0]",70000,107588,N6,dismiss,-0.3,ts,2367,1
"[0.7058823529411765, -0.7058823529411765, 0.0, -0.4680232558139535, 0.18518518518518517, 0.0, 0.0, 0.0, 1.0, 0.8087013601263905, 1.0, 0.0, 0.0, 0.0, 0.0, 0.0, 0.0, 0.0]",104685,104681,N6,dismiss,-0.3,ts,1658,1
"[0.39999999999999997, -0.39999999999999997, -0.7121401752190238, -0.13307984790874525, -0.26666666666666666, 0.0, 0.0, 0.0, 1.0, 0.6353431571611287, 1.0, 0.0, 0.0, 0.0, 0.0, 0.0, 0.0, 0.0]",120829,178949,N3,dismiss,-0.3,ts,2374,1
"[0.4545454545454546, -0.4545454545454546, -0.375, 0.00872093023255814, 0.9130434782608695, 0.0, 0.0, 0.0, 1.0, 0.6642111244519927, 1.0, 0.0, 0.0, 0.0, 0.0, 0.0, 0.0, 0.0]",31972,107659,N3,dismiss,-0.3,ts,797,1
"[0.20000000000000007, -0.20000000000000007, -0.33657289002557544, -0.04, 1.0, 0.0, 0.0, 0.0, 1.0, 0.5636876947802636, 1.0, 0.0, 0.0, 0.0, 0.0, 0.0, 0.0, 0.0]",88363,107554,N6,dismiss,-0.3,ts,1204,1
"[0.7058823529411764, -0.7058823529411764, 0.2053511705685619, 0.29850746268656714, 0.14285714285714285, 0.0, 0.0, 0.0, 1.0, 0.7742295963878625, 1.0, 0.0, 0.0, 0.0, 0.0, 0.0, 0.0, 0.0]",121055,155692,N6,dismiss,-0.3,ts,1832,1
"[0.33333333333333337, -0.33333333333333337, -0.04368673415023976, 0.4751131221719457, 0.25, 0.0, 0.0, 0.0, 1.0, 0.6977738805226098, 1.0, 0.0, 0.0, 0.0, 0.0, 0.0, 0.0, 0.0]",104466,155669,N6,accept,0.5333333333333333,ts,446,0
"[0.5636363636363637, -0.5636363636363637, -0.25, -0.025139664804469275, 1.0, 0.0, 0.0, 0.0, 1.0, 0.6862071721971741, 1.0, 0.0, 0.0, 0.0, 0.0, 0.0, 0.0, 0.0]",106065,107563,N6,dismiss,-0.3,ts,1706,1
"[0.7215909090909091, -0.7215909090909091, 0.0, 0.2549019607843137, -0.06000000000000001, 0.0, 0.0, 0.0, 1.0, 0.8716506584731415, 1.0, 0.0, 0.0, 0.0, 0.0, 0.0, 0.0, 0.0]",130670,125786,N1,dismiss,-0.3,ts,475,1
"[0.5, -0.5, 0.0, 0.0, 0.0, 0.0, 0.0, 0.0, 1.0, 0.9087872380968218, 1.0, 0.0, 0.0, 0.0, 0.0, 0.0, 0.0, 0.0]",141769,141766,N3,accept,0.6499999999999999,ts,2610,1
"[0.5588235294117647, -0.5588235294117647, 0.10025062656641605, -0.10256410256410256, 0.06666666666666667, 0.0, 0.0, 0.0, 1.0, 0.8383398294452176, 1.0, 0.0, 0.0, 0.0, 0.0, 0.0, 0.0, 0.0]",58951,128254,N6,dismiss,-0.3,ts,563,0
"[0.2941176470588236, -0.2941176470588236, 0.0, 1.0, 0.48, 0.0, 0.0, 0.0, 1.0, 0.6188615559348754, 1.0, 0.0, 0.0, 0.0, 0.0, 0.0, 0.0, 0.0]",51575,50956,N6,dismiss,-0.3,ts,2628,0
"[0.10000000000000007, -0.10000000000000007, -0.17519908987485786, -0.01048951048951049, -0.14285714285714285, 0.0, 0.0, 0.0, 1.0, 0.6877102891525925, 1.0, 0.0, 0.0, 0.0, 0.0, 0.0, 0.0, 0.0]",115366,134111,N6,dismiss,-0.3,ts,2169,0
"[0.5151515151515151, -0.5151515151515151, -0.060150375939849676, 0.1076923076923077, -0.07142857142857142, 0.0, 0.0, 0.0, 1.0, 0.8404252540200962, 1.0, 0.0, 0.0, 0.0, 0.0, 0.0, 0.0, 0.0]",90175,90182,N6,dismiss,-0.3,ts,2878,0
"[0.09999999999999996, -0.09999999999999996, 0.0, 0.03870967741935484, -0.045454545454545456, 0.0, 0.0, 0.0, 1.0, 0.7630116146408217, 1.0, 0.0, 0.0, 0.0, 0.0, 0.0, 0.0, 0.0]",111130,108202,N6,dismiss,-0.3,ts,568,0
"[0.7215909090909091, -0.7215909090909091, 0.0, 0.2549019607843137, -0.06000000000000001, 0.0, 0.0, 0.0, 1.0, 0.8716506584731415, 1.0, 0.0, 0.0, 0.0, 0.0, 0.0, 0.0, 0.0]",130670,125786,N3,dismiss,-0.3,ts,2919,1
"[0.5, -0.5, -0.2748368382886149, 0.0, 0.0, 0.0, 0.0, 0.0, 1.0, 0.8242148607647296, 1.0, 0.0, 0.0, 0.0, 0.0, 0.0, 0.0, 0.0]",141748,93859,N6,dismiss,-0.3,ts,1950,0
"[0.25000000000000006, -0.25000000000000006, -0.0625, -0.34, 0.039999999999999994, 0.0, 0.0, 0.0, 1.0, 0.7305487309174494, 1.0, 0.0, 0.0, 0.0, 0.0, 0.0, 0.0, 0.0]",40998,50997,N3,dismiss,-0.3,ts,2667,1
"[0.7576530612244898, -0.7576530612244898, -0.04534606205250594, -0.6666666666666666, -0.33999999999999997, 0.0, 0.0, 0.0, 1.0, 0.7514982057090797, 1.0, 0.0, 0.0, 0.0, 0.0, 0.0, 0.0, 0.0]",33277,174927,N1,dismiss,-0.3,ts,904,0
"[0.3636363636363637, -0.3636363636363637, 0.0, 0.039886039886039885, 0.15384615384615385, 0.0, 0.0, 0.0, 1.0, 0.8230466725244279, 1.0, 0.0, 0.0, 0.0, 0.0, 0.0, 0.0, 0.0]",123002,123174,N6,dismiss,-0.3,ts,2549,1
"[0.4000000000000001, -0.4000000000000001, 0.0, 0.0, 0.0, 0.0, 0.0, 0.0, 1.0, 0.8842623917495089, 1.0, 0.0, 0.0, 0.0, 0.0, 0.0, 0.0, 0.0]",60782,60788,N1,dismiss,-0.3,ts,1630,1
"[0.4444444444444445, -0.4444444444444445, 0.22284122562674097, -0.7678571428571429, -0.58, 0.0, 0.0, 0.0, 1.0, 0.6030913596283243, 1.0, 0.0, 0.0, 0.0, 0.0, 0.0, 0.0, 0.0]",63093,110076,N6,dismiss,-0.3,ts,2159,1
"[0.20000000000000007, -0.20000000000000007, 0.03275302449100028, -0.10954063604240283, 0.3333333333333333, 0.0, 0.0, 0.0, 1.0, 0.7076478622053513, 1.0, 0.0, 0.0, 0.0, 0.0, 0.0, 0.0, 0.0]",134112,115390,N1,dismiss,-0.3,ts,1197,1
"[0.9071428571428573, -0.9071428571428573, 0.027816411682892905, -0.41823899371069184, -0.6901408450704225, 0.0, 0.0, 0.0, 1.0, 0.7610281423372881, 1.0, 0.0, 0.0, 0.0, 0.0, 0.0, 0.0, 0.0]",87864,175208,N6,dismiss,-0.3,ts,2691,1
"[0.26666666666666666, -0.26666666666666666, 0.05772136597159252, 0.09554140127388536, 0.125, 0.0, 0.0, 0.0, 1.0, 0.7639113047871336, 1.0, 0.0, 0.0, 0.0, 0.0, 0.0, 0.0, 0.0]",104690,169335,N1,dismiss,-0.3,ts,2319,0
"[0.20000000000000007, -0.20000000000000007, -0.4706467661691542, -0.02564102564102564, -0.21428571428571427, 0.0, 0.0, 0.0, 1.0, 0.6410701883510331, 1.0, 0.0, 0.0, 0.0, 0.0, 0.0, 0.0, 0.0]",15532,107170,N3,dismiss,-0.3,ts,2358,1
"[0.14, -0.14, -0.12400000000000005, 0.05263157894736842, -0.1, 0.0, 0.0, 0.0, 1.0, 0.7156363704875062, 1.0, 0.0, 0.0, 0.0, 0.0, 0.0, 0.0, 0.0]",174942,69993,N6,dismiss,-0.3,ts,810,1
"[0.06666666666666665, -0.06666666666666665, 0.24937531234382798, -0.06790123456790123, -0.07999999999999999, 0.0, 0.0, 0.0, 1.0, 0.655148609977013, 1.0, 0.0, 0.0, 0.0, 0.0, 0.0, 0.0, 0.0]",146547,108112,N6,accept,0.3466666666666666,ts,1874,1
"[0.20000000000000007, -0.20000000000000007, -0.20398009950248752, -0.049723756906077346, 0.09090909090909091, 0.0, 0.0, 0.0, 1.0, 0.7166927800082826, 1.0, 0.0, 0.0, 0.0, 0.0, 0.0, 0.0, 0.0]",174793,31975,N1,dismiss,-0.3,ts,988,1
"[0.8562091503267975, -0.8562091503267975, 0.10566666666666673, -0.3342696629213483, 0.3888888888888889, 0.0, 0.0, 0.0, 1.0, 0.7720906953209794, 1.0, 0.0, 0.0, 0.0, 0.0, 0.0, 0.0, 0.0]",138518,117335,N1,dismiss,-0.3,ts,2058,1
"[0.2, -0.2, -0.40080160320641284, -0.20642201834862386, 0.8181818181818182, 0.0, 0.0, 0.0, 1.0, 0.5410178170853172, 1.0, 0.0, 0.0, 0.0, 0.0, 0.0, 0.0, 0.0]",185374,158410,N6,accept,0.43999999999999995,ts,2179,1
"[0.75, -0.75, -0.4117647058823529, -0.0196078431372549, 0.0, 0.0, 0.0, 0.0, 1.0, 0.8343327477719399, 1.0, 0.0, 0.0, 0.0, 0.0, 0.0, 0.0, 0.0]",50818,93859,N1,dismiss,-0.3,ts,2153,1
"[0.125, -0.125, 0.0, -0.06666666666666667, 0.0, 0.0, 0.0, 0.0, 1.0, 0.777609297833477, 1.0, 0.0, 0.0, 0.0, 0.0, 0.0, 0.0, 0.0]",139964,175348,N1,dismiss,-0.3,ts,409,0
"[0.8666666666666667, -0.8666666666666667, -0.1430615164520745, 1.0, 1.0, 0.0, 0.0, 0.0, 1.0, 0.6182042627762075, 1.0, 0.0, 0.0, 0.0, 0.0, 0.0, 0.0, 0.0]",106727,16729,N3,dismiss,-0.3,ts,1403,1
"[0.296, -0.296, -0.028856825749167567, -0.3839080459770115, -0.25, 0.0, 0.0, 0.0, 1.0, 0.7036060766231607, 1.0, 0.0, 0.0, 0.0, 0.0, 0.0, 0.0, 0.0]",155692,92135,N1,dismiss,-0.3,ts,1861,1
"[0.18750000000000003, -0.18750000000000003, -0.058823529411764705, 1.0, 0.44000000000000006, 0.0, 0.0, 0.0, 1.0, 0.5626333454400778, 1.0, 0.0, 0.0, 0.0, 0.0, 0.0, 0.0, 0.0]",18334,57385,N1,dismiss,-0.3,ts,690,1
"[0.8530612244897959, -0.8530612244897959, -0.49268668206312544, 0.4482758620689655, 0.47619047619047616, 0.0, 0.0, 0.0, 1.0, 0.6578232997225838, 1.0, 0.0, 0.0, 0.0, 0.0, 0.0, 0.0, 0.0]",144702,170138,N1,dismiss,-0.3,ts,1300,0
"[0.5215311004784688, -0.5215311004784688, -0.19849999999999995, -0.8859934853420195, -0.27999999999999997, 0.0, 0.0, 0.0, 1.0, 0.6591531334939468, 1.0, 0.0, 0.0, 0.0, 0.0, 0.0, 0.0, 0.0]",69980,115984,N3,accept,0.6650717703349281,ts,1876,1
"[0.15000000000000013, -0.15000000000000013, -0.2657894736842106, -0.2, 0.09999999999999995, 0.0, 0.0, 0.0, 1.0, 0.6462125021901608, 1.0, 0.0, 0.0, 0.0, 0.0, 0.0, 0.0, 0.0]",18611,88339,N1,accept,0.4050000000000001,ts,2120,0
"[0.2, -0.2, 0.06177606177606183, -0.2127659574468085, 0.06000000000000005, 0.0, 0.0, 0.0, 1.0, 0.7306346526818904, 1.0, 0.0, 0.0, 0.0, 0.0, 0.0, 0.0, 0.0]",19611,19607,N6,dismiss,-0.3,ts,1259,1
"[0.09090909090909098, -0.09090909090909098, -0.40278699402786994, 0.07122507122507123, 0.0, 0.0, 0.0, 0.0, 1.0, 0.6533320558646664, 1.0, 0.0, 0.0, 0.0, 0.0, 0.0, 0.0, 0.0]",74279,151841,N1,accept,0.36363636363636365,ts,410,1
"[0.017857142857142873, -0.017857142857142873, -0.32540675844806016, 0.0, 0.0, 0.0, 0.0, 0.0, 1.0, 0.6610190788056989, 1.0, 0.0, 0.0, 0.0, 0.0, 0.0, 0.0, 0.0]",16679,147380,N1,dismiss,-0.3,ts,754,1
"[0.09999999999999996, -0.09999999999999996, 0.0, 0.03870967741935484, -0.045454545454545456, 0.0, 0.0, 0.0, 1.0, 0.7630116146408217, 1.0, 0.0, 0.0, 0.0, 0.0, 0.0, 0.0, 0.0]",111130,108202,N1,dismiss,-0.3,ts,1703,0
"[0.25, -0.25, 0.09090909090909091, 0.1, 0.49166666666666653, 0.0, 0.0, 0.0, 1.0, 0.6852588678547423, 1.0, 0.0, 0.0, 0.0, 0.0, 0.0, 0.0, 0.0]",110001,165914,N1,dismiss,-0.3,ts,783,0
"[0.6031746031746031, -0.6031746031746031, -0.45428571428571424, 0.013215859030837005, -0.09090909090909091, 0.0, 0.0, 0.0, 1.0, 0.7814222092224344, 1.0, 0.0, 0.0, 0.0, 0.0, 0.0, 0.0, 0.0]",169062,146668,N1,dismiss,-0.3,ts,1547,1
"[0.65, -0.65, 0.0, 0.0, 0.0, 0.0, 0.0, 0.0, 1.0, 0.9377233209062918, 1.0, 0.0, 0.0, 0.0, 0.0, 0.0, 0.0, 0.0]",30619,30620,N1,dismiss,-0.3,ts,2485,0
"[0.896470588235294, -0.896470588235294, -0.5132127955493742, 0.003745318352059925, -0.2, 0.0, 0.0, 0.0, 1.0, 0.7892851545630684, 1.0, 0.0, 0.0, 0.0, 0.0, 0.0, 0.0, 0.0]",128242,92135,N1,dismiss,-0.3,ts,1675,1
"[0.3000000000000001, -0.3000000000000001, -0.5036615134255492, 0.0, 0.0, 0.0, 0.0, 0.0, 1.0, 0.7285138093516589, 1.0, 0.0, 0.0, 0.0, 0.0, 0.0, 0.0, 0.0]",85447,85446,N3,dismiss,-0.3,ts,819,1
"[0.6785714285714286, -0.6785714285714286, -0.06094182825484772, 0.10465116279069768, -0.20689655172413793, 0.0, 0.0, 0.0, 1.0, 0.8401414992281117, 1.0, 0.0, 0.0, 0.0, 0.0, 0.0, 0.0, 0.0]",123439,89765,N1,dismiss,-0.3,ts,584,0
"[0.85, -0.85, -0.005000000000000071, 0.0, 0.0, 0.0, 0.0, 0.0, 1.0, 0.9617967240690748, 1.0, 0.0, 0.0, 0.0, 0.0, 0.0, 0.0, 0.0]",38018,174748,N1,accept,0.895,ts,1132,0
"[0.13953488372093023, -0.13953488372093023, 0.2, -0.21686746987951808, -0.12727272727272732, 0.0, 0.0, 0.0, 1.0, 0.6491415867196744, 1.0, 0.0, 0.0, 0.0, 0.0, 0.0, 0.0, 0.0]",40740,91969,N1,dismiss,-0.3,ts,1253,0
"[0.3, -0.3, 0.0, -0.3898305084745763, 0.3333333333333333, 0.0, 0.0, 0.0, 1.0, 0.7012715335944975, 1.0, 0.0, 0.0, 0.0, 0.0, 0.0, 0.0, 0.0]",185391,55915,N1,dismiss,-0.3,ts,1447,0
"[0.2, -0.2, -0.0726817042606516, -0.5836298932384342, 0.2857142857142857, 0.0, 0.0, 0.0, 1.0, 0.6271602570528937, 1.0, 0.0, 0.0, 0.0, 0.0, 0.0, 0.0, 0.0]",60954,115299,N1,dismiss,-0.3,ts,1139,1
"[0.375, -0.375, 0.15037593984962405, -0.28052805280528054, -0.28, 0.0, 0.0, 0.0, 1.0, 0.6967820565596327, 1.0, 0.0, 0.0, 0.0, 0.0, 0.0, 0.0, 0.0]",169373,164354,N1,dismiss,-0.3,ts,1631,1
"[0.8714285714285714, -0.8714285714285714, -0.34034034034034033, -0.14285714285714285, 0.7222222222222222, 0.0, 0.0, 0.0, 1.0, 0.7152452814798028, 1.0, 0.0, 0.0, 0.0, 0.0, 0.0, 0.0, 0.0]",155975,170138,N1,accept,0.9099999999999999,ts,2564,1
"[0.8944444444444444, -0.8944444444444444, 0.0, -0.02, 0.0, 0.0, 0.0, 0.0, 1.0, 0.962136410518863, 1.0, 0.0, 0.0, 0.0, 0.0, 0.0, 0.0, 0.0]",89731,83441,N1,accept,0.9261111111111111,ts,809,0
"[0.6375, -0.6375, 0.0, -0.02158273381294964, 0.0, 0.0, 0.0, 0.0, 1.0, 0.9293128096864788, 1.0, 0.0, 0.0, 0.0, 0.0, 0.0, 0.0, 0.0]",85325,40258,N1,dismiss,-0.3,ts,751,0
"[0.5636363636363637, -0.5636363636363637, 0.23355263157894735, 0.12753623188405797, 1.0, 0.0, 0.0, 0.0, 1.0, 0.6840640041636011, 1.0, 0.0, 0.0, 0.0, 0.0, 0.0, 0.0, 0.0]",123021,107588,N1,dismiss,-0.3,ts,665,1
"[0.20000000000000004, -0.20000000000000004, -0.44341372912801486, 0.08761329305135952, -0.07142857142857142, 0.0, 0.0, 0.0, 1.0, 0.6611419918461581, 1.0, 0.0, 0.0, 0.0, 0.0, 0.0, 0.0, 0.0]",63911,90182,N1,accept,0.44,ts,825,0
"[0.14, -0.14, -0.31562500000000004, 0.030303030303030304, 0.0, 0.0, 0.0, 0.0, 1.0, 0.6993060113850216, 1.0, 0.0, 0.0, 0.0, 0.0, 0.0, 0.0, 0.0]",106755,69993,N1,dismiss,-0.3,ts,2646,0
"[0.1250000000000001, -0.1250000000000001, 0.1111111111111111, 0.0, 0.0, 0.0, 0.0, 0.0, 1.0, 0.7564807805603966, 1.0, 0.0, 0.0, 0.0, 0.0, 0.0, 0.0, 0.0]",62598,29449,N1,dismiss,-0.3,ts,1761,0
"[0.25, -0.25, -0.24812030075187969, 0.01764705882352941, 0.13636363636363635, 0.0, 0.0, 0.0, 1.0, 0.7203456543782418, 1.0, 0.0, 0.0, 0.0, 0.0, 0.0, 0.0, 0.0]",117159,117045,N1,dismiss,-0.3,ts,1997,0
"[0.8, -0.8, 0.0, 1.0, 1.0, 0.0, 0.0, 0.0, 1.0, 0.6626816974221303, 1.0, 0.0, 0.0, 0.0, 0.0, 0.0, 0.0, 0.0]",51128,51605,N1,dismiss,-0.3,ts,2492,0
"[0.6989830508474576, -0.6989830508474576, -0.4151404151404152, 0.15579710144927536, 0.4, 0.0, 0.0, 0.0, 1.0, 0.7097296572056832, 1.0, 0.0, 0.0, 0.0, 0.0, 0.0, 0.0, 0.0]",63936,63924,N1,dismiss,-0.3,ts,831,1
"[0.010909090909090839, -0.010909090909090839, -0.7835593220338983, -0.14285714285714285, -0.08333333333333333, 0.0, 0.0, 0.0, 1.0, 0.5355134964909132, 1.0, 0.0, 0.0, 0.0, 0.0, 0.0, 0.0, 0.0]",51122,115323,N1,dismiss,-0.3,ts,2056,0
"[0.20000000000000004, -0.20000000000000004, -0.6972222222222223, -0.46153846153846156, -0.059999999999999984, 0.0, 0.0, 0.0, 1.0, 0.565054577528199, 1.0, 0.0, 0.0, 0.0, 0.0, 0.0, 0.0, 0.0]",51193,18528,N1,accept,0.44,ts,2208,0
"[0.08928571428571436, -0.08928571428571436, -0.26666666666666666, -0.9233333333333333, -0.7363636363636363, 0.0, 0.0, 0.0, 1.0, 0.45867183971799486, 1.0, 0.0, 0.0, 0.0, 0.0, 0.0, 0.0, 0.0]",41373,51572,N1,accept,0.36250000000000004,ts,1723,0
"[0.4545454545454546, -0.4545454545454546, -0.3942101501072195, -0.0169971671388102, 0.4666666666666667, 0.0, 0.0, 0.0, 1.0, 0.6930601486020554, 1.0, 0.0, 0.0, 0.0, 0.0, 0.0, 0.0, 0.0]",88669,108828,N1,dismiss,-0.3,ts,707,0
"[0.25, -0.25, -0.316628701594533, -0.011428571428571429, 0.13636363636363635, 0.0, 0.0, 0.0, 1.0, 0.7065666744509789, 1.0, 0.0, 0.0, 0.0, 0.0, 0.0, 0.0, 0.0]",117111,117045,N1,dismiss,-0.3,ts,2310,0
"[0.5599999999999999, -0.5599999999999999, -0.04264577893820715, 0.34532374100719426, 1.0, 0.0, 0.0, 0.0, 1.0, 0.6938965752446645, 1.0, 0.0, 0.0, 0.0, 0.0, 0.0, 0.0, 0.0]",185577,89763,N1,dismiss,-0.3,ts,1870,0
"[0.1111111111111112, -0.1111111111111112, -0.5135678391959799, 0.0, 0.0, 0.0, 0.0, 0.0, 1.0, 0.6628913050757039, 1.0, 0.0, 0.0, 0.0, 0.0, 0.0, 0.0, 0.0]",16809,110501,N1,dismiss,-0.3,ts,525,0
"[0.3, -0.3, -0.5454545454545454, -0.9, -0.8363636363636363, 0.0, 0.0, 0.0, 1.0, 0.4756119353946255, 1.0, 0.0, 0.0, 0.0, 0.0, 0.0, 0.0, 0.0]",41688,29449,N1,dismiss,-0.3,ts,1824,1
"[0.9357142857142856, -0.9357142857142856, 0.0, -0.42857142857142855, -0.8, 0.0, 0.0, 0.0, 1.0, 0.7654707007374344, 1.0, 0.0, 0.0, 0.0, 0.0, 0.0, 0.0, 0.0]",153856,70105,N1,dismiss,-0.3,ts,2496,1
"[0.3888888888888889, -0.3888888888888889, -0.46507483962936563, 0.20416666666666666, 0.0235294117647058, 0.0, 0.0, 0.0, 1.0, 0.7029881973731301, 1.0, 0.0, 0.0, 0.0, 0.0, 0.0, 0.0, 0.0]",127487,114138,N3,dismiss,-0.3,ts,414,1
"[0.1875, -0.1875, -0.5643949930458971, 0.02, -0.039999999999999945, 0.0, 0.0, 0.0, 1.0, 0.6657861386175713, 1.0, 0.0, 0.0, 0.0, 0.0, 0.0, 0.0, 0.0]",63907,123325,N1,dismiss,-0.3,ts,2855,1
"[0.5599999999999999, -0.5599999999999999, 0.0009099181073703173, 0.34532374100719426, 1.0, 0.0, 0.0, 0.0, 1.0, 0.709884034192077, 1.0, 0.0, 0.0, 0.0, 0.0, 0.0, 0.0, 0.0]",185410,89763,N1,dismiss,-0.3,ts,810,1
"[0.7531428571428572, -0.7531428571428572, -0.05604534005037787, 0.028169014084507043, -0.21052631578947367, 0.0, 0.0, 0.0, 1.0, 0.8717592703986687, 1.0, 0.0, 0.0, 0.0, 0.0, 0.0, 0.0, 0.0]",89666,128284,N1,dismiss,-0.3,ts,898,1
"[0.6574074074074074, -0.6574074074074074, 0.15714899098325463, 0.16333333333333333, 0.36363636363636365, 0.0, 0.0, 0.0, 1.0, 0.7656674603997843, 1.0, 0.0, 0.0, 0.0, 0.0, 0.0, 0.0, 0.0]",141734,63922,N1,dismiss,-0.3,ts,1141,1
"[0.18367346938775517, -0.18367346938775517, 0.04860661049902787, 0.04938271604938271, -0.2, 0.0, 0.0, 0.0, 1.0, 0.7350999394667479, 1.0, 0.0, 0.0, 0.0, 0.0, 0.0, 0.0, 0.0]",135548,74215,N1,dismiss,-0.3,ts,431,1
"[0.19999999999999993, -0.19999999999999993, 0.06666666666666667, 0.02, -0.16, 0.0, 0.0, 0.0, 1.0, 0.7509035883553894, 1.0, 0.0, 0.0, 0.0, 0.0, 0.0, 0.0, 0.0]",71728,40998,N1,dismiss,-0.3,ts,1872,1
"[0.875, -0.875, 0.032508311784262986, 0.0, 0.0, 0.0, 0.0, 0.0, 1.0, 0.9536370316505232, 1.0, 0.0, 0.0, 0.0, 0.0, 0.0, 0.0, 0.0]",82038,16728,N1,dismiss,-0.3,ts,519,1
"[0.4545454545454546, -0.4545454545454546, 0.062030075187969824, 0.014619883040935672, 1.0, 0.0, 0.0, 0.0, 1.0, 0.7408182040546997, 1.0, 0.0, 0.0, 0.0, 0.0, 0.0, 0.0, 0.0]",107170,108828,N1,dismiss,-0.3,ts,497,0
"[0.375, -0.375, -0.4360603653693408, 0.0, 0.0, 0.0, 0.0, 0.0, 1.0, 0.7610702948879243, 1.0, 0.0, 0.0, 0.0, 0.0, 0.0, 0.0, 0.0]",127415,170956,N1,dismiss,-0.3,ts,1749,0
"[0.5584415584415584, -0.5584415584415584, -0.64, -0.6792452830188679, -0.13999999999999999, 0.0, 0.0, 0.0, 1.0, 0.6286745176485996, 1.0, 0.0, 0.0, 0.0, 0.0, 0.0, 0.0, 0.0]",122719,66862,N1,dismiss,-0.3,ts,917,1
"[0.75, -0.75, 0.07799999999999997, -0.11666666666666667, -0.18181818181818182, 0.0, 0.0, 0.0, 1.0, 0.8464921298349981, 1.0, 0.0, 0.0, 0.0, 0.0, 0.0, 0.0, 0.0]",69947,63919,N1,accept,0.825,ts,673,0
"[0.06666666666666672, -0.06666666666666672, -0.38461538461538464, -0.1, 0.12000000000000002, 0.0, 0.0, 0.0, 1.0, 0.6083946646241543, 1.0, 0.0, 0.0, 0.0, 0.0, 0.0, 0.0, 0.0]",57043,135467,N1,dismiss,-0.3,ts,2282,1
"[0.2307692307692307, -0.2307692307692307, -0.2222222222222222, 1.0, 0.44000000000000006, 0.0, 0.0, 0.0, 1.0, 0.5277921166190855, 1.0, 0.0, 0.0, 0.0, 0.0, 0.0, 0.0, 0.0]",79461,39150,N1,dismiss,-0.3,ts,1920,1
"[0.0555555555555556, -0.0555555555555556, -0.16666666666666666, 0.0, -0.10714285714285714, 0.0, 0.0, 0.0, 1.0, 0.6851591657739663, 1.0, 0.0, 0.0, 0.0, 0.0, 0.0, 0.0, 0.0]",111476,105724,N1,accept,0.3388888888888889,ts,1703,1
"[0.8666666666666667, -0.8666666666666667, -0.621, 0.0, 0.0, 0.0, 0.0, 0.0, 1.0, 0.8231919954055178, 1.0, 0.0, 0.0, 0.0, 0.0, 0.0, 0.0, 0.0]",63921,48992,N1,accept,0.9066666666666667,ts,1312,1
"[0.75, -0.75, -0.5381597717546363, -0.011627906976744186, -0.6625, 0.0, 0.0, 0.0, 1.0, 0.706917128182011, 1.0, 0.0, 0.0, 0.0, 0.0, 0.0, 0.0, 0.0]",116466,145532,N1,accept,0.825,ts,1300,1
"[0.28571428571428564, -0.28571428571428564, -0.20634920634920637, -0.029411764705882353, 0.0, 0.0, 0.0, 0.0, 1.0, 0.7748350288905015, 1.0, 0.0, 0.0, 0.0, 0.0, 0.0, 0.0, 0.0]",55348,130086,N1,dismiss,-0.3,ts,2344,1
"[0.56, -0.56, -0.42857142857142855, 1.0, -0.625, 0.0, 0.0, 0.0, 1.0, 0.5504867989833275, 1.0, 0.0, 0.0, 0.0, 0.0, 0.0, 0.0, 0.0]",104681,169349,N1,dismiss,-0.3,ts,916,0
"[0.25, -0.25, 0.09090909090909091, 0.1, 0.49166666666666653, 0.0, 0.0, 0.0, 1.0, 0.6852588678547423, 1.0, 0.0, 0.0, 0.0, 0.0, 0.0, 0.0, 0.0]",110001,165914,N1,dismiss,-0.3,ts,896,0
"[0.041666666666666574, -0.041666666666666574, -0.6251673360107095, 0.6536796536796536, -0.2962962962962963, 0.0, 0.0, 0.0, 1.0, 0.4464002989034202, 1.0, 0.0, 0.0, 0.0, 0.0, 0.0, 0.0, 0.0]",20077,103705,N1,dismiss,-0.3,ts,1867,1
"[0.9142857142857143, -0.9142857142857143, 0.20008587376556464, 0.0, 0.0, 0.0, 0.0, 0.0, 1.0, 0.9037953251339276, 1.0, 0.0, 0.0, 0.0, 0.0, 0.0, 0.0, 0.0]",141777,16728,N1,accept,0.94,ts,790,1
"[0.23076923076923073, -0.23076923076923073, -0.4578571428571428, -0.2409090909090909, 0.1111111111111111, 0.0, 0.0, 0.0, 1.0, 0.6260456862267325, 1.0, 0.0, 0.0, 0.0, 0.0, 0.0, 0.0, 0.0]",114738,81498,N3,accept,0.46153846153846145,ts,1380,1
"[0.5636363636363637, -0.5636363636363637, -0.4541832669322709, -0.027855153203342618, 0.6, 0.0, 0.0, 0.0, 1.0, 0.6898593882045024, 1.0, 0.0, 0.0, 0.0, 0.0, 0.0, 0.0, 0.0]",30202,108839,N1,accept,0.6945454545454546,ts,2241,0
"[0.7555555555555556, -0.7555555555555556, -0.14340918849291542, -0.08, -0.09090909090909091, 0.0, 0.0, 0.0, 1.0, 0.8560533683303158, 1.0, 0.0, 0.0, 0.0, 0.0, 0.0, 0.0, 0.0]",141734,48998,N1,dismiss,-0.3,ts,1570,1
"[0.25, -0.25, 0.0, 0.07453416149068323, 0.13636363636363635, 0.0, 0.0, 0.0, 1.0, 0.7830109453831142, 1.0, 0.0, 0.0, 0.0, 0.0, 0.0, 0.0, 0.0]",43090,117045,N1,dismiss,-0.3,ts,1289,0
"[0.16666666666666666, -0.16666666666666666, -0.10358565737051785, -0.25396825396825395, -0.6153846153846154, 0.0, 0.0, 0.0, 1.0, 0.6078763114891773, 1.0, 0.0, 0.0, 0.0, 0.0, 0.0, 0.0, 0.0]",170958,145577,N1,accept,0.41666666666666663,ts,1977,1
"[0.16666666666666663, -0.16666666666666663, 0.11098779134295228, -0.11282051282051282, -0.020000000000000018, 0.0, 0.0, 0.0, 1.0, 0.7352357426409654, 1.0, 0.0, 0.0, 0.0, 0.0, 0.0, 0.0, 0.0]",83435,87100,N3,dismiss,-0.3,ts,2589,1
"[0.25, -0.25, -0.5708154506437768, -0.008595988538681949, 1.0, 0.0, 0.0, 0.0, 1.0, 0.5525921765486778, 1.0, 0.0, 0.0, 0.0, 0.0, 0.0, 0.0, 0.0]",189369,117045,N1,dismiss,-0.3,ts,1586,0
"[0.64, -0.64, -0.3215400624349636, 0.6818181818181818, -0.4600000000000001, 0.0, 0.0, 0.0, 1.0, 0.6393406062349359, 1.0, 0.0, 0.0, 0.0, 0.0, 0.0, 0.0, 0.0]",191662,128279,N1,dismiss,-0.3,ts,892,0
"[0.2972972972972973, -0.2972972972972973, 0.052770448548812667, -0.2440944881889764, -0.2631578947368421, 0.0, 0.0, 0.0, 1.0, 0.7152849125461873, 1.0, 0.0, 0.0, 0.0, 0.0, 0.0, 0.0, 0.0]",31679,175226,N1,accept,0.5081081081081081,ts,2092,0
"[0.1666666666666667, -0.1666666666666667, -0.13333333333333333, -0.04, -0.039999999999999994, 0.0, 0.0, 0.0, 1.0, 0.7413502371898478, 1.0, 0.0, 0.0, 0.0, 0.0, 0.0, 0.0, 0.0]",40383,156539,N1,dismiss,-0.3,ts,985,0
"[0.604, -0.604, -0.49629629629629635, -0.4588235294117647, -0.3684210526315789, 0.0, 0.0, 0.0, 1.0, 0.6356367491076025, 1.0, 0.0, 0.0, 0.0, 0.0, 0.0, 0.0, 0.0]",115396,108025,N1,dismiss,-0.3,ts,917,0
"[0.4, -0.4, -0.29684601113172543, 0.0, 0.0, 0.0, 0.0, 0.0, 1.0, 0.7947192856371645, 1.0, 0.0, 0.0, 0.0, 0.0, 0.0, 0.0, 0.0]",63943,49005,N1,dismiss,-0.3,ts,1134,1
"[0.28571428571428575, -0.28571428571428575, 0.0, 0.11363636363636363, 0.0, 0.0, 0.0, 0.0, 1.0, 0.820537205423484, 1.0, 0.0, 0.0, 0.0, 0.0, 0.0, 0.0, 0.0]",170134,127333,N1,dismiss,-0.3,ts,489,0
"[0.25, -0.25, -0.2515625, -0.09045226130653267, -0.030303030303030304, 0.0, 0.0, 0.0, 1.0, 0.7268733374162396, 1.0, 0.0, 0.0, 0.0, 0.0, 0.0, 0.0, 0.0]",69111,129198,N1,dismiss,-0.3,ts,862,1
"[0.4583333333333333, -0.4583333333333333, -0.3461377870563674, 0.02, 0.07999999999999999, 0.0, 0.0, 0.0, 1.0, 0.7711205717282401, 1.0, 0.0, 0.0, 0.0, 0.0, 0.0, 0.0, 0.0]",141805,123325,N1,accept,0.6208333333333333,ts,600,1
"[0.1666666666666667, -0.1666666666666667, -0.15503875968992248, -0.03669724770642202, 0.0, 0.0, 0.0, 0.0, 1.0, 0.7472928128791391, 1.0, 0.0, 0.0, 0.0, 0.0, 0.0, 0.0, 0.0]",92712,143384,N1,dismiss,-0.3,ts,1499,1
"[0.11764705882352951, -0.11764705882352951, -0.6587646076794657, -0.18, -0.039999999999999994, 0.0, 0.0, 0.0, 1.0, 0.5903434434275853, 1.0, 0.0, 0.0, 0.0, 0.0, 0.0, 0.0, 0.0]",18053,122734,N1,dismiss,-0.3,ts,2624,1
"[0.04494382022471914, -0.04494382022471914, -0.2535714285714286, -0.08064516129032258, 0.0, 0.0, 0.0, 0.0, 1.0, 0.6649279362905083, 1.0, 0.0, 0.0, 0.0, 0.0, 0.0, 0.0, 0.0]",79360,18005,N1,dismiss,-0.3,ts,1960,0
"[0.41176470588235287, -0.41176470588235287, -0.10614525139664797, 0.12, 0.24, 0.0, 0.0, 0.0, 1.0, 0.7599295455936875, 1.0, 0.0, 0.0, 0.0, 0.0, 0.0, 0.0, 0.0]",63626,58615,N1,dismiss,-0.3,ts,751,0
"[0.7, -0.7, -0.34684095860566444, 0.41284403669724773, -0.48888888888888893, 0.0, 0.0, 0.0, 1.0, 0.667510071417491, 1.0, 0.0, 0.0, 0.0, 0.0, 0.0, 0.0, 0.0]",164354,115951,N1,dismiss,-0.3,ts,765,1
"[0.625, -0.625, 0.066711140760507, -0.08904109589041095, -0.13333333333333333, 0.0, 0.0, 0.0, 1.0, 0.8489572716197578, 1.0, 0.0, 0.0, 0.0, 0.0, 0.0, 0.0, 0.0]",128284,128247,N1,dismiss,-0.3,ts,2050,0
"[0.5636363636363637, -0.5636363636363637, 0.12023898431665417, -0.016901408450704224, 0.8181818181818182, 0.0, 0.0, 0.0, 1.0, 0.7536395553740498, 1.0, 0.0, 0.0, 0.0, 0.0, 0.0, 0.0, 0.0]",123260,107563,N1,dismiss,-0.3,ts,1974,1
"[0.05882352941176463, -0.05882352941176463, 0.0, 0.0, 0.0, 0.0, 0.0, 0.0, 1.0, 0.7720017551625592, 1.0, 0.0, 0.0, 0.0, 0.0, 0.0, 0.0, 0.0]",56819,152518,N1,dismiss,-0.3,ts,1383,1
"[0.30000000000000004, -0.30000000000000004, -0.2663949610967024, 0.04198473282442748, 0.0, 0.0, 0.0, 0.0, 1.0, 0.7607866701733167, 1.0, 0.0, 0.0, 0.0, 0.0, 0.0, 0.0, 0.0]",107855,133081,N1,dismiss,-0.3,ts,775,0
"[0.9285714285714285, -0.9285714285714285, -0.4172461752433937, 0.031446540880503145, 0.6901408450704226, 0.0, 0.0, 0.0, 1.0, 0.7363511691399339, 1.0, 0.0, 0.0, 0.0, 0.0, 0.0, 0.0, 0.0]",87864,57551,N1,dismiss,-0.3,ts,2069,0
"[0.25, -0.25, 0.09090909090909091, 0.06944444444444445, -0.005555555555555635, 0.0, 0.0, 0.0, 1.0, 0.7852312004718296, 1.0, 0.0, 0.0, 0.0, 0.0, 0.0, 0.0, 0.0]",164892,165914,N1,dismiss,-0.3,ts,1644,0
"[0.24999999999999997, -0.24999999999999997, -0.4117647058823529, 0.0, 0.0, 0.0, 0.0, 0.0, 1.0, 0.7273653355460075, 1.0, 0.0, 0.0, 0.0, 0.0, 0.0, 0.0, 0.0]",51607,174753,N1,dismiss,-0.3,ts,1752,0
"[0.15, -0.15, 0.17937500000000006, -0.48333333333333334, -0.58, 0.0, 0.0, 0.0, 1.0, 0.5491046509484763, 1.0, 0.0, 0.0, 0.0, 0.0, 0.0, 0.0, 0.0]",18616,79359,N1,dismiss,-0.3,ts,2157,0
"[0.16216216216216217, -0.16216216216216217, -0.16666666666666666, 0.08461538461538462, 0.020833333333333447, 0.0, 0.0, 0.0, 1.0, 0.7234709814458078, 1.0, 0.0, 0.0, 0.0, 0.0, 0.0, 0.0, 0.0]",91969,91957,N1,accept,0.4135135135135135,ts,1496,0
"[0.30000000000000004, -0.30000000000000004, 0.1799498746867168, 0.10561056105610561, 0.0, 0.0, 0.0, 0.0, 1.0, 0.7664632598843775, 1.0, 0.0, 0.0, 0.0, 0.0, 0.0, 0.0, 0.0]",169373,87090,N1,dismiss,-0.3,ts,1846,1
"[0.75, -0.75, 0.07799999999999997, -0.11666666666666667, -0.18181818181818182, 0.0, 0.0, 0.0, 1.0, 0.8464921298349981, 1.0, 0.0, 0.0, 0.0, 0.0, 0.0, 0.0, 0.0]",69947,63919,N1,dismiss,-0.3,ts,2105,0
"[0.1666666666666667, -0.1666666666666667, 0.2, 0.0, 0.0, 0.0, 0.0, 0.0, 1.0, 0.7452936748080553, 1.0, 0.0, 0.0, 0.0, 0.0, 0.0, 0.0, 0.0]",18364,61090,N1,dismiss,-0.3,ts,1352,0
"[0.8666666666666667, -0.8666666666666667, 0.0, -0.3978494623655914, -0.07999999999999999, 0.0, 0.0, 0.0, 1.0, 0.8609422167584742, 1.0, 0.0, 0.0, 0.0, 0.0, 0.0, 0.0, 0.0]",126323,74186,N3,accept,0.9066666666666667,ts,1378,1
"[0.296, -0.296, -0.166, -0.04519774011299435, -0.07692307692307693, 0.0, 0.0, 0.0, 1.0, 0.7633821599030702, 1.0, 0.0, 0.0, 0.0, 0.0, 0.0, 0.0, 0.0]",108827,108746,N1,dismiss,-0.3,ts,1083,1
"[0.3636363636363637, -0.3636363636363637, -0.002317113538563399, 0.0, 0.0, 0.0, 0.0, 0.0, 1.0, 0.8733517342246455, 1.0, 0.0, 0.0, 0.0, 0.0, 0.0, 0.0, 0.0]",15528,74278,N1,dismiss,-0.3,ts,1482,1
"[0.5, -0.5, -0.10344827586206896, 0.0, 0.0, 0.0, 0.0, 0.0, 1.0, 0.8714079900606294, 1.0, 0.0, 0.0, 0.0, 0.0, 0.0, 0.0, 0.0]",70828,129946,N1,dismiss,-0.3,ts,1957,0
"[0.25, -0.25, 0.0, 0.07453416149068323, 0.13636363636363635, 0.0, 0.0, 0.0, 1.0, 0.7830109453831142, 1.0, 0.0, 0.0, 0.0, 0.0, 0.0, 0.0, 0.0]",43090,117045,N1,accept,0.475,ts,609,0
"[0.20000000000000007, -0.20000000000000007, -0.20364050056882826, -0.11888111888111888, 0.14285714285714285, 0.0, 0.0, 0.0, 1.0, 0.6868996987666001, 1.0, 0.0, 0.0, 0.0, 0.0, 0.0, 0.0, 0.0]",115366,115390,N1,dismiss,-0.3,ts,2367,0
"[0.25000000000000006, -0.25000000000000006, 0.0, 0.08, -0.059999999999999984, 0.0, 0.0, 0.0, 1.0, 0.8004489834402018, 1.0, 0.0, 0.0, 0.0, 0.0, 0.0, 0.0, 0.0]",85228,110598,N1,dismiss,-0.3,ts,2782,0
"[0.20000000000000007, -0.20000000000000007, -0.12025316455696208, -0.05056179775280899, 0.0, 0.0, 0.0, 0.0, 1.0, 0.7656472846313683, 1.0, 0.0, 0.0, 0.0, 0.0, 0.0, 0.0, 0.0]",116201,108746,N1,dismiss,-0.3,ts,952,1
"[0.33333333333333337, -0.33333333333333337, -0.03710575139146568, 0.05263157894736842, 0.20879120879120883, 0.0, 0.0, 0.0, 1.0, 0.7850330737942559, 1.0, 0.0, 0.0, 0.0, 0.0, 0.0, 0.0, 0.0]",63943,49082,N1,dismiss,-0.3,ts,788,0
"[0.29999999999999993, -0.29999999999999993, -0.48148148148148145, -0.3020408163265306, 0.1111111111111111, 0.0, 0.0, 0.0, 1.0, 0.6339237983594747, 1.0, 0.0, 0.0, 0.0, 0.0, 0.0, 0.0, 0.0]",127333,114737,N6,dismiss,-0.3,ts,438,1
"[0.1250000000000001, -0.1250000000000001, -0.041666666666666664, -0.015625, 0.07999999999999999, 0.0, 0.0, 0.0, 1.0, 0.753548736419283, 1.0, 0.0, 0.0, 0.0, 0.0, 0.0, 0.0, 0.0]",30711,82101,N1,dismiss,-0.3,ts,1396,1
"[0.20000000000000007, -0.20000000000000007, -0.2794444444444444, -0.042735042735042736, 1.0, 0.0, 0.0, 0.0, 1.0, 0.5754148332000193, 1.0, 0.0, 0.0, 0.0, 0.0, 0.0, 0.0, 0.0]",30103,107554,N1,dismiss,-0.3,ts,1837,1
"[0.5636363636363637, -0.5636363636363637, 0.12023898431665417, -0.016901408450704224, 0.8181818181818182, 0.0, 0.0, 0.0, 1.0, 0.7536395553740498, 1.0, 0.0, 0.0, 0.0, 0.0, 0.0, 0.0, 0.0]",123260,107563,N1,accept,0.6945454545454546,ts,2508,1
"[0.25, -0.25, -0.316628701594533, -0.011428571428571429, 0.13636363636363635, 0.0, 0.0, 0.0, 1.0, 0.7065666744509789, 1.0, 0.0, 0.0, 0.0, 0.0, 0.0, 0.0, 0.0]",117111,117045,N1,dismiss,-0.3,ts,2106,0
"[0.22164948453608244, -0.22164948453608244, -0.2631578947368421, -0.0641399416909621, -0.07692307692307693, 0.0, 0.0, 0.0, 1.0, 0.7088927203903614, 1.0, 0.0, 0.0, 0.0, 0.0, 0.0, 0.0, 0.0]",104962,103704,N1,dismiss,-0.3,ts,2759,1
"[0.20000000000000007, -0.20000000000000007, -0.0719734660033167, -0.016713091922005572, 0.2, 0.0, 0.0, 0.0, 1.0, 0.7416318447803406, 1.0, 0.0, 0.0, 0.0, 0.0, 0.0, 0.0, 0.0]",30201,88669,N1,dismiss,-0.3,ts,1188,1
"[0.25, -0.25, -0.316628701594533, -0.011428571428571429, 0.13636363636363635, 0.0, 0.0, 0.0, 1.0, 0.7065666744509789, 1.0, 0.0, 0.0, 0.0, 0.0, 0.0, 0.0, 0.0]",117111,117045,N1,dismiss,-0.3,ts,2314,0
"[0.018181818181818195, -0.018181818181818195, 0.060698027314112286, 0.0, 0.0, 0.0, 0.0, 0.0, 1.0, 0.7339531141075869, 1.0, 0.0, 0.0, 0.0, 0.0, 0.0, 0.0, 0.0]",49870,147468,N1,dismiss,-0.3,ts,1138,0
"[0.7954545454545455, -0.7954545454545455, -0.41470994475138123, 0.13095238095238096, -0.23333333333333334, 0.0, 0.0, 0.0, 1.0, 0.7546522405081744, 1.0, 0.0, 0.0, 0.0, 0.0, 0.0, 0.0, 0.0]",135543,89765,N1,dismiss,-0.3,ts,2160,0
"[0.55, -0.55, 0.0, 0.006872852233676976, 0.0, 0.0, 0.0, 0.0, 1.0, 0.9173977756641208, 1.0, 0.0, 0.0, 0.0, 0.0, 0.0, 0.0, 0.0]",106148,106147,N1,dismiss,-0.3,ts,550,0
"[0.616, -0.616, -0.15250000000000002, -0.01977401129943503, 0.6923076923076923, 0.0, 0.0, 0.0, 1.0, 0.7611173127590977, 1.0, 0.0, 0.0, 0.0, 0.0, 0.0, 0.0, 0.0]",108827,108828,N1,dismiss,-0.3,ts,2737,0
"[0.32307692307692315, -0.32307692307692315, -0.3504736129905278, 0.6216216216216216, 0.45999999999999996, 0.0, 0.0, 0.0, 1.0, 0.564751038605639, 1.0, 0.0, 0.0, 0.0, 0.0, 0.0, 0.0, 0.0]",175208,59424,N1,dismiss,-0.3,ts,2795,1
"[0.8833333333333333, -0.8833333333333333, -0.2159090909090909, -0.3368421052631579, -0.18, 0.0, 0.0, 0.0, 1.0, 0.7779964498937545, 1.0, 0.0, 0.0, 0.0, 0.0, 0.0, 0.0, 0.0]",122720,82101,N1,accept,0.9183333333333332,ts,2848,1
"[0.2, -0.2, 0.0035087719298245758, -0.1103202846975089, 1.0, 0.0, 0.0, 0.0, 1.0, 0.6482041878622637, 1.0, 0.0, 0.0, 0.0, 0.0, 0.0, 0.0, 0.0]",60954,170190,N1,dismiss,-0.3,ts,729,1
"[0.20000000000000004, -0.20000000000000004, -0.11148148148148146, -0.40816326530612246, 0.16666666666666666, 0.0, 0.0, 0.0, 1.0, 0.6566446277478687, 1.0, 0.0, 0.0, 0.0, 0.0, 0.0, 0.0, 0.0]",127333,155856,N1,dismiss,-0.3,ts,1703,0
"[0.5599999999999999, -0.5599999999999999, -0.2137240886347391, 0.34050179211469533, 1.0, 0.0, 0.0, 0.0, 1.0, 0.6396792224649837, 1.0, 0.0, 0.0, 0.0, 0.0, 0.0, 0.0, 0.0]",185581,89763,N1,dismiss,-0.3,ts,713,1
"[0.09090909090909098, -0.09090909090909098, -0.40595399188092024, -0.08616187989556136, -0.15384615384615385, 0.0, 0.0, 0.0, 1.0, 0.6092103952960706, 1.0, 0.0, 0.0, 0.0, 0.0, 0.0, 0.0, 0.0]",30022,117111,N1,dismiss,-0.3,ts,2141,1
"[0.842857142857143, -0.842857142857143, -0.40372670807453415, 0.04529616724738676, -0.18181818181818182, 0.0, 0.0, 0.0, 1.0, 0.7935388979790138, 1.0, 0.0, 0.0, 0.0, 0.0, 0.0, 0.0, 0.0]",91072,59424,N1,dismiss,-0.3,ts,2072,1
"[0.28476821192052976, -0.28476821192052976, 0.0, -0.021806853582554516, -0.4166666666666667, 0.0, 0.0, 0.0, 1.0, 0.7595229641394782, 1.0, 0.0, 0.0, 0.0, 0.0, 0.0, 0.0, 0.0]",103704,145523,N1,dismiss,-0.3,ts,2290,0
"[0.3, -0.3, -0.09090909090909091, 0.46, -0.08000000000000003, 0.0, 0.0, 0.0, 1.0, 0.709824759435147, 1.0, 0.0, 0.0, 0.0, 0.0, 0.0, 0.0, 0.0]",38740,41068,N1,dismiss,-0.3,ts,2950,0
"[0.16666666666666666, -0.16666666666666666, -0.6376481312670921, -0.17275747508305647, -0.25, 0.0, 0.0, 0.0, 1.0, 0.5642572660436715, 1.0, 0.0, 0.0, 0.0, 0.0, 0.0, 0.0, 0.0]",116369,41685,N1,dismiss,-0.3,ts,2540,1
"[0.75, -0.75, 0.0, -0.31139240506329113, -0.98, 0.0, 0.0, 0.0, 1.0, 0.7539212979586463, 1.0, 0.0, 0.0, 0.0, 0.0, 0.0, 0.0, 0.0]",121907,134921,N1,dismiss,-0.3,ts,2669,1
"[0.217391304347826, -0.217391304347826, -0.6754716981132075, 0.002849002849002849, 0.11428571428571425, 0.0, 0.0, 0.0, 1.0, 0.6490474015870203, 1.0, 0.0, 0.0, 0.0, 0.0, 0.0, 0.0, 0.0]",39517,105899,N1,dismiss,-0.3,ts,2525,1
"[0.25, -0.25, 0.0, 0.0, -0.10714285714285714, 0.0, 0.0, 0.0, 1.0, 0.8106570116385049, 1.0, 0.0, 0.0, 0.0, 0.0, 0.0, 0.0, 0.0]",43098,117045,N1,dismiss,-0.3,ts,1128,0
"[0.09090909090909098, -0.09090909090909098, -0.4, 0.06790123456790123, 0.25, 0.0, 0.0, 0.0, 1.0, 0.5956788129811849, 1.0, 0.0, 0.0, 0.0, 0.0, 0.0, 0.0, 0.0]",162891,117053,N1,dismiss,-0.3,ts,797,1
"[0.8447058823529412, -0.8447058823529412, -0.41420256111757864, -0.017793594306049824, -0.14285714285714285, 0.0, 0.0, 0.0, 1.0, 0.808076065507588, 1.0, 0.0, 0.0, 0.0, 0.0, 0.0, 0.0, 0.0]",21089,108025,N1,dismiss,-0.3,ts,1681,1
"[0.20000000000000007, -0.20000000000000007, -0.20398009950248752, -0.04178272980501393, -0.04, 0.0, 0.0, 0.0, 1.0, 0.7322713052444612, 1.0, 0.0, 0.0, 0.0, 0.0, 0.0, 0.0, 0.0]",29710,31975,N1,dismiss,-0.3,ts,1643,1
"[0.27999999999999997, -0.27999999999999997, -0.07452093683463454, 1.0, -0.78, 0.0, 0.0, 0.0, 1.0, 0.5645640780394282, 1.0, 0.0, 0.0, 0.0, 0.0, 0.0, 0.0, 0.0]",154734,128279,N1,dismiss,-0.3,ts,802,0
"[0.6875, -0.6875, -0.4117647058823529, 1.0, 0.8333333333333334, 0.0, 0.0, 0.0, 1.0, 0.562625122959725, 1.0, 0.0, 0.0, 0.0, 0.0, 0.0, 0.0, 0.0]",18437,93863,N1,dismiss,-0.3,ts,625,1
"[0.3636363636363637, -0.3636363636363637, 0.14285714285714285, 0.028169014084507043, 0.36363636363636365, 0.0, 0.0, 0.0, 1.0, 0.7388385917974343, 1.0, 0.0, 0.0, 0.0, 0.0, 0.0, 0.0, 0.0]",123011,123174,N1,dismiss,-0.3,ts,821,0
"[0.2450980392156862, -0.2450980392156862, 0.11126564673157162, -0.22846441947565543, 0.8, 0.0, 0.0, 0.0, 1.0, 0.6233492555706219, 1.0, 0.0, 0.0, 0.0, 0.0, 0.0, 0.0, 0.0]",128242,138627,N1,dismiss,-0.3,ts,1966,1
"[0.8285714285714286, -0.8285714285714286, -0.522463768115942, 0.68, 0.55, 0.0, 0.0, 0.0, 1.0, 0.6203403653485181, 1.0, 0.0, 0.0, 0.0, 0.0, 0.0, 0.0, 0.0]",71136,170138,N1,dismiss,-0.3,ts,1463,0
"[0.3636363636363637, -0.3636363636363637, 0.0, 0.016713091922005572, 0.15384615384615385, 0.0, 0.0, 0.0, 1.0, 0.8296166021577667, 1.0, 0.0, 0.0, 0.0, 0.0, 0.0, 0.0, 0.0]",123551,123174,N1,dismiss,-0.3,ts,1748,0
"[0.09090909090909098, -0.09090909090909098, -0.44372594303310237, 0.0, 0.0, 0.0, 0.0, 0.0, 1.0, 0.666221858709415, 1.0, 0.0, 0.0, 0.0, 0.0, 0.0, 0.0, 0.0]",43671,142277,N1,dismiss,-0.3,ts,951,1
"[0.5599999999999999, -0.5599999999999999, 0.1733193277310925, -0.03260869565217391, -0.21428571428571427, 0.0, 0.0, 0.0, 1.0, 0.8011098453972897, 1.0, 0.0, 0.0, 0.0, 0.0, 0.0, 0.0, 0.0]",87447,85282,N1,dismiss,-0.3,ts,2490,0
"[0.33333333333333326, -0.33333333333333326, -0.6798550724637681, 0.17475728155339806, 0.0, 0.0, 0.0, 0.0, 1.0, 0.672630863901695, 1.0, 0.0, 0.0, 0.0, 0.0, 0.0, 0.0, 0.0]",54732,110166,N1,dismiss,-0.3,ts,2912,1
"[0.25, -0.25, 0.0, -0.008595988538681949, 0.08695652173913043, 0.0, 0.0, 0.0, 1.0, 0.8130880893622596, 1.0, 0.0, 0.0, 0.0, 0.0, 0.0, 0.0, 0.0]",57106,117045,N1,dismiss,-0.3,ts,614,0
"[0.0666666666666666, -0.0666666666666666, 0.0, -0.2328767123287671, 0.1111111111111111, 0.0, 0.0, 0.0, 1.0, 0.689176913736021, 1.0, 0.0, 0.0, 0.0, 0.0, 0.0, 0.0, 0.0]",127690,139086,N1,dismiss,-0.3,ts,1736,1
"[0.5932203389830508, -0.5932203389830508, -0.5128205128205129, 0.025362318840579712, 0.0, 0.0, 0.0, 0.0, 1.0, 0.7921218665615366, 1.0, 0.0, 0.0, 0.0, 0.0, 0.0, 0.0, 0.0]",63936,49000,N1,dismiss,-0.3,ts,1813,1
"[0.3647058823529411, -0.3647058823529411, 0.125, -0.75, -0.44000000000000006, 0.0, 0.0, 0.0, 1.0, 0.6260252714364901, 1.0, 0.0, 0.0, 0.0, 0.0, 0.0, 0.0, 0.0]",71734,81128,N1,dismiss,-0.3,ts,1494,0
"[0.125, -0.125, 0.0, -0.06666666666666667, 0.0, 0.0, 0.0, 0.0, 1.0, 0.777609297833477, 1.0, 0.0, 0.0, 0.0, 0.0, 0.0, 0.0, 0.0]",139964,175348,N1,dismiss,-0.3,ts,596,1
"[0.09090909090909098, -0.09090909090909098, -0.06833333333333336, 0.1686746987951807, -0.19230769230769232, 0.0, 0.0, 0.0, 1.0, 0.6674891245990102, 1.0, 0.0, 0.0, 0.0, 0.0, 0.0, 0.0, 0.0]",162894,16906,N1,dismiss,-0.3,ts,1624,1
"[0.06666666666666654, -0.06666666666666654, -0.026350461133069828, -0.14246575342465753, -0.13636363636363635, 0.0, 0.0, 0.0, 1.0, 0.6916546600964453, 1.0, 0.0, 0.0, 0.0, 0.0, 0.0, 0.0, 0.0]",141844,16911,N1,dismiss,-0.3,ts,1829,0
"[0.20000000000000004, -0.20000000000000004, -0.4444444444444444, -0.5061224489795918, 0.1111111111111111, 0.0, 0.0, 0.0, 1.0, 0.5796715609809813, 1.0, 0.0, 0.0, 0.0, 0.0, 0.0, 0.0, 0.0]",127333,63222,N1,dismiss,-0.3,ts,2081,1
"[0.5636363636363637, -0.5636363636363637, -0.3181818181818182, 0.10826210826210826, 0.7142857142857143, 0.0, 0.0, 0.0, 1.0, 0.684759117069591, 1.0, 0.0, 0.0, 0.0, 0.0, 0.0, 0.0, 0.0]",151838,107588,N1,dismiss,-0.3,ts,410,1
"[0.24999999999999997, -0.24999999999999997, -0.46371428571428575, -0.12301587301587301, -0.25, 0.0, 0.0, 0.0, 1.0, 0.6269674754267696, 1.0, 0.0, 0.0, 0.0, 0.0, 0.0, 0.0, 0.0]",115390,104466,N1,dismiss,-0.3,ts,1387,1
"[0.6666666666666667, -0.6666666666666667, -0.6632478632478633, 0.1828793774319066, 0.2, 0.0, 0.0, 0.0, 1.0, 0.6980782022775677, 1.0, 0.0, 0.0, 0.0, 0.0, 0.0, 0.0, 0.0]",130292,141757,N1,dismiss,-0.3,ts,1874,1
"[0.09999999999999998, -0.09999999999999998, 0.0027855153203343017, -0.020172910662824207, 0.0, 0.0, 0.0, 0.0, 1.0, 0.7801787354284265, 1.0, 0.0, 0.0, 0.0, 0.0, 0.0, 0.0, 0.0]",82377,123856,N1,accept,0.37,ts,608,1
"[0.75, -0.75, 0.0, 0.0, 0.0, 0.0, 0.0, 0.0, 1.0, 0.9523252675504453, 1.0, 0.0, 0.0, 0.0, 0.0, 0.0, 0.0, 0.0]",129174,93843,N1,accept,0.825,ts,1764,0
"[0.24999999999999992, -0.24999999999999992, -0.18808777429467086, -0.007194244604316547, -0.02439024390243908, 0.0, 0.0, 0.0, 1.0, 0.7676014166610969, 1.0, 0.0, 0.0, 0.0, 0.0, 0.0, 0.0, 0.0]",113424,125887,N1,dismiss,-0.3,ts,2261,0
"[0.8833333333333333, -0.8833333333333333, -0.6206206206206206, 0.11564625850340136, -0.48958333333333326, 0.0, 0.0, 0.0, 1.0, 0.7001802402060455, 1.0, 0.0, 0.0, 0.0, 0.0, 0.0, 0.0, 0.0]",16681,49086,N1,dismiss,-0.3,ts,749,0
"[0.26666666666666666, -0.26666666666666666, 0.05772136597159252, 0.09554140127388536, 0.125, 0.0, 0.0, 0.0, 1.0, 0.7639113047871336, 1.0, 0.0, 0.0, 0.0, 0.0, 0.0, 0.0, 0.0]",104690,169335,N1,accept,0.48666666666666664,ts,1176,1
"[0.25, -0.25, -0.3834917458729365, -0.001215066828675577, 0.0, 0.0, 0.0, 0.0, 1.0, 0.7321076440419114, 1.0, 0.0, 0.0, 0.0, 0.0, 0.0, 0.0, 0.0]",30337,189231,N1,accept,0.475,ts,1668,1
"[0.4444444444444445, -0.4444444444444445, 0.10401459854014582, -0.54, -0.6, 0.0, 0.0, 0.0, 1.0, 0.6542508615673612, 1.0, 0.0, 0.0, 0.0, 0.0, 0.0, 0.0, 0.0]",169353,132873,N1,dismiss,-0.3,ts,1321,0
"[0.5555555555555556, -0.35, -0.41692307692307695, 0.0, 0.0, 0.0, 0.0, 0.0, 1.0, 0.7572625285445833, 1.0, 0.0, 0.0, 0.0, 0.0, 0.0, 0.0, 0.0]",63920,48992,N1,dismiss,-0.3,ts,656,1
"[0.15, -0.15, -0.3033333333333334, -0.08064516129032258, -0.2, 0.0, 0.0, 0.0, 1.0, 0.6425573796525078, 1.0, 0.0, 0.0, 0.0, 0.0, 0.0, 0.0, 0.0]",41650,18005,N1,dismiss,-0.3,ts,2869,1
"[0.5636363636363637, -0.5636363636363637, -0.058333333333333376, -0.0169971671388102, 0.5714285714285714, 0.0, 0.0, 0.0, 1.0, 0.7929707233257425, 1.0, 0.0, 0.0, 0.0, 0.0, 0.0, 0.0, 0.0]",87720,108828,N1,dismiss,-0.3,ts,733,0
"[0.5636363636363637, -0.5636363636363637, -0.25, -0.014124293785310734, 0.5384615384615384, 0.0, 0.0, 0.0, 1.0, 0.7403962779261166, 1.0, 0.0, 0.0, 0.0, 0.0, 0.0, 0.0, 0.0]",108743,107563,N1,accept,0.6945454545454546,ts,1814,1
"[0.1666666666666667, -0.1666666666666667, 0.0, 0.3, 0.22000000000000003, 0.0, 0.0, 0.0, 1.0, 0.6901568741775026, 1.0, 0.0, 0.0, 0.0, 0.0, 0.0, 0.0, 0.0]",29439,61090,N1,accept,0.4166666666666667,ts,1438,0
"[0.5, -0.5, -0.04432132963988923, -0.17732558139534885, -0.6758620689655173, 0.0, 0.0, 0.0, 1.0, 0.7358535109656288, 1.0, 0.0, 0.0, 0.0, 0.0, 0.0, 0.0, 0.0]",123511,185510,N6,dismiss,-0.3,ts,1437,1
"[0.3333333333333333, -0.3333333333333333, -0.48406676783004554, -0.44761904761904764, -0.6129032258064516, 0.0, 0.0, 0.0, 1.0, 0.546792220645576, 1.0, 0.0, 0.0, 0.0, 0.0, 0.0, 0.0, 0.0]",170138,175100,N6,dismiss,-0.3,ts,2985,1
"[0.5, -0.5, -0.033333333333333375, -0.744927536231884, -0.23999999999999994, 0.0, 0.0, 0.0, 1.0, 0.722516941965584, 1.0, 0.0, 0.0, 0.0, 0.0, 0.0, 0.0, 0.0]",19594,19600,N6,accept,0.6499999999999999,ts,610,0
"[0.11111111111111104, -0.11111111111111104, 0.14184397163120568, 0.27555555555555555, -0.19117647058823528, 0.0, 0.0, 0.0, 1.0, 0.6306699196063179, 1.0, 0.0, 0.0, 0.0, 0.0, 0.0, 0.0, 0.0]",48746,91072,N6,dismiss,-0.3,ts,1624,1
"[0.2, -0.07, -0.29684601113172543, 0.0, 0.0, 0.0, 0.0, 0.0, 1.0, 0.6866108486748183, 1.0, 0.0, 0.0, 0.0, 0.0, 0.0, 0.0, 0.0]",63919,48992,N1,dismiss,-0.3,ts,830,1
"[0.5, -0.5, -0.12990777338603424, 1.0, 0.2727272727272727, 0.0, 0.0, 0.0, 1.0, 0.6540070179142446, 1.0, 0.0, 0.0, 0.0, 0.0, 0.0, 0.0, 0.0]",85795,61314,N6,dismiss,-0.3,ts,2759,1
"[0.09090909090909098, -0.09090909090909098, -0.5940460081190798, -0.05571847507331378, -0.08333333333333333, 0.0, 0.0, 0.0, 1.0, 0.6059960425915598, 1.0, 0.0, 0.0, 0.0, 0.0, 0.0, 0.0, 0.0]",30023,43089,N6,dismiss,-0.3,ts,1882,1
"[0.20000000000000007, -0.20000000000000007, -0.20398009950248752, -0.03064066852367688, -0.07692307692307693, 0.0, 0.0, 0.0, 1.0, 0.7255235985070192, 1.0, 0.0, 0.0, 0.0, 0.0, 0.0, 0.0, 0.0]",43372,31966,N6,dismiss,-0.3,ts,2289,1
"[0.05882352941176463, -0.05882352941176463, 0.0, 0.0, 0.0, 0.0, 0.0, 0.0, 1.0, 0.7720017551625592, 1.0, 0.0, 0.0, 0.0, 0.0, 0.0, 0.0, 0.0]",56819,152518,N1,dismiss,-0.3,ts,1260,1
"[0.1666666666666667, -0.1666666666666667, -0.52, -0.9, -0.8363636363636363, 0.0, 0.0, 0.0, 1.0, 0.43487558982697444, 1.0, 0.0, 0.0, 0.0, 0.0, 0.0, 0.0, 0.0]",41388,61090,N1,dismiss,-0.3,ts,501,1
"[0.24242424242424238, -0.24242424242424238, 0.0344827586206897, 1.0, -0.16000000000000006, 0.0, 0.0, 0.0, 1.0, 0.6346719701420196, 1.0, 0.0, 0.0, 0.0, 0.0, 0.0, 0.0, 0.0]",182863,19594,N6,dismiss,-0.3,ts,1957,1
"[0.44999999999999996, -0.44999999999999996, -0.3336809176225235, -0.043478260869565216, -0.2, 0.0, 0.0, 0.0, 1.0, 0.7377324301310768, 1.0, 0.0, 0.0, 0.0, 0.0, 0.0, 0.0, 0.0]",43346,74280,N6,dismiss,-0.3,ts,446,1
"[0.65, -0.65, 0.03710575139146568, -0.20212765957446807, -0.08333333333333333, 0.0, 0.0, 0.0, 1.0, 0.8505116913374884, 1.0, 0.0, 0.0, 0.0, 0.0, 0.0, 0.0, 0.0]",63878,16731,N6,dismiss,-0.3,ts,2351,1
"[0.14, -0.14, -0.323238566131026, 0.0, 0.0, 0.0, 0.0, 0.0, 1.0, 0.7065192485809642, 1.0, 0.0, 0.0, 0.0, 0.0, 0.0, 0.0, 0.0]",74215,69993,N6,dismiss,-0.3,ts,2268,0
"[0.5636363636363637, -0.5636363636363637, 0.09600000000000009, 1.0, 1.0, 0.0, 0.0, 0.0, 1.0, 0.5994018508787701, 1.0, 0.0, 0.0, 0.0, 0.0, 0.0, 0.0, 0.0]",142264,108839,N1,dismiss,-0.3,ts,1845,1
"[0.4444444444444445, -0.4444444444444445, 0.10401459854014582, -0.54, -0.6, 0.0, 0.0, 0.0, 1.0, 0.6542508615673612, 1.0, 0.0, 0.0, 0.0, 0.0, 0.0, 0.0, 0.0]",169353,132873,N6,dismiss,-0.3,ts,2714,0
"[0.5370370370370371, -0.5370370370370371, -0.2713636363636363, -0.8087431693989071, -0.06000000000000005, 0.0, 0.0, 0.0, 1.0, 0.6958125988425242, 1.0, 0.0, 0.0, 0.0, 0.0, 0.0, 0.0, 0.0]",104492,115984,N6,dismiss,-0.3,ts,2756,1
"[0.1666666666666667, -0.1666666666666667, -0.7180327868852459, 0.005714285714285714, 0.03999999999999997, 0.0, 0.0, 0.0, 1.0, 0.6455649444844354, 1.0, 0.0, 0.0, 0.0, 0.0, 0.0, 0.0, 0.0]",15687,105899,N1,dismiss,-0.3,ts,2798,1
"[0.09999999999999996, -0.09999999999999996, 0.0, -0.1005586592178771, 0.0, 0.0, 0.0, 0.0, 1.0, 0.7598937305521247, 1.0, 0.0, 0.0, 0.0, 0.0, 0.0, 0.0, 0.0]",127521,108202,N6,dismiss,-0.3,ts,2987,0
"[0.1666666666666667, -0.1666666666666667, 0.1, 1.0, 1.0, 0.0, 0.0, 0.0, 1.0, 0.4789161730664955, 1.0, 0.0, 0.0, 0.0, 0.0, 0.0, 0.0, 0.0]",37985,41688,N1,dismiss,-0.3,ts,716,1
"[0.5636363636363637, -0.5636363636363637, -0.22954545454545458, -0.011396011396011397, 0.5714285714285714, 0.0, 0.0, 0.0, 1.0, 0.7429992451003153, 1.0, 0.0, 0.0, 0.0, 0.0, 0.0, 0.0, 0.0]",151838,108828,N6,dismiss,-0.3,ts,2685,0
"[0.7916666666666666, -0.7916666666666666, 0.19799999999999998, 0.0, 0.0, 0.0, 0.0, 0.0, 1.0, 0.8920518166839673, 1.0, 0.0, 0.0, 0.0, 0.0, 0.0, 0.0, 0.0]",40487,16729,N6,dismiss,-0.3,ts,1416,1
"[0.8714285714285714, -0.8714285714285714, -0.2309859154929577, -0.9770114942528736, -0.9038461538461539, 0.0, 0.0, 0.0, 1.0, 0.6377559530745973, 1.0, 0.0, 0.0, 0.0, 0.0, 0.0, 0.0, 0.0]",91073,16650,N6,accept,0.9099999999999999,ts,1306,1
"[0.24999999999999994, -0.24999999999999994, -0.5759117896522477, -0.1375, 0.0, 0.0, 0.0, 0.0, 1.0, 0.6667371447270449, 1.0, 0.0, 0.0, 0.0, 0.0, 0.0, 0.0, 0.0]",85441,151793,N6,dismiss,-0.3,ts,1794,0
"[0.25, -0.25, 0.09090909090909091, 0.06944444444444445, -0.005555555555555635, 0.0, 0.0, 0.0, 1.0, 0.7852312004718296, 1.0, 0.0, 0.0, 0.0, 0.0, 0.0, 0.0, 0.0]",164892,165914,N6,accept,0.475,ts,1342,0
"[0.1250000000000001, -0.1250000000000001, 0.0858394160583941, 0.0625, -0.1, 0.0, 0.0, 0.0, 1.0, 0.7199673749797172, 1.0, 0.0, 0.0, 0.0, 0.0, 0.0, 0.0, 0.0]",141833,55412,N6,dismiss,-0.3,ts,2348,0
"[0.018987341772151913, -0.018987341772151913, -0.07966573816155988, -0.0111731843575419, -0.29473684210526313, 0.0, 0.0, 0.0, 1.0, 0.6575391462900055, 1.0, 0.0, 0.0, 0.0, 0.0, 0.0, 0.0, 0.0]",43387,43382,N1,dismiss,-0.3,ts,2840,1
"[0.20000000000000007, -0.20000000000000007, -0.3177942012507106, -0.04178272980501393, 0.0, 0.0, 0.0, 0.0, 1.0, 0.7167275369862601, 1.0, 0.0, 0.0, 0.0, 0.0, 0.0, 0.0, 0.0]",43361,31975,N6,dismiss,-0.3,ts,2821,1
"[0.583011583011583, -0.583011583011583, -0.5876288659793815, -0.05421686746987952, -0.391304347826087, 0.0, 0.0, 0.0, 1.0, 0.6908308980646058, 1.0, 0.0, 0.0, 0.0, 0.0, 0.0, 0.0, 0.0]",61096,145523,N6,dismiss,-0.3,ts,2596,1
"[0.7819767441860465, -0.7819767441860465, -0.30635838150289013, 0.017045454545454544, 0.6666666666666666, 0.0, 0.0, 0.0, 1.0, 0.7491925582097295, 1.0, 0.0, 0.0, 0.0, 0.0, 0.0, 0.0, 0.0]",54520,151849,N6,dismiss,-0.3,ts,2546,1
"[0.13333333333333328, -0.13333333333333328, -0.07126567844925884, -0.028901734104046242, -0.07999999999999999, 0.0, 0.0, 0.0, 1.0, 0.7421727843140296, 1.0, 0.0, 0.0, 0.0, 0.0, 0.0, 0.0, 0.0]",87098,143094,N6,accept,0.39333333333333326,ts,407,0
"[0.07692307692307684, -0.07692307692307684, -0.0039890301670405534, -0.08571428571428572, -0.043478260869565216, 0.0, 0.0, 0.0, 1.0, 0.7410061614869147, 1.0, 0.0, 0.0, 0.0, 0.0, 0.0, 0.0, 0.0]",155844,139805,N6,dismiss,-0.3,ts,1840,1
"[0.25, -0.25, 0.22714285714285723, 0.052434456928838954, -0.06666666666666667, 0.0, 0.0, 0.0, 1.0, 0.7329119913938553, 1.0, 0.0, 0.0, 0.0, 0.0, 0.0, 0.0, 0.0]",57653,21089,N1,accept,0.475,ts,688,1
"[0.9228571428571429, -0.9228571428571429, -0.2761430511543685, 0.09016393442622951, -0.4583333333333333, 0.0, 0.0, 0.0, 1.0, 0.770830210491008, 1.0, 0.0, 0.0, 0.0, 0.0, 0.0, 0.0, 0.0]",81541,128247,N1,dismiss,-0.3,ts,714,1
"[0.7058823529411764, -0.7058823529411764, 0.2053511705685619, 0.29850746268656714, 0.14285714285714285, 0.0, 0.0, 0.0, 1.0, 0.7742295963878625, 1.0, 0.0, 0.0, 0.0, 0.0, 0.0, 0.0, 0.0]",121055,155692,N6,dismiss,-0.3,ts,850,1
"[0.20000000000000007, -0.20000000000000007, 0.19092827004219395, -0.01971830985915493, 0.0, 0.0, 0.0, 0.0, 1.0, 0.7535463795174929, 1.0, 0.0, 0.0, 0.0, 0.0, 0.0, 0.0, 0.0]",109410,31973,N6,dismiss,-0.3,ts,1957,0
"[0.19999999999999993, -0.19999999999999993, 0.0, 0.0, 0.0, 0.0, 0.0, 0.0, 1.0, 0.8228281531128978, 1.0, 0.0, 0.0, 0.0, 0.0, 0.0, 0.0, 0.0]",133283,133284,N6,dismiss,-0.3,ts,1418,0
"[0.4, -0.28, -0.29684601113172543, 0.0, 0.0, 0.0, 0.0, 0.0, 1.0, 0.759689501888925, 1.0, 0.0, 0.0, 0.0, 0.0, 0.0, 0.0, 0.0]",63873,42569,N6,accept,0.58,ts,749,0
"[0.375, -0.375, -0.48031250000000003, -0.3743718592964824, -0.45454545454545453, 0.0, 0.0, 0.0, 1.0, 0.5853658248464878, 1.0, 0.0, 0.0, 0.0, 0.0, 0.0, 0.0, 0.0]",69111,52481,N6,dismiss,-0.3,ts,2246,1
"[0.25, -0.25, -0.316628701594533, -0.011428571428571429, 0.13636363636363635, 0.0, 0.0, 0.0, 1.0, 0.7065666744509789, 1.0, 0.0, 0.0, 0.0, 0.0, 0.0, 0.0, 0.0]",117111,117045,N6,dismiss,-0.3,ts,2679,0
"[0.16666666666666663, -0.16666666666666663, -0.271869328493648, 0.2, -0.020000000000000018, 0.0, 0.0, 0.0, 1.0, 0.6720108132142955, 1.0, 0.0, 0.0, 0.0, 0.0, 0.0, 0.0, 0.0]",87131,86978,N6,dismiss,-0.3,ts,2024,1
"[0.12500000000000006, -0.12500000000000006, 0.0, -0.2896825396825397, -0.08695652173913043, 0.0, 0.0, 0.0, 1.0, 0.7064268910671658, 1.0, 0.0, 0.0, 0.0, 0.0, 0.0, 0.0, 0.0]",110121,128281,N6,accept,0.3875,ts,2586,1
"[0.25, -0.25, 0.09090909090909091, -0.32456140350877194, -0.10500000000000007, 0.0, 0.0, 0.0, 1.0, 0.706303156982304, 1.0, 0.0, 0.0, 0.0, 0.0, 0.0, 0.0, 0.0]",123778,165914,N6,accept,0.475,ts,1325,0
"[0.06666666666666672, -0.06666666666666672, -0.3238461538461539, -0.15, -0.13999999999999996, 0.0, 0.0, 0.0, 1.0, 0.6040576707602408, 1.0, 0.0, 0.0, 0.0, 0.0, 0.0, 0.0, 0.0]",57043,141655,N6,dismiss,-0.3,ts,487,0
"[0.5599999999999999, -0.5599999999999999, 0.0, -0.024734982332155476, 0.0, 0.0, 0.0, 0.0, 1.0, 0.9142123270597203, 1.0, 0.0, 0.0, 0.0, 0.0, 0.0, 0.0, 0.0]",49000,48998,N6,dismiss,-0.3,ts,2116,1
"[0.12499999999999999, -0.12499999999999999, -0.4235294117647059, 0.017605633802816902, -0.35294117647058826, 0.0, 0.0, 0.0, 1.0, 0.6009292107713861, 1.0, 0.0, 0.0, 0.0, 0.0, 0.0, 0.0, 0.0]",120828,110153,N6,dismiss,-0.3,ts,2572,0
"[0.018181818181818195, -0.018181818181818195, -0.20784224841341783, 0.0, 0.0, 0.0, 0.0, 0.0, 1.0, 0.6887941787705715, 1.0, 0.0, 0.0, 0.0, 0.0, 0.0, 0.0, 0.0]",16660,147468,N6,dismiss,-0.3,ts,2555,0
"[0.4000000000000001, -0.4000000000000001, 0.0, 0.0, 0.0, 0.0, 0.0, 0.0, 1.0, 0.8842623917495089, 1.0, 0.0, 0.0, 0.0, 0.0, 0.0, 0.0, 0.0]",60782,60788,N6,dismiss,-0.3,ts,897,1
"[0.25, -0.25, 0.0, 0.0, 0.0, 0.0, 0.0, 0.0, 1.0, 0.8395893495876965, 1.0, 0.0, 0.0, 0.0, 0.0, 0.0, 0.0, 0.0]",117053,117045,N3,dismiss,-0.3,ts,2969,1
"[0.25, -0.25, -0.25925925925925924, 0.0778816199376947, 0.13636363636363635, 0.0, 0.0, 0.0, 1.0, 0.7012290684696982, 1.0, 0.0, 0.0, 0.0, 0.0, 0.0, 0.0, 0.0]",142493,117045,N6,accept,0.475,ts,1472,0
"[0.4545454545454546, -0.4545454545454546, -0.375, 0.00872093023255814, 0.9130434782608695, 0.0, 0.0, 0.0, 1.0, 0.6642111244519927, 1.0, 0.0, 0.0, 0.0, 0.0, 0.0, 0.0, 0.0]",31972,107659,N6,dismiss,-0.3,ts,676,1
"[0.5, -0.5, -0.2748368382886149, 0.0, 0.0, 0.0, 0.0, 0.0, 1.0, 0.8242148607647296, 1.0, 0.0, 0.0, 0.0, 0.0, 0.0, 0.0, 0.0]",141750,93863,N6,dismiss,-0.3,ts,2249,1
"[0.3636363636363637, -0.3636363636363637, 0.0, 0.0, 0.0, 0.0, 0.0, 0.0, 1.0, 0.8742764353476687, 1.0, 0.0, 0.0, 0.0, 0.0, 0.0, 0.0, 0.0]",123031,123174,N1,accept,0.5545454545454546,ts,2363,1
"[0.20000000000000007, -0.20000000000000007, -0.5004694835680751, -0.028409090909090908, -0.08333333333333333, 0.0, 0.0, 0.0, 1.0, 0.6650221215675229, 1.0, 0.0, 0.0, 0.0, 0.0, 0.0, 0.0, 0.0]",57376,107170,N6,dismiss,-0.3,ts,2267,1
"[0.0666666666666666, -0.0666666666666666, 0.23592419664927214, 0.0045662100456621, 0.0, 0.0, 0.0, 0.0, 1.0, 0.6983229887866603, 1.0, 0.0, 0.0, 0.0, 0.0, 0.0, 0.0, 0.0]",127690,170134,N1,accept,0.3466666666666666,ts,1894,1
"[0.5636363636363637, -0.5636363636363637, -0.17799999999999994, -0.014124293785310734, 0.5384615384615384, 0.0, 0.0, 0.0, 1.0, 0.7591846700306404, 1.0, 0.0, 0.0, 0.0, 0.0, 0.0, 0.0, 0.0]",108842,108839,N1,dismiss,-0.3,ts,2624,1
"[0.25, -0.25, 0.08600392413342063, 0.006075334143377886, 0.0, 0.0, 0.0, 0.0, 1.0, 0.8061722905617785, 1.0, 0.0, 0.0, 0.0, 0.0, 0.0, 0.0, 0.0]",75083,30338,N6,dismiss,-0.3,ts,2661,1
"[0.3230769230769231, -0.3230769230769231, -0.39503932244404116, 1.0, -0.6470588235294118, 0.0, 0.0, 0.0, 1.0, 0.49503773927859074, 1.0, 0.0, 0.0, 0.0, 0.0, 0.0, 0.0, 0.0]",61360,169349,N6,accept,0.5261538461538462,ts,737,0
"[0.648, -0.648, 0.12880765883376852, 0.20863309352517986, 1.0, 0.0, 0.0, 0.0, 1.0, 0.693548136379965, 1.0, 0.0, 0.0, 0.0, 0.0, 0.0, 0.0, 0.0]",185577,107458,N3,dismiss,-0.3,ts,476,1
"[0.11458333333333333, -0.11458333333333333, 0.0, -0.5587392550143266, -0.77, 0.0, 0.0, 0.0, 1.0, 0.5737732739088267, 1.0, 0.0, 0.0, 0.0, 0.0, 0.0, 0.0, 0.0]",107563,142262,N6,dismiss,-0.3,ts,1869,0
"[0.20000000000000007, -0.20000000000000007, -0.13397860417727964, 0.0, 0.0, 0.0, 0.0, 0.0, 1.0, 0.7758162558060495, 1.0, 0.0, 0.0, 0.0, 0.0, 0.0, 0.0, 0.0]",90181,115238,N1,accept,0.44000000000000006,ts,2828,1
"[0.20000000000000007, -0.20000000000000007, -0.47011952191235057, -0.04735376044568245, -0.12, 0.0, 0.0, 0.0, 1.0, 0.6553750680351249, 1.0, 0.0, 0.0, 0.0, 0.0, 0.0, 0.0, 0.0]",30202,107170,N6,dismiss,-0.3,ts,937,1
"[0.5166666666666667, -0.5166666666666667, -0.4993742177722153, -0.014492753623188406, 0.02500000000000006, 0.0, 0.0, 0.0, 1.0, 0.7745238919032764, 1.0, 0.0, 0.0, 0.0, 0.0, 0.0, 0.0, 0.0]",53366,40258,N1,accept,0.6616666666666666,ts,2505,1
"[0.24242424242424238, -0.24242424242424238, 0.13120567375886522, -0.0196078431372549, 0.040000000000000015, 0.0, 0.0, 0.0, 1.0, 0.7736411098263166, 1.0, 0.0, 0.0, 0.0, 0.0, 0.0, 0.0, 0.0]",120700,19597,N6,accept,0.4696969696969696,ts,2479,1
"[0.4444444444444445, -0.4444444444444445, 0.18241042345276867, -0.34, -0.6, 0.0, 0.0, 0.0, 1.0, 0.6557316228780911, 1.0, 0.0, 0.0, 0.0, 0.0, 0.0, 0.0, 0.0]",169354,132873,N1,accept,0.6111111111111112,ts,2430,1
"[0.7066666666666667, -0.7066666666666667, -0.08883826879271067, 1.0, -0.25, 0.0, 0.0, 0.0, 1.0, 0.7175078175163225, 1.0, 0.0, 0.0, 0.0, 0.0, 0.0, 0.0, 0.0]",128254,169349,N3,dismiss,-0.3,ts,1409,1
"[0.1842105263157895, -0.1842105263157895, 0.0, -0.0035335689045936395, -0.019999999999999928, 0.0, 0.0, 0.0, 1.0, 0.8104350430499354, 1.0, 0.0, 0.0, 0.0, 0.0, 0.0, 0.0, 0.0]",38840,91957,N6,dismiss,-0.3,ts,599,1
"[0.21428571428571425, -0.21428571428571425, -0.28709055876685935, 0.06333333333333334, 0.2727272727272727, 0.0, 0.0, 0.0, 1.0, 0.6594235239518802, 1.0, 0.0, 0.0, 0.0, 0.0, 0.0, 0.0, 0.0]",16734,130294,N6,dismiss,-0.3,ts,2389,1
"[0.72, -0.72, 0.003335186214563773, 0.14666666666666667, 1.0, 0.0, 0.0, 0.0, 1.0, 0.7645216026691897, 1.0, 0.0, 0.0, 0.0, 0.0, 0.0, 0.0, 0.0]",183166,123439,N1,accept,0.804,ts,414,1
"[0.5599999999999999, -0.5599999999999999, 0.052291801162040054, 0.29454545454545455, -0.2448979591836735, 0.0, 0.0, 0.0, 1.0, 0.7767295963695724, 1.0, 0.0, 0.0, 0.0, 0.0, 0.0, 0.0, 0.0]",185412,87718,N6,dismiss,-0.3,ts,2360,0
"[0.3636363636363637, -0.3636363636363637, 0.0, 0.0, 0.0, 0.0, 0.0, 0.0, 1.0, 0.8742764353476687, 1.0, 0.0, 0.0, 0.0, 0.0, 0.0, 0.0, 0.0]",123054,123174,N6,accept,0.5545454545454546,ts,2918,0
"[0.27536231884057966, -0.27536231884057966, -0.2837389380530973, -0.24, -0.019999999999999973, 0.0, 0.0, 0.0, 1.0, 0.6980900885686553, 1.0, 0.0, 0.0, 0.0, 0.0, 0.0, 0.0, 0.0]",79808,189203,N1,dismiss,-0.3,ts,1027,1
"[0.8571428571428572, -0.8571428571428572, 0.03199999999999985, 0.050980392156862744, -0.12000000000000002, 0.0, 0.0, 0.0, 1.0, 0.9055549142837571, 1.0, 0.0, 0.0, 0.0, 0.0, 0.0, 0.0, 0.0]",116982,117029,N6,dismiss,-0.3,ts,958,1
"[0.6666666666666667, -0.6666666666666667, 0.23277737490935468, 0.0, 0.0, 0.0, 0.0, 0.0, 1.0, 0.8659558877868416, 1.0, 0.0, 0.0, 0.0, 0.0, 0.0, 0.0, 0.0]",141751,56398,N6,dismiss,-0.3,ts,691,0
"[0.33333333333333337, -0.33333333333333337, -0.04368673415023976, 0.4751131221719457, 0.25, 0.0, 0.0, 0.0, 1.0, 0.6977738805226098, 1.0, 0.0, 0.0, 0.0, 0.0, 0.0, 0.0, 0.0]",104466,155669,N6,dismiss,-0.3,ts,885,0
"[0.26190476190476186, -0.26190476190476186, -0.16666666666666666, -0.04081632653061224, 0.08888888888888896, 0.0, 0.0, 0.0, 1.0, 0.7505722762436874, 1.0, 0.0, 0.0, 0.0, 0.0, 0.0, 0.0, 0.0]",91970,91957,N1,dismiss,-0.3,ts,2039,1
"[0.3888888888888889, -0.3888888888888889, -0.46507483962936563, 0.20416666666666666, 0.0235294117647058, 0.0, 0.0, 0.0, 1.0, 0.7029881973731301, 1.0, 0.0, 0.0, 0.0, 0.0, 0.0, 0.0, 0.0]",127487,114138,N1,dismiss,-0.3,ts,561,1
"[0.09999999999999996, -0.09999999999999996, 0.0, -0.1005586592178771, 0.0, 0.0, 0.0, 0.0, 1.0, 0.7598937305521247, 1.0, 0.0, 0.0, 0.0, 0.0, 0.0, 0.0, 0.0]",127521,108202,N6,dismiss,-0.3,ts,624,0
"[0.8, -0.8, 0.13333333333333333, 0.0, 0.0, 0.0, 0.0, 0.0, 1.0, 0.9115993194259686, 1.0, 0.0, 0.0, 0.0, 0.0, 0.0, 0.0, 0.0]",190833,51605,N1,accept,0.8599999999999999,ts,1326,1
"[0.24999999999999997, -0.24999999999999997, -0.4117647058823529, 0.0, 0.0, 0.0, 0.0, 0.0, 1.0, 0.7273653355460075, 1.0, 0.0, 0.0, 0.0, 0.0, 0.0, 0.0, 0.0]",51607,174753,N1,dismiss,-0.3,ts,2845,1
"[0.18749999999999997, -0.18749999999999997, -0.3652501344809037, -0.02857142857142857, 0.043478260869565216, 0.0, 0.0, 0.0, 1.0, 0.6940254038479327, 1.0, 0.0, 0.0, 0.0, 0.0, 0.0, 0.0, 0.0]",84737,92709,N6,accept,0.43124999999999997,ts,2967,0
"[0.20000000000000007, -0.20000000000000007, -0.2510779436152571, -0.008547008547008548, -0.14285714285714285, 0.0, 0.0, 0.0, 1.0, 0.7040523268798877, 1.0, 0.0, 0.0, 0.0, 0.0, 0.0, 0.0, 0.0]",151840,31973,N6,accept,0.44000000000000006,ts,448,1
"[0.42400000000000004, -0.42400000000000004, -0.5543175487465181, -0.20909090909090908, -0.42000000000000004, 0.0, 0.0, 0.0, 1.0, 0.6200372372311214, 1.0, 0.0, 0.0, 0.0, 0.0, 0.0, 0.0, 0.0]",84107,106004,N6,dismiss,-0.3,ts,2957,1
"[0.18749999999999997, -0.18749999999999997, -0.3652501344809037, 0.009523809523809525, -0.043478260869565216, 0.0, 0.0, 0.0, 1.0, 0.6995264293779716, 1.0, 0.0, 0.0, 0.0, 0.0, 0.0, 0.0, 0.0]",84737,169794,N6,dismiss,-0.3,ts,2287,1
"[0.1666666666666667, -0.1666666666666667, -0.13333333333333333, -0.04, -0.039999999999999994, 0.0, 0.0, 0.0, 1.0, 0.7413502371898478, 1.0, 0.0, 0.0, 0.0, 0.0, 0.0, 0.0, 0.0]",40383,156539,N1,dismiss,-0.3,ts,2854,1
"[0.04494382022471914, -0.04494382022471914, -0.2535714285714286, -0.08064516129032258, 0.0, 0.0, 0.0, 0.0, 1.0, 0.6649279362905083, 1.0, 0.0, 0.0, 0.0, 0.0, 0.0, 0.0, 0.0]",79360,18005,N6,dismiss,-0.3,ts,1442,0
"[0.19999999999999993, -0.19999999999999993, -0.25, 0.0, 0.0, 0.0, 0.0, 0.0, 1.0, 0.7441342850554244, 1.0, 0.0, 0.0, 0.0, 0.0, 0.0, 0.0, 0.0]",18185,18219,N6,dismiss,-0.3,ts,509,1
"[0.3647058823529411, -0.3647058823529411, 0.0, 0.0, 0.0, 0.0, 0.0, 0.0, 1.0, 0.8745781540477076, 1.0, 0.0, 0.0, 0.0, 0.0, 0.0, 0.0, 0.0]",71728,70937,N6,dismiss,-0.3,ts,1458,1
"[0.7999999999999999, -0.7999999999999999, -0.4884615384615385, 1.0, 1.0, 0.0, 0.0, 0.0, 1.0, 0.5355497105056809, 1.0, 0.0, 0.0, 0.0, 0.0, 0.0, 0.0, 0.0]",174937,174761,N6,dismiss,-0.3,ts,2207,1
"[0.11999999999999993, -0.11999999999999993, -0.3696808510638297, 0.014245014245014245, -0.14285714285714285, 0.0, 0.0, 0.0, 1.0, 0.6485123195263522, 1.0, 0.0, 0.0, 0.0, 0.0, 0.0, 0.0, 0.0]",130440,116201,N1,accept,0.38399999999999995,ts,632,1
"[0.1666666666666667, -0.1666666666666667, -0.15503875968992248, 0.029411764705882353, 0.0, 0.0, 0.0, 0.0, 1.0, 0.7493386575941129, 1.0, 0.0, 0.0, 0.0, 0.0, 0.0, 0.0, 0.0]",92714,143384,N6,dismiss,-0.3,ts,690,1
"[0.25, -0.25, -0.04767184035476715, -0.02768166089965398, 0.07692307692307693, 0.0, 0.0, 0.0, 1.0, 0.7919332280675359, 1.0, 0.0, 0.0, 0.0, 0.0, 0.0, 0.0, 0.0]",179676,21089,N6,dismiss,-0.3,ts,2137,1
"[0.06159420289855071, -0.06159420289855071, 0.09693053311793226, 0.31746031746031744, -0.14814814814814814, 0.0, 0.0, 0.0, 1.0, 0.6288184908837167, 1.0, 0.0, 0.0, 0.0, 0.0, 0.0, 0.0, 0.0]",89552,61096,N6,dismiss,-0.3,ts,594,1
"[0.25, -0.25, 0.0, 0.07453416149068323, 0.13636363636363635, 0.0, 0.0, 0.0, 1.0, 0.7830109453831142, 1.0, 0.0, 0.0, 0.0, 0.0, 0.0, 0.0, 0.0]",43090,117045,N6,dismiss,-0.3,ts,2945,0
"[0.3, -0.3, -0.28, 0.0, 0.0, 0.0, 0.0, 0.0, 1.0, 0.769716564082265, 1.0, 0.0, 0.0, 0.0, 0.0, 0.0, 0.0, 0.0]",69485,50807,N6,dismiss,-0.3,ts,2462,0
"[0.13636363636363646, -0.13636363636363646, 0.175, 0.6339285714285714, 0.18, 0.0, 0.0, 0.0, 1.0, 0.5882391121538432, 1.0, 0.0, 0.0, 0.0, 0.0, 0.0, 0.0, 0.0]",80033,83437,N3,dismiss,-0.3,ts,2619,1
"[0.42400000000000004, -0.42400000000000004, -0.5543175487465181, -0.20909090909090908, -0.42000000000000004, 0.0, 0.0, 0.0, 1.0, 0.6200372372311214, 1.0, 0.0, 0.0, 0.0, 0.0, 0.0, 0.0, 0.0]",84107,106004,N6,dismiss,-0.3,ts,1541,1
"[0.24242424242424238, -0.24242424242424238, -0.06269592476489029, 1.0, -0.18, 0.0, 0.0, 0.0, 1.0, 0.6201236228830029, 1.0, 0.0, 0.0, 0.0, 0.0, 0.0, 0.0, 0.0]",182863,132804,N6,dismiss,-0.3,ts,1607,1
"[0.3500000000000001, -0.3500000000000001, 0.0, -0.3611111111111111, 0.043478260869565216, 0.0, 0.0, 0.0, 1.0, 0.7807457601820568, 1.0, 0.0, 0.0, 0.0, 0.0, 0.0, 0.0, 0.0]",110120,48548,N6,dismiss,-0.3,ts,582,0
"[0.21428571428571425, -0.21428571428571425, -0.23121387283236994, -0.08, -0.09090909090909091, 0.0, 0.0, 0.0, 1.0, 0.7065346055909496, 1.0, 0.0, 0.0, 0.0, 0.0, 0.0, 0.0, 0.0]",16734,48998,N6,dismiss,-0.3,ts,1086,1
"[0.2727272727272727, -0.2727272727272727, -0.07061958694203868, -0.03690036900369004, -0.0117647058823529, 0.0, 0.0, 0.0, 1.0, 0.8064217516346286, 1.0, 0.0, 0.0, 0.0, 0.0, 0.0, 0.0, 0.0]",81453,81449,N1,accept,0.49090909090909085,ts,1086,1
"[0.24999999999999992, -0.24999999999999992, 0.09610802223987286, -0.34210526315789475, 0.05263157894736842, 0.0, 0.0, 0.0, 1.0, 0.7153014633789336, 1.0, 0.0, 0.0, 0.0, 0.0, 0.0, 0.0, 0.0]",144703,71136,N6,dismiss,-0.3,ts,1251,1
"[0.5, -0.5, 0.14336917562724016, 0.3761467889908257, -0.5199999999999999, 0.0, 0.0, 0.0, 1.0, 0.6826397230933525, 1.0, 0.0, 0.0, 0.0, 0.0, 0.0, 0.0, 0.0]",19612,19597,N6,accept,0.6499999999999999,ts,2212,0
"[0.19999999999999987, -0.19999999999999987, 0.2, 0.46, 0.0, 0.0, 0.0, 0.0, 1.0, 0.6666700184827028, 1.0, 0.0, 0.0, 0.0, 0.0, 0.0, 0.0, 0.0]",85440,30711,N6,dismiss,-0.3,ts,957,0
"[0.25000000000000006, -0.25000000000000006, -0.11641443538998836, 0.09281437125748503, 1.0, 0.0, 0.0, 0.0, 1.0, 0.6227095310764252, 1.0, 0.0, 0.0, 0.0, 0.0, 0.0, 0.0, 0.0]",64439,141844,N1,dismiss,-0.3,ts,1569,1
"[0.2727272727272727, -0.2727272727272727, -0.27048634243837444, 0.0, 0.0, 0.0, 0.0, 0.0, 1.0, 0.7633614666745693, 1.0, 0.0, 0.0, 0.0, 0.0, 0.0, 0.0, 0.0]",81453,81452,N6,dismiss,-0.3,ts,2001,1
"[0.25, -0.25, 0.0, 0.07453416149068323, 0.13636363636363635, 0.0, 0.0, 0.0, 1.0, 0.7830109453831142, 1.0, 0.0, 0.0, 0.0, 0.0, 0.0, 0.0, 0.0]",43089,117045,N6,dismiss,-0.3,ts,441,0
"[0.3382352941176471, -0.3382352941176471, -0.3671817512877116, 0.026239067055393587, 0.1641791044776119, 0.0, 0.0, 0.0, 1.0, 0.7132792099227282, 1.0, 0.0, 0.0, 0.0, 0.0, 0.0, 0.0, 0.0]",185707,105899,N6,dismiss,-0.3,ts,1483,0
"[0.20000000000000007, -0.20000000000000007, 0.09090909090909091, -0.019943019943019943, -0.14285714285714285, 0.0, 0.0, 0.0, 1.0, 0.7464351712490337, 1.0, 0.0, 0.0, 0.0, 0.0, 0.0, 0.0, 0.0]",70002,31975,N6,dismiss,-0.3,ts,1334,1
"[0.24242424242424238, -0.24242424242424238, 0.17021276595744683, 0.22875816993464052, 0.24000000000000005, 0.0, 0.0, 0.0, 1.0, 0.6671422863770378, 1.0, 0.0, 0.0, 0.0, 0.0, 0.0, 0.0, 0.0]",120700,19599,N6,dismiss,-0.3,ts,1067,1
"[0.20000000000000004, -0.20000000000000004, -0.1501877346683354, 0.0, 0.02500000000000006, 0.0, 0.0, 0.0, 1.0, 0.7636205904617083, 1.0, 0.0, 0.0, 0.0, 0.0, 0.0, 0.0, 0.0]",53366,108507,N6,accept,0.44,ts,1316,1
"[0.7411764705882353, -0.7411764705882353, 0.003327283726557756, -0.21782178217821782, 0.041666666666666664, 0.0, 0.0, 0.0, 1.0, 0.8848787293179241, 1.0, 0.0, 0.0, 0.0, 0.0, 0.0, 0.0, 0.0]",65211,117335,N6,dismiss,-0.3,ts,618,1
"[0.16666666666666666, -0.16666666666666666, 0.11237458193979932, -0.369620253164557, -0.28, 0.0, 0.0, 0.0, 1.0, 0.6282757960210837, 1.0, 0.0, 0.0, 0.0, 0.0, 0.0, 0.0, 0.0]",121907,52481,N6,accept,0.41666666666666663,ts,469,1
"[0.2, -0.2, -0.3485838779956427, -0.20642201834862386, 0.1111111111111111, 0.0, 0.0, 0.0, 1.0, 0.6418023360630793, 1.0, 0.0, 0.0, 0.0, 0.0, 0.0, 0.0, 0.0]",164354,158410,N6,dismiss,-0.3,ts,1209,1
"[0.4444444444444445, -0.4444444444444445, 0.17096774193548378, -0.18, -0.58, 0.0, 0.0, 0.0, 1.0, 0.6894489194008218, 1.0, 0.0, 0.0, 0.0, 0.0, 0.0, 0.0, 0.0]",81420,132873,N6,accept,0.6111111111111112,ts,2242,0
"[0.10000000000000009, -0.10000000000000009, -0.2588235294117647, -0.975, -0.52, 0.0, 0.0, 0.0, 1.0, 0.48076478481180795, 1.0, 0.0, 0.0, 0.0, 0.0, 0.0, 0.0, 0.0]",91074,16650,N6,dismiss,-0.3,ts,690,0
"[0.7171717171717171, -0.7171717171717171, 0.0, 0.2, 0.040000000000000036, 0.0, 0.0, 0.0, 1.0, 0.8869205974658673, 1.0, 0.0, 0.0, 0.0, 0.0, 0.0, 0.0, 0.0]",141703,74186,N3,dismiss,-0.3,ts,632,1
"[0.5636363636363636, -0.5636363636363636, 0.0, -0.024734982332155476, 0.0, 0.0, 0.0, 0.0, 1.0, 0.9149318998851651, 1.0, 0.0, 0.0, 0.0, 0.0, 0.0, 0.0, 0.0]",48999,48997,N6,dismiss,-0.3,ts,1391,0
"[0.25, -0.25, -0.5940460081190798, -0.0546448087431694, 1.0, 0.0, 0.0, 0.0, 1.0, 0.5370968143236092, 1.0, 0.0, 0.0, 0.0, 0.0, 0.0, 0.0, 0.0]",189368,117045,N6,dismiss,-0.3,ts,1570,0
"[0.4583333333333333, -0.4583333333333333, -0.1433260393873086, 0.22, 0.24000000000000005, 0.0, 0.0, 0.0, 1.0, 0.7386709394486253, 1.0, 0.0, 0.0, 0.0, 0.0, 0.0, 0.0, 0.0]",151789,123325,N6,dismiss,-0.3,ts,2187,0
"[0.5636363636363637, -0.5636363636363637, 0.05263157894736842, -0.019662921348314606, 1.0, 0.0, 0.0, 0.0, 1.0, 0.747815505128765, 1.0, 0.0, 0.0, 0.0, 0.0, 0.0, 0.0, 0.0]",107747,107563,N6,dismiss,-0.3,ts,769,1
"[0.30000000000000004, -0.30000000000000004, -0.3508771929824562, -0.08, 0.059999999999999984, 0.0, 0.0, 0.0, 1.0, 0.7154773582189826, 1.0, 0.0, 0.0, 0.0, 0.0, 0.0, 0.0, 0.0]",110598,141822,N6,dismiss,-0.3,ts,1074,0
"[0.02500000000000002, -0.02500000000000002, -0.33110367892976583, -0.14, -0.039999999999999994, 0.0, 0.0, 0.0, 1.0, 0.614347964489818, 1.0, 0.0, 0.0, 0.0, 0.0, 0.0, 0.0, 0.0]",54434,62540,N6,dismiss,-0.3,ts,1637,0
"[0.4218289085545723, -0.4218289085545723, -0.10974930362116986, -0.011267605633802818, -0.19999999999999998, 0.0, 0.0, 0.0, 1.0, 0.7977743690443887, 1.0, 0.0, 0.0, 0.0, 0.0, 0.0, 0.0, 0.0]",143110,105910,N6,accept,0.5952802359882006,ts,2744,1
"[0.12500000000000006, -0.12500000000000006, 0.0, -0.2896825396825397, -0.08695652173913043, 0.0, 0.0, 0.0, 1.0, 0.7064268910671658, 1.0, 0.0, 0.0, 0.0, 0.0, 0.0, 0.0, 0.0]",110120,128281,N6,dismiss,-0.3,ts,687,1
"[0.01111111111111112, -0.01111111111111112, -0.3, -0.32608695652173914, -0.15999999999999998, 0.0, 0.0, 0.0, 1.0, 0.5509877827836802, 1.0, 0.0, 0.0, 0.0, 0.0, 0.0, 0.0, 0.0]",155815,79360,N6,dismiss,-0.3,ts,2700,1
"[0.7, -0.7, -0.34684095860566444, 0.41284403669724773, -0.48888888888888893, 0.0, 0.0, 0.0, 1.0, 0.667510071417491, 1.0, 0.0, 0.0, 0.0, 0.0, 0.0, 0.0, 0.0]",164354,115951,N6,accept,0.7899999999999999,ts,1020,1
"[0.11999999999999993, -0.11999999999999993, -0.44727272727272727, -0.017094017094017096, -0.14285714285714285, 0.0, 0.0, 0.0, 1.0, 0.6339589512930884, 1.0, 0.0, 0.0, 0.0, 0.0, 0.0, 0.0, 0.0]",70001,123021,N6,dismiss,-0.3,ts,2964,1
"[0.5, -0.5, 0.14336917562724016, 0.3761467889908257, -0.5199999999999999, 0.0, 0.0, 0.0, 1.0, 0.6826397230933525, 1.0, 0.0, 0.0, 0.0, 0.0, 0.0, 0.0, 0.0]",19612,19597,N6,dismiss,-0.3,ts,2618,1
"[0.01111111111111112, -0.01111111111111112, -0.3, -0.3541666666666667, -0.13999999999999999, 0.0, 0.0, 0.0, 1.0, 0.5511658124955352, 1.0, 0.0, 0.0, 0.0, 0.0, 0.0, 0.0, 0.0]",155816,79360,N6,dismiss,-0.3,ts,1100,1
"[0.2058823529411765, -0.2058823529411765, -0.0625, -0.02, 0.16, 0.0, 0.0, 0.0, 1.0, 0.7543817618859714, 1.0, 0.0, 0.0, 0.0, 0.0, 0.0, 0.0, 0.0]",40998,70937,N6,dismiss,-0.3,ts,421,0
"[0.5636363636363637, -0.5636363636363637, -0.058333333333333376, -0.0169971671388102, 0.5714285714285714, 0.0, 0.0, 0.0, 1.0, 0.7929707233257425, 1.0, 0.0, 0.0, 0.0, 0.0, 0.0, 0.0, 0.0]",87720,108828,N6,accept,0.6945454545454546,ts,2548,1
"[0.20000000000000007, -0.20000000000000007, -0.23388888888888892, 0.0, 0.0, 0.0, 0.0, 0.0, 1.0, 0.7481066944271884, 1.0, 0.0, 0.0, 0.0, 0.0, 0.0, 0.0, 0.0]",38176,141744,N6,dismiss,-0.3,ts,979,1
"[0.1666666666666667, -0.1666666666666667, -0.4, -0.9, -0.8363636363636363, 0.0, 0.0, 0.0, 1.0, 0.4540504462586627, 1.0, 0.0, 0.0, 0.0, 0.0, 0.0, 0.0, 0.0]",41388,71728,N6,dismiss,-0.3,ts,1858,0
"[0.142857142857143, -0.142857142857143, 0.04171011470281543, 0.06521739130434782, -0.040000000000000036, 0.0, 0.0, 0.0, 1.0, 0.7568836495319848, 1.0, 0.0, 0.0, 0.0, 0.0, 0.0, 0.0, 0.0]",16680,16681,N6,dismiss,-0.3,ts,680,0
"[0.9485714285714286, -0.9485714285714286, -0.7682608695652173, 0.2912621359223301, -0.4583333333333333, 0.0, 0.0, 0.0, 1.0, 0.659324447512109, 1.0, 0.0, 0.0, 0.0, 0.0, 0.0, 0.0, 0.0]",54732,128247,N6,accept,0.964,ts,1657,0
"[0.5636363636363637, -0.5636363636363637, 0.02750000000000008, -0.019662921348314606, 1.0, 0.0, 0.0, 0.0, 1.0, 0.7570950094690099, 1.0, 0.0, 0.0, 0.0, 0.0, 0.0, 0.0, 0.0]",109094,108839,N6,dismiss,-0.3,ts,1936,0
"[0.5636363636363637, -0.5636363636363637, 0.05263157894736842, -0.019662921348314606, 1.0, 0.0, 0.0, 0.0, 1.0, 0.747815505128765, 1.0, 0.0, 0.0, 0.0, 0.0, 0.0, 0.0, 0.0]",107747,107563,N6,dismiss,-0.3,ts,1799,1
"[0.56, -0.56, -0.5940532081377151, -0.08943089430894309, 1.0, 0.0, 0.0, 0.0, 1.0, 0.6281453537055082, 1.0, 0.0, 0.0, 0.0, 0.0, 0.0, 0.0, 0.0]",43370,107458,N6,dismiss,-0.3,ts,1118,1
"[0.5887096774193549, -0.5887096774193549, 0.07140307033202427, -0.26571428571428574, -0.38, 0.0, 0.0, 0.0, 1.0, 0.7586869014394904, 1.0, 0.0, 0.0, 0.0, 0.0, 0.0, 0.0, 0.0]",89602,20089,N3,dismiss,-0.3,ts,1955,1
"[0.12499999999999988, -0.12499999999999988, 0.145985401459854, 0.19834710743801653, 0.05, 0.0, 0.0, 0.0, 1.0, 0.6822979276547984, 1.0, 0.0, 0.0, 0.0, 0.0, 0.0, 0.0, 0.0]",56538,180522,N6,dismiss,-0.3,ts,1748,0
"[0.5636363636363637, -0.5636363636363637, 0.22448979591836735, -0.016901408450704224, 0.8181818181818182, 0.0, 0.0, 0.0, 1.0, 0.724044986814595, 1.0, 0.0, 0.0, 0.0, 0.0, 0.0, 0.0, 0.0]",123023,107563,N3,dismiss,-0.3,ts,2349,1
"[0.8287671232876712, -0.8287671232876712, -0.4378513429106809, 0.008450704225352112, 0.5, 0.0, 0.0, 0.0, 1.0, 0.74756979796282, 1.0, 0.0, 0.0, 0.0, 0.0, 0.0, 0.0, 0.0]",43388,151849,N6,dismiss,-0.3,ts,934,1
"[0.264, -0.264, -0.2317559863169897, 0.0, 0.0, 0.0, 0.0, 0.0, 1.0, 0.7699444006148144, 1.0, 0.0, 0.0, 0.0, 0.0, 0.0, 0.0, 0.0]",147381,63876,N6,dismiss,-0.3,ts,449,0
"[0.3571428571428571, -0.3571428571428571, -0.49471210340775557, 0.017341040462427744, -0.012658227848101333, 0.0, 0.0, 0.0, 1.0, 0.7379294538140533, 1.0, 0.0, 0.0, 0.0, 0.0, 0.0, 0.0, 0.0]",117162,105899,N6,dismiss,-0.3,ts,2230,1
"[0.4485294117647059, -0.4485294117647059, 0.09333333333333324, -0.0843806104129264, -0.2692307692307692, 0.0, 0.0, 0.0, 1.0, 0.776901172593482, 1.0, 0.0, 0.0, 0.0, 0.0, 0.0, 0.0, 0.0]",29970,155668,N6,dismiss,-0.3,ts,1565,1
"[0.5636363636363636, -0.5636363636363636, 0.0, -0.024734982332155476, 0.0, 0.0, 0.0, 0.0, 1.0, 0.9149318998851651, 1.0, 0.0, 0.0, 0.0, 0.0, 0.0, 0.0, 0.0]",48999,48997,N6,dismiss,-0.3,ts,1477,0
"[0.6071428571428571, -0.6071428571428571, 0.1066332916145181, 0.0, 0.0, 0.0, 0.0, 0.0, 1.0, 0.8919568730108844, 1.0, 0.0, 0.0, 0.0, 0.0, 0.0, 0.0, 0.0]",16679,94196,N6,dismiss,-0.3,ts,2743,0
"[0.13333333333333328, -0.13333333333333328, -0.09600443951165374, -0.13846153846153847, -0.07999999999999999, 0.0, 0.0, 0.0, 1.0, 0.7059422282078749, 1.0, 0.0, 0.0, 0.0, 0.0, 0.0, 0.0, 0.0]",83435,143094,N6,dismiss,-0.3,ts,2521,0
"[0.04761904761904766, -0.04761904761904766, -0.39722724532851117, 0.15162454873646208, 0.4, 0.0, 0.0, 0.0, 1.0, 0.5363539792335147, 1.0, 0.0, 0.0, 0.0, 0.0, 0.0, 0.0, 0.0]",16646,63925,N6,accept,0.33333333333333337,ts,1924,0
"[0.8714285714285714, -0.8714285714285714, -0.15512820512820505, 0.16022099447513813, 0.7222222222222222, 0.0, 0.0, 0.0, 1.0, 0.7567952415809388, 1.0, 0.0, 0.0, 0.0, 0.0, 0.0, 0.0, 0.0]",146678,170138,N6,accept,0.9099999999999999,ts,2488,0
"[0.2146118721461187, -0.2146118721461187, 0.1784741144414169, -0.008450704225352112, -0.09999999999999998, 0.0, 0.0, 0.0, 1.0, 0.7380674469227877, 1.0, 0.0, 0.0, 0.0, 0.0, 0.0, 0.0, 0.0]",64291,54520,N6,dismiss,-0.3,ts,1886,1
"[0.5714285714285715, -0.5714285714285715, -0.4379562043795621, 0.36231884057971014, 0.2, 0.0, 0.0, 0.0, 1.0, 0.6802150555006949, 1.0, 0.0, 0.0, 0.0, 0.0, 0.0, 0.0, 0.0]",16680,63878,N6,dismiss,-0.3,ts,2018,1
"[0.85, -0.85, -0.005000000000000071, 0.0, 0.0, 0.0, 0.0, 0.0, 1.0, 0.9617967240690748, 1.0, 0.0, 0.0, 0.0, 0.0, 0.0, 0.0, 0.0]",38018,174748,N6,accept,0.895,ts,1381,0
"[0.1200000000000001, -0.1200000000000001, 0.1455847255369929, -0.10979228486646884, -0.040000000000000036, 0.0, 0.0, 0.0, 1.0, 0.7028933119434595, 1.0, 0.0, 0.0, 0.0, 0.0, 0.0, 0.0, 0.0]",57278,59424,N6,dismiss,-0.3,ts,2891,1
"[0.7787610619469026, -0.7787610619469026, -0.3566833452466047, 0.008450704225352112, 0.3333333333333333, 0.0, 0.0, 0.0, 1.0, 0.7784158884362526, 1.0, 0.0, 0.0, 0.0, 0.0, 0.0, 0.0, 0.0]",146721,151849,N6,dismiss,-0.3,ts,1310,1
"[0.7058823529411765, -0.7058823529411765, -0.0009990009990009777, 0.196, -0.5, 0.0, 0.0, 0.0, 1.0, 0.8024416241463914, 1.0, 0.0, 0.0, 0.0, 0.0, 0.0, 0.0, 0.0]",170190,104684,N6,dismiss,-0.3,ts,2564,1
"[0.06666666666666664, -0.06666666666666664, -0.09111617312072894, -0.5430711610486891, 0.26666666666666666, 0.0, 0.0, 0.0, 1.0, 0.5802228693777566, 1.0, 0.0, 0.0, 0.0, 0.0, 0.0, 0.0, 0.0]",39429,185563,N6,accept,0.3466666666666666,ts,859,1
"[0.20000000000000007, -0.20000000000000007, 0.17909090909090916, -0.10160427807486631, 0.36363636363636365, 0.0, 0.0, 0.0, 1.0, 0.6575173146638584, 1.0, 0.0, 0.0, 0.0, 0.0, 0.0, 0.0, 0.0]",89763,107458,N6,dismiss,-0.3,ts,687,0
"[0.28571428571428575, -0.28571428571428575, -0.5994993742177722, 0.24481327800829875, 0.1, 0.0, 0.0, 0.0, 1.0, 0.6260687675061121, 1.0, 0.0, 0.0, 0.0, 0.0, 0.0, 0.0, 0.0]",16682,60782,N6,dismiss,-0.3,ts,936,1
"[0.18918918918918928, -0.18918918918918928, 0.08350730688935282, -0.05956112852664577, -0.21428571428571427, 0.0, 0.0, 0.0, 1.0, 0.7192090550877278, 1.0, 0.0, 0.0, 0.0, 0.0, 0.0, 0.0, 0.0]",63924,16722,N6,dismiss,-0.3,ts,2042,1
"[0.5170454545454546, -0.5170454545454546, -0.375, -0.5523255813953488, -0.6, 0.0, 0.0, 0.0, 1.0, 0.6018903072236335, 1.0, 0.0, 0.0, 0.0, 0.0, 0.0, 0.0, 0.0]",31972,142262,N6,dismiss,-0.3,ts,506,1
"[0.23456790123456794, -0.23456790123456794, -0.09499192245557343, 0.024615384615384615, 0.08333333333333333, 0.0, 0.0, 0.0, 1.0, 0.7696651800174188, 1.0, 0.0, 0.0, 0.0, 0.0, 0.0, 0.0, 0.0]",41414,89601,N6,dismiss,-0.3,ts,2373,1
"[0.5636363636363637, -0.5636363636363637, -0.0625, -0.019662921348314606, 1.0, 0.0, 0.0, 0.0, 1.0, 0.7442973603952323, 1.0, 0.0, 0.0, 0.0, 0.0, 0.0, 0.0, 0.0]",109094,107563,N6,accept,0.6945454545454546,ts,1605,1
"[0.1200000000000001, -0.1200000000000001, 0.1455847255369929, -0.04024767801857585, -0.33999999999999997, 0.0, 0.0, 0.0, 1.0, 0.6583894484224873, 1.0, 0.0, 0.0, 0.0, 0.0, 0.0, 0.0, 0.0]",57279,59423,N6,dismiss,-0.3,ts,402,1
"[0.076923076923077, -0.076923076923077, 0.0, 0.0, 0.0, 0.0, 0.0, 0.0, 1.0, 0.7787188164556538, 1.0, 0.0, 0.0, 0.0, 0.0, 0.0, 0.0, 0.0]",93861,174758,N6,dismiss,-0.3,ts,1665,0
"[0.5, -0.5, -0.2391304347826087, -0.707667731629393, 1.0, 0.0, 0.0, 0.0, 1.0, 0.57453705190491, 1.0, 0.0, 0.0, 0.0, 0.0, 0.0, 0.0, 0.0]",128295,104681,N6,dismiss,-0.3,ts,631,1
"[0.61, -0.61, -0.2748368382886149, 0.0, 0.0, 0.0, 0.0, 0.0, 1.0, 0.8463084860816608, 1.0, 0.0, 0.0, 0.0, 0.0, 0.0, 0.0, 0.0]",141772,93850,N6,accept,0.727,ts,1874,1
"[0.3636363636363637, -0.3636363636363637, 0.0, 0.0, 0.0, 0.0, 0.0, 0.0, 1.0, 0.8742764353476687, 1.0, 0.0, 0.0, 0.0, 0.0, 0.0, 0.0, 0.0]",123143,123174,N6,accept,0.5545454545454546,ts,887,0
"[0.2941176470588236, -0.2941176470588236, 0.0, 1.0, 0.22000000000000003, 0.0, 0.0, 0.0, 1.0, 0.6533578724024277, 1.0, 0.0, 0.0, 0.0, 0.0, 0.0, 0.0, 0.0]",51572,50956,N6,dismiss,-0.3,ts,468,0
"[0.07692307692307684, -0.07692307692307684, -0.1872881355932203, 1.0, -0.22727272727272727, 0.0, 0.0, 0.0, 1.0, 0.5317456847362717, 1.0, 0.0, 0.0, 0.0, 0.0, 0.0, 0.0, 0.0]",169794,55882,N1,dismiss,-0.3,ts,1011,1
"[0.5588235294117647, -0.5588235294117647, -0.3074558032282859, 0.22535211267605634, -0.058823529411764705, 0.0, 0.0, 0.0, 1.0, 0.758284400000683, 1.0, 0.0, 0.0, 0.0, 0.0, 0.0, 0.0, 0.0]",134227,155692,N6,accept,0.6911764705882353,ts,748,1
"[0.6, -0.6, 0.031077694235589023, 0.27074235807860264, 0.5, 0.0, 0.0, 0.0, 1.0, 0.7594863057515381, 1.0, 0.0, 0.0, 0.0, 0.0, 0.0, 0.0, 0.0]",185375,29663,N1,dismiss,-0.3,ts,1326,1
"[0.5, -0.5, 0.19047619047619047, 0.08846153846153847, 0.0, 0.0, 0.0, 0.0, 1.0, 0.8211059573718872, 1.0, 0.0, 0.0, 0.0, 0.0, 0.0, 0.0, 0.0]",185582,185510,N6,dismiss,-0.3,ts,707,1
"[0.20000000000000007, -0.20000000000000007, 0.04249999999999998, -0.05056179775280899, 1.0, 0.0, 0.0, 0.0, 1.0, 0.6624041001381072, 1.0, 0.0, 0.0, 0.0, 0.0, 0.0, 0.0, 0.0]",109094,108746,N6,dismiss,-0.3,ts,2604,1
"[0.4117647058823529, -0.4117647058823529, 0.0035087719298245758, -0.09821428571428571, -0.5, 0.0, 0.0, 0.0, 1.0, 0.7644042360007308, 1.0, 0.0, 0.0, 0.0, 0.0, 0.0, 0.0, 0.0]",86748,170191,N6,dismiss,-0.3,ts,1486,1
"[0.44, -0.44, -0.36727879799666113, 0.09333333333333334, -0.5545454545454546, 0.0, 0.0, 0.0, 1.0, 0.6644712254801234, 1.0, 0.0, 0.0, 0.0, 0.0, 0.0, 0.0, 0.0]",16729,49086,N6,dismiss,-0.3,ts,2411,1
"[0.19999999999999996, -0.19999999999999996, -0.56752655538695, -0.0221606648199446, -0.20289855072463772, 0.0, 0.0, 0.0, 1.0, 0.6305729458313653, 1.0, 0.0, 0.0, 0.0, 0.0, 0.0, 0.0, 0.0]",16971,79771,N6,dismiss,-0.3,ts,1716,1
"[0.14, -0.14, 0.16819827346143154, 0.0, 0.0, 0.0, 0.0, 0.0, 1.0, 0.7446095810127756, 1.0, 0.0, 0.0, 0.0, 0.0, 0.0, 0.0, 0.0]",72623,79362,N1,accept,0.398,ts,2245,1
"[0.5170454545454546, -0.5170454545454546, 0.0, -0.19607843137254902, 0.05999999999999996, 0.0, 0.0, 0.0, 1.0, 0.8469166836554074, 1.0, 0.0, 0.0, 0.0, 0.0, 0.0, 0.0, 0.0]",130670,87406,N6,dismiss,-0.3,ts,2551,0
"[0.25, -0.25, -0.3834917458729365, -0.001215066828675577, 0.0, 0.0, 0.0, 0.0, 1.0, 0.7321076440419114, 1.0, 0.0, 0.0, 0.0, 0.0, 0.0, 0.0, 0.0]",30337,189231,N6,dismiss,-0.3,ts,2433,1
"[0.30000000000000004, -0.30000000000000004, 0.07455197132616495, 0.09195402298850575, 0.0, 0.0, 0.0, 0.0, 1.0, 0.80257251054552, 1.0, 0.0, 0.0, 0.0, 0.0, 0.0, 0.0, 0.0]",81449,104485,N6,accept,0.51,ts,2049,1
"[0.7058823529411765, -0.7058823529411765, 0.13651877133105803, 1.0, 0.11764705882352941, 0.0, 0.0, 0.0, 1.0, 0.7183013517884813, 1.0, 0.0, 0.0, 0.0, 0.0, 0.0, 0.0, 0.0]",169345,115396,N6,dismiss,-0.3,ts,1433,0
"[0.7236842105263158, -0.7236842105263158, -0.5, -0.8461538461538461, -0.6981132075471698, 0.0, 0.0, 0.0, 1.0, 0.5871292809857416, 1.0, 0.0, 0.0, 0.0, 0.0, 0.0, 0.0, 0.0]",123829,63998,N6,accept,0.8065789473684211,ts,2082,1
"[0.5, -0.5, -0.115987460815047, 0.4036697247706422, -0.5, 0.0, 0.0, 0.0, 1.0, 0.6894688375563818, 1.0, 0.0, 0.0, 0.0, 0.0, 0.0, 0.0, 0.0]",182863,120700,N6,accept,0.6499999999999999,ts,2950,1
"[0.1666666666666667, -0.1666666666666667, -0.7180327868852459, 0.005714285714285714, 0.03999999999999997, 0.0, 0.0, 0.0, 1.0, 0.6455649444844354, 1.0, 0.0, 0.0, 0.0, 0.0, 0.0, 0.0, 0.0]",15687,105899,N6,dismiss,-0.3,ts,1254,1
"[0.06666666666666665, -0.06666666666666665, -0.03710575139146568, -0.20212765957446807, -0.08333333333333333, 0.0, 0.0, 0.0, 1.0, 0.6877053690874355, 1.0, 0.0, 0.0, 0.0, 0.0, 0.0, 0.0, 0.0]",63878,16734,N6,accept,0.3466666666666666,ts,2013,1
"[0.3636363636363637, -0.3636363636363637, -0.07672634271099744, -0.017142857142857144, 1.0, 0.0, 0.0, 0.0, 1.0, 0.6912544525985004, 1.0, 0.0, 0.0, 0.0, 0.0, 0.0, 0.0, 0.0]",88363,123439,N6,accept,0.5545454545454546,ts,2037,0
"[0.7058823529411765, -0.7058823529411765, 0.10753880266075391, 0.7647058823529411, 0.46153846153846156, 0.0, 0.0, 0.0, 1.0, 0.6996927312662532, 1.0, 0.0, 0.0, 0.0, 0.0, 0.0, 0.0, 0.0]",179676,115396,N6,dismiss,-0.3,ts,2880,0
"[0.3636363636363637, -0.3636363636363637, 0.1013215859030837, 0.057971014492753624, 0.25, 0.0, 0.0, 0.0, 1.0, 0.7621489741842852, 1.0, 0.0, 0.0, 0.0, 0.0, 0.0, 0.0, 0.0]",123207,123174,N6,dismiss,-0.3,ts,2371,0
"[0.5636363636363637, -0.5636363636363637, -0.25, -0.014124293785310734, 0.5384615384615384, 0.0, 0.0, 0.0, 1.0, 0.7403962779261166, 1.0, 0.0, 0.0, 0.0, 0.0, 0.0, 0.0, 0.0]",108743,107563,N6,dismiss,-0.3,ts,2911,1
"[0.9485714285714286, -0.9485714285714286, -0.7682608695652173, 0.2912621359223301, -0.4583333333333333, 0.0, 0.0, 0.0, 1.0, 0.659324447512109, 1.0, 0.0, 0.0, 0.0, 0.0, 0.0, 0.0, 0.0]",54732,128247,N6,dismiss,-0.3,ts,1346,0
"[0.25, -0.25, -0.09125735394718841, 0.0048543689320388345, 0.0, 0.0, 0.0, 0.0, 1.0, 0.8047745634796265, 1.0, 0.0, 0.0, 0.0, 0.0, 0.0, 0.0, 0.0]",15456,30338,N6,dismiss,-0.3,ts,2792,0
"[0.2307692307692307, -0.2307692307692307, 0.0, -0.48333333333333334, -0.38, 0.0, 0.0, 0.0, 1.0, 0.6604423213536388, 1.0, 0.0, 0.0, 0.0, 0.0, 0.0, 0.0, 0.0]",131606,41650,N6,accept,0.46153846153846145,ts,1142,1
"[0.09999999999999996, -0.09999999999999996, 0.0, -0.1005586592178771, 0.0, 0.0, 0.0, 0.0, 1.0, 0.7598937305521247, 1.0, 0.0, 0.0, 0.0, 0.0, 0.0, 0.0, 0.0]",127521,108202,N6,accept,0.36999999999999994,ts,978,0
"[0.25, -0.25, -0.24812030075187969, 0.0581039755351682, 0.32978723404255317, 0.0, 0.0, 0.0, 1.0, 0.6724565857057285, 1.0, 0.0, 0.0, 0.0, 0.0, 0.0, 0.0, 0.0]",82380,117045,N6,dismiss,-0.3,ts,2149,0
"[0.14285714285714285, -0.14285714285714285, -0.13156752062527144, -0.05190311418685121, 0.36363636363636365, 0.0, 0.0, 0.0, 1.0, 0.6641876162143715, 1.0, 0.0, 0.0, 0.0, 0.0, 0.0, 0.0, 0.0]",110153,115289,N6,dismiss,-0.3,ts,959,0
"[0.041176470588235335, -0.041176470588235335, -0.2924590163934427, -0.002770083102493075, -0.12222222222222218, 0.0, 0.0, 0.0, 1.0, 0.6434940736687969, 1.0, 0.0, 0.0, 0.0, 0.0, 0.0, 0.0, 0.0]",15685,15663,N6,dismiss,-0.3,ts,2736,1
"[0.9271428571428572, -0.9271428571428572, 0.2222222222222222, 0.32, -0.039999999999999994, 0.0, 0.0, 0.0, 1.0, 0.8166293780580514, 1.0, 0.0, 0.0, 0.0, 0.0, 0.0, 0.0, 0.0]",18359,51575,N6,accept,0.9490000000000001,ts,2835,1
"[0.20000000000000007, -0.20000000000000007, -0.20364050056882826, -0.11888111888111888, 0.14285714285714285, 0.0, 0.0, 0.0, 1.0, 0.6868996987666001, 1.0, 0.0, 0.0, 0.0, 0.0, 0.0, 0.0, 0.0]",115366,115390,N6,dismiss,-0.3,ts,2757,1
"[0.8285714285714286, -0.8285714285714286, -0.522463768115942, 0.68, 0.55, 0.0, 0.0, 0.0, 1.0, 0.6203403653485181, 1.0, 0.0, 0.0, 0.0, 0.0, 0.0, 0.0, 0.0]",71136,170138,N6,accept,0.8799999999999999,ts,1801,1
"[0.20000000000000004, -0.20000000000000004, -0.08571428571428572, 0.18253968253968253, 0.0625, 0.0, 0.0, 0.0, 1.0, 0.7278160105377319, 1.0, 0.0, 0.0, 0.0, 0.0, 0.0, 0.0, 0.0]",115390,104963,N6,accept,0.44,ts,1881,0
"[0.9228571428571429, -0.9228571428571429, -0.2761430511543685, 0.09917355371900827, -0.4583333333333333, 0.0, 0.0, 0.0, 1.0, 0.7685935228198763, 1.0, 0.0, 0.0, 0.0, 0.0, 0.0, 0.0, 0.0]",110166,128247,N3,dismiss,-0.3,ts,2886,1
"[0.3230769230769231, -0.3230769230769231, -0.39503932244404116, 1.0, -0.6470588235294118, 0.0, 0.0, 0.0, 1.0, 0.49503773927859074, 1.0, 0.0, 0.0, 0.0, 0.0, 0.0, 0.0, 0.0]",61360,169349,N6,dismiss,-0.3,ts,1296,0
"[0.08554572271386432, -0.08554572271386432, -0.40957827019299503, -0.0028169014084507044, -0.25555555555555554, 0.0, 0.0, 0.0, 1.0, 0.6091970020573167, 1.0, 0.0, 0.0, 0.0, 0.0, 0.0, 0.0, 0.0]",146721,43382,N6,dismiss,-0.3,ts,1867,1
"[0.5599999999999999, -0.5599999999999999, 0.0013342228152101116, 0.014035087719298246, 0.03571428571428559, 0.0, 0.0, 0.0, 1.0, 0.9064267245263649, 1.0, 0.0, 0.0, 0.0, 0.0, 0.0, 0.0, 0.0]",104485,114138,N6,dismiss,-0.3,ts,520,0
"[0.25000000000000006, -0.25000000000000006, 0.24608967674661097, -0.42924528301886794, 0.4117647058823529, 0.0, 0.0, 0.0, 1.0, 0.5912500777360127, 1.0, 0.0, 0.0, 0.0, 0.0, 0.0, 0.0, 0.0]",55882,86760,N1,dismiss,-0.3,ts,917,1
"[0.050000000000000044, -0.050000000000000044, 0.23767935121646902, 0.28, -0.21999999999999997, 0.0, 0.0, 0.0, 1.0, 0.5753341503687988, 1.0, 0.0, 0.0, 0.0, 0.0, 0.0, 0.0, 0.0]",115984,94324,N6,dismiss,-0.3,ts,1819,0
"[0.64, -0.64, -0.3215400624349636, 0.6818181818181818, -0.4600000000000001, 0.0, 0.0, 0.0, 1.0, 0.6393406062349359, 1.0, 0.0, 0.0, 0.0, 0.0, 0.0, 0.0, 0.0]",191662,128279,N3,dismiss,-0.3,ts,1290,1
"[0.2, -0.2, -0.598998998998999, -0.4, -0.43333333333333335, 0.0, 0.0, 0.0, 1.0, 0.5136396168718739, 1.0, 0.0, 0.0, 0.0, 0.0, 0.0, 0.0, 0.0]",47181,107861,N6,dismiss,-0.3,ts,2388,1
"[0.09090909090909098, -0.09090909090909098, 0.11799999999999997, 0.13119533527696792, -0.045454545454545456, 0.0, 0.0, 0.0, 1.0, 0.6941839725667863, 1.0, 0.0, 0.0, 0.0, 0.0, 0.0, 0.0, 0.0]",162866,16906,N6,dismiss,-0.3,ts,2552,0
"[0.7600000000000001, -0.7600000000000001, 0.0, 0.0, 0.0, 0.0, 0.0, 0.0, 1.0, 0.9536035234414215, 1.0, 0.0, 0.0, 0.0, 0.0, 0.0, 0.0, 0.0]",141772,141753,N3,dismiss,-0.3,ts,1749,1
"[0.20000000000000004, -0.20000000000000004, -0.32341001353179977, 0.11009174311926606, 0.016666666666666607, 0.0, 0.0, 0.0, 1.0, 0.6930080043376406, 1.0, 0.0, 0.0, 0.0, 0.0, 0.0, 0.0, 0.0]",115244,81542,N6,dismiss,-0.3,ts,725,1
"[0.24999999999999997, -0.24999999999999997, 0.0, 0.0, 0.0, 0.0, 0.0, 0.0, 1.0, 0.8395893495876965, 1.0, 0.0, 0.0, 0.0, 0.0, 0.0, 0.0, 0.0]",51138,70105,N1,dismiss,-0.3,ts,2331,1
"[0.29999999999999993, -0.29999999999999993, -0.6334862385321101, 0.01904761904761905, -0.16666666666666666, 0.0, 0.0, 0.0, 1.0, 0.6636842635032897, 1.0, 0.0, 0.0, 0.0, 0.0, 0.0, 0.0, 0.0]",143384,78135,N6,accept,0.5099999999999999,ts,2771,1
"[0.3333333333333333, -0.3333333333333333, -0.48406676783004554, -0.44761904761904764, -0.6129032258064516, 0.0, 0.0, 0.0, 1.0, 0.546792220645576, 1.0, 0.0, 0.0, 0.0, 0.0, 0.0, 0.0, 0.0]",170138,175100,N6,dismiss,-0.3,ts,2677,0
"[0.4105263157894737, -0.4105263157894737, 0.047499999999999966, 1.0, 0.45999999999999996, 0.0, 0.0, 0.0, 1.0, 0.6367898999026158, 1.0, 0.0, 0.0, 0.0, 0.0, 0.0, 0.0, 0.0]",174924,33276,N6,dismiss,-0.3,ts,2121,1
"[0.1666666666666667, -0.1666666666666667, -0.15503875968992248, -0.03669724770642202, 0.0, 0.0, 0.0, 0.0, 1.0, 0.7472928128791391, 1.0, 0.0, 0.0, 0.0, 0.0, 0.0, 0.0, 0.0]",92712,143384,N6,dismiss,-0.3,ts,2637,1
"[0.09999999999999996, -0.09999999999999996, 0.0, 0.03870967741935484, -0.045454545454545456, 0.0, 0.0, 0.0, 1.0, 0.7630116146408217, 1.0, 0.0, 0.0, 0.0, 0.0, 0.0, 0.0, 0.0]",111130,108202,N6,accept,0.36999999999999994,ts,409,0
"[0.26470588235294124, -0.26470588235294124, 0.1392694063926941, 0.24, 0.040000000000000036, 0.0, 0.0, 0.0, 1.0, 0.7270201311319596, 1.0, 0.0, 0.0, 0.0, 0.0, 0.0, 0.0, 0.0]",77265,130669,N6,dismiss,-0.3,ts,657,0
"[0.04761904761904766, -0.04761904761904766, -0.39722724532851117, 0.15162454873646208, 0.4, 0.0, 0.0, 0.0, 1.0, 0.5363539792335147, 1.0, 0.0, 0.0, 0.0, 0.0, 0.0, 0.0, 0.0]",16646,63925,N6,dismiss,-0.3,ts,1560,0
"[0.14285714285714288, -0.14285714285714288, 0.2002503128911139, 0.37383177570093457, -0.15, 0.0, 0.0, 0.0, 1.0, 0.6189066123031219, 1.0, 0.0, 0.0, 0.0, 0.0, 0.0, 0.0, 0.0]",78135,115240,N6,dismiss,-0.3,ts,2088,1
"[0.11999999999999993, -0.11999999999999993, -0.13043478260869565, 0.4416961130742049, 1.0, 0.0, 0.0, 0.0, 1.0, 0.516030777236637, 1.0, 0.0, 0.0, 0.0, 0.0, 0.0, 0.0, 0.0]",185510,89764,N6,dismiss,-0.3,ts,953,1
"[0.56, -0.56, -0.0009990009990009777, 0.5495049504950495, -0.4, 0.0, 0.0, 0.0, 1.0, 0.7384325320464852, 1.0, 0.0, 0.0, 0.0, 0.0, 0.0, 0.0, 0.0]",170191,169349,N6,dismiss,-0.3,ts,779,0
"[0.27906976744186046, -0.27906976744186046, 0.0, -0.15060240963855423, -0.10909090909090903, 0.0, 0.0, 0.0, 1.0, 0.7805243872048664, 1.0, 0.0, 0.0, 0.0, 0.0, 0.0, 0.0, 0.0]",40740,91957,N6,dismiss,-0.3,ts,1739,1
"[0.47058823529411764, -0.47058823529411764, -0.0625, -0.48333333333333334, -0.38, 0.0, 0.0, 0.0, 1.0, 0.7057237254964501, 1.0, 0.0, 0.0, 0.0, 0.0, 0.0, 0.0, 0.0]",71734,41650,N3,dismiss,-0.3,ts,990,1
"[0.415625, -0.415625, 0.056934306569343146, 0.0625, -0.1, 0.0, 0.0, 0.0, 1.0, 0.8220384072510981, 1.0, 0.0, 0.0, 0.0, 0.0, 0.0, 0.0, 0.0]",141833,15139,N6,dismiss,-0.3,ts,2789,1
"[0.3, -0.3, 0.0667779632721202, -0.007194244604316547, 0.02500000000000006, 0.0, 0.0, 0.0, 1.0, 0.8210120511660425, 1.0, 0.0, 0.0, 0.0, 0.0, 0.0, 0.0, 0.0]",53365,81462,N6,dismiss,-0.3,ts,2813,1
"[0.11363636363636373, -0.11363636363636373, -0.10846953937592874, 0.04, -0.06000000000000001, 0.0, 0.0, 0.0, 1.0, 0.7247069866283503, 1.0, 0.0, 0.0, 0.0, 0.0, 0.0, 0.0, 0.0]",63997,135298,N6,dismiss,-0.3,ts,2527,1
"[0.6666666666666666, -0.6666666666666666, 0.09717186366932572, 0.0, 0.0, 0.0, 0.0, 0.0, 1.0, 0.9050735068250562, 1.0, 0.0, 0.0, 0.0, 0.0, 0.0, 0.0, 0.0]",141749,90167,N6,dismiss,-0.3,ts,2981,0
"[0.0555555555555556, -0.0555555555555556, -0.16666666666666666, 0.0, -0.10714285714285714, 0.0, 0.0, 0.0, 1.0, 0.6851591657739663, 1.0, 0.0, 0.0, 0.0, 0.0, 0.0, 0.0, 0.0]",111476,107052,N6,accept,0.3388888888888889,ts,1018,1
"[0.3636363636363637, -0.3636363636363637, 0.0, 0.061046511627906974, 0.0, 0.0, 0.0, 0.0, 1.0, 0.8570363402900383, 1.0, 0.0, 0.0, 0.0, 0.0, 0.0, 0.0, 0.0]",123009,123174,N6,dismiss,-0.3,ts,1831,0
"[0.5215311004784688, -0.5215311004784688, -0.19849999999999995, -0.8859934853420195, -0.27999999999999997, 0.0, 0.0, 0.0, 1.0, 0.6591531334939468, 1.0, 0.0, 0.0, 0.0, 0.0, 0.0, 0.0, 0.0]",69980,115984,N6,accept,0.6650717703349281,ts,863,1
"[0.2, -0.2, -0.861516452074392, 0.0, 0.0, 0.0, 0.0, 0.0, 1.0, 0.6585329291503521, 1.0, 0.0, 0.0, 0.0, 0.0, 0.0, 0.0, 0.0]",16689,110501,N6,dismiss,-0.3,ts,2463,1
"[0.33333333333333337, -0.33333333333333337, -0.5833333333333334, 0.0, 0.0, 0.0, 0.0, 0.0, 1.0, 0.727809934097922, 1.0, 0.0, 0.0, 0.0, 0.0, 0.0, 0.0, 0.0]",112487,38636,N6,dismiss,-0.3,ts,425,0
"[0.2857142857142857, -0.2857142857142857, 0.1111111111111111, 0.0, 0.0, 0.0, 0.0, 0.0, 1.0, 0.8111791655228264, 1.0, 0.0, 0.0, 0.0, 0.0, 0.0, 0.0, 0.0]",50807,18598,N6,accept,0.5,ts,564,0
"[0.6666666666666666, -0.6666666666666666, 0.09717186366932572, 0.0, 0.0, 0.0, 0.0, 0.0, 1.0, 0.9050735068250562, 1.0, 0.0, 0.0, 0.0, 0.0, 0.0, 0.0, 0.0]",141749,90167,N6,dismiss,-0.3,ts,1734,0
"[0.7500000000000001, -0.7500000000000001, 0.0, 0.0, 0.0, 0.0, 0.0, 0.0, 1.0, 0.9523252675504453, 1.0, 0.0, 0.0, 0.0, 0.0, 0.0, 0.0, 0.0]",141769,141765,N6,dismiss,-0.3,ts,968,1
"[0.5636363636363637, -0.5636363636363637, -0.5024875621890547, -0.04143646408839779, 1.0, 0.0, 0.0, 0.0, 1.0, 0.6537530947716415, 1.0, 0.0, 0.0, 0.0, 0.0, 0.0, 0.0, 0.0]",174793,107659,N6,dismiss,-0.3,ts,2337,1
"[0.6363636363636364, -0.6363636363636364, -0.2700729927007299, 0.0, 0.0, 0.0, 0.0, 0.0, 1.0, 0.8519911280552436, 1.0, 0.0, 0.0, 0.0, 0.0, 0.0, 0.0, 0.0]",141743,51605,N6,dismiss,-0.3,ts,1686,0
"[0.7058823529411765, -0.7058823529411765, 0.0, 0.256, -0.2, 0.0, 0.0, 0.0, 1.0, 0.8367456674228954, 1.0, 0.0, 0.0, 0.0, 0.0, 0.0, 0.0, 0.0]",104691,104690,N6,dismiss,-0.3,ts,1859,1
"[0.3647058823529411, -0.3647058823529411, 0.0, 0.0, 0.0, 0.0, 0.0, 0.0, 1.0, 0.8745781540477076, 1.0, 0.0, 0.0, 0.0, 0.0, 0.0, 0.0, 0.0]",71728,70937,N6,dismiss,-0.3,ts,570,1
"[0.18831168831168835, -0.18831168831168835, 0.20250120250120254, 0.1111111111111111, -0.07999999999999999, 0.0, 0.0, 0.0, 1.0, 0.7001240443089605, 1.0, 0.0, 0.0, 0.0, 0.0, 0.0, 0.0, 0.0]",128341,85224,N6,dismiss,-0.3,ts,2878,0
"[0.25000000000000006, -0.25000000000000006, 0.22284122562674097, 1.0, -0.11764705882352941, 0.0, 0.0, 0.0, 1.0, 0.6044452332283466, 1.0, 0.0, 0.0, 0.0, 0.0, 0.0, 0.0, 0.0]",110152,39429,N6,dismiss,-0.3,ts,786,1
"[0.6448, -0.6448, 0.2005012531328321, 0.06333333333333334, 0.2727272727272727, 0.0, 0.0, 0.0, 1.0, 0.7898883302828362, 1.0, 0.0, 0.0, 0.0, 0.0, 0.0, 0.0, 0.0]",174763,63924,N6,accept,0.75136,ts,683,1
"[0.20000000000000007, -0.20000000000000007, -0.4704711347047113, -0.02564102564102564, -0.21428571428571427, 0.0, 0.0, 0.0, 1.0, 0.6410976003057018, 1.0, 0.0, 0.0, 0.0, 0.0, 0.0, 0.0, 0.0]",43335,107170,N6,dismiss,-0.3,ts,2815,1
"[0.11111111111111106, -0.11111111111111106, 0.21052631578947367, 0.22440944881889763, 0.86, 0.0, 0.0, 0.0, 1.0, 0.5451733916109797, 1.0, 0.0, 0.0, 0.0, 0.0, 0.0, 0.0, 0.0]",54392,91068,N6,dismiss,-0.3,ts,2645,1
"[0.7929411764705883, -0.7929411764705883, 0.17056856187290975, -0.2, -0.14285714285714285, 0.0, 0.0, 0.0, 1.0, 0.8130609694396912, 1.0, 0.0, 0.0, 0.0, 0.0, 0.0, 0.0, 0.0]",121055,92135,N6,dismiss,-0.3,ts,1267,1
"[0.6222222222222222, -0.6222222222222222, 0.0, -0.1, 0.019999999999999973, 0.0, 0.0, 0.0, 1.0, 0.8999640846725089, 1.0, 0.0, 0.0, 0.0, 0.0, 0.0, 0.0, 0.0]",135207,37985,N6,dismiss,-0.3,ts,1267,0
"[0.7576530612244898, -0.7576530612244898, -0.04534606205250594, -0.6666666666666666, -0.33999999999999997, 0.0, 0.0, 0.0, 1.0, 0.7514982057090797, 1.0, 0.0, 0.0, 0.0, 0.0, 0.0, 0.0, 0.0]",33277,174927,N6,dismiss,-0.3,ts,1414,0
"[0.06086956521739117, -0.06086956521739117, 0.1509433962264151, -0.002849002849002849, 0.07142857142857142, 0.0, 0.0, 0.0, 1.0, 0.6998266361785278, 1.0, 0.0, 0.0, 0.0, 0.0, 0.0, 0.0, 0.0]",39517,15687,N6,dismiss,-0.3,ts,529,0
"[0.30000000000000004, -0.30000000000000004, 0.07455197132616495, 0.09195402298850575, 0.0, 0.0, 0.0, 0.0, 1.0, 0.80257251054552, 1.0, 0.0, 0.0, 0.0, 0.0, 0.0, 0.0, 0.0]",81449,104485,N6,accept,0.51,ts,2935,1
"[0.0555555555555556, -0.0555555555555556, -0.30286857905270187, -0.27848101265822783, -0.13999999999999999, 0.0, 0.0, 0.0, 1.0, 0.5792292623515911, 1.0, 0.0, 0.0, 0.0, 0.0, 0.0, 0.0, 0.0]",155616,18005,N3,dismiss,-0.3,ts,1928,1
"[0.20000000000000007, -0.20000000000000007, -0.2029226170707406, -0.019943019943019943, -0.14285714285714285, 0.0, 0.0, 0.0, 1.0, 0.7129672471280549, 1.0, 0.0, 0.0, 0.0, 0.0, 0.0, 0.0, 0.0]",15533,31975,N6,dismiss,-0.3,ts,1450,1
"[0.1666666666666667, -0.1666666666666667, -0.4, -0.9, -0.8363636363636363, 0.0, 0.0, 0.0, 1.0, 0.4540504462586627, 1.0, 0.0, 0.0, 0.0, 0.0, 0.0, 0.0, 0.0]",41388,71728,N6,dismiss,-0.3,ts,751,1
"[0.09677419354838718, -0.09677419354838718, -0.468125, -0.014245014245014245, 0.12857142857142861, 0.0, 0.0, 0.0, 1.0, 0.6262320989473779, 1.0, 0.0, 0.0, 0.0, 0.0, 0.0, 0.0, 0.0]",15686,117162,N6,dismiss,-0.3,ts,1873,1
"[0.09090909090909098, -0.09090909090909098, -0.1, 0.05027932960893855, 1.0, 0.0, 0.0, 0.0, 1.0, 0.5842101082539601, 1.0, 0.0, 0.0, 0.0, 0.0, 0.0, 0.0, 0.0]",106065,151841,N6,accept,0.36363636363636365,ts,1794,1
"[0.5, -0.5, -0.3970455230630088, 1.0, -0.52, 0.0, 0.0, 0.0, 1.0, 0.5578328352552592, 1.0, 0.0, 0.0, 0.0, 0.0, 0.0, 0.0, 0.0]",117335,169349,N6,dismiss,-0.3,ts,2165,0
"[0.728, -0.728, -0.2654424040066778, -0.6, -0.15999999999999998, 0.0, 0.0, 0.0, 1.0, 0.7211201049065395, 1.0, 0.0, 0.0, 0.0, 0.0, 0.0, 0.0, 0.0]",33289,189308,N6,dismiss,-0.3,ts,2199,1
"[0.18749999999999997, -0.18749999999999997, -0.48413125336202256, 0.8, -0.2608695652173913, 0.0, 0.0, 0.0, 1.0, 0.5137714525764588, 1.0, 0.0, 0.0, 0.0, 0.0, 0.0, 0.0, 0.0]",84737,115242,N3,dismiss,-0.3,ts,2717,1
"[0.08163265306122446, -0.08163265306122446, 0.0817610062893081, 0.002849002849002849, 0.08333333333333329, 0.0, 0.0, 0.0, 1.0, 0.7264097091680045, 1.0, 0.0, 0.0, 0.0, 0.0, 0.0, 0.0, 0.0]",105872,105899,N3,dismiss,-0.3,ts,1772,1
"[0.12499999999999988, -0.12499999999999988, 0.22662889518413595, -0.23684210526315788, 0.10526315789473684, 0.0, 0.0, 0.0, 1.0, 0.6383733944913446, 1.0, 0.0, 0.0, 0.0, 0.0, 0.0, 0.0, 0.0]",180520,144702,N6,accept,0.3874999999999999,ts,1372,0
"[0.7138047138047138, -0.7138047138047138, -0.5411887382690302, 0.22, 0.1, 0.0, 0.0, 0.0, 1.0, 0.7346047624439579, 1.0, 0.0, 0.0, 0.0, 0.0, 0.0, 0.0, 0.0]",141707,87407,N6,accept,0.7996632996632995,ts,1468,1
"[0.10714285714285708, -0.10714285714285708, -0.26975361087510613, -0.3492537313432836, -0.32, 0.0, 0.0, 0.0, 1.0, 0.5601361989812771, 1.0, 0.0, 0.0, 0.0, 0.0, 0.0, 0.0, 0.0]",87090,81396,N6,dismiss,-0.3,ts,2309,1
"[0.46153846153846156, -0.46153846153846156, -0.7518796992481204, -0.256, 0.33999999999999997, 0.0, 0.0, 0.0, 1.0, 0.6102111112024573, 1.0, 0.0, 0.0, 0.0, 0.0, 0.0, 0.0, 0.0]",110599,122732,N6,dismiss,-0.3,ts,1213,0
"[0.6818181818181819, -0.6818181818181819, 0.0, -0.7517241379310344, -0.3, 0.0, 0.0, 0.0, 1.0, 0.7584198157764016, 1.0, 0.0, 0.0, 0.0, 0.0, 0.0, 0.0, 0.0]",151787,189308,N6,dismiss,-0.3,ts,2632,1
"[0.20000000000000007, -0.20000000000000007, 0.14000000000000007, -0.036619718309859155, 0.0, 0.0, 0.0, 0.0, 1.0, 0.7633916428325723, 1.0, 0.0, 0.0, 0.0, 0.0, 0.0, 0.0, 0.0]",123005,107170,N6,dismiss,-0.3,ts,2555,1
"[0.062499999999999965, -0.062499999999999965, 0.0, 0.07339449541284404, -0.038461538461538464, 0.0, 0.0, 0.0, 1.0, 0.7417846617265634, 1.0, 0.0, 0.0, 0.0, 0.0, 0.0, 0.0, 0.0]",169893,183357,N6,dismiss,-0.3,ts,1658,0
"[0.28571428571428564, -0.28571428571428564, -0.7768934531450579, 0.06, -0.06000000000000001, 0.0, 0.0, 0.0, 1.0, 0.6593969620762647, 1.0, 0.0, 0.0, 0.0, 0.0, 0.0, 0.0, 0.0]",33303,81996,N6,dismiss,-0.3,ts,891,1
"[0.1111111111111112, -0.1111111111111112, -0.09008189262966337, 0.15579710144927536, 0.4, 0.0, 0.0, 0.0, 1.0, 0.6355529250549651, 1.0, 0.0, 0.0, 0.0, 0.0, 0.0, 0.0, 0.0]",64516,63925,N6,dismiss,-0.3,ts,2439,0
"[0.4, -0.28, -0.2697495183044316, -0.18333333333333332, 1.0, 0.0, 0.0, 0.0, 1.0, 0.586722181322074, 1.0, 0.0, 0.0, 0.0, 0.0, 0.0, 0.0, 0.0]",16718,42569,N6,accept,0.58,ts,1652,0
"[0.09090909090909098, -0.09090909090909098, -0.4, 0.08125, 0.8115942028985507, 0.0, 0.0, 0.0, 1.0, 0.5308396765116702, 1.0, 0.0, 0.0, 0.0, 0.0, 0.0, 0.0, 0.0]",162892,117053,N6,dismiss,-0.3,ts,830,1
"[0.8125, -0.8125, -0.6758448060075094, 0.9209039548022598, -0.1382978723404256, 0.0, 0.0, 0.0, 1.0, 0.6491155232782855, 1.0, 0.0, 0.0, 0.0, 0.0, 0.0, 0.0, 0.0]",158428,145532,N6,dismiss,-0.3,ts,957,1
"[0.5170454545454546, -0.5170454545454546, 0.2222222222222222, -0.13636363636363635, 0.1, 0.0, 0.0, 0.0, 1.0, 0.7777796473793787, 1.0, 0.0, 0.0, 0.0, 0.0, 0.0, 0.0, 0.0]",30710,87407,N6,dismiss,-0.3,ts,2944,1
"[0.65, -0.65, 0.0, 0.0, 0.0, 0.0, 0.0, 0.0, 1.0, 0.9377233209062918, 1.0, 0.0, 0.0, 0.0, 0.0, 0.0, 0.0, 0.0]",30619,30620,N6,dismiss,-0.3,ts,980,0
"[0.3636363636363637, -0.3636363636363637, 0.0, 0.0, 0.0, 0.0, 0.0, 0.0, 1.0, 0.8742764353476687, 1.0, 0.0, 0.0, 0.0, 0.0, 0.0, 0.0, 0.0]",123031,123174,N6,dismiss,-0.3,ts,1749,0
"[0.14, -0.14, -0.44627054361567636, 0.0, 0.0, 0.0, 0.0, 0.0, 1.0, 0.6836643380059366, 1.0, 0.0, 0.0, 0.0, 0.0, 0.0, 0.0, 0.0]",72622,69993,N6,dismiss,-0.3,ts,1697,1
"[0.2045454545454546, -0.2045454545454546, 0.006343906510851462, -0.019553072625698324, 1.0, 0.0, 0.0, 0.0, 1.0, 0.6864109839014316, 1.0, 0.0, 0.0, 0.0, 0.0, 0.0, 0.0, 0.0]",135481,74278,N6,dismiss,-0.3,ts,2959,0
"[0.25, -0.25, -0.8238095238095238, -0.15422885572139303, -0.746875, 0.0, 0.0, 0.0, 1.0, 0.5219571085949904, 1.0, 0.0, 0.0, 0.0, 0.0, 0.0, 0.0, 0.0]",30574,145532,N6,dismiss,-0.3,ts,1149,1
"[0.9352941176470587, -0.9352941176470587, -0.3333333333333333, 0.7584269662921348, -0.3333333333333333, 0.0, 0.0, 0.0, 1.0, 0.6841025840189907, 1.0, 0.0, 0.0, 0.0, 0.0, 0.0, 0.0, 0.0]",138519,169349,N6,accept,0.9547058823529411,ts,2673,0
"[0.062499999999999965, -0.062499999999999965, 0.0, 0.07339449541284404, -0.038461538461538464, 0.0, 0.0, 0.0, 1.0, 0.7417846617265634, 1.0, 0.0, 0.0, 0.0, 0.0, 0.0, 0.0, 0.0]",169893,183357,N6,dismiss,-0.3,ts,2493,0
"[0.09090909090909098, -0.09090909090909098, 0.23166666666666677, 0.10240963855421686, -0.8615384615384615, 0.0, 0.0, 0.0, 1.0, 0.5587143223141534, 1.0, 0.0, 0.0, 0.0, 0.0, 0.0, 0.0, 0.0]",162894,189368,N6,dismiss,-0.3,ts,2974,0
"[0.02500000000000002, -0.02500000000000002, 0.20627261761158033, -0.06, -0.039999999999999994, 0.0, 0.0, 0.0, 1.0, 0.6632687757964634, 1.0, 0.0, 0.0, 0.0, 0.0, 0.0, 0.0, 0.0]",151774,62540,N6,dismiss,-0.3,ts,523,1
"[0.41176470588235287, -0.41176470588235287, -0.4265232974910394, 0.08, 0.12000000000000002, 0.0, 0.0, 0.0, 1.0, 0.7184106107941747, 1.0, 0.0, 0.0, 0.0, 0.0, 0.0, 0.0, 0.0]",88339,58615,N6,dismiss,-0.3,ts,2436,0
"[0.76, -0.76, -0.6571428571428571, -0.051630434782608696, 0.3333333333333333, 0.0, 0.0, 0.0, 1.0, 0.7196330731253922, 1.0, 0.0, 0.0, 0.0, 0.0, 0.0, 0.0, 0.0]",43346,108839,N6,dismiss,-0.3,ts,871,1
"[0.25, -0.25, -0.5784649062799289, -0.0024271844660194173, 0.0, 0.0, 0.0, 0.0, 1.0, 0.7017529829987413, 1.0, 0.0, 0.0, 0.0, 0.0, 0.0, 0.0, 0.0]",15456,189231,N6,dismiss,-0.3,ts,1990,1
"[0.5111111111111111, -0.5111111111111111, -0.3955877908733757, 0.9936305732484076, -0.5, 0.0, 0.0, 0.0, 1.0, 0.5776515293446581, 1.0, 0.0, 0.0, 0.0, 0.0, 0.0, 0.0, 0.0]",104690,169349,N6,dismiss,-0.3,ts,403,1
"[0.1666666666666667, -0.1666666666666667, -0.13333333333333333, -0.04, -0.039999999999999994, 0.0, 0.0, 0.0, 1.0, 0.7413502371898478, 1.0, 0.0, 0.0, 0.0, 0.0, 0.0, 0.0, 0.0]",40383,156539,N6,dismiss,-0.3,ts,2602,0
"[0.09090909090909098, -0.09090909090909098, -0.20200000000000004, 0.04938271604938271, 0.1, 0.0, 0.0, 0.0, 1.0, 0.6761128776510813, 1.0, 0.0, 0.0, 0.0, 0.0, 0.0, 0.0, 0.0]",162891,117159,N6,accept,0.36363636363636365,ts,1500,1
"[0.46153846153846156, -0.46153846153846156, -0.7849624060150376, -0.03125, 0.11999999999999993, 0.0, 0.0, 0.0, 1.0, 0.7003839178920463, 1.0, 0.0, 0.0, 0.0, 0.0, 0.0, 0.0, 0.0]",175226,85230,N6,dismiss,-0.3,ts,2061,1
"[0.4583333333333333, -0.4583333333333333, -0.1433260393873086, 0.22, 0.24000000000000005, 0.0, 0.0, 0.0, 1.0, 0.7386709394486253, 1.0, 0.0, 0.0, 0.0, 0.0, 0.0, 0.0, 0.0]",151789,123325,N6,dismiss,-0.3,ts,1457,0
"[0.07692307692307698, -0.07692307692307698, 0.16149369544131903, 0.16, 0.040000000000000036, 0.0, 0.0, 0.0, 1.0, 0.6709052205940557, 1.0, 0.0, 0.0, 0.0, 0.0, 0.0, 0.0, 0.0]",145085,141805,N3,accept,0.35384615384615387,ts,1296,1
"[0.14, -0.14, -0.16016016016016016, 0.0, 0.0, 0.0, 0.0, 0.0, 1.0, 0.7469249197385348, 1.0, 0.0, 0.0, 0.0, 0.0, 0.0, 0.0, 0.0]",93922,79362,N6,dismiss,-0.3,ts,1052,0
"[0.2888888888888889, -0.2888888888888889, -0.11724137931034483, 0.053003533568904596, 0.4166666666666667, 0.0, 0.0, 0.0, 1.0, 0.7103242631172707, 1.0, 0.0, 0.0, 0.0, 0.0, 0.0, 0.0, 0.0]",134111,104963,N6,dismiss,-0.3,ts,967,1
"[0.7411764705882353, -0.7411764705882353, -0.05685714285714291, -0.2063953488372093, -0.14814814814814814, 0.0, 0.0, 0.0, 1.0, 0.8404790896279222, 1.0, 0.0, 0.0, 0.0, 0.0, 0.0, 0.0, 0.0]",104685,86743,N6,dismiss,-0.3,ts,1518,1
"[0.25, -0.25, 0.19809904952476243, 0.03133903133903134, 0.3333333333333333, 0.0, 0.0, 0.0, 1.0, 0.6920634653685489, 1.0, 0.0, 0.0, 0.0, 0.0, 0.0, 0.0, 0.0]",182867,129198,N3,dismiss,-0.3,ts,1838,1
"[0.11458333333333333, -0.11458333333333333, 0.0, -0.5561959654178674, -0.7909090909090909, 0.0, 0.0, 0.0, 1.0, 0.5727064609689967, 1.0, 0.0, 0.0, 0.0, 0.0, 0.0, 0.0, 0.0]",107659,142262,N6,dismiss,-0.3,ts,1430,0
"[0.85, -0.85, -0.005000000000000071, 0.0, 0.0, 0.0, 0.0, 0.0, 1.0, 0.9617967240690748, 1.0, 0.0, 0.0, 0.0, 0.0, 0.0, 0.0, 0.0]",38018,174748,N6,dismiss,-0.3,ts,2440,0
"[0.7794117647058824, -0.7794117647058824, -0.26833333333333337, -0.21348314606741572, -0.1111111111111111, 0.0, 0.0, 0.0, 1.0, 0.7909195158039882, 1.0, 0.0, 0.0, 0.0, 0.0, 0.0, 0.0, 0.0]",138519,128254,N6,dismiss,-0.3,ts,1856,1
"[0.2, -0.2, -0.1442857142857143, -0.5430711610486891, 0.26666666666666666, 0.0, 0.0, 0.0, 1.0, 0.6113191439651465, 1.0, 0.0, 0.0, 0.0, 0.0, 0.0, 0.0, 0.0]",57653,185524,N6,accept,0.43999999999999995,ts,706,1
"[0.1875, -0.1875, -0.5643949930458971, 0.02, -0.039999999999999945, 0.0, 0.0, 0.0, 1.0, 0.6657861386175713, 1.0, 0.0, 0.0, 0.0, 0.0, 0.0, 0.0, 0.0]",63907,123325,N6,dismiss,-0.3,ts,1436,0
"[0.1666666666666667, -0.1666666666666667, 0.17699115044247787, 0.6716417910447762, 0.21212121212121213, 0.0, 0.0, 0.0, 1.0, 0.5888950245787974, 1.0, 0.0, 0.0, 0.0, 0.0, 0.0, 0.0, 0.0]",120916,86748,N6,dismiss,-0.3,ts,2742,1
"[0.4545454545454546, -0.4545454545454546, -0.4991652754590985, 0.08659217877094973, 1.0, 0.0, 0.0, 0.0, 1.0, 0.5991871381000974, 1.0, 0.0, 0.0, 0.0, 0.0, 0.0, 0.0, 0.0]",135481,107588,N6,dismiss,-0.3,ts,1169,1
"[0.20000000000000007, -0.20000000000000007, -0.018032786885245924, 1.0, 0.74, 0.0, 0.0, 0.0, 1.0, 0.5608166915972946, 1.0, 0.0, 0.0, 0.0, 0.0, 0.0, 0.0, 0.0]",79856,135482,N6,accept,0.44000000000000006,ts,926,0
"[0.4, -0.4, -0.18209408194233698, 0.0, 0.0, 0.0, 0.0, 0.0, 1.0, 0.8232144824729183, 1.0, 0.0, 0.0, 0.0, 0.0, 0.0, 0.0, 0.0]",49870,147380,N6,dismiss,-0.3,ts,2743,1
"[0.25000000000000006, -0.25000000000000006, 0.20033388981636072, 1.0, -0.2631578947368421, 0.0, 0.0, 0.0, 1.0, 0.5692901544143816, 1.0, 0.0, 0.0, 0.0, 0.0, 0.0, 0.0, 0.0]",185524,55377,N6,dismiss,-0.3,ts,1967,1
"[0.25, -0.25, -0.2712688381137579, 0.058419243986254296, -0.6166666666666667, 0.0, 0.0, 0.0, 1.0, 0.6330009259374624, 1.0, 0.0, 0.0, 0.0, 0.0, 0.0, 0.0, 0.0]",29663,115951,N6,dismiss,-0.3,ts,1508,1
"[0.2380952380952381, -0.2380952380952381, -0.291970802919708, 0.0, 0.0, 0.0, 0.0, 0.0, 1.0, 0.7472128890509149, 1.0, 0.0, 0.0, 0.0, 0.0, 0.0, 0.0, 0.0]",154624,108507,N3,accept,0.4666666666666667,ts,784,1
"[0.08139534883720925, -0.08139534883720925, -0.3082851637764933, 0.017045454545454544, 0.3194444444444444, 0.0, 0.0, 0.0, 1.0, 0.6124853436068625, 1.0, 0.0, 0.0, 0.0, 0.0, 0.0, 0.0, 0.0]",54520,43387,N6,dismiss,-0.3,ts,999,1
"[0.5888888888888888, -0.5888888888888888, 0.15714899098325463, 0.09, 0.2727272727272727, 0.0, 0.0, 0.0, 1.0, 0.7853088736259499, 1.0, 0.0, 0.0, 0.0, 0.0, 0.0, 0.0, 0.0]",141734,63923,N6,dismiss,-0.3,ts,1050,1
"[0.1428571428571428, -0.1428571428571428, 0.0, 0.0, 0.0, 0.0, 0.0, 0.0, 1.0, 0.8027662436102929, 1.0, 0.0, 0.0, 0.0, 0.0, 0.0, 0.0, 0.0]",29449,18364,N6,dismiss,-0.3,ts,2091,1
"[0.16666666666666666, -0.16666666666666666, -0.09400544959128067, -0.021367521367521368, -0.5294117647058824, 0.0, 0.0, 0.0, 1.0, 0.6727051319926172, 1.0, 0.0, 0.0, 0.0, 0.0, 0.0, 0.0, 0.0]",146728,185375,N6,dismiss,-0.3,ts,624,1
"[0.7, -0.7, -0.39919839679358715, 0.41284403669724773, -0.1636363636363637, 0.0, 0.0, 0.0, 1.0, 0.7092846715396024, 1.0, 0.0, 0.0, 0.0, 0.0, 0.0, 0.0, 0.0]",185374,115951,N6,dismiss,-0.3,ts,1188,1
"[0.25, -0.25, -0.24812030075187969, 0.005813953488372093, 0.041666666666666664, 0.0, 0.0, 0.0, 1.0, 0.7476249554836153, 1.0, 0.0, 0.0, 0.0, 0.0, 0.0, 0.0, 0.0]",174773,117045,N6,dismiss,-0.3,ts,1429,0
"[0.37777777777777777, -0.37777777777777777, 0.14306151645207438, 0.0, 0.0, 0.0, 0.0, 0.0, 1.0, 0.8284608029374425, 1.0, 0.0, 0.0, 0.0, 0.0, 0.0, 0.0, 0.0]",147468,16679,N6,dismiss,-0.3,ts,1426,0
"[0.46153846153846156, -0.46153846153846156, -0.7518796992481204, -0.03125, 0.11999999999999993, 0.0, 0.0, 0.0, 1.0, 0.7032303327527926, 1.0, 0.0, 0.0, 0.0, 0.0, 0.0, 0.0, 0.0]",175226,122732,N6,dismiss,-0.3,ts,2950,0
"[0.13333333333333333, -0.13333333333333333, 0.0, 0.0, 0.0, 0.0, 0.0, 0.0, 1.0, 0.799343830056226, 1.0, 0.0, 0.0, 0.0, 0.0, 0.0, 0.0, 0.0]",93851,93856,N6,dismiss,-0.3,ts,2946,0
"[0.35483870967741926, -0.35483870967741926, -0.25974025974025977, 0.0, 0.0, 0.0, 0.0, 0.0, 1.0, 0.790742212554951, 1.0, 0.0, 0.0, 0.0, 0.0, 0.0, 0.0, 0.0]",63937,48997,N6,dismiss,-0.3,ts,1340,0
"[0.11999999999999993, -0.11999999999999993, 0.1333333333333334, 0.23674911660777384, -0.20212765957446813, 0.0, 0.0, 0.0, 1.0, 0.6412498894682975, 1.0, 0.0, 0.0, 0.0, 0.0, 0.0, 0.0, 0.0]",185510,88363,N6,accept,0.38399999999999995,ts,2699,0
"[0.1764705882352941, -0.1764705882352941, 0.0, 0.05045871559633028, 0.0, 0.0, 0.0, 0.0, 1.0, 0.8002741033846621, 1.0, 0.0, 0.0, 0.0, 0.0, 0.0, 0.0, 0.0]",173998,173997,N6,dismiss,-0.3,ts,2630,0
"[0.7162162162162162, -0.7162162162162162, 0.16701461377870563, -0.05956112852664577, -0.21428571428571427, 0.0, 0.0, 0.0, 1.0, 0.8218485347653912, 1.0, 0.0, 0.0, 0.0, 0.0, 0.0, 0.0, 0.0]",63924,16731,N6,dismiss,-0.3,ts,2494,1
"[0.5, -0.5, 0.10333333333333337, -0.29775280898876405, 0.6666666666666666, 0.0, 0.0, 0.0, 1.0, 0.6936775126177905, 1.0, 0.0, 0.0, 0.0, 0.0, 0.0, 0.0, 0.0]",138519,61306,N3,accept,0.6499999999999999,ts,1107,1
"[0.8571428571428572, -0.8571428571428572, 0.0, 0.031446540880503145, 0.6901408450704226, 0.0, 0.0, 0.0, 1.0, 0.8430827251867334, 1.0, 0.0, 0.0, 0.0, 0.0, 0.0, 0.0, 0.0]",57280,57551,N6,dismiss,-0.3,ts,1482,1
"[0.5, -0.5, 0.03064066852367692, -0.1, 0.058823529411764705, 0.0, 0.0, 0.0, 1.0, 0.8530600335836332, 1.0, 0.0, 0.0, 0.0, 0.0, 0.0, 0.0, 0.0]",110152,115299,N6,dismiss,-0.3,ts,2933,1
"[0.11475409836065566, -0.11475409836065566, -0.3639207507820647, 0.008645533141210375, -0.13793103448275856, 0.0, 0.0, 0.0, 1.0, 0.6504690940879523, 1.0, 0.0, 0.0, 0.0, 0.0, 0.0, 0.0, 0.0]",54573,15687,N6,dismiss,-0.3,ts,2254,0
"[0.47058823529411764, -0.47058823529411764, 0.18181818181818182, 0.14, 0.18000000000000002, 0.0, 0.0, 0.0, 1.0, 0.759069863248445, 1.0, 0.0, 0.0, 0.0, 0.0, 0.0, 0.0, 0.0]",18323,37953,N6,accept,0.6294117647058823,ts,652,0
"[0.08554572271386432, -0.08554572271386432, -0.40957827019299503, -0.0028169014084507044, -0.25555555555555554, 0.0, 0.0, 0.0, 1.0, 0.6091970020573167, 1.0, 0.0, 0.0, 0.0, 0.0, 0.0, 0.0, 0.0]",146721,43382,N3,dismiss,-0.3,ts,1955,1
"[0.3636363636363637, -0.3636363636363637, 0.146788990825688, 0.0110803324099723, 0.36363636363636365, 0.0, 0.0, 0.0, 1.0, 0.7425908749935993, 1.0, 0.0, 0.0, 0.0, 0.0, 0.0, 0.0, 0.0]",93938,123174,N6,accept,0.5545454545454546,ts,935,0
"[0.09090909090909098, -0.09090909090909098, 0.0, 0.005763688760806916, -0.041666666666666664, 0.0, 0.0, 0.0, 1.0, 0.7701686451837986, 1.0, 0.0, 0.0, 0.0, 0.0, 0.0, 0.0, 0.0]",43107,57106,N6,dismiss,-0.3,ts,649,1
"[0.16666666666666666, -0.16666666666666666, 0.1429282868525897, -0.30793650793650795, -0.3076923076923077, 0.0, 0.0, 0.0, 1.0, 0.623594056950384, 1.0, 0.0, 0.0, 0.0, 0.0, 0.0, 0.0, 0.0]",170958,164354,N6,dismiss,-0.3,ts,1929,1
"[0.0384615384615385, -0.0384615384615385, 0.22897483118477596, 0.02976190476190476, 0.05999999999999996, 0.0, 0.0, 0.0, 1.0, 0.6652929903136966, 1.0, 0.0, 0.0, 0.0, 0.0, 0.0, 0.0, 0.0]",143094,87100,N6,dismiss,-0.3,ts,1400,0
"[0.93875, -0.93875, 0.0, -0.04477611940298507, -0.36, 0.0, 0.0, 0.0, 1.0, 0.8819377397656488, 1.0, 0.0, 0.0, 0.0, 0.0, 0.0, 0.0, 0.0]",79807,125786,N6,dismiss,-0.3,ts,2819,1
"[0.28571428571428564, -0.28571428571428564, -0.4612523248605084, -0.1, -0.12000000000000002, 0.0, 0.0, 0.0, 1.0, 0.6713399049502052, 1.0, 0.0, 0.0, 0.0, 0.0, 0.0, 0.0, 0.0]",81570,81996,N6,dismiss,-0.3,ts,2104,1
"[0.1666666666666667, -0.1666666666666667, 0.1111111111111111, 1.0, 0.44000000000000006, 0.0, 0.0, 0.0, 1.0, 0.53769314130362, 1.0, 0.0, 0.0, 0.0, 0.0, 0.0, 0.0, 0.0]",81128,18598,N6,dismiss,-0.3,ts,1862,1
"[0.16666666666666666, -0.16666666666666666, -0.11019971469329529, -0.36627906976744184, -0.5416666666666666, 0.0, 0.0, 0.0, 1.0, 0.5945408081129376, 1.0, 0.0, 0.0, 0.0, 0.0, 0.0, 0.0, 0.0]",116466,185374,N6,dismiss,-0.3,ts,2465,0
"[0.7058823529411765, -0.7058823529411765, 0.10753880266075391, 0.7647058823529411, 0.46153846153846156, 0.0, 0.0, 0.0, 1.0, 0.6996927312662532, 1.0, 0.0, 0.0, 0.0, 0.0, 0.0, 0.0, 0.0]",179676,115396,N6,dismiss,-0.3,ts,854,0
"[0.07692307692307684, -0.07692307692307684, 0.0, -0.2222222222222222, 0.0, 0.0, 0.0, 0.0, 1.0, 0.7248958747201469, 1.0, 0.0, 0.0, 0.0, 0.0, 0.0, 0.0, 0.0]",115242,115240,N6,accept,0.35384615384615375,ts,2956,1
"[0.4545454545454546, -0.4545454545454546, -0.375, 0.11781609195402298, 1.0, 0.0, 0.0, 0.0, 1.0, 0.631459319493265, 1.0, 0.0, 0.0, 0.0, 0.0, 0.0, 0.0, 0.0]",31966,107588,N6,dismiss,-0.3,ts,1362,0
"[0.5, -0.5, 0.03799999999999997, 0.0, 0.0, 0.0, 0.0, 0.0, 1.0, 0.8941504794086983, 1.0, 0.0, 0.0, 0.0, 0.0, 0.0, 0.0, 0.0]",40487,16722,N6,dismiss,-0.3,ts,1169,1
"[0.5599999999999999, -0.5599999999999999, -0.38854919399666477, 0.24666666666666667, 1.0, 0.0, 0.0, 0.0, 1.0, 0.6252883257885972, 1.0, 0.0, 0.0, 0.0, 0.0, 0.0, 0.0, 0.0]",183166,89763,N6,dismiss,-0.3,ts,705,1
"[0.24999999999999997, -0.24999999999999997, -0.4147058823529412, 0.0, 0.0, 0.0, 0.0, 0.0, 1.0, 0.726850521859211, 1.0, 0.0, 0.0, 0.0, 0.0, 0.0, 0.0, 0.0]",51609,174748,N6,dismiss,-0.3,ts,2055,0
"[0.5, -0.5, -0.2748368382886149, 0.0, 0.0, 0.0, 0.0, 0.0, 1.0, 0.8242148607647296, 1.0, 0.0, 0.0, 0.0, 0.0, 0.0, 0.0, 0.0]",141748,93859,N6,dismiss,-0.3,ts,2159,0
"[0.2941176470588235, -0.2941176470588235, -0.20508744038155807, 0.9354838709677419, 0.58, 0.0, 0.0, 0.0, 1.0, 0.5564807400241625, 1.0, 0.0, 0.0, 0.0, 0.0, 0.0, 0.0, 0.0]",79359,18570,N3,dismiss,-0.3,ts,1677,1
"[0.41176470588235287, -0.41176470588235287, -0.15164369034994696, 0.12, 0.24, 0.0, 0.0, 0.0, 1.0, 0.7458609741032868, 1.0, 0.0, 0.0, 0.0, 0.0, 0.0, 0.0, 0.0]",56971,58615,N6,dismiss,-0.3,ts,2666,0
"[0.3636363636363637, -0.3636363636363637, -0.1783073130649137, 0.057971014492753624, 0.25, 0.0, 0.0, 0.0, 1.0, 0.7388435060343711, 1.0, 0.0, 0.0, 0.0, 0.0, 0.0, 0.0, 0.0]",123006,123174,N6,accept,0.5545454545454546,ts,2508,1
"[0.9142857142857143, -0.9142857142857143, 0.20008587376556464, 0.0, 0.0, 0.0, 0.0, 0.0, 1.0, 0.9037953251339276, 1.0, 0.0, 0.0, 0.0, 0.0, 0.0, 0.0, 0.0]",141777,16728,N6,accept,0.94,ts,1394,1
"[0.5599999999999999, -0.5599999999999999, 0.0013342228152101116, 0.014035087719298246, 0.03571428571428559, 0.0, 0.0, 0.0, 1.0, 0.9064267245263649, 1.0, 0.0, 0.0, 0.0, 0.0, 0.0, 0.0, 0.0]",104485,114138,N6,dismiss,-0.3,ts,2158,0
"[0.14285714285714288, -0.14285714285714288, -0.1938610662358643, 0.0, 0.0, 0.0, 0.0, 0.0, 1.0, 0.7384864192538396, 1.0, 0.0, 0.0, 0.0, 0.0, 0.0, 0.0, 0.0]",39280,81422,N6,dismiss,-0.3,ts,2091,0
"[0.5, -0.5, -0.004522158577027391, 0.7763713080168776, 0.12, 0.0, 0.0, 0.0, 1.0, 0.7567307076871725, 1.0, 0.0, 0.0, 0.0, 0.0, 0.0, 0.0, 0.0]",117335,61314,N6,dismiss,-0.3,ts,1218,1
"[0.15999999999999998, -0.15999999999999998, -0.18367346938775508, 0.5922330097087378, 0.4509803921568629, 0.0, 0.0, 0.0, 1.0, 0.5541402118759504, 1.0, 0.0, 0.0, 0.0, 0.0, 0.0, 0.0, 0.0]",117087,152287,N6,dismiss,-0.3,ts,784,1
"[0.25, -0.25, -0.04767184035476715, -0.02768166089965398, 0.07692307692307693, 0.0, 0.0, 0.0, 1.0, 0.7919332280675359, 1.0, 0.0, 0.0, 0.0, 0.0, 0.0, 0.0, 0.0]",179676,21089,N6,dismiss,-0.3,ts,1937,1
"[0.3000000000000001, -0.3000000000000001, -0.5036615134255492, 0.0, 0.0, 0.0, 0.0, 0.0, 1.0, 0.7285138093516589, 1.0, 0.0, 0.0, 0.0, 0.0, 0.0, 0.0, 0.0]",85447,85446,N3,accept,0.51,ts,812,1
"[0.33333333333333337, -0.33333333333333337, -0.04368673415023976, 0.4751131221719457, 0.25, 0.0, 0.0, 0.0, 1.0, 0.6977738805226098, 1.0, 0.0, 0.0, 0.0, 0.0, 0.0, 0.0, 0.0]",104466,155669,N6,dismiss,-0.3,ts,1735,0
"[0.2, -0.2, 0.10110110110110104, -0.6043478260869565, 0.05263157894736842, 0.0, 0.0, 0.0, 1.0, 0.6660152152276981, 1.0, 0.0, 0.0, 0.0, 0.0, 0.0, 0.0, 0.0]",191334,127600,N6,dismiss,-0.3,ts,1193,0
"[0.22222222222222215, -0.22222222222222215, -0.09255898366606173, 0.16153846153846155, 0.020000000000000018, 0.0, 0.0, 0.0, 1.0, 0.7492855744837049, 1.0, 0.0, 0.0, 0.0, 0.0, 0.0, 0.0, 0.0]",87131,108112,N3,dismiss,-0.3,ts,1701,1
"[0.12499999999999988, -0.12499999999999988, 0.10011641443538992, 0.5833333333333334, -0.05, 0.0, 0.0, 0.0, 1.0, 0.6424774264918087, 1.0, 0.0, 0.0, 0.0, 0.0, 0.0, 0.0, 0.0]",78136,180524,N6,dismiss,-0.3,ts,1399,0
"[0.5599999999999999, -0.5599999999999999, 0.08267716535433069, 0.36, 1.0, 0.0, 0.0, 0.0, 1.0, 0.6842840609430062, 1.0, 0.0, 0.0, 0.0, 0.0, 0.0, 0.0, 0.0]",185411,89763,N6,dismiss,-0.3,ts,2482,0
"[0.3333333333333333, -0.3333333333333333, 0.0016694490818030287, -0.09644670050761421, 0.38461538461538464, 0.0, 0.0, 0.0, 1.0, 0.7580535088160933, 1.0, 0.0, 0.0, 0.0, 0.0, 0.0, 0.0, 0.0]",92082,138519,N6,accept,0.5333333333333333,ts,457,1
"[0.4444444444444445, -0.4444444444444445, 0.21404682274247488, -0.6984126984126984, -0.58, 0.0, 0.0, 0.0, 1.0, 0.610175897468082, 1.0, 0.0, 0.0, 0.0, 0.0, 0.0, 0.0, 0.0]",19676,132873,N6,dismiss,-0.3,ts,1692,0
"[0.25, -0.25, -0.24812030075187969, 0.0581039755351682, 0.32978723404255317, 0.0, 0.0, 0.0, 1.0, 0.6724565857057285, 1.0, 0.0, 0.0, 0.0, 0.0, 0.0, 0.0, 0.0]",82380,117045,N6,dismiss,-0.3,ts,453,0
"[0.24242424242424238, -0.24242424242424238, 0.17021276595744683, 0.22875816993464052, 0.24000000000000005, 0.0, 0.0, 0.0, 1.0, 0.6671422863770378, 1.0, 0.0, 0.0, 0.0, 0.0, 0.0, 0.0, 0.0]",120700,19599,N3,dismiss,-0.3,ts,627,1
"[0.28571428571428564, -0.28571428571428564, -0.35943517329910146, 0.26, 0.06000000000000001, 0.0, 0.0, 0.0, 1.0, 0.670708318241587, 1.0, 0.0, 0.0, 0.0, 0.0, 0.0, 0.0, 0.0]",33303,130669,N6,dismiss,-0.3,ts,2206,1
"[0.2000000000000001, -0.2000000000000001, 0.1925876902713435, 0.23417721518987342, -0.05999999999999996, 0.0, 0.0, 0.0, 1.0, 0.6858372203509444, 1.0, 0.0, 0.0, 0.0, 0.0, 0.0, 0.0, 0.0]",147858,83435,N6,dismiss,-0.3,ts,2845,0
"[0.296, -0.296, -0.4104545454545454, -0.042735042735042736, 1.0, 0.0, 0.0, 0.0, 1.0, 0.5952122238463202, 1.0, 0.0, 0.0, 0.0, 0.0, 0.0, 0.0, 0.0]",151839,107554,N6,dismiss,-0.3,ts,1799,1
"[0.6454545454545454, -0.6454545454545454, -0.25027262813522355, -0.36507936507936506, -0.1, 0.0, 0.0, 0.0, 1.0, 0.7533005487725035, 1.0, 0.0, 0.0, 0.0, 0.0, 0.0, 0.0, 0.0]",82102,81568,N6,accept,0.7518181818181817,ts,2058,1
"[0.5, -0.5, -0.8, 0.1320754716981132, 0.2222222222222222, 0.0, 0.0, 0.0, 1.0, 0.6605222441408507, 1.0, 0.0, 0.0, 0.0, 0.0, 0.0, 0.0, 0.0]",63921,93859,N6,dismiss,-0.3,ts,1459,1
"[0.7499999999999999, -0.7499999999999999, -0.008000000000000007, -0.7905982905982906, -0.7547169811320755, 0.0, 0.0, 0.0, 1.0, 0.7131653070236477, 1.0, 0.0, 0.0, 0.0, 0.0, 0.0, 0.0, 0.0]",123829,94324,N6,dismiss,-0.3,ts,1666,1
"[0.2307692307692307, -0.2307692307692307, -0.2777777777777778, 0.26, -0.039999999999999994, 0.0, 0.0, 0.0, 1.0, 0.6756362621147747, 1.0, 0.0, 0.0, 0.0, 0.0, 0.0, 0.0, 0.0]",79461,37953,N6,dismiss,-0.3,ts,1127,1
"[0.47959183673469385, -0.47959183673469385, -0.24881101376720902, -0.2188449848024316, -0.38, 0.0, 0.0, 0.0, 1.0, 0.6927062648367477, 1.0, 0.0, 0.0, 0.0, 0.0, 0.0, 0.0, 0.0]",158420,20089,N6,dismiss,-0.3,ts,2997,1
"[0.02500000000000002, -0.02500000000000002, -0.33110367892976583, -0.18, -0.039999999999999994, 0.0, 0.0, 0.0, 1.0, 0.6056318521821138, 1.0, 0.0, 0.0, 0.0, 0.0, 0.0, 0.0, 0.0]",54434,62503,N6,dismiss,-0.3,ts,949,0
"[0.64, -0.64, -0.3215400624349636, 0.6818181818181818, -0.4600000000000001, 0.0, 0.0, 0.0, 1.0, 0.6393406062349359, 1.0, 0.0, 0.0, 0.0, 0.0, 0.0, 0.0, 0.0]",191662,128279,N6,dismiss,-0.3,ts,2327,1
"[0.1111111111111112, -0.1111111111111112, -0.5135678391959799, 0.0, 0.0, 0.0, 0.0, 0.0, 1.0, 0.6628913050757039, 1.0, 0.0, 0.0, 0.0, 0.0, 0.0, 0.0, 0.0]",16809,110501,N6,dismiss,-0.3,ts,1004,0
"[0.20000000000000007, -0.20000000000000007, 0.09090909090909091, -0.019943019943019943, -0.17857142857142858, 0.0, 0.0, 0.0, 1.0, 0.7386644578940104, 1.0, 0.0, 0.0, 0.0, 0.0, 0.0, 0.0, 0.0]",70000,31972,N6,dismiss,-0.3,ts,1127,1
"[0.16666666666666666, -0.16666666666666666, -0.057621791513881686, -0.6749729144095341, 0.42857142857142855, 0.0, 0.0, 0.0, 1.0, 0.5920035478458865, 1.0, 0.0, 0.0, 0.0, 0.0, 0.0, 0.0, 0.0]",185512,183166,N6,accept,0.41666666666666663,ts,1266,1
"[0.8666666666666667, -0.8666666666666667, -0.1430615164520745, 1.0, 1.0, 0.0, 0.0, 0.0, 1.0, 0.6182042627762075, 1.0, 0.0, 0.0, 0.0, 0.0, 0.0, 0.0, 0.0]",106727,16729,N6,dismiss,-0.3,ts,677,1
"[0.5599999999999999, -0.5599999999999999, 0.0, 0.0, 0.0, 0.0, 0.0, 0.0, 1.0, 0.9214522655572737, 1.0, 0.0, 0.0, 0.0, 0.0, 0.0, 0.0, 0.0]",106764,106733,N6,dismiss,-0.3,ts,1102,1
"[0.7, -0.7, -0.1010222489476849, 0.09236947791164658, -0.9722222222222222, 0.0, 0.0, 0.0, 1.0, 0.755021495830498, 1.0, 0.0, 0.0, 0.0, 0.0, 0.0, 0.0, 0.0]",52481,134921,N6,accept,0.7899999999999999,ts,1398,1
"[0.12499999999999993, -0.12499999999999993, -0.05891016200294561, 0.0, 0.0, 0.0, 0.0, 0.0, 1.0, 0.7741044488384916, 1.0, 0.0, 0.0, 0.0, 0.0, 0.0, 0.0, 0.0]",108507,81462,N3,dismiss,-0.3,ts,524,1
"[0.13333333333333344, -0.13333333333333344, -0.1, -0.75, -0.44000000000000006, 0.0, 0.0, 0.0, 1.0, 0.5587769414463242, 1.0, 0.0, 0.0, 0.0, 0.0, 0.0, 0.0, 0.0]",70105,79461,N3,dismiss,-0.3,ts,1434,1
"[0.06666666666666672, -0.06666666666666672, -0.05627490039840633, -0.08253968253968254, -0.07692307692307693, 0.0, 0.0, 0.0, 1.0, 0.7094121178427077, 1.0, 0.0, 0.0, 0.0, 0.0, 0.0, 0.0, 0.0]",170958,105432,N6,dismiss,-0.3,ts,1215,1
"[0.03846153846153849, -0.03846153846153849, 0.1188612099644128, -0.18803418803418803, -0.10169491525423738, 0.0, 0.0, 0.0, 1.0, 0.6474687205424319, 1.0, 0.0, 0.0, 0.0, 0.0, 0.0, 0.0, 0.0]",43763,59416,N6,dismiss,-0.3,ts,2464,1
"[0.06666666666666665, -0.06666666666666665, 0.24626121635094725, -0.03205128205128205, 0.040000000000000036, 0.0, 0.0, 0.0, 1.0, 0.6762873769706732, 1.0, 0.0, 0.0, 0.0, 0.0, 0.0, 0.0, 0.0]",86978,108112,N6,dismiss,-0.3,ts,2361,0
"[0.18749999999999997, -0.18749999999999997, -0.06666666666666667, 0.8181818181818182, -0.1, 0.0, 0.0, 0.0, 1.0, 0.6455626802602048, 1.0, 0.0, 0.0, 0.0, 0.0, 0.0, 0.0, 0.0]",63222,114738,N6,dismiss,-0.3,ts,420,0
"[0.15999999999999998, -0.15999999999999998, 0.0, 0.0, 0.0, 0.0, 0.0, 0.0, 1.0, 0.8088739373846245, 1.0, 0.0, 0.0, 0.0, 0.0, 0.0, 0.0, 0.0]",16728,16731,N6,dismiss,-0.3,ts,637,0
"[0.64, -0.64, 0.15567282321899734, -0.5691489361702128, 0.4, 0.0, 0.0, 0.0, 1.0, 0.6980152721232434, 1.0, 0.0, 0.0, 0.0, 0.0, 0.0, 0.0, 0.0]",84106,19598,N6,dismiss,-0.3,ts,1006,0
"[0.3333333333333333, -0.3333333333333333, -0.0879271070615034, 0.44285714285714284, 0.25, 0.0, 0.0, 0.0, 1.0, 0.6861198608584137, 1.0, 0.0, 0.0, 0.0, 0.0, 0.0, 0.0, 0.0]",128254,170191,N6,dismiss,-0.3,ts,1190,1
"[0.6352, -0.6352, -0.7196220122290161, 0.0, 0.0, 0.0, 0.0, 0.0, 1.0, 0.782683399240906, 1.0, 0.0, 0.0, 0.0, 0.0, 0.0, 0.0, 0.0]",49130,147348,N6,accept,0.74464,ts,474,1
"[0.1842105263157895, -0.1842105263157895, 0.0, -0.0035335689045936395, -0.019999999999999928, 0.0, 0.0, 0.0, 1.0, 0.8104350430499354, 1.0, 0.0, 0.0, 0.0, 0.0, 0.0, 0.0, 0.0]",38840,91957,N6,dismiss,-0.3,ts,2206,1
"[0.20000000000000007, -0.20000000000000007, 0.09090909090909091, -0.019943019943019943, -0.17857142857142858, 0.0, 0.0, 0.0, 1.0, 0.7386644578940104, 1.0, 0.0, 0.0, 0.0, 0.0, 0.0, 0.0, 0.0]",70000,31972,N6,dismiss,-0.3,ts,1586,0
"[0.10714285714285712, -0.10714285714285712, -0.0750938673341677, 0.0, 0.0, 0.0, 0.0, 0.0, 1.0, 0.7619454645957421, 1.0, 0.0, 0.0, 0.0, 0.0, 0.0, 0.0, 0.0]",115245,115244,N6,dismiss,-0.3,ts,804,0
"[0.6061776061776062, -0.6061776061776062, -0.11605301914580268, -0.22590361445783133, -0.32608695652173914, 0.0, 0.0, 0.0, 1.0, 0.7623757478285988, 1.0, 0.0, 0.0, 0.0, 0.0, 0.0, 0.0, 0.0]",61096,20089,N6,dismiss,-0.3,ts,684,1
"[0.7500000000000001, -0.7500000000000001, 0.0, 0.0, 0.0, 0.0, 0.0, 0.0, 1.0, 0.9523252675504453, 1.0, 0.0, 0.0, 0.0, 0.0, 0.0, 0.0, 0.0]",141769,141765,N3,dismiss,-0.3,ts,2667,1
"[0.1666666666666667, -0.1666666666666667, 0.07142857142857142, -0.5081967213114754, 0.06000000000000001, 0.0, 0.0, 0.0, 1.0, 0.6719279802353277, 1.0, 0.0, 0.0, 0.0, 0.0, 0.0, 0.0, 0.0]",118798,71728,N6,dismiss,-0.3,ts,2138,1
"[0.3333333333333333, -0.3333333333333333, -0.48406676783004554, -0.44761904761904764, -0.6129032258064516, 0.0, 0.0, 0.0, 1.0, 0.546792220645576, 1.0, 0.0, 0.0, 0.0, 0.0, 0.0, 0.0, 0.0]",170138,175100,N6,dismiss,-0.3,ts,1662,0
"[0.16666666666666666, -0.16666666666666666, -0.14571428571428577, 1.0, -0.18, 0.0, 0.0, 0.0, 1.0, 0.575008397044129, 1.0, 0.0, 0.0, 0.0, 0.0, 0.0, 0.0, 0.0]",39888,132804,N6,dismiss,-0.3,ts,2677,1
"[0.8163265306122449, -0.8163265306122449, -0.4171011470281544, -0.37962962962962965, -0.6916666666666668, 0.0, 0.0, 0.0, 1.0, 0.6549006932450979, 1.0, 0.0, 0.0, 0.0, 0.0, 0.0, 0.0, 0.0]",55915,54927,N6,dismiss,-0.3,ts,2354,1
"[0.3571428571428571, -0.3571428571428571, -0.49471210340775557, 0.017341040462427744, -0.012658227848101333, 0.0, 0.0, 0.0, 1.0, 0.7379294538140533, 1.0, 0.0, 0.0, 0.0, 0.0, 0.0, 0.0, 0.0]",117162,105899,N6,dismiss,-0.3,ts,988,1
"[0.12499999999999999, -0.12499999999999999, 0.0, 0.0392156862745098, 0.019999999999999973, 0.0, 0.0, 0.0, 1.0, 0.7791365420991551, 1.0, 0.0, 0.0, 0.0, 0.0, 0.0, 0.0, 0.0]",130670,122719,N6,accept,0.38749999999999996,ts,2409,1
"[0.8833333333333333, -0.8833333333333333, 0.20008587376556464, 0.0, 0.0, 0.0, 0.0, 0.0, 1.0, 0.9010464812760681, 1.0, 0.0, 0.0, 0.0, 0.0, 0.0, 0.0, 0.0]",141734,16731,N6,dismiss,-0.3,ts,2817,1
"[0.3, -0.3, 0.03577817531305903, -0.2619718309859155, 0.47058823529411764, 0.0, 0.0, 0.0, 1.0, 0.6890158827391232, 1.0, 0.0, 0.0, 0.0, 0.0, 0.0, 0.0, 0.0]",88157,61358,N6,dismiss,-0.3,ts,2686,1
"[0.20000000000000007, -0.20000000000000007, 0.20240480961923843, 1.0, 1.0, 0.0, 0.0, 0.0, 1.0, 0.47397905692875997, 1.0, 0.0, 0.0, 0.0, 0.0, 0.0, 0.0, 0.0]",169305,31975,N6,dismiss,-0.3,ts,1453,1
"[0.4690265486725664, -0.4690265486725664, -0.2679665738161559, -0.008450704225352112, -0.13333333333333336, 0.0, 0.0, 0.0, 1.0, 0.7810524086933406, 1.0, 0.0, 0.0, 0.0, 0.0, 0.0, 0.0, 0.0]",143110,111012,N6,dismiss,-0.3,ts,641,1
"[0.3500000000000001, -0.3500000000000001, 0.0, -0.3611111111111111, 0.043478260869565216, 0.0, 0.0, 0.0, 1.0, 0.7807457601820568, 1.0, 0.0, 0.0, 0.0, 0.0, 0.0, 0.0, 0.0]",125913,48548,N6,dismiss,-0.3,ts,2025,0
"[0.6375, -0.6375, 0.0, -0.02158273381294964, 0.0, 0.0, 0.0, 0.0, 1.0, 0.9293128096864788, 1.0, 0.0, 0.0, 0.0, 0.0, 0.0, 0.0, 0.0]",85325,40258,N6,dismiss,-0.3,ts,402,0
"[0.72, -0.72, 0.14583333333333334, 0.02, 0.06000000000000001, 0.0, 0.0, 0.0, 1.0, 0.8748597557133838, 1.0, 0.0, 0.0, 0.0, 0.0, 0.0, 0.0, 0.0]",135298,81568,N6,dismiss,-0.3,ts,621,0
"[0.8835294117647059, -0.8835294117647059, -0.28114285714285714, -0.1038961038961039, -0.14285714285714285, 0.0, 0.0, 0.0, 1.0, 0.8155825728784956, 1.0, 0.0, 0.0, 0.0, 0.0, 0.0, 0.0, 0.0]",55744,108025,N6,dismiss,-0.3,ts,2498,1
"[0.33333333333333337, -0.33333333333333337, -0.5833333333333334, 0.0, 0.0, 0.0, 0.0, 0.0, 1.0, 0.727809934097922, 1.0, 0.0, 0.0, 0.0, 0.0, 0.0, 0.0, 0.0]",112487,38636,N6,dismiss,-0.3,ts,2185,0
"[0.8742857142857143, -0.8742857142857143, 0.1455847255369929, -0.05660377358490566, -0.3661971830985915, 0.0, 0.0, 0.0, 1.0, 0.8216951849792543, 1.0, 0.0, 0.0, 0.0, 0.0, 0.0, 0.0, 0.0]",57280,59424,N6,dismiss,-0.3,ts,840,1
"[0.44999999999999996, -0.44999999999999996, -0.3881064162754303, -0.051490514905149054, -0.5, 0.0, 0.0, 0.0, 1.0, 0.6795974159816287, 1.0, 0.0, 0.0, 0.0, 0.0, 0.0, 0.0, 0.0]",43370,88363,N3,accept,0.615,ts,1156,1
"[0.25, -0.25, 0.0, -0.005747126436781609, -0.16666666666666666, 0.0, 0.0, 0.0, 1.0, 0.7953547792253595, 1.0, 0.0, 0.0, 0.0, 0.0, 0.0, 0.0, 0.0]",117105,117045,N3,dismiss,-0.3,ts,520,1
"[0.24999999999999992, -0.24999999999999992, 0.09610802223987286, -0.34210526315789475, 0.05263157894736842, 0.0, 0.0, 0.0, 1.0, 0.7153014633789336, 1.0, 0.0, 0.0, 0.0, 0.0, 0.0, 0.0, 0.0]",144703,71136,N6,accept,0.4749999999999999,ts,1501,0
"[0.040000000000000036, -0.040000000000000036, 0.0, 0.0, 0.0, 0.0, 0.0, 0.0, 1.0, 0.7649820258822859, 1.0, 0.0, 0.0, 0.0, 0.0, 0.0, 0.0, 0.0]",141765,141753,N6,dismiss,-0.3,ts,2167,0
"[0.7242424242424242, -0.7242424242424242, -0.375, -0.12, 0.020000000000000018, 0.0, 0.0, 0.0, 1.0, 0.8054726740770898, 1.0, 0.0, 0.0, 0.0, 0.0, 0.0, 0.0, 0.0]",141703,81568,N6,accept,0.8069696969696969,ts,1471,1
"[0.8417582417582418, -0.8417582417582418, -0.3337306317044101, -0.37962962962962965, -0.6476190476190476, 0.0, 0.0, 0.0, 1.0, 0.6768261027426546, 1.0, 0.0, 0.0, 0.0, 0.0, 0.0, 0.0, 0.0]",78130,54927,N6,accept,0.8892307692307693,ts,2489,1
"[0.78, -0.78, -0.5652173913043478, 0.0, 0.0, 0.0, 0.0, 0.0, 1.0, 0.8206466101270193, 1.0, 0.0, 0.0, 0.0, 0.0, 0.0, 0.0, 0.0]",128295,169349,N3,accept,0.8459999999999999,ts,2213,1
"[0.5599999999999999, -0.5599999999999999, 0.052291801162040054, 0.29454545454545455, -0.2448979591836735, 0.0, 0.0, 0.0, 1.0, 0.7767295963695724, 1.0, 0.0, 0.0, 0.0, 0.0, 0.0, 0.0, 0.0]",185412,87718,N6,accept,0.692,ts,2675,0
"[0.25000000000000006, -0.25000000000000006, -0.10427528675703858, -0.3401360544217687, 0.17647058823529413, 0.0, 0.0, 0.0, 1.0, 0.6833059974324363, 1.0, 0.0, 0.0, 0.0, 0.0, 0.0, 0.0, 0.0]",115240,139804,N6,dismiss,-0.3,ts,2128,1
"[0.13333333333333344, -0.13333333333333344, -0.18181818181818182, -0.75, -0.44000000000000006, 0.0, 0.0, 0.0, 1.0, 0.5340595765105035, 1.0, 0.0, 0.0, 0.0, 0.0, 0.0, 0.0, 0.0]",18239,79461,N6,dismiss,-0.3,ts,2999,0
"[0.9586734693877551, -0.9586734693877551, -0.5997496871088861, 0.22018348623853212, -0.4583333333333333, 0.0, 0.0, 0.0, 1.0, 0.6901405882097237, 1.0, 0.0, 0.0, 0.0, 0.0, 0.0, 0.0, 0.0]",115245,128247,N6,dismiss,-0.3,ts,799,1
"[0.8571428571428572, -0.8571428571428572, 0.03199999999999985, 0.050980392156862744, -0.12000000000000002, 0.0, 0.0, 0.0, 1.0, 0.9055549142837571, 1.0, 0.0, 0.0, 0.0, 0.0, 0.0, 0.0, 0.0]",116982,117029,N3,dismiss,-0.3,ts,2658,1
"[0.7058823529411765, -0.7058823529411765, 0.10753880266075391, 0.7647058823529411, 0.46153846153846156, 0.0, 0.0, 0.0, 1.0, 0.6996927312662532, 1.0, 0.0, 0.0, 0.0, 0.0, 0.0, 0.0, 0.0]",179676,115396,N6,dismiss,-0.3,ts,2318,0
"[0.4583333333333333, -0.4583333333333333, -0.327319587628866, 0.22, 0.24000000000000005, 0.0, 0.0, 0.0, 1.0, 0.692442265593947, 1.0, 0.0, 0.0, 0.0, 0.0, 0.0, 0.0, 0.0]",151790,123325,N6,dismiss,-0.3,ts,747,1
"[0.2, -0.2, 0.10110110110110104, -0.6043478260869565, 0.05263157894736842, 0.0, 0.0, 0.0, 1.0, 0.6660152152276981, 1.0, 0.0, 0.0, 0.0, 0.0, 0.0, 0.0, 0.0]",191335,127600,N3,accept,0.43999999999999995,ts,2446,1
"[0.28571428571428575, -0.28571428571428575, 0.23592419664927214, 0.4583333333333333, -0.1, 0.0, 0.0, 0.0, 1.0, 0.658588363112707, 1.0, 0.0, 0.0, 0.0, 0.0, 0.0, 0.0, 0.0]",139086,127333,N6,dismiss,-0.3,ts,676,0
"[0.6818181818181819, -0.6818181818181819, 0.0, -0.7517241379310344, -0.3, 0.0, 0.0, 0.0, 1.0, 0.7584198157764016, 1.0, 0.0, 0.0, 0.0, 0.0, 0.0, 0.0, 0.0]",151787,189308,N3,dismiss,-0.3,ts,1933,1
"[0.018987341772151913, -0.018987341772151913, -0.07966573816155988, -0.0111731843575419, -0.29473684210526313, 0.0, 0.0, 0.0, 1.0, 0.6575391462900055, 1.0, 0.0, 0.0, 0.0, 0.0, 0.0, 0.0, 0.0]",43387,43382,N3,dismiss,-0.3,ts,748,1
"[0.52, -0.52, 0.11648223645894, 0.0, 0.0, 0.0, 0.0, 0.0, 1.0, 0.8716130198763568, 1.0, 0.0, 0.0, 0.0, 0.0, 0.0, 0.0, 0.0]",142501,54196,N3,accept,0.6639999999999999,ts,1909,1
"[0.6428571428571429, -0.6428571428571429, 0.0, 0.0, 0.0, 0.0, 0.0, 0.0, 1.0, 0.9365456071518827, 1.0, 0.0, 0.0, 0.0, 0.0, 0.0, 0.0, 0.0]",37993,60783,N6,dismiss,-0.3,ts,505,1
"[0.20000000000000004, -0.20000000000000004, -0.49, -0.09798994974874371, -0.8242424242424242, 0.0, 0.0, 0.0, 1.0, 0.5500458536214315, 1.0, 0.0, 0.0, 0.0, 0.0, 0.0, 0.0, 0.0]",69112,158412,N6,accept,0.44,ts,711,1
"[0.2000000000000001, -0.2000000000000001, 0.17148554336989041, 0.17307692307692307, 0.020000000000000018, 0.0, 0.0, 0.0, 1.0, 0.7149888620585764, 1.0, 0.0, 0.0, 0.0, 0.0, 0.0, 0.0, 0.0]",86978,83437,N6,dismiss,-0.3,ts,2078,1
"[0.5599999999999999, -0.5599999999999999, -0.0027700831024931143, 0.01744186046511628, -0.7413793103448276, 0.0, 0.0, 0.0, 1.0, 0.7992565395294952, 1.0, 0.0, 0.0, 0.0, 0.0, 0.0, 0.0, 0.0]",123511,30082,N6,dismiss,-0.3,ts,1620,1
"[0.3333333333333333, -0.3333333333333333, -0.48406676783004554, -0.44761904761904764, -0.6129032258064516, 0.0, 0.0, 0.0, 1.0, 0.546792220645576, 1.0, 0.0, 0.0, 0.0, 0.0, 0.0, 0.0, 0.0]",170138,175100,N6,dismiss,-0.3,ts,1894,0
"[0.08333333333333326, -0.08333333333333326, 0.0, 0.1125, 0.18181818181818182, 0.0, 0.0, 0.0, 1.0, 0.7051372725166374, 1.0, 0.0, 0.0, 0.0, 0.0, 0.0, 0.0, 0.0]",73738,73736,N6,dismiss,-0.3,ts,2559,0
"[0.12499999999999988, -0.12499999999999988, 0.10011641443538992, 0.5833333333333334, -0.05, 0.0, 0.0, 0.0, 1.0, 0.6424774264918087, 1.0, 0.0, 0.0, 0.0, 0.0, 0.0, 0.0, 0.0]",78136,180524,N6,dismiss,-0.3,ts,2472,0
"[0.8416666666666667, -0.8416666666666667, 0.0005000000000000782, 0.2366412213740458, 0.2, 0.0, 0.0, 0.0, 1.0, 0.8567291888957428, 1.0, 0.0, 0.0, 0.0, 0.0, 0.0, 0.0, 0.0]",80035,146547,N6,dismiss,-0.3,ts,1970,1
"[0.12499999999999999, -0.12499999999999999, -0.4235294117647059, 0.09885931558935361, -0.26666666666666666, 0.0, 0.0, 0.0, 1.0, 0.5931551167573187, 1.0, 0.0, 0.0, 0.0, 0.0, 0.0, 0.0, 0.0]",120829,110153,N6,dismiss,-0.3,ts,2942,0
"[0.24999999999999997, -0.24999999999999997, -0.4147058823529412, 0.0, 0.0, 0.0, 0.0, 0.0, 1.0, 0.726850521859211, 1.0, 0.0, 0.0, 0.0, 0.0, 0.0, 0.0, 0.0]",51609,174748,N6,dismiss,-0.3,ts,2603,0
"[0.1111111111111112, -0.1111111111111112, -0.5135678391959799, 0.0, 0.0, 0.0, 0.0, 0.0, 1.0, 0.6628913050757039, 1.0, 0.0, 0.0, 0.0, 0.0, 0.0, 0.0, 0.0]",16809,110501,N6,accept,0.3777777777777778,ts,1167,0
"[0.85, -0.85, -0.005000000000000071, 0.0, 0.0, 0.0, 0.0, 0.0, 1.0, 0.9617967240690748, 1.0, 0.0, 0.0, 0.0, 0.0, 0.0, 0.0, 0.0]",38018,174748,N3,dismiss,-0.3,ts,1709,1
"[0.35135135135135137, -0.35135135135135137, -0.33894993894993897, 0.0948905109489051, -0.08333333333333333, 0.0, 0.0, 0.0, 1.0, 0.7233560225815844, 1.0, 0.0, 0.0, 0.0, 0.0, 0.0, 0.0, 0.0]",130295,82038,N3,dismiss,-0.3,ts,1955,1
"[0.14285714285714288, -0.14285714285714288, 0.2002503128911139, 0.37383177570093457, -0.15, 0.0, 0.0, 0.0, 1.0, 0.6189066123031219, 1.0, 0.0, 0.0, 0.0, 0.0, 0.0, 0.0, 0.0]",78135,115240,N6,dismiss,-0.3,ts,1150,0
"[0.20000000000000007, -0.20000000000000007, 0.20240480961923843, 1.0, 1.0, 0.0, 0.0, 0.0, 1.0, 0.47344812991345014, 1.0, 0.0, 0.0, 0.0, 0.0, 0.0, 0.0, 0.0]",169305,32065,N3,dismiss,-0.3,ts,2680,1
"[0.6632653061224489, -0.6632653061224489, 0.0, -0.07526881720430108, -0.06896551724137931, 0.0, 0.0, 0.0, 1.0, 0.8995713911303937, 1.0, 0.0, 0.0, 0.0, 0.0, 0.0, 0.0, 0.0]",169065,169335,N6,dismiss,-0.3,ts,2363,1
"[0.20000000000000004, -0.20000000000000004, -0.05555555555555555, -0.75, -0.44000000000000006, 0.0, 0.0, 0.0, 1.0, 0.5974829772502733, 1.0, 0.0, 0.0, 0.0, 0.0, 0.0, 0.0, 0.0]",68609,18334,N3,dismiss,-0.3,ts,2719,1
"[0.2941176470588236, -0.2941176470588236, 0.0, 1.0, 0.48, 0.0, 0.0, 0.0, 1.0, 0.6188615559348754, 1.0, 0.0, 0.0, 0.0, 0.0, 0.0, 0.0, 0.0]",51575,50956,N6,dismiss,-0.3,ts,536,0
"[0.5599999999999999, -0.5599999999999999, 0.000555864369094028, 0.16666666666666666, -0.3181818181818182, 0.0, 0.0, 0.0, 1.0, 0.8080917411690023, 1.0, 0.0, 0.0, 0.0, 0.0, 0.0, 0.0, 0.0]",183166,30105,N6,dismiss,-0.3,ts,2455,1
"[0.11458333333333333, -0.11458333333333333, 0.0, -0.5561959654178674, -0.7909090909090909, 0.0, 0.0, 0.0, 1.0, 0.5727064609689967, 1.0, 0.0, 0.0, 0.0, 0.0, 0.0, 0.0, 0.0]",107659,142262,N6,accept,0.3802083333333333,ts,867,0
"[0.20000000000000007, -0.20000000000000007, -0.1629802095459837, -0.0498220640569395, 0.07142857142857142, 0.0, 0.0, 0.0, 1.0, 0.7330005118464727, 1.0, 0.0, 0.0, 0.0, 0.0, 0.0, 0.0, 0.0]",21089,128242,N6,dismiss,-0.3,ts,878,1
"[0.7013333333333333, -0.7013333333333333, -0.17167381974248935, 1.0, 1.0, 0.0, 0.0, 0.0, 1.0, 0.5900634209385999, 1.0, 0.0, 0.0, 0.0, 0.0, 0.0, 0.0, 0.0]",106727,16725,N3,dismiss,-0.3,ts,886,1
"[0.5, -0.5, -0.18882352941176475, -0.0196078431372549, 0.0, 0.0, 0.0, 0.0, 1.0, 0.8401132102417388, 1.0, 0.0, 0.0, 0.0, 0.0, 0.0, 0.0, 0.0]",50818,141748,N3,dismiss,-0.3,ts,2188,1
"[0.25, -0.25, -0.5940460081190798, -0.0546448087431694, 1.0, 0.0, 0.0, 0.0, 1.0, 0.5370968143236092, 1.0, 0.0, 0.0, 0.0, 0.0, 0.0, 0.0, 0.0]",189368,117045,N3,accept,0.475,ts,1528,1
"[0.20000000000000007, -0.20000000000000007, 0.19092827004219395, -0.027932960893854747, -0.14285714285714285, 0.0, 0.0, 0.0, 1.0, 0.7139182293445189, 1.0, 0.0, 0.0, 0.0, 0.0, 0.0, 0.0, 0.0]",111011,31973,N3,dismiss,-0.3,ts,1677,1
"[0.47058823529411764, -0.47058823529411764, 0.18181818181818182, 0.14, 0.18000000000000002, 0.0, 0.0, 0.0, 1.0, 0.759069863248445, 1.0, 0.0, 0.0, 0.0, 0.0, 0.0, 0.0, 0.0]",18323,37953,N3,dismiss,-0.3,ts,1506,0
"[0.7058823529411765, -0.7058823529411765, -0.26594926979246725, 0.29577464788732394, 0.17647058823529413, 0.0, 0.0, 0.0, 1.0, 0.7522141486473075, 1.0, 0.0, 0.0, 0.0, 0.0, 0.0, 0.0, 0.0]",134227,146668,N3,accept,0.7941176470588236,ts,1183,1
"[0.06666666666666672, -0.06666666666666672, -0.16684045881126172, 0.0380952380952381, 0.0, 0.0, 0.0, 0.0, 1.0, 0.7071694114641532, 1.0, 0.0, 0.0, 0.0, 0.0, 0.0, 0.0, 0.0]",56248,115245,N6,accept,0.3466666666666667,ts,1208,1
"[0.20000000000000007, -0.20000000000000007, 0.09090909090909091, -0.008547008547008548, -0.14285714285714285, 0.0, 0.0, 0.0, 1.0, 0.7497580191893745, 1.0, 0.0, 0.0, 0.0, 0.0, 0.0, 0.0, 0.0]",70000,31966,N3,dismiss,-0.3,ts,761,1
"[0.19999999999999993, -0.19999999999999993, 0.041666666666666664, 0.0, 0.0, 0.0, 0.0, 0.0, 1.0, 0.8068370360387624, 1.0, 0.0, 0.0, 0.0, 0.0, 0.0, 0.0, 0.0]",18185,82489,N6,dismiss,-0.3,ts,1874,1
"[0.10714285714285708, -0.10714285714285708, 0.21108179419525067, -0.24567474048442905, -0.25, 0.0, 0.0, 0.0, 1.0, 0.6037111713328339, 1.0, 0.0, 0.0, 0.0, 0.0, 0.0, 0.0, 0.0]",105432,164355,N6,dismiss,-0.3,ts,1840,1
"[0.16000000000000003, -0.16000000000000003, 0.06048982000590136, -0.4169611307420495, 0.08333333333333333, 0.0, 0.0, 0.0, 1.0, 0.6782079465127508, 1.0, 0.0, 0.0, 0.0, 0.0, 0.0, 0.0, 0.0]",134112,179649,N6,dismiss,-0.3,ts,1245,1
"[0.09090909090909087, -0.09090909090909087, -0.13017127799736508, 0.82, 0.045454545454545456, 0.0, 0.0, 0.0, 1.0, 0.6041007760941072, 1.0, 0.0, 0.0, 0.0, 0.0, 0.0, 0.0, 0.0]",85794,120787,N3,dismiss,-0.3,ts,460,0
"[0.6, -0.6, -0.10370370370370366, 0.3348623853211009, 0.3333333333333333, 0.0, 0.0, 0.0, 1.0, 0.7454021480082622, 1.0, 0.0, 0.0, 0.0, 0.0, 0.0, 0.0, 0.0]",164355,29663,N6,dismiss,-0.3,ts,2587,1
"[0.22959183673469385, -0.22959183673469385, -0.6495619524405507, -0.0243161094224924, -0.04, 0.0, 0.0, 0.0, 1.0, 0.6687485312831922, 1.0, 0.0, 0.0, 0.0, 0.0, 0.0, 0.0, 0.0]",158420,103704,N3,accept,0.4607142857142857,ts,1706,1
"[0.0555555555555556, -0.0555555555555556, -0.16666666666666666, 0.01764705882352941, 0.0, 0.0, 0.0, 0.0, 1.0, 0.7088897221869671, 1.0, 0.0, 0.0, 0.0, 0.0, 0.0, 0.0, 0.0]",123852,105724,N6,dismiss,-0.3,ts,831,1
"[0.10999999999999997, -0.10999999999999997, -0.3, -0.48333333333333334, -0.58, 0.0, 0.0, 0.0, 1.0, 0.504717256260503, 1.0, 0.0, 0.0, 0.0, 0.0, 0.0, 0.0, 0.0]",18598,79360,N3,dismiss,-0.3,ts,446,1
"[0.2000000000000001, -0.2000000000000001, -0.15092453773113457, 0.09259259259259259, -0.1, 0.0, 0.0, 0.0, 1.0, 0.7181702560729941, 1.0, 0.0, 0.0, 0.0, 0.0, 0.0, 0.0, 0.0]",146547,87097,N3,accept,0.44000000000000006,ts,571,1
"[0.1411042944785276, -0.1411042944785276, -0.07228915662650597, -0.025, -0.48101265822784817, 0.0, 0.0, 0.0, 1.0, 0.6752174307740954, 1.0, 0.0, 0.0, 0.0, 0.0, 0.0, 0.0, 0.0]",15663,117054,N3,accept,0.3987730061349693,ts,2257,1
"[0.09999999999999996, -0.09999999999999996, -0.06312499999999999, -0.3416666666666667, -0.44000000000000006, 0.0, 0.0, 0.0, 1.0, 0.6014572513528278, 1.0, 0.0, 0.0, 0.0, 0.0, 0.0, 0.0, 0.0]",18616,155616,N3,dismiss,-0.3,ts,2769,1
"[0.08163265306122446, -0.08163265306122446, 0.0817610062893081, 0.002849002849002849, 0.08333333333333329, 0.0, 0.0, 0.0, 1.0, 0.7264097091680045, 1.0, 0.0, 0.0, 0.0, 0.0, 0.0, 0.0, 0.0]",105872,105899,N6,dismiss,-0.3,ts,1035,1
"[0.2, -0.2, -0.425, -0.1678832116788321, -0.26666666666666666, 0.0, 0.0, 0.0, 1.0, 0.603526579115756, 1.0, 0.0, 0.0, 0.0, 0.0, 0.0, 0.0, 0.0]",115289,178949,N6,dismiss,-0.3,ts,2002,1
"[0.09090909090909098, -0.09090909090909098, -0.16701461377870563, -0.07102272727272728, -0.21666666666666665, 0.0, 0.0, 0.0, 1.0, 0.6544766567332568, 1.0, 0.0, 0.0, 0.0, 0.0, 0.0, 0.0, 0.0]",110877,82380,N3,dismiss,-0.3,ts,2990,1
"[0.20000000000000004, -0.20000000000000004, -0.634703196347032, 0.07407407407407407, -0.74, 0.0, 0.0, 0.0, 1.0, 0.5425189848892313, 1.0, 0.0, 0.0, 0.0, 0.0, 0.0, 0.0, 0.0]",19598,106004,N3,dismiss,-0.3,ts,2033,0
"[0.09090909090909098, -0.09090909090909098, -0.40298507462686567, 0.07122507122507123, 0.16666666666666666, 0.0, 0.0, 0.0, 1.0, 0.6107763560118178, 1.0, 0.0, 0.0, 0.0, 0.0, 0.0, 0.0, 0.0]",72081,151841,N6,dismiss,-0.3,ts,1008,1
"[0.15000000000000013, -0.15000000000000013, -0.5289473684210527, -0.24, -0.020000000000000018, 0.0, 0.0, 0.0, 1.0, 0.611692733476693, 1.0, 0.0, 0.0, 0.0, 0.0, 0.0, 0.0, 0.0]",18611,63626,N3,dismiss,-0.3,ts,1106,1
"[0.02500000000000002, -0.02500000000000002, 0.0, -0.08, -0.039999999999999994, 0.0, 0.0, 0.0, 1.0, 0.7256596282421947, 1.0, 0.0, 0.0, 0.0, 0.0, 0.0, 0.0, 0.0]",18064,62540,N3,dismiss,-0.3,ts,2337,1
"[0.06666666666666672, -0.06666666666666672, -0.3463263194204898, -0.21467391304347827, -0.2727272727272727, 0.0, 0.0, 0.0, 1.0, 0.5595432285998415, 1.0, 0.0, 0.0, 0.0, 0.0, 0.0, 0.0, 0.0]",71447,105432,N3,accept,0.3466666666666667,ts,2563,1
"[0.30000000000000004, -0.30000000000000004, -0.050125313283208024, -0.0462046204620462, -0.04, 0.0, 0.0, 0.0, 1.0, 0.8116241305756671, 1.0, 0.0, 0.0, 0.0, 0.0, 0.0, 0.0, 0.0]",169373,105432,N3,dismiss,-0.3,ts,655,1
"[0.20000000000000007, -0.20000000000000007, -0.20364050056882826, -0.11888111888111888, 0.14285714285714285, 0.0, 0.0, 0.0, 1.0, 0.6868996987666001, 1.0, 0.0, 0.0, 0.0, 0.0, 0.0, 0.0, 0.0]",115366,115390,N3,accept,0.44000000000000006,ts,2558,1
"[0.6053333333333333, -0.6053333333333333, -0.31473533619456373, 1.0, 1.0, 0.0, 0.0, 0.0, 1.0, 0.5373829061483577, 1.0, 0.0, 0.0, 0.0, 0.0, 0.0, 0.0, 0.0]",106727,63924,N3,dismiss,-0.3,ts,1721,1
"[0.15000000000000013, -0.15000000000000013, 0.18616352201257855, 0.0, -0.30000000000000004, 0.0, 0.0, 0.0, 1.0, 0.67546712842869, 1.0, 0.0, 0.0, 0.0, 0.0, 0.0, 0.0, 0.0]",89446,56971,N3,dismiss,-0.3,ts,1495,0
"[0.2941176470588236, -0.2941176470588236, 0.0, 1.0, 0.22000000000000003, 0.0, 0.0, 0.0, 1.0, 0.6533578724024277, 1.0, 0.0, 0.0, 0.0, 0.0, 0.0, 0.0, 0.0]",51572,50956,N3,dismiss,-0.3,ts,2893,0
"[0.30000000000000004, -0.30000000000000004, 0.1546875000000001, 0.01507537688442211, -0.24242424242424243, 0.0, 0.0, 0.0, 1.0, 0.7401693127140924, 1.0, 0.0, 0.0, 0.0, 0.0, 0.0, 0.0, 0.0]",69111,81395,N3,dismiss,-0.3,ts,1875,0
"[0.25, -0.25, 0.0, -0.024734982332155476, 0.0, 0.0, 0.0, 0.0, 1.0, 0.8323494110901432, 1.0, 0.0, 0.0, 0.0, 0.0, 0.0, 0.0, 0.0]",49000,48996,N3,dismiss,-0.3,ts,713,1
"[0.5599999999999999, -0.5599999999999999, 0.000555864369094028, 0.16666666666666666, -0.3181818181818182, 0.0, 0.0, 0.0, 1.0, 0.8080917411690023, 1.0, 0.0, 0.0, 0.0, 0.0, 0.0, 0.0, 0.0]",183166,30082,N3,accept,0.692,ts,2481,1
"[0.2, -0.2, 0.10110110110110104, -0.6043478260869565, 0.05263157894736842, 0.0, 0.0, 0.0, 1.0, 0.6660152152276981, 1.0, 0.0, 0.0, 0.0, 0.0, 0.0, 0.0, 0.0]",191335,127600,N6,accept,0.43999999999999995,ts,606,1
"[0.14285714285714288, -0.14285714285714288, -0.1938610662358643, 0.0, 0.0, 0.0, 0.0, 0.0, 1.0, 0.7384864192538396, 1.0, 0.0, 0.0, 0.0, 0.0, 0.0, 0.0, 0.0]",39280,81422,N3,dismiss,-0.3,ts,956,0
"[0.3333333333333333, -0.3333333333333333, 0.1854214123006834, 0.3295880149812734, 0.13333333333333333, 0.0, 0.0, 0.0, 1.0, 0.6960406286733669, 1.0, 0.0, 0.0, 0.0, 0.0, 0.0, 0.0, 0.0]",39429,134227,N6,dismiss,-0.3,ts,408,1
"[0.1, -0.07, -0.2697495183044316, -0.05, -0.17272727272727276, 0.0, 0.0, 0.0, 1.0, 0.63467239594446, 1.0, 0.0, 0.0, 0.0, 0.0, 0.0, 0.0, 0.0]",49082,49005,N3,dismiss,-0.3,ts,2642,0
"[0.09999999999999998, -0.09999999999999998, -0.37823834196891193, 0.01764705882352941, 0.2727272727272727, 0.0, 0.0, 0.0, 1.0, 0.6128196326482629, 1.0, 0.0, 0.0, 0.0, 0.0, 0.0, 0.0, 0.0]",16912,111476,N3,dismiss,-0.3,ts,1146,1
"[0.22666666666666668, -0.22666666666666668, -0.5995995995995996, 0.0, 0.0, 0.0, 0.0, 0.0, 1.0, 0.6921564497180331, 1.0, 0.0, 0.0, 0.0, 0.0, 0.0, 0.0, 0.0]",71092,40258,N3,dismiss,-0.3,ts,2432,0
"[0.5, -0.5, -0.05854643337819645, -0.07874015748031496, 0.5333333333333333, 0.0, 0.0, 0.0, 1.0, 0.7664548674852124, 1.0, 0.0, 0.0, 0.0, 0.0, 0.0, 0.0, 0.0]",106764,88671,N3,dismiss,-0.3,ts,1854,1
"[0.11764705882352951, -0.11764705882352951, -0.5333333333333333, 0.08, -0.039999999999999994, 0.0, 0.0, 0.0, 1.0, 0.628785089867005, 1.0, 0.0, 0.0, 0.0, 0.0, 0.0, 0.0, 0.0]",77265,122734,N3,dismiss,-0.3,ts,878,1
"[0.7, -0.7, -0.22128683102826216, 0.3654618473895582, -0.55, 0.0, 0.0, 0.0, 1.0, 0.6960780647996615, 1.0, 0.0, 0.0, 0.0, 0.0, 0.0, 0.0, 0.0]",52481,145532,N3,dismiss,-0.3,ts,2186,1
"[0.2432432432432433, -0.2432432432432433, 0.08350730688935282, -0.05956112852664577, -0.21428571428571427, 0.0, 0.0, 0.0, 1.0, 0.737481178090075, 1.0, 0.0, 0.0, 0.0, 0.0, 0.0, 0.0, 0.0]",63924,16734,N3,dismiss,-0.3,ts,1641,1
"[0.25, -0.25, 0.08600392413342063, 0.006075334143377886, 0.0, 0.0, 0.0, 0.0, 1.0, 0.8061722905617785, 1.0, 0.0, 0.0, 0.0, 0.0, 0.0, 0.0, 0.0]",75083,30338,N3,dismiss,-0.3,ts,2371,0
"[0.10000000000000007, -0.10000000000000007, -0.17519908987485786, -0.01048951048951049, -0.14285714285714285, 0.0, 0.0, 0.0, 1.0, 0.6877102891525925, 1.0, 0.0, 0.0, 0.0, 0.0, 0.0, 0.0, 0.0]",115366,134111,N3,dismiss,-0.3,ts,588,1
"[0.25, -0.25, 0.0, 0.0, 0.0, 0.0, 0.0, 0.0, 1.0, 0.8395893495876965, 1.0, 0.0, 0.0, 0.0, 0.0, 0.0, 0.0, 0.0]",117053,117045,N6,accept,0.475,ts,1661,1
"[0.7954545454545455, -0.7954545454545455, -0.29375, 0.02702702702702703, 0.7037037037037037, 0.0, 0.0, 0.0, 1.0, 0.7478574292274299, 1.0, 0.0, 0.0, 0.0, 0.0, 0.0, 0.0, 0.0]",107308,89765,N6,accept,0.8568181818181819,ts,2367,1
"[0.19709090909090918, -0.19709090909090918, 0.0, 0.0, 0.0, 0.0, 0.0, 0.0, 1.0, 0.8218285575581613, 1.0, 0.0, 0.0, 0.0, 0.0, 0.0, 0.0, 0.0]",152267,63876,N3,dismiss,-0.3,ts,2170,0
"[0.3636363636363637, -0.3636363636363637, -0.6683250414593698, 0.039886039886039885, 0.07142857142857142, 0.0, 0.0, 0.0, 1.0, 0.6953519955399787, 1.0, 0.0, 0.0, 0.0, 0.0, 0.0, 0.0, 0.0]",151840,123174,N3,dismiss,-0.3,ts,1541,0
"[0.3636363636363637, -0.3636363636363637, 0.0, 0.061046511627906974, 0.0, 0.0, 0.0, 0.0, 1.0, 0.8570363402900383, 1.0, 0.0, 0.0, 0.0, 0.0, 0.0, 0.0, 0.0]",123210,123174,N6,dismiss,-0.3,ts,2764,1
"[0.5636363636363637, -0.5636363636363637, -0.22954545454545458, -0.011396011396011397, 0.5714285714285714, 0.0, 0.0, 0.0, 1.0, 0.7429992451003153, 1.0, 0.0, 0.0, 0.0, 0.0, 0.0, 0.0, 0.0]",151838,108828,N3,dismiss,-0.3,ts,1630,1
"[0.3333333333333333, -0.3333333333333333, 0.14285714285714285, -0.4918032786885246, -0.1, 0.0, 0.0, 0.0, 1.0, 0.6947283542604353, 1.0, 0.0, 0.0, 0.0, 0.0, 0.0, 0.0, 0.0]",118798,40998,N3,dismiss,-0.3,ts,2621,0
"[0.24999999999999992, -0.24999999999999992, -0.1164, 0.008264462809917356, -0.01639344262295076, 0.0, 0.0, 0.0, 1.0, 0.7907545094808827, 1.0, 0.0, 0.0, 0.0, 0.0, 0.0, 0.0, 0.0]",81542,81541,N3,dismiss,-0.3,ts,786,1
"[0.35714285714285715, -0.35714285714285715, -0.474457429048414, 0.19161676646706588, 0.18, 0.0, 0.0, 0.0, 1.0, 0.6567659345869298, 1.0, 0.0, 0.0, 0.0, 0.0, 0.0, 0.0, 0.0]",44189,130324,N3,dismiss,-0.3,ts,792,0
"[0.16666666666666663, -0.16666666666666663, -0.5250181290790428, 0.0, 0.0, 0.0, 0.0, 0.0, 1.0, 0.6812146778495171, 1.0, 0.0, 0.0, 0.0, 0.0, 0.0, 0.0, 0.0]",141748,63863,N3,accept,0.41666666666666663,ts,1172,1
"[0.10714285714285712, -0.10714285714285712, -0.22940563086548488, 0.009259259259259259, 0.0, 0.0, 0.0, 0.0, 1.0, 0.7134908721243683, 1.0, 0.0, 0.0, 0.0, 0.0, 0.0, 0.0, 0.0]",55915,115244,N6,dismiss,-0.3,ts,2172,1
"[0.16666666666666663, -0.16666666666666663, -0.1497064579256361, -0.04, -0.039999999999999994, 0.0, 0.0, 0.0, 1.0, 0.7364152237187678, 1.0, 0.0, 0.0, 0.0, 0.0, 0.0, 0.0, 0.0]",122734,81996,N6,accept,0.41666666666666663,ts,866,1
"[0.09999999999999994, -0.09999999999999994, -0.2309859154929577, -0.9540229885057471, -0.9038461538461539, 0.0, 0.0, 0.0, 1.0, 0.4600896146042551, 1.0, 0.0, 0.0, 0.0, 0.0, 0.0, 0.0, 0.0]",91073,16648,N6,dismiss,-0.3,ts,2020,1
"[0.2, -0.2, -0.31854379977246877, -0.18666666666666668, 0.11764705882352941, 0.0, 0.0, 0.0, 1.0, 0.6504103347990426, 1.0, 0.0, 0.0, 0.0, 0.0, 0.0, 0.0, 0.0]",169345,185524,N3,dismiss,-0.3,ts,775,1
"[0.02500000000000002, -0.02500000000000002, -0.49874686716791977, -0.12, -0.039999999999999994, 0.0, 0.0, 0.0, 1.0, 0.5895927592856948, 1.0, 0.0, 0.0, 0.0, 0.0, 0.0, 0.0, 0.0]",85228,62503,N3,accept,0.3175,ts,589,1
"[0.25, -0.25, -0.316628701594533, 0.02976190476190476, 0.20192307692307687, 0.0, 0.0, 0.0, 1.0, 0.6872552925450732, 1.0, 0.0, 0.0, 0.0, 0.0, 0.0, 0.0, 0.0]",117146,117045,N6,dismiss,-0.3,ts,2288,1
"[0.3333333333333333, -0.3333333333333333, 0.11098779134295228, -0.07126436781609195, 0.25, 0.0, 0.0, 0.0, 1.0, 0.7467702677471373, 1.0, 0.0, 0.0, 0.0, 0.0, 0.0, 0.0, 0.0]",155692,170191,N1,accept,0.5333333333333333,ts,2247,1
"[0.7058823529411765, -0.7058823529411765, 0.08108108108108109, 1.0, 0.0, 0.0, 0.0, 0.0, 1.0, 0.7730466675447822, 1.0, 0.0, 0.0, 0.0, 0.0, 0.0, 0.0, 0.0]",115299,104684,N1,accept,0.7941176470588236,ts,1693,1
"[0.3, -0.3, -0.09090909090909091, 0.46, -0.08000000000000003, 0.0, 0.0, 0.0, 1.0, 0.709824759435147, 1.0, 0.0, 0.0, 0.0, 0.0, 0.0, 0.0, 0.0]",38740,41068,N6,dismiss,-0.3,ts,2968,1
"[0.5885714285714285, -0.5885714285714285, 0.07342206955775014, 0.0, 0.0, 0.0, 0.0, 0.0, 1.0, 0.8996476536402875, 1.0, 0.0, 0.0, 0.0, 0.0, 0.0, 0.0, 0.0]",141777,40487,N3,dismiss,-0.3,ts,2859,1
"[0.25000000000000006, -0.25000000000000006, 0.20033388981636072, 1.0, -0.2631578947368421, 0.0, 0.0, 0.0, 1.0, 0.5692901544143816, 1.0, 0.0, 0.0, 0.0, 0.0, 0.0, 0.0, 0.0]",185524,55377,N3,dismiss,-0.3,ts,2425,1
"[0.3647058823529411, -0.3647058823529411, 0.125, -0.75, -0.44000000000000006, 0.0, 0.0, 0.0, 1.0, 0.6260252714364901, 1.0, 0.0, 0.0, 0.0, 0.0, 0.0, 0.0, 0.0]",71734,81128,N3,dismiss,-0.3,ts,1740,1
"[0.8944444444444444, -0.8944444444444444, 0.0, -0.02, 0.0, 0.0, 0.0, 0.0, 1.0, 0.962136410518863, 1.0, 0.0, 0.0, 0.0, 0.0, 0.0, 0.0, 0.0]",89731,83441,N6,dismiss,-0.3,ts,1761,1
"[0.4444444444444445, -0.4444444444444445, 0.011142061281337007, -0.6607142857142857, -0.5599999999999999, 0.0, 0.0, 0.0, 1.0, 0.6802432652968127, 1.0, 0.0, 0.0, 0.0, 0.0, 0.0, 0.0, 0.0]",63093,132873,N3,dismiss,-0.3,ts,2977,1
"[0.25, -0.25, 0.0, 0.0, 0.0, 0.0, 0.0, 0.0, 1.0, 0.8395893495876965, 1.0, 0.0, 0.0, 0.0, 0.0, 0.0, 0.0, 0.0]",116977,117045,N3,dismiss,-0.3,ts,578,0
"[0.8705882352941177, -0.8705882352941177, -0.23136049192928515, 0.7633802816901408, -0.29411764705882354, 0.0, 0.0, 0.0, 1.0, 0.7076028026503194, 1.0, 0.0, 0.0, 0.0, 0.0, 0.0, 0.0, 0.0]",134227,169349,N1,dismiss,-0.3,ts,2496,1
"[0.8530612244897959, -0.8530612244897959, -0.4003639672429481, 0.4482758620689655, 0.47619047619047616, 0.0, 0.0, 0.0, 1.0, 0.6729637351096623, 1.0, 0.0, 0.0, 0.0, 0.0, 0.0, 0.0, 0.0]",180522,170138,N3,dismiss,-0.3,ts,2219,0
"[0.6666666666666667, -0.6666666666666667, 0.11421210820094461, 0.0, 0.0, 0.0, 0.0, 0.0, 1.0, 0.8995558594872302, 1.0, 0.0, 0.0, 0.0, 0.0, 0.0, 0.0, 0.0]",141734,16722,N3,dismiss,-0.3,ts,2083,1
"[0.5, -0.5, 0.0, 0.0, 0.0, 0.0, 0.0, 0.0, 1.0, 0.9087872380968218, 1.0, 0.0, 0.0, 0.0, 0.0, 0.0, 0.0, 0.0]",141769,141766,N3,dismiss,-0.3,ts,422,0
"[0.4, -0.4, -0.4794794794794795, -0.49130434782608695, 0.3157894736842105, 0.0, 0.0, 0.0, 1.0, 0.5968334567710198, 1.0, 0.0, 0.0, 0.0, 0.0, 0.0, 0.0, 0.0]",191335,183357,N3,dismiss,-0.3,ts,1386,1
"[0.28571428571428575, -0.28571428571428575, 0.0, 0.11363636363636363, 0.0, 0.0, 0.0, 0.0, 1.0, 0.820537205423484, 1.0, 0.0, 0.0, 0.0, 0.0, 0.0, 0.0, 0.0]",170134,127333,N3,dismiss,-0.3,ts,423,0
"[0.02500000000000002, -0.02500000000000002, -0.2361111111111111, -0.375, -0.020000000000000018, 0.0, 0.0, 0.0, 1.0, 0.5990669900085028, 1.0, 0.0, 0.0, 0.0, 0.0, 0.0, 0.0, 0.0]",30711,81568,N3,dismiss,-0.3,ts,2096,1
"[0.20000000000000007, -0.20000000000000007, -0.33657289002557544, -0.04, 1.0, 0.0, 0.0, 0.0, 1.0, 0.5636876947802636, 1.0, 0.0, 0.0, 0.0, 0.0, 0.0, 0.0, 0.0]",88363,107554,N3,dismiss,-0.3,ts,1972,1
"[0.56, -0.56, -0.42857142857142855, 1.0, -0.625, 0.0, 0.0, 0.0, 1.0, 0.5504867989833275, 1.0, 0.0, 0.0, 0.0, 0.0, 0.0, 0.0, 0.0]",104681,169349,N6,dismiss,-0.3,ts,2314,1
"[0.39999999999999997, -0.39999999999999997, -0.4021650879566983, 0.11009174311926606, 0.0, 0.0, 0.0, 0.0, 1.0, 0.7440956252248083, 1.0, 0.0, 0.0, 0.0, 0.0, 0.0, 0.0, 0.0]",115244,110166,N3,dismiss,-0.3,ts,1689,1
"[0.3939393939393939, -0.3939393939393939, -0.5260755048287973, -0.037940379403794036, -0.08333333333333333, 0.0, 0.0, 0.0, 1.0, 0.7184857157262193, 1.0, 0.0, 0.0, 0.0, 0.0, 0.0, 0.0, 0.0]",141852,110893,N3,dismiss,-0.3,ts,1458,1
"[0.22666666666666668, -0.22666666666666668, -0.5995995995995996, 0.0, 0.0, 0.0, 0.0, 0.0, 1.0, 0.6921564497180331, 1.0, 0.0, 0.0, 0.0, 0.0, 0.0, 0.0, 0.0]",71092,40258,N3,dismiss,-0.3,ts,2156,0
"[0.16666666666666666, -0.16666666666666666, 0.21108179419525067, -0.12096774193548387, -0.35714285714285715, 0.0, 0.0, 0.0, 1.0, 0.6335522942683649, 1.0, 0.0, 0.0, 0.0, 0.0, 0.0, 0.0, 0.0]",89593,164355,N6,dismiss,-0.3,ts,1992,1
"[0.164, -0.164, -0.6836, -0.1, 0.088, 0.0, 0.0, 0.0, 1.0, 0.6098549356396384, 1.0, 0.0, 0.0, 0.0, 0.0, 0.0, 0.0, 0.0]",85224,134716,N3,dismiss,-0.3,ts,2882,0
"[0.375, -0.375, -0.48031250000000003, -0.3743718592964824, -0.45454545454545453, 0.0, 0.0, 0.0, 1.0, 0.5853658248464878, 1.0, 0.0, 0.0, 0.0, 0.0, 0.0, 0.0, 0.0]",69111,52481,N3,dismiss,-0.3,ts,2462,1
"[0.09090909090909098, -0.09090909090909098, -0.12200000000000003, 0.037037037037037035, 0.040000000000000036, 0.0, 0.0, 0.0, 1.0, 0.7183365764637167, 1.0, 0.0, 0.0, 0.0, 0.0, 0.0, 0.0, 0.0]",162891,117146,N6,dismiss,-0.3,ts,2388,1
"[0.18831168831168835, -0.18831168831168835, 0.0, 0.15942028985507245, 0.18, 0.0, 0.0, 0.0, 1.0, 0.732496988669393, 1.0, 0.0, 0.0, 0.0, 0.0, 0.0, 0.0, 0.0]",151793,85224,N3,dismiss,-0.3,ts,678,0
"[0.17647058823529416, -0.17647058823529416, 0.16218749999999993, 0.0, 0.0, 0.0, 0.0, 0.0, 1.0, 0.7592687673659294, 1.0, 0.0, 0.0, 0.0, 0.0, 0.0, 0.0, 0.0]",56819,55412,N6,accept,0.4235294117647059,ts,1949,1
"[0.8964705882352941, -0.8964705882352941, 0.002506265664160437, 1.0, -0.14285714285714285, 0.0, 0.0, 0.0, 1.0, 0.7927939099583732, 1.0, 0.0, 0.0, 0.0, 0.0, 0.0, 0.0, 0.0]",60954,169349,N3,dismiss,-0.3,ts,2465,0
"[0.12499999999999988, -0.12499999999999988, -0.12708498808578236, -0.23684210526315788, 0.10526315789473684, 0.0, 0.0, 0.0, 1.0, 0.6663745327697852, 1.0, 0.0, 0.0, 0.0, 0.0, 0.0, 0.0, 0.0]",144703,180522,N1,dismiss,-0.3,ts,592,1
"[0.6, -0.6, 0.14277777777777778, 0.12790697674418605, 1.0, 0.0, 0.0, 0.0, 1.0, 0.7038070298214638, 1.0, 0.0, 0.0, 0.0, 0.0, 0.0, 0.0, 0.0]",145578,29663,N6,dismiss,-0.3,ts,2629,1
"[0.09999999999999991, -0.09999999999999991, -0.665546218487395, 0.0, 0.0, 0.0, 0.0, 0.0, 1.0, 0.6400589572696636, 1.0, 0.0, 0.0, 0.0, 0.0, 0.0, 0.0, 0.0]",54201,16809,N3,dismiss,-0.3,ts,495,0
"[0.0624999999999999, -0.0624999999999999, -0.4134375, -0.25838926174496646, -0.29411764705882354, 0.0, 0.0, 0.0, 1.0, 0.5336136768150922, 1.0, 0.0, 0.0, 0.0, 0.0, 0.0, 0.0, 0.0]",104963,104466,N3,dismiss,-0.3,ts,1266,0
"[0.4583333333333333, -0.4583333333333333, -0.1433260393873086, 0.22, 0.24000000000000005, 0.0, 0.0, 0.0, 1.0, 0.7386709394486253, 1.0, 0.0, 0.0, 0.0, 0.0, 0.0, 0.0, 0.0]",151789,123325,N3,dismiss,-0.3,ts,1769,0
"[0.25, -0.25, -0.24812030075187969, 0.005813953488372093, 0.041666666666666664, 0.0, 0.0, 0.0, 1.0, 0.7476249554836153, 1.0, 0.0, 0.0, 0.0, 0.0, 0.0, 0.0, 0.0]",174773,117045,N3,dismiss,-0.3,ts,919,0
"[0.375, -0.375, -0.003994008986520312, 0.8733333333333333, -0.17647058823529413, 0.0, 0.0, 0.0, 1.0, 0.7074121555874953, 1.0, 0.0, 0.0, 0.0, 0.0, 0.0, 0.0, 0.0]",107861,60954,N3,dismiss,-0.3,ts,728,1
"[0.0142857142857143, -0.0142857142857143, -0.5358151476251606, 0.28, 0.019999999999999973, 0.0, 0.0, 0.0, 1.0, 0.5536460520568631, 1.0, 0.0, 0.0, 0.0, 0.0, 0.0, 0.0, 0.0]",33303,79808,N3,dismiss,-0.3,ts,803,1
"[0.19999999999999993, -0.19999999999999993, -0.1875, 0.0, 0.0, 0.0, 0.0, 0.0, 1.0, 0.7602860088710922, 1.0, 0.0, 0.0, 0.0, 0.0, 0.0, 0.0, 0.0]",73358,117926,N6,dismiss,-0.3,ts,718,1
"[0.3500000000000001, -0.3500000000000001, 0.0, -0.3611111111111111, 0.043478260869565216, 0.0, 0.0, 0.0, 1.0, 0.7807457601820568, 1.0, 0.0, 0.0, 0.0, 0.0, 0.0, 0.0, 0.0]",110121,48548,N3,dismiss,-0.3,ts,2177,0
"[0.37500000000000006, -0.37500000000000006, 0.0, -0.3611111111111111, 0.043478260869565216, 0.0, 0.0, 0.0, 1.0, 0.7878158040247939, 1.0, 0.0, 0.0, 0.0, 0.0, 0.0, 0.0, 0.0]",110121,51122,N3,dismiss,-0.3,ts,742,1
"[0.16666666666666666, -0.16666666666666666, -0.058068872383524726, -0.335423197492163, -0.28, 0.0, 0.0, 0.0, 1.0, 0.651672887884462, 1.0, 0.0, 0.0, 0.0, 0.0, 0.0, 0.0, 0.0]",128276,84871,N3,dismiss,-0.3,ts,1856,1
"[0.6428571428571429, -0.6428571428571429, 0.0, 0.0, 0.0, 0.0, 0.0, 0.0, 1.0, 0.9365456071518827, 1.0, 0.0, 0.0, 0.0, 0.0, 0.0, 0.0, 0.0]",37993,60783,N1,dismiss,-0.3,ts,1673,1
"[0.0555555555555556, -0.0555555555555556, -0.16666666666666666, 0.01764705882352941, 0.0, 0.0, 0.0, 0.0, 1.0, 0.7088897221869671, 1.0, 0.0, 0.0, 0.0, 0.0, 0.0, 0.0, 0.0]",123852,107052,N1,dismiss,-0.3,ts,2525,1
"[0.24324324324324323, -0.24324324324324323, 0.1767304860088365, -0.009036144578313253, 0.08695652173913043, 0.0, 0.0, 0.0, 1.0, 0.7511926611517339, 1.0, 0.0, 0.0, 0.0, 0.0, 0.0, 0.0, 0.0]",61096,158420,N3,accept,0.47027027027027024,ts,2410,0
"[0.24999999999999997, -0.24999999999999997, -0.46371428571428575, -0.12301587301587301, -0.25, 0.0, 0.0, 0.0, 1.0, 0.6269674754267696, 1.0, 0.0, 0.0, 0.0, 0.0, 0.0, 0.0, 0.0]",115390,104466,N3,dismiss,-0.3,ts,2335,1
"[0.19999999999999987, -0.19999999999999987, 0.2, 0.46, 0.0, 0.0, 0.0, 0.0, 1.0, 0.6666700184827028, 1.0, 0.0, 0.0, 0.0, 0.0, 0.0, 0.0, 0.0]",85440,30711,N1,accept,0.4399999999999999,ts,2488,1
"[0.08163265306122446, -0.08163265306122446, 0.0817610062893081, 0.002849002849002849, 0.08333333333333329, 0.0, 0.0, 0.0, 1.0, 0.7264097091680045, 1.0, 0.0, 0.0, 0.0, 0.0, 0.0, 0.0, 0.0]",105872,105899,N6,dismiss,-0.3,ts,2971,1
"[0.7215909090909091, -0.7215909090909091, 0.0, 0.23076923076923078, -0.039999999999999994, 0.0, 0.0, 0.0, 1.0, 0.8815350227249144, 1.0, 0.0, 0.0, 0.0, 0.0, 0.0, 0.0, 0.0]",74187,125786,N6,dismiss,-0.3,ts,1594,1
"[0.7215909090909091, -0.7215909090909091, -0.2654424040066778, 0.06666666666666667, -0.06000000000000001, 0.0, 0.0, 0.0, 1.0, 0.8304515356657485, 1.0, 0.0, 0.0, 0.0, 0.0, 0.0, 0.0, 0.0]",17805,125786,N3,accept,0.8051136363636362,ts,1463,1
"[0.76, -0.76, -0.6871741397288843, 0.057065217391304345, 0.6, 0.0, 0.0, 0.0, 1.0, 0.6832047785822803, 1.0, 0.0, 0.0, 0.0, 0.0, 0.0, 0.0, 0.0]",43346,107588,N3,dismiss,-0.3,ts,2324,1
"[0.375, -0.375, 0.07148288973384026, -0.5597826086956522, 0.4, 0.0, 0.0, 0.0, 1.0, 0.6671768370261847, 1.0, 0.0, 0.0, 0.0, 0.0, 0.0, 0.0, 0.0]",85163,154734,N6,dismiss,-0.3,ts,763,1
"[0.09090909090909098, -0.09090909090909098, -0.335, 0.03614457831325301, -0.07692307692307693, 0.0, 0.0, 0.0, 1.0, 0.6543727450306962, 1.0, 0.0, 0.0, 0.0, 0.0, 0.0, 0.0, 0.0]",162894,174773,N1,dismiss,-0.3,ts,948,1
"[0.20000000000000007, -0.20000000000000007, 0.18088235294117644, 0.011299435028248588, -0.5, 0.0, 0.0, 0.0, 1.0, 0.6639474986889986, 1.0, 0.0, 0.0, 0.0, 0.0, 0.0, 0.0, 0.0]",108741,93935,N3,dismiss,-0.3,ts,2227,0
"[0.0285714285714286, -0.0285714285714286, 0.0, -0.4375, -0.039999999999999994, 0.0, 0.0, 0.0, 1.0, 0.6617044856731337, 1.0, 0.0, 0.0, 0.0, 0.0, 0.0, 0.0, 0.0]",125786,189308,N3,dismiss,-0.3,ts,1627,0
"[0.28571428571428575, -0.28571428571428575, 0.14285714285714285, 0.0, 0.0, 0.0, 0.0, 0.0, 1.0, 0.8013271435545221, 1.0, 0.0, 0.0, 0.0, 0.0, 0.0, 0.0, 0.0]",18468,60782,N3,dismiss,-0.3,ts,871,1
"[0.20000000000000004, -0.20000000000000004, -0.1501877346683354, 0.0, 0.02500000000000006, 0.0, 0.0, 0.0, 1.0, 0.7636205904617083, 1.0, 0.0, 0.0, 0.0, 0.0, 0.0, 0.0, 0.0]",53366,108507,N6,dismiss,-0.3,ts,1692,1
"[0.15999999999999998, -0.15999999999999998, 0.0, 0.0, 0.0, 0.0, 0.0, 0.0, 1.0, 0.8088739373846245, 1.0, 0.0, 0.0, 0.0, 0.0, 0.0, 0.0, 0.0]",16728,16731,N3,accept,0.412,ts,2407,0
"[0.375, -0.375, -0.5170068027210885, 0.0, 0.0, 0.0, 0.0, 0.0, 1.0, 0.7485728828665705, 1.0, 0.0, 0.0, 0.0, 0.0, 0.0, 0.0, 0.0]",30574,170956,N1,dismiss,-0.3,ts,2252,1
"[0.12918660287081332, -0.12918660287081332, -0.19466831990080596, 0.0, 0.0, 0.0, 0.0, 0.0, 1.0, 0.73334879878766, 1.0, 0.0, 0.0, 0.0, 0.0, 0.0, 0.0, 0.0]",90708,16645,N3,dismiss,-0.3,ts,1027,0
"[0.5588235294117647, -0.5588235294117647, -0.16666666666666666, -0.48333333333333334, -0.38, 0.0, 0.0, 0.0, 1.0, 0.6917268461598662, 1.0, 0.0, 0.0, 0.0, 0.0, 0.0, 0.0, 0.0]",167076,41650,N3,dismiss,-0.3,ts,2946,1
"[0.0769230769230768, -0.0769230769230768, 0.125, -0.75, -0.44000000000000006, 0.0, 0.0, 0.0, 1.0, 0.5301659338444363, 1.0, 0.0, 0.0, 0.0, 0.0, 0.0, 0.0, 0.0]",57385,81128,N3,dismiss,-0.3,ts,2164,0
"[0.21428571428571416, -0.21428571428571416, -0.2003338898163606, -0.04607046070460705, -0.1304347826086957, 0.0, 0.0, 0.0, 1.0, 0.7140277349204054, 1.0, 0.0, 0.0, 0.0, 0.0, 0.0, 0.0, 0.0]",76847,110877,N3,dismiss,-0.3,ts,2457,1
"[0.415625, -0.415625, 0.1312500000000001, 0.0, 0.0, 0.0, 0.0, 0.0, 1.0, 0.8422044928641546, 1.0, 0.0, 0.0, 0.0, 0.0, 0.0, 0.0, 0.0]",57061,15139,N1,accept,0.5909375,ts,2353,1
"[0.13333333333333328, -0.13333333333333328, -0.3068085106382979, -0.08196721311475409, -0.07999999999999999, 0.0, 0.0, 0.0, 1.0, 0.6627628717242904, 1.0, 0.0, 0.0, 0.0, 0.0, 0.0, 0.0, 0.0]",83437,143094,N3,accept,0.39333333333333326,ts,522,1
"[0.20000000000000007, -0.20000000000000007, -0.09104704097116853, 0.022857142857142857, -0.07894736842105259, 0.0, 0.0, 0.0, 1.0, 0.7609209169569267, 1.0, 0.0, 0.0, 0.0, 0.0, 0.0, 0.0, 0.0]",43097,135481,N3,dismiss,-0.3,ts,1547,1
"[0.08163265306122446, -0.08163265306122446, -0.17772215269086356, 0.002849002849002849, 0.08333333333333329, 0.0, 0.0, 0.0, 1.0, 0.696752543249875, 1.0, 0.0, 0.0, 0.0, 0.0, 0.0, 0.0, 0.0]",105910,111012,N1,dismiss,-0.3,ts,2364,1
"[0.1666666666666667, -0.1666666666666667, 0.0, 1.0, 1.0, 0.0, 0.0, 0.0, 1.0, 0.5151700224508992, 1.0, 0.0, 0.0, 0.0, 0.0, 0.0, 0.0, 0.0]",37985,126074,N3,dismiss,-0.3,ts,1123,1
"[0.3, -0.3, 0.0, -0.3168604651162791, 0.07407407407407407, 0.0, 0.0, 0.0, 1.0, 0.7644123168059869, 1.0, 0.0, 0.0, 0.0, 0.0, 0.0, 0.0, 0.0]",104685,104679,N3,accept,0.51,ts,640,1
"[0.47058823529411764, -0.47058823529411764, 0.0, -0.0125, -0.019999999999999973, 0.0, 0.0, 0.0, 1.0, 0.8924369701167543, 1.0, 0.0, 0.0, 0.0, 0.0, 0.0, 0.0, 0.0]",169362,155616,N3,accept,0.6294117647058823,ts,1053,1
"[0.03846153846153849, -0.03846153846153849, 0.1188612099644128, -0.18803418803418803, -0.10169491525423738, 0.0, 0.0, 0.0, 1.0, 0.6474687205424319, 1.0, 0.0, 0.0, 0.0, 0.0, 0.0, 0.0, 0.0]",43763,59416,N6,dismiss,-0.3,ts,2205,1
"[0.22222222222222227, -0.22222222222222227, -0.12511332728921135, 0.048, -0.16666666666666666, 0.0, 0.0, 0.0, 1.0, 0.7298523402415078, 1.0, 0.0, 0.0, 0.0, 0.0, 0.0, 0.0, 0.0]",104691,61358,N3,dismiss,-0.3,ts,937,1
"[0.1111111111111111, -0.1111111111111111, 0.14492753623188406, -0.6622807017543859, 0.125, 0.0, 0.0, 0.0, 1.0, 0.5976675593139278, 1.0, 0.0, 0.0, 0.0, 0.0, 0.0, 0.0, 0.0]",87177,183583,N3,dismiss,-0.3,ts,2234,0
"[0.14, -0.14, -0.12400000000000005, 0.05263157894736842, -0.1, 0.0, 0.0, 0.0, 1.0, 0.7156363704875062, 1.0, 0.0, 0.0, 0.0, 0.0, 0.0, 0.0, 0.0]",174942,69993,N3,dismiss,-0.3,ts,2423,0
"[0.4545454545454546, -0.4545454545454546, -0.31499999999999995, 0.0028735632183908046, 0.6666666666666666, 0.0, 0.0, 0.0, 1.0, 0.6933733676729809, 1.0, 0.0, 0.0, 0.0, 0.0, 0.0, 0.0, 0.0]",32065,108839,N3,dismiss,-0.3,ts,1083,1
"[0.09090909090909087, -0.09090909090909087, 0.0, 0.0, 0.0, 0.0, 0.0, 0.0, 1.0, 0.7838811617691718, 1.0, 0.0, 0.0, 0.0, 0.0, 0.0, 0.0, 0.0]",86743,120787,N3,dismiss,-0.3,ts,1655,1
"[0.75, -0.75, -0.484304932735426, -0.2608695652173913, -0.9848484848484849, 0.0, 0.0, 0.0, 1.0, 0.638195336750246, 1.0, 0.0, 0.0, 0.0, 0.0, 0.0, 0.0, 0.0]",71447,134921,N6,dismiss,-0.3,ts,876,1
"[0.13333333333333344, -0.13333333333333344, -0.1, -0.75, -0.44000000000000006, 0.0, 0.0, 0.0, 1.0, 0.5587769414463242, 1.0, 0.0, 0.0, 0.0, 0.0, 0.0, 0.0, 0.0]",70105,79461,N6,dismiss,-0.3,ts,2662,1
"[0.46153846153846156, -0.46153846153846156, -0.7518796992481204, -0.03125, 0.11999999999999993, 0.0, 0.0, 0.0, 1.0, 0.7032303327527926, 1.0, 0.0, 0.0, 0.0, 0.0, 0.0, 0.0, 0.0]",175226,122732,N3,accept,0.6230769230769231,ts,2995,0
"[0.24999999999999997, -0.24999999999999997, -0.4117647058823529, 0.0, 0.0, 0.0, 0.0, 0.0, 1.0, 0.7273653355460075, 1.0, 0.0, 0.0, 0.0, 0.0, 0.0, 0.0, 0.0]",51607,174753,N6,dismiss,-0.3,ts,2139,1
"[0.9228571428571429, -0.9228571428571429, -0.2761430511543685, 0.09016393442622951, -0.4583333333333333, 0.0, 0.0, 0.0, 1.0, 0.770830210491008, 1.0, 0.0, 0.0, 0.0, 0.0, 0.0, 0.0, 0.0]",81541,128247,N3,dismiss,-0.3,ts,2706,0
"[0.5888888888888888, -0.5888888888888888, 0.15714899098325463, 0.09, 0.2727272727272727, 0.0, 0.0, 0.0, 1.0, 0.7853088736259499, 1.0, 0.0, 0.0, 0.0, 0.0, 0.0, 0.0, 0.0]",141734,63923,N3,dismiss,-0.3,ts,667,1
"[0.2, -0.2, 0.10110110110110104, -0.6043478260869565, 0.05263157894736842, 0.0, 0.0, 0.0, 1.0, 0.6660152152276981, 1.0, 0.0, 0.0, 0.0, 0.0, 0.0, 0.0, 0.0]",191334,127600,N3,dismiss,-0.3,ts,1098,0
"[0.09090909090909098, -0.09090909090909098, 0.23166666666666677, 0.11585365853658537, -0.85, 0.0, 0.0, 0.0, 1.0, 0.5560970002221612, 1.0, 0.0, 0.0, 0.0, 0.0, 0.0, 0.0, 0.0]",162867,189368,N3,dismiss,-0.3,ts,2606,0
"[0.25, -0.25, 0.10375939849624062, -0.22772277227722773, 0.36, 0.0, 0.0, 0.0, 1.0, 0.6702465848390927, 1.0, 0.0, 0.0, 0.0, 0.0, 0.0, 0.0, 0.0]",169373,146728,N3,dismiss,-0.3,ts,1678,1
"[0.85, -0.85, -0.005000000000000071, 0.0, 0.0, 0.0, 0.0, 0.0, 1.0, 0.9617967240690748, 1.0, 0.0, 0.0, 0.0, 0.0, 0.0, 0.0, 0.0]",38018,174748,N3,dismiss,-0.3,ts,2110,0
"[0.8714285714285714, -0.8714285714285714, -0.34034034034034033, -0.14285714285714285, 0.7222222222222222, 0.0, 0.0, 0.0, 1.0, 0.7152452814798028, 1.0, 0.0, 0.0, 0.0, 0.0, 0.0, 0.0, 0.0]",155975,170138,N6,accept,0.9099999999999999,ts,800,1
"[0.5170454545454546, -0.5170454545454546, -0.375, -0.5523255813953488, -0.6166666666666667, 0.0, 0.0, 0.0, 1.0, 0.6004091591068238, 1.0, 0.0, 0.0, 0.0, 0.0, 0.0, 0.0, 0.0]",31975,142262,N6,dismiss,-0.3,ts,2127,1
"[0.040000000000000036, -0.040000000000000036, 0.0, 0.0, 0.0, 0.0, 0.0, 0.0, 1.0, 0.7649820258822859, 1.0, 0.0, 0.0, 0.0, 0.0, 0.0, 0.0, 0.0]",141765,141753,N3,dismiss,-0.3,ts,1114,0
"[0.39692982456140347, -0.39692982456140347, 0.06859635210150676, 0.0, 0.0, 0.0, 0.0, 0.0, 1.0, 0.8578015576158049, 1.0, 0.0, 0.0, 0.0, 0.0, 0.0, 0.0, 0.0]",147348,152267,N3,dismiss,-0.3,ts,2495,1
"[0.3636363636363637, -0.3636363636363637, 0.0, 0.061046511627906974, 0.0, 0.0, 0.0, 0.0, 1.0, 0.8570363402900383, 1.0, 0.0, 0.0, 0.0, 0.0, 0.0, 0.0, 0.0]",123043,123174,N3,dismiss,-0.3,ts,1052,0
"[0.2, -0.2, -0.425, -0.1678832116788321, -0.26666666666666666, 0.0, 0.0, 0.0, 1.0, 0.603526579115756, 1.0, 0.0, 0.0, 0.0, 0.0, 0.0, 0.0, 0.0]",115289,178949,N1,dismiss,-0.3,ts,1992,1
"[0.11458333333333333, -0.11458333333333333, -0.11504424778761058, -0.5561959654178674, -0.7909090909090909, 0.0, 0.0, 0.0, 1.0, 0.5315991195502442, 1.0, 0.0, 0.0, 0.0, 0.0, 0.0, 0.0, 0.0]",108828,142262,N1,accept,0.3802083333333333,ts,2759,1
"[0.6621621621621622, -0.6621621621621622, 0.03710575139146568, -0.08256880733944955, -0.21428571428571427, 0.0, 0.0, 0.0, 1.0, 0.8502629369540255, 1.0, 0.0, 0.0, 0.0, 0.0, 0.0, 0.0, 0.0]",63923,16728,N3,dismiss,-0.3,ts,1398,1
"[0.375, -0.375, 0.07148288973384026, -0.5597826086956522, 0.4, 0.0, 0.0, 0.0, 1.0, 0.6671768370261847, 1.0, 0.0, 0.0, 0.0, 0.0, 0.0, 0.0, 0.0]",85163,154734,N3,dismiss,-0.3,ts,1921,0
"[0.3636363636363637, -0.3636363636363637, 0.0, 0.061046511627906974, 0.0, 0.0, 0.0, 0.0, 1.0, 0.8570363402900383, 1.0, 0.0, 0.0, 0.0, 0.0, 0.0, 0.0, 0.0]",123043,123174,N1,dismiss,-0.3,ts,2477,1
"[0.25, -0.25, -0.5447647951441579, -0.011428571428571429, 0.10619469026548665, 0.0, 0.0, 0.0, 1.0, 0.6747720676390024, 1.0, 0.0, 0.0, 0.0, 0.0, 0.0, 0.0, 0.0]",16901,117045,N3,dismiss,-0.3,ts,2255,0
"[0.41176470588235287, -0.41176470588235287, -0.4265232974910394, 0.08, 0.12000000000000002, 0.0, 0.0, 0.0, 1.0, 0.7184106107941747, 1.0, 0.0, 0.0, 0.0, 0.0, 0.0, 0.0, 0.0]",88339,58615,N3,dismiss,-0.3,ts,1883,0
"[0.648, -0.648, -0.07290922087205143, 0.20430107526881722, 1.0, 0.0, 0.0, 0.0, 1.0, 0.7122272102350174, 1.0, 0.0, 0.0, 0.0, 0.0, 0.0, 0.0, 0.0]",185581,107554,N6,dismiss,-0.3,ts,2468,1
"[0.5599999999999999, -0.5599999999999999, 0.0013342228152101116, 0.014035087719298246, 0.03571428571428559, 0.0, 0.0, 0.0, 1.0, 0.9064267245263649, 1.0, 0.0, 0.0, 0.0, 0.0, 0.0, 0.0, 0.0]",104485,114138,N6,dismiss,-0.3,ts,2015,1
"[0.3571428571428572, -0.3571428571428572, -0.26666666666666666, -0.6, -0.6363636363636364, 0.0, 0.0, 0.0, 1.0, 0.5769526376464258, 1.0, 0.0, 0.0, 0.0, 0.0, 0.0, 0.0, 0.0]",41373,50956,N3,dismiss,-0.3,ts,2361,1
"[0.20000000000000007, -0.20000000000000007, -0.06577629382303836, 0.005698005698005698, 0.07142857142857142, 0.0, 0.0, 0.0, 1.0, 0.7765067733705228, 1.0, 0.0, 0.0, 0.0, 0.0, 0.0, 0.0, 0.0]",189329,88669,N6,accept,0.44000000000000006,ts,2743,1
"[0.02500000000000002, -0.02500000000000002, -0.33110367892976583, -0.14, -0.039999999999999994, 0.0, 0.0, 0.0, 1.0, 0.614347964489818, 1.0, 0.0, 0.0, 0.0, 0.0, 0.0, 0.0, 0.0]",54434,62540,N3,dismiss,-0.3,ts,2071,1
"[0.3, -0.3, -0.5329024676850764, 0.014450867052023121, -0.08860759493670887, 0.0, 0.0, 0.0, 1.0, 0.6957315651358122, 1.0, 0.0, 0.0, 0.0, 0.0, 0.0, 0.0, 0.0]",117162,105872,N3,dismiss,-0.3,ts,1193,1
"[0.56, -0.56, 0.047120418848167464, 0.36086956521739133, -0.4, 0.0, 0.0, 0.0, 1.0, 0.7437502917188107, 1.0, 0.0, 0.0, 0.0, 0.0, 0.0, 0.0, 0.0]",146668,169349,N3,dismiss,-0.3,ts,1934,0
"[0.625, -0.625, 0.0, 0.5722543352601156, -0.975, 0.0, 0.0, 0.0, 1.0, 0.7026160369889208, 1.0, 0.0, 0.0, 0.0, 0.0, 0.0, 0.0, 0.0]",158410,134921,N3,dismiss,-0.3,ts,701,1
"[0.24999999999999997, -0.24999999999999997, 0.0, 0.0, 0.0, 0.0, 0.0, 0.0, 1.0, 0.8395893495876965, 1.0, 0.0, 0.0, 0.0, 0.0, 0.0, 0.0, 0.0]",51138,70105,N3,accept,0.475,ts,615,1
"[0.8416666666666667, -0.8416666666666667, 0.002999999999999936, 0.19083969465648856, 0.07999999999999999, 0.0, 0.0, 0.0, 1.0, 0.8919702140845298, 1.0, 0.0, 0.0, 0.0, 0.0, 0.0, 0.0, 0.0]",80035,86978,N3,dismiss,-0.3,ts,1955,1
"[0.013333333333333253, -0.013333333333333253, 0.2005012531328321, 0.15579710144927536, 0.4, 0.0, 0.0, 0.0, 1.0, 0.5661701482744483, 1.0, 0.0, 0.0, 0.0, 0.0, 0.0, 0.0, 0.0]",48996,63924,N3,dismiss,-0.3,ts,1226,1
"[0.2450980392156862, -0.2450980392156862, 0.11126564673157162, -0.33116883116883117, 0.9285714285714286, 0.0, 0.0, 0.0, 1.0, 0.5988453530078003, 1.0, 0.0, 0.0, 0.0, 0.0, 0.0, 0.0, 0.0]",55377,138627,N3,dismiss,-0.3,ts,2316,1
"[0.13793103448275862, -0.13793103448275862, -0.6330275229357798, -0.9132947976878613, -0.8941176470588235, 0.0, 0.0, 0.0, 1.0, 0.4066193539943744, 1.0, 0.0, 0.0, 0.0, 0.0, 0.0, 0.0, 0.0]",64502,51022,N3,dismiss,-0.3,ts,1745,1
"[0.1326530612244898, -0.1326530612244898, 0.02663706992230857, -0.7037974683544304, 0.2, 0.0, 0.0, 0.0, 1.0, 0.6259803109874817, 1.0, 0.0, 0.0, 0.0, 0.0, 0.0, 0.0, 0.0]",155693,115299,N3,dismiss,-0.3,ts,2956,1
"[0.5833333333333333, -0.5833333333333333, -0.014175257731958841, 0.0, 0.1, 0.0, 0.0, 0.0, 1.0, 0.8931955318196763, 1.0, 0.0, 0.0, 0.0, 0.0, 0.0, 0.0, 0.0]",151790,113027,N1,dismiss,-0.3,ts,2012,1
"[0.1250000000000001, -0.1250000000000001, 0.0858394160583941, 0.0, 0.0, 0.0, 0.0, 0.0, 1.0, 0.7647832266303307, 1.0, 0.0, 0.0, 0.0, 0.0, 0.0, 0.0, 0.0]",29519,55412,N6,dismiss,-0.3,ts,2015,1
"[0.09090909090909087, -0.09090909090909087, -0.004823635815496041, 0.1518987341772152, -0.08, 0.0, 0.0, 0.0, 1.0, 0.7204841011799792, 1.0, 0.0, 0.0, 0.0, 0.0, 0.0, 0.0, 0.0]",117335,120787,N3,dismiss,-0.3,ts,1142,0
"[0.19999999999999993, -0.19999999999999993, -0.1875, 0.0, 0.0, 0.0, 0.0, 0.0, 1.0, 0.7602860088710922, 1.0, 0.0, 0.0, 0.0, 0.0, 0.0, 0.0, 0.0]",73358,117926,N3,dismiss,-0.3,ts,2560,0
"[0.4444444444444445, -0.4444444444444445, 0.07079646017699111, -0.703125, -0.58, 0.0, 0.0, 0.0, 1.0, 0.6530726482238095, 1.0, 0.0, 0.0, 0.0, 0.0, 0.0, 0.0, 0.0]",169352,132873,N3,dismiss,-0.3,ts,2006,0
"[0.19999999999999993, -0.19999999999999993, 0.041666666666666664, 0.0, 0.0, 0.0, 0.0, 0.0, 1.0, 0.8068370360387624, 1.0, 0.0, 0.0, 0.0, 0.0, 0.0, 0.0, 0.0]",18185,82489,N3,dismiss,-0.3,ts,1501,0
"[0.5636363636363637, -0.5636363636363637, 0.23253903040262944, 0.011594202898550725, 0.6666666666666666, 0.0, 0.0, 0.0, 1.0, 0.7338903808542905, 1.0, 0.0, 0.0, 0.0, 0.0, 0.0, 0.0, 0.0]",123006,107563,N3,dismiss,-0.3,ts,2956,1
"[0.28476821192052976, -0.28476821192052976, 0.0, -0.021806853582554516, -0.4166666666666667, 0.0, 0.0, 0.0, 1.0, 0.7595229641394782, 1.0, 0.0, 0.0, 0.0, 0.0, 0.0, 0.0, 0.0]",103704,145523,N3,accept,0.49933774834437084,ts,1140,0
"[0.018404907975460003, -0.018404907975460003, -0.2145505097312326, -0.011111111111111112, 0.39240506329113917, 0.0, 0.0, 0.0, 1.0, 0.6022532962352116, 1.0, 0.0, 0.0, 0.0, 0.0, 0.0, 0.0, 0.0]",15663,87724,N3,dismiss,-0.3,ts,2400,1
"[0.12499999999999999, -0.12499999999999999, -0.4235294117647059, 0.017605633802816902, -0.35294117647058826, 0.0, 0.0, 0.0, 1.0, 0.6009292107713861, 1.0, 0.0, 0.0, 0.0, 0.0, 0.0, 0.0, 0.0]",120828,110153,N6,dismiss,-0.3,ts,2932,1
"[0.8530612244897959, -0.8530612244897959, -0.3026455026455026, 0.10526315789473684, 0.631578947368421, 0.0, 0.0, 0.0, 1.0, 0.7372147538127957, 1.0, 0.0, 0.0, 0.0, 0.0, 0.0, 0.0, 0.0]",180524,170138,N1,dismiss,-0.3,ts,2175,1
"[0.25, -0.25, -0.5447647951441579, -0.011428571428571429, 0.10619469026548665, 0.0, 0.0, 0.0, 1.0, 0.6747720676390024, 1.0, 0.0, 0.0, 0.0, 0.0, 0.0, 0.0, 0.0]",16901,117045,N3,accept,0.475,ts,1753,0
"[0.25, -0.25, -0.18823529411764706, 0.0, 0.0, 0.0, 0.0, 0.0, 1.0, 0.7768452100027552, 1.0, 0.0, 0.0, 0.0, 0.0, 0.0, 0.0, 0.0]",113825,87177,N3,accept,0.475,ts,2416,0
"[0.9137254901960783, -0.9137254901960783, 0.05563282336578581, -0.512987012987013, 0.5714285714285714, 0.0, 0.0, 0.0, 1.0, 0.7502498116940701, 1.0, 0.0, 0.0, 0.0, 0.0, 0.0, 0.0, 0.0]",55377,85794,N6,dismiss,-0.3,ts,1496,1
"[0.7942857142857144, -0.7942857142857144, -0.3214124038026256, 0.2066115702479339, -0.375, 0.0, 0.0, 0.0, 1.0, 0.7329985361225249, 1.0, 0.0, 0.0, 0.0, 0.0, 0.0, 0.0, 0.0]",110166,128284,N3,dismiss,-0.3,ts,499,1
"[0.1764705882352941, -0.1764705882352941, 0.0, 0.05045871559633028, 0.0, 0.0, 0.0, 0.0, 1.0, 0.8002741033846621, 1.0, 0.0, 0.0, 0.0, 0.0, 0.0, 0.0, 0.0]",173998,173997,N3,accept,0.4235294117647058,ts,2410,0
"[0.18367346938775517, -0.18367346938775517, 0.1798355380765106, 0.04938271604938271, -0.2, 0.0, 0.0, 0.0, 1.0, 0.6932086053533111, 1.0, 0.0, 0.0, 0.0, 0.0, 0.0, 0.0, 0.0]",135547,72620,N3,dismiss,-0.3,ts,1631,0
"[0.2, -0.2, 0.07503364737550473, -0.031496062992125984, 0.0, 0.0, 0.0, 0.0, 1.0, 0.7858007946079771, 1.0, 0.0, 0.0, 0.0, 0.0, 0.0, 0.0, 0.0]",106764,43370,N3,dismiss,-0.3,ts,1893,0
"[0.20000000000000007, -0.20000000000000007, -0.005644090305444944, -0.002785515320334262, -0.44, 0.0, 0.0, 0.0, 1.0, 0.7319673170502825, 1.0, 0.0, 0.0, 0.0, 0.0, 0.0, 0.0, 0.0]",30202,135481,N3,accept,0.44000000000000006,ts,2136,1
"[0.7580645161290323, -0.7580645161290323, 0.08958837772397098, 0.011299435028248588, 0.7910447761194029, 0.0, 0.0, 0.0, 1.0, 0.7980301280766156, 1.0, 0.0, 0.0, 0.0, 0.0, 0.0, 0.0, 0.0]",43382,151849,N3,dismiss,-0.3,ts,836,0
"[0.19999999999999993, -0.19999999999999993, -0.55, -0.9, -0.8363636363636363, 0.0, 0.0, 0.0, 1.0, 0.4423573576868047, 1.0, 0.0, 0.0, 0.0, 0.0, 0.0, 0.0, 0.0]",126074,62598,N3,dismiss,-0.3,ts,2294,1
"[0.16666666666666663, -0.16666666666666663, -0.1497064579256361, -0.04, -0.039999999999999994, 0.0, 0.0, 0.0, 1.0, 0.7364152237187678, 1.0, 0.0, 0.0, 0.0, 0.0, 0.0, 0.0, 0.0]",122734,81996,N3,dismiss,-0.3,ts,2763,0
"[0.1764705882352941, -0.1764705882352941, 0.0, 0.05045871559633028, 0.0, 0.0, 0.0, 0.0, 1.0, 0.8002741033846621, 1.0, 0.0, 0.0, 0.0, 0.0, 0.0, 0.0, 0.0]",173998,173997,N3,dismiss,-0.3,ts,1683,0
"[0.09090909090909098, -0.09090909090909098, -0.5, -0.018292682926829267, -0.08333333333333333, 0.0, 0.0, 0.0, 1.0, 0.6290406774216342, 1.0, 0.0, 0.0, 0.0, 0.0, 0.0, 0.0, 0.0]",162867,43090,N3,dismiss,-0.3,ts,2817,1
"[0.20000000000000007, -0.20000000000000007, -0.2932707355242567, -0.011363636363636364, 0.0, 0.0, 0.0, 0.0, 1.0, 0.7307070622096635, 1.0, 0.0, 0.0, 0.0, 0.0, 0.0, 0.0, 0.0]",57376,31973,N3,accept,0.44000000000000006,ts,1900,1
"[0.8857142857142857, -0.8857142857142857, -0.05006257822277847, -0.27184466019417475, -0.18518518518518517, 0.0, 0.0, 0.0, 1.0, 0.8388318957168887, 1.0, 0.0, 0.0, 0.0, 0.0, 0.0, 0.0, 0.0]",138627,85795,N3,dismiss,-0.3,ts,1082,1
"[0.7954545454545455, -0.7954545454545455, -0.058333333333333376, 0.08571428571428572, 1.0, 0.0, 0.0, 0.0, 1.0, 0.7646405915394846, 1.0, 0.0, 0.0, 0.0, 0.0, 0.0, 0.0, 0.0]",30105,89765,N3,dismiss,-0.3,ts,1033,0
"[0.4, -0.28, -0.29684601113172543, 0.0, 0.0, 0.0, 0.0, 0.0, 1.0, 0.759689501888925, 1.0, 0.0, 0.0, 0.0, 0.0, 0.0, 0.0, 0.0]",63873,42569,N3,dismiss,-0.3,ts,2603,0
"[0.7555555555555556, -0.7555555555555556, -0.33720930232558144, 1.0, 1.0, 0.0, 0.0, 0.0, 1.0, 0.5576795104166684, 1.0, 0.0, 0.0, 0.0, 0.0, 0.0, 0.0, 0.0]",147349,48998,N3,dismiss,-0.3,ts,1999,1
"[0.375, -0.375, 0.15037593984962405, -0.3492537313432836, -0.3076923076923077, 0.0, 0.0, 0.0, 1.0, 0.681173782067926, 1.0, 0.0, 0.0, 0.0, 0.0, 0.0, 0.0, 0.0]",140787,164354,N3,dismiss,-0.3,ts,1503,1
"[0.07692307692307684, -0.07692307692307684, 0.0, 0.12169312169312169, 0.0, 0.0, 0.0, 0.0, 1.0, 0.7463141143425299, 1.0, 0.0, 0.0, 0.0, 0.0, 0.0, 0.0, 0.0]",115242,55882,N6,dismiss,-0.3,ts,1872,1
"[0.2363636363636364, -0.2363636363636364, -0.14295925661186562, 0.0, 0.02500000000000006, 0.0, 0.0, 0.0, 1.0, 0.7780493073777478, 1.0, 0.0, 0.0, 0.0, 0.0, 0.0, 0.0, 0.0]",84678,59125,N3,dismiss,-0.3,ts,1052,0
"[0.4444444444444445, -0.4444444444444445, 0.17096774193548378, -0.18, -0.58, 0.0, 0.0, 0.0, 1.0, 0.6894489194008218, 1.0, 0.0, 0.0, 0.0, 0.0, 0.0, 0.0, 0.0]",81420,132873,N3,dismiss,-0.3,ts,622,0
"[0.5, -0.5, 0.13333333333333333, 0.0, 0.0, 0.0, 0.0, 0.0, 1.0, 0.8619729057697516, 1.0, 0.0, 0.0, 0.0, 0.0, 0.0, 0.0, 0.0]",135728,18435,N1,dismiss,-0.3,ts,2870,1
"[0.25, -0.25, 0.09090909090909091, -0.32456140350877194, -0.10500000000000007, 0.0, 0.0, 0.0, 1.0, 0.706303156982304, 1.0, 0.0, 0.0, 0.0, 0.0, 0.0, 0.0, 0.0]",123778,165914,N3,dismiss,-0.3,ts,632,0
"[0.19999999999999993, -0.19999999999999993, -0.25, -0.8833333333333333, -0.7454545454545454, 0.0, 0.0, 0.0, 1.0, 0.5035447216368699, 1.0, 0.0, 0.0, 0.0, 0.0, 0.0, 0.0, 0.0]",126074,18330,N3,dismiss,-0.3,ts,2996,0
"[0.24242424242424238, -0.24242424242424238, -0.129287598944591, 0.14634146341463414, -0.019999999999999973, 0.0, 0.0, 0.0, 1.0, 0.7475906702273, 1.0, 0.0, 0.0, 0.0, 0.0, 0.0, 0.0, 0.0]",110035,19599,N3,accept,0.4696969696969696,ts,704,1
"[0.01453488372093018, -0.01453488372093018, 0.07822736030828521, 0.008522727272727272, 0.24999999999999997, 0.0, 0.0, 0.0, 1.0, 0.6649282141640869, 1.0, 0.0, 0.0, 0.0, 0.0, 0.0, 0.0, 0.0]",54520,146721,N3,accept,0.3101744186046511,ts,2985,1
"[0.41176470588235287, -0.41176470588235287, -0.15164369034994696, 0.12, 0.24, 0.0, 0.0, 0.0, 1.0, 0.7458609741032868, 1.0, 0.0, 0.0, 0.0, 0.0, 0.0, 0.0, 0.0]",56971,58615,N6,dismiss,-0.3,ts,1615,1
"[0.8785714285714287, -0.8785714285714287, -0.10714285714285714, 0.0, 0.0, 0.0, 0.0, 0.0, 1.0, 0.9279860594677921, 1.0, 0.0, 0.0, 0.0, 0.0, 0.0, 0.0, 0.0]",164512,82489,N3,dismiss,-0.3,ts,2100,0
"[0.20000000000000004, -0.20000000000000004, 0.10016694490818043, 0.0, 0.02500000000000006, 0.0, 0.0, 0.0, 1.0, 0.7792040533578343, 1.0, 0.0, 0.0, 0.0, 0.0, 0.0, 0.0, 0.0]",53365,19865,N3,dismiss,-0.3,ts,1252,1
"[0.3939393939393939, -0.3939393939393939, -0.5260755048287973, -0.037940379403794036, -0.08333333333333333, 0.0, 0.0, 0.0, 1.0, 0.7184857157262193, 1.0, 0.0, 0.0, 0.0, 0.0, 0.0, 0.0, 0.0]",141852,110893,N3,dismiss,-0.3,ts,1450,1
"[0.72, -0.72, -0.42404006677796324, -0.3, 0.020000000000000018, 0.0, 0.0, 0.0, 1.0, 0.7603871955058701, 1.0, 0.0, 0.0, 0.0, 0.0, 0.0, 0.0, 0.0]",33289,82101,N3,dismiss,-0.3,ts,1875,1
"[0.41176470588235287, -0.41176470588235287, -0.10614525139664797, 0.12, 0.24, 0.0, 0.0, 0.0, 1.0, 0.7599295455936875, 1.0, 0.0, 0.0, 0.0, 0.0, 0.0, 0.0, 0.0]",63626,58615,N3,dismiss,-0.3,ts,874,0
"[0.17090909090909095, -0.17090909090909095, -0.2345978755690441, 0.0, 0.0, 0.0, 0.0, 0.0, 1.0, 0.7378238220265599, 1.0, 0.0, 0.0, 0.0, 0.0, 0.0, 0.0, 0.0]",49870,147348,N3,dismiss,-0.3,ts,2875,1
"[0.1, -0.07, -0.2697495183044316, -0.05, -0.17272727272727276, 0.0, 0.0, 0.0, 1.0, 0.63467239594446, 1.0, 0.0, 0.0, 0.0, 0.0, 0.0, 0.0, 0.0]",49082,49005,N3,dismiss,-0.3,ts,1076,0
"[0.8163265306122449, -0.8163265306122449, -0.3003754693366709, -0.3853211009174312, -0.6916666666666668, 0.0, 0.0, 0.0, 1.0, 0.6769419080253434, 1.0, 0.0, 0.0, 0.0, 0.0, 0.0, 0.0, 0.0]",115245,54927,N3,dismiss,-0.3,ts,546,1
"[0.4545454545454546, -0.4545454545454546, -0.4639027877055039, -0.0169971671388102, 0.4666666666666667, 0.0, 0.0, 0.0, 1.0, 0.6812317844094329, 1.0, 0.0, 0.0, 0.0, 0.0, 0.0, 0.0, 0.0]",88669,107659,N6,dismiss,-0.3,ts,945,1
"[0.4444444444444445, -0.4444444444444445, 0.003719599427753804, 0.0, 0.0, 0.0, 0.0, 0.0, 1.0, 0.8942134170360632, 1.0, 0.0, 0.0, 0.0, 0.0, 0.0, 0.0, 0.0]",147468,147381,N3,dismiss,-0.3,ts,572,1
"[0.7954545454545455, -0.7954545454545455, -0.29375, 0.02702702702702703, 0.7037037037037037, 0.0, 0.0, 0.0, 1.0, 0.7478574292274299, 1.0, 0.0, 0.0, 0.0, 0.0, 0.0, 0.0, 0.0]",107308,89765,N3,accept,0.8568181818181819,ts,1379,1
"[0.5454545454545454, -0.5454545454545454, -0.008000000000000007, -0.8403908794788274, -0.5, 0.0, 0.0, 0.0, 1.0, 0.6984613948531551, 1.0, 0.0, 0.0, 0.0, 0.0, 0.0, 0.0, 0.0]",69980,94324,N3,dismiss,-0.3,ts,2322,0
"[0.20000000000000007, -0.20000000000000007, -0.0719734660033167, -0.024861878453038673, 0.36363636363636365, 0.0, 0.0, 0.0, 1.0, 0.7112224900357613, 1.0, 0.0, 0.0, 0.0, 0.0, 0.0, 0.0, 0.0]",174793,88669,N3,dismiss,-0.3,ts,721,1
"[0.5636363636363637, -0.5636363636363637, 0.12023898431665417, -0.016901408450704224, 0.8181818181818182, 0.0, 0.0, 0.0, 1.0, 0.7536395553740498, 1.0, 0.0, 0.0, 0.0, 0.0, 0.0, 0.0, 0.0]",123260,107563,N3,dismiss,-0.3,ts,1002,1
"[0.12499999999999988, -0.12499999999999988, 0.10011641443538992, 0.5833333333333334, -0.05, 0.0, 0.0, 0.0, 1.0, 0.6424774264918087, 1.0, 0.0, 0.0, 0.0, 0.0, 0.0, 0.0, 0.0]",78136,180524,N3,dismiss,-0.3,ts,1200,0
"[0.12499999999999988, -0.12499999999999988, 0.10010010010010009, -0.40816326530612246, 0.16666666666666666, 0.0, 0.0, 0.0, 1.0, 0.6338342497514019, 1.0, 0.0, 0.0, 0.0, 0.0, 0.0, 0.0, 0.0]",155975,180522,N3,dismiss,-0.3,ts,1039,0
"[0.7755102040816326, -0.7755102040816326, -0.42857142857142855, 0.6827956989247311, -0.5862068965517241, 0.0, 0.0, 0.0, 1.0, 0.6251271185551575, 1.0, 0.0, 0.0, 0.0, 0.0, 0.0, 0.0, 0.0]",169065,169349,N3,accept,0.8428571428571427,ts,738,0
"[0.2, -0.2, -0.16944444444444448, -0.32945736434108525, 1.0, 0.0, 0.0, 0.0, 1.0, 0.5616613228277293, 1.0, 0.0, 0.0, 0.0, 0.0, 0.0, 0.0, 0.0]",145578,158410,N3,dismiss,-0.3,ts,2863,1
"[0.9586734693877551, -0.9586734693877551, -0.6665276329509906, 0.23148148148148148, -0.4583333333333333, 0.0, 0.0, 0.0, 1.0, 0.6804480438233301, 1.0, 0.0, 0.0, 0.0, 0.0, 0.0, 0.0, 0.0]",55915,128247,N3,accept,0.9710714285714286,ts,512,1
"[0.047619047619047505, -0.047619047619047505, -0.49874686716791977, 0.0, 0.0, 0.0, 0.0, 0.0, 1.0, 0.6415873556454346, 1.0, 0.0, 0.0, 0.0, 0.0, 0.0, 0.0, 0.0]",111106,18064,N3,dismiss,-0.3,ts,792,1
"[0.3382352941176471, -0.3382352941176471, -0.3671817512877116, 0.026239067055393587, 0.1641791044776119, 0.0, 0.0, 0.0, 1.0, 0.7132792099227282, 1.0, 0.0, 0.0, 0.0, 0.0, 0.0, 0.0, 0.0]",185707,105899,N3,accept,0.5367647058823529,ts,1205,1
"[0.16666666666666666, -0.16666666666666666, -0.006474103585657321, -0.273015873015873, -0.38461538461538464, 0.0, 0.0, 0.0, 1.0, 0.6650486993896743, 1.0, 0.0, 0.0, 0.0, 0.0, 0.0, 0.0, 0.0]",170958,185375,N3,dismiss,-0.3,ts,2539,1
"[0.568, -0.568, -0.6114508060033351, 0.0, 0.0, 0.0, 0.0, 0.0, 1.0, 0.7819031711023983, 1.0, 0.0, 0.0, 0.0, 0.0, 0.0, 0.0, 0.0]",49130,147468,N3,dismiss,-0.3,ts,726,1
"[0.47058823529411764, -0.47058823529411764, 0.0, 0.0, 0.0, 0.0, 0.0, 0.0, 1.0, 0.902022067439656, 1.0, 0.0, 0.0, 0.0, 0.0, 0.0, 0.0, 0.0]",107697,51138,N3,dismiss,-0.3,ts,532,1
"[0.6428571428571429, -0.6428571428571429, 0.14285714285714285, 0.0, 0.0, 0.0, 0.0, 0.0, 1.0, 0.88684106576694, 1.0, 0.0, 0.0, 0.0, 0.0, 0.0, 0.0, 0.0]",18468,60783,N3,dismiss,-0.3,ts,2375,1
"[0.09090909090909098, -0.09090909090909098, 0.0, 0.005763688760806916, -0.041666666666666664, 0.0, 0.0, 0.0, 1.0, 0.7701686451837986, 1.0, 0.0, 0.0, 0.0, 0.0, 0.0, 0.0, 0.0]",43107,57106,N3,accept,0.36363636363636365,ts,1158,1
"[0.25, -0.25, 0.08600392413342063, 0.006075334143377886, 0.0, 0.0, 0.0, 0.0, 1.0, 0.8061722905617785, 1.0, 0.0, 0.0, 0.0, 0.0, 0.0, 0.0, 0.0]",75083,30338,N3,dismiss,-0.3,ts,2478,0
"[0.1250000000000001, -0.1250000000000001, 0.2222222222222222, 0.0, -0.06000000000000001, 0.0, 0.0, 0.0, 1.0, 0.7076074431705994, 1.0, 0.0, 0.0, 0.0, 0.0, 0.0, 0.0, 0.0]",30711,125786,N3,dismiss,-0.3,ts,1637,0
"[0.8875, -0.8875, 0.11470588235294113, 1.0, 0.5166666666666666, 0.0, 0.0, 0.0, 1.0, 0.6836855280921675, 1.0, 0.0, 0.0, 0.0, 0.0, 0.0, 0.0, 0.0]",18437,49005,N3,accept,0.9212499999999999,ts,1583,1
"[0.6000000000000001, -0.6000000000000001, 0.1111111111111111, 0.0, 0.0, 0.0, 0.0, 0.0, 1.0, 0.8892219481331178, 1.0, 0.0, 0.0, 0.0, 0.0, 0.0, 0.0, 0.0]",38176,112477,N3,dismiss,-0.3,ts,1038,0
"[0.0142857142857143, -0.0142857142857143, -0.5358151476251606, 0.28, 0.019999999999999973, 0.0, 0.0, 0.0, 1.0, 0.5536460520568631, 1.0, 0.0, 0.0, 0.0, 0.0, 0.0, 0.0, 0.0]",33303,79808,N3,dismiss,-0.3,ts,1321,1
"[0.8482142857142858, -0.8482142857142858, -0.42857142857142855, 0.0, 0.0, 0.0, 0.0, 0.0, 1.0, 0.8484809649435068, 1.0, 0.0, 0.0, 0.0, 0.0, 0.0, 0.0, 0.0]",164512,75387,N3,dismiss,-0.3,ts,1814,1
"[0.9099999999999999, -0.9099999999999999, -0.4296769851951548, -0.0026246719160104987, 0.5333333333333333, 0.0, 0.0, 0.0, 1.0, 0.7549117572795517, 1.0, 0.0, 0.0, 0.0, 0.0, 0.0, 0.0, 0.0]",106764,89765,N3,dismiss,-0.3,ts,2222,1
"[0.3000000000000001, -0.3000000000000001, -0.7555110220440883, 0.03333333333333333, 0.45999999999999996, 0.0, 0.0, 0.0, 1.0, 0.599715517942224, 1.0, 0.0, 0.0, 0.0, 0.0, 0.0, 0.0, 0.0]",44266,85446,N3,dismiss,-0.3,ts,1494,1
"[0.39999999999999997, -0.39999999999999997, -0.7121401752190238, -0.19718309859154928, -0.35294117647058826, 0.0, 0.0, 0.0, 1.0, 0.6075657047046017, 1.0, 0.0, 0.0, 0.0, 0.0, 0.0, 0.0, 0.0]",120828,178949,N3,dismiss,-0.3,ts,486,1
"[0.75, -0.75, -0.34684095860566444, -0.125, 1.0, 0.0, 0.0, 0.0, 1.0, 0.6878314574704213, 1.0, 0.0, 0.0, 0.0, 0.0, 0.0, 0.0, 0.0]",135617,115951,N3,dismiss,-0.3,ts,2342,1
"[0.25, -0.25, -0.25925925925925924, 0.048484848484848485, 0.041666666666666664, 0.0, 0.0, 0.0, 1.0, 0.7328139323987184, 1.0, 0.0, 0.0, 0.0, 0.0, 0.0, 0.0, 0.0]",142494,117045,N3,accept,0.475,ts,1343,0
"[0.02500000000000002, -0.02500000000000002, -0.1863303498779495, -0.2, -0.12000000000000002, 0.0, 0.0, 0.0, 1.0, 0.6156925813588408, 1.0, 0.0, 0.0, 0.0, 0.0, 0.0, 0.0, 0.0]",130425,62503,N3,accept,0.3175,ts,1771,0
"[0.3636363636363637, -0.3636363636363637, 0.0, 0.0, 0.0, 0.0, 0.0, 0.0, 1.0, 0.8742764353476687, 1.0, 0.0, 0.0, 0.0, 0.0, 0.0, 0.0, 0.0]",123548,123174,N3,dismiss,-0.3,ts,2358,0
"[0.1666666666666667, -0.1666666666666667, -0.29411764705882354, -0.1, -0.19999999999999996, 0.0, 0.0, 0.0, 1.0, 0.6456485600683607, 1.0, 0.0, 0.0, 0.0, 0.0, 0.0, 0.0, 0.0]",40189,61090,N3,dismiss,-0.3,ts,566,1
"[0.15, -0.15, -0.1982300884955752, -0.03651685393258427, -0.3909090909090909, 0.0, 0.0, 0.0, 1.0, 0.6479304497866336, 1.0, 0.0, 0.0, 0.0, 0.0, 0.0, 0.0, 0.0]",87724,185707,N3,dismiss,-0.3,ts,1215,1
"[0.25, -0.25, -0.009319816873773597, 0.001215066828675577, 0.0, 0.0, 0.0, 0.0, 1.0, 0.8355318740747639, 1.0, 0.0, 0.0, 0.0, 0.0, 0.0, 0.0, 0.0]",75083,15457,N3,dismiss,-0.3,ts,941,1
"[0.47058823529411764, -0.47058823529411764, 0.0, 0.14, 0.18000000000000002, 0.0, 0.0, 0.0, 1.0, 0.8200410775686694, 1.0, 0.0, 0.0, 0.0, 0.0, 0.0, 0.0, 0.0]",37982,37953,N3,accept,0.6294117647058823,ts,2605,1
"[0.5588235294117647, -0.5588235294117647, 0.10025062656641605, -0.10256410256410256, 0.06666666666666667, 0.0, 0.0, 0.0, 1.0, 0.8383398294452176, 1.0, 0.0, 0.0, 0.0, 0.0, 0.0, 0.0, 0.0]",58951,128254,N3,accept,0.6911764705882353,ts,1210,1
"[0.24444444444444444, -0.24444444444444444, 0.0, 1.0, 0.24000000000000005, 0.0, 0.0, 0.0, 1.0, 0.63344513740939, 1.0, 0.0, 0.0, 0.0, 0.0, 0.0, 0.0, 0.0]",141703,151787,N3,accept,0.4711111111111111,ts,1091,1
"[0.20000000000000007, -0.20000000000000007, -0.06259780907668232, 0.017045454545454544, -0.4166666666666667, 0.0, 0.0, 0.0, 1.0, 0.7094552875739797, 1.0, 0.0, 0.0, 0.0, 0.0, 0.0, 0.0, 0.0]",74280,135481,N3,accept,0.44000000000000006,ts,828,1
"[0.1666666666666667, -0.1666666666666667, -0.13333333333333333, -0.3, -0.16, 0.0, 0.0, 0.0, 1.0, 0.6556594342490147, 1.0, 0.0, 0.0, 0.0, 0.0, 0.0, 0.0, 0.0]",18490,156539,N3,dismiss,-0.3,ts,554,0
"[0.9357142857142856, -0.9357142857142856, 0.0, -0.42857142857142855, -0.8, 0.0, 0.0, 0.0, 1.0, 0.7654707007374344, 1.0, 0.0, 0.0, 0.0, 0.0, 0.0, 0.0, 0.0]",153856,70105,N3,dismiss,-0.3,ts,1638,1
"[0.20000000000000004, -0.20000000000000004, -0.44341372912801486, 0.08761329305135952, -0.07142857142857142, 0.0, 0.0, 0.0, 1.0, 0.6611419918461581, 1.0, 0.0, 0.0, 0.0, 0.0, 0.0, 0.0, 0.0]",63911,90182,N3,dismiss,-0.3,ts,1756,0
"[0.20000000000000007, -0.20000000000000007, 0.24570575056011942, -0.04788732394366197, 0.09090909090909091, 0.0, 0.0, 0.0, 1.0, 0.7065438616045325, 1.0, 0.0, 0.0, 0.0, 0.0, 0.0, 0.0, 0.0]",123260,108746,N3,dismiss,-0.3,ts,2807,0
"[0.5, -0.5, -0.4592875318066158, 0.0, 0.0, 0.0, 0.0, 0.0, 1.0, 0.7886047001257124, 1.0, 0.0, 0.0, 0.0, 0.0, 0.0, 0.0, 0.0]",90179,56398,N3,dismiss,-0.3,ts,1424,0
"[0.14285714285714288, -0.14285714285714288, 0.2002503128911139, 0.37383177570093457, -0.15, 0.0, 0.0, 0.0, 1.0, 0.6189066123031219, 1.0, 0.0, 0.0, 0.0, 0.0, 0.0, 0.0, 0.0]",78135,115240,N3,dismiss,-0.3,ts,1842,1
"[0.25, -0.25, 0.0, 0.0, 0.0, 0.0, 0.0, 0.0, 1.0, 0.8395893495876965, 1.0, 0.0, 0.0, 0.0, 0.0, 0.0, 0.0, 0.0]",117053,117045,N3,dismiss,-0.3,ts,1121,0
"[0.1876923076923077, -0.1876923076923077, -0.3554119547657512, -0.1559633027522936, -0.16666666666666666, 0.0, 0.0, 0.0, 1.0, 0.6341149341989465, 1.0, 0.0, 0.0, 0.0, 0.0, 0.0, 0.0, 0.0]",63891,48998,N1,accept,0.43138461538461537,ts,1644,1
"[0.30000000000000004, -0.30000000000000004, 0.03454231433506045, 0.08529411764705883, 0.25454545454545463, 0.0, 0.0, 0.0, 1.0, 0.7587558539384491, 1.0, 0.0, 0.0, 0.0, 0.0, 0.0, 0.0, 0.0]",16912,76847,N3,dismiss,-0.3,ts,1319,0
"[0.08333333333333326, -0.08333333333333326, 0.0, 0.1125, 0.18181818181818182, 0.0, 0.0, 0.0, 1.0, 0.7051372725166374, 1.0, 0.0, 0.0, 0.0, 0.0, 0.0, 0.0, 0.0]",73738,73736,N3,dismiss,-0.3,ts,1947,0
"[0.3333333333333333, -0.3333333333333333, -0.08333333333333333, 0.18181818181818182, 0.11731843575419003, 0.0, 0.0, 0.0, 1.0, 0.7577259206367224, 1.0, 0.0, 0.0, 0.0, 0.0, 0.0, 0.0, 0.0]",165914,127600,N3,dismiss,-0.3,ts,1993,0
"[0.72, -0.72, 0.0, 0.0, 0.0, 0.0, 0.0, 0.0, 1.0, 0.9482997742708752, 1.0, 0.0, 0.0, 0.0, 0.0, 0.0, 0.0, 0.0]",123511,123439,N3,dismiss,-0.3,ts,1317,1
"[0.4545454545454546, -0.4545454545454546, -0.24933569530558014, -0.0028735632183908046, 0.8333333333333334, 0.0, 0.0, 0.0, 1.0, 0.6971141847006259, 1.0, 0.0, 0.0, 0.0, 0.0, 0.0, 0.0, 0.0]",31973,108828,N3,dismiss,-0.3,ts,663,1
"[0.12918660287081332, -0.12918660287081332, -0.19466831990080596, 0.0, 0.0, 0.0, 0.0, 0.0, 1.0, 0.73334879878766, 1.0, 0.0, 0.0, 0.0, 0.0, 0.0, 0.0, 0.0]",90708,16645,N3,dismiss,-0.3,ts,1040,0
"[0.9485714285714285, -0.9485714285714285, 0.2222222222222222, 1.0, 0.44000000000000006, 0.0, 0.0, 0.0, 1.0, 0.6671004355547396, 1.0, 0.0, 0.0, 0.0, 0.0, 0.0, 0.0, 0.0]",18359,50956,N3,dismiss,-0.3,ts,2106,0
"[0.13846153846153844, -0.13846153846153844, -0.04767580452920143, 0.009259259259259259, 0.14285714285714285, 0.0, 0.0, 0.0, 1.0, 0.7429691792392996, 1.0, 0.0, 0.0, 0.0, 0.0, 0.0, 0.0, 0.0]",78130,115245,N3,dismiss,-0.3,ts,2429,1
"[0.25, -0.25, 0.1813365933170334, 0.06976744186046512, 0.375, 0.0, 0.0, 0.0, 1.0, 0.6800714943350291, 1.0, 0.0, 0.0, 0.0, 0.0, 0.0, 0.0, 0.0]",84869,71447,N3,dismiss,-0.3,ts,1966,0
"[0.28476821192052976, -0.28476821192052976, 0.0, -0.021806853582554516, -0.4166666666666667, 0.0, 0.0, 0.0, 1.0, 0.7595229641394782, 1.0, 0.0, 0.0, 0.0, 0.0, 0.0, 0.0, 0.0]",103704,145523,N3,accept,0.49933774834437084,ts,1619,0
"[0.13846153846153844, -0.13846153846153844, -0.0039890301670405534, 0.0380952380952381, 0.043478260869565216, 0.0, 0.0, 0.0, 1.0, 0.7761033833741405, 1.0, 0.0, 0.0, 0.0, 0.0, 0.0, 0.0, 0.0]",155844,115245,N3,dismiss,-0.3,ts,426,1
"[0.2, -0.2, -0.16944444444444448, -0.32945736434108525, 1.0, 0.0, 0.0, 0.0, 1.0, 0.5616613228277293, 1.0, 0.0, 0.0, 0.0, 0.0, 0.0, 0.0, 0.0]",145578,158410,N3,dismiss,-0.3,ts,1858,1
"[0.20000000000000007, -0.20000000000000007, -0.24181818181818182, -0.037037037037037035, -0.14285714285714285, 0.0, 0.0, 0.0, 1.0, 0.6981476542695305, 1.0, 0.0, 0.0, 0.0, 0.0, 0.0, 0.0, 0.0]",70002,108746,N3,dismiss,-0.3,ts,1140,1
"[0.06666666666666672, -0.06666666666666672, -0.38461538461538464, -0.1, 0.12000000000000002, 0.0, 0.0, 0.0, 1.0, 0.6083946646241543, 1.0, 0.0, 0.0, 0.0, 0.0, 0.0, 0.0, 0.0]",57043,135467,N3,accept,0.3466666666666667,ts,1914,1
"[0.25, -0.25, -0.18823529411764706, 0.0, 0.0, 0.0, 0.0, 0.0, 1.0, 0.7768452100027552, 1.0, 0.0, 0.0, 0.0, 0.0, 0.0, 0.0, 0.0]",113825,87177,N6,dismiss,-0.3,ts,2248,1
"[0.18831168831168835, -0.18831168831168835, 0.0, 0.15942028985507245, 0.18, 0.0, 0.0, 0.0, 1.0, 0.732496988669393, 1.0, 0.0, 0.0, 0.0, 0.0, 0.0, 0.0, 0.0]",151793,85224,N3,dismiss,-0.3,ts,1658,0
"[0.6909090909090909, -0.6909090909090909, 0.19956379498364232, -0.42857142857142855, -0.18, 0.0, 0.0, 0.0, 1.0, 0.7466004036208466, 1.0, 0.0, 0.0, 0.0, 0.0, 0.0, 0.0, 0.0]",82102,189308,N3,accept,0.7836363636363636,ts,1837,1
"[0.2916666666666667, -0.2916666666666667, 0.04833333333333339, 0.64, -0.13999999999999999, 0.0, 0.0, 0.0, 1.0, 0.6895373852503164, 1.0, 0.0, 0.0, 0.0, 0.0, 0.0, 0.0, 0.0]",81128,79359,N3,accept,0.5041666666666667,ts,2599,1
"[0.22222222222222215, -0.22222222222222215, -0.09255898366606173, 0.16153846153846155, 0.020000000000000018, 0.0, 0.0, 0.0, 1.0, 0.7492855744837049, 1.0, 0.0, 0.0, 0.0, 0.0, 0.0, 0.0, 0.0]",87131,108112,N3,dismiss,-0.3,ts,2340,0
"[0.8705882352941177, -0.8705882352941177, -0.2844364937388193, 0.7633802816901408, -0.29411764705882354, 0.0, 0.0, 0.0, 1.0, 0.6949217795554031, 1.0, 0.0, 0.0, 0.0, 0.0, 0.0, 0.0, 0.0]",88157,169349,N3,accept,0.9094117647058824,ts,1595,0
"[0.8235294117647058, -0.8235294117647058, -0.6716716716716717, 1.0, -0.36666666666666664, 0.0, 0.0, 0.0, 1.0, 0.6040066911086254, 1.0, 0.0, 0.0, 0.0, 0.0, 0.0, 0.0, 0.0]",47181,155668,N6,dismiss,-0.3,ts,977,1
"[0.24999999999999997, -0.24999999999999997, 0.1, 0.0, 0.0, 0.0, 0.0, 0.0, 1.0, 0.8033355002032929, 1.0, 0.0, 0.0, 0.0, 0.0, 0.0, 0.0, 0.0]",51138,18239,N3,dismiss,-0.3,ts,1187,0
"[0.3142857142857143, -0.3142857142857143, 0.16230141691713187, 0.0, 0.0, 0.0, 0.0, 0.0, 1.0, 0.8044010875663578, 1.0, 0.0, 0.0, 0.0, 0.0, 0.0, 0.0, 0.0]",141777,82038,N6,dismiss,-0.3,ts,625,1
"[0.20000000000000007, -0.20000000000000007, 0.18088235294117644, 0.011299435028248588, -0.5, 0.0, 0.0, 0.0, 1.0, 0.6639474986889986, 1.0, 0.0, 0.0, 0.0, 0.0, 0.0, 0.0, 0.0]",108741,93936,N3,dismiss,-0.3,ts,1174,1
"[0.1500000000000001, -0.1500000000000001, 0.0, -0.35714285714285715, -0.1, 0.0, 0.0, 0.0, 1.0, 0.7015604788698512, 1.0, 0.0, 0.0, 0.0, 0.0, 0.0, 0.0, 0.0]",74186,189308,N3,dismiss,-0.3,ts,1797,0
"[0.0555555555555556, -0.0555555555555556, -0.16666666666666666, 0.01764705882352941, 0.0, 0.0, 0.0, 0.0, 1.0, 0.7088897221869671, 1.0, 0.0, 0.0, 0.0, 0.0, 0.0, 0.0, 0.0]",123852,105724,N3,dismiss,-0.3,ts,1816,1
"[0.12499999999999993, -0.12499999999999993, -0.03034901365705625, -0.007194244604316547, 0.0, 0.0, 0.0, 0.0, 1.0, 0.7824119566580818, 1.0, 0.0, 0.0, 0.0, 0.0, 0.0, 0.0, 0.0]",19865,81462,N3,dismiss,-0.3,ts,1201,0
"[0.5636363636363637, -0.5636363636363637, -0.058333333333333376, -0.0169971671388102, 0.5714285714285714, 0.0, 0.0, 0.0, 1.0, 0.7929707233257425, 1.0, 0.0, 0.0, 0.0, 0.0, 0.0, 0.0, 0.0]",87720,108828,N3,dismiss,-0.3,ts,640,1
"[0.4444444444444444, -0.27999999999999997, -0.17076923076923078, 0.0, 0.0, 0.0, 0.0, 0.0, 1.0, 0.7913678346806224, 1.0, 0.0, 0.0, 0.0, 0.0, 0.0, 0.0, 0.0]",63920,63919,N3,accept,0.611111111111111,ts,877,0
"[0.13953488372093023, -0.13953488372093023, 0.2, -0.21686746987951808, -0.12727272727272732, 0.0, 0.0, 0.0, 1.0, 0.6491415867196744, 1.0, 0.0, 0.0, 0.0, 0.0, 0.0, 0.0, 0.0]",40740,91969,N3,dismiss,-0.3,ts,2983,1
"[0.11999999999999993, -0.11999999999999993, -0.3875, 0.002824858757062147, -0.15384615384615385, 0.0, 0.0, 0.0, 1.0, 0.6460871271368427, 1.0, 0.0, 0.0, 0.0, 0.0, 0.0, 0.0, 0.0]",108827,123023,N3,dismiss,-0.3,ts,1133,1
"[0.25, -0.25, 0.0, 0.07453416149068323, 0.13636363636363635, 0.0, 0.0, 0.0, 1.0, 0.7830109453831142, 1.0, 0.0, 0.0, 0.0, 0.0, 0.0, 0.0, 0.0]",43090,117045,N3,dismiss,-0.3,ts,1107,0
"[0.0384615384615385, -0.0384615384615385, 0.22897483118477596, 0.02976190476190476, 0.05999999999999996, 0.0, 0.0, 0.0, 1.0, 0.6652929903136966, 1.0, 0.0, 0.0, 0.0, 0.0, 0.0, 0.0, 0.0]",143094,87100,N3,dismiss,-0.3,ts,554,0
"[0.25, -0.25, 0.0, -0.008595988538681949, 0.13636363636363635, 0.0, 0.0, 0.0, 1.0, 0.8012276518471559, 1.0, 0.0, 0.0, 0.0, 0.0, 0.0, 0.0, 0.0]",43088,117045,N3,dismiss,-0.3,ts,955,0
"[0.16326530612244894, -0.16326530612244894, 0.0, -0.02601156069364162, -0.4117647058823529, 0.0, 0.0, 0.0, 1.0, 0.7182572044369081, 1.0, 0.0, 0.0, 0.0, 0.0, 0.0, 0.0, 0.0]",63901,63915,N3,dismiss,-0.3,ts,939,0
"[0.25, -0.25, 0.0, 0.0, 0.0, 0.0, 0.0, 0.0, 1.0, 0.8395893495876965, 1.0, 0.0, 0.0, 0.0, 0.0, 0.0, 0.0, 0.0]",116939,117045,N3,accept,0.475,ts,663,0
"[0.6, -0.6, -0.10370370370370366, 0.3348623853211009, 0.3333333333333333, 0.0, 0.0, 0.0, 1.0, 0.7454021480082622, 1.0, 0.0, 0.0, 0.0, 0.0, 0.0, 0.0, 0.0]",164355,29663,N6,dismiss,-0.3,ts,493,1
"[0.13636363636363646, -0.13636363636363646, -0.15050000000000008, 0.5803571428571429, 0.18, 0.0, 0.0, 0.0, 1.0, 0.6000912927216792, 1.0, 0.0, 0.0, 0.0, 0.0, 0.0, 0.0, 0.0]",80033,87097,N3,dismiss,-0.3,ts,1962,1
"[0.15, -0.15, -0.3033333333333334, -0.08064516129032258, -0.2, 0.0, 0.0, 0.0, 1.0, 0.6425573796525078, 1.0, 0.0, 0.0, 0.0, 0.0, 0.0, 0.0, 0.0]",41650,18005,N3,dismiss,-0.3,ts,2602,1
"[0.8, -0.8, 0.13333333333333333, 0.0, 0.0, 0.0, 0.0, 0.0, 1.0, 0.9115993194259686, 1.0, 0.0, 0.0, 0.0, 0.0, 0.0, 0.0, 0.0]",190833,51605,N3,dismiss,-0.3,ts,2778,0
"[0.19999999999999993, -0.19999999999999993, 0.125, 0.0, 0.0, 0.0, 0.0, 0.0, 1.0, 0.7785883097271787, 1.0, 0.0, 0.0, 0.0, 0.0, 0.0, 0.0, 0.0]",75387,18219,N3,accept,0.43999999999999995,ts,1551,0
"[0.2045454545454546, -0.2045454545454546, 0.07719799857040743, -0.0056657223796034, -0.06666666666666667, 0.0, 0.0, 0.0, 1.0, 0.7753573266178757, 1.0, 0.0, 0.0, 0.0, 0.0, 0.0, 0.0, 0.0]",88669,74278,N3,dismiss,-0.3,ts,505,0
"[0.7794117647058824, -0.7794117647058824, -0.18122815776335507, 1.0, 0.11764705882352941, 0.0, 0.0, 0.0, 1.0, 0.7149754356537524, 1.0, 0.0, 0.0, 0.0, 0.0, 0.0, 0.0, 0.0]",107861,155668,N3,dismiss,-0.3,ts,2282,1
"[0.11999999999999993, -0.11999999999999993, 0.03502501786990709, -0.02608695652173913, 1.0, 0.0, 0.0, 0.0, 1.0, 0.6386194265655901, 1.0, 0.0, 0.0, 0.0, 0.0, 0.0, 0.0, 0.0]",88672,135543,N3,dismiss,-0.3,ts,2989,1
"[0.2, -0.2, 0.015444015444015528, -0.02127659574468085, 0.0, 0.0, 0.0, 0.0, 1.0, 0.8104959025064576, 1.0, 0.0, 0.0, 0.0, 0.0, 0.0, 0.0, 0.0]",19611,85163,N3,dismiss,-0.3,ts,2062,1
"[0.52, -0.52, 0.11648223645894, 0.0, 0.0, 0.0, 0.0, 0.0, 1.0, 0.8716130198763568, 1.0, 0.0, 0.0, 0.0, 0.0, 0.0, 0.0, 0.0]",142501,54196,N3,dismiss,-0.3,ts,837,0
"[0.30188679245283023, -0.30188679245283023, 0.0, -0.17981072555205047, 0.06666666666666662, 0.0, 0.0, 0.0, 1.0, 0.7920227307244867, 1.0, 0.0, 0.0, 0.0, 0.0, 0.0, 0.0, 0.0]",91968,91969,N3,dismiss,-0.3,ts,592,1
"[0.04494382022471914, -0.04494382022471914, -0.2535714285714286, -0.08064516129032258, 0.0, 0.0, 0.0, 0.0, 1.0, 0.6649279362905083, 1.0, 0.0, 0.0, 0.0, 0.0, 0.0, 0.0, 0.0]",79360,18005,N1,dismiss,-0.3,ts,2198,1
"[0.24242424242424238, -0.24242424242424238, -0.129287598944591, 0.14634146341463414, -0.019999999999999973, 0.0, 0.0, 0.0, 1.0, 0.7475906702273, 1.0, 0.0, 0.0, 0.0, 0.0, 0.0, 0.0, 0.0]",110035,19599,N1,accept,0.4696969696969696,ts,1377,1
"[0.6818181818181818, -0.6818181818181818, 0.0, 0.09803921568627451, 0.0, 0.0, 0.0, 0.0, 1.0, 0.9160359245826784, 1.0, 0.0, 0.0, 0.0, 0.0, 0.0, 0.0, 0.0]",130670,74186,N3,dismiss,-0.3,ts,1802,1
"[0.375, -0.375, -0.14007003501750862, -0.3789173789173789, -0.2916666666666667, 0.0, 0.0, 0.0, 1.0, 0.6826003628135929, 1.0, 0.0, 0.0, 0.0, 0.0, 0.0, 0.0, 0.0]",182867,81396,N6,dismiss,-0.3,ts,1891,1
"[0.13333333333333333, -0.13333333333333333, 0.0, 0.0, 0.0, 0.0, 0.0, 0.0, 1.0, 0.799343830056226, 1.0, 0.0, 0.0, 0.0, 0.0, 0.0, 0.0, 0.0]",93851,93856,N3,dismiss,-0.3,ts,1364,0
"[0.11111111111111108, -0.11111111111111108, -0.6054363376251789, 1.0, 1.0, 0.0, 0.0, 0.0, 1.0, 0.3534119705686488, 1.0, 0.0, 0.0, 0.0, 0.0, 0.0, 0.0, 0.0]",106727,141766,N3,dismiss,-0.3,ts,2692,1
"[0.47058823529411764, -0.47058823529411764, 0.15384615384615385, 0.0, 0.0, 0.0, 0.0, 0.0, 1.0, 0.8490503635579928, 1.0, 0.0, 0.0, 0.0, 0.0, 0.0, 0.0, 0.0]",156353,18570,N6,dismiss,-0.3,ts,1293,1
"[0.1111111111111112, -0.1111111111111112, -0.5616605616605617, 0.16342412451361868, 0.3, 0.0, 0.0, 0.0, 1.0, 0.5468254204401923, 1.0, 0.0, 0.0, 0.0, 0.0, 0.0, 0.0, 0.0]",130292,174765,N6,dismiss,-0.3,ts,2998,1
"[0.415625, -0.415625, 0.1312500000000001, 0.0, 0.0, 0.0, 0.0, 0.0, 1.0, 0.8422044928641546, 1.0, 0.0, 0.0, 0.0, 0.0, 0.0, 0.0, 0.0]",57061,15139,N3,dismiss,-0.3,ts,2062,1
"[0.415625, -0.415625, 0.1312500000000001, 0.0, 0.0, 0.0, 0.0, 0.0, 1.0, 0.8422044928641546, 1.0, 0.0, 0.0, 0.0, 0.0, 0.0, 0.0, 0.0]",152518,15139,N3,accept,0.5909375,ts,1004,0
"[0.4545454545454546, -0.4545454545454546, -0.29375, -0.0028735632183908046, 0.8333333333333334, 0.0, 0.0, 0.0, 1.0, 0.6867897445125909, 1.0, 0.0, 0.0, 0.0, 0.0, 0.0, 0.0, 0.0]",31966,108828,N1,dismiss,-0.3,ts,1375,1
"[0.25000000000000006, -0.25000000000000006, 0.24608967674661097, -0.17687074829931973, 0.4117647058823529, 0.0, 0.0, 0.0, 1.0, 0.6329883469407463, 1.0, 0.0, 0.0, 0.0, 0.0, 0.0, 0.0, 0.0]",115240,86760,N1,dismiss,-0.3,ts,2007,1
"[0.20000000000000007, -0.20000000000000007, -0.00663349917081258, 0.019943019943019943, -0.5, 0.0, 0.0, 0.0, 1.0, 0.7195090339231701, 1.0, 0.0, 0.0, 0.0, 0.0, 0.0, 0.0, 0.0]",15532,135482,N6,dismiss,-0.3,ts,2212,1
"[0.0555555555555556, -0.0555555555555556, -0.16666666666666666, 0.01764705882352941, 0.13636363636363635, 0.0, 0.0, 0.0, 1.0, 0.6730847801914981, 1.0, 0.0, 0.0, 0.0, 0.0, 0.0, 0.0, 0.0]",123856,107052,N3,accept,0.3388888888888889,ts,2016,0
"[0.2, -0.2, 0.2222222222222222, -0.6008771929824561, 0.25, 0.0, 0.0, 0.0, 1.0, 0.5871437693950083, 1.0, 0.0, 0.0, 0.0, 0.0, 0.0, 0.0, 0.0]",118876,127600,N3,dismiss,-0.3,ts,2639,0
"[0.25, -0.25, -0.24812030075187969, 0.005813953488372093, 0.041666666666666664, 0.0, 0.0, 0.0, 1.0, 0.7476249554836153, 1.0, 0.0, 0.0, 0.0, 0.0, 0.0, 0.0, 0.0]",174773,117045,N3,dismiss,-0.3,ts,481,0
"[0.24999999999999997, -0.24999999999999997, 0.16666666666666666, 0.0, 0.0, 0.0, 0.0, 0.0, 1.0, 0.7828956117024544, 1.0, 0.0, 0.0, 0.0, 0.0, 0.0, 0.0, 0.0]",18305,18309,N1,dismiss,-0.3,ts,2110,1
"[0.6, -0.6, 0.2369212266987373, 0.1686746987951807, 0.3333333333333333, 0.0, 0.0, 0.0, 1.0, 0.7376570190607876, 1.0, 0.0, 0.0, 0.0, 0.0, 0.0, 0.0, 0.0]",52481,29663,N3,dismiss,-0.3,ts,719,0
"[0.475, -0.475, 0.0, 0.3880597014925373, -0.22000000000000003, 0.0, 0.0, 0.0, 1.0, 0.7686942477028985, 1.0, 0.0, 0.0, 0.0, 0.0, 0.0, 0.0, 0.0]",79807,126323,N1,dismiss,-0.3,ts,2836,1
"[0.28476821192052976, -0.28476821192052976, 0.0, -0.021806853582554516, -0.4166666666666667, 0.0, 0.0, 0.0, 1.0, 0.7595229641394782, 1.0, 0.0, 0.0, 0.0, 0.0, 0.0, 0.0, 0.0]",103704,145523,N3,dismiss,-0.3,ts,1988,0
"[0.2941176470588235, -0.2941176470588235, -0.20508744038155807, 0.9354838709677419, 0.58, 0.0, 0.0, 0.0, 1.0, 0.5564807400241625, 1.0, 0.0, 0.0, 0.0, 0.0, 0.0, 0.0, 0.0]",79359,18570,N6,accept,0.5058823529411764,ts,2833,1
"[0.18749999999999997, -0.18749999999999997, -0.06666666666666667, 0.8181818181818182, -0.1, 0.0, 0.0, 0.0, 1.0, 0.6455626802602048, 1.0, 0.0, 0.0, 0.0, 0.0, 0.0, 0.0, 0.0]",63222,114738,N3,accept,0.43124999999999997,ts,2437,0
"[0.9228571428571429, -0.9228571428571429, -0.2761430511543685, 0.09016393442622951, -0.4583333333333333, 0.0, 0.0, 0.0, 1.0, 0.770830210491008, 1.0, 0.0, 0.0, 0.0, 0.0, 0.0, 0.0, 0.0]",81541,128247,N3,dismiss,-0.3,ts,2190,1
"[0.8571428571428572, -0.8571428571428572, 0.0, 0.0, 0.0, 0.0, 0.0, 0.0, 1.0, 0.9644999904246006, 1.0, 0.0, 0.0, 0.0, 0.0, 0.0, 0.0, 0.0]",16649,16650,N3,dismiss,-0.3,ts,1802,0
"[0.3333333333333333, -0.3333333333333333, -0.058823529411764705, -0.08, -0.36, 0.0, 0.0, 0.0, 1.0, 0.7441656491344851, 1.0, 0.0, 0.0, 0.0, 0.0, 0.0, 0.0, 0.0]",40189,40998,N3,dismiss,-0.3,ts,1199,1
"[0.010909090909090839, -0.010909090909090839, -0.7835593220338983, -0.14285714285714285, -0.08333333333333333, 0.0, 0.0, 0.0, 1.0, 0.5355134964909132, 1.0, 0.0, 0.0, 0.0, 0.0, 0.0, 0.0, 0.0]",51122,115323,N3,dismiss,-0.3,ts,2140,0
"[0.20000000000000007, -0.20000000000000007, 0.17909090909090916, -0.10160427807486631, 0.36363636363636365, 0.0, 0.0, 0.0, 1.0, 0.6575173146638584, 1.0, 0.0, 0.0, 0.0, 0.0, 0.0, 0.0, 0.0]",89763,107554,N3,dismiss,-0.3,ts,926,0
"[0.8571428571428572, -0.8571428571428572, 0.03199999999999985, 0.050980392156862744, -0.12000000000000002, 0.0, 0.0, 0.0, 1.0, 0.9055549142837571, 1.0, 0.0, 0.0, 0.0, 0.0, 0.0, 0.0, 0.0]",116982,117029,N3,dismiss,-0.3,ts,2291,1
"[0.5599999999999999, -0.5599999999999999, 0.16440314510364537, 0.34050179211469533, 0.6494845360824744, 0.0, 0.0, 0.0, 1.0, 0.682247008952763, 1.0, 0.0, 0.0, 0.0, 0.0, 0.0, 0.0, 0.0]",185581,162740,N3,accept,0.692,ts,2777,1
"[0.65, -0.65, -0.2793946449359721, -0.02857142857142857, -0.015999999999999945, 0.0, 0.0, 0.0, 1.0, 0.8390483890196441, 1.0, 0.0, 0.0, 0.0, 0.0, 0.0, 0.0, 0.0]",19856,39280,N6,dismiss,-0.3,ts,748,1
"[0.45, -0.45, 0.0003029385034839478, 0.5421245421245421, 0.21739130434782608, 0.0, 0.0, 0.0, 1.0, 0.7447778267558439, 1.0, 0.0, 0.0, 0.0, 0.0, 0.0, 0.0, 0.0]",120787,61314,N3,dismiss,-0.3,ts,1669,1
"[0.25, -0.25, 0.09090909090909091, 0.1, 0.49166666666666653, 0.0, 0.0, 0.0, 1.0, 0.6852588678547423, 1.0, 0.0, 0.0, 0.0, 0.0, 0.0, 0.0, 0.0]",110001,165914,N3,dismiss,-0.3,ts,2294,0
"[0.6097560975609756, -0.6097560975609756, 0.08774474256707766, 0.4117647058823529, 0.08333333333333333, 0.0, 0.0, 0.0, 1.0, 0.7914507604149708, 1.0, 0.0, 0.0, 0.0, 0.0, 0.0, 0.0, 0.0]",141752,90182,N3,dismiss,-0.3,ts,984,1
"[0.20000000000000007, -0.20000000000000007, -0.00663349917081258, 0.019943019943019943, -0.5, 0.0, 0.0, 0.0, 1.0, 0.7195090339231701, 1.0, 0.0, 0.0, 0.0, 0.0, 0.0, 0.0, 0.0]",151840,135481,N3,dismiss,-0.3,ts,2109,0
"[0.5, -0.5, 0.03799999999999997, 0.0, 0.0, 0.0, 0.0, 0.0, 1.0, 0.8941504794086983, 1.0, 0.0, 0.0, 0.0, 0.0, 0.0, 0.0, 0.0]",69946,16718,N3,dismiss,-0.3,ts,2438,1
"[0.85, -0.85, -0.005000000000000071, 0.0, 0.0, 0.0, 0.0, 0.0, 1.0, 0.9617967240690748, 1.0, 0.0, 0.0, 0.0, 0.0, 0.0, 0.0, 0.0]",38018,174748,N3,dismiss,-0.3,ts,2391,0
"[0.5588235294117647, -0.5588235294117647, -0.11351351351351359, 1.0, 0.05555555555555555, 0.0, 0.0, 0.0, 1.0, 0.7150054052193668, 1.0, 0.0, 0.0, 0.0, 0.0, 0.0, 0.0, 0.0]",115299,155668,N3,dismiss,-0.3,ts,2853,1
"[0.2, -0.07, -0.29684601113172543, 0.0, 0.0, 0.0, 0.0, 0.0, 1.0, 0.6866108486748183, 1.0, 0.0, 0.0, 0.0, 0.0, 0.0, 0.0, 0.0]",63919,48992,N3,dismiss,-0.3,ts,1780,0
"[0.35, -0.35, -0.05542857142857136, -0.07650273224043716, 0.0625, 0.0, 0.0, 0.0, 1.0, 0.810494061158219, 1.0, 0.0, 0.0, 0.0, 0.0, 0.0, 0.0, 0.0]",104681,61360,N3,dismiss,-0.3,ts,962,1
"[0.0624999999999999, -0.0624999999999999, -0.4134375, -0.25838926174496646, -0.29411764705882354, 0.0, 0.0, 0.0, 1.0, 0.5336136768150922, 1.0, 0.0, 0.0, 0.0, 0.0, 0.0, 0.0, 0.0]",104963,104466,N3,dismiss,-0.3,ts,2108,0
"[0.16216216216216217, -0.16216216216216217, -0.16666666666666666, 0.08461538461538462, 0.020833333333333447, 0.0, 0.0, 0.0, 1.0, 0.7234709814458078, 1.0, 0.0, 0.0, 0.0, 0.0, 0.0, 0.0, 0.0]",91969,91957,N3,accept,0.4135135135135135,ts,833,0
"[0.28571428571428575, -0.28571428571428575, 0.14285714285714285, 0.0, 0.0, 0.0, 0.0, 0.0, 1.0, 0.8013271435545221, 1.0, 0.0, 0.0, 0.0, 0.0, 0.0, 0.0, 0.0]",18468,60782,N3,accept,0.5,ts,1946,1
"[0.3333333333333333, -0.3333333333333333, -0.36, -0.8966666666666666, -0.9090909090909091, 0.0, 0.0, 0.0, 1.0, 0.5121885165285073, 1.0, 0.0, 0.0, 0.0, 0.0, 0.0, 0.0, 0.0]",41388,40998,N3,dismiss,-0.3,ts,1272,0
"[0.4545454545454546, -0.4545454545454546, -0.4991652754590985, -0.025139664804469275, 1.0, 0.0, 0.0, 0.0, 1.0, 0.6181743451401159, 1.0, 0.0, 0.0, 0.0, 0.0, 0.0, 0.0, 0.0]",135482,107563,N3,accept,0.6181818181818182,ts,1404,1
"[0.47058823529411764, -0.47058823529411764, -0.11764705882352941, -0.1, -0.19999999999999996, 0.0, 0.0, 0.0, 1.0, 0.7834473599029986, 1.0, 0.0, 0.0, 0.0, 0.0, 0.0, 0.0, 0.0]",40189,70937,N3,accept,0.6294117647058823,ts,811,1
"[0.32, -0.32, -0.17941176470588238, -0.2, 0.09999999999999995, 0.0, 0.0, 0.0, 1.0, 0.7246180433810674, 1.0, 0.0, 0.0, 0.0, 0.0, 0.0, 0.0, 0.0]",104417,88339,N3,dismiss,-0.3,ts,1973,1
"[0.25, -0.25, -0.2712688381137579, 0.058419243986254296, -0.6166666666666667, 0.0, 0.0, 0.0, 1.0, 0.6330009259374624, 1.0, 0.0, 0.0, 0.0, 0.0, 0.0, 0.0, 0.0]",29663,115951,N3,dismiss,-0.3,ts,1887,1
"[0.12499999999999988, -0.12499999999999988, 0.1864406779661017, 0.3464566929133858, 0.0, 0.0, 0.0, 0.0, 1.0, 0.65910022537907, 1.0, 0.0, 0.0, 0.0, 0.0, 0.0, 0.0, 0.0]",92706,114737,N3,accept,0.3874999999999999,ts,1597,0
"[0.10000000000000009, -0.10000000000000009, -0.2588235294117647, -0.975, -0.52, 0.0, 0.0, 0.0, 1.0, 0.48076478481180795, 1.0, 0.0, 0.0, 0.0, 0.0, 0.0, 0.0, 0.0]",91074,16650,N3,dismiss,-0.3,ts,2587,0
"[0.8705882352941177, -0.8705882352941177, 0.002506265664160437, 1.0, -0.2, 0.0, 0.0, 0.0, 1.0, 0.7853971569635171, 1.0, 0.0, 0.0, 0.0, 0.0, 0.0, 0.0, 0.0]",58951,169349,N3,dismiss,-0.3,ts,1702,0
"[0.19999999999999996, -0.19999999999999996, -0.18088012139605475, -0.01662049861495845, 0.5942028985507245, 0.0, 0.0, 0.0, 1.0, 0.6529198266549806, 1.0, 0.0, 0.0, 0.0, 0.0, 0.0, 0.0, 0.0]",16971,110893,N3,dismiss,-0.3,ts,1424,0
"[0.20000000000000007, -0.20000000000000007, -0.5004694835680751, -0.028409090909090908, -0.08333333333333333, 0.0, 0.0, 0.0, 1.0, 0.6650221215675229, 1.0, 0.0, 0.0, 0.0, 0.0, 0.0, 0.0, 0.0]",74281,107170,N3,accept,0.44000000000000006,ts,451,1
"[0.09999999999999991, -0.09999999999999991, -0.715307582260372, 0.0, 0.0, 0.0, 0.0, 0.0, 1.0, 0.6350536090371364, 1.0, 0.0, 0.0, 0.0, 0.0, 0.0, 0.0, 0.0]",16689,16809,N3,accept,0.36999999999999994,ts,1007,0
"[0.294478527607362, -0.294478527607362, 0.22798887859128833, -0.025, -0.11392405063291143, 0.0, 0.0, 0.0, 1.0, 0.7426536066065215, 1.0, 0.0, 0.0, 0.0, 0.0, 0.0, 0.0, 0.0]",15663,39517,N3,dismiss,-0.3,ts,530,0
"[0.5636363636363637, -0.5636363636363637, 0.23253903040262944, 0.12753623188405797, 1.0, 0.0, 0.0, 0.0, 1.0, 0.6843183977363809, 1.0, 0.0, 0.0, 0.0, 0.0, 0.0, 0.0, 0.0]",123006,107588,N3,dismiss,-0.3,ts,2282,1
"[0.9352941176470587, -0.9352941176470587, 0.10066666666666677, 0.18258426966292135, 0.5555555555555556, 0.0, 0.0, 0.0, 1.0, 0.7885152997053374, 1.0, 0.0, 0.0, 0.0, 0.0, 0.0, 0.0, 0.0]",138519,61314,N3,dismiss,-0.3,ts,1331,1
"[0.3333333333333333, -0.3333333333333333, -0.33121869782971614, -0.6192893401015228, 0.3076923076923077, 0.0, 0.0, 0.0, 1.0, 0.5931822309375188, 1.0, 0.0, 0.0, 0.0, 0.0, 0.0, 0.0, 0.0]",92082,107861,N3,dismiss,-0.3,ts,2439,1
"[0.8, -0.8, 0.17647058823529413, 0.0, 0.0, 0.0, 0.0, 0.0, 1.0, 0.898937356285638, 1.0, 0.0, 0.0, 0.0, 0.0, 0.0, 0.0, 0.0]",18435,112477,N3,dismiss,-0.3,ts,1161,0
"[0.1111111111111112, -0.1111111111111112, -0.5135678391959799, 0.0, 0.0, 0.0, 0.0, 0.0, 1.0, 0.6628913050757039, 1.0, 0.0, 0.0, 0.0, 0.0, 0.0, 0.0, 0.0]",16809,110501,N3,accept,0.3777777777777778,ts,1941,0
"[0.13333333333333344, -0.13333333333333344, -0.18181818181818182, -0.75, -0.44000000000000006, 0.0, 0.0, 0.0, 1.0, 0.5340595765105035, 1.0, 0.0, 0.0, 0.0, 0.0, 0.0, 0.0, 0.0]",18239,79461,N3,dismiss,-0.3,ts,858,0
"[0.75, -0.75, -0.2602602602602602, 0.0165016501650165, -0.632, 0.0, 0.0, 0.0, 1.0, 0.7586760576708721, 1.0, 0.0, 0.0, 0.0, 0.0, 0.0, 0.0, 0.0]",158417,140660,N3,dismiss,-0.3,ts,1226,0
"[0.25, -0.25, 0.0, 0.0, 0.0, 0.0, 0.0, 0.0, 1.0, 0.8395893495876965, 1.0, 0.0, 0.0, 0.0, 0.0, 0.0, 0.0, 0.0]",117053,117045,N3,dismiss,-0.3,ts,1630,0
"[0.04545454545454549, -0.04545454545454549, -0.0646666666666667, -0.008264462809917356, -0.22727272727272727, 0.0, 0.0, 0.0, 1.0, 0.6855067967400382, 1.0, 0.0, 0.0, 0.0, 0.0, 0.0, 0.0, 0.0]",138639,127487,N3,dismiss,-0.3,ts,2837,0
"[0.3636363636363637, -0.3636363636363637, 0.0, 0.0, 0.0, 0.0, 0.0, 0.0, 1.0, 0.8742764353476687, 1.0, 0.0, 0.0, 0.0, 0.0, 0.0, 0.0, 0.0]",123010,123174,N3,dismiss,-0.3,ts,2123,0
"[0.5833333333333334, -0.5833333333333334, 0.03710575139146568, -0.20212765957446807, -0.08333333333333333, 0.0, 0.0, 0.0, 1.0, 0.8387647714153519, 1.0, 0.0, 0.0, 0.0, 0.0, 0.0, 0.0, 0.0]",63878,16728,N3,dismiss,-0.3,ts,1256,1
"[0.2571428571428572, -0.2571428571428572, 0.0, -0.1005586592178771, 0.14285714285714285, 0.0, 0.0, 0.0, 1.0, 0.777308986794629, 1.0, 0.0, 0.0, 0.0, 0.0, 0.0, 0.0, 0.0]",128281,48548,N3,dismiss,-0.3,ts,1463,0
"[0.5599999999999999, -0.5599999999999999, 0.08267716535433069, 0.36, 1.0, 0.0, 0.0, 0.0, 1.0, 0.6842840609430062, 1.0, 0.0, 0.0, 0.0, 0.0, 0.0, 0.0, 0.0]",185411,89763,N3,accept,0.692,ts,1464,0
"[0.8285714285714286, -0.8285714285714286, -0.522463768115942, 0.68, 0.55, 0.0, 0.0, 0.0, 1.0, 0.6203403653485181, 1.0, 0.0, 0.0, 0.0, 0.0, 0.0, 0.0, 0.0]",71136,170138,N3,dismiss,-0.3,ts,2508,0
"[0.41176470588235287, -0.41176470588235287, -0.15164369034994696, 0.12, 0.24, 0.0, 0.0, 0.0, 1.0, 0.7458609741032868, 1.0, 0.0, 0.0, 0.0, 0.0, 0.0, 0.0, 0.0]",56971,58615,N3,accept,0.588235294117647,ts,421,0
"[0.28571428571428564, -0.28571428571428564, -0.07916181606519221, 0.0, 0.0, 0.0, 0.0, 0.0, 1.0, 0.8217463836304342, 1.0, 0.0, 0.0, 0.0, 0.0, 0.0, 0.0, 0.0]",93923,72622,N3,dismiss,-0.3,ts,2306,1
"[0.4432989690721649, -0.4432989690721649, -0.2631578947368421, -0.08454810495626822, -0.46153846153846156, 0.0, 0.0, 0.0, 1.0, 0.6998256490951412, 1.0, 0.0, 0.0, 0.0, 0.0, 0.0, 0.0, 0.0]",104962,145523,N3,accept,0.6103092783505154,ts,531,1
"[0.2, -0.2, -0.18181818181818182, 0.07122507122507123, 0.0, 0.0, 0.0, 0.0, 1.0, 0.7419415574751954, 1.0, 0.0, 0.0, 0.0, 0.0, 0.0, 0.0, 0.0]",70001,151841,N3,dismiss,-0.3,ts,1708,1
"[0.72, -0.72, 0.14583333333333334, 0.02, 0.06000000000000001, 0.0, 0.0, 0.0, 1.0, 0.8748597557133838, 1.0, 0.0, 0.0, 0.0, 0.0, 0.0, 0.0, 0.0]",135298,81568,N3,dismiss,-0.3,ts,1654,0
"[0.3636363636363637, -0.3636363636363637, 0.0, 0.016713091922005572, 0.15384615384615385, 0.0, 0.0, 0.0, 1.0, 0.8296166021577667, 1.0, 0.0, 0.0, 0.0, 0.0, 0.0, 0.0, 0.0]",123140,123174,N3,dismiss,-0.3,ts,2523,0
"[0.16666666666666663, -0.16666666666666663, 0.07903525046382186, 0.0, 0.0, 0.0, 0.0, 0.0, 1.0, 0.7819875829786701, 1.0, 0.0, 0.0, 0.0, 0.0, 0.0, 0.0, 0.0]",147380,85069,N3,dismiss,-0.3,ts,2053,0
"[0.5288235294117647, -0.5288235294117647, -0.125, -0.48333333333333334, -0.58, 0.0, 0.0, 0.0, 1.0, 0.6748948772215447, 1.0, 0.0, 0.0, 0.0, 0.0, 0.0, 0.0, 0.0]",71734,79360,N3,accept,0.6701764705882353,ts,2982,1
"[0.33333333333333337, -0.33333333333333337, -0.03710575139146568, 0.05263157894736842, 0.20879120879120883, 0.0, 0.0, 0.0, 1.0, 0.7850330737942559, 1.0, 0.0, 0.0, 0.0, 0.0, 0.0, 0.0, 0.0]",63943,49082,N3,dismiss,-0.3,ts,689,0
"[0.2, -0.2, -0.40080160320641284, -0.20642201834862386, 0.8181818181818182, 0.0, 0.0, 0.0, 1.0, 0.5410178170853172, 1.0, 0.0, 0.0, 0.0, 0.0, 0.0, 0.0, 0.0]",185374,158410,N3,dismiss,-0.3,ts,2991,1
"[0.8714285714285714, -0.8714285714285714, -0.15512820512820505, 0.16022099447513813, 0.7222222222222222, 0.0, 0.0, 0.0, 1.0, 0.7567952415809388, 1.0, 0.0, 0.0, 0.0, 0.0, 0.0, 0.0, 0.0]",146678,170138,N3,dismiss,-0.3,ts,2819,1
"[0.3359073359073359, -0.3359073359073359, -0.09102402022755991, -0.3063063063063063, 0.16666666666666666, 0.0, 0.0, 0.0, 1.0, 0.7217689819748582, 1.0, 0.0, 0.0, 0.0, 0.0, 0.0, 0.0, 0.0]",20071,20076,N3,dismiss,-0.3,ts,1243,1
"[0.7058823529411765, -0.7058823529411765, -0.39503932244404116, -0.013201320132013201, -0.25, 0.0, 0.0, 0.0, 1.0, 0.7741361414260987, 1.0, 0.0, 0.0, 0.0, 0.0, 0.0, 0.0, 0.0]",65211,104684,N3,dismiss,-0.3,ts,2031,1
"[0.20000000000000007, -0.20000000000000007, -0.2794444444444444, -0.04, 1.0, 0.0, 0.0, 0.0, 1.0, 0.5760362365604412, 1.0, 0.0, 0.0, 0.0, 0.0, 0.0, 0.0, 0.0]",30082,107458,N3,dismiss,-0.3,ts,759,1
"[0.12162162162162155, -0.12162162162162155, 0.14842300556586271, -0.06303724928366762, -0.2, 0.0, 0.0, 0.0, 1.0, 0.6765208549881594, 1.0, 0.0, 0.0, 0.0, 0.0, 0.0, 0.0, 0.0]",63922,63891,N3,dismiss,-0.3,ts,1645,0
"[0.8714285714285714, -0.8714285714285714, -0.2309859154929577, -0.9770114942528736, -0.9038461538461539, 0.0, 0.0, 0.0, 1.0, 0.6377559530745973, 1.0, 0.0, 0.0, 0.0, 0.0, 0.0, 0.0, 0.0]",91073,16650,N3,dismiss,-0.3,ts,1513,1
"[0.18749999999999997, -0.18749999999999997, -0.4164235097957482, 0.5172413793103449, -0.14285714285714285, 0.0, 0.0, 0.0, 1.0, 0.5715104383342711, 1.0, 0.0, 0.0, 0.0, 0.0, 0.0, 0.0, 0.0]",155856,114738,N3,dismiss,-0.3,ts,431,1
"[0.7171717171717171, -0.7171717171717171, -0.18181818181818182, 0.36, 0.040000000000000036, 0.0, 0.0, 0.0, 1.0, 0.7984142146342929, 1.0, 0.0, 0.0, 0.0, 0.0, 0.0, 0.0, 0.0]",141703,30711,N3,accept,0.8020202020202019,ts,2664,0
"[0.625, -0.625, -0.26509572901325484, -0.014492753623188406, 0.0, 0.0, 0.0, 0.0, 1.0, 0.846930918825258, 1.0, 0.0, 0.0, 0.0, 0.0, 0.0, 0.0, 0.0]",108507,81422,N3,dismiss,-0.3,ts,1247,1
"[0.19999999999999993, -0.19999999999999993, 0.125, 0.0, 0.0, 0.0, 0.0, 0.0, 1.0, 0.7785883097271787, 1.0, 0.0, 0.0, 0.0, 0.0, 0.0, 0.0, 0.0]",75387,18219,N3,dismiss,-0.3,ts,2668,0
"[0.1666666666666666, -0.1666666666666666, 0.0, 0.0, 0.0, 0.0, 0.0, 0.0, 1.0, 0.8112296656009272, 1.0, 0.0, 0.0, 0.0, 0.0, 0.0, 0.0, 0.0]",60788,60783,N3,dismiss,-0.3,ts,2568,0
"[0.41509433962264153, -0.41509433962264153, -0.16666666666666666, -0.11041009463722397, 0.11363636363636363, 0.0, 0.0, 0.0, 1.0, 0.7713320407956605, 1.0, 0.0, 0.0, 0.0, 0.0, 0.0, 0.0, 0.0]",91966,91957,N3,accept,0.590566037735849,ts,2232,1
"[0.13333333333333344, -0.13333333333333344, -0.1, -0.75, -0.44000000000000006, 0.0, 0.0, 0.0, 1.0, 0.5587769414463242, 1.0, 0.0, 0.0, 0.0, 0.0, 0.0, 0.0, 0.0]",70105,79461,N3,dismiss,-0.3,ts,819,0
"[0.022222222222222244, -0.022222222222222244, -0.2781954887218045, 0.2204724409448819, -0.039999999999999945, 0.0, 0.0, 0.0, 1.0, 0.6079667847108523, 1.0, 0.0, 0.0, 0.0, 0.0, 0.0, 0.0, 0.0]",54392,59423,N3,dismiss,-0.3,ts,981,1
"[0.14285714285714285, -0.14285714285714285, -0.13156752062527144, -0.05190311418685121, 0.36363636363636365, 0.0, 0.0, 0.0, 1.0, 0.6641876162143715, 1.0, 0.0, 0.0, 0.0, 0.0, 0.0, 0.0, 0.0]",110153,115289,N3,dismiss,-0.3,ts,3000,0
"[0.11111111111111115, -0.11111111111111115, -0.19748953974895392, 0.4628099173553719, -0.25, 0.0, 0.0, 0.0, 1.0, 0.5764463855064232, 1.0, 0.0, 0.0, 0.0, 0.0, 0.0, 0.0, 0.0]",86760,185391,N3,dismiss,-0.3,ts,2138,1
"[0.8482142857142858, -0.8482142857142858, -0.26666666666666666, 0.0, 0.0, 0.0, 0.0, 0.0, 1.0, 0.8809356397101231, 1.0, 0.0, 0.0, 0.0, 0.0, 0.0, 0.0, 0.0]",18218,41688,N3,accept,0.89375,ts,880,1
"[0.08333333333333322, -0.08333333333333322, 0.0, 0.0, 0.0, 0.0, 0.0, 0.0, 1.0, 0.7810882504428991, 1.0, 0.0, 0.0, 0.0, 0.0, 0.0, 0.0, 0.0]",174745,93864,N3,dismiss,-0.3,ts,1545,0
"[0.9159663865546218, -0.9159663865546218, -0.23143189755529694, -0.028469750889679714, 0.6428571428571429, 0.0, 0.0, 0.0, 1.0, 0.7789586088093096, 1.0, 0.0, 0.0, 0.0, 0.0, 0.0, 0.0, 0.0]",84577,120787,N3,dismiss,-0.3,ts,1995,1
"[0.9249999999999999, -0.9249999999999999, -0.11210057621791517, -0.5882990249187432, 1.0, 0.0, 0.0, 0.0, 1.0, 0.6795543059170069, 1.0, 0.0, 0.0, 0.0, 0.0, 0.0, 0.0, 0.0]",185512,89765,N3,dismiss,-0.3,ts,854,1
"[0.4, -0.28, -0.29684601113172543, 0.0, 0.0, 0.0, 0.0, 0.0, 1.0, 0.759689501888925, 1.0, 0.0, 0.0, 0.0, 0.0, 0.0, 0.0, 0.0]",63873,42569,N3,dismiss,-0.3,ts,732,0
"[0.08333333333333322, -0.08333333333333322, -0.22420480993017847, 0.0, 0.0, 0.0, 0.0, 0.0, 1.0, 0.7088168563584092, 1.0, 0.0, 0.0, 0.0, 0.0, 0.0, 0.0, 0.0]",90178,93864,N3,dismiss,-0.3,ts,1584,1
"[0.20000000000000004, -0.20000000000000004, 0.21428571428571427, -0.75, -0.44000000000000006, 0.0, 0.0, 0.0, 1.0, 0.5488029253936105, 1.0, 0.0, 0.0, 0.0, 0.0, 0.0, 0.0, 0.0]",39150,18334,N3,accept,0.44,ts,2472,0
"[0.4545454545454546, -0.4545454545454546, -0.33569530558015936, 0.0028735632183908046, 0.6666666666666666, 0.0, 0.0, 0.0, 1.0, 0.6890545044054107, 1.0, 0.0, 0.0, 0.0, 0.0, 0.0, 0.0, 0.0]",31973,107563,N3,dismiss,-0.3,ts,1682,1
"[0.6512820512820513, -0.6512820512820513, -0.34, -0.44, -0.039999999999999994, 0.0, 0.0, 0.0, 1.0, 0.7399409974278731, 1.0, 0.0, 0.0, 0.0, 0.0, 0.0, 0.0, 0.0]",135298,66862,N3,dismiss,-0.3,ts,1911,1
"[0.16216216216216217, -0.16216216216216217, -0.16666666666666666, 0.08461538461538462, 0.020833333333333447, 0.0, 0.0, 0.0, 1.0, 0.7234709814458078, 1.0, 0.0, 0.0, 0.0, 0.0, 0.0, 0.0, 0.0]",91969,91957,N3,dismiss,-0.3,ts,1370,0
"[0.20000000000000004, -0.20000000000000004, -0.05555555555555555, -0.75, -0.44000000000000006, 0.0, 0.0, 0.0, 1.0, 0.5974829772502733, 1.0, 0.0, 0.0, 0.0, 0.0, 0.0, 0.0, 0.0]",68609,18334,N3,dismiss,-0.3,ts,756,1
"[0.09090909090909098, -0.09090909090909098, -0.12200000000000003, 0.05, 0.5072463768115941, 0.0, 0.0, 0.0, 1.0, 0.6306922468945472, 1.0, 0.0, 0.0, 0.0, 0.0, 0.0, 0.0, 0.0]",162892,117146,N3,accept,0.36363636363636365,ts,1808,1
"[0.20000000000000007, -0.20000000000000007, -0.00663349917081258, -0.002785515320334262, -0.44, 0.0, 0.0, 0.0, 1.0, 0.7315763827558615, 1.0, 0.0, 0.0, 0.0, 0.0, 0.0, 0.0, 0.0]",29710,135482,N3,dismiss,-0.3,ts,795,1
"[0.20000000000000007, -0.20000000000000007, -0.2508294625082947, -0.008547008547008548, -0.14285714285714285, 0.0, 0.0, 0.0, 1.0, 0.7041124965668473, 1.0, 0.0, 0.0, 0.0, 0.0, 0.0, 0.0, 0.0]",43335,31973,N3,dismiss,-0.3,ts,2806,1
"[0.5, -0.5, -0.2748368382886149, 0.0, 0.0, 0.0, 0.0, 0.0, 1.0, 0.8242148607647296, 1.0, 0.0, 0.0, 0.0, 0.0, 0.0, 0.0, 0.0]",141748,93859,N3,dismiss,-0.3,ts,2994,0
"[0.4444444444444445, -0.4444444444444445, 0.17096774193548378, -0.18, -0.58, 0.0, 0.0, 0.0, 1.0, 0.6894489194008218, 1.0, 0.0, 0.0, 0.0, 0.0, 0.0, 0.0, 0.0]",81420,132873,N3,accept,0.6111111111111112,ts,1445,0
"[0.8571428571428572, -0.8571428571428572, 0.0, 0.28, -0.16, 0.0, 0.0, 0.0, 1.0, 0.8591037055629764, 1.0, 0.0, 0.0, 0.0, 0.0, 0.0, 0.0, 0.0]",174924,174927,N3,accept,0.8999999999999999,ts,1984,1
"[0.16666666666666674, -0.16666666666666674, -0.26833333333333337, -0.25, -0.16666666666666666, 0.0, 0.0, 0.0, 1.0, 0.6266277586717051, 1.0, 0.0, 0.0, 0.0, 0.0, 0.0, 0.0, 0.0]",138518,39429,N3,dismiss,-0.3,ts,922,1
"[0.25, -0.25, -0.24050632911392406, 0.0, -0.005555555555555635, 0.0, 0.0, 0.0, 1.0, 0.7615633265577997, 1.0, 0.0, 0.0, 0.0, 0.0, 0.0, 0.0, 0.0]",183583,165914,N3,dismiss,-0.3,ts,2344,0
"[0.3500000000000001, -0.3500000000000001, 0.0, -0.3611111111111111, 0.043478260869565216, 0.0, 0.0, 0.0, 1.0, 0.7807457601820568, 1.0, 0.0, 0.0, 0.0, 0.0, 0.0, 0.0, 0.0]",110121,48548,N3,dismiss,-0.3,ts,910,0
"[0.8835294117647059, -0.8835294117647059, -0.28114285714285714, 0.033707865168539325, -0.2, 0.0, 0.0, 0.0, 1.0, 0.8217735861101357, 1.0, 0.0, 0.0, 0.0, 0.0, 0.0, 0.0, 0.0]",57653,108025,N3,dismiss,-0.3,ts,2204,1
"[0.5887096774193549, -0.5887096774193549, 0.07140307033202427, -0.22822822822822822, -0.40384615384615385, 0.0, 0.0, 0.0, 1.0, 0.7622837978085156, 1.0, 0.0, 0.0, 0.0, 0.0, 0.0, 0.0, 0.0]",89601,20089,N3,dismiss,-0.3,ts,721,0
"[0.7580645161290323, -0.7580645161290323, 0.08958837772397098, 0.011299435028248588, 0.7910447761194029, 0.0, 0.0, 0.0, 1.0, 0.7980301280766156, 1.0, 0.0, 0.0, 0.0, 0.0, 0.0, 0.0, 0.0]",43382,151849,N3,dismiss,-0.3,ts,811,0
"[0.09999999999999996, -0.09999999999999996, -0.05457142857142847, -0.27325581395348836, 0.1111111111111111, 0.0, 0.0, 0.0, 1.0, 0.6734972243728362, 1.0, 0.0, 0.0, 0.0, 0.0, 0.0, 0.0, 0.0]",104685,104691,N3,dismiss,-0.3,ts,1281,1
"[0.25, -0.25, -0.5940460081190798, -0.0546448087431694, 1.0, 0.0, 0.0, 0.0, 1.0, 0.5370968143236092, 1.0, 0.0, 0.0, 0.0, 0.0, 0.0, 0.0, 0.0]",189368,117045,N3,accept,0.475,ts,2789,0
"[0.24999999999999997, -0.24999999999999997, -0.4147058823529412, 0.0, 0.0, 0.0, 0.0, 0.0, 1.0, 0.726850521859211, 1.0, 0.0, 0.0, 0.0, 0.0, 0.0, 0.0, 0.0]",51609,174748,N3,accept,0.475,ts,2696,0
"[0.2307692307692307, -0.2307692307692307, -0.0625, -0.48333333333333334, -0.38, 0.0, 0.0, 0.0, 1.0, 0.6369417018705579, 1.0, 0.0, 0.0, 0.0, 0.0, 0.0, 0.0, 0.0]",57385,41650,N3,dismiss,-0.3,ts,2885,1
"[0.12499999999999988, -0.12499999999999988, -0.3487776484284052, -0.047058823529411764, 0.2, 0.0, 0.0, 0.0, 1.0, 0.632967816868683, 1.0, 0.0, 0.0, 0.0, 0.0, 0.0, 0.0, 0.0]",93923,135547,N3,dismiss,-0.3,ts,2732,1
"[0.10000000000000007, -0.10000000000000007, 0.06963706107996458, 0.0, 0.0, 0.0, 0.0, 0.0, 1.0, 0.7612191608786749, 1.0, 0.0, 0.0, 0.0, 0.0, 0.0, 0.0, 0.0]",134112,134111,N3,dismiss,-0.3,ts,2970,1
"[0.21875000000000008, -0.21875000000000008, 0.0, -0.9, -0.8363636363636363, 0.0, 0.0, 0.0, 1.0, 0.5821637381151326, 1.0, 0.0, 0.0, 0.0, 0.0, 0.0, 0.0, 0.0]",51061,18359,N3,dismiss,-0.3,ts,1500,1
"[0.09090909090909087, -0.09090909090909087, -0.004823635815496041, 0.1518987341772152, -0.08, 0.0, 0.0, 0.0, 1.0, 0.7204841011799792, 1.0, 0.0, 0.0, 0.0, 0.0, 0.0, 0.0, 0.0]",117335,120787,N3,accept,0.3636363636363636,ts,2059,1
"[0.5636363636363637, -0.5636363636363637, 0.23355263157894735, 0.011594202898550725, 0.6666666666666666, 0.0, 0.0, 0.0, 1.0, 0.7336359872815107, 1.0, 0.0, 0.0, 0.0, 0.0, 0.0, 0.0, 0.0]",123021,107563,N3,dismiss,-0.3,ts,2922,1
"[0.1666666666666667, -0.1666666666666667, -0.28112267994567675, 0.16393442622950818, -0.20833333333333334, 0.0, 0.0, 0.0, 1.0, 0.6321699716450173, 1.0, 0.0, 0.0, 0.0, 0.0, 0.0, 0.0, 0.0]",81541,89666,N3,dismiss,-0.3,ts,2913,1
"[0.589041095890411, -0.589041095890411, -0.5896314803247971, -0.008450704225352112, -0.025000000000000022, 0.0, 0.0, 0.0, 1.0, 0.7787213457066963, 1.0, 0.0, 0.0, 0.0, 0.0, 0.0, 0.0, 0.0]",43388,111012,N3,dismiss,-0.3,ts,671,1
"[0.09090909090909098, -0.09090909090909098, 0.1650000000000001, 0.06402439024390244, -0.8916666666666666, 0.0, 0.0, 0.0, 1.0, 0.5848490209251476, 1.0, 0.0, 0.0, 0.0, 0.0, 0.0, 0.0, 0.0]",162867,189369,N3,dismiss,-0.3,ts,989,1
"[0.14, -0.14, -0.3363636363636364, 0.0, 0.0, 0.0, 0.0, 0.0, 1.0, 0.7038046069838829, 1.0, 0.0, 0.0, 0.0, 0.0, 0.0, 0.0, 0.0]",72620,69993,N3,dismiss,-0.3,ts,2651,0
"[0.25, -0.25, -0.5447647951441579, -0.011428571428571429, 0.10619469026548665, 0.0, 0.0, 0.0, 1.0, 0.6747720676390024, 1.0, 0.0, 0.0, 0.0, 0.0, 0.0, 0.0, 0.0]",16901,117045,N3,dismiss,-0.3,ts,888,0
"[0.20000000000000007, -0.20000000000000007, -0.33657289002557544, -0.04, 1.0, 0.0, 0.0, 0.0, 1.0, 0.5636876947802636, 1.0, 0.0, 0.0, 0.0, 0.0, 0.0, 0.0, 0.0]",88363,107458,N3,accept,0.44000000000000006,ts,1987,1
"[0.6363636363636364, -0.6363636363636364, -0.2700729927007299, 0.0, 0.0, 0.0, 0.0, 0.0, 1.0, 0.8519911280552436, 1.0, 0.0, 0.0, 0.0, 0.0, 0.0, 0.0, 0.0]",141743,51605,N3,accept,0.7454545454545454,ts,712,0
"[0.47058823529411764, -0.47058823529411764, 0.18181818181818182, 0.14, 0.18000000000000002, 0.0, 0.0, 0.0, 1.0, 0.759069863248445, 1.0, 0.0, 0.0, 0.0, 0.0, 0.0, 0.0, 0.0]",18323,37953,N3,dismiss,-0.3,ts,2460,0
"[0.2307692307692307, -0.2307692307692307, 0.0, 1.0, 0.44000000000000006, 0.0, 0.0, 0.0, 1.0, 0.5995560389330946, 1.0, 0.0, 0.0, 0.0, 0.0, 0.0, 0.0, 0.0]",79461,68609,N3,dismiss,-0.3,ts,459,0
"[0.11999999999999993, -0.11999999999999993, 0.03502501786990709, -0.042735042735042736, 0.30434782608695654, 0.0, 0.0, 0.0, 1.0, 0.7003107491312275, 1.0, 0.0, 0.0, 0.0, 0.0, 0.0, 0.0, 0.0]",88671,135543,N3,dismiss,-0.3,ts,2323,1
"[0.7942857142857143, -0.7942857142857143, -0.6694871794871795, 1.0, 1.0, 0.0, 0.0, 0.0, 1.0, 0.5120207454455876, 1.0, 0.0, 0.0, 0.0, 0.0, 0.0, 0.0, 0.0]",174937,90178,N3,dismiss,-0.3,ts,2274,1
"[0.14, -0.14, 0.16819827346143154, 0.0, 0.0, 0.0, 0.0, 0.0, 1.0, 0.7446095810127756, 1.0, 0.0, 0.0, 0.0, 0.0, 0.0, 0.0, 0.0]",72623,79362,N3,dismiss,-0.3,ts,2316,0
"[0.3636363636363637, -0.3636363636363637, -0.0003316749585405642, 0.0, 0.16666666666666666, 0.0, 0.0, 0.0, 1.0, 0.8316235059439039, 1.0, 0.0, 0.0, 0.0, 0.0, 0.0, 0.0, 0.0]",72081,74278,N3,dismiss,-0.3,ts,1040,0
"[0.22222222222222227, -0.22222222222222227, -0.12511332728921135, 0.048, -0.16666666666666666, 0.0, 0.0, 0.0, 1.0, 0.7298523402415078, 1.0, 0.0, 0.0, 0.0, 0.0, 0.0, 0.0, 0.0]",104691,61358,N3,dismiss,-0.3,ts,1600,1
"[0.9137254901960783, -0.9137254901960783, 0.05563282336578581, -0.512987012987013, 0.5714285714285714, 0.0, 0.0, 0.0, 1.0, 0.7502498116940701, 1.0, 0.0, 0.0, 0.0, 0.0, 0.0, 0.0, 0.0]",55377,85794,N3,dismiss,-0.3,ts,2071,1
"[0.02857142857142844, -0.02857142857142844, -0.20152761457109283, -0.008670520231213872, -0.1518987341772152, 0.0, 0.0, 0.0, 1.0, 0.6524855845390131, 1.0, 0.0, 0.0, 0.0, 0.0, 0.0, 0.0, 0.0]",117162,185707,N3,dismiss,-0.3,ts,2274,0
"[0.17714285714285716, -0.17714285714285716, -0.6289424860853432, 0.06007067137809187, 0.1, 0.0, 0.0, 0.0, 1.0, 0.6275879162883932, 1.0, 0.0, 0.0, 0.0, 0.0, 0.0, 0.0, 0.0]",63899,174758,N3,dismiss,-0.3,ts,2736,1
"[0.9357142857142856, -0.9357142857142856, 0.0, -0.42857142857142855, -0.8, 0.0, 0.0, 0.0, 1.0, 0.7654707007374344, 1.0, 0.0, 0.0, 0.0, 0.0, 0.0, 0.0, 0.0]",153856,70105,N3,dismiss,-0.3,ts,2950,1
"[0.5599999999999999, -0.5599999999999999, 0.08267716535433069, 0.36, 1.0, 0.0, 0.0, 0.0, 1.0, 0.6842840609430062, 1.0, 0.0, 0.0, 0.0, 0.0, 0.0, 0.0, 0.0]",185411,89763,N3,dismiss,-0.3,ts,2990,0
"[0.1666666666666667, -0.1666666666666667, 0.2, 0.0, 0.0, 0.0, 0.0, 0.0, 1.0, 0.7452936748080553, 1.0, 0.0, 0.0, 0.0, 0.0, 0.0, 0.0, 0.0]",18364,61090,N3,accept,0.4166666666666667,ts,966,0
"[0.2000000000000001, -0.2000000000000001, 0.1744127936031983, 0.12962962962962962, -0.1, 0.0, 0.0, 0.0, 1.0, 0.7024844421991034, 1.0, 0.0, 0.0, 0.0, 0.0, 0.0, 0.0, 0.0]",146547,83437,N3,dismiss,-0.3,ts,2334,1
"[0.25, -0.25, -0.3834917458729365, -0.001215066828675577, 0.0, 0.0, 0.0, 0.0, 1.0, 0.7321076440419114, 1.0, 0.0, 0.0, 0.0, 0.0, 0.0, 0.0, 0.0]",30337,189231,N3,dismiss,-0.3,ts,1114,1
"[0.25, -0.25, -0.7965986394557822, -0.32338308457711445, -0.984375, 0.0, 0.0, 0.0, 1.0, 0.4797494792776246, 1.0, 0.0, 0.0, 0.0, 0.0, 0.0, 0.0, 0.0]",30574,134921,N3,accept,0.475,ts,1999,1
"[0.19709090909090918, -0.19709090909090918, -0.07324621733149929, 0.0, 0.0, 0.0, 0.0, 0.0, 1.0, 0.7945750109053056, 1.0, 0.0, 0.0, 0.0, 0.0, 0.0, 0.0, 0.0]",85069,63876,N3,dismiss,-0.3,ts,1202,0
"[0.24999999999999992, -0.24999999999999992, 0.19068162208800685, -0.27325581395348836, 0.0, 0.0, 0.0, 0.0, 1.0, 0.7130201955158844, 1.0, 0.0, 0.0, 0.0, 0.0, 0.0, 0.0, 0.0]",73628,71136,N3,dismiss,-0.3,ts,1157,0
"[0.4444444444444445, -0.4444444444444445, 0.158311345646438, -0.7, -0.72, 0.0, 0.0, 0.0, 1.0, 0.6139455672327484, 1.0, 0.0, 0.0, 0.0, 0.0, 0.0, 0.0, 0.0]",145573,110076,N3,dismiss,-0.3,ts,1330,0
"[0.7531428571428572, -0.7531428571428572, -0.05604534005037787, 0.028169014084507043, -0.21052631578947367, 0.0, 0.0, 0.0, 1.0, 0.8717592703986687, 1.0, 0.0, 0.0, 0.0, 0.0, 0.0, 0.0, 0.0]",89666,128284,N3,dismiss,-0.3,ts,447,0
"[0.5367647058823529, -0.5367647058823529, -0.08070175438596489, 0.66, 0.18000000000000002, 0.0, 0.0, 0.0, 1.0, 0.7316375799157532, 1.0, 0.0, 0.0, 0.0, 0.0, 0.0, 0.0, 0.0]",85443,122721,N3,dismiss,-0.3,ts,2122,0
"[0.6, -0.6, 0.031077694235589023, 0.27074235807860264, 0.5, 0.0, 0.0, 0.0, 1.0, 0.7594863057515381, 1.0, 0.0, 0.0, 0.0, 0.0, 0.0, 0.0, 0.0]",185375,29663,N3,dismiss,-0.3,ts,1989,1
"[0.6000000000000001, -0.6000000000000001, 0.1111111111111111, 0.0, 0.0, 0.0, 0.0, 0.0, 1.0, 0.8892219481331178, 1.0, 0.0, 0.0, 0.0, 0.0, 0.0, 0.0, 0.0]",38176,112477,N3,dismiss,-0.3,ts,1162,0
"[0.4444444444444445, -0.4444444444444445, 0.21404682274247488, -0.6984126984126984, -0.58, 0.0, 0.0, 0.0, 1.0, 0.610175897468082, 1.0, 0.0, 0.0, 0.0, 0.0, 0.0, 0.0, 0.0]",19676,132873,N3,dismiss,-0.3,ts,1039,0
"[0.14285714285714285, -0.14285714285714285, -0.2756606397774688, 0.022900763358778626, -0.16666666666666666, 0.0, 0.0, 0.0, 1.0, 0.668768270250411, 1.0, 0.0, 0.0, 0.0, 0.0, 0.0, 0.0, 0.0]",110096,116359,N3,dismiss,-0.3,ts,2207,1
"[0.20000000000000007, -0.20000000000000007, 0.2185128983308041, 0.022857142857142857, -0.1447368421052631, 0.0, 0.0, 0.0, 1.0, 0.7076149613275927, 1.0, 0.0, 0.0, 0.0, 0.0, 0.0, 0.0, 0.0]",43097,93935,N3,dismiss,-0.3,ts,2198,0
"[0.20000000000000007, -0.20000000000000007, 0.09090909090909091, -0.019943019943019943, -0.17857142857142858, 0.0, 0.0, 0.0, 1.0, 0.7386644578940104, 1.0, 0.0, 0.0, 0.0, 0.0, 0.0, 0.0, 0.0]",151838,31972,N3,dismiss,-0.3,ts,1753,0
"[0.20000000000000007, -0.20000000000000007, -0.166, -0.04519774011299435, -0.07692307692307693, 0.0, 0.0, 0.0, 1.0, 0.7319716778110991, 1.0, 0.0, 0.0, 0.0, 0.0, 0.0, 0.0, 0.0]",108842,108746,N3,dismiss,-0.3,ts,1728,1
"[0.12499999999999988, -0.12499999999999988, -0.06666666666666667, 0.4132231404958678, 0.0, 0.0, 0.0, 0.0, 1.0, 0.6870082097314609, 1.0, 0.0, 0.0, 0.0, 0.0, 0.0, 0.0, 0.0]",63222,114737,N3,dismiss,-0.3,ts,2066,1
"[0.4444444444444445, -0.4444444444444445, 0.22284122562674097, -0.7678571428571429, -0.58, 0.0, 0.0, 0.0, 1.0, 0.6030913596283243, 1.0, 0.0, 0.0, 0.0, 0.0, 0.0, 0.0, 0.0]",63093,110076,N3,dismiss,-0.3,ts,864,0
"[0.3636363636363637, -0.3636363636363637, 0.0, 0.061046511627906974, 0.0, 0.0, 0.0, 0.0, 1.0, 0.8570363402900383, 1.0, 0.0, 0.0, 0.0, 0.0, 0.0, 0.0, 0.0]",123043,123174,N3,accept,0.5545454545454546,ts,1600,0
"[0.9074285714285715, -0.9074285714285715, 0.006926952141057898, -0.06338028169014084, -0.3157894736842105, 0.0, 0.0, 0.0, 1.0, 0.8783172077941633, 1.0, 0.0, 0.0, 0.0, 0.0, 0.0, 0.0, 0.0]",89666,128247,N3,dismiss,-0.3,ts,2383,0
"[0.75, -0.75, -0.6668888888888889, -0.22613065326633167, -0.7212121212121212, 0.0, 0.0, 0.0, 1.0, 0.6359025683153481, 1.0, 0.0, 0.0, 0.0, 0.0, 0.0, 0.0, 0.0]",69112,115951,N3,dismiss,-0.3,ts,842,1
"[0.02500000000000002, -0.02500000000000002, 0.0, -0.12, -0.039999999999999994, 0.0, 0.0, 0.0, 1.0, 0.715832239057246, 1.0, 0.0, 0.0, 0.0, 0.0, 0.0, 0.0, 0.0]",18064,62503,N3,dismiss,-0.3,ts,2078,0
"[0.25, -0.25, -0.7618745035742652, -0.23383084577114427, -0.7125, 0.0, 0.0, 0.0, 1.0, 0.513214126945347, 1.0, 0.0, 0.0, 0.0, 0.0, 0.0, 0.0, 0.0]",127415,115951,N3,dismiss,-0.3,ts,1833,1
"[0.0918918918918919, -0.0918918918918919, -0.03710575139146568, -0.14040114613180515, -0.26666666666666666, 0.0, 0.0, 0.0, 1.0, 0.6712115067671794, 1.0, 0.0, 0.0, 0.0, 0.0, 0.0, 0.0, 0.0]",63922,16734,N3,dismiss,-0.3,ts,838,1
"[0.11627906976744183, -0.11627906976744183, 0.0, -0.14759036144578314, -0.09090909090909091, 0.0, 0.0, 0.0, 1.0, 0.7298902829852456, 1.0, 0.0, 0.0, 0.0, 0.0, 0.0, 0.0, 0.0]",40740,38840,N3,dismiss,-0.3,ts,1075,1
"[0.3636363636363637, -0.3636363636363637, 0.0027777777777778173, -0.017142857142857144, 1.0, 0.0, 0.0, 0.0, 1.0, 0.7185981528177577, 1.0, 0.0, 0.0, 0.0, 0.0, 0.0, 0.0, 0.0]",30105,123439,N3,accept,0.5545454545454546,ts,947,0
"[0.51875, -0.51875, 0.0, -0.26865671641791045, -0.28, 0.0, 0.0, 0.0, 1.0, 0.7862360488599839, 1.0, 0.0, 0.0, 0.0, 0.0, 0.0, 0.0, 0.0]",79807,122718,N3,dismiss,-0.3,ts,2490,1
"[0.13953488372093023, -0.13953488372093023, 0.2, -0.21686746987951808, -0.12727272727272732, 0.0, 0.0, 0.0, 1.0, 0.6491415867196744, 1.0, 0.0, 0.0, 0.0, 0.0, 0.0, 0.0, 0.0]",40740,91969,N3,dismiss,-0.3,ts,2342,0
"[0.3333333333333333, -0.3333333333333333, 0.1646341463414636, -0.09803921568627451, 0.05263157894736842, 0.0, 0.0, 0.0, 1.0, 0.7677245916395002, 1.0, 0.0, 0.0, 0.0, 0.0, 0.0, 0.0, 0.0]",155668,146668,N3,dismiss,-0.3,ts,2960,1
"[0.375, -0.375, 0.1629802095459837, -0.02857142857142857, -0.015999999999999945, 0.0, 0.0, 0.0, 1.0, 0.8087691028352987, 1.0, 0.0, 0.0, 0.0, 0.0, 0.0, 0.0, 0.0]",19856,71092,N3,dismiss,-0.3,ts,2899,0
"[0.11999999999999993, -0.11999999999999993, 0.1, -0.00847457627118644, 0.07692307692307693, 0.0, 0.0, 0.0, 1.0, 0.7343560069584029, 1.0, 0.0, 0.0, 0.0, 0.0, 0.0, 0.0, 0.0]",108827,162722,N3,dismiss,-0.3,ts,1954,1
"[0.296, -0.296, 0.2, -0.02824858757062147, -0.07692307692307693, 0.0, 0.0, 0.0, 1.0, 0.7586736054128009, 1.0, 0.0, 0.0, 0.0, 0.0, 0.0, 0.0, 0.0]",108784,31975,N3,dismiss,-0.3,ts,2314,1
"[0.2941176470588236, -0.2941176470588236, 0.0, 1.0, 0.48, 0.0, 0.0, 0.0, 1.0, 0.6188615559348754, 1.0, 0.0, 0.0, 0.0, 0.0, 0.0, 0.0, 0.0]",51575,50956,N3,accept,0.5058823529411764,ts,620,0
"[0.09090909090909098, -0.09090909090909098, -0.20200000000000004, 0.075, 0.7391304347826086, 0.0, 0.0, 0.0, 1.0, 0.5807212711570711, 1.0, 0.0, 0.0, 0.0, 0.0, 0.0, 0.0, 0.0]",162892,174773,N3,accept,0.36363636363636365,ts,2165,1
"[0.20000000000000007, -0.20000000000000007, -0.00663349917081258, -0.011049723756906077, -0.36363636363636365, 0.0, 0.0, 0.0, 1.0, 0.7393974828154807, 1.0, 0.0, 0.0, 0.0, 0.0, 0.0, 0.0, 0.0]",174793,135481,N3,dismiss,-0.3,ts,2301,0
"[0.36000000000000004, -0.36000000000000004, -0.4794794794794795, -0.5260869565217391, 0.3684210526315789, 0.0, 0.0, 0.0, 1.0, 0.5740754538673325, 1.0, 0.0, 0.0, 0.0, 0.0, 0.0, 0.0, 0.0]",191334,169893,N3,dismiss,-0.3,ts,2145,1
"[0.25, -0.25, 0.2124062031015508, 0.001215066828675577, 0.0, 0.0, 0.0, 0.0, 1.0, 0.7700037600548302, 1.0, 0.0, 0.0, 0.0, 0.0, 0.0, 0.0, 0.0]",30337,15457,N3,dismiss,-0.3,ts,1297,0
"[0.3333333333333333, -0.3333333333333333, -0.08333333333333333, 0.18181818181818182, 0.11731843575419003, 0.0, 0.0, 0.0, 1.0, 0.7577259206367224, 1.0, 0.0, 0.0, 0.0, 0.0, 0.0, 0.0, 0.0]",165914,127600,N3,accept,0.5333333333333333,ts,1350,0
"[0.14, -0.14, -0.3363636363636364, 0.0, 0.0, 0.0, 0.0, 0.0, 1.0, 0.7038046069838829, 1.0, 0.0, 0.0, 0.0, 0.0, 0.0, 0.0, 0.0]",72620,69993,N3,accept,0.398,ts,1344,0
"[0.47058823529411764, -0.47058823529411764, 0.07142857142857142, 0.0, 0.0, 0.0, 0.0, 0.0, 1.0, 0.8753976473896923, 1.0, 0.0, 0.0, 0.0, 0.0, 0.0, 0.0, 0.0]",51616,70937,N3,dismiss,-0.3,ts,2100,1
"[0.07368421052631577, -0.07368421052631577, -0.0029910269192422096, -0.28205128205128205, -0.15999999999999998, 0.0, 0.0, 0.0, 1.0, 0.6705796921838537, 1.0, 0.0, 0.0, 0.0, 0.0, 0.0, 0.0, 0.0]",86978,80033,N3,dismiss,-0.3,ts,569,1
"[0.0384615384615385, -0.0384615384615385, 0.22897483118477596, 0.02976190476190476, 0.05999999999999996, 0.0, 0.0, 0.0, 1.0, 0.6652929903136966, 1.0, 0.0, 0.0, 0.0, 0.0, 0.0, 0.0, 0.0]",143094,87100,N3,dismiss,-0.3,ts,1611,0
"[0.5454545454545454, -0.5454545454545454, -0.008000000000000007, -0.8403908794788274, -0.5, 0.0, 0.0, 0.0, 1.0, 0.6984613948531551, 1.0, 0.0, 0.0, 0.0, 0.0, 0.0, 0.0, 0.0]",69980,94324,N3,dismiss,-0.3,ts,2742,0
"[0.2941176470588236, -0.2941176470588236, 0.0, 1.0, 0.22000000000000003, 0.0, 0.0, 0.0, 1.0, 0.6533578724024277, 1.0, 0.0, 0.0, 0.0, 0.0, 0.0, 0.0, 0.0]",51572,50956,N3,dismiss,-0.3,ts,807,0
"[0.4545454545454546, -0.4545454545454546, -0.6264009962640099, 0.08659217877094973, 1.0, 0.0, 0.0, 0.0, 1.0, 0.5821510349609894, 1.0, 0.0, 0.0, 0.0, 0.0, 0.0, 0.0, 0.0]",93936,107588,N3,accept,0.6181818181818182,ts,477,1
"[0.24999999999999997, -0.24999999999999997, 0.0, 0.0, 0.0, 0.0, 0.0, 0.0, 1.0, 0.8395893495876965, 1.0, 0.0, 0.0, 0.0, 0.0, 0.0, 0.0, 0.0]",51138,70105,N3,dismiss,-0.3,ts,1786,1
"[0.2222222222222223, -0.2222222222222223, -0.3853564547206166, 0.0, 0.0, 0.0, 0.0, 0.0, 1.0, 0.7229148042941707, 1.0, 0.0, 0.0, 0.0, 0.0, 0.0, 0.0, 0.0]",125880,113424,N3,dismiss,-0.3,ts,1268,1
"[0.3411764705882352, -0.3411764705882352, -0.18181818181818182, 0.12280701754385964, -0.05999999999999996, 0.0, 0.0, 0.0, 1.0, 0.7572302206998678, 1.0, 0.0, 0.0, 0.0, 0.0, 0.0, 0.0, 0.0]",87407,30711,N3,accept,0.5388235294117646,ts,2601,1
"[0.89375, -0.89375, -0.6666666666666666, -0.9, -0.8363636363636363, 0.0, 0.0, 0.0, 1.0, 0.5736299861111783, 1.0, 0.0, 0.0, 0.0, 0.0, 0.0, 0.0, 0.0]",18218,29449,N3,dismiss,-0.3,ts,1709,1
"[0.625, -0.625, 0.0026755852842809983, 0.7803468208092486, -0.54, 0.0, 0.0, 0.0, 1.0, 0.7148883874284145, 1.0, 0.0, 0.0, 0.0, 0.0, 0.0, 0.0, 0.0]",158410,115951,N3,dismiss,-0.3,ts,758,0
"[0.16326530612244894, -0.16326530612244894, 0.0, -0.02601156069364162, -0.4117647058823529, 0.0, 0.0, 0.0, 1.0, 0.7182572044369081, 1.0, 0.0, 0.0, 0.0, 0.0, 0.0, 0.0, 0.0]",63901,63915,N3,dismiss,-0.3,ts,2776,0
"[0.7787610619469026, -0.7787610619469026, 0.0027855153203343017, 0.008450704225352112, 0.3333333333333333, 0.0, 0.0, 0.0, 1.0, 0.8793064268333981, 1.0, 0.0, 0.0, 0.0, 0.0, 0.0, 0.0, 0.0]",143110,151849,N3,dismiss,-0.3,ts,2274,1
"[0.20000000000000007, -0.20000000000000007, 0.2, -0.01694915254237288, -0.07692307692307693, 0.0, 0.0, 0.0, 1.0, 0.7305032209505417, 1.0, 0.0, 0.0, 0.0, 0.0, 0.0, 0.0, 0.0]",108743,31966,N3,dismiss,-0.3,ts,2457,1
"[0.7647058823529411, -0.7647058823529411, -0.001512401693890026, -0.09900990099009901, -0.041666666666666664, 0.0, 0.0, 0.0, 1.0, 0.9146500027499721, 1.0, 0.0, 0.0, 0.0, 0.0, 0.0, 0.0, 0.0]",65211,120787,N3,dismiss,-0.3,ts,2845,1
"[0.72, -0.72, -0.2654424040066778, -0.28888888888888886, -0.11999999999999997, 0.0, 0.0, 0.0, 1.0, 0.7680824282523034, 1.0, 0.0, 0.0, 0.0, 0.0, 0.0, 0.0, 0.0]",33289,125786,N3,dismiss,-0.3,ts,2300,0
"[0.3000000000000001, -0.3000000000000001, -0.528957528957529, 0.0, 0.0, 0.0, 0.0, 0.0, 1.0, 0.7249105321469098, 1.0, 0.0, 0.0, 0.0, 0.0, 0.0, 0.0, 0.0]",85444,85446,N3,dismiss,-0.3,ts,2966,0
"[0.5636363636363637, -0.5636363636363637, -0.20886075949367092, -0.019662921348314606, 0.6666666666666666, 0.0, 0.0, 0.0, 1.0, 0.7376361352801102, 1.0, 0.0, 0.0, 0.0, 0.0, 0.0, 0.0, 0.0]",116201,107563,N3,accept,0.6945454545454546,ts,1410,1
"[0.2777777777777778, -0.2777777777777778, -0.0009066183136899708, -0.46178343949044587, 0.4166666666666667, 0.0, 0.0, 0.0, 1.0, 0.6729220701152996, 1.0, 0.0, 0.0, 0.0, 0.0, 0.0, 0.0, 0.0]",104690,61360,N3,dismiss,-0.3,ts,1766,1
"[0.14285714285714288, -0.14285714285714288, 0.06235565819861427, -0.13793103448275862, -0.047619047619047616, 0.0, 0.0, 0.0, 1.0, 0.7295276906658968, 1.0, 0.0, 0.0, 0.0, 0.0, 0.0, 0.0, 0.0]",144702,71136,N3,dismiss,-0.3,ts,584,0
"[0.5636363636363637, -0.5636363636363637, 0.15368421052631587, -0.019662921348314606, 1.0, 0.0, 0.0, 0.0, 1.0, 0.7148739042100718, 1.0, 0.0, 0.0, 0.0, 0.0, 0.0, 0.0, 0.0]",107747,108839,N3,accept,0.6945454545454546,ts,722,1
"[0.5, -0.5, 0.0, 0.0, 0.0, 0.0, 0.0, 0.0, 1.0, 0.9087872380968218, 1.0, 0.0, 0.0, 0.0, 0.0, 0.0, 0.0, 0.0]",60782,60783,N3,accept,0.6499999999999999,ts,543,0
"[0.727, -0.727, -0.2361111111111111, 0.08, -0.020000000000000018, 0.0, 0.0, 0.0, 1.0, 0.845928108532502, 1.0, 0.0, 0.0, 0.0, 0.0, 0.0, 0.0, 0.0]",30621,81568,N3,dismiss,-0.3,ts,2996,1
"[0.16666666666666666, -0.16666666666666666, -0.49, -0.45226130653266333, -0.45454545454545453, 0.0, 0.0, 0.0, 1.0, 0.5074356917332821, 1.0, 0.0, 0.0, 0.0, 0.0, 0.0, 0.0, 0.0]",69112,164355,N3,dismiss,-0.3,ts,2961,1
"[0.7580645161290323, -0.7580645161290323, -0.33358015549796377, -0.002785515320334262, 0.3333333333333333, 0.0, 0.0, 0.0, 1.0, 0.7821705282138429, 1.0, 0.0, 0.0, 0.0, 0.0, 0.0, 0.0, 0.0]",85287,151849,N3,dismiss,-0.3,ts,2960,0
"[0.8482142857142858, -0.8482142857142858, -0.42857142857142855, 0.0, 0.0, 0.0, 0.0, 0.0, 1.0, 0.8484809649435068, 1.0, 0.0, 0.0, 0.0, 0.0, 0.0, 0.0, 0.0]",164512,75387,N3,dismiss,-0.3,ts,1665,1
"[0.7500000000000001, -0.7500000000000001, 0.0, 0.0, 0.0, 0.0, 0.0, 0.0, 1.0, 0.9523252675504453, 1.0, 0.0, 0.0, 0.0, 0.0, 0.0, 0.0, 0.0]",141769,141765,N3,dismiss,-0.3,ts,1528,1
"[0.25, -0.25, 0.0, -0.005747126436781609, -0.16666666666666666, 0.0, 0.0, 0.0, 1.0, 0.7953547792253595, 1.0, 0.0, 0.0, 0.0, 0.0, 0.0, 0.0, 0.0]",117105,117045,N3,dismiss,-0.3,ts,1695,0
"[0.20000000000000007, -0.20000000000000007, -0.20398009950248752, -0.04178272980501393, -0.11538461538461539, 0.0, 0.0, 0.0, 1.0, 0.7128922519591585, 1.0, 0.0, 0.0, 0.0, 0.0, 0.0, 0.0, 0.0]",43372,31972,N3,dismiss,-0.3,ts,710,1
"[0.1666666666666667, -0.1666666666666667, -0.13333333333333333, -0.3, -0.16, 0.0, 0.0, 0.0, 1.0, 0.6556594342490147, 1.0, 0.0, 0.0, 0.0, 0.0, 0.0, 0.0, 0.0]",18490,156539,N3,accept,0.4166666666666667,ts,1809,0
"[0.24999999999999994, -0.24999999999999994, -0.21244309559939312, 0.0, 0.0, 0.0, 0.0, 0.0, 1.0, 0.7703581884115928, 1.0, 0.0, 0.0, 0.0, 0.0, 0.0, 0.0, 0.0]",19865,125880,N3,dismiss,-0.3,ts,537,1
"[0.14285714285714285, -0.14285714285714285, 0.13333333333333333, 1.0, -0.23809523809523808, 0.0, 0.0, 0.0, 1.0, 0.5596889746063702, 1.0, 0.0, 0.0, 0.0, 0.0, 0.0, 0.0, 0.0]",175348,113825,N3,dismiss,-0.3,ts,1498,0
"[0.1666666666666667, -0.1666666666666667, -0.13333333333333333, -0.3, -0.16, 0.0, 0.0, 0.0, 1.0, 0.6556594342490147, 1.0, 0.0, 0.0, 0.0, 0.0, 0.0, 0.0, 0.0]",18490,156539,N3,dismiss,-0.3,ts,1350,0
"[0.9598214285714286, -0.9598214285714286, 0.2222222222222222, -0.6, -0.6363636363636364, 0.0, 0.0, 0.0, 1.0, 0.6888361719661423, 1.0, 0.0, 0.0, 0.0, 0.0, 0.0, 0.0, 0.0]",51061,50956,N3,dismiss,-0.3,ts,421,1
"[0.13846153846153844, -0.13846153846153844, -0.04767580452920143, 0.009259259259259259, 0.14285714285714285, 0.0, 0.0, 0.0, 1.0, 0.7429691792392996, 1.0, 0.0, 0.0, 0.0, 0.0, 0.0, 0.0, 0.0]",78130,115245,N3,dismiss,-0.3,ts,1480,1
"[0.6897727272727272, -0.6897727272727272, -0.5409015025041736, -0.3333333333333333, -0.020000000000000018, 0.0, 0.0, 0.0, 1.0, 0.7328702945514091, 1.0, 0.0, 0.0, 0.0, 0.0, 0.0, 0.0, 0.0]",17805,81568,N3,dismiss,-0.3,ts,2908,1
"[0.25, -0.25, -0.045979564637938695, -0.02768166089965398, 0.07692307692307693, 0.0, 0.0, 0.0, 1.0, 0.7925496229619686, 1.0, 0.0, 0.0, 0.0, 0.0, 0.0, 0.0, 0.0]",179677,21089,N3,dismiss,-0.3,ts,1091,1
"[0.8705882352941177, -0.8705882352941177, -0.42857142857142855, 1.0, -0.42857142857142855, 0.0, 0.0, 0.0, 1.0, 0.6144162966974241, 1.0, 0.0, 0.0, 0.0, 0.0, 0.0, 0.0, 0.0]",104680,169349,N3,dismiss,-0.3,ts,2316,1
"[0.11999999999999993, -0.11999999999999993, -0.050632911392405104, -0.005633802816901409, 0.16666666666666666, 0.0, 0.0, 0.0, 1.0, 0.7310578147927574, 1.0, 0.0, 0.0, 0.0, 0.0, 0.0, 0.0, 0.0]",109421,87721,N3,accept,0.38399999999999995,ts,2370,1
"[0.0666666666666666, -0.0666666666666666, 0.23592419664927214, 0.0045662100456621, 0.0, 0.0, 0.0, 0.0, 1.0, 0.6983229887866603, 1.0, 0.0, 0.0, 0.0, 0.0, 0.0, 0.0, 0.0]",127690,170134,N3,dismiss,-0.3,ts,1821,0
"[0.02500000000000002, -0.02500000000000002, -0.33110367892976583, -0.18, -0.039999999999999994, 0.0, 0.0, 0.0, 1.0, 0.6056318521821138, 1.0, 0.0, 0.0, 0.0, 0.0, 0.0, 0.0, 0.0]",54434,62503,N3,dismiss,-0.3,ts,1007,0
"[0.0624999999999999, -0.0624999999999999, -0.4134375, -0.25838926174496646, -0.29411764705882354, 0.0, 0.0, 0.0, 1.0, 0.5336136768150922, 1.0, 0.0, 0.0, 0.0, 0.0, 0.0, 0.0, 0.0]",104963,104466,N3,dismiss,-0.3,ts,2921,0
"[0.8571428571428572, -0.8571428571428572, 0.0, 0.0, 0.0, 0.0, 0.0, 0.0, 1.0, 0.9644999904246006, 1.0, 0.0, 0.0, 0.0, 0.0, 0.0, 0.0, 0.0]",16649,16650,N3,dismiss,-0.3,ts,2127,0
"[0.7999999999999999, -0.7999999999999999, -0.24200000000000002, -0.11666666666666667, -0.18181818181818182, 0.0, 0.0, 0.0, 1.0, 0.8047313163458458, 1.0, 0.0, 0.0, 0.0, 0.0, 0.0, 0.0, 0.0]",69947,48992,N3,dismiss,-0.3,ts,914,1
"[0.11999999999999993, -0.11999999999999993, 0.13031914893617028, 0.008547008547008548, -0.07142857142857142, 0.0, 0.0, 0.0, 1.0, 0.7261215069432068, 1.0, 0.0, 0.0, 0.0, 0.0, 0.0, 0.0, 0.0]",130440,108741,N3,dismiss,-0.3,ts,782,1
"[0.30769230769230776, -0.30769230769230776, -0.10013531799729371, 0.372972972972973, 0.019999999999999928, 0.0, 0.0, 0.0, 1.0, 0.7367973902440537, 1.0, 0.0, 0.0, 0.0, 0.0, 0.0, 0.0, 0.0]",175208,54392,N3,accept,0.5153846153846154,ts,718,1
"[0.18750000000000003, -0.18750000000000003, -0.058823529411764705, 1.0, 0.44000000000000006, 0.0, 0.0, 0.0, 1.0, 0.5626333454400778, 1.0, 0.0, 0.0, 0.0, 0.0, 0.0, 0.0, 0.0]",18334,57385,N3,dismiss,-0.3,ts,596,1
"[0.2, -0.2, 0.21706864564007414, 0.6601941747572816, 0.5490196078431374, 0.0, 0.0, 0.0, 1.0, 0.5424762137879036, 1.0, 0.0, 0.0, 0.0, 0.0, 0.0, 0.0, 0.0]",117087,15178,N3,dismiss,-0.3,ts,2772,0
"[0.06666666666666672, -0.06666666666666672, 0.17231075697211162, 0.06349206349206349, -0.038461538461538464, 0.0, 0.0, 0.0, 1.0, 0.6876209994895951, 1.0, 0.0, 0.0, 0.0, 0.0, 0.0, 0.0, 0.0]",170958,87090,N3,dismiss,-0.3,ts,931,1
"[0.02500000000000002, -0.02500000000000002, -0.1863303498779495, 0.02, -0.07999999999999999, 0.0, 0.0, 0.0, 1.0, 0.6690903795112921, 1.0, 0.0, 0.0, 0.0, 0.0, 0.0, 0.0, 0.0]",130426,62540,N3,dismiss,-0.3,ts,941,1
"[0.22784810126582283, -0.22784810126582283, 0.2310654685494223, -0.0987012987012987, 0.298507462686567, 0.0, 0.0, 0.0, 1.0, 0.6639494779334293, 1.0, 0.0, 0.0, 0.0, 0.0, 0.0, 0.0, 0.0]",43373,54573,N3,dismiss,-0.3,ts,1902,0
"[0.21951219512195116, -0.21951219512195116, -0.2748368382886149, 0.35294117647058826, 0.0, 0.0, 0.0, 0.0, 1.0, 0.668944328965123, 1.0, 0.0, 0.0, 0.0, 0.0, 0.0, 0.0, 0.0]",141752,93854,N3,dismiss,-0.3,ts,2739,1
"[0.8785714285714287, -0.8785714285714287, -0.10714285714285714, 0.0, 0.0, 0.0, 0.0, 0.0, 1.0, 0.9279860594677921, 1.0, 0.0, 0.0, 0.0, 0.0, 0.0, 0.0, 0.0]",164512,82489,N3,dismiss,-0.3,ts,442,0
"[0.06086956521739117, -0.06086956521739117, 0.1509433962264151, -0.002849002849002849, 0.07142857142857142, 0.0, 0.0, 0.0, 1.0, 0.6998266361785278, 1.0, 0.0, 0.0, 0.0, 0.0, 0.0, 0.0, 0.0]",39517,15687,N3,dismiss,-0.3,ts,2422,0
"[0.20000000000000007, -0.20000000000000007, -0.006303915063039193, 0.019943019943019943, -0.5, 0.0, 0.0, 0.0, 1.0, 0.7196391729676981, 1.0, 0.0, 0.0, 0.0, 0.0, 0.0, 0.0, 0.0]",43335,135481,N3,dismiss,-0.3,ts,1330,1
"[0.6000000000000001, -0.6000000000000001, 0.1111111111111111, 1.0, 1.0, 0.0, 0.0, 0.0, 1.0, 0.5953401686575794, 1.0, 0.0, 0.0, 0.0, 0.0, 0.0, 0.0, 0.0]",38174,112477,N3,dismiss,-0.3,ts,1840,0
"[0.25, -0.25, -0.5708154506437768, -0.008595988538681949, 1.0, 0.0, 0.0, 0.0, 1.0, 0.5525921765486778, 1.0, 0.0, 0.0, 0.0, 0.0, 0.0, 0.0, 0.0]",189369,117045,N3,dismiss,-0.3,ts,456,0
"[0.076923076923077, -0.076923076923077, 0.0, 0.0, 0.0, 0.0, 0.0, 0.0, 1.0, 0.7787188164556538, 1.0, 0.0, 0.0, 0.0, 0.0, 0.0, 0.0, 0.0]",93861,174758,N3,dismiss,-0.3,ts,2004,0
"[0.8530612244897959, -0.8530612244897959, -0.49268668206312544, 0.4482758620689655, 0.47619047619047616, 0.0, 0.0, 0.0, 1.0, 0.6578232997225838, 1.0, 0.0, 0.0, 0.0, 0.0, 0.0, 0.0, 0.0]",144702,170138,N3,accept,0.897142857142857,ts,2695,0
"[0.14285714285714288, -0.14285714285714288, -0.06508135168961204, -0.2978723404255319, 0.08, 0.0, 0.0, 0.0, 1.0, 0.6888511237474559, 1.0, 0.0, 0.0, 0.0, 0.0, 0.0, 0.0, 0.0]",158420,20077,N3,dismiss,-0.3,ts,2775,0
"[0.030303030303030328, -0.030303030303030328, -0.3734335839598998, 0.06153846153846154, -0.14285714285714285, 0.0, 0.0, 0.0, 1.0, 0.6014765009872357, 1.0, 0.0, 0.0, 0.0, 0.0, 0.0, 0.0, 0.0]",90175,93854,N3,dismiss,-0.3,ts,459,1
"[0.3359073359073359, -0.3359073359073359, 0.0589101620029455, -0.3042168674698795, 0.21739130434782608, 0.0, 0.0, 0.0, 1.0, 0.7227993957339441, 1.0, 0.0, 0.0, 0.0, 0.0, 0.0, 0.0, 0.0]",61096,20076,N3,dismiss,-0.3,ts,1794,1
"[0.9357142857142856, -0.9357142857142856, 0.1, -0.42857142857142855, -0.8, 0.0, 0.0, 0.0, 1.0, 0.7292168513530308, 1.0, 0.0, 0.0, 0.0, 0.0, 0.0, 0.0, 0.0]",153856,18239,N3,dismiss,-0.3,ts,1567,0
"[0.25000000000000006, -0.25000000000000006, -0.003178928247048151, 0.13617021276595745, 0.07142857142857142, 0.0, 0.0, 0.0, 1.0, 0.7825927395205098, 1.0, 0.0, 0.0, 0.0, 0.0, 0.0, 0.0, 0.0]",156584,39429,N3,accept,0.475,ts,1115,1
"[0.2222222222222223, -0.2222222222222223, 0.11131725417439703, 0.08529411764705883, 0.10400000000000005, 0.0, 0.0, 0.0, 1.0, 0.7387660108640149, 1.0, 0.0, 0.0, 0.0, 0.0, 0.0, 0.0, 0.0]",123848,76847,N3,dismiss,-0.3,ts,1356,0
"[0.19999999999999993, -0.19999999999999993, 0.0, -0.5102040816326531, 0.25999999999999995, 0.0, 0.0, 0.0, 1.0, 0.6660734035981001, 1.0, 0.0, 0.0, 0.0, 0.0, 0.0, 0.0, 0.0]",41169,41870,N3,dismiss,-0.3,ts,2221,1
"[0.3142857142857143, -0.3142857142857143, -0.43762441937624424, -0.011396011396011397, 0.5714285714285714, 0.0, 0.0, 0.0, 1.0, 0.6376457195707799, 1.0, 0.0, 0.0, 0.0, 0.0, 0.0, 0.0, 0.0]",74278,108828,N3,accept,0.52,ts,1614,1
"[0.47058823529411764, -0.47058823529411764, 0.07142857142857142, -0.5081967213114754, 0.06000000000000001, 0.0, 0.0, 0.0, 1.0, 0.7627203820740563, 1.0, 0.0, 0.0, 0.0, 0.0, 0.0, 0.0, 0.0]",118798,70937,N3,dismiss,-0.3,ts,865,1
"[0.18749999999999997, -0.18749999999999997, -0.06666666666666667, 0.8181818181818182, -0.1, 0.0, 0.0, 0.0, 1.0, 0.6455626802602048, 1.0, 0.0, 0.0, 0.0, 0.0, 0.0, 0.0, 0.0]",63222,114738,N3,dismiss,-0.3,ts,1911,0
"[0.2941176470588236, -0.2941176470588236, 0.0, 1.0, 0.22000000000000003, 0.0, 0.0, 0.0, 1.0, 0.6533578724024277, 1.0, 0.0, 0.0, 0.0, 0.0, 0.0, 0.0, 0.0]",51572,50956,N3,dismiss,-0.3,ts,966,0
"[0.5, -0.5, -0.8650904033379694, -0.17027863777089783, -0.1, 0.0, 0.0, 0.0, 1.0, 0.6737533899518656, 1.0, 0.0, 0.0, 0.0, 0.0, 0.0, 0.0, 0.0]",87863,117029,N3,accept,0.6499999999999999,ts,2538,1
"[0.20000000000000007, -0.20000000000000007, -0.148664013644116, -0.002785515320334262, -0.4166666666666667, 0.0, 0.0, 0.0, 1.0, 0.6857446159292632, 1.0, 0.0, 0.0, 0.0, 0.0, 0.0, 0.0, 0.0]",43361,135481,N3,dismiss,-0.3,ts,2200,1
"[0.25, -0.25, -0.18823529411764706, 0.0, 0.0, 0.0, 0.0, 0.0, 1.0, 0.7768452100027552, 1.0, 0.0, 0.0, 0.0, 0.0, 0.0, 0.0, 0.0]",113825,87177,N3,dismiss,-0.3,ts,2732,0
"[0.11458333333333333, -0.11458333333333333, 0.0, -0.6041131105398457, -0.8083333333333332, 0.0, 0.0, 0.0, 1.0, 0.5671434991422036, 1.0, 0.0, 0.0, 0.0, 0.0, 0.0, 0.0, 0.0]",107588,142262,N3,dismiss,-0.3,ts,2503,0
"[0.47058823529411764, -0.47058823529411764, 0.15384615384615385, 1.0, 0.6599999999999999, 0.0, 0.0, 0.0, 1.0, 0.5943309476945812, 1.0, 0.0, 0.0, 0.0, 0.0, 0.0, 0.0, 0.0]",37982,133969,N3,dismiss,-0.3,ts,2837,0
"[0.3382352941176471, -0.3382352941176471, -0.3671817512877116, 0.026239067055393587, 0.1641791044776119, 0.0, 0.0, 0.0, 1.0, 0.7132792099227282, 1.0, 0.0, 0.0, 0.0, 0.0, 0.0, 0.0, 0.0]",185707,105899,N3,accept,0.5367647058823529,ts,1029,1
"[0.25, -0.25, -0.3992490613266584, 0.4463276836158192, -0.14893617021276598, 0.0, 0.0, 0.0, 1.0, 0.6023846409737187, 1.0, 0.0, 0.0, 0.0, 0.0, 0.0, 0.0, 0.0]",158428,75984,N3,dismiss,-0.3,ts,940,1
"[0.648, -0.648, 0.12880765883376852, 0.20863309352517986, 1.0, 0.0, 0.0, 0.0, 1.0, 0.693548136379965, 1.0, 0.0, 0.0, 0.0, 0.0, 0.0, 0.0, 0.0]",185577,107554,N3,dismiss,-0.3,ts,1612,1
"[0.5, -0.5, 0.14336917562724016, -0.1926605504587156, -0.45999999999999996, 0.0, 0.0, 0.0, 1.0, 0.7207415459493114, 1.0, 0.0, 0.0, 0.0, 0.0, 0.0, 0.0, 0.0]",19612,19600,N3,dismiss,-0.3,ts,2275,1
"[0.25, -0.25, -0.24050632911392406, 0.0, -0.005555555555555635, 0.0, 0.0, 0.0, 1.0, 0.7615633265577997, 1.0, 0.0, 0.0, 0.0, 0.0, 0.0, 0.0, 0.0]",183583,165914,N3,dismiss,-0.3,ts,1736,0
"[0.5, -0.5, 0.16940211019929666, 1.0, 1.0, 0.0, 0.0, 0.0, 1.0, 0.551317768005183, 1.0, 0.0, 0.0, 0.0, 0.0, 0.0, 0.0, 0.0]",147129,86748,N3,dismiss,-0.3,ts,473,1
"[0.20000000000000007, -0.20000000000000007, 0.09090909090909091, -0.019943019943019943, -0.17857142857142858, 0.0, 0.0, 0.0, 1.0, 0.7386644578940104, 1.0, 0.0, 0.0, 0.0, 0.0, 0.0, 0.0, 0.0]",70002,31972,N3,accept,0.44000000000000006,ts,2611,0
"[0.07692307692307684, -0.07692307692307684, -0.1872881355932203, 0.4411764705882353, -0.2916666666666667, 0.0, 0.0, 0.0, 1.0, 0.5620114161518501, 1.0, 0.0, 0.0, 0.0, 0.0, 0.0, 0.0, 0.0]",92709,115240,N3,accept,0.35384615384615375,ts,466,0
"[0.583011583011583, -0.583011583011583, -0.6460176991150443, -0.057057057057057055, -0.4166666666666667, 0.0, 0.0, 0.0, 1.0, 0.6798708732176819, 1.0, 0.0, 0.0, 0.0, 0.0, 0.0, 0.0, 0.0]",20071,145523,N3,dismiss,-0.3,ts,2018,1
"[0.20000000000000007, -0.20000000000000007, -0.2932707355242567, -0.011363636363636364, 0.0, 0.0, 0.0, 0.0, 1.0, 0.7307070622096635, 1.0, 0.0, 0.0, 0.0, 0.0, 0.0, 0.0, 0.0]",74281,31973,N3,accept,0.44000000000000006,ts,2482,1
"[0.6666666666666667, -0.6666666666666667, 0.23277737490935468, 0.0, 0.0, 0.0, 0.0, 0.0, 1.0, 0.8659558877868416, 1.0, 0.0, 0.0, 0.0, 0.0, 0.0, 0.0, 0.0]",141751,56398,N3,dismiss,-0.3,ts,854,0
"[0.4444444444444445, -0.4444444444444445, 0.10401459854014582, -0.54, -0.6, 0.0, 0.0, 0.0, 1.0, 0.6542508615673612, 1.0, 0.0, 0.0, 0.0, 0.0, 0.0, 0.0, 0.0]",169353,132873,N3,dismiss,-0.3,ts,1702,0
"[0.35714285714285715, -0.35714285714285715, -0.474457429048414, 0.19161676646706588, 0.18, 0.0, 0.0, 0.0, 1.0, 0.6567659345869298, 1.0, 0.0, 0.0, 0.0, 0.0, 0.0, 0.0, 0.0]",44189,130324,N3,dismiss,-0.3,ts,1454,0
"[0.09090909090909098, -0.09090909090909098, 0.2, 1.0, 1.0, 0.0, 0.0, 0.0, 1.0, 0.4290865272691109, 1.0, 0.0, 0.0, 0.0, 0.0, 0.0, 0.0, 0.0]",142264,151841,N3,dismiss,-0.3,ts,610,0
"[0.2045454545454546, -0.2045454545454546, -0.24931506849315063, -0.019553072625698324, 1.0, 0.0, 0.0, 0.0, 1.0, 0.605028229497204, 1.0, 0.0, 0.0, 0.0, 0.0, 0.0, 0.0, 0.0]",93935,74278,N3,accept,0.44318181818181823,ts,2818,1
"[0.3636363636363637, -0.3636363636363637, 0.0, 0.016713091922005572, 0.15384615384615385, 0.0, 0.0, 0.0, 1.0, 0.8296166021577667, 1.0, 0.0, 0.0, 0.0, 0.0, 0.0, 0.0, 0.0]",123551,123174,N3,dismiss,-0.3,ts,2118,0
"[0.5599999999999999, -0.5599999999999999, 0.07219442458899213, 0.46236559139784944, 1.0, 0.0, 0.0, 0.0, 1.0, 0.6604562608065969, 1.0, 0.0, 0.0, 0.0, 0.0, 0.0, 0.0, 0.0]",185581,89764,N3,dismiss,-0.3,ts,2284,1
"[0.3235294117647059, -0.3235294117647059, -0.13114754098360656, -0.027700831024930747, -0.2222222222222222, 0.0, 0.0, 0.0, 1.0, 0.7545679795264808, 1.0, 0.0, 0.0, 0.0, 0.0, 0.0, 0.0, 0.0]",15685,39517,N3,dismiss,-0.3,ts,1311,1
"[0.17647058823529416, -0.17647058823529416, 0.16218749999999993, 0.0, 0.0, 0.0, 0.0, 0.0, 1.0, 0.7592687673659294, 1.0, 0.0, 0.0, 0.0, 0.0, 0.0, 0.0, 0.0]",56819,55412,N3,dismiss,-0.3,ts,2740,1
"[0.2, -0.2, -0.1442857142857143, -0.5430711610486891, 0.26666666666666666, 0.0, 0.0, 0.0, 1.0, 0.6113191439651465, 1.0, 0.0, 0.0, 0.0, 0.0, 0.0, 0.0, 0.0]",57653,185524,N3,dismiss,-0.3,ts,2315,1
"[0.05882352941176463, -0.05882352941176463, 0.0703125, 0.0, 0.0, 0.0, 0.0, 0.0, 1.0, 0.7457647664151278, 1.0, 0.0, 0.0, 0.0, 0.0, 0.0, 0.0, 0.0]",56819,29519,N3,dismiss,-0.3,ts,2766,1
"[0.4962962962962963, -0.4962962962962963, -0.15, 0.0, 0.0, 0.0, 0.0, 0.0, 1.0, 0.8561193652923813, 1.0, 0.0, 0.0, 0.0, 0.0, 0.0, 0.0, 0.0]",135207,18279,N3,dismiss,-0.3,ts,1939,1
"[0.9075630252100839, -0.9075630252100839, -0.11641443538998836, -0.46619217081850534, 0.5714285714285714, 0.0, 0.0, 0.0, 1.0, 0.7345120612475466, 1.0, 0.0, 0.0, 0.0, 0.0, 0.0, 0.0, 0.0]",84577,85794,N3,dismiss,-0.3,ts,2578,1
"[0.7448979591836735, -0.7448979591836735, 0.11098779134295228, 0.02278481012658228, 0.3333333333333333, 0.0, 0.0, 0.0, 1.0, 0.832178543356735, 1.0, 0.0, 0.0, 0.0, 0.0, 0.0, 0.0, 0.0]",155693,170191,N3,dismiss,-0.3,ts,749,1
"[0.18367346938775517, -0.18367346938775517, -0.27090084251458196, -0.012345679012345678, -0.1, 0.0, 0.0, 0.0, 1.0, 0.7026772642784128, 1.0, 0.0, 0.0, 0.0, 0.0, 0.0, 0.0, 0.0]",135548,141632,N3,dismiss,-0.3,ts,2878,1
"[0.09090909090909098, -0.09090909090909098, -0.20200000000000004, 0.0029154518950437317, 0.09090909090909091, 0.0, 0.0, 0.0, 1.0, 0.6916008331746771, 1.0, 0.0, 0.0, 0.0, 0.0, 0.0, 0.0, 0.0]",162866,174773,N3,dismiss,-0.3,ts,2630,1
"[0.09999999999999998, -0.09999999999999998, 0.0027855153203343017, -0.020172910662824207, 0.13636363636363635, 0.0, 0.0, 0.0, 1.0, 0.7443737934329575, 1.0, 0.0, 0.0, 0.0, 0.0, 0.0, 0.0, 0.0]",82377,123852,N3,dismiss,-0.3,ts,506,0
"[0.5, -0.5, 0.058823529411764705, -0.88, -0.7272727272727273, 0.0, 0.0, 0.0, 1.0, 0.6474218926144715, 1.0, 0.0, 0.0, 0.0, 0.0, 0.0, 0.0, 0.0]",18435,38174,N3,accept,0.6499999999999999,ts,2896,1
"[0.018181818181818195, -0.018181818181818195, -0.20784224841341783, 0.0, 0.0, 0.0, 0.0, 0.0, 1.0, 0.6887941787705715, 1.0, 0.0, 0.0, 0.0, 0.0, 0.0, 0.0, 0.0]",16660,147468,N3,dismiss,-0.3,ts,2591,0
"[0.24242424242424238, -0.24242424242424238, -0.12539184952978058, 0.0, 0.05999999999999996, 0.0, 0.0, 0.0, 1.0, 0.7757794539884737, 1.0, 0.0, 0.0, 0.0, 0.0, 0.0, 0.0, 0.0]",182863,19612,N3,dismiss,-0.3,ts,1641,1
"[0.20000000000000004, -0.20000000000000004, -0.562962962962963, -0.4816326530612245, 0.1111111111111111, 0.0, 0.0, 0.0, 1.0, 0.5650558633972106, 1.0, 0.0, 0.0, 0.0, 0.0, 0.0, 0.0, 0.0]",127333,92706,N3,dismiss,-0.3,ts,1959,1
"[0.19999999999999993, -0.19999999999999993, -0.25, -0.8833333333333333, -0.7454545454545454, 0.0, 0.0, 0.0, 1.0, 0.5035447216368699, 1.0, 0.0, 0.0, 0.0, 0.0, 0.0, 0.0, 0.0]",126074,18330,N3,dismiss,-0.3,ts,1736,0
"[0.5714285714285715, -0.5714285714285715, -0.4379562043795621, 0.36231884057971014, 0.2, 0.0, 0.0, 0.0, 1.0, 0.6802150555006949, 1.0, 0.0, 0.0, 0.0, 0.0, 0.0, 0.0, 0.0]",16680,63878,N3,dismiss,-0.3,ts,623,1
"[0.12500000000000006, -0.12500000000000006, 0.0, -0.2896825396825397, -0.08695652173913043, 0.0, 0.0, 0.0, 1.0, 0.7064268910671658, 1.0, 0.0, 0.0, 0.0, 0.0, 0.0, 0.0, 0.0]",125913,128281,N3,accept,0.3875,ts,2291,1
"[0.20000000000000007, -0.20000000000000007, 0.09090909090909091, -0.019943019943019943, -0.17857142857142858, 0.0, 0.0, 0.0, 1.0, 0.7386644578940104, 1.0, 0.0, 0.0, 0.0, 0.0, 0.0, 0.0, 0.0]",151838,31972,N3,dismiss,-0.3,ts,2891,0
"[0.8714285714285714, -0.8714285714285714, -0.15512820512820505, 0.16022099447513813, 0.7222222222222222, 0.0, 0.0, 0.0, 1.0, 0.7567952415809388, 1.0, 0.0, 0.0, 0.0, 0.0, 0.0, 0.0, 0.0]",146678,170138,N3,accept,0.9099999999999999,ts,1791,0
"[0.85, -0.85, -0.10999999999999996, 0.0, 0.0, 0.0, 0.0, 0.0, 1.0, 0.9242905169117369, 1.0, 0.0, 0.0, 0.0, 0.0, 0.0, 0.0, 0.0]",37946,90167,N3,accept,0.895,ts,1115,1
"[0.7295454545454546, -0.7295454545454546, 0.0, -0.29411764705882354, -0.1, 0.0, 0.0, 0.0, 1.0, 0.8557177694773167, 1.0, 0.0, 0.0, 0.0, 0.0, 0.0, 0.0, 0.0]",130670,189308,N3,dismiss,-0.3,ts,1156,1
"[0.25, -0.25, -0.4962393721386527, -0.001215066828675577, 0.0, 0.0, 0.0, 0.0, 1.0, 0.7133566296965045, 1.0, 0.0, 0.0, 0.0, 0.0, 0.0, 0.0, 0.0]",75083,189231,N3,dismiss,-0.3,ts,1640,1
"[0.12499999999999988, -0.12499999999999988, -0.054054054054054106, -0.22448979591836735, 0.05555555555555555, 0.0, 0.0, 0.0, 1.0, 0.7058071783698976, 1.0, 0.0, 0.0, 0.0, 0.0, 0.0, 0.0, 0.0]",155975,180524,N3,dismiss,-0.3,ts,742,1
"[0.2307692307692307, -0.2307692307692307, -0.2222222222222222, 1.0, 0.44000000000000006, 0.0, 0.0, 0.0, 1.0, 0.5277921166190855, 1.0, 0.0, 0.0, 0.0, 0.0, 0.0, 0.0, 0.0]",79461,39150,N3,dismiss,-0.3,ts,1722,1
"[0.29999999999999993, -0.29999999999999993, 0.24505928853754932, 0.1377245508982036, -0.05, 0.0, 0.0, 0.0, 1.0, 0.7275957762182046, 1.0, 0.0, 0.0, 0.0, 0.0, 0.0, 0.0, 0.0]",81498,180524,N3,dismiss,-0.3,ts,2353,0
"[0.8457142857142858, -0.8457142857142858, -0.4004, 0.2066115702479339, -0.38524590163934425, 0.0, 0.0, 0.0, 1.0, 0.7217914381017857, 1.0, 0.0, 0.0, 0.0, 0.0, 0.0, 0.0, 0.0]",81542,128284,N3,accept,0.8919999999999999,ts,562,1
"[0.20000000000000007, -0.20000000000000007, -0.13397860417727964, 0.0, 0.0, 0.0, 0.0, 0.0, 1.0, 0.7758162558060495, 1.0, 0.0, 0.0, 0.0, 0.0, 0.0, 0.0, 0.0]",90181,115238,N3,dismiss,-0.3,ts,1678,1
"[0.5599999999999999, -0.5599999999999999, -0.6914095079232694, 0.06333333333333334, 0.2727272727272727, 0.0, 0.0, 0.0, 1.0, 0.6907171718528463, 1.0, 0.0, 0.0, 0.0, 0.0, 0.0, 0.0, 0.0]",63869,130294,N3,dismiss,-0.3,ts,2563,1
"[0.6136363636363636, -0.6136363636363636, -0.5, -0.5612535612535613, -0.6714285714285715, 0.0, 0.0, 0.0, 1.0, 0.5930881927447275, 1.0, 0.0, 0.0, 0.0, 0.0, 0.0, 0.0, 0.0]",15534,142262,N3,dismiss,-0.3,ts,1176,1
"[0.014492753623188259, -0.014492753623188259, 0.211283185840708, -0.26, 0.0, 0.0, 0.0, 0.0, 1.0, 0.6256845598961668, 1.0, 0.0, 0.0, 0.0, 0.0, 0.0, 0.0, 0.0]",79808,77265,N3,dismiss,-0.3,ts,1189,0
"[0.18367346938775517, -0.18367346938775517, 0.15695387915623885, 0.04938271604938271, -0.2, 0.0, 0.0, 0.0, 1.0, 0.6997447192288843, 1.0, 0.0, 0.0, 0.0, 0.0, 0.0, 0.0, 0.0]",135547,74215,N3,dismiss,-0.3,ts,2010,1
"[0.2045454545454546, -0.2045454545454546, -0.75093399750934, 0.019553072625698324, 1.0, 0.0, 0.0, 0.0, 1.0, 0.5241459203603409, 1.0, 0.0, 0.0, 0.0, 0.0, 0.0, 0.0, 0.0]",93936,123174,N3,dismiss,-0.3,ts,2957,0
"[0.2, -0.07, -0.29684601113172543, 0.0, 0.0, 0.0, 0.0, 0.0, 1.0, 0.6866108486748183, 1.0, 0.0, 0.0, 0.0, 0.0, 0.0, 0.0, 0.0]",63919,48992,N3,dismiss,-0.3,ts,1873,0
"[0.6029411764705882, -0.6029411764705882, 0.1111111111111111, -0.2, -0.44000000000000006, 0.0, 0.0, 0.0, 1.0, 0.7525227377576363, 1.0, 0.0, 0.0, 0.0, 0.0, 0.0, 0.0, 0.0]",167076,155816,N3,dismiss,-0.3,ts,2085,1
"[0.25, -0.25, 0.09090909090909091, 0.1, 0.49166666666666653, 0.0, 0.0, 0.0, 1.0, 0.6852588678547423, 1.0, 0.0, 0.0, 0.0, 0.0, 0.0, 0.0, 0.0]",110001,165914,N3,dismiss,-0.3,ts,437,0
"[0.25, -0.25, -0.24812030075187969, 0.005813953488372093, 0.041666666666666664, 0.0, 0.0, 0.0, 1.0, 0.7476249554836153, 1.0, 0.0, 0.0, 0.0, 0.0, 0.0, 0.0, 0.0]",174772,117045,N3,dismiss,-0.3,ts,2548,0
"[0.1666666666666667, -0.1666666666666667, -0.13333333333333333, -0.04, -0.039999999999999994, 0.0, 0.0, 0.0, 1.0, 0.7413502371898478, 1.0, 0.0, 0.0, 0.0, 0.0, 0.0, 0.0, 0.0]",40383,156539,N3,accept,0.4166666666666667,ts,1892,0
"[0.604, -0.604, -0.49629629629629635, -0.4588235294117647, -0.3684210526315789, 0.0, 0.0, 0.0, 1.0, 0.6356367491076025, 1.0, 0.0, 0.0, 0.0, 0.0, 0.0, 0.0, 0.0]",115396,108025,N3,dismiss,-0.3,ts,2378,0
"[0.09090909090909098, -0.09090909090909098, -0.4600811907983762, -0.1462140992167102, -0.2769230769230769, 0.0, 0.0, 0.0, 1.0, 0.5617496096857657, 1.0, 0.0, 0.0, 0.0, 0.0, 0.0, 0.0, 0.0]",30022,82380,N3,dismiss,-0.3,ts,429,1
"[0.19999999999999993, -0.19999999999999993, -0.1875, 0.0, 0.0, 0.0, 0.0, 0.0, 1.0, 0.7602860088710922, 1.0, 0.0, 0.0, 0.0, 0.0, 0.0, 0.0, 0.0]",73358,117926,N3,dismiss,-0.3,ts,1840,0
"[0.2857142857142857, -0.2857142857142857, -0.16666666666666666, -0.48333333333333334, -0.38, 0.0, 0.0, 0.0, 1.0, 0.6215402245940977, 1.0, 0.0, 0.0, 0.0, 0.0, 0.0, 0.0, 0.0]",50807,41650,N3,dismiss,-0.3,ts,1601,1
"[0.5707070707070706, -0.5707070707070706, 0.0, -0.1, 0.1, 0.0, 0.0, 0.0, 1.0, 0.8691748323312947, 1.0, 0.0, 0.0, 0.0, 0.0, 0.0, 0.0, 0.0]",141703,87406,N3,dismiss,-0.3,ts,2424,1
"[0.5, -0.5, -0.14827758362456328, -0.5066666666666667, -0.9294117647058824, 0.0, 0.0, 0.0, 1.0, 0.6352915843236493, 1.0, 0.0, 0.0, 0.0, 0.0, 0.0, 0.0, 0.0]",107861,147129,N3,accept,0.6499999999999999,ts,1260,1
"[0.03846153846153842, -0.03846153846153842, 0.0, 0.0, 0.0, 0.0, 0.0, 0.0, 1.0, 0.7644070962643087, 1.0, 0.0, 0.0, 0.0, 0.0, 0.0, 0.0, 0.0]",48548,51122,N3,accept,0.32692307692307687,ts,2070,0
"[0.22999999999999998, -0.22999999999999998, 0.2222222222222222, 0.34, 0.019999999999999973, 0.0, 0.0, 0.0, 1.0, 0.681330505789588, 1.0, 0.0, 0.0, 0.0, 0.0, 0.0, 0.0, 0.0]",30621,122719,N3,dismiss,-0.3,ts,963,1
"[0.13333333333333333, -0.13333333333333333, 0.0, 0.0, 0.0, 0.0, 0.0, 0.0, 1.0, 0.799343830056226, 1.0, 0.0, 0.0, 0.0, 0.0, 0.0, 0.0, 0.0]",93851,93856,N3,dismiss,-0.3,ts,2487,0
"[0.18749999999999997, -0.18749999999999997, -0.4164235097957482, 0.5172413793103449, -0.14285714285714285, 0.0, 0.0, 0.0, 1.0, 0.5715104383342711, 1.0, 0.0, 0.0, 0.0, 0.0, 0.0, 0.0, 0.0]",155856,114738,N3,accept,0.43124999999999997,ts,1761,1
"[0.1111111111111112, -0.1111111111111112, -0.5135678391959799, 0.0, 0.0, 0.0, 0.0, 0.0, 1.0, 0.6628913050757039, 1.0, 0.0, 0.0, 0.0, 0.0, 0.0, 0.0, 0.0]",16809,110501,N3,dismiss,-0.3,ts,1154,0
"[0.19999999999999993, -0.19999999999999993, 0.125, 0.0, 0.0, 0.0, 0.0, 0.0, 1.0, 0.7785883097271787, 1.0, 0.0, 0.0, 0.0, 0.0, 0.0, 0.0, 0.0]",75387,18219,N3,dismiss,-0.3,ts,2020,0
"[0.4444444444444445, -0.4444444444444445, -0.3970988213961923, 0.792, 0.3333333333333333, 0.0, 0.0, 0.0, 1.0, 0.5938699726603562, 1.0, 0.0, 0.0, 0.0, 0.0, 0.0, 0.0, 0.0]",104691,86748,N3,accept,0.6111111111111112,ts,2521,1
"[0.164, -0.164, -0.6836, -0.1, 0.088, 0.0, 0.0, 0.0, 1.0, 0.6098549356396384, 1.0, 0.0, 0.0, 0.0, 0.0, 0.0, 0.0, 0.0]",85224,134716,N3,dismiss,-0.3,ts,1790,0
"[0.18181818181818185, -0.18181818181818185, -0.4273333333333333, -0.10185185185185185, -0.16666666666666666, 0.0, 0.0, 0.0, 1.0, 0.6314604801885487, 1.0, 0.0, 0.0, 0.0, 0.0, 0.0, 0.0, 0.0]",56406,139804,N3,dismiss,-0.3,ts,1077,1
"[0.604, -0.604, -0.49629629629629635, -0.4588235294117647, -0.3684210526315789, 0.0, 0.0, 0.0, 1.0, 0.6356367491076025, 1.0, 0.0, 0.0, 0.0, 0.0, 0.0, 0.0, 0.0]",115396,108025,N3,dismiss,-0.3,ts,702,0
"[0.6375, -0.6375, 0.0, -0.02158273381294964, 0.0, 0.0, 0.0, 0.0, 1.0, 0.9293128096864788, 1.0, 0.0, 0.0, 0.0, 0.0, 0.0, 0.0, 0.0]",85325,40258,N3,dismiss,-0.3,ts,461,0
"[0.36571428571428577, -0.36571428571428577, 0.2005012531328321, 0.06333333333333334, 0.2727272727272727, 0.0, 0.0, 0.0, 1.0, 0.7278827034687902, 1.0, 0.0, 0.0, 0.0, 0.0, 0.0, 0.0, 0.0]",174761,63924,N3,dismiss,-0.3,ts,1701,0
"[0.6875, -0.6875, -0.3485838779956427, -0.24233983286908078, -0.9137931034482759, 0.0, 0.0, 0.0, 1.0, 0.6597054011690147, 1.0, 0.0, 0.0, 0.0, 0.0, 0.0, 0.0, 0.0]",158412,134921,N3,dismiss,-0.3,ts,496,1
"[0.16666666666666663, -0.16666666666666663, 0.11098779134295228, -0.11282051282051282, -0.020000000000000018, 0.0, 0.0, 0.0, 1.0, 0.7352357426409654, 1.0, 0.0, 0.0, 0.0, 0.0, 0.0, 0.0, 0.0]",83435,87100,N3,dismiss,-0.3,ts,738,0
"[0.5798319327731092, -0.5798319327731092, 0.0, -0.3015267175572519, 0.28, 0.0, 0.0, 0.0, 1.0, 0.7930636298360115, 1.0, 0.0, 0.0, 0.0, 0.0, 0.0, 0.0, 0.0]",104682,104681,N3,dismiss,-0.3,ts,1854,1
"[0.12499999999999988, -0.12499999999999988, -0.28928665438273227, 0.15789473684210525, -0.05263157894736842, 0.0, 0.0, 0.0, 1.0, 0.6528679345437123, 1.0, 0.0, 0.0, 0.0, 0.0, 0.0, 0.0, 0.0]",155625,170134,N3,dismiss,-0.3,ts,1346,0
"[0.44, -0.44, -0.3220035778175313, 0.09333333333333334, -0.5545454545454546, 0.0, 0.0, 0.0, 1.0, 0.6735644390777678, 1.0, 0.0, 0.0, 0.0, 0.0, 0.0, 0.0, 0.0]",16728,49086,N3,dismiss,-0.3,ts,1515,1
"[0.10000000000000009, -0.10000000000000009, -0.2588235294117647, -0.975, -0.52, 0.0, 0.0, 0.0, 1.0, 0.48076478481180795, 1.0, 0.0, 0.0, 0.0, 0.0, 0.0, 0.0, 0.0]",91074,16650,N3,dismiss,-0.3,ts,1993,0
"[0.5, -0.5, 0.08803088803088809, -0.5691489361702128, 0.4, 0.0, 0.0, 0.0, 1.0, 0.6919543971253405, 1.0, 0.0, 0.0, 0.0, 0.0, 0.0, 0.0, 0.0]",19611,154734,N3,dismiss,-0.3,ts,1379,0
"[0.09090909090909098, -0.09090909090909098, -0.5, -0.030120481927710843, -0.15384615384615385, 0.0, 0.0, 0.0, 1.0, 0.6089589165487506, 1.0, 0.0, 0.0, 0.0, 0.0, 0.0, 0.0, 0.0]",162894,43090,N3,accept,0.36363636363636365,ts,1477,1
"[0.12500000000000006, -0.12500000000000006, 0.0, -0.2896825396825397, -0.08695652173913043, 0.0, 0.0, 0.0, 1.0, 0.7064268910671658, 1.0, 0.0, 0.0, 0.0, 0.0, 0.0, 0.0, 0.0]",125913,128281,N3,dismiss,-0.3,ts,1544,1
"[0.5599999999999999, -0.5599999999999999, 0.08310249307479224, 0.01744186046511628, -0.7413793103448276, 0.0, 0.0, 0.0, 1.0, 0.7697360329343724, 1.0, 0.0, 0.0, 0.0, 0.0, 0.0, 0.0, 0.0]",123511,88363,N3,dismiss,-0.3,ts,2514,1
"[0.12, -0.12, -0.11333333333333329, -0.09042553191489362, -0.21428571428571427, 0.0, 0.0, 0.0, 1.0, 0.6768573158584676, 1.0, 0.0, 0.0, 0.0, 0.0, 0.0, 0.0, 0.0]",151841,107170,N3,dismiss,-0.3,ts,2399,1
"[0.8, -0.8, 0.17647058823529413, 0.0, 0.0, 0.0, 0.0, 0.0, 1.0, 0.898937356285638, 1.0, 0.0, 0.0, 0.0, 0.0, 0.0, 0.0, 0.0]",18435,112477,N3,dismiss,-0.3,ts,588,0
"[0.11999999999999993, -0.11999999999999993, 0.03502501786990709, -0.042735042735042736, 0.30434782608695654, 0.0, 0.0, 0.0, 1.0, 0.7003107491312275, 1.0, 0.0, 0.0, 0.0, 0.0, 0.0, 0.0, 0.0]",88671,135543,N3,dismiss,-0.3,ts,2587,1
"[0.25, -0.25, -0.24812030075187969, 0.01764705882352941, 0.13636363636363635, 0.0, 0.0, 0.0, 1.0, 0.7203456543782418, 1.0, 0.0, 0.0, 0.0, 0.0, 0.0, 0.0, 0.0]",117159,117045,N3,dismiss,-0.3,ts,990,0
"[0.5, -0.5, 0.0, 0.0, 0.0, 0.0, 0.0, 0.0, 1.0, 0.9087872380968218, 1.0, 0.0, 0.0, 0.0, 0.0, 0.0, 0.0, 0.0]",141772,141766,N3,dismiss,-0.3,ts,472,1
"[0.24999999999999997, -0.24999999999999997, 0.11420612813370477, -0.15950920245398773, 0.0, 0.0, 0.0, 0.0, 1.0, 0.7577778993431036, 1.0, 0.0, 0.0, 0.0, 0.0, 0.0, 0.0, 0.0]",155669,115289,N3,dismiss,-0.3,ts,2345,0
"[0.15999999999999998, -0.15999999999999998, -0.16666666666666666, -0.16587677725118483, 0.4, 0.0, 0.0, 0.0, 1.0, 0.6272291690417143, 1.0, 0.0, 0.0, 0.0, 0.0, 0.0, 0.0, 0.0]",162680,15171,N3,dismiss,-0.3,ts,1344,1
"[0.3913043478260869, -0.3913043478260869, 0.20678513731825532, -0.08333333333333333, 0.0, 0.0, 0.0, 0.0, 1.0, 0.7911550651055083, 1.0, 0.0, 0.0, 0.0, 0.0, 0.0, 0.0, 0.0]",89552,20077,N3,accept,0.5739130434782609,ts,637,0
"[0.20000000000000004, -0.20000000000000004, 0.21428571428571427, -0.75, -0.44000000000000006, 0.0, 0.0, 0.0, 1.0, 0.5488029253936105, 1.0, 0.0, 0.0, 0.0, 0.0, 0.0, 0.0, 0.0]",39150,18334,N3,dismiss,-0.3,ts,484,0
"[0.1200000000000001, -0.1200000000000001, 0.1455847255369929, -0.054878048780487805, -0.8250000000000001, 0.0, 0.0, 0.0, 1.0, 0.6072134063167107, 1.0, 0.0, 0.0, 0.0, 0.0, 0.0, 0.0, 0.0]",57551,59423,N3,dismiss,-0.3,ts,1381,1
"[0.1666666666666667, -0.1666666666666667, -0.1111111111111111, 1.0, 0.44000000000000006, 0.0, 0.0, 0.0, 1.0, 0.53769314130362, 1.0, 0.0, 0.0, 0.0, 0.0, 0.0, 0.0, 0.0]",81128,18616,N3,dismiss,-0.3,ts,2182,1
"[0.1666666666666666, -0.1666666666666666, 0.0, 0.0, 0.0, 0.0, 0.0, 0.0, 1.0, 0.8112296656009272, 1.0, 0.0, 0.0, 0.0, 0.0, 0.0, 0.0, 0.0]",60788,60783,N3,accept,0.41666666666666663,ts,1519,0
"[0.25000000000000006, -0.25000000000000006, 0.24608967674661097, -0.17687074829931973, 0.4117647058823529, 0.0, 0.0, 0.0, 1.0, 0.6329883469407463, 1.0, 0.0, 0.0, 0.0, 0.0, 0.0, 0.0, 0.0]",115240,86760,N3,dismiss,-0.3,ts,1304,0
"[0.6909090909090909, -0.6909090909090909, 0.19956379498364232, -0.42857142857142855, -0.18, 0.0, 0.0, 0.0, 1.0, 0.7466004036208466, 1.0, 0.0, 0.0, 0.0, 0.0, 0.0, 0.0, 0.0]",82102,189308,N3,dismiss,-0.3,ts,1108,0
"[0.4235294117647059, -0.4235294117647059, -0.2159090909090909, 0.44, 0.020000000000000018, 0.0, 0.0, 0.0, 1.0, 0.7266230514544788, 1.0, 0.0, 0.0, 0.0, 0.0, 0.0, 0.0, 0.0]",87406,82101,N3,dismiss,-0.3,ts,2969,1
"[0.09090909090909098, -0.09090909090909098, -0.40298507462686567, 0.07122507122507123, 0.0, 0.0, 0.0, 0.0, 1.0, 0.6532966594257494, 1.0, 0.0, 0.0, 0.0, 0.0, 0.0, 0.0, 0.0]",15531,151841,N3,accept,0.36363636363636365,ts,2462,1
"[0.47058823529411764, -0.47058823529411764, -0.4, -0.9, -0.8363636363636363, 0.0, 0.0, 0.0, 1.0, 0.5448428480973911, 1.0, 0.0, 0.0, 0.0, 0.0, 0.0, 0.0, 0.0]",41388,70937,N3,dismiss,-0.3,ts,828,1
"[0.12499999999999999, -0.12499999999999999, -0.4235294117647059, 0.09885931558935361, -0.26666666666666666, 0.0, 0.0, 0.0, 1.0, 0.5931551167573187, 1.0, 0.0, 0.0, 0.0, 0.0, 0.0, 0.0, 0.0]",120829,110153,N3,accept,0.38749999999999996,ts,934,0
"[0.076923076923077, -0.076923076923077, 0.0, 0.0, 0.0, 0.0, 0.0, 0.0, 1.0, 0.7787188164556538, 1.0, 0.0, 0.0, 0.0, 0.0, 0.0, 0.0, 0.0]",93850,174745,N3,accept,0.35384615384615387,ts,1506,0
"[0.6000000000000001, -0.6000000000000001, 0.1111111111111111, 1.0, 1.0, 0.0, 0.0, 0.0, 1.0, 0.5953401686575794, 1.0, 0.0, 0.0, 0.0, 0.0, 0.0, 0.0, 0.0]",38174,112477,N3,dismiss,-0.3,ts,1438,0
"[0.41698841698841693, -0.41698841698841693, -0.5876288659793815, -0.03313253012048193, 0.043478260869565216, 0.0, 0.0, 0.0, 1.0, 0.7283712902099468, 1.0, 0.0, 0.0, 0.0, 0.0, 0.0, 0.0, 0.0]",61096,103704,N3,dismiss,-0.3,ts,1865,1
"[0.7058823529411764, -0.7058823529411764, 0.09698996655518391, 1.0, 0.11764705882352941, 0.0, 0.0, 0.0, 1.0, 0.730823395382631, 1.0, 0.0, 0.0, 0.0, 0.0, 0.0, 0.0, 0.0]",89664,155668,N3,dismiss,-0.3,ts,1469,1
"[0.07142857142857154, -0.07142857142857154, -0.12513034410844628, -0.38285714285714284, 0.23529411764705882, 0.0, 0.0, 0.0, 1.0, 0.5958487029099628, 1.0, 0.0, 0.0, 0.0, 0.0, 0.0, 0.0, 0.0]",78003,78130,N3,accept,0.3500000000000001,ts,977,1
"[0.22222222222222215, -0.22222222222222215, 0.11641443538998836, 0.8041237113402062, -0.15, 0.0, 0.0, 0.0, 1.0, 0.6299944825946722, 1.0, 0.0, 0.0, 0.0, 0.0, 0.0, 0.0, 0.0]",139804,78003,N3,dismiss,-0.3,ts,2614,1
"[0.8530612244897959, -0.8530612244897959, -0.4171011470281544, -0.6171428571428571, -0.5647058823529412, 0.0, 0.0, 0.0, 1.0, 0.6430780631512216, 1.0, 0.0, 0.0, 0.0, 0.0, 0.0, 0.0, 0.0]",78003,54927,N3,dismiss,-0.3,ts,825,1
"[0.6428571428571429, -0.6428571428571429, 0.11421210820094461, 0.0, 0.0, 0.0, 0.0, 0.0, 1.0, 0.8957029276501718, 1.0, 0.0, 0.0, 0.0, 0.0, 0.0, 0.0, 0.0]",141736,49082,N3,dismiss,-0.3,ts,1418,1
"[0.35000000000000003, -0.35000000000000003, -0.20040080160320642, 0.3888888888888889, 0.12000000000000002, 0.0, 0.0, 0.0, 1.0, 0.6912520884850263, 1.0, 0.0, 0.0, 0.0, 0.0, 0.0, 0.0, 0.0]",44266,110599,N3,dismiss,-0.3,ts,2696,1
"[0.4545454545454546, -0.4545454545454546, -0.060150375939849676, 0.014619883040935672, 1.0, 0.0, 0.0, 0.0, 1.0, 0.741483609451724, 1.0, 0.0, 0.0, 0.0, 0.0, 0.0, 0.0, 0.0]",107170,107659,N3,dismiss,-0.3,ts,723,1
"[0.07692307692307684, -0.07692307692307684, -0.1872881355932203, 0.4411764705882353, -0.2916666666666667, 0.0, 0.0, 0.0, 1.0, 0.5620114161518501, 1.0, 0.0, 0.0, 0.0, 0.0, 0.0, 0.0, 0.0]",92709,115240,N3,dismiss,-0.3,ts,1373,1
"[0.1666666666666667, -0.1666666666666667, 0.2, 0.0, 0.0, 0.0, 0.0, 0.0, 1.0, 0.7452936748080553, 1.0, 0.0, 0.0, 0.0, 0.0, 0.0, 0.0, 0.0]",18364,61090,N3,dismiss,-0.3,ts,2956,0
"[0.25, -0.25, -0.2712688381137579, 0.058419243986254296, -0.6166666666666667, 0.0, 0.0, 0.0, 1.0, 0.6330009259374624, 1.0, 0.0, 0.0, 0.0, 0.0, 0.0, 0.0, 0.0]",29663,115951,N3,dismiss,-0.3,ts,2234,0
"[0.4235294117647059, -0.4235294117647059, 0.0, 0.46, -0.11999999999999997, 0.0, 0.0, 0.0, 1.0, 0.7681937490550494, 1.0, 0.0, 0.0, 0.0, 0.0, 0.0, 0.0, 0.0]",87406,125786,N3,dismiss,-0.3,ts,1008,1
"[0.12499999999999988, -0.12499999999999988, 0.21153846153846154, 0.049723756906077346, 0.05555555555555555, 0.0, 0.0, 0.0, 1.0, 0.6973654663264208, 1.0, 0.0, 0.0, 0.0, 0.0, 0.0, 0.0, 0.0]",146678,180524,N3,dismiss,-0.3,ts,755,0
"[0.56, -0.56, -0.42857142857142855, 1.0, -0.625, 0.0, 0.0, 0.0, 1.0, 0.5504867989833275, 1.0, 0.0, 0.0, 0.0, 0.0, 0.0, 0.0, 0.0]",104681,169349,N3,dismiss,-0.3,ts,694,1
"[0.0555555555555556, -0.0555555555555556, -0.16666666666666666, 0.01764705882352941, 0.0, 0.0, 0.0, 0.0, 1.0, 0.7088897221869671, 1.0, 0.0, 0.0, 0.0, 0.0, 0.0, 0.0, 0.0]",123852,107052,N3,dismiss,-0.3,ts,1564,1
"[0.2307692307692307, -0.2307692307692307, -0.2222222222222222, 1.0, 0.44000000000000006, 0.0, 0.0, 0.0, 1.0, 0.5277921166190855, 1.0, 0.0, 0.0, 0.0, 0.0, 0.0, 0.0, 0.0]",79461,39150,N3,dismiss,-0.3,ts,2616,1
"[0.61, -0.61, -0.2748368382886149, 0.0, 0.0, 0.0, 0.0, 0.0, 1.0, 0.8463084860816608, 1.0, 0.0, 0.0, 0.0, 0.0, 0.0, 0.0, 0.0]",141769,93850,N3,dismiss,-0.3,ts,2439,1
"[0.8628571428571429, -0.8628571428571429, -0.5619524405506884, 0.30097087378640774, -0.5555555555555556, 0.0, 0.0, 0.0, 1.0, 0.661603851951964, 1.0, 0.0, 0.0, 0.0, 0.0, 0.0, 0.0, 0.0]",138627,92135,N3,dismiss,-0.3,ts,2432,1
"[0.25, -0.25, -0.27321341759844436, -0.06529209621993128, -0.9791666666666666, 0.0, 0.0, 0.0, 1.0, 0.6081937542219744, 1.0, 0.0, 0.0, 0.0, 0.0, 0.0, 0.0, 0.0]",29663,134921,N3,dismiss,-0.3,ts,1927,0
"[0.1250000000000001, -0.1250000000000001, 0.0858394160583941, 0.0625, -0.1, 0.0, 0.0, 0.0, 1.0, 0.7199673749797172, 1.0, 0.0, 0.0, 0.0, 0.0, 0.0, 0.0, 0.0]",141833,55412,N3,accept,0.38750000000000007,ts,1596,1
"[0.16666666666666663, -0.16666666666666663, -0.14808510638297875, -0.0546448087431694, -0.020000000000000018, 0.0, 0.0, 0.0, 1.0, 0.7385508607535283, 1.0, 0.0, 0.0, 0.0, 0.0, 0.0, 0.0, 0.0]",83437,87100,N3,dismiss,-0.3,ts,2568,1
"[0.11458333333333333, -0.11458333333333333, 0.0, -0.5561959654178674, -0.7909090909090909, 0.0, 0.0, 0.0, 1.0, 0.5727064609689967, 1.0, 0.0, 0.0, 0.0, 0.0, 0.0, 0.0, 0.0]",107659,142262,N3,accept,0.3802083333333333,ts,2968,0
"[0.3636363636363637, -0.3636363636363637, 0.0, 0.061046511627906974, 0.0, 0.0, 0.0, 0.0, 1.0, 0.8570363402900383, 1.0, 0.0, 0.0, 0.0, 0.0, 0.0, 0.0, 0.0]",123210,123174,N3,dismiss,-0.3,ts,2987,0
"[0.5636363636363637, -0.5636363636363637, -0.4991652754590985, -0.005698005698005698, 0.42857142857142855, 0.0, 0.0, 0.0, 1.0, 0.7078268888316158, 1.0, 0.0, 0.0, 0.0, 0.0, 0.0, 0.0, 0.0]",189329,107563,N3,dismiss,-0.3,ts,2445,1
"[0.2941176470588235, -0.2941176470588235, -0.20508744038155807, 0.9354838709677419, 0.58, 0.0, 0.0, 0.0, 1.0, 0.5564807400241625, 1.0, 0.0, 0.0, 0.0, 0.0, 0.0, 0.0, 0.0]",79359,18570,N3,dismiss,-0.3,ts,2299,0
"[0.28571428571428564, -0.28571428571428564, -0.39499865555256786, -0.058823529411764705, 0.1, 0.0, 0.0, 0.0, 1.0, 0.6979619658365656, 1.0, 0.0, 0.0, 0.0, 0.0, 0.0, 0.0, 0.0]",55412,141632,N3,dismiss,-0.3,ts,2073,1
"[0.24999999999999997, -0.24999999999999997, 0.1, 0.0, 0.0, 0.0, 0.0, 0.0, 1.0, 0.8033355002032929, 1.0, 0.0, 0.0, 0.0, 0.0, 0.0, 0.0, 0.0]",51138,18239,N3,dismiss,-0.3,ts,2795,0
"[0.3720930232558139, -0.3720930232558139, -0.6105702364394994, 0.3593073593073593, -0.5, 0.0, 0.0, 0.0, 1.0, 0.5639236343511838, 1.0, 0.0, 0.0, 0.0, 0.0, 0.0, 0.0, 0.0]",20076,145523,N3,dismiss,-0.3,ts,2319,1
"[0.14, -0.14, -0.31562500000000004, 0.030303030303030304, 0.0, 0.0, 0.0, 0.0, 1.0, 0.6993060113850216, 1.0, 0.0, 0.0, 0.0, 0.0, 0.0, 0.0, 0.0]",106755,69993,N3,accept,0.398,ts,2934,0
"[0.04761904761904766, -0.04761904761904766, -0.39722724532851117, 0.15162454873646208, 0.4, 0.0, 0.0, 0.0, 1.0, 0.5363539792335147, 1.0, 0.0, 0.0, 0.0, 0.0, 0.0, 0.0, 0.0]",16646,63925,N3,dismiss,-0.3,ts,2804,0
"[0.19999999999999993, -0.19999999999999993, 0.041666666666666664, 0.0, 0.0, 0.0, 0.0, 0.0, 1.0, 0.8068370360387624, 1.0, 0.0, 0.0, 0.0, 0.0, 0.0, 0.0, 0.0]",18185,82489,N3,dismiss,-0.3,ts,1598,0
"[0.20000000000000007, -0.20000000000000007, 0.043478260869565216, -0.005714285714285714, 0.0, 0.0, 0.0, 0.0, 1.0, 0.8044670165106714, 1.0, 0.0, 0.0, 0.0, 0.0, 0.0, 0.0, 0.0]",108745,32065,N3,dismiss,-0.3,ts,840,1
"[0.18831168831168835, -0.18831168831168835, 0.20250120250120254, 0.1111111111111111, -0.07999999999999999, 0.0, 0.0, 0.0, 1.0, 0.7001240443089605, 1.0, 0.0, 0.0, 0.0, 0.0, 0.0, 0.0, 0.0]",128341,85224,N3,accept,0.4318181818181818,ts,566,0
"[0.25, -0.25, 0.0, -0.008595988538681949, 0.13636363636363635, 0.0, 0.0, 0.0, 1.0, 0.8012276518471559, 1.0, 0.0, 0.0, 0.0, 0.0, 0.0, 0.0, 0.0]",43088,117045,N3,dismiss,-0.3,ts,2027,0
"[0.0555555555555556, -0.0555555555555556, -0.16666666666666666, 0.01764705882352941, 0.0, 0.0, 0.0, 0.0, 1.0, 0.7088897221869671, 1.0, 0.0, 0.0, 0.0, 0.0, 0.0, 0.0, 0.0]",123852,105724,N3,dismiss,-0.3,ts,2100,1
"[0.20000000000000004, -0.20000000000000004, -0.4444444444444444, -0.5061224489795918, 0.1111111111111111, 0.0, 0.0, 0.0, 1.0, 0.5796715609809813, 1.0, 0.0, 0.0, 0.0, 0.0, 0.0, 0.0, 0.0]",127333,63222,N3,dismiss,-0.3,ts,2128,1
"[0.2000000000000001, -0.2000000000000001, 0.1744127936031983, 0.12962962962962962, -0.1, 0.0, 0.0, 0.0, 1.0, 0.7024844421991034, 1.0, 0.0, 0.0, 0.0, 0.0, 0.0, 0.0, 0.0]",146547,83437,N3,accept,0.44000000000000006,ts,1027,1
"[0.14, -0.14, -0.02666666666666673, 0.0625, -0.1, 0.0, 0.0, 0.0, 1.0, 0.7465385609804288, 1.0, 0.0, 0.0, 0.0, 0.0, 0.0, 0.0, 0.0]",141632,69993,N3,accept,0.398,ts,485,0
"[0.5, -0.5, 0.006289308176100607, 0.12, -0.06000000000000005, 0.0, 0.0, 0.0, 1.0, 0.8573195155206763, 1.0, 0.0, 0.0, 0.0, 0.0, 0.0, 0.0, 0.0]",89446,58615,N3,dismiss,-0.3,ts,2494,1
"[0.2307692307692307, -0.2307692307692307, 0.06666666666666667, 0.0, 0.0, 0.0, 0.0, 0.0, 1.0, 0.8082747076223531, 1.0, 0.0, 0.0, 0.0, 0.0, 0.0, 0.0, 0.0]",131606,18616,N3,dismiss,-0.3,ts,2181,1
"[0.20000000000000004, -0.20000000000000004, -0.3409090909090909, 0.0, 0.0, 0.0, 0.0, 0.0, 1.0, 0.7239674946003922, 1.0, 0.0, 0.0, 0.0, 0.0, 0.0, 0.0, 0.0]",51022,70828,N3,accept,0.44,ts,1527,0
"[0.3636363636363637, -0.3636363636363637, 0.0, 0.039886039886039885, 0.15384615384615385, 0.0, 0.0, 0.0, 1.0, 0.8230466725244279, 1.0, 0.0, 0.0, 0.0, 0.0, 0.0, 0.0, 0.0]",123002,123174,N3,dismiss,-0.3,ts,858,0
"[0.2307692307692307, -0.2307692307692307, 0.06666666666666667, 0.0, 0.0, 0.0, 0.0, 0.0, 1.0, 0.8082747076223531, 1.0, 0.0, 0.0, 0.0, 0.0, 0.0, 0.0, 0.0]",131606,18616,N3,dismiss,-0.3,ts,1019,1
"[0.13333333333333333, -0.13333333333333333, 0.0, 0.0, 0.0, 0.0, 0.0, 0.0, 1.0, 0.799343830056226, 1.0, 0.0, 0.0, 0.0, 0.0, 0.0, 0.0, 0.0]",93851,93856,N3,dismiss,-0.3,ts,2367,0
"[0.3636363636363637, -0.3636363636363637, 0.146788990825688, 0.0110803324099723, 0.36363636363636365, 0.0, 0.0, 0.0, 1.0, 0.7425908749935993, 1.0, 0.0, 0.0, 0.0, 0.0, 0.0, 0.0, 0.0]",93938,123174,N3,dismiss,-0.3,ts,1489,0
"[0.3333333333333334, -0.3333333333333334, -0.4786235662148071, 0.1523809523809524, 0.016666666666666607, 0.0, 0.0, 0.0, 1.0, 0.6979962178252845, 1.0, 0.0, 0.0, 0.0, 0.0, 0.0, 0.0, 0.0]",56248,81542,N3,dismiss,-0.3,ts,1521,1
"[0.25, -0.25, -0.25925925925925924, 0.0778816199376947, 0.13636363636363635, 0.0, 0.0, 0.0, 1.0, 0.7012290684696982, 1.0, 0.0, 0.0, 0.0, 0.0, 0.0, 0.0, 0.0]",142493,117045,N3,dismiss,-0.3,ts,1459,0
"[0.09090909090909098, -0.09090909090909098, -0.48200000000000004, 0.05, 0.5942028985507245, 0.0, 0.0, 0.0, 1.0, 0.5415856453653679, 1.0, 0.0, 0.0, 0.0, 0.0, 0.0, 0.0, 0.0]",162892,106979,N3,dismiss,-0.3,ts,2353,1
"[0.15999999999999998, -0.15999999999999998, -0.0667779632721202, 0.0, 0.0, 0.0, 0.0, 0.0, 1.0, 0.7838696440013408, 1.0, 0.0, 0.0, 0.0, 0.0, 0.0, 0.0, 0.0]",16729,16731,N3,dismiss,-0.3,ts,571,0
"[0.2777777777777778, -0.2777777777777778, -0.0009066183136899708, -0.46178343949044587, 0.4166666666666667, 0.0, 0.0, 0.0, 1.0, 0.6729220701152996, 1.0, 0.0, 0.0, 0.0, 0.0, 0.0, 0.0, 0.0]",104690,61360,N3,dismiss,-0.3,ts,805,1
"[0.37500000000000006, -0.37500000000000006, 0.0, -0.3611111111111111, 0.043478260869565216, 0.0, 0.0, 0.0, 1.0, 0.7878158040247939, 1.0, 0.0, 0.0, 0.0, 0.0, 0.0, 0.0, 0.0]",125913,51122,N3,dismiss,-0.3,ts,1998,1
"[0.7058823529411764, -0.7058823529411764, 0.2053511705685619, 1.0, -0.058823529411764705, 0.0, 0.0, 0.0, 1.0, 0.7156472339116378, 1.0, 0.0, 0.0, 0.0, 0.0, 0.0, 0.0, 0.0]",89664,155692,N3,dismiss,-0.3,ts,1440,0
"[0.16216216216216217, -0.16216216216216217, -0.16666666666666666, 0.08461538461538462, 0.020833333333333447, 0.0, 0.0, 0.0, 1.0, 0.7234709814458078, 1.0, 0.0, 0.0, 0.0, 0.0, 0.0, 0.0, 0.0]",91969,91957,N3,dismiss,-0.3,ts,2826,0
"[0.2, -0.2, -0.16944444444444448, -0.26382978723404255, 1.0, 0.0, 0.0, 0.0, 1.0, 0.5741383946049047, 1.0, 0.0, 0.0, 0.0, 0.0, 0.0, 0.0, 0.0]",145577,158410,N3,dismiss,-0.3,ts,1705,1
"[0.7576530612244898, -0.7576530612244898, -0.04534606205250594, -0.6555555555555556, -0.6199999999999999, 0.0, 0.0, 0.0, 1.0, 0.7198017822501334, 1.0, 0.0, 0.0, 0.0, 0.0, 0.0, 0.0, 0.0]",33276,174927,N3,dismiss,-0.3,ts,2932,0
"[0.24999999999999997, -0.24999999999999997, -0.46371428571428575, -0.12301587301587301, -0.25, 0.0, 0.0, 0.0, 1.0, 0.6269674754267696, 1.0, 0.0, 0.0, 0.0, 0.0, 0.0, 0.0, 0.0]",115390,104466,N3,dismiss,-0.3,ts,2642,1
"[0.33333333333333337, -0.33333333333333337, -0.42857142857142855, 0.8197674418604651, -0.5555555555555556, 0.0, 0.0, 0.0, 1.0, 0.5288933496043463, 1.0, 0.0, 0.0, 0.0, 0.0, 0.0, 0.0, 0.0]",169335,169349,N3,dismiss,-0.3,ts,1033,1
"[0.10000000000000007, -0.10000000000000007, 0.06963706107996458, 0.0, 0.0, 0.0, 0.0, 0.0, 1.0, 0.7612191608786749, 1.0, 0.0, 0.0, 0.0, 0.0, 0.0, 0.0, 0.0]",134112,134111,N3,accept,0.37000000000000005,ts,1816,1
"[0.1538461538461538, -0.1538461538461538, 0.0, 0.0, 0.0, 0.0, 0.0, 0.0, 1.0, 0.806689539231263, 1.0, 0.0, 0.0, 0.0, 0.0, 0.0, 0.0, 0.0]",93850,93864,N3,accept,0.40769230769230763,ts,2967,1
"[0.64, -0.64, -0.3215400624349636, 0.6818181818181818, -0.4600000000000001, 0.0, 0.0, 0.0, 1.0, 0.6393406062349359, 1.0, 0.0, 0.0, 0.0, 0.0, 0.0, 0.0, 0.0]",191662,128279,N3,dismiss,-0.3,ts,2016,1
"[0.09090909090909098, -0.09090909090909098, -0.5940460081190798, -0.09138381201044386, 0.15384615384615385, 0.0, 0.0, 0.0, 1.0, 0.5800570913676573, 1.0, 0.0, 0.0, 0.0, 0.0, 0.0, 0.0, 0.0]",30022,117105,N3,dismiss,-0.3,ts,1272,1
"[0.1111111111111112, -0.1111111111111112, -0.09008189262966337, 0.15579710144927536, 0.4, 0.0, 0.0, 0.0, 1.0, 0.6355529250549651, 1.0, 0.0, 0.0, 0.0, 0.0, 0.0, 0.0, 0.0]",64516,63925,N3,dismiss,-0.3,ts,2190,0
"[0.1, -0.07, -0.2697495183044316, -0.05, -0.17272727272727276, 0.0, 0.0, 0.0, 1.0, 0.63467239594446, 1.0, 0.0, 0.0, 0.0, 0.0, 0.0, 0.0, 0.0]",49082,49005,N3,dismiss,-0.3,ts,602,0
"[0.09999999999999998, -0.09999999999999998, 0.0027855153203343017, -0.020172910662824207, 0.0, 0.0, 0.0, 0.0, 1.0, 0.7801787354284265, 1.0, 0.0, 0.0, 0.0, 0.0, 0.0, 0.0, 0.0]",82377,123856,N3,dismiss,-0.3,ts,1943,1
"[0.4444444444444445, -0.4444444444444445, 0.10401459854014582, -0.54, -0.6, 0.0, 0.0, 0.0, 1.0, 0.6542508615673612, 1.0, 0.0, 0.0, 0.0, 0.0, 0.0, 0.0, 0.0]",169353,132873,N3,dismiss,-0.3,ts,2355,0
"[0.5599999999999999, -0.5599999999999999, 0.0013342228152101116, 0.014035087719298246, 0.03571428571428559, 0.0, 0.0, 0.0, 1.0, 0.9064267245263649, 1.0, 0.0, 0.0, 0.0, 0.0, 0.0, 0.0, 0.0]",104485,114138,N3,dismiss,-0.3,ts,2978,0
"[0.3636363636363637, -0.3636363636363637, 0.1013215859030837, 0.057971014492753624, 0.25, 0.0, 0.0, 0.0, 1.0, 0.7621489741842852, 1.0, 0.0, 0.0, 0.0, 0.0, 0.0, 0.0, 0.0]",123207,123174,N3,accept,0.5545454545454546,ts,2453,0
"[0.2, -0.2, -0.1442857142857143, -0.5430711610486891, 0.26666666666666666, 0.0, 0.0, 0.0, 1.0, 0.6113191439651465, 1.0, 0.0, 0.0, 0.0, 0.0, 0.0, 0.0, 0.0]",57653,185524,N3,dismiss,-0.3,ts,2931,1
"[0.19999999999999993, -0.19999999999999993, 0.0, 0.0, 0.0, 0.0, 0.0, 0.0, 1.0, 0.8228281531128978, 1.0, 0.0, 0.0, 0.0, 0.0, 0.0, 0.0, 0.0]",133283,133284,N3,dismiss,-0.3,ts,740,0
"[0.06784660766961652, -0.06784660766961652, -0.3584703359542531, 0.008450704225352112, 0.05555555555555555, 0.0, 0.0, 0.0, 1.0, 0.6547157279480784, 1.0, 0.0, 0.0, 0.0, 0.0, 0.0, 0.0, 0.0]",146721,43387,N3,dismiss,-0.3,ts,2960,1
"[0.20000000000000007, -0.20000000000000007, -0.00663349917081258, -0.002785515320334262, -0.46153846153846156, 0.0, 0.0, 0.0, 1.0, 0.7289531529832809, 1.0, 0.0, 0.0, 0.0, 0.0, 0.0, 0.0, 0.0]",43372,135482,N3,dismiss,-0.3,ts,2795,0
"[0.24999999999999997, -0.24999999999999997, -0.4993742177722153, -0.035211267605633804, -0.11764705882352941, 0.0, 0.0, 0.0, 1.0, 0.6716081249710165, 1.0, 0.0, 0.0, 0.0, 0.0, 0.0, 0.0, 0.0]",120828,115289,N3,accept,0.475,ts,2143,1
"[0.3636363636363637, -0.3636363636363637, 0.146788990825688, 0.0110803324099723, 0.36363636363636365, 0.0, 0.0, 0.0, 1.0, 0.7425908749935993, 1.0, 0.0, 0.0, 0.0, 0.0, 0.0, 0.0, 0.0]",93938,123174,N3,dismiss,-0.3,ts,535,0
"[0.4583333333333333, -0.4583333333333333, -0.1433260393873086, 0.22, 0.24000000000000005, 0.0, 0.0, 0.0, 1.0, 0.7386709394486253, 1.0, 0.0, 0.0, 0.0, 0.0, 0.0, 0.0, 0.0]",151789,123325,N3,dismiss,-0.3,ts,1371,0
"[0.4000000000000001, -0.4000000000000001, 0.0, 0.0, 0.0, 0.0, 0.0, 0.0, 1.0, 0.8842623917495089, 1.0, 0.0, 0.0, 0.0, 0.0, 0.0, 0.0, 0.0]",60782,60788,N3,dismiss,-0.3,ts,2912,1
"[0.20000000000000004, -0.20000000000000004, -0.05555555555555555, -0.75, -0.44000000000000006, 0.0, 0.0, 0.0, 1.0, 0.5974829772502733, 1.0, 0.0, 0.0, 0.0, 0.0, 0.0, 0.0, 0.0]",68609,18334,N3,dismiss,-0.3,ts,2759,1
"[0.4444444444444445, -0.4444444444444445, 0.07079646017699111, -0.703125, -0.58, 0.0, 0.0, 0.0, 1.0, 0.6530726482238095, 1.0, 0.0, 0.0, 0.0, 0.0, 0.0, 0.0, 0.0]",169352,132873,N3,accept,0.6111111111111112,ts,2677,0
"[0.5636363636363637, -0.5636363636363637, 0.05263157894736842, -0.025280898876404494, 1.0, 0.0, 0.0, 0.0, 1.0, 0.7455178325369655, 1.0, 0.0, 0.0, 0.0, 0.0, 0.0, 0.0, 0.0]",107747,107659,N3,dismiss,-0.3,ts,2543,1
"[0.5599999999999999, -0.5599999999999999, 0.000555864369094028, 0.17, -0.29090909090909095, 0.0, 0.0, 0.0, 1.0, 0.8118277859362935, 1.0, 0.0, 0.0, 0.0, 0.0, 0.0, 0.0, 0.0]",183166,30103,N3,dismiss,-0.3,ts,893,1
"[0.2777777777777778, -0.2777777777777778, -0.29790794979079493, -0.10743801652892562, -0.125, 0.0, 0.0, 0.0, 1.0, 0.6965685200183934, 1.0, 0.0, 0.0, 0.0, 0.0, 0.0, 0.0, 0.0]",86760,78130,N3,accept,0.49444444444444446,ts,1712,1
"[0.25, -0.25, 0.0, 0.07453416149068323, 0.13636363636363635, 0.0, 0.0, 0.0, 1.0, 0.7830109453831142, 1.0, 0.0, 0.0, 0.0, 0.0, 0.0, 0.0, 0.0]",43090,117045,N3,dismiss,-0.3,ts,1300,0
"[0.379746835443038, -0.379746835443038, -0.10974930362116986, -0.019553072625698324, -0.2421052631578947, 0.0, 0.0, 0.0, 1.0, 0.7760291532820728, 1.0, 0.0, 0.0, 0.0, 0.0, 0.0, 0.0, 0.0]",43387,105910,N3,dismiss,-0.3,ts,586,1
"[0.375, -0.375, 0.024727272727272716, -0.4527027027027027, 0.33999999999999997, 0.0, 0.0, 0.0, 1.0, 0.7044564132089861, 1.0, 0.0, 0.0, 0.0, 0.0, 0.0, 0.0, 0.0]",19607,154734,N3,dismiss,-0.3,ts,2962,0
"[0.7, -0.7, -0.24862155388471174, 0.34497816593886466, -0.42500000000000004, 0.0, 0.0, 0.0, 1.0, 0.7064445463489242, 1.0, 0.0, 0.0, 0.0, 0.0, 0.0, 0.0, 0.0]",185375,115951,N3,dismiss,-0.3,ts,654,1
"[0.9074074074074074, -0.9074074074074074, 0.021995112197289536, 1.0, -0.4782608695652174, 0.0, 0.0, 0.0, 1.0, 0.7294865417475964, 1.0, 0.0, 0.0, 0.0, 0.0, 0.0, 0.0, 0.0]",155648,128295,N3,accept,0.9351851851851851,ts,2600,1
"[0.1200000000000001, -0.1200000000000001, 0.1455847255369929, -0.054878048780487805, -0.8250000000000001, 0.0, 0.0, 0.0, 1.0, 0.6072134063167107, 1.0, 0.0, 0.0, 0.0, 0.0, 0.0, 0.0, 0.0]",57551,59423,N3,dismiss,-0.3,ts,610,0
"[0.27999999999999997, -0.27999999999999997, -0.07452093683463454, 1.0, -0.78, 0.0, 0.0, 0.0, 1.0, 0.5645640780394282, 1.0, 0.0, 0.0, 0.0, 0.0, 0.0, 0.0, 0.0]",154734,128279,N3,dismiss,-0.3,ts,2130,0
"[0.35714285714285715, -0.35714285714285715, -0.7011686143572621, 0.19161676646706588, 0.18, 0.0, 0.0, 0.0, 1.0, 0.6285380072509015, 1.0, 0.0, 0.0, 0.0, 0.0, 0.0, 0.0, 0.0]",44189,130323,N3,dismiss,-0.3,ts,2144,1
"[0.6218487394957983, -0.6218487394957983, -0.05457142857142847, 0.1984732824427481, -0.04, 0.0, 0.0, 0.0, 1.0, 0.8516144574556564, 1.0, 0.0, 0.0, 0.0, 0.0, 0.0, 0.0, 0.0]",104682,104690,N3,dismiss,-0.3,ts,2651,1
"[0.12244897959183673, -0.12244897959183673, -0.10012515644555695, -0.2978723404255319, 0.12, 0.0, 0.0, 0.0, 1.0, 0.659781019280673, 1.0, 0.0, 0.0, 0.0, 0.0, 0.0, 0.0, 0.0]",158420,20076,N3,accept,0.3857142857142857,ts,2222,1
"[0.25000000000000006, -0.25000000000000006, 0.20033388981636072, 1.0, -0.21052631578947367, 0.0, 0.0, 0.0, 1.0, 0.5859408089214666, 1.0, 0.0, 0.0, 0.0, 0.0, 0.0, 0.0, 0.0]",185524,128242,N3,dismiss,-0.3,ts,461,0
"[0.11999999999999993, -0.11999999999999993, -0.3566833452466047, 0.017391304347826087, -0.4428571428571429, 0.0, 0.0, 0.0, 1.0, 0.5992537957863835, 1.0, 0.0, 0.0, 0.0, 0.0, 0.0, 0.0, 0.0]",88672,30103,N3,dismiss,-0.3,ts,467,1
"[0.22602739726027393, -0.22602739726027393, -0.1261711430356028, 0.0, 0.125, 0.0, 0.0, 0.0, 1.0, 0.7538711302491253, 1.0, 0.0, 0.0, 0.0, 0.0, 0.0, 0.0, 0.0]",43388,146721,N3,dismiss,-0.3,ts,2762,0
"[0.75, -0.75, -0.4829251466022766, -0.16304347826086957, -0.7212121212121212, 0.0, 0.0, 0.0, 1.0, 0.6721716218245323, 1.0, 0.0, 0.0, 0.0, 0.0, 0.0, 0.0, 0.0]",71447,115951,N3,dismiss,-0.3,ts,1219,1
"[0.7794117647058824, -0.7794117647058824, 0.09698996655518391, 0.9245283018867925, 0.35714285714285715, 0.0, 0.0, 0.0, 1.0, 0.7177712474350142, 1.0, 0.0, 0.0, 0.0, 0.0, 0.0, 0.0, 0.0]",121068,155668,N3,dismiss,-0.3,ts,774,0
"[0.028571428571428595, -0.028571428571428595, 0.0, 1.0, 0.18000000000000002, 0.0, 0.0, 0.0, 1.0, 0.5700188149629097, 1.0, 0.0, 0.0, 0.0, 0.0, 0.0, 0.0, 0.0]",122719,151787,N3,dismiss,-0.3,ts,2188,1
"[0.755, -0.755, -0.041666666666666664, 0.54, 0.07999999999999999, 0.0, 0.0, 0.0, 1.0, 0.8157380672216334, 1.0, 0.0, 0.0, 0.0, 0.0, 0.0, 0.0, 0.0]",30621,82101,N3,dismiss,-0.3,ts,2828,1
"[0.75, -0.75, -0.5026881720430108, -0.15422885572139303, -0.6759999999999999, 0.0, 0.0, 0.0, 1.0, 0.6745018450616698, 1.0, 0.0, 0.0, 0.0, 0.0, 0.0, 0.0, 0.0]",116359,145532,N3,accept,0.825,ts,1308,1
"[0.75, -0.75, -0.4243471582181259, -0.23383084577114427, -0.632, 0.0, 0.0, 0.0, 1.0, 0.6742680060133595, 1.0, 0.0, 0.0, 0.0, 0.0, 0.0, 0.0, 0.0]",116359,115951,N3,dismiss,-0.3,ts,750,1
"[0.4444444444444445, -0.4444444444444445, 0.10401459854014582, -0.54, -0.6, 0.0, 0.0, 0.0, 1.0, 0.6542508615673612, 1.0, 0.0, 0.0, 0.0, 0.0, 0.0, 0.0, 0.0]",169353,132873,N3,dismiss,-0.3,ts,1847,0
"[0.10714285714285708, -0.10714285714285708, -0.4600811907983762, -0.43316831683168316, -0.36, 0.0, 0.0, 0.0, 1.0, 0.5056132589882691, 1.0, 0.0, 0.0, 0.0, 0.0, 0.0, 0.0, 0.0]",81395,185375,N3,dismiss,-0.3,ts,535,1
"[0.5588235294117647, -0.5588235294117647, 0.1111111111111111, 0.0, 0.0, 0.0, 0.0, 0.0, 1.0, 0.8813657870885948, 1.0, 0.0, 0.0, 0.0, 0.0, 0.0, 0.0, 0.0]",167076,18598,N3,dismiss,-0.3,ts,773,1
"[0.55, -0.55, 0.11470588235294113, -0.05, -0.17272727272727276, 0.0, 0.0, 0.0, 1.0, 0.8203561366987663, 1.0, 0.0, 0.0, 0.0, 0.0, 0.0, 0.0, 0.0]",115238,49005,N3,dismiss,-0.3,ts,546,0
"[0.45, -0.45, 0.08285714285714281, 0.1232876712328767, -0.24000000000000005, 0.0, 0.0, 0.0, 1.0, 0.7765608514538953, 1.0, 0.0, 0.0, 0.0, 0.0, 0.0, 0.0, 0.0]",39888,110035,N3,accept,0.615,ts,1266,0
"[0.20000000000000004, -0.20000000000000004, 0.13175230566534912, -0.281437125748503, 0.0, 0.0, 0.0, 0.0, 1.0, 0.7119344123552447, 1.0, 0.0, 0.0, 0.0, 0.0, 0.0, 0.0, 0.0]",81498,78136,N3,dismiss,-0.3,ts,1214,0
"[0.4583333333333333, -0.4583333333333333, -0.3461377870563674, 0.02, 0.07999999999999999, 0.0, 0.0, 0.0, 1.0, 0.7711205717282401, 1.0, 0.0, 0.0, 0.0, 0.0, 0.0, 0.0, 0.0]",141805,123325,N3,accept,0.6208333333333333,ts,705,1
"[0.20000000000000007, -0.20000000000000007, -0.44786494538232374, -0.037037037037037035, -0.14285714285714285, 0.0, 0.0, 0.0, 1.0, 0.6565020766667025, 1.0, 0.0, 0.0, 0.0, 0.0, 0.0, 0.0, 0.0]",15528,108746,N3,dismiss,-0.3,ts,1445,1
"[0.33333333333333326, -0.33333333333333326, -0.6798550724637681, 0.17475728155339806, 0.0, 0.0, 0.0, 0.0, 1.0, 0.672630863901695, 1.0, 0.0, 0.0, 0.0, 0.0, 0.0, 0.0, 0.0]",54732,110166,N3,dismiss,-0.3,ts,1990,1
"[0.14, -0.14, -0.31562500000000004, 0.030303030303030304, 0.0, 0.0, 0.0, 0.0, 1.0, 0.6993060113850216, 1.0, 0.0, 0.0, 0.0, 0.0, 0.0, 0.0, 0.0]",130086,69993,N3,dismiss,-0.3,ts,1944,0
"[0.5599999999999999, -0.5599999999999999, -0.04264577893820715, 0.34532374100719426, 1.0, 0.0, 0.0, 0.0, 1.0, 0.6938965752446645, 1.0, 0.0, 0.0, 0.0, 0.0, 0.0, 0.0, 0.0]",185577,89763,N3,dismiss,-0.3,ts,1456,1
"[0.09999999999999998, -0.09999999999999998, 0.11193202807536022, -1.0, -1.0, 0.0, 0.0, 0.0, 1.0, 0.4877066041231768, 1.0, 0.0, 0.0, 0.0, 0.0, 0.0, 0.0, 0.0]",82038,147349,N3,dismiss,-0.3,ts,1975,1
"[0.08928571428571436, -0.08928571428571436, -0.26666666666666666, -0.8466666666666667, -0.8545454545454546, 0.0, 0.0, 0.0, 1.0, 0.45535299056751144, 1.0, 0.0, 0.0, 0.0, 0.0, 0.0, 0.0, 0.0]",41373,51575,N3,dismiss,-0.3,ts,1049,1
"[0.20000000000000007, -0.20000000000000007, -0.19866444073455758, -0.019943019943019943, -0.14285714285714285, 0.0, 0.0, 0.0, 1.0, 0.7141071763914826, 1.0, 0.0, 0.0, 0.0, 0.0, 0.0, 0.0, 0.0]",189329,31975,N3,dismiss,-0.3,ts,1349,1
"[0.12499999999999988, -0.12499999999999988, 0.1864406779661017, 0.3464566929133858, 0.0, 0.0, 0.0, 0.0, 1.0, 0.65910022537907, 1.0, 0.0, 0.0, 0.0, 0.0, 0.0, 0.0, 0.0]",92706,114737,N3,dismiss,-0.3,ts,2824,1
"[0.6683673469387755, -0.6683673469387755, -0.05542857142857136, -0.5456989247311828, 0.1724137931034483, 0.0, 0.0, 0.0, 1.0, 0.7762925780580481, 1.0, 0.0, 0.0, 0.0, 0.0, 0.0, 0.0, 0.0]",169065,61360,N3,dismiss,-0.3,ts,2946,1
"[0.2307692307692307, -0.2307692307692307, 0.0, 0.0, 0.0, 0.0, 0.0, 0.0, 1.0, 0.8332400438137636, 1.0, 0.0, 0.0, 0.0, 0.0, 0.0, 0.0, 0.0]",57385,18616,N3,dismiss,-0.3,ts,2129,1
"[0.08333333333333322, -0.08333333333333322, 0.0, 0.0, 0.0, 0.0, 0.0, 0.0, 1.0, 0.7810882504428991, 1.0, 0.0, 0.0, 0.0, 0.0, 0.0, 0.0, 0.0]",174745,93864,N3,dismiss,-0.3,ts,2988,0
"[0.2, -0.2, -0.861516452074392, 0.0, 0.0, 0.0, 0.0, 0.0, 1.0, 0.6585329291503521, 1.0, 0.0, 0.0, 0.0, 0.0, 0.0, 0.0, 0.0]",16689,110501,N3,accept,0.43999999999999995,ts,609,1
"[0.5525114155251142, -0.5525114155251142, -0.5009369144284822, -0.011267605633802818, -0.09999999999999998, 0.0, 0.0, 0.0, 1.0, 0.7628586467770939, 1.0, 0.0, 0.0, 0.0, 0.0, 0.0, 0.0, 0.0]",43388,105910,N3,dismiss,-0.3,ts,1858,1
"[0.164, -0.164, -0.6836, -0.1, 0.088, 0.0, 0.0, 0.0, 1.0, 0.6098549356396384, 1.0, 0.0, 0.0, 0.0, 0.0, 0.0, 0.0, 0.0]",85224,134716,N3,dismiss,-0.3,ts,1173,0
"[0.5, -0.5, 0.06688963210702341, -0.7456647398843931, -0.22000000000000003, 0.0, 0.0, 0.0, 1.0, 0.714110313042735, 1.0, 0.0, 0.0, 0.0, 0.0, 0.0, 0.0, 0.0]",132804,19600,N3,dismiss,-0.3,ts,2095,1
"[0.2363636363636364, -0.2363636363636364, -0.14295925661186562, 0.0, 0.02500000000000006, 0.0, 0.0, 0.0, 1.0, 0.7780493073777478, 1.0, 0.0, 0.0, 0.0, 0.0, 0.0, 0.0, 0.0]",84678,59125,N3,dismiss,-0.3,ts,2683,0
"[0.1200000000000001, -0.1200000000000001, 0.1455847255369929, -0.07120743034055728, 0.14000000000000004, 0.0, 0.0, 0.0, 1.0, 0.687454790909646, 1.0, 0.0, 0.0, 0.0, 0.0, 0.0, 0.0, 0.0]",57279,59424,N3,dismiss,-0.3,ts,2227,0
"[0.5599999999999999, -0.5599999999999999, 0.052291801162040054, 0.29454545454545455, -0.2448979591836735, 0.0, 0.0, 0.0, 1.0, 0.7767295963695724, 1.0, 0.0, 0.0, 0.0, 0.0, 0.0, 0.0, 0.0]",185412,87718,N3,dismiss,-0.3,ts,637,0
"[0.47058823529411764, -0.47058823529411764, 0.07142857142857142, 0.0, 0.0, 0.0, 0.0, 0.0, 1.0, 0.8753976473896923, 1.0, 0.0, 0.0, 0.0, 0.0, 0.0, 0.0, 0.0]",51616,70937,N3,dismiss,-0.3,ts,2681,1
"[0.2941176470588235, -0.2941176470588235, -0.20508744038155807, 0.9354838709677419, 0.58, 0.0, 0.0, 0.0, 1.0, 0.5564807400241625, 1.0, 0.0, 0.0, 0.0, 0.0, 0.0, 0.0, 0.0]",79359,18570,N3,accept,0.5058823529411764,ts,1365,0
"[0.164, -0.164, -0.6836, -0.1, 0.088, 0.0, 0.0, 0.0, 1.0, 0.6098549356396384, 1.0, 0.0, 0.0, 0.0, 0.0, 0.0, 0.0, 0.0]",85224,134716,N3,accept,0.4148,ts,2809,0
"[0.20000000000000007, -0.20000000000000007, -0.2488262910798122, -0.022727272727272728, -0.041666666666666664, 0.0, 0.0, 0.0, 1.0, 0.7257604933508731, 1.0, 0.0, 0.0, 0.0, 0.0, 0.0, 0.0, 0.0]",74282,31972,N3,dismiss,-0.3,ts,461,1
"[0.5636363636363637, -0.5636363636363637, -0.20886075949367092, -0.016901408450704224, 0.6666666666666666, 0.0, 0.0, 0.0, 1.0, 0.7384348454163028, 1.0, 0.0, 0.0, 0.0, 0.0, 0.0, 0.0, 0.0]",109410,107563,N3,dismiss,-0.3,ts,1012,1
"[0.5636363636363637, -0.5636363636363637, -0.5305164319248826, -0.008522727272727272, 0.6666666666666666, 0.0, 0.0, 0.0, 1.0, 0.6783958893723203, 1.0, 0.0, 0.0, 0.0, 0.0, 0.0, 0.0, 0.0]",74281,107563,N3,dismiss,-0.3,ts,2923,1
"[0.5636363636363637, -0.5636363636363637, -0.13291139240506325, -0.016901408450704224, 0.6666666666666666, 0.0, 0.0, 0.0, 1.0, 0.7600407191876071, 1.0, 0.0, 0.0, 0.0, 0.0, 0.0, 0.0, 0.0]",109410,108839,N3,dismiss,-0.3,ts,2639,1
"[0.44, -0.44, -0.3220035778175313, 0.09333333333333334, -0.5545454545454546, 0.0, 0.0, 0.0, 1.0, 0.6735644390777678, 1.0, 0.0, 0.0, 0.0, 0.0, 0.0, 0.0, 0.0]",16728,49086,N3,dismiss,-0.3,ts,625,1
"[0.5599999999999999, -0.5599999999999999, 0.0013342228152101116, 0.014035087719298246, 0.03571428571428559, 0.0, 0.0, 0.0, 1.0, 0.9064267245263649, 1.0, 0.0, 0.0, 0.0, 0.0, 0.0, 0.0, 0.0]",104485,114138,N3,dismiss,-0.3,ts,1496,0
"[0.26470588235294124, -0.26470588235294124, -0.7098497495826377, -0.22, -0.07999999999999999, 0.0, 0.0, 0.0, 1.0, 0.6171417564827884, 1.0, 0.0, 0.0, 0.0, 0.0, 0.0, 0.0, 0.0]",18053,81996,N3,dismiss,-0.3,ts,1343,1
"[0.45, -0.45, -0.5428571428571428, -0.6301369863013698, -0.44000000000000006, 0.0, 0.0, 0.0, 1.0, 0.5693508021396734, 1.0, 0.0, 0.0, 0.0, 0.0, 0.0, 0.0, 0.0]",39888,93713,N3,dismiss,-0.3,ts,2879,1
"[0.6448, -0.6448, 0.2005012531328321, 0.06333333333333334, 0.2727272727272727, 0.0, 0.0, 0.0, 1.0, 0.7898883302828362, 1.0, 0.0, 0.0, 0.0, 0.0, 0.0, 0.0, 0.0]",174763,63924,N3,dismiss,-0.3,ts,688,1
"[0.19999999999999996, -0.19999999999999996, -0.18088012139605475, -0.01662049861495845, 0.5942028985507245, 0.0, 0.0, 0.0, 1.0, 0.6529198266549806, 1.0, 0.0, 0.0, 0.0, 0.0, 0.0, 0.0, 0.0]",16971,110893,N3,accept,0.43999999999999995,ts,529,0
"[0.2380952380952381, -0.2380952380952381, -0.10071428571428567, -0.22448979591836735, 0.05555555555555555, 0.0, 0.0, 0.0, 1.0, 0.7291538875149957, 1.0, 0.0, 0.0, 0.0, 0.0, 0.0, 0.0, 0.0]",166142,144703,N3,dismiss,-0.3,ts,2579,0
"[0.5, -0.5, -0.4586, -0.05956112852664577, -0.21428571428571427, 0.0, 0.0, 0.0, 1.0, 0.7195852783317834, 1.0, 0.0, 0.0, 0.0, 0.0, 0.0, 0.0, 0.0]",63925,82038,N3,dismiss,-0.3,ts,1833,0
"[0.16666666666666663, -0.16666666666666663, 0.0, 0.0, 0.0, 0.0, 0.0, 0.0, 1.0, 0.8112296656009272, 1.0, 0.0, 0.0, 0.0, 0.0, 0.0, 0.0, 0.0]",147380,152267,N3,dismiss,-0.3,ts,1666,1
"[0.20000000000000007, -0.20000000000000007, -0.06259780907668232, 0.017045454545454544, -0.4166666666666667, 0.0, 0.0, 0.0, 1.0, 0.7094552875739797, 1.0, 0.0, 0.0, 0.0, 0.0, 0.0, 0.0, 0.0]",57376,135483,N3,dismiss,-0.3,ts,1324,0
"[0.4545454545454546, -0.4545454545454546, -0.375, -0.0028735632183908046, 0.8333333333333334, 0.0, 0.0, 0.0, 1.0, 0.6701200877280795, 1.0, 0.0, 0.0, 0.0, 0.0, 0.0, 0.0, 0.0]",31966,107659,N3,dismiss,-0.3,ts,2538,1
"[0.6666666666666666, -0.6666666666666666, -0.29044498102794064, -0.20923913043478262, -0.2727272727272727, 0.0, 0.0, 0.0, 1.0, 0.7379224560144357, 1.0, 0.0, 0.0, 0.0, 0.0, 0.0, 0.0, 0.0]",71447,29663,N3,dismiss,-0.3,ts,765,1
"[0.12500000000000006, -0.12500000000000006, 0.0, -0.2896825396825397, -0.08695652173913043, 0.0, 0.0, 0.0, 1.0, 0.7064268910671658, 1.0, 0.0, 0.0, 0.0, 0.0, 0.0, 0.0, 0.0]",110120,128281,N3,accept,0.3875,ts,1922,1
"[0.1666666666666667, -0.1666666666666667, 0.1, 1.0, 1.0, 0.0, 0.0, 0.0, 1.0, 0.4789161730664955, 1.0, 0.0, 0.0, 0.0, 0.0, 0.0, 0.0, 0.0]",37985,41688,N3,dismiss,-0.3,ts,2756,0
"[0.20000000000000007, -0.20000000000000007, -0.148664013644116, -0.002785515320334262, -0.4166666666666667, 0.0, 0.0, 0.0, 1.0, 0.6857446159292632, 1.0, 0.0, 0.0, 0.0, 0.0, 0.0, 0.0, 0.0]",43361,135483,N3,accept,0.44000000000000006,ts,2433,1
"[0.08333333333333323, -0.08333333333333323, -0.17103762827822122, 0.0, 0.0, 0.0, 0.0, 0.0, 1.0, 0.7231472001150814, 1.0, 0.0, 0.0, 0.0, 0.0, 0.0, 0.0, 0.0]",147381,85069,N3,dismiss,-0.3,ts,985,0
"[0.02857142857142844, -0.02857142857142844, -0.43774069319640574, 0.02, 0.019999999999999973, 0.0, 0.0, 0.0, 1.0, 0.6322768417624829, 1.0, 0.0, 0.0, 0.0, 0.0, 0.0, 0.0, 0.0]",33303,77265,N3,accept,0.3199999999999999,ts,779,1
"[0.20754716981132082, -0.20754716981132082, 0.0, -0.07255520504731862, 0.0, 0.0, 0.0, 0.0, 1.0, 0.805148558684546, 1.0, 0.0, 0.0, 0.0, 0.0, 0.0, 0.0, 0.0]",91968,91970,N3,dismiss,-0.3,ts,646,0
"[0.20000000000000007, -0.20000000000000007, 0.026363636363636287, -0.008547008547008548, -0.14285714285714285, 0.0, 0.0, 0.0, 1.0, 0.7727351749443683, 1.0, 0.0, 0.0, 0.0, 0.0, 0.0, 0.0, 0.0]",70000,31973,N3,dismiss,-0.3,ts,2343,1
"[0.5636363636363637, -0.5636363636363637, -0.34782608695652173, 0.11142857142857143, 1.0, 0.0, 0.0, 0.0, 1.0, 0.6622563189577754, 1.0, 0.0, 0.0, 0.0, 0.0, 0.0, 0.0, 0.0]",108745,107588,N3,dismiss,-0.3,ts,2190,1
"[0.4545454545454546, -0.4545454545454546, -0.375, 0.11781609195402298, 1.0, 0.0, 0.0, 0.0, 1.0, 0.631459319493265, 1.0, 0.0, 0.0, 0.0, 0.0, 0.0, 0.0, 0.0]",31966,107588,N3,dismiss,-0.3,ts,2294,1
"[0.010909090909090839, -0.010909090909090839, -0.7835593220338983, -0.14285714285714285, -0.08333333333333333, 0.0, 0.0, 0.0, 1.0, 0.5355134964909132, 1.0, 0.0, 0.0, 0.0, 0.0, 0.0, 0.0, 0.0]",51122,115323,N3,dismiss,-0.3,ts,2698,0
"[0.28571428571428564, -0.28571428571428564, -0.16391152502910375, 0.0, 0.0, 0.0, 0.0, 0.0, 1.0, 0.7951297847750883, 1.0, 0.0, 0.0, 0.0, 0.0, 0.0, 0.0, 0.0]",93923,72623,N3,dismiss,-0.3,ts,2251,1
"[0.8857142857142857, -0.8857142857142857, -0.7536231884057971, -0.072, -0.4, 0.0, 0.0, 0.0, 1.0, 0.7088112677497157, 1.0, 0.0, 0.0, 0.0, 0.0, 0.0, 0.0, 0.0]",71136,175100,N3,dismiss,-0.3,ts,2273,1
"[0.9285714285714285, -0.9285714285714285, -0.4172461752433937, 0.015723270440251572, -0.4647887323943662, 0.0, 0.0, 0.0, 1.0, 0.7623329170290025, 1.0, 0.0, 0.0, 0.0, 0.0, 0.0, 0.0, 0.0]",87864,57279,N3,dismiss,-0.3,ts,1130,1
"[0.29999999999999993, -0.29999999999999993, -0.6334862385321101, 0.01904761904761905, -0.16666666666666666, 0.0, 0.0, 0.0, 1.0, 0.6636842635032897, 1.0, 0.0, 0.0, 0.0, 0.0, 0.0, 0.0, 0.0]",143384,78135,N3,dismiss,-0.3,ts,1810,1
"[0.296, -0.296, -0.24811594202898546, 0.1872791519434629, 1.0, 0.0, 0.0, 0.0, 1.0, 0.5810148785045811, 1.0, 0.0, 0.0, 0.0, 0.0, 0.0, 0.0, 0.0]",185510,107458,N3,accept,0.5072,ts,2791,1
"[0.19999999999999993, -0.19999999999999993, -0.1875, 0.0, 0.0, 0.0, 0.0, 0.0, 1.0, 0.7602860088710922, 1.0, 0.0, 0.0, 0.0, 0.0, 0.0, 0.0, 0.0]",73358,117926,N3,dismiss,-0.3,ts,842,0
"[0.6512820512820513, -0.6512820512820513, -0.34, -0.44, -0.039999999999999994, 0.0, 0.0, 0.0, 1.0, 0.7399409974278731, 1.0, 0.0, 0.0, 0.0, 0.0, 0.0, 0.0, 0.0]",135298,66862,N3,dismiss,-0.3,ts,1857,1
"[0.09999999999999996, -0.09999999999999996, 0.0, -0.1005586592178771, 0.0, 0.0, 0.0, 0.0, 1.0, 0.7598937305521247, 1.0, 0.0, 0.0, 0.0, 0.0, 0.0, 0.0, 0.0]",127521,108202,N3,dismiss,-0.3,ts,850,0
"[0.4545454545454546, -0.4545454545454546, -0.5905354919053549, -0.025139664804469275, 1.0, 0.0, 0.0, 0.0, 1.0, 0.6045651464350823, 1.0, 0.0, 0.0, 0.0, 0.0, 0.0, 0.0, 0.0]",93936,108839,N3,accept,0.6181818181818182,ts,2605,1
"[0.44, -0.44, -0.3220035778175313, 0.09333333333333334, -0.5545454545454546, 0.0, 0.0, 0.0, 1.0, 0.6735644390777678, 1.0, 0.0, 0.0, 0.0, 0.0, 0.0, 0.0, 0.0]",16728,49086,N3,dismiss,-0.3,ts,2841,1
"[0.0666666666666666, -0.0666666666666666, 0.23592419664927214, 0.0045662100456621, 0.0, 0.0, 0.0, 0.0, 1.0, 0.6983229887866603, 1.0, 0.0, 0.0, 0.0, 0.0, 0.0, 0.0, 0.0]",127690,170134,N3,dismiss,-0.3,ts,2565,0
"[0.3032258064516129, -0.3032258064516129, -0.046875, -0.002849002849002849, 0.07142857142857142, 0.0, 0.0, 0.0, 1.0, 0.817748560930307, 1.0, 0.0, 0.0, 0.0, 0.0, 0.0, 0.0, 0.0]",15686,15687,N3,dismiss,-0.3,ts,1547,0
"[0.8, -0.8, 0.13333333333333333, 0.0, 0.0, 0.0, 0.0, 0.0, 1.0, 0.9115993194259686, 1.0, 0.0, 0.0, 0.0, 0.0, 0.0, 0.0, 0.0]",190833,51605,N3,dismiss,-0.3,ts,854,0
"[0.28571428571428564, -0.28571428571428564, -0.4991652754590985, -0.12737127371273713, -0.20289855072463772, 0.0, 0.0, 0.0, 1.0, 0.6409647173201884, 1.0, 0.0, 0.0, 0.0, 0.0, 0.0, 0.0, 0.0]",76847,43089,N3,accept,0.4999999999999999,ts,1481,1
"[0.8416666666666667, -0.8416666666666667, 0.002999999999999936, 0.19083969465648856, 0.07999999999999999, 0.0, 0.0, 0.0, 1.0, 0.8919702140845298, 1.0, 0.0, 0.0, 0.0, 0.0, 0.0, 0.0, 0.0]",80035,86978,N3,dismiss,-0.3,ts,1227,1
"[0.24999999999999994, -0.24999999999999994, -0.11782032400589111, 0.014492753623188406, 0.01626016260162596, 0.0, 0.0, 0.0, 1.0, 0.7885172541022555, 1.0, 0.0, 0.0, 0.0, 0.0, 0.0, 0.0, 0.0]",108507,19869,N3,dismiss,-0.3,ts,924,1
"[0.7647058823529411, -0.7647058823529411, -0.001512401693890026, -0.09900990099009901, -0.041666666666666664, 0.0, 0.0, 0.0, 1.0, 0.9146500027499721, 1.0, 0.0, 0.0, 0.0, 0.0, 0.0, 0.0, 0.0]",65211,120787,N3,dismiss,-0.3,ts,822,1
"[0.09090909090909098, -0.09090909090909098, -0.5, 0.054878048780487805, 0.041666666666666664, 0.0, 0.0, 0.0, 1.0, 0.6298716109091275, 1.0, 0.0, 0.0, 0.0, 0.0, 0.0, 0.0, 0.0]",162867,117053,N3,dismiss,-0.3,ts,2719,1
"[0.09090909090909098, -0.09090909090909098, 0.0, 0.06515580736543909, 0.0, 0.0, 0.0, 0.0, 1.0, 0.7655544386808594, 1.0, 0.0, 0.0, 0.0, 0.0, 0.0, 0.0, 0.0]",87721,151841,N3,dismiss,-0.3,ts,1197,1
"[0.11999999999999993, -0.11999999999999993, -0.2484177215189874, 0.0028169014084507044, -0.5, 0.0, 0.0, 0.0, 1.0, 0.6205500589519365, 1.0, 0.0, 0.0, 0.0, 0.0, 0.0, 0.0, 0.0]",109421,107747,N3,dismiss,-0.3,ts,2423,1
"[0.10714285714285708, -0.10714285714285708, -0.15250637213254037, -0.3164179104477612, -0.36, 0.0, 0.0, 0.0, 1.0, 0.5899343585197165, 1.0, 0.0, 0.0, 0.0, 0.0, 0.0, 0.0, 0.0]",87090,185375,N3,dismiss,-0.3,ts,2585,1
"[0.047619047619047596, -0.047619047619047596, -0.16684045881126172, 0.0, -0.02439024390243908, 0.0, 0.0, 0.0, 1.0, 0.7039418203838728, 1.0, 0.0, 0.0, 0.0, 0.0, 0.0, 0.0, 0.0]",154624,53366,N3,dismiss,-0.3,ts,2447,1
"[0.10000000000000009, -0.10000000000000009, -0.2588235294117647, -0.975, -0.52, 0.0, 0.0, 0.0, 1.0, 0.48076478481180795, 1.0, 0.0, 0.0, 0.0, 0.0, 0.0, 0.0, 0.0]",91074,16650,N3,dismiss,-0.3,ts,1396,0
"[0.3888888888888889, -0.3888888888888889, -0.46507483962936563, 0.20416666666666666, 0.0235294117647058, 0.0, 0.0, 0.0, 1.0, 0.7029881973731301, 1.0, 0.0, 0.0, 0.0, 0.0, 0.0, 0.0, 0.0]",127487,114138,N3,accept,0.5722222222222222,ts,1531,0
"[0.2, -0.2, -0.425, -0.1678832116788321, -0.26666666666666666, 0.0, 0.0, 0.0, 1.0, 0.603526579115756, 1.0, 0.0, 0.0, 0.0, 0.0, 0.0, 0.0, 0.0]",115289,178949,N3,accept,0.43999999999999995,ts,1597,0
"[0.13888888888888887, -0.13888888888888887, -0.34867564046895355, -0.11041009463722397, 0.0, 0.0, 0.0, 0.0, 1.0, 0.6712022690137475, 1.0, 0.0, 0.0, 0.0, 0.0, 0.0, 0.0, 0.0]",103715,91957,N3,dismiss,-0.3,ts,1635,0
"[0.4545454545454546, -0.4545454545454546, -0.10071942446043164, 0.15088757396449703, 1.0, 0.0, 0.0, 0.0, 1.0, 0.6929116885886869, 1.0, 0.0, 0.0, 0.0, 0.0, 0.0, 0.0, 0.0]",108746,107588,N3,dismiss,-0.3,ts,1825,1
"[0.6666666666666666, -0.6666666666666666, 0.09717186366932572, 0.0, 0.0, 0.0, 0.0, 0.0, 1.0, 0.9050735068250562, 1.0, 0.0, 0.0, 0.0, 0.0, 0.0, 0.0, 0.0]",141749,90167,N3,dismiss,-0.3,ts,521,0
"[0.01111111111111112, -0.01111111111111112, -0.06604402935290195, -0.21518987341772153, -0.13999999999999999, 0.0, 0.0, 0.0, 1.0, 0.6403259248577577, 1.0, 0.0, 0.0, 0.0, 0.0, 0.0, 0.0, 0.0]",155616,79360,N3,dismiss,-0.3,ts,2426,0
"[0.1250000000000001, -0.1250000000000001, 0.18112094395280237, -0.014044943820224719, -0.6272727272727273, 0.0, 0.0, 0.0, 1.0, 0.6241820565587829, 1.0, 0.0, 0.0, 0.0, 0.0, 0.0, 0.0, 0.0]",87724,117054,N3,dismiss,-0.3,ts,2542,0
"[0.20000000000000004, -0.20000000000000004, -0.6972222222222223, -0.46153846153846156, -0.059999999999999984, 0.0, 0.0, 0.0, 1.0, 0.565054577528199, 1.0, 0.0, 0.0, 0.0, 0.0, 0.0, 0.0, 0.0]",51193,18528,N3,dismiss,-0.3,ts,2002,0
"[0.12499999999999993, -0.12499999999999993, -0.05891016200294561, 0.0, 0.0, 0.0, 0.0, 0.0, 1.0, 0.7741044488384916, 1.0, 0.0, 0.0, 0.0, 0.0, 0.0, 0.0, 0.0]",108507,81462,N3,dismiss,-0.3,ts,1939,0
"[0.3636363636363637, -0.3636363636363637, 0.10804174340085952, -0.08021390374331551, 0.8125, 0.0, 0.0, 0.0, 1.0, 0.6927136909281788, 1.0, 0.0, 0.0, 0.0, 0.0, 0.0, 0.0, 0.0]",162740,123439,N3,dismiss,-0.3,ts,1559,0
"[0.2, -0.2, -0.18181818181818182, 0.07122507122507123, 0.0, 0.0, 0.0, 0.0, 1.0, 0.7419415574751954, 1.0, 0.0, 0.0, 0.0, 0.0, 0.0, 0.0, 0.0]",70001,151841,N3,dismiss,-0.3,ts,988,1
"[0.30000000000000004, -0.30000000000000004, 0.03454231433506045, 0.08529411764705883, 0.25454545454545463, 0.0, 0.0, 0.0, 1.0, 0.7587558539384491, 1.0, 0.0, 0.0, 0.0, 0.0, 0.0, 0.0, 0.0]",16912,76847,N3,dismiss,-0.3,ts,1778,0
"[0.20000000000000007, -0.20000000000000007, 0.2, -0.03910614525139665, 1.0, 0.0, 0.0, 0.0, 1.0, 0.5981434951011854, 1.0, 0.0, 0.0, 0.0, 0.0, 0.0, 0.0, 0.0]",106065,31972,N3,dismiss,-0.3,ts,1378,1
"[0.44999999999999996, -0.44999999999999996, -0.43661971830985913, -0.04878048780487805, -0.48000000000000004, 0.0, 0.0, 0.0, 1.0, 0.6740751174370652, 1.0, 0.0, 0.0, 0.0, 0.0, 0.0, 0.0, 0.0]",43370,30103,N3,dismiss,-0.3,ts,2111,1
"[0.1842105263157895, -0.1842105263157895, 0.0, -0.0035335689045936395, -0.019999999999999928, 0.0, 0.0, 0.0, 1.0, 0.8104350430499354, 1.0, 0.0, 0.0, 0.0, 0.0, 0.0, 0.0, 0.0]",38840,91957,N3,accept,0.42894736842105263,ts,2593,1
"[0.06666666666666672, -0.06666666666666672, 0.0, 0.02857142857142857, 0.0, 0.0, 0.0, 0.0, 1.0, 0.7665858692054695, 1.0, 0.0, 0.0, 0.0, 0.0, 0.0, 0.0, 0.0]",56248,55915,N3,accept,0.3466666666666667,ts,2729,0
"[0.047619047619047596, -0.047619047619047596, -0.16684045881126172, 0.0, -0.02439024390243908, 0.0, 0.0, 0.0, 1.0, 0.7039418203838728, 1.0, 0.0, 0.0, 0.0, 0.0, 0.0, 0.0, 0.0]",154624,53366,N3,dismiss,-0.3,ts,2930,1
"[0.1, -0.07, -0.2697495183044316, -0.05, -0.17272727272727276, 0.0, 0.0, 0.0, 1.0, 0.63467239594446, 1.0, 0.0, 0.0, 0.0, 0.0, 0.0, 0.0, 0.0]",49082,49005,N3,dismiss,-0.3,ts,2742,0
"[0.20000000000000007, -0.20000000000000007, -0.0016666666666666904, 0.019943019943019943, -0.5, 0.0, 0.0, 0.0, 1.0, 0.7214793530593256, 1.0, 0.0, 0.0, 0.0, 0.0, 0.0, 0.0, 0.0]",15534,135483,N3,dismiss,-0.3,ts,2246,1
"[0.8571428571428572, -0.8571428571428572, 0.03755868544600939, -0.08045977011494253, -0.40384615384615385, 0.0, 0.0, 0.0, 1.0, 0.8446138733270775, 1.0, 0.0, 0.0, 0.0, 0.0, 0.0, 0.0, 0.0]",91073,91074,N3,dismiss,-0.3,ts,981,0
"[0.8, -0.8, 0.0, 1.0, 1.0, 0.0, 0.0, 0.0, 1.0, 0.6626816974221303, 1.0, 0.0, 0.0, 0.0, 0.0, 0.0, 0.0, 0.0]",51128,51605,N3,dismiss,-0.3,ts,1740,0
"[0.25000000000000006, -0.25000000000000006, 0.24608967674661097, -0.17687074829931973, 0.4117647058823529, 0.0, 0.0, 0.0, 1.0, 0.6329883469407463, 1.0, 0.0, 0.0, 0.0, 0.0, 0.0, 0.0, 0.0]",115240,86760,N3,dismiss,-0.3,ts,2794,0
"[0.06666666666666672, -0.06666666666666672, -0.16684045881126172, 0.0380952380952381, 0.0, 0.0, 0.0, 0.0, 1.0, 0.7071694114641532, 1.0, 0.0, 0.0, 0.0, 0.0, 0.0, 0.0, 0.0]",56248,115245,N3,accept,0.3466666666666667,ts,2751,1
"[0.25000000000000006, -0.25000000000000006, 0.12999999999999995, -0.518850987432675, 0.2692307692307692, 0.0, 0.0, 0.0, 1.0, 0.6344866680249548, 1.0, 0.0, 0.0, 0.0, 0.0, 0.0, 0.0, 0.0]",29970,120916,N3,dismiss,-0.3,ts,1722,1
"[0.25000000000000006, -0.25000000000000006, -0.3333333333333333, -0.1, -0.19999999999999996, 0.0, 0.0, 0.0, 1.0, 0.6656303932612582, 1.0, 0.0, 0.0, 0.0, 0.0, 0.0, 0.0, 0.0]",18330,18364,N3,dismiss,-0.3,ts,1575,1
"[0.4583333333333333, -0.4583333333333333, -0.1433260393873086, 0.22, 0.24000000000000005, 0.0, 0.0, 0.0, 1.0, 0.7386709394486253, 1.0, 0.0, 0.0, 0.0, 0.0, 0.0, 0.0, 0.0]",151789,123325,N3,accept,0.6208333333333333,ts,2475,0
"[0.09090909090909098, -0.09090909090909098, -0.16701461377870563, -0.022727272727272728, 0.0, 0.0, 0.0, 0.0, 1.0, 0.7204221880154186, 1.0, 0.0, 0.0, 0.0, 0.0, 0.0, 0.0, 0.0]",110877,174773,N3,dismiss,-0.3,ts,2368,1
"[0.13333333333333344, -0.13333333333333344, -0.18181818181818182, -0.75, -0.44000000000000006, 0.0, 0.0, 0.0, 1.0, 0.5340595765105035, 1.0, 0.0, 0.0, 0.0, 0.0, 0.0, 0.0, 0.0]",18239,79461,N3,dismiss,-0.3,ts,668,0
"[0.09999999999999996, -0.09999999999999996, 0.0, -0.2, -0.44000000000000006, 0.0, 0.0, 0.0, 1.0, 0.6499867020634126, 1.0, 0.0, 0.0, 0.0, 0.0, 0.0, 0.0, 0.0]",18598,155816,N3,dismiss,-0.3,ts,1973,1
"[0.15000000000000013, -0.15000000000000013, 0.12578616352201247, 0.0, -0.30000000000000004, 0.0, 0.0, 0.0, 1.0, 0.6931568055315898, 1.0, 0.0, 0.0, 0.0, 0.0, 0.0, 0.0, 0.0]",89446,63626,N3,accept,0.4050000000000001,ts,824,1
"[0.2307692307692307, -0.2307692307692307, -0.2222222222222222, 1.0, 0.44000000000000006, 0.0, 0.0, 0.0, 1.0, 0.5277921166190855, 1.0, 0.0, 0.0, 0.0, 0.0, 0.0, 0.0, 0.0]",79461,39150,N3,dismiss,-0.3,ts,884,1
"[0.1111111111111112, -0.1111111111111112, -0.09008189262966337, 0.15579710144927536, 0.4, 0.0, 0.0, 0.0, 1.0, 0.6355529250549651, 1.0, 0.0, 0.0, 0.0, 0.0, 0.0, 0.0, 0.0]",64516,63925,N3,dismiss,-0.3,ts,530,0
"[0.5636363636363637, -0.5636363636363637, -0.16666666666666666, -0.0113314447592068, 0.42857142857142855, 0.0, 0.0, 0.0, 1.0, 0.7757728250593904, 1.0, 0.0, 0.0, 0.0, 0.0, 0.0, 0.0, 0.0]",87720,107563,N3,dismiss,-0.3,ts,2097,1
"[0.56, -0.56, -0.0009990009990009777, 0.5495049504950495, -0.4, 0.0, 0.0, 0.0, 1.0, 0.7384325320464852, 1.0, 0.0, 0.0, 0.0, 0.0, 0.0, 0.0, 0.0]",170191,169349,N3,dismiss,-0.3,ts,2659,0
"[0.8571428571428572, -0.8571428571428572, -0.762291169451074, -0.1540880503144654, -0.4507042253521127, 0.0, 0.0, 0.0, 1.0, 0.6791598849409911, 1.0, 0.0, 0.0, 0.0, 0.0, 0.0, 0.0, 0.0]",57280,117003,N3,dismiss,-0.3,ts,1274,1
"[0.11999999999999993, -0.11999999999999993, -0.051999999999999956, 0.002824858757062147, -0.07692307692307693, 0.0, 0.0, 0.0, 1.0, 0.752530796206604, 1.0, 0.0, 0.0, 0.0, 0.0, 0.0, 0.0, 0.0]",108784,109410,N3,dismiss,-0.3,ts,994,1
"[0.5525114155251142, -0.5525114155251142, -0.27429609445958214, -0.011267605633802818, -0.09999999999999998, 0.0, 0.0, 0.0, 1.0, 0.8049730218194331, 1.0, 0.0, 0.0, 0.0, 0.0, 0.0, 0.0, 0.0]",64291,105910,N3,dismiss,-0.3,ts,620,1
"[0.12499999999999988, -0.12499999999999988, -0.05176876617773943, -0.1569767441860465, 0.05, 0.0, 0.0, 0.0, 1.0, 0.7219702999396377, 1.0, 0.0, 0.0, 0.0, 0.0, 0.0, 0.0, 0.0]",73628,180522,N3,dismiss,-0.3,ts,2201,1
"[0.39999999999999997, -0.39999999999999997, -0.4021650879566983, 0.11009174311926606, 0.0, 0.0, 0.0, 0.0, 1.0, 0.7440956252248083, 1.0, 0.0, 0.0, 0.0, 0.0, 0.0, 0.0, 0.0]",115244,110166,N3,dismiss,-0.3,ts,1934,1
"[0.568, -0.568, -0.6114508060033351, 0.0, 0.0, 0.0, 0.0, 0.0, 1.0, 0.7819031711023983, 1.0, 0.0, 0.0, 0.0, 0.0, 0.0, 0.0, 0.0]",49130,147468,N3,dismiss,-0.3,ts,1847,1
"[0.20000000000000007, -0.20000000000000007, -0.13397860417727964, 0.0, 0.0, 0.0, 0.0, 0.0, 1.0, 0.7758162558060495, 1.0, 0.0, 0.0, 0.0, 0.0, 0.0, 0.0, 0.0]",90181,115238,N3,dismiss,-0.3,ts,928,1
"[0.09090909090909098, -0.09090909090909098, -0.20200000000000004, 0.021875, 0.36231884057971014, 0.0, 0.0, 0.0, 1.0, 0.6336639820032149, 1.0, 0.0, 0.0, 0.0, 0.0, 0.0, 0.0, 0.0]",162892,82380,N3,dismiss,-0.3,ts,821,1
"[0.25, -0.25, 0.0, 0.0, 0.0, 0.0, 0.0, 0.0, 1.0, 0.8395893495876965, 1.0, 0.0, 0.0, 0.0, 0.0, 0.0, 0.0, 0.0]",116977,117045,N3,dismiss,-0.3,ts,1752,0
"[0.6818181818181819, -0.6818181818181819, -0.050125313283208024, 0.18840579710144928, -0.51, 0.0, 0.0, 0.0, 1.0, 0.7806619322864332, 1.0, 0.0, 0.0, 0.0, 0.0, 0.0, 0.0, 0.0]",48998,49086,N3,accept,0.7772727272727273,ts,2854,0
"[0.3333333333333333, -0.3333333333333333, -0.38748261474269824, -0.1198501872659176, -0.06666666666666667, 0.0, 0.0, 0.0, 1.0, 0.7069787857266181, 1.0, 0.0, 0.0, 0.0, 0.0, 0.0, 0.0, 0.0]",128242,156584,N3,dismiss,-0.3,ts,2939,1
"[0.0555555555555556, -0.0555555555555556, -0.16666666666666666, 0.01764705882352941, 0.0, 0.0, 0.0, 0.0, 1.0, 0.7088897221869671, 1.0, 0.0, 0.0, 0.0, 0.0, 0.0, 0.0, 0.0]",123852,107052,N3,dismiss,-0.3,ts,1473,1
"[0.28571428571428564, -0.28571428571428564, -0.16391152502910375, 0.0, 0.0, 0.0, 0.0, 0.0, 1.0, 0.7951297847750883, 1.0, 0.0, 0.0, 0.0, 0.0, 0.0, 0.0, 0.0]",93923,72623,N3,dismiss,-0.3,ts,2765,1
"[0.8571428571428572, -0.8571428571428572, 0.0, 0.0, 0.0, 0.0, 0.0, 0.0, 1.0, 0.9644999904246006, 1.0, 0.0, 0.0, 0.0, 0.0, 0.0, 0.0, 0.0]",16649,16650,N3,accept,0.8999999999999999,ts,881,0
"[0.050000000000000044, -0.050000000000000044, 0.23767935121646902, 0.28, -0.21999999999999997, 0.0, 0.0, 0.0, 1.0, 0.5753341503687988, 1.0, 0.0, 0.0, 0.0, 0.0, 0.0, 0.0, 0.0]",115984,94324,N3,dismiss,-0.3,ts,1340,0
"[0.3636363636363637, -0.3636363636363637, 0.0027777777777778173, -0.019943019943019943, 1.0, 0.0, 0.0, 0.0, 1.0, 0.7179568439356568, 1.0, 0.0, 0.0, 0.0, 0.0, 0.0, 0.0, 0.0]",30103,123439,N3,dismiss,-0.3,ts,455,0
"[0.07692307692307684, -0.07692307692307684, 0.19546247818499135, 0.0, 0.043478260869565216, 0.0, 0.0, 0.0, 1.0, 0.7015125424526868, 1.0, 0.0, 0.0, 0.0, 0.0, 0.0, 0.0, 0.0]",155844,56248,N3,dismiss,-0.3,ts,2127,0
"[0.2, -0.2, -0.8373109243697479, 0.0, 0.0, 0.0, 0.0, 0.0, 1.0, 0.660303957852938, 1.0, 0.0, 0.0, 0.0, 0.0, 0.0, 0.0, 0.0]",54201,110501,N3,dismiss,-0.3,ts,1506,1
"[0.9598214285714286, -0.9598214285714286, 0.2222222222222222, -0.6, -0.6363636363636364, 0.0, 0.0, 0.0, 1.0, 0.6888361719661423, 1.0, 0.0, 0.0, 0.0, 0.0, 0.0, 0.0, 0.0]",51061,50956,N3,dismiss,-0.3,ts,1754,1
"[0.5098039215686274, -0.5098039215686274, 0.17994100294985255, 0.11567164179104478, -0.45454545454545453, 0.0, 0.0, 0.0, 1.0, 0.7299654500475602, 1.0, 0.0, 0.0, 0.0, 0.0, 0.0, 0.0, 0.0]",120916,104684,N3,accept,0.6568627450980391,ts,1920,1
"[0.20000000000000007, -0.20000000000000007, 0.2, -0.02824858757062147, -0.07692307692307693, 0.0, 0.0, 0.0, 1.0, 0.7272631233208297, 1.0, 0.0, 0.0, 0.0, 0.0, 0.0, 0.0, 0.0]",108743,31975,N3,accept,0.44000000000000006,ts,1498,0
"[0.1876923076923077, -0.1876923076923077, -0.4022617124394184, -0.024464831804281346, 0.16666666666666666, 0.0, 0.0, 0.0, 1.0, 0.6583592127879007, 1.0, 0.0, 0.0, 0.0, 0.0, 0.0, 0.0, 0.0]",63891,130294,N3,dismiss,-0.3,ts,826,1
"[0.2777777777777778, -0.2777777777777778, -0.02328288707799767, 0.1134020618556701, 0.05, 0.0, 0.0, 0.0, 1.0, 0.7947171443990272, 1.0, 0.0, 0.0, 0.0, 0.0, 0.0, 0.0, 0.0]",139804,78130,N3,accept,0.49444444444444446,ts,2441,1
"[0.24999999999999992, -0.24999999999999992, 0.19068162208800685, -0.27325581395348836, 0.0, 0.0, 0.0, 0.0, 1.0, 0.7130201955158844, 1.0, 0.0, 0.0, 0.0, 0.0, 0.0, 0.0, 0.0]",73628,71136,N3,dismiss,-0.3,ts,531,0
"[0.14, -0.14, -0.31562500000000004, 0.030303030303030304, 0.0, 0.0, 0.0, 0.0, 1.0, 0.6993060113850216, 1.0, 0.0, 0.0, 0.0, 0.0, 0.0, 0.0, 0.0]",106755,69993,N3,dismiss,-0.3,ts,1318,0
"[0.47058823529411764, -0.47058823529411764, 0.15384615384615385, 0.0, 0.0, 0.0, 0.0, 0.0, 1.0, 0.8490503635579928, 1.0, 0.0, 0.0, 0.0, 0.0, 0.0, 0.0, 0.0]",156353,18570,N3,dismiss,-0.3,ts,874,0
"[0.09090909090909098, -0.09090909090909098, -0.5940460081190798, 0.02346041055718475, -0.041666666666666664, 0.0, 0.0, 0.0, 1.0, 0.6259727190662374, 1.0, 0.0, 0.0, 0.0, 0.0, 0.0, 0.0, 0.0]",30023,57106,N3,dismiss,-0.3,ts,651,1
"[0.07692307692307684, -0.07692307692307684, -0.1872881355932203, 0.4411764705882353, -0.2916666666666667, 0.0, 0.0, 0.0, 1.0, 0.5620114161518501, 1.0, 0.0, 0.0, 0.0, 0.0, 0.0, 0.0, 0.0]",92709,115240,N3,dismiss,-0.3,ts,1681,1
"[0.6136363636363636, -0.6136363636363636, 0.22448979591836735, -0.5661971830985916, -0.5818181818181819, 0.0, 0.0, 0.0, 1.0, 0.6543752726498029, 1.0, 0.0, 0.0, 0.0, 0.0, 0.0, 0.0, 0.0]",123023,142262,N3,accept,0.7295454545454545,ts,2270,1
"[0.39999999999999997, -0.39999999999999997, 0.0, -0.32, -0.12000000000000002, 0.0, 0.0, 0.0, 1.0, 0.7813504345159491, 1.0, 0.0, 0.0, 0.0, 0.0, 0.0, 0.0, 0.0]",71728,50997,N3,dismiss,-0.3,ts,1411,1
"[0.13888888888888887, -0.13888888888888887, -0.34867564046895355, -0.11041009463722397, 0.0, 0.0, 0.0, 0.0, 1.0, 0.6712022690137475, 1.0, 0.0, 0.0, 0.0, 0.0, 0.0, 0.0, 0.0]",103715,91957,N3,dismiss,-0.3,ts,2478,0
"[0.8088235294117647, -0.8088235294117647, 0.0, -0.44224422442244227, 0.4166666666666667, 0.0, 0.0, 0.0, 1.0, 0.7865403711978651, 1.0, 0.0, 0.0, 0.0, 0.0, 0.0, 0.0, 0.0]",65211,61360,N3,dismiss,-0.3,ts,1226,1
"[0.75, -0.75, -0.3485838779956427, -0.22727272727272727, -0.7, 0.0, 0.0, 0.0, 1.0, 0.6841240246088105, 1.0, 0.0, 0.0, 0.0, 0.0, 0.0, 0.0, 0.0]",135617,134921,N3,dismiss,-0.3,ts,1208,1
"[0.16000000000000003, -0.16000000000000003, 0.06048982000590136, -0.4169611307420495, 0.08333333333333333, 0.0, 0.0, 0.0, 1.0, 0.6782079465127508, 1.0, 0.0, 0.0, 0.0, 0.0, 0.0, 0.0, 0.0]",134112,179649,N3,dismiss,-0.3,ts,2417,0
"[0.14, -0.14, -0.02666666666666673, 0.0625, -0.1, 0.0, 0.0, 0.0, 1.0, 0.7465385609804288, 1.0, 0.0, 0.0, 0.0, 0.0, 0.0, 0.0, 0.0]",141632,69993,N3,dismiss,-0.3,ts,1774,0
"[0.06666666666666672, -0.06666666666666672, -0.3463263194204898, -0.21467391304347827, -0.2727272727272727, 0.0, 0.0, 0.0, 1.0, 0.5595432285998415, 1.0, 0.0, 0.0, 0.0, 0.0, 0.0, 0.0, 0.0]",71447,105432,N3,dismiss,-0.3,ts,2109,1
"[0.25, -0.25, -0.04767184035476715, -0.02768166089965398, 0.07692307692307693, 0.0, 0.0, 0.0, 1.0, 0.7919332280675359, 1.0, 0.0, 0.0, 0.0, 0.0, 0.0, 0.0, 0.0]",179676,21089,N3,accept,0.475,ts,1152,1
"[0.20000000000000007, -0.20000000000000007, 0.14000000000000007, -0.036619718309859155, 0.0, 0.0, 0.0, 0.0, 1.0, 0.7633916428325723, 1.0, 0.0, 0.0, 0.0, 0.0, 0.0, 0.0, 0.0]",123018,107170,N3,dismiss,-0.3,ts,1280,1
"[0.3500000000000001, -0.3500000000000001, 0.0, -0.3611111111111111, 0.043478260869565216, 0.0, 0.0, 0.0, 1.0, 0.7807457601820568, 1.0, 0.0, 0.0, 0.0, 0.0, 0.0, 0.0, 0.0]",110121,48548,N3,dismiss,-0.3,ts,960,0
"[0.1200000000000001, -0.1200000000000001, 0.1455847255369929, -0.10979228486646884, -0.040000000000000036, 0.0, 0.0, 0.0, 1.0, 0.7028933119434595, 1.0, 0.0, 0.0, 0.0, 0.0, 0.0, 0.0, 0.0]",57278,59424,N3,dismiss,-0.3,ts,2478,0
"[0.11458333333333333, -0.11458333333333333, 0.0, -0.6041131105398457, -0.8083333333333332, 0.0, 0.0, 0.0, 1.0, 0.5671434991422036, 1.0, 0.0, 0.0, 0.0, 0.0, 0.0, 0.0, 0.0]",107588,142262,N3,dismiss,-0.3,ts,2349,0
"[0.8571428571428572, -0.8571428571428572, 0.05800000000000001, 0.054901960784313725, 0.0, 0.0, 0.0, 0.0, 1.0, 0.9269965060246893, 1.0, 0.0, 0.0, 0.0, 0.0, 0.0, 0.0, 0.0]",116982,117003,N3,dismiss,-0.3,ts,432,0
"[0.5, -0.5, 0.08803088803088809, -0.5691489361702128, 0.4, 0.0, 0.0, 0.0, 1.0, 0.6919543971253405, 1.0, 0.0, 0.0, 0.0, 0.0, 0.0, 0.0, 0.0]",19611,154734,N3,dismiss,-0.3,ts,1375,0
"[0.02500000000000002, -0.02500000000000002, -0.1863303498779495, -0.2, -0.12000000000000002, 0.0, 0.0, 0.0, 1.0, 0.6156925813588408, 1.0, 0.0, 0.0, 0.0, 0.0, 0.0, 0.0, 0.0]",130425,62503,N3,dismiss,-0.3,ts,1019,0
"[0.5636363636363637, -0.5636363636363637, -0.10601265822784818, -0.030726256983240222, 0.5714285714285714, 0.0, 0.0, 0.0, 1.0, 0.7728563055873505, 1.0, 0.0, 0.0, 0.0, 0.0, 0.0, 0.0, 0.0]",111011,108828,N3,dismiss,-0.3,ts,2985,1
"[0.11999999999999998, -0.11999999999999998, -0.2654424040066778, -0.4111111111111111, -0.039999999999999994, 0.0, 0.0, 0.0, 1.0, 0.6165226491381179, 1.0, 0.0, 0.0, 0.0, 0.0, 0.0, 0.0, 0.0]",33289,122719,N3,dismiss,-0.3,ts,967,1
"[0.6333333333333333, -0.6333333333333333, -0.214248297537978, -0.5579631635969664, 1.0, 0.0, 0.0, 0.0, 1.0, 0.616062279127061, 1.0, 0.0, 0.0, 0.0, 0.0, 0.0, 0.0, 0.0]",185512,89764,N3,dismiss,-0.3,ts,1570,1
"[0.0384615384615385, -0.0384615384615385, 0.22897483118477596, 0.02976190476190476, 0.05999999999999996, 0.0, 0.0, 0.0, 1.0, 0.6652929903136966, 1.0, 0.0, 0.0, 0.0, 0.0, 0.0, 0.0, 0.0]",143094,87100,N3,dismiss,-0.3,ts,1573,0
"[0.2800000000000001, -0.2800000000000001, -0.06526468455402455, 0.0, 0.0, 0.0, 0.0, 0.0, 1.0, 0.824758751469044, 1.0, 0.0, 0.0, 0.0, 0.0, 0.0, 0.0, 0.0]",141766,90178,N3,dismiss,-0.3,ts,1413,1
"[0.15999999999999998, -0.15999999999999998, -0.0667779632721202, 0.0, 0.0, 0.0, 0.0, 0.0, 1.0, 0.7838696440013408, 1.0, 0.0, 0.0, 0.0, 0.0, 0.0, 0.0, 0.0]",16729,16731,N3,dismiss,-0.3,ts,1366,0
"[0.5599999999999999, -0.5599999999999999, -0.1018907563025209, -0.059782608695652176, -0.07142857142857142, 0.0, 0.0, 0.0, 1.0, 0.8477079830211879, 1.0, 0.0, 0.0, 0.0, 0.0, 0.0, 0.0, 0.0]",87447,85283,N3,accept,0.692,ts,2688,1
"[0.7, -0.7, -0.3485838779956427, 0.24770642201834864, -0.9722222222222222, 0.0, 0.0, 0.0, 1.0, 0.6579082366698619, 1.0, 0.0, 0.0, 0.0, 0.0, 0.0, 0.0, 0.0]",164354,134921,N3,dismiss,-0.3,ts,1102,1
"[0.25, -0.25, 0.09090909090909091, -0.32456140350877194, -0.10500000000000007, 0.0, 0.0, 0.0, 1.0, 0.706303156982304, 1.0, 0.0, 0.0, 0.0, 0.0, 0.0, 0.0, 0.0]",123778,165914,N3,accept,0.475,ts,1882,0
"[0.8151260504201681, -0.8151260504201681, -0.05657142857142848, 0.6068702290076335, 0.12, 0.0, 0.0, 0.0, 1.0, 0.8012727928417634, 1.0, 0.0, 0.0, 0.0, 0.0, 0.0, 0.0, 0.0]",104682,61314,N3,dismiss,-0.3,ts,592,0
"[0.35000000000000003, -0.35000000000000003, 0.027816411682892905, -0.45103857566765576, -0.5, 0.0, 0.0, 0.0, 1.0, 0.6756055460954731, 1.0, 0.0, 0.0, 0.0, 0.0, 0.0, 0.0, 0.0]",87402,175208,N3,dismiss,-0.3,ts,1638,0
"[0.5636363636363637, -0.5636363636363637, -0.5588235294117647, -0.01977401129943503, 0.6923076923076923, 0.0, 0.0, 0.0, 1.0, 0.6693281048878759, 1.0, 0.0, 0.0, 0.0, 0.0, 0.0, 0.0, 0.0]",108741,107659,N3,dismiss,-0.3,ts,1032,1
"[0.076923076923077, -0.076923076923077, 0.0, 0.0, 0.0, 0.0, 0.0, 0.0, 1.0, 0.7787188164556538, 1.0, 0.0, 0.0, 0.0, 0.0, 0.0, 0.0, 0.0]",93850,174745,N3,accept,0.35384615384615387,ts,1254,0
"[0.8705882352941177, -0.8705882352941177, -0.0009990009990009777, 1.0, -0.6666666666666666, 0.0, 0.0, 0.0, 1.0, 0.7123563777849677, 1.0, 0.0, 0.0, 0.0, 0.0, 0.0, 0.0, 0.0]",170190,169349,N3,dismiss,-0.3,ts,1779,1
"[0.22222222222222215, -0.22222222222222215, 0.11641443538998836, 0.8041237113402062, -0.15, 0.0, 0.0, 0.0, 1.0, 0.6299944825946722, 1.0, 0.0, 0.0, 0.0, 0.0, 0.0, 0.0, 0.0]",139804,78003,N3,dismiss,-0.3,ts,980,1
"[0.18367346938775517, -0.18367346938775517, 0.036941023979261196, 0.018518518518518517, -0.2, 0.0, 0.0, 0.0, 1.0, 0.7480364718973675, 1.0, 0.0, 0.0, 0.0, 0.0, 0.0, 0.0, 0.0]",135548,106755,N3,accept,0.4285714285714286,ts,1637,1
"[0.2857142857142857, -0.2857142857142857, -0.0726817042606516, -0.040983606557377046, -0.05263157894736842, 0.0, 0.0, 0.0, 1.0, 0.7971817523519913, 1.0, 0.0, 0.0, 0.0, 0.0, 0.0, 0.0, 0.0]",185563,115299,N3,dismiss,-0.3,ts,978,1
"[0.722689075630252, -0.722689075630252, 0.0, 0.31297709923664124, 0.08, 0.0, 0.0, 0.0, 1.0, 0.856706738400751, 1.0, 0.0, 0.0, 0.0, 0.0, 0.0, 0.0, 0.0]",104682,169335,N3,dismiss,-0.3,ts,1999,0
"[0.4814814814814815, -0.4814814814814815, 0.20678513731825532, -0.28923076923076924, 0.125, 0.0, 0.0, 0.0, 1.0, 0.7377621693157228, 1.0, 0.0, 0.0, 0.0, 0.0, 0.0, 0.0, 0.0]",41414,20077,N3,dismiss,-0.3,ts,440,1
"[0.5215311004784688, -0.5215311004784688, -0.19849999999999995, -0.8859934853420195, -0.27999999999999997, 0.0, 0.0, 0.0, 1.0, 0.6591531334939468, 1.0, 0.0, 0.0, 0.0, 0.0, 0.0, 0.0, 0.0]",69980,115984,N3,dismiss,-0.3,ts,2388,1
"[0.16000000000000003, -0.16000000000000003, 0.06048982000590136, -0.4169611307420495, 0.08333333333333333, 0.0, 0.0, 0.0, 1.0, 0.6782079465127508, 1.0, 0.0, 0.0, 0.0, 0.0, 0.0, 0.0, 0.0]",134112,179649,N3,accept,0.41200000000000003,ts,1218,1
"[0.1428571428571428, -0.1428571428571428, 0.0, -0.75, -0.44000000000000006, 0.0, 0.0, 0.0, 1.0, 0.5984532043847945, 1.0, 0.0, 0.0, 0.0, 0.0, 0.0, 0.0, 0.0]",50807,81128,N3,dismiss,-0.3,ts,2625,1
"[0.1250000000000001, -0.1250000000000001, 0.16218749999999993, 0.0, 0.0, 0.0, 0.0, 0.0, 1.0, 0.7409291148542603, 1.0, 0.0, 0.0, 0.0, 0.0, 0.0, 0.0, 0.0]",57061,55412,N3,dismiss,-0.3,ts,1962,0
"[0.25, -0.25, -0.3076404494382023, -0.0024271844660194173, 0.0, 0.0, 0.0, 0.0, 1.0, 0.7469607690022103, 1.0, 0.0, 0.0, 0.0, 0.0, 0.0, 0.0, 0.0]",70069,189231,N3,accept,0.475,ts,2906,0
"[0.1250000000000001, -0.1250000000000001, 0.1772262773722628, 0.0, 0.0, 0.0, 0.0, 0.0, 1.0, 0.7366447804514437, 1.0, 0.0, 0.0, 0.0, 0.0, 0.0, 0.0, 0.0]",29519,55348,N3,dismiss,-0.3,ts,839,0
"[0.648, -0.648, -0.2790439132851583, 0.12, 1.0, 0.0, 0.0, 0.0, 1.0, 0.6745903647774485, 1.0, 0.0, 0.0, 0.0, 0.0, 0.0, 0.0, 0.0]",183166,107458,N3,dismiss,-0.3,ts,2993,1
"[0.85, -0.85, -0.24349999999999997, 0.0, 0.0, 0.0, 0.0, 0.0, 1.0, 0.8866801639081674, 1.0, 0.0, 0.0, 0.0, 0.0, 0.0, 0.0, 0.0]",112476,90167,N3,dismiss,-0.3,ts,2908,1
"[0.2, -0.2, -0.1442857142857143, -0.6038961038961039, 0.35714285714285715, 0.0, 0.0, 0.0, 1.0, 0.5909545125854885, 1.0, 0.0, 0.0, 0.0, 0.0, 0.0, 0.0, 0.0]",55744,185524,N3,accept,0.43999999999999995,ts,2102,1
"[0.55, -0.55, 0.0, 0.006872852233676976, 0.0, 0.0, 0.0, 0.0, 1.0, 0.9173977756641208, 1.0, 0.0, 0.0, 0.0, 0.0, 0.0, 0.0, 0.0]",106148,106147,N3,dismiss,-0.3,ts,760,0
"[0.05737704918032792, -0.05737704918032792, -0.4473409801876955, 0.011527377521613832, -0.19540229885057464, 0.0, 0.0, 0.0, 1.0, 0.6012691354747454, 1.0, 0.0, 0.0, 0.0, 0.0, 0.0, 0.0, 0.0]",54573,39517,N3,dismiss,-0.3,ts,720,1
"[0.06666666666666665, -0.06666666666666665, 0.11560693641618497, 0.0, 0.0, 0.0, 0.0, 0.0, 1.0, 0.7336309436321661, 1.0, 0.0, 0.0, 0.0, 0.0, 0.0, 0.0, 0.0]",16722,16725,N3,accept,0.3466666666666666,ts,1209,1
"[0.6256684491978609, -0.6256684491978609, -0.18181818181818182, -0.5586206896551724, -0.2, 0.0, 0.0, 0.0, 1.0, 0.7222873483462429, 1.0, 0.0, 0.0, 0.0, 0.0, 0.0, 0.0, 0.0]",151787,30711,N3,dismiss,-0.3,ts,1500,1
"[0.12499999999999988, -0.12499999999999988, -0.28928665438273227, 0.15789473684210525, -0.05263157894736842, 0.0, 0.0, 0.0, 1.0, 0.6528679345437123, 1.0, 0.0, 0.0, 0.0, 0.0, 0.0, 0.0, 0.0]",155625,170134,N3,accept,0.3874999999999999,ts,1982,0
"[0.6875, -0.6875, 0.1547058823529411, 1.0, 0.8333333333333334, 0.0, 0.0, 0.0, 1.0, 0.6216248415072391, 1.0, 0.0, 0.0, 0.0, 0.0, 0.0, 0.0, 0.0]",18437,90181,N3,dismiss,-0.3,ts,2491,0
"[0.041666666666666574, -0.041666666666666574, -0.6251673360107095, 0.6536796536796536, -0.2962962962962963, 0.0, 0.0, 0.0, 1.0, 0.4464002989034202, 1.0, 0.0, 0.0, 0.0, 0.0, 0.0, 0.0, 0.0]",20077,103705,N3,dismiss,-0.3,ts,1519,1
"[0.0555555555555556, -0.0555555555555556, -0.16666666666666666, 0.01764705882352941, 0.0, 0.0, 0.0, 0.0, 1.0, 0.7088897221869671, 1.0, 0.0, 0.0, 0.0, 0.0, 0.0, 0.0, 0.0]",123852,105724,N3,dismiss,-0.3,ts,1047,0
"[0.02500000000000002, -0.02500000000000002, 0.20627261761158033, -0.06, -0.039999999999999994, 0.0, 0.0, 0.0, 1.0, 0.6632687757964634, 1.0, 0.0, 0.0, 0.0, 0.0, 0.0, 0.0, 0.0]",151774,62540,N3,dismiss,-0.3,ts,828,0
"[0.28571428571428564, -0.28571428571428564, -0.4612523248605084, -0.1, -0.12000000000000002, 0.0, 0.0, 0.0, 1.0, 0.6713399049502052, 1.0, 0.0, 0.0, 0.0, 0.0, 0.0, 0.0, 0.0]",81570,81996,N3,dismiss,-0.3,ts,2963,1
"[0.11999999999999993, -0.11999999999999993, -0.2616033755274262, 0.0, -0.08333333333333333, 0.0, 0.0, 0.0, 1.0, 0.6900159001856073, 1.0, 0.0, 0.0, 0.0, 0.0, 0.0, 0.0, 0.0]",109421,123005,N3,dismiss,-0.3,ts,1015,1
"[0.20000000000000007, -0.20000000000000007, -0.4595833333333333, -0.0918918918918919, 1.0, 0.0, 0.0, 0.0, 1.0, 0.5404319134665907, 1.0, 0.0, 0.0, 0.0, 0.0, 0.0, 0.0, 0.0]",107308,107554,N3,dismiss,-0.3,ts,1834,1
"[0.825, -0.825, 0.11799999999999997, 0.0, 0.0, 0.0, 0.0, 0.0, 1.0, 0.9191414035083163, 1.0, 0.0, 0.0, 0.0, 0.0, 0.0, 0.0, 0.0]",40487,16731,N3,dismiss,-0.3,ts,1917,1
"[0.9352941176470587, -0.9352941176470587, -0.001497753369945139, 1.0, -0.29411764705882354, 0.0, 0.0, 0.0, 1.0, 0.7544570723510369, 1.0, 0.0, 0.0, 0.0, 0.0, 0.0, 0.0, 0.0]",107861,169349,N3,accept,0.9547058823529411,ts,1014,1
"[0.3, -0.3, -0.28, 0.0, 0.0, 0.0, 0.0, 0.0, 1.0, 0.769716564082265, 1.0, 0.0, 0.0, 0.0, 0.0, 0.0, 0.0, 0.0]",69485,50807,N3,dismiss,-0.3,ts,2894,0
"[0.25, -0.25, 0.2124062031015508, 0.001215066828675577, 0.0, 0.0, 0.0, 0.0, 1.0, 0.7700037600548302, 1.0, 0.0, 0.0, 0.0, 0.0, 0.0, 0.0, 0.0]",30337,15457,N3,dismiss,-0.3,ts,1148,0
"[0.3636363636363637, -0.3636363636363637, -0.056651017214397456, -0.002840909090909091, 0.16666666666666666, 0.0, 0.0, 0.0, 1.0, 0.8094824635768882, 1.0, 0.0, 0.0, 0.0, 0.0, 0.0, 0.0, 0.0]",74281,74278,N3,dismiss,-0.3,ts,1519,0
"[0.24999999999999997, -0.24999999999999997, -0.4117647058823529, 0.0, 0.0, 0.0, 0.0, 0.0, 1.0, 0.7273653355460075, 1.0, 0.0, 0.0, 0.0, 0.0, 0.0, 0.0, 0.0]",51607,174753,N3,dismiss,-0.3,ts,2938,0
"[0.41176470588235287, -0.41176470588235287, -0.10614525139664797, 0.12, 0.24, 0.0, 0.0, 0.0, 1.0, 0.7599295455936875, 1.0, 0.0, 0.0, 0.0, 0.0, 0.0, 0.0, 0.0]",63626,58615,N3,dismiss,-0.3,ts,2894,0
"[0.25, -0.25, -0.04767184035476715, -0.02768166089965398, 0.07692307692307693, 0.0, 0.0, 0.0, 1.0, 0.7919332280675359, 1.0, 0.0, 0.0, 0.0, 0.0, 0.0, 0.0, 0.0]",179676,21089,N3,dismiss,-0.3,ts,1430,1
"[0.04494382022471914, -0.04494382022471914, -0.2535714285714286, -0.08064516129032258, 0.0, 0.0, 0.0, 0.0, 1.0, 0.6649279362905083, 1.0, 0.0, 0.0, 0.0, 0.0, 0.0, 0.0, 0.0]",79360,18005,N3,accept,0.3314606741573034,ts,1125,0
"[0.3571428571428571, -0.3571428571428571, -0.5704295704295704, 0.002849002849002849, 0.74, 0.0, 0.0, 0.0, 1.0, 0.6196365047092418, 1.0, 0.0, 0.0, 0.0, 0.0, 0.0, 0.0, 0.0]",117054,105899,N3,accept,0.5499999999999999,ts,2096,1
"[0.10714285714285708, -0.10714285714285708, -0.5499323410013532, -0.38366336633663367, -0.28, 0.0, 0.0, 0.0, 1.0, 0.5117386411272438, 1.0, 0.0, 0.0, 0.0, 0.0, 0.0, 0.0, 0.0]",81395,52481,N3,dismiss,-0.3,ts,2255,1
"[0.4444444444444445, -0.4444444444444445, -0.14340918849291542, -0.056666666666666664, -0.09090909090909091, 0.0, 0.0, 0.0, 1.0, 0.8048162332584889, 1.0, 0.0, 0.0, 0.0, 0.0, 0.0, 0.0, 0.0]",141734,49000,N3,dismiss,-0.3,ts,2333,1
"[0.25, -0.25, 0.0, -0.008595988538681949, 0.08695652173913043, 0.0, 0.0, 0.0, 1.0, 0.8130880893622596, 1.0, 0.0, 0.0, 0.0, 0.0, 0.0, 0.0, 0.0]",57106,117045,N3,dismiss,-0.3,ts,1255,0
"[0.9228571428571429, -0.9228571428571429, -0.2761430511543685, 0.09016393442622951, -0.4583333333333333, 0.0, 0.0, 0.0, 1.0, 0.770830210491008, 1.0, 0.0, 0.0, 0.0, 0.0, 0.0, 0.0, 0.0]",81541,128247,N3,accept,0.946,ts,2389,0
"[0.23456790123456794, -0.23456790123456794, -0.09499192245557343, 0.07692307692307693, 0.041666666666666664, 0.0, 0.0, 0.0, 1.0, 0.7665159582107459, 1.0, 0.0, 0.0, 0.0, 0.0, 0.0, 0.0, 0.0]",41414,89602,N3,dismiss,-0.3,ts,1892,1
"[0.4, -0.28, -0.2697495183044316, -0.18333333333333332, 1.0, 0.0, 0.0, 0.0, 1.0, 0.586722181322074, 1.0, 0.0, 0.0, 0.0, 0.0, 0.0, 0.0, 0.0]",16718,42569,N3,dismiss,-0.3,ts,1002,0
"[0.4444444444444445, -0.4444444444444445, 0.10401459854014582, -0.54, -0.6, 0.0, 0.0, 0.0, 1.0, 0.6542508615673612, 1.0, 0.0, 0.0, 0.0, 0.0, 0.0, 0.0, 0.0]",169353,132873,N3,dismiss,-0.3,ts,488,0
"[0.4444444444444445, -0.4444444444444445, 0.21404682274247488, -0.6984126984126984, -0.58, 0.0, 0.0, 0.0, 1.0, 0.610175897468082, 1.0, 0.0, 0.0, 0.0, 0.0, 0.0, 0.0, 0.0]",19676,132873,N3,dismiss,-0.3,ts,1157,0
"[0.08163265306122446, -0.08163265306122446, 0.0817610062893081, 0.002849002849002849, 0.08333333333333329, 0.0, 0.0, 0.0, 1.0, 0.7264097091680045, 1.0, 0.0, 0.0, 0.0, 0.0, 0.0, 0.0, 0.0]",105872,105899,N3,dismiss,-0.3,ts,2373,0
"[0.1250000000000001, -0.1250000000000001, 0.16218749999999993, 0.0, 0.0, 0.0, 0.0, 0.0, 1.0, 0.7409291148542603, 1.0, 0.0, 0.0, 0.0, 0.0, 0.0, 0.0, 0.0]",57061,55412,N3,dismiss,-0.3,ts,1146,0
"[0.2, -0.2, 0.10110110110110104, -0.6043478260869565, 0.05263157894736842, 0.0, 0.0, 0.0, 1.0, 0.6660152152276981, 1.0, 0.0, 0.0, 0.0, 0.0, 0.0, 0.0, 0.0]",191334,127600,N3,dismiss,-0.3,ts,2993,0
"[0.11999999999999993, -0.11999999999999993, 0.043478260869565216, 0.23674911660777384, -0.20212765957446813, 0.0, 0.0, 0.0, 1.0, 0.671407612200465, 1.0, 0.0, 0.0, 0.0, 0.0, 0.0, 0.0, 0.0]",185510,30105,N3,dismiss,-0.3,ts,1694,1
"[0.8, -0.8, 0.0, 1.0, 1.0, 0.0, 0.0, 0.0, 1.0, 0.6626816974221303, 1.0, 0.0, 0.0, 0.0, 0.0, 0.0, 0.0, 0.0]",51128,51605,N3,dismiss,-0.3,ts,469,0
"[0.5599999999999999, -0.5599999999999999, 0.1733193277310925, -0.03260869565217391, -0.21428571428571427, 0.0, 0.0, 0.0, 1.0, 0.8011098453972897, 1.0, 0.0, 0.0, 0.0, 0.0, 0.0, 0.0, 0.0]",87447,85282,N3,dismiss,-0.3,ts,1459,0
"[0.2380952380952381, -0.2380952380952381, -0.291970802919708, 0.0, 0.0, 0.0, 0.0, 0.0, 1.0, 0.7472128890509149, 1.0, 0.0, 0.0, 0.0, 0.0, 0.0, 0.0, 0.0]",154624,108507,N3,accept,0.4666666666666667,ts,2672,1
"[0.648, -0.648, 0.12880765883376852, 0.20863309352517986, 1.0, 0.0, 0.0, 0.0, 1.0, 0.693548136379965, 1.0, 0.0, 0.0, 0.0, 0.0, 0.0, 0.0, 0.0]",185576,107458,N3,dismiss,-0.3,ts,652,1
"[0.2, -0.2, -0.425, -0.1678832116788321, -0.26666666666666666, 0.0, 0.0, 0.0, 1.0, 0.603526579115756, 1.0, 0.0, 0.0, 0.0, 0.0, 0.0, 0.0, 0.0]",115289,178949,N3,dismiss,-0.3,ts,2611,0
"[0.3333333333333333, -0.3333333333333333, -0.48406676783004554, -0.44761904761904764, -0.6129032258064516, 0.0, 0.0, 0.0, 1.0, 0.546792220645576, 1.0, 0.0, 0.0, 0.0, 0.0, 0.0, 0.0, 0.0]",170138,175100,N3,dismiss,-0.3,ts,1741,0
"[0.25, -0.25, -0.24812030075187969, 0.0581039755351682, 0.32978723404255317, 0.0, 0.0, 0.0, 1.0, 0.6724565857057285, 1.0, 0.0, 0.0, 0.0, 0.0, 0.0, 0.0, 0.0]",82380,117045,N3,accept,0.475,ts,1292,0
"[0.3636363636363637, -0.3636363636363637, 0.0, 0.016713091922005572, 0.25, 0.0, 0.0, 0.0, 1.0, 0.8103249790259089, 1.0, 0.0, 0.0, 0.0, 0.0, 0.0, 0.0, 0.0]",123014,123174,N3,dismiss,-0.3,ts,661,0
"[0.25000000000000006, -0.25000000000000006, -0.0625, -0.34, 0.039999999999999994, 0.0, 0.0, 0.0, 1.0, 0.7305487309174494, 1.0, 0.0, 0.0, 0.0, 0.0, 0.0, 0.0, 0.0]",40998,50997,N3,dismiss,-0.3,ts,1772,1
"[0.04545454545454549, -0.04545454545454549, -0.0646666666666667, -0.008264462809917356, -0.22727272727272727, 0.0, 0.0, 0.0, 1.0, 0.6855067967400382, 1.0, 0.0, 0.0, 0.0, 0.0, 0.0, 0.0, 0.0]",138639,127487,N3,dismiss,-0.3,ts,1580,0
"[0.3647540983606557, -0.3647540983606557, 0.12447960033305587, 0.025714285714285714, 0.0, 0.0, 0.0, 0.0, 1.0, 0.8229948251690514, 1.0, 0.0, 0.0, 0.0, 0.0, 0.0, 0.0, 0.0]",64290,85287,N3,dismiss,-0.3,ts,2673,1
"[0.25, -0.25, 0.08600392413342063, 0.006075334143377886, 0.0, 0.0, 0.0, 0.0, 1.0, 0.8061722905617785, 1.0, 0.0, 0.0, 0.0, 0.0, 0.0, 0.0, 0.0]",75083,30338,N3,dismiss,-0.3,ts,2140,0
"[0.3636363636363637, -0.3636363636363637, 0.1013215859030837, 0.057971014492753624, 0.25, 0.0, 0.0, 0.0, 1.0, 0.7621489741842852, 1.0, 0.0, 0.0, 0.0, 0.0, 0.0, 0.0, 0.0]",123207,123174,N3,accept,0.5545454545454546,ts,618,0
"[0.25, -0.25, -0.24812030075187969, 0.01764705882352941, 0.13636363636363635, 0.0, 0.0, 0.0, 1.0, 0.7203456543782418, 1.0, 0.0, 0.0, 0.0, 0.0, 0.0, 0.0, 0.0]",117159,117045,N3,accept,0.475,ts,1039,0
"[0.13333333333333344, -0.13333333333333344, -0.1, -0.75, -0.44000000000000006, 0.0, 0.0, 0.0, 1.0, 0.5587769414463242, 1.0, 0.0, 0.0, 0.0, 0.0, 0.0, 0.0, 0.0]",70105,79461,N3,dismiss,-0.3,ts,1120,0
"[0.02500000000000002, -0.02500000000000002, -0.1863303498779495, -0.02, -0.07999999999999999, 0.0, 0.0, 0.0, 1.0, 0.6690903795112921, 1.0, 0.0, 0.0, 0.0, 0.0, 0.0, 0.0, 0.0]",130426,62503,N3,dismiss,-0.3,ts,2986,0
